TABLE TrkAlignStraw
0, 00_0_00, 0.252000, 0.330000, 0.331000, 0.556000, 0.009000, 0.049000, 0.218000, 0.515000
1, 00_0_01, 0.230000, 0.423000, 0.280000, 0.781000, 0.124000, -0.063000, 0.263000, 0.386000
2, 00_0_02, 0.225000, 0.360000, 0.331000, 0.613000, -0.055000, -0.020000, 0.182000, 0.477000
3, 00_0_03, 0.215000, 0.414000, 0.316000, 0.754000, 0.071000, -0.023000, 0.274000, 0.394000
4, 00_0_04, 0.249000, 0.368000, 0.288000, 0.632000, 0.018000, 0.023000, 0.267000, 0.470000
5, 00_0_05, 0.224000, 0.449000, 0.268000, 0.758000, 0.073000, -0.022000, 0.247000, 0.424000
6, 00_0_06, 0.000000, 0.000000, 0.000000, 0.000000, 0.000000, 0.000000, 0.000000, 0.000000
7, 00_0_07, 0.212000, 0.381000, 0.284000, 0.744000, 0.039000, -0.056000, 0.264000, 0.434000
8, 00_0_08, 0.246000, 0.389000, 0.325000, 0.658000, -0.081000, 0.029000, 0.146000, 0.487000
9, 00_0_09, 0.231000, 0.424000, 0.292000, 0.730000, 0.112000, -0.016000, 0.241000, 0.446000
10, 00_0_10, 0.208000, 0.416000, 0.275000, 0.671000, -0.037000, 0.009000, 0.065000, 0.412000
11, 00_0_11, 0.180000, 0.406000, 0.249000, 0.700000, 0.009000, -0.045000, 0.223000, 0.411000
12, 00_0_12, 0.233000, 0.380000, 0.295000, 0.675000, -0.047000, 0.050000, 0.161000, 0.435000
13, 00_0_13, 0.234000, 0.354000, 0.285000, 0.665000, 0.113000, 0.034000, 0.237000, 0.425000
14, 00_0_14, 0.191000, 0.427000, 0.308000, 0.628000, -0.025000, -0.007000, 0.090000, 0.357000
15, 00_0_15, 0.211000, 0.343000, 0.298000, 0.614000, 0.044000, 0.039000, 0.247000, 0.452000
16, 00_0_16, 0.249000, 0.454000, 0.304000, 0.737000, 0.036000, 0.110000, 0.203000, 0.436000
17, 00_0_17, 0.241000, 0.406000, 0.284000, 0.687000, 0.153000, 0.128000, 0.219000, 0.513000
18, 00_0_18, 0.133000, 0.454000, 0.277000, 0.660000, -0.067000, 0.061000, 0.093000, 0.386000
19, 00_0_19, 0.152000, 0.362000, 0.272000, 0.617000, 0.031000, 0.141000, 0.284000, 0.518000
20, 00_0_20, 0.156000, 0.282000, 0.269000, 0.656000, -0.025000, 0.033000, 0.051000, 0.398000
21, 00_0_21, 0.208000, 0.340000, 0.271000, 0.600000, 0.066000, 0.121000, 0.213000, 0.505000
22, 00_0_22, 0.047000, 0.365000, 0.270000, 0.668000, -0.075000, 0.026000, 0.200000, 0.377000
23, 00_0_23, 0.134000, 0.312000, 0.275000, 0.608000, 0.061000, 0.169000, 0.259000, 0.546000
24, 00_0_24, 0.073000, 0.256000, 0.288000, 0.689000, -0.050000, 0.133000, 0.118000, 0.518000
25, 00_0_25, 0.183000, 0.338000, 0.300000, 0.566000, 0.084000, 0.180000, 0.316000, 0.495000
26, 00_0_26, 0.176000, 0.447000, 0.271000, 0.669000, 0.021000, 0.183000, 0.201000, 0.401000
27, 00_0_27, 0.215000, 0.380000, 0.295000, 0.574000, 0.164000, 0.186000, 0.251000, 0.518000
28, 00_0_28, 0.203000, 0.427000, 0.323000, 0.607000, 0.114000, 0.111000, 0.223000, 0.402000
29, 00_0_29, 0.222000, 0.337000, 0.328000, 0.512000, 0.159000, 0.172000, 0.359000, 0.521000
30, 00_0_30, 0.171000, 0.437000, 0.274000, 0.668000, 0.181000, 0.083000, 0.243000, 0.405000
31, 00_0_31, 0.186000, 0.376000, 0.281000, 0.533000, 0.104000, 0.222000, 0.313000, 0.499000
32, 00_0_32, 0.099000, 0.475000, 0.287000, 0.629000, 0.026000, 0.109000, 0.325000, 0.494000
33, 00_0_33, 0.181000, 0.321000, 0.259000, 0.612000, 0.078000, 0.202000, 0.246000, 0.692000
34, 00_0_34, 0.149000, 0.412000, 0.322000, 0.551000, 0.093000, 0.208000, 0.426000, 0.463000
35, 00_0_35, 0.132000, 0.407000, 0.309000, 0.612000, 0.141000, 0.229000, 0.348000, 0.485000
36, 00_0_36, 0.160000, 0.450000, 0.258000, 0.617000, 0.174000, 0.200000, 0.237000, 0.455000
37, 00_0_37, 0.167000, 0.365000, 0.264000, 0.591000, 0.172000, 0.230000, 0.358000, 0.532000
38, 00_0_38, 0.108000, 0.418000, 0.223000, 0.691000, 0.132000, 0.200000, 0.133000, 0.511000
39, 00_0_39, 0.157000, 0.399000, 0.292000, 0.612000, 0.197000, 0.170000, 0.375000, 0.550000
40, 00_0_40, 0.206000, 0.375000, 0.327000, 0.534000, 0.264000, 0.199000, 0.393000, 0.372000
41, 00_0_41, 0.179000, 0.378000, 0.318000, 0.592000, 0.285000, 0.157000, 0.437000, 0.452000
42, 00_0_42, 0.177000, 0.415000, 0.308000, 0.552000, 0.209000, 0.134000, 0.445000, 0.618000
43, 00_0_43, 0.163000, 0.410000, 0.302000, 0.598000, 0.127000, 0.232000, 0.437000, 0.352000
44, 00_0_44, 0.187000, 0.384000, 0.283000, 0.536000, 0.199000, 0.170000, 0.171000, 0.459000
45, 00_0_45, 0.179000, 0.429000, 0.259000, 0.609000, 0.228000, 0.173000, 0.403000, 0.465000
46, 00_0_46, 0.172000, 0.395000, 0.335000, 0.538000, 0.161000, 0.205000, 0.484000, 0.331000
47, 00_0_47, 0.184000, 0.448000, 0.313000, 0.646000, 0.257000, 0.202000, 0.437000, 0.482000
48, 00_0_48, 0.139000, 0.382000, 0.316000, 0.550000, 0.146000, 0.253000, 0.250000, 0.429000
49, 00_0_49, 0.130000, 0.446000, 0.306000, 0.570000, 0.274000, 0.191000, 0.401000, 0.455000
50, 00_0_50, 0.183000, 0.400000, 0.291000, 0.585000, 0.178000, 0.213000, 0.279000, 0.474000
51, 00_0_51, 0.180000, 0.411000, 0.275000, 0.626000, 0.229000, 0.187000, 0.381000, 0.479000
52, 00_0_52, 0.175000, 0.396000, 0.338000, 0.545000, 0.184000, 0.246000, 0.461000, 0.459000
53, 00_0_53, 0.168000, 0.421000, 0.323000, 0.620000, 0.303000, 0.245000, 0.464000, 0.430000
54, 00_0_54, 0.175000, 0.399000, 0.390000, 0.545000, 0.117000, 0.168000, 0.436000, 0.462000
55, 00_0_55, 0.174000, 0.397000, 0.360000, 0.613000, 0.336000, 0.191000, 0.507000, 0.435000
56, 00_0_56, 0.114000, 0.356000, 0.192000, 0.686000, 0.117000, 0.194000, 0.417000, 0.463000
57, 00_0_57, 0.205000, 0.397000, 0.321000, 0.586000, 0.341000, 0.220000, 0.521000, 0.454000
58, 00_0_58, 0.234000, 0.371000, 0.374000, 0.474000, 0.296000, 0.266000, 0.446000, 0.429000
59, 00_0_59, 0.204000, 0.362000, 0.366000, 0.517000, 0.450000, 0.181000, 0.512000, 0.404000
60, 00_0_60, 0.213000, 0.385000, 0.363000, 0.487000, 0.191000, 0.119000, 0.515000, 0.304000
61, 00_0_61, 0.171000, 0.599000, 0.345000, 0.551000, 0.370000, 0.158000, 0.479000, 0.402000
62, 00_0_62, 0.280000, 0.365000, 0.421000, 0.515000, 0.459000, 0.243000, 0.643000, 0.331000
63, 00_0_63, 0.280000, 0.324000, 0.396000, 0.522000, 0.355000, -0.202000, 0.584000, 0.408000
64, 00_0_64, 0.200000, 0.262000, 0.394000, 0.473000, 0.288000, 0.209000, 0.635000, 0.464000
65, 00_0_65, 0.211000, 0.415000, 0.487000, 0.594000, 0.456000, 0.220000, 0.603000, 0.375000
66, 00_0_66, 0.229000, 0.310000, 0.417000, 0.491000, 0.303000, 0.214000, 0.499000, 0.419000
67, 00_0_67, 0.219000, 0.366000, 0.388000, 0.456000, 0.420000, 0.109000, 0.542000, 0.422000
68, 00_0_68, 0.230000, 0.308000, 0.423000, 0.490000, 0.384000, 0.227000, 0.605000, 0.324000
69, 00_0_69, 0.226000, 0.345000, 0.398000, 0.495000, 0.406000, 0.220000, 0.632000, 0.428000
70, 00_0_70, 0.248000, 0.344000, 0.385000, 0.489000, 0.273000, 0.148000, 0.347000, 0.312000
71, 00_0_71, 0.524000, 0.296000, 0.392000, 0.453000, 0.457000, 0.334000, 0.594000, 0.369000
72, 00_0_72, 0.266000, 0.401000, 0.454000, 0.500000, 0.460000, 0.152000, 0.649000, 0.302000
73, 00_0_73, 0.270000, 0.312000, 0.426000, 0.467000, 0.516000, 0.230000, 0.587000, 0.440000
74, 00_0_74, 0.255000, 0.381000, 0.411000, 0.505000, 0.568000, 0.177000, 0.560000, 0.246000
75, 00_0_75, 0.240000, 0.444000, 0.396000, 0.487000, 0.535000, 0.229000, 0.639000, 0.363000
76, 00_0_76, 0.276000, 0.347000, 0.434000, 0.516000, 0.387000, 0.050000, 0.537000, 0.205000
77, 00_0_77, 0.267000, 0.256000, 0.425000, 0.392000, 0.594000, 0.315000, 0.689000, 0.381000
78, 00_0_78, 0.298000, 0.325000, 0.436000, 0.460000, 0.312000, 0.175000, 0.494000, 0.227000
79, 00_0_79, 0.000000, 0.000000, 0.000000, 0.000000, 0.000000, 0.000000, 0.000000, 0.000000
80, 00_0_80, 0.293000, 0.368000, 0.472000, 0.474000, 0.355000, 0.139000, 0.416000, 0.325000
81, 00_0_81, 0.000000, 0.000000, 0.000000, 0.000000, 0.000000, 0.000000, 0.000000, 0.000000
82, 00_0_82, 0.305000, 0.337000, 0.425000, 0.372000, 0.304000, 0.258000, 0.483000, 0.342000
83, 00_0_83, 0.304000, 0.291000, 0.421000, 0.346000, 0.694000, 0.222000, 0.599000, 0.346000
84, 00_0_84, 0.309000, 0.305000, 0.436000, 0.380000, 0.295000, 0.403000, 0.503000, 0.299000
85, 00_0_85, 0.328000, 0.339000, 0.423000, 0.426000, 0.697000, 0.192000, 0.685000, 0.244000
86, 00_0_86, 0.333000, 0.302000, 0.434000, 0.404000, 0.738000, 0.267000, 0.590000, 0.246000
87, 00_0_87, 0.000000, 0.000000, 0.000000, 0.000000, 0.000000, 0.000000, 0.000000, 0.000000
88, 00_0_88, 0.373000, 0.244000, 0.474000, 0.289000, 0.465000, 0.214000, 0.614000, 0.242000
89, 00_0_89, 0.365000, 0.220000, 0.454000, 0.350000, 0.766000, 0.136000, 0.792000, 0.306000
90, 00_0_90, 0.382000, 0.300000, 0.500000, 0.357000, 0.876000, 0.274000, 0.700000, 0.201000
91, 00_0_91, 0.372000, 0.263000, 0.485000, 0.290000, 0.454000, 0.184000, 0.613000, 0.172000
92, 00_0_92, 0.349000, 0.299000, 0.517000, 0.331000, 0.359000, 0.268000, 0.454000, 0.283000
93, 00_0_93, 0.335000, 0.234000, 0.504000, 0.271000, 0.267000, 0.351000, 0.522000, 0.152000
94, 00_0_94, 0.373000, 0.234000, 0.500000, 0.288000, 0.395000, 0.244000, 0.520000, 0.166000
95, 00_0_95, 0.363000, 0.234000, 0.447000, 0.322000, 0.349000, 0.171000, 0.550000, 0.116000
96, 00_1_00, -0.371000, 0.072000, 0.010000, -0.138000, -0.413000, -0.006000, -0.205000, -0.120000
97, 00_1_01, -0.385000, 0.348000, -0.007000, 0.046000, -0.324000, -0.318000, -0.084000, -0.101000
98, 00_1_02, -0.361000, 0.095000, -0.157000, -0.335000, -0.348000, 0.050000, -0.167000, -0.183000
99, 00_1_03, -0.359000, 0.262000, -0.021000, 0.052000, -0.308000, -0.102000, -0.018000, -0.277000
100, 00_1_04, -0.330000, 0.135000, -0.024000, -0.057000, -0.408000, -0.022000, -0.094000, -0.223000
101, 00_1_05, -0.344000, 0.285000, -0.078000, 0.039000, -0.330000, -0.022000, -0.109000, -0.095000
102, 00_1_06, -0.354000, 0.173000, -0.008000, -0.069000, -0.332000, -0.032000, -0.207000, -0.149000
103, 00_1_07, -0.346000, 0.274000, -0.039000, 0.077000, -0.368000, -0.133000, -0.020000, -0.264000
104, 00_1_08, -0.334000, 0.239000, -0.031000, -0.001000, -0.243000, 0.003000, -0.138000, -0.159000
105, 00_1_09, -0.345000, 0.250000, -0.052000, 0.048000, -0.291000, 0.062000, -0.060000, -0.150000
106, 00_1_10, -0.310000, 0.245000, -0.011000, -0.013000, -0.481000, 0.072000, -0.187000, -0.164000
107, 00_1_11, -0.327000, 0.320000, -0.043000, 0.018000, -0.304000, 0.068000, 0.026000, -0.218000
108, 00_1_12, -0.336000, 0.244000, -0.013000, -0.002000, -0.343000, -0.148000, -0.167000, -0.077000
109, 00_1_13, -0.328000, 0.221000, -0.006000, -0.100000, -0.258000, 0.097000, -0.014000, -0.202000
110, 00_1_14, -0.334000, 0.251000, -0.034000, -0.052000, -0.301000, -0.057000, -0.118000, -0.273000
111, 00_1_15, -0.312000, 0.165000, -0.028000, -0.081000, -0.251000, -0.001000, -0.037000, -0.206000
112, 00_1_16, -0.340000, 0.253000, -0.046000, 0.042000, -0.354000, 0.102000, -0.163000, -0.099000
113, 00_1_17, -0.339000, 0.220000, -0.038000, -0.012000, -0.257000, 0.097000, -0.017000, -0.065000
114, 00_1_18, -0.405000, 0.379000, -0.049000, 0.077000, -0.402000, 0.100000, -0.174000, -0.147000
115, 00_1_19, -0.327000, 0.189000, -0.054000, 0.043000, -0.239000, 0.060000, -0.072000, -0.105000
116, 00_1_20, -0.358000, 0.275000, -0.040000, 0.024000, -0.272000, -0.078000, -0.136000, -0.214000
117, 00_1_21, -0.339000, 0.192000, -0.044000, -0.114000, -0.254000, 0.143000, -0.025000, -0.064000
118, 00_1_22, -0.354000, 0.271000, -0.068000, 0.051000, -0.446000, 0.019000, -0.036000, -0.218000
119, 00_1_23, -0.328000, 0.169000, -0.058000, -0.040000, -0.265000, 0.005000, -0.076000, -0.175000
120, 00_1_24, -0.337000, 0.316000, -0.036000, 0.165000, -0.399000, 0.015000, -0.155000, -0.142000
121, 00_1_25, -0.322000, 0.244000, 0.047000, 0.302000, -0.162000, 0.154000, -0.017000, -0.043000
122, 00_1_26, -0.329000, 0.333000, -0.064000, 0.035000, -0.365000, -0.007000, -0.148000, -0.130000
123, 00_1_27, -0.315000, 0.218000, -0.061000, -0.044000, -0.299000, 0.132000, -0.068000, -0.123000
124, 00_1_28, -0.342000, 0.292000, -0.063000, 0.035000, -0.459000, 0.030000, -0.090000, -0.134000
125, 00_1_29, -0.323000, 0.158000, -0.040000, -0.107000, -0.259000, 0.138000, -0.073000, -0.078000
126, 00_1_30, -0.333000, 0.262000, -0.078000, 0.050000, -0.266000, 0.015000, -0.155000, -0.146000
127, 00_1_31, -0.336000, 0.189000, -0.055000, -0.068000, -0.294000, 0.150000, -0.073000, -0.091000
128, 00_1_32, -0.322000, 0.286000, -0.049000, -0.003000, -0.382000, 0.058000, -0.093000, -0.185000
129, 00_1_33, -0.300000, 0.220000, -0.044000, -0.027000, -0.183000, 0.232000, 0.078000, -0.042000
130, 00_1_34, -0.346000, 0.289000, -0.069000, 0.057000, -0.243000, 0.114000, -0.038000, -0.165000
131, 00_1_35, -0.326000, 0.276000, -0.074000, 0.009000, -0.261000, 0.209000, -0.004000, 0.022000
132, 00_1_36, -0.334000, 0.290000, -0.106000, 0.110000, -0.291000, 0.227000, 0.039000, -0.076000
133, 00_1_37, -0.303000, 0.255000, -0.067000, -0.027000, -0.193000, 0.125000, 0.049000, -0.037000
134, 00_1_38, -0.403000, 0.370000, -0.063000, 0.082000, -0.383000, 0.161000, -0.014000, -0.108000
135, 00_1_39, -0.305000, 0.297000, -0.102000, 0.197000, -0.269000, 0.216000, 0.012000, 0.030000
136, 00_1_40, -0.204000, 0.207000, 0.024000, 0.041000, -0.212000, 0.067000, -0.065000, -0.100000
137, 00_1_41, -0.329000, -0.086000, -0.041000, -0.229000, -0.060000, 0.264000, 0.104000, -0.019000
138, 00_1_42, -0.373000, 0.120000, -0.079000, 0.095000, -0.219000, 0.198000, -0.024000, -0.150000
139, 00_1_43, -0.320000, 0.289000, -0.071000, 0.101000, -0.201000, 0.188000, -0.014000, -0.122000
140, 00_1_44, -0.313000, 0.194000, -0.046000, 0.139000, -0.237000, 0.237000, 0.044000, -0.048000
141, 00_1_45, -0.313000, 0.277000, -0.059000, 0.052000, -0.182000, 0.214000, 0.018000, -0.164000
142, 00_1_46, -0.148000, 0.248000, 0.042000, 0.018000, -0.175000, 0.251000, -0.052000, -0.112000
143, 00_1_47, -0.303000, 0.356000, -0.053000, 0.079000, -0.169000, 0.215000, 0.130000, -0.197000
144, 00_1_48, -0.106000, 0.304000, 0.041000, 0.044000, -0.093000, 0.319000, 0.023000, -0.112000
145, 00_1_49, -0.297000, 0.372000, 0.009000, 0.212000, -0.129000, 0.152000, -0.055000, -0.045000
146, 00_1_50, -0.308000, 0.337000, -0.032000, 0.128000, -0.125000, 0.188000, 0.008000, -0.075000
147, 00_1_51, -0.304000, 0.335000, -0.061000, 0.131000, -0.171000, 0.205000, 0.037000, -0.105000
148, 00_1_52, -0.135000, 0.143000, 0.102000, -0.038000, 0.159000, 0.220000, 0.009000, -0.098000
149, 00_1_53, -0.289000, 0.330000, -0.034000, 0.242000, -0.115000, 0.175000, 0.054000, -0.128000
150, 00_1_54, -0.082000, 0.267000, 0.069000, 0.087000, 0.105000, 0.170000, 0.222000, -0.144000
151, 00_1_55, -0.269000, 0.311000, -0.052000, 0.116000, -0.013000, 0.056000, 0.072000, -0.165000
152, 00_1_56, -0.286000, 0.318000, -0.041000, 0.105000, -0.096000, 0.270000, -0.056000, -0.080000
153, 00_1_57, -0.289000, 0.322000, -0.031000, -0.034000, -0.043000, 0.260000, 0.036000, -0.037000
154, 00_1_58, -0.251000, 0.274000, -0.026000, 0.007000, -0.013000, 0.245000, -0.076000, -0.151000
155, 00_1_59, -0.268000, 0.316000, -0.058000, 0.113000, -0.035000, 0.417000, 0.013000, -0.110000
156, 00_1_60, -0.078000, 0.328000, 0.091000, 0.085000, -0.110000, 0.290000, 0.155000, -0.128000
157, 00_1_61, -0.251000, 0.345000, -0.044000, 0.137000, -0.064000, 0.245000, 0.180000, -0.205000
158, 00_1_62, -0.250000, 0.251000, -0.013000, 0.066000, 0.082000, 0.304000, 0.359000, -0.134000
159, 00_1_63, -0.254000, 0.278000, -0.034000, 0.102000, -0.041000, 0.238000, 0.087000, -0.231000
160, 00_1_64, 0.005000, 0.368000, 0.111000, 0.139000, 0.008000, 0.209000, -0.019000, -0.085000
161, 00_1_65, -0.264000, 0.360000, -0.012000, 0.297000, 0.000000, 0.359000, 0.171000, -0.270000
162, 00_1_66, 0.029000, 0.248000, 0.114000, 0.134000, 0.054000, 0.275000, 0.169000, -0.127000
163, 00_1_67, -0.239000, 0.312000, -0.032000, 0.109000, -0.015000, 0.270000, 0.096000, -0.125000
164, 00_1_68, -0.244000, 0.353000, -0.009000, 0.059000, 0.113000, 0.244000, 0.005000, -0.033000
165, 00_1_69, -0.245000, 0.309000, -0.043000, 0.141000, 0.112000, 0.314000, 0.187000, -0.088000
166, 00_1_70, 0.046000, 0.368000, 0.142000, 0.151000, -0.006000, 0.168000, 0.234000, -0.022000
167, 00_1_71, -0.205000, 0.213000, -0.018000, 0.108000, 0.146000, 0.101000, 0.132000, -0.142000
168, 00_1_72, 0.103000, 0.346000, 0.135000, 0.185000, 0.286000, 0.377000, 0.052000, 0.016000
169, 00_1_73, -0.215000, 0.271000, -0.028000, 0.133000, 0.190000, 0.340000, 0.271000, 0.084000
170, 00_1_74, -0.218000, 0.322000, -0.016000, 0.190000, 0.106000, 0.446000, 0.063000, -0.006000
171, 00_1_75, -0.213000, 0.238000, -0.026000, 0.108000, -0.004000, 0.358000, 0.230000, 0.015000
172, 00_1_76, -0.199000, 0.319000, -0.029000, 0.184000, 0.150000, 0.282000, 0.080000, -0.088000
173, 00_1_77, -0.195000, 0.259000, -0.035000, 0.101000, 0.099000, 0.210000, 0.101000, -0.059000
174, 00_1_78, 0.127000, 0.275000, 0.122000, 0.252000, 0.205000, 0.222000, 0.231000, -0.027000
175, 00_1_79, -0.172000, 0.093000, -0.027000, 0.096000, -0.022000, 0.244000, 0.278000, -0.016000
176, 00_1_80, 0.065000, 0.276000, 0.143000, 0.168000, 0.082000, 0.237000, 0.219000, -0.064000
177, 00_1_81, -0.185000, 0.231000, -0.017000, 0.087000, -0.006000, 0.306000, -0.008000, -0.018000
178, 00_1_82, -0.188000, 0.310000, 0.010000, 0.140000, 0.080000, 0.233000, 0.155000, -0.111000
179, 00_1_83, -0.172000, 0.237000, 0.020000, 0.031000, -0.098000, 0.337000, 0.042000, -0.093000
180, 00_1_84, 0.032000, 0.256000, 0.152000, 0.193000, 0.010000, 0.300000, 0.110000, -0.097000
181, 00_1_85, -0.166000, 0.228000, -0.016000, 0.159000, -0.041000, 0.395000, 0.329000, -0.060000
182, 00_1_86, -0.150000, 0.288000, -0.012000, 0.159000, 0.094000, 0.294000, 0.302000, -0.092000
183, 00_1_87, -0.137000, 0.278000, -0.019000, 0.153000, 0.024000, 0.256000, -0.038000, 0.124000
184, 00_1_88, -0.156000, 0.257000, -0.003000, 0.122000, 0.202000, 0.329000, 0.067000, -0.000000
185, 00_1_89, -0.138000, 0.135000, -0.005000, 0.106000, -0.014000, 0.304000, 0.140000, -0.059000
186, 00_1_90, -0.144000, 0.297000, 0.006000, 0.170000, -0.018000, 0.306000, 0.197000, -0.086000
187, 00_1_91, -0.125000, 0.258000, -0.008000, 0.182000, -0.067000, 0.263000, 0.035000, 0.018000
188, 00_1_92, -0.121000, 0.196000, 0.038000, 0.128000, 0.072000, 0.238000, 0.264000, -0.003000
189, 00_1_93, -0.034000, 0.228000, 0.037000, 0.118000, 0.249000, 0.299000, 0.284000, 0.026000
190, 00_1_94, -0.019000, 0.196000, 0.415000, -0.036000, -0.017000, 0.269000, -0.005000, 0.102000
191, 00_1_95, -0.111000, 0.219000, 0.005000, 0.141000, -0.141000, 0.372000, -0.034000, 0.096000
192, 00_2_00, -0.281000, 0.182000, -0.230000, 0.293000, -0.347000, 0.062000, -0.288000, 0.103000
193, 00_2_01, -0.327000, 0.361000, -0.249000, 0.465000, -0.304000, -0.089000, -0.205000, 0.115000
194, 00_2_02, -0.325000, 0.189000, -0.215000, 0.348000, -0.360000, -0.015000, -0.318000, 0.113000
195, 00_2_03, -0.320000, 0.325000, -0.226000, 0.480000, -0.315000, -0.083000, -0.240000, 0.078000
196, 00_2_04, -0.326000, 0.280000, -0.202000, 0.333000, -0.444000, -0.050000, -0.374000, 0.098000
197, 00_2_05, -0.303000, 0.347000, -0.216000, 0.448000, -0.402000, -0.194000, -0.218000, -0.015000
198, 00_2_06, -0.291000, 0.238000, -0.204000, 0.409000, -0.366000, -0.068000, -0.337000, 0.178000
199, 00_2_07, -0.330000, 0.341000, -0.243000, 0.748000, -0.428000, -0.076000, -0.263000, 0.075000
200, 00_2_08, -0.285000, 0.201000, -0.233000, 0.394000, -0.472000, -0.056000, -0.356000, 0.141000
201, 00_2_09, -0.330000, 0.331000, -0.237000, 0.405000, -0.416000, -0.080000, -0.287000, 0.014000
202, 00_2_10, -0.296000, 0.241000, -0.239000, 0.377000, -0.508000, -0.101000, -0.317000, 0.125000
203, 00_2_11, -0.320000, 0.300000, -0.266000, 0.415000, -0.469000, -0.082000, -0.262000, 0.011000
204, 00_2_12, -0.307000, 0.267000, -0.198000, 0.432000, -0.488000, -0.087000, -0.428000, 0.064000
205, 00_2_13, -0.338000, 0.284000, -0.229000, 0.383000, -0.417000, -0.035000, -0.270000, 0.028000
206, 00_2_14, -0.303000, 0.239000, -0.244000, 0.402000, -0.496000, -0.205000, -0.368000, 0.089000
207, 00_2_15, -0.265000, 0.242000, -0.234000, 0.364000, -0.386000, -0.067000, -0.198000, 0.095000
208, 00_2_16, -0.311000, 0.401000, -0.247000, 0.440000, -0.534000, 0.054000, -0.359000, 0.130000
209, 00_2_17, -0.277000, 0.319000, -0.244000, 0.384000, -0.304000, -0.005000, -0.308000, 0.095000
210, 00_2_18, -0.325000, 0.284000, -0.244000, 0.441000, -0.495000, -0.133000, -0.303000, 0.057000
211, 00_2_19, -0.342000, 0.311000, -0.237000, 0.343000, -0.452000, 0.057000, -0.300000, 0.148000
212, 00_2_20, -0.392000, 0.384000, -0.236000, 0.408000, -0.525000, -0.119000, -0.383000, 0.118000
213, 00_2_21, -0.316000, 0.283000, -0.251000, 0.337000, -0.354000, 0.059000, -0.240000, 0.114000
214, 00_2_22, -0.247000, 0.309000, -0.235000, 0.435000, -0.423000, -0.132000, -0.366000, 0.112000
215, 00_2_23, -0.282000, 0.266000, -0.244000, 0.329000, -0.307000, 0.035000, -0.290000, 0.198000
216, 00_2_24, -0.345000, 0.272000, -0.268000, 0.462000, -0.464000, -0.137000, -0.214000, 0.193000
217, 00_2_25, -0.308000, 0.271000, -0.281000, 0.343000, -0.405000, 0.088000, -0.200000, 0.255000
218, 00_2_26, -0.304000, 0.595000, -0.242000, 0.480000, -0.470000, -0.049000, -0.230000, 0.099000
219, 00_2_27, -0.282000, 0.247000, -0.236000, 0.349000, -0.245000, 0.011000, -0.171000, 0.218000
220, 00_2_28, -0.362000, 0.322000, -0.192000, 0.428000, -0.504000, -0.010000, -0.247000, 0.143000
221, 00_2_29, 0.000000, 0.000000, 0.000000, 0.000000, 0.000000, 0.000000, 0.000000, 0.000000
222, 00_2_30, -0.292000, 0.296000, -0.231000, 0.383000, -0.402000, 0.008000, -0.220000, 0.111000
223, 00_2_31, -0.268000, 0.252000, -0.225000, 0.338000, -0.203000, 0.108000, -0.224000, 0.230000
224, 00_2_32, -0.334000, 0.287000, -0.208000, 0.467000, -0.442000, -0.015000, -0.080000, 0.167000
225, 00_2_33, -0.290000, 0.245000, -0.221000, 0.437000, -0.281000, 0.138000, -0.114000, 0.206000
226, 00_2_34, -0.232000, 0.236000, -0.215000, 0.432000, -0.311000, 0.059000, -0.123000, 0.278000
227, 00_2_35, -0.203000, 0.272000, -0.136000, 0.344000, -0.260000, 0.066000, -0.065000, 0.159000
228, 00_2_36, -0.275000, 0.249000, -0.248000, 0.476000, -0.351000, 0.022000, -0.135000, 0.264000
229, 00_2_37, -0.271000, 0.253000, -0.239000, 0.391000, -0.228000, 0.108000, -0.032000, 0.159000
230, 00_2_38, -0.383000, 0.393000, -0.250000, 0.458000, -0.392000, 0.138000, -0.064000, 0.319000
231, 00_2_39, -0.277000, 0.285000, -0.268000, 0.352000, -0.340000, 0.130000, 0.022000, 0.183000
232, 00_2_40, -0.259000, 0.302000, -0.225000, 0.411000, -0.292000, 0.044000, 0.050000, 0.107000
233, 00_2_41, -0.237000, 0.301000, -0.222000, 0.406000, -0.139000, 0.052000, 0.030000, 0.021000
234, 00_2_42, -0.254000, 0.234000, -0.220000, 0.382000, -0.347000, 0.108000, -0.070000, 0.191000
235, 00_2_43, -0.263000, 0.279000, -0.242000, 0.418000, -0.239000, 0.136000, -0.053000, 0.073000
236, 00_2_44, -0.208000, 0.236000, -0.196000, 0.357000, -0.238000, 0.051000, 0.005000, 0.250000
237, 00_2_45, -0.222000, 0.330000, -0.211000, 0.396000, -0.165000, 0.099000, -0.019000, 0.149000
238, 00_2_46, -0.173000, 0.237000, -0.213000, 0.338000, -0.228000, 0.094000, -0.130000, 0.158000
239, 00_2_47, -0.217000, 0.370000, -0.228000, 0.437000, -0.248000, 0.140000, -0.011000, 0.109000
240, 00_2_48, -0.187000, 0.207000, -0.196000, 0.352000, -0.248000, 0.109000, -0.046000, 0.082000
241, 00_2_49, -0.224000, 0.346000, -0.201000, 0.380000, -0.097000, -0.010000, -0.082000, 0.184000
242, 00_2_50, -0.161000, 0.218000, -0.144000, 0.376000, -0.273000, 0.178000, -0.029000, 0.234000
243, 00_2_51, -0.199000, 0.339000, -0.148000, 0.470000, -0.100000, 0.083000, -0.149000, 0.193000
244, 00_2_52, -0.166000, 0.197000, -0.201000, 0.414000, -0.164000, 0.116000, -0.136000, 0.225000
245, 00_2_53, -0.198000, 0.366000, -0.219000, 0.469000, -0.221000, 0.126000, -0.004000, 0.227000
246, 00_2_54, -0.152000, 0.265000, -0.190000, 0.442000, -0.235000, 0.124000, -0.112000, 0.294000
247, 00_2_55, -0.177000, 0.333000, -0.197000, 0.516000, -0.197000, 0.150000, -0.128000, 0.267000
248, 00_2_56, -0.165000, 0.218000, -0.195000, 0.428000, -0.188000, 0.087000, -0.179000, 0.256000
249, 00_2_57, -0.191000, 0.392000, -0.197000, 0.459000, -0.161000, 0.125000, -0.112000, 0.177000
250, 00_2_58, -0.113000, 0.170000, -0.175000, 0.373000, -0.219000, 0.191000, 0.053000, 0.260000
251, 00_2_59, -0.143000, 0.321000, -0.179000, 0.511000, -0.172000, 0.064000, -0.113000, 0.243000
252, 00_2_60, -0.097000, 0.171000, -0.190000, 0.436000, -0.122000, 0.090000, -0.110000, 0.241000
253, 00_2_61, -0.148000, 0.319000, -0.207000, 0.456000, -0.160000, 0.274000, -0.083000, 0.261000
254, 00_2_62, -0.148000, 0.291000, -0.167000, 0.426000, -0.144000, 0.241000, -0.087000, 0.224000
255, 00_2_63, -0.132000, 0.271000, -0.183000, 0.426000, -0.004000, 0.152000, -0.032000, 0.362000
256, 00_2_64, -0.135000, 0.330000, -0.182000, 0.431000, -0.123000, 0.205000, -0.013000, 0.175000
257, 00_2_65, -0.157000, 0.328000, -0.158000, 0.434000, -0.065000, 0.126000, -0.097000, 0.308000
258, 00_2_66, -0.123000, 0.324000, -0.185000, 0.448000, -0.153000, 0.141000, 0.035000, 0.217000
259, 00_2_67, -0.133000, 0.296000, -0.191000, 0.416000, -0.148000, 0.050000, -0.082000, 0.234000
260, 00_2_68, -0.120000, 0.342000, -0.190000, 0.483000, -0.124000, 0.102000, -0.056000, 0.262000
261, 00_2_69, -0.124000, 0.259000, -0.169000, 0.397000, -0.062000, 0.197000, -0.035000, 0.237000
262, 00_2_70, -0.105000, 0.356000, -0.158000, 0.675000, -0.144000, 0.075000, 0.022000, 0.138000
263, 00_2_71, -0.108000, 0.252000, -0.173000, 0.368000, -0.157000, 0.101000, -0.051000, 0.262000
264, 00_2_72, -0.084000, 0.344000, -0.178000, 0.498000, -0.149000, 0.039000, -0.033000, 0.284000
265, 00_2_73, -0.089000, 0.262000, -0.181000, 0.454000, -0.133000, 0.158000, -0.031000, 0.283000
266, 00_2_74, -0.072000, 0.339000, -0.181000, 0.507000, -0.079000, 0.249000, -0.032000, 0.291000
267, 00_2_75, -0.070000, 0.265000, -0.189000, 0.400000, -0.038000, 0.074000, 0.051000, 0.325000
268, 00_2_76, -0.068000, 0.324000, -0.157000, 0.504000, 0.276000, 0.176000, 0.008000, 0.052000
269, 00_2_77, -0.074000, 0.241000, -0.145000, 0.406000, -0.025000, 0.125000, -0.117000, 0.249000
270, 00_2_78, -0.051000, 0.315000, -0.127000, 0.476000, -0.024000, 0.074000, -0.178000, 0.268000
271, 00_2_79, -0.044000, 0.160000, -0.128000, 0.423000, 0.083000, 0.219000, -0.120000, 0.358000
272, 00_2_80, 0.000000, 0.000000, 0.000000, 0.000000, 0.000000, 0.000000, 0.000000, 0.000000
273, 00_2_81, -0.049000, 0.243000, -0.164000, 0.396000, 0.078000, 0.155000, -0.295000, 0.457000
274, 00_2_82, -0.029000, 0.270000, -0.169000, 0.484000, -0.005000, 0.050000, 0.049000, 0.265000
275, 00_2_83, -0.048000, 0.234000, -0.171000, 0.412000, 0.164000, 0.291000, -0.092000, 0.385000
276, 00_2_84, 0.001000, 0.267000, -0.131000, 0.463000, 0.257000, 0.254000, 0.015000, 0.352000
277, 00_2_85, -0.020000, 0.211000, -0.183000, 0.430000, 0.196000, 0.198000, 0.034000, 0.313000
278, 00_2_86, -0.048000, 0.316000, -0.124000, 0.511000, -0.023000, 0.052000, 0.062000, 0.300000
279, 00_2_87, -0.034000, 0.222000, -0.144000, 0.454000, 0.176000, 0.199000, -0.028000, 0.425000
280, 00_2_88, 0.020000, 0.260000, -0.097000, 0.493000, 0.194000, 0.147000, 0.267000, 0.324000
281, 00_2_89, 0.001000, 0.219000, -0.109000, 0.472000, 0.231000, 0.146000, 0.097000, 0.328000
282, 00_2_90, 0.052000, 0.226000, -0.095000, 0.524000, 0.209000, 0.073000, 0.218000, 0.284000
283, 00_2_91, 0.024000, 0.236000, -0.106000, 0.462000, 0.041000, 0.010000, -0.053000, 0.487000
284, 00_2_92, 0.028000, 0.198000, -0.056000, 0.511000, 0.169000, 0.092000, 0.325000, 0.269000
285, 00_2_93, -0.004000, 0.266000, -0.082000, 0.450000, 0.262000, 0.282000, 0.083000, 0.319000
286, 00_2_94, 0.031000, 0.196000, -0.038000, 0.493000, 0.349000, 0.242000, 0.301000, 0.352000
287, 00_2_95, 0.027000, 0.247000, -0.052000, 0.443000, 0.303000, 0.222000, 0.043000, 0.304000
288, 00_3_00, 0.007000, 0.308000, -0.231000, 0.145000, -0.121000, 0.245000, -0.477000, 0.078000
289, 00_3_01, -0.009000, 0.421000, -0.280000, 0.424000, -0.017000, 0.120000, -0.404000, 0.053000
290, 00_3_02, -0.006000, 0.342000, -0.236000, 0.281000, -0.104000, 0.212000, -0.495000, 0.130000
291, 00_3_03, -0.040000, 0.490000, -0.265000, 0.434000, -0.053000, 0.138000, -0.394000, 0.034000
292, 00_3_04, 0.019000, 0.364000, -0.279000, 0.336000, -0.102000, 0.194000, -0.597000, 0.099000
293, 00_3_05, -0.002000, 0.469000, -0.309000, 0.463000, -0.113000, 0.141000, -0.428000, 0.027000
294, 00_3_06, 0.023000, 0.368000, -0.311000, 0.338000, -0.120000, 0.202000, -0.552000, 0.112000
295, 00_3_07, -0.013000, 0.438000, -0.303000, 0.417000, -0.034000, 0.143000, -0.451000, 0.090000
296, 00_3_08, 0.011000, 0.394000, -0.269000, 0.315000, -0.241000, 0.248000, -0.543000, 0.064000
297, 00_3_09, -0.004000, 0.440000, -0.305000, 0.400000, -0.055000, 0.144000, -0.428000, 0.082000
298, 00_3_10, -0.037000, 0.423000, -0.390000, 0.375000, -0.187000, 0.131000, -0.645000, 0.171000
299, 00_3_11, -0.052000, 0.439000, -0.351000, 0.415000, -0.190000, 0.165000, -0.480000, 0.049000
300, 00_3_12, -0.005000, 0.428000, -0.292000, 0.347000, -0.156000, 0.134000, -0.523000, 0.102000
301, 00_3_13, -0.008000, 0.374000, -0.320000, 0.376000, -0.200000, 0.083000, -0.434000, 0.044000
302, 00_3_14, -0.023000, 0.429000, -0.253000, 0.274000, -0.093000, 0.141000, -0.490000, 0.023000
303, 00_3_15, -0.019000, 0.378000, -0.306000, 0.311000, -0.122000, 0.150000, -0.439000, 0.023000
304, 00_3_16, 0.005000, 0.497000, -0.638000, 0.406000, -0.175000, 0.282000, -0.649000, 0.215000
305, 00_3_17, 0.015000, 0.439000, -0.321000, 0.388000, -0.173000, 0.328000, -0.427000, 0.108000
306, 00_3_18, -0.100000, 0.522000, -0.449000, 0.444000, -0.232000, 0.164000, -0.655000, 0.063000
307, 00_3_19, -0.101000, 0.451000, -0.342000, 0.340000, -0.107000, 0.146000, -0.465000, 0.089000
308, 00_3_20, -0.035000, 0.488000, -0.340000, 0.397000, -0.141000, 0.213000, -0.537000, 0.112000
309, 00_3_21, -0.029000, 0.417000, -0.349000, 0.347000, -0.183000, 0.265000, -0.485000, 0.150000
310, 00_3_22, -0.091000, 0.489000, -0.389000, 0.432000, -0.227000, 0.139000, -0.526000, 0.004000
311, 00_3_23, -0.094000, 0.418000, -0.336000, 0.317000, -0.238000, 0.214000, -0.415000, 0.093000
312, 00_3_24, -0.084000, 0.522000, -0.381000, 0.528000, -0.316000, 0.190000, -0.430000, 0.081000
313, 00_3_25, -0.065000, 0.412000, -0.366000, 0.363000, -0.225000, 0.326000, -0.447000, 0.171000
314, 00_3_26, -0.071000, 0.516000, -0.368000, 0.432000, -0.254000, 0.201000, -0.569000, 0.115000
315, 00_3_27, -0.029000, 0.408000, -0.337000, 0.345000, -0.230000, 0.192000, -0.463000, 0.166000
316, 00_3_28, -0.059000, 0.508000, -0.372000, 0.484000, -0.292000, 0.273000, -0.533000, 0.084000
317, 00_3_29, -0.089000, 0.396000, -0.309000, 0.297000, -0.319000, 0.235000, -0.438000, 0.093000
318, 00_3_30, -0.103000, 0.521000, -0.421000, 0.507000, -0.231000, 0.177000, -0.523000, 0.046000
319, 00_3_31, -0.071000, 0.385000, -0.344000, 0.312000, -0.274000, 0.171000, -0.411000, 0.155000
320, 00_3_32, -0.128000, 0.634000, -0.371000, 0.468000, -0.287000, 0.263000, -0.557000, 0.127000
321, 00_3_33, -0.099000, 0.471000, -0.391000, 0.412000, -0.211000, 0.310000, -0.433000, 0.161000
322, 00_3_34, -0.125000, 0.619000, -0.353000, 0.437000, -0.295000, 0.247000, -0.519000, 0.129000
323, 00_3_35, -0.169000, 0.486000, -0.352000, 0.423000, -0.356000, 0.325000, -0.440000, 0.218000
324, 00_3_36, -0.157000, 0.569000, -0.401000, 0.483000, -0.406000, 0.212000, -0.514000, 0.145000
325, 00_3_37, -0.221000, 0.441000, -0.502000, 0.412000, -0.388000, 0.285000, -0.485000, 0.201000
326, 00_3_38, -0.120000, 0.548000, -0.365000, 0.496000, -0.257000, 0.227000, -0.520000, 0.173000
327, 00_3_39, -0.342000, 0.695000, -0.468000, 0.465000, -0.251000, 0.258000, -0.375000, 0.196000
328, 00_3_40, -0.066000, 0.552000, -0.089000, 0.740000, -0.087000, 0.192000, -0.471000, 0.116000
329, 00_3_41, -0.074000, 0.516000, -0.314000, 0.412000, -0.114000, 0.212000, -0.343000, 0.117000
330, 00_3_42, -0.119000, 0.550000, -0.342000, 0.429000, -0.198000, 0.233000, -0.419000, 0.139000
331, 00_3_43, -0.119000, 0.519000, -0.337000, 0.455000, -0.115000, 0.228000, -0.338000, 0.136000
332, 00_3_44, -0.118000, 0.483000, -0.528000, 0.429000, -0.150000, 0.291000, -0.438000, 0.138000
333, 00_3_45, -0.114000, 0.539000, -0.356000, 0.438000, -0.082000, 0.229000, -0.369000, 0.133000
334, 00_3_46, -0.138000, 0.571000, -0.479000, 0.470000, -0.113000, 0.264000, -0.441000, 0.136000
335, 00_3_47, -0.128000, 0.596000, -0.302000, 0.483000, -0.191000, 0.267000, -0.273000, 0.190000
336, 00_3_48, -0.180000, 0.513000, -0.503000, 0.430000, -0.242000, 0.275000, -0.408000, 0.186000
337, 00_3_49, -0.165000, 0.542000, -0.480000, 0.441000, -0.105000, 0.189000, -0.304000, 0.091000
338, 00_3_50, -0.128000, 0.521000, -0.521000, 0.467000, -0.339000, 0.178000, -0.460000, 0.148000
339, 00_3_51, -0.120000, 0.572000, -0.329000, 0.442000, -0.041000, 0.219000, -0.342000, 0.128000
340, 00_3_52, -0.142000, 0.478000, -0.471000, 0.410000, -0.077000, 0.239000, -0.424000, 0.177000
341, 00_3_53, -0.141000, 0.539000, -0.279000, 0.454000, -0.030000, 0.218000, -0.238000, 0.036000
342, 00_3_54, -0.146000, 0.471000, -0.414000, 0.376000, -0.106000, 0.246000, -0.333000, 0.141000
343, 00_3_55, -0.138000, 0.538000, -0.223000, 0.394000, -0.097000, 0.209000, -0.280000, 0.119000
344, 00_3_56, -0.125000, 0.504000, -0.481000, 0.398000, -0.103000, 0.304000, -0.418000, 0.148000
345, 00_3_57, -0.131000, 0.588000, -0.485000, 0.468000, -0.040000, 0.280000, -0.275000, 0.000000
346, 00_3_58, -0.134000, 0.531000, -0.443000, 0.328000, -0.126000, 0.260000, -0.349000, 0.231000
347, 00_3_59, -0.121000, 0.517000, -0.253000, 0.459000, -0.031000, 0.270000, -0.278000, 0.002000
348, 00_3_60, -0.129000, 0.488000, -0.453000, 0.334000, -0.080000, 0.252000, -0.240000, 0.139000
349, 00_3_61, -0.139000, 0.538000, -0.258000, 0.461000, -0.037000, 0.300000, -0.255000, 0.006000
350, 00_3_62, -0.089000, 0.439000, -0.404000, 0.340000, -0.108000, 0.144000, -0.313000, 0.200000
351, 00_3_63, -0.072000, 0.509000, -0.177000, 0.402000, -0.022000, 0.263000, -0.148000, 0.083000
352, 00_3_64, -0.162000, 0.375000, -0.456000, 0.416000, -0.190000, 0.275000, -0.296000, 0.249000
353, 00_3_65, -0.150000, 0.557000, -0.184000, 0.432000, -0.046000, 0.369000, -0.171000, 0.158000
354, 00_3_66, -0.139000, 0.366000, -0.420000, 0.403000, -0.055000, 0.262000, -0.312000, 0.170000
355, 00_3_67, -0.149000, 0.548000, -0.199000, 0.366000, -0.034000, 0.405000, -0.221000, 0.116000
356, 00_3_68, -0.156000, 0.380000, -0.415000, 0.348000, -0.076000, 0.170000, -0.282000, 0.167000
357, 00_3_69, -0.157000, 0.550000, -0.148000, 0.361000, -0.123000, 0.302000, -0.138000, 0.088000
358, 00_3_70, -0.158000, 0.443000, -0.443000, 0.374000, -0.034000, 0.204000, -0.332000, 0.261000
359, 00_3_71, -0.127000, 0.472000, -0.159000, 0.258000, -0.045000, 0.310000, -0.153000, -0.068000
360, 00_3_72, -0.159000, 0.653000, -0.410000, 0.379000, -0.284000, 0.212000, -0.319000, 0.190000
361, 00_3_73, -0.125000, 0.507000, -0.122000, 0.365000, -0.189000, 0.293000, -0.063000, 0.008000
362, 00_3_74, -0.178000, 0.610000, -0.447000, 0.357000, -0.347000, 0.156000, -0.193000, 0.007000
363, 00_3_75, -0.143000, 0.476000, -0.141000, 0.238000, 0.038000, 0.298000, -0.064000, -0.041000
364, 00_3_76, -0.169000, 0.544000, -0.408000, 0.385000, -0.213000, 0.143000, -0.242000, -0.037000
365, 00_3_77, -0.137000, 0.463000, -0.106000, 0.280000, -0.112000, 0.311000, -0.283000, 0.008000
366, 00_3_78, -0.162000, 0.552000, -0.402000, 0.344000, -0.018000, 0.116000, -0.201000, 0.078000
367, 00_3_79, -0.117000, 0.477000, -0.081000, 0.227000, -0.029000, 0.333000, -0.111000, -0.038000
368, 00_3_80, -0.176000, 0.488000, -0.404000, 0.323000, -0.203000, 0.078000, -0.252000, 0.064000
369, 00_3_81, -0.136000, 0.386000, -0.061000, 0.277000, 0.018000, 0.422000, -0.288000, 0.009000
370, 00_3_82, -0.202000, 0.573000, -0.461000, 0.330000, -0.073000, 0.080000, -0.420000, 0.018000
371, 00_3_83, -0.154000, 0.386000, -0.098000, 0.321000, -0.076000, 0.450000, -0.211000, -0.007000
372, 00_3_84, -0.206000, 0.548000, -0.466000, 0.334000, -0.057000, 0.190000, -0.180000, 0.000000
373, 00_3_85, -0.152000, 0.399000, -0.085000, 0.297000, 0.071000, 0.410000, -0.086000, 0.002000
374, 00_3_86, -0.218000, 0.520000, -0.479000, 0.236000, -0.180000, 0.186000, -0.409000, -0.067000
375, 00_3_87, -0.145000, 0.397000, -0.131000, 0.210000, 0.022000, 0.365000, -0.449000, 0.200000
376, 00_3_88, -0.189000, 0.470000, -0.492000, 0.298000, -0.351000, 0.293000, -0.328000, 0.073000
377, 00_3_89, -0.138000, 0.356000, -0.098000, 0.225000, -0.038000, 0.219000, -0.218000, 0.113000
378, 00_3_90, -0.181000, 0.466000, -0.447000, 0.179000, -0.086000, 0.124000, -0.361000, -0.028000
379, 00_3_91, -0.117000, 0.372000, -0.075000, 0.070000, -0.038000, 0.205000, -0.469000, 0.077000
380, 00_3_92, -0.219000, 0.328000, -0.431000, 0.190000, -0.371000, -0.112000, -0.657000, -0.279000
381, 00_3_93, 0.000000, 0.000000, 0.000000, 0.000000, 0.000000, 0.000000, 0.000000, 0.000000
382, 00_3_94, 0.000000, 0.000000, 0.000000, 0.000000, 0.000000, 0.000000, 0.000000, 0.000000
383, 00_3_95, 0.000000, 0.000000, 0.000000, 0.000000, 0.000000, 0.000000, 0.000000, 0.000000
384, 00_4_00, -0.222000, -0.132000, -0.374000, 0.394000, -0.474000, -0.003000, -0.280000, -0.053000
385, 00_4_01, -0.245000, 0.051000, -0.118000, 0.612000, -0.367000, -0.105000, 0.070000, 0.132000
386, 00_4_02, -0.226000, -0.073000, -0.132000, 0.087000, -0.381000, 0.005000, -0.250000, -0.003000
387, 00_4_03, -0.286000, 0.106000, -0.138000, 0.184000, -0.263000, -0.030000, -0.110000, -0.050000
388, 00_4_04, -0.191000, -0.113000, -0.161000, 0.114000, -0.319000, -0.009000, -0.190000, -0.064000
389, 00_4_05, -0.263000, 0.073000, -0.170000, 0.236000, -0.296000, -0.092000, -0.146000, -0.031000
390, 00_4_06, -0.202000, -0.066000, -0.165000, 0.085000, -0.399000, -0.048000, -0.262000, -0.035000
391, 00_4_07, -0.254000, 0.044000, -0.165000, 0.207000, -0.280000, -0.095000, -0.162000, -0.029000
392, 00_4_08, -0.181000, -0.106000, -0.151000, 0.392000, -0.300000, -0.086000, -0.211000, -0.001000
393, 00_4_09, -0.240000, 0.034000, -0.172000, 0.229000, -0.253000, -0.132000, -0.202000, 0.026000
394, 00_4_10, -0.228000, -0.068000, -0.194000, 0.345000, -0.366000, -0.029000, -0.260000, 0.057000
395, 00_4_11, -0.284000, 0.012000, -0.211000, 0.237000, -0.289000, -0.094000, -0.168000, 0.039000
396, 00_4_12, -0.281000, 0.078000, -0.164000, 0.310000, -0.463000, -0.130000, -0.171000, 0.033000
397, 00_4_13, -0.245000, -0.004000, -0.168000, 0.155000, -0.291000, -0.061000, -0.138000, 0.010000
398, 00_4_14, -0.257000, 0.017000, -0.158000, 0.243000, -0.420000, -0.132000, -0.297000, -0.010000
399, 00_4_15, -0.244000, -0.063000, -0.162000, 0.176000, -0.273000, -0.082000, -0.121000, 0.054000
400, 00_4_16, -0.243000, 0.022000, -0.157000, 0.249000, -0.473000, -0.033000, -0.263000, 0.038000
401, 00_4_17, -0.202000, -0.002000, -0.166000, 0.208000, -0.252000, -0.020000, -0.108000, 0.087000
402, 00_4_18, -0.292000, -0.009000, -0.172000, 0.226000, -0.362000, -0.080000, -0.226000, 0.036000
403, 00_4_19, -0.321000, 0.011000, -0.181000, 0.169000, -0.361000, -0.043000, -0.107000, 0.109000
404, 00_4_20, -0.300000, 0.096000, -0.177000, 0.168000, -0.484000, -0.098000, -0.234000, 0.005000
405, 00_4_21, -0.232000, -0.038000, -0.161000, 0.099000, -0.303000, 0.061000, -0.156000, 0.096000
406, 00_4_22, -0.287000, 0.032000, -0.164000, 0.211000, -0.492000, -0.082000, -0.167000, 0.026000
407, 00_4_23, -0.290000, -0.127000, -0.118000, 0.186000, -0.227000, 0.054000, -0.071000, 0.165000
408, 00_4_24, -0.272000, -0.002000, -0.141000, 0.231000, -0.381000, -0.081000, -0.203000, 0.076000
409, 00_4_25, -0.230000, -0.103000, -0.132000, 0.133000, -0.279000, 0.017000, -0.156000, 0.085000
410, 00_4_26, -0.432000, -0.033000, -0.193000, 0.230000, -0.558000, -0.099000, -0.107000, 0.093000
411, 00_4_27, -0.208000, -0.035000, 0.001000, 0.077000, -0.263000, -0.046000, -0.082000, 0.113000
412, 00_4_28, -0.232000, 0.041000, -0.113000, 0.187000, -0.367000, -0.081000, -0.199000, 0.023000
413, 00_4_29, -0.214000, -0.065000, -0.106000, 0.089000, -0.232000, 0.011000, -0.068000, 0.147000
414, 00_4_30, -0.239000, -0.040000, -0.142000, 0.194000, -0.330000, -0.088000, -0.104000, 0.065000
415, 00_4_31, -0.227000, -0.040000, -0.141000, 0.080000, -0.211000, -0.060000, -0.078000, 0.147000
416, 00_4_32, -0.310000, 0.082000, -0.144000, 0.172000, -0.439000, -0.011000, -0.051000, 0.049000
417, 00_4_33, -0.239000, -0.044000, -0.130000, 0.109000, -0.239000, 0.076000, -0.036000, 0.209000
418, 00_4_34, -0.232000, 0.005000, -0.096000, 0.169000, -0.337000, -0.093000, 0.001000, 0.250000
419, 00_4_35, -0.233000, 0.031000, -0.089000, 0.091000, -0.176000, -0.129000, 0.118000, 0.240000
420, 00_4_36, -0.226000, 0.029000, -0.144000, 0.201000, -0.241000, 0.033000, -0.084000, 0.103000
421, 00_4_37, -0.195000, -0.121000, -0.121000, 0.109000, -0.153000, 0.004000, -0.003000, 0.165000
422, 00_4_38, -0.280000, 0.028000, -0.102000, 0.175000, -0.213000, 0.030000, 0.077000, 0.254000
423, 00_4_39, -0.229000, 0.021000, -0.105000, 0.139000, -0.230000, 0.103000, 0.011000, 0.125000
424, 00_4_40, -0.198000, 0.034000, -0.058000, 0.121000, -0.205000, 0.080000, -0.004000, 0.005000
425, 00_4_41, -0.185000, 0.051000, -0.082000, 0.135000, -0.104000, -0.048000, 0.165000, 0.116000
426, 00_4_42, -0.239000, 0.029000, -0.075000, 0.135000, -0.342000, 0.094000, 0.056000, 0.087000
427, 00_4_43, -0.224000, -0.030000, -0.071000, 0.147000, -0.089000, 0.021000, 0.117000, 0.182000
428, 00_4_44, -0.201000, 0.036000, -0.104000, 0.159000, -0.153000, 0.037000, 0.042000, 0.040000
429, 00_4_45, -0.226000, -0.015000, -0.121000, 0.176000, -0.152000, 0.012000, 0.021000, 0.184000
430, 00_4_46, -0.164000, -0.015000, -0.037000, 0.146000, -0.122000, 0.035000, 0.034000, 0.086000
431, 00_4_47, -0.176000, -0.042000, -0.052000, 0.199000, -0.114000, 0.046000, -0.020000, 0.155000
432, 00_4_48, -0.188000, -0.083000, -0.039000, 0.157000, -0.128000, 0.103000, 0.025000, 0.175000
433, 00_4_49, -0.196000, -0.079000, -0.066000, 0.172000, -0.146000, -0.137000, 0.242000, 0.210000
434, 00_4_50, -0.192000, -0.036000, -0.060000, 0.143000, -0.246000, -0.014000, 0.039000, 0.159000
435, 00_4_51, -0.161000, -0.104000, -0.083000, 0.190000, -0.156000, -0.163000, 0.233000, 0.293000
436, 00_4_52, -0.151000, -0.050000, -0.025000, 0.146000, -0.102000, 0.039000, 0.118000, 0.060000
437, 00_4_53, -0.140000, -0.055000, -0.038000, 0.215000, -0.094000, 0.006000, 0.161000, 0.193000
438, 00_4_54, -0.123000, -0.050000, 0.033000, 0.164000, -0.139000, -0.003000, -0.056000, 0.128000
439, 00_4_55, -0.199000, -0.016000, 0.008000, 0.198000, -0.041000, 0.027000, 0.191000, 0.115000
440, 00_4_56, -0.097000, -0.069000, 0.013000, 0.154000, 0.013000, 0.044000, 0.072000, 0.119000
441, 00_4_57, -0.117000, -0.023000, -0.005000, 0.228000, -0.013000, -0.095000, -0.004000, 0.212000
442, 00_4_58, -0.056000, -0.089000, 0.059000, 0.128000, -0.014000, 0.030000, 0.039000, 0.079000
443, 00_4_59, -0.082000, -0.081000, 0.034000, 0.193000, 0.035000, 0.084000, 0.273000, 0.204000
444, 00_4_60, -0.151000, -0.014000, 0.045000, 0.101000, -0.312000, -0.071000, 0.062000, 0.196000
445, 00_4_61, -0.092000, -0.044000, 0.037000, 0.133000, 0.038000, 0.130000, 0.094000, 0.080000
446, 00_4_62, 0.001000, -0.060000, 0.101000, 0.119000, 0.060000, -0.027000, 0.219000, 0.037000
447, 00_4_63, -0.008000, -0.087000, 0.096000, 0.104000, 0.190000, 0.096000, 0.258000, 0.027000
448, 00_4_64, -0.050000, -0.191000, 0.103000, 0.133000, -0.000000, -0.108000, 0.066000, 0.166000
449, 00_4_65, -0.072000, -0.025000, 0.093000, 0.138000, 0.085000, 0.062000, 0.212000, 0.159000
450, 00_4_66, -0.031000, -0.137000, 0.116000, 0.210000, 0.040000, -0.067000, 0.086000, 0.038000
451, 00_4_67, -0.047000, -0.169000, 0.090000, 0.115000, 0.066000, 0.117000, 0.185000, 0.200000
452, 00_4_68, -0.053000, -0.083000, 0.105000, 0.189000, 0.021000, -0.017000, 0.129000, 0.100000
453, 00_4_69, -0.201000, -0.033000, 0.097000, 0.146000, 0.119000, 0.111000, 0.249000, 0.187000
454, 00_4_70, -0.017000, -0.047000, 0.050000, 0.233000, 0.034000, -0.018000, 0.200000, -0.012000
455, 00_4_71, -0.008000, -0.134000, 0.101000, 0.027000, 0.275000, -0.063000, 0.181000, 0.073000
456, 00_4_72, 0.010000, 0.027000, 0.157000, 0.229000, 0.123000, 0.044000, 0.295000, 0.237000
457, 00_4_73, 0.015000, -0.063000, 0.145000, 0.168000, 0.232000, 0.090000, 0.147000, 0.235000
458, 00_4_74, -0.002000, -0.040000, 0.127000, 0.225000, 0.269000, -0.029000, 0.403000, 0.097000
459, 00_4_75, 0.005000, -0.164000, 0.144000, 0.078000, 0.050000, 0.090000, 0.167000, 0.241000
460, 00_4_76, 0.023000, -0.008000, 0.168000, 0.186000, 0.326000, -0.106000, 0.364000, 0.193000
461, 00_4_77, 0.013000, -0.119000, 0.152000, 0.082000, 0.174000, 0.189000, 0.454000, 0.171000
462, 00_4_78, 0.029000, -0.045000, 0.165000, 0.169000, 0.169000, -0.026000, 0.470000, 0.088000
463, 00_4_79, 0.093000, -0.064000, 0.164000, 0.141000, 0.221000, 0.113000, 0.240000, 0.120000
464, 00_4_80, 0.002000, -0.200000, 0.242000, 0.085000, 0.084000, 0.073000, 0.194000, 0.166000
465, 00_4_81, 0.044000, -0.099000, 0.243000, 0.103000, 0.020000, 0.345000, 0.350000, 0.225000
466, 00_4_82, 0.045000, -0.061000, 0.203000, 0.101000, 0.256000, 0.036000, 0.405000, 0.063000
467, 00_4_83, 0.044000, -0.099000, 0.185000, 0.147000, 0.268000, 0.121000, 0.512000, 0.229000
468, 00_4_84, 0.038000, -0.018000, 0.227000, 0.129000, 0.204000, 0.053000, 0.481000, 0.058000
469, 00_4_85, 0.044000, -0.121000, 0.198000, 0.135000, 0.368000, 0.156000, 0.476000, 0.262000
470, 00_4_86, 0.050000, -0.080000, 0.217000, 0.062000, 0.309000, 0.154000, 0.525000, 0.179000
471, 00_4_87, 0.086000, -0.106000, 0.212000, 0.137000, 0.387000, 0.219000, 0.520000, 0.262000
472, 00_4_88, 0.050000, -0.039000, 0.263000, -0.005000, -0.022000, 0.144000, 0.101000, 0.082000
473, 00_4_89, 0.112000, -0.041000, 0.245000, 0.080000, 0.448000, 0.071000, 0.519000, 0.259000
474, 00_4_90, 0.123000, -0.021000, 0.287000, 0.089000, 0.321000, 0.208000, 0.579000, 0.206000
475, 00_4_91, 0.119000, -0.055000, 0.273000, 0.117000, 0.355000, -0.027000, 0.413000, 0.125000
476, 00_4_92, 0.096000, -0.041000, 0.303000, 0.082000, 0.161000, -0.059000, 0.105000, 0.172000
477, 00_4_93, 0.079000, -0.016000, 0.261000, 0.193000, 0.029000, 0.066000, 0.330000, 0.231000
478, 00_4_94, 0.118000, -0.029000, 0.288000, 0.022000, 0.233000, -0.016000, 0.415000, 0.250000
479, 00_4_95, 0.128000, 0.011000, 0.320000, 0.084000, 0.012000, 0.172000, 0.039000, 0.206000
480, 00_5_00, 0.195000, 0.458000, -0.409000, 0.445000, 0.083000, 0.377000, -0.540000, 0.387000
481, 00_5_01, 0.176000, 0.651000, -0.401000, 0.645000, 0.196000, 0.323000, -0.413000, 0.300000
482, 00_5_02, 0.153000, 0.519000, -0.378000, 0.464000, 0.063000, 0.275000, -0.475000, 0.275000
483, 00_5_03, 0.146000, 0.664000, -0.406000, 0.595000, 0.159000, 0.276000, -0.383000, 0.264000
484, 00_5_04, 0.199000, 0.552000, -0.374000, 0.480000, 0.096000, 0.433000, -0.480000, 0.263000
485, 00_5_05, 0.189000, 0.639000, -0.389000, 0.595000, 0.199000, 0.344000, -0.325000, 0.245000
486, 00_5_06, 0.161000, 0.550000, -0.379000, 0.485000, 0.112000, 0.425000, -0.498000, 0.318000
487, 00_5_07, 0.155000, 0.611000, -0.404000, 0.498000, 0.210000, 0.338000, -0.352000, 0.235000
488, 00_5_08, 0.174000, 0.512000, -0.387000, 0.521000, -0.032000, 0.503000, -0.478000, 0.358000
489, 00_5_09, 0.144000, 0.616000, -0.409000, 0.509000, 0.166000, 0.415000, -0.420000, 0.256000
490, 00_5_10, 0.164000, 0.522000, -0.414000, 0.534000, 0.054000, 0.517000, -0.453000, 0.325000
491, 00_5_11, 0.161000, 0.575000, -0.432000, 0.559000, 0.206000, 0.364000, -0.376000, 0.274000
492, 00_5_12, 0.135000, 0.533000, -0.364000, 0.542000, 0.099000, 0.400000, -0.458000, 0.218000
493, 00_5_13, 0.170000, 0.681000, -0.388000, 0.524000, 0.262000, 0.350000, -0.365000, 0.247000
494, 00_5_14, 0.135000, 0.562000, -0.419000, 0.514000, 0.111000, 0.458000, -0.415000, 0.215000
495, 00_5_15, 0.140000, 0.582000, -0.423000, 0.466000, 0.163000, 0.375000, -0.407000, 0.331000
496, 00_5_16, 0.199000, 0.650000, -0.396000, 0.610000, 0.113000, 0.499000, -0.453000, 0.215000
497, 00_5_17, 0.154000, 0.658000, -0.409000, 0.518000, 0.233000, 0.520000, -0.345000, 0.349000
498, 00_5_18, 0.129000, 0.687000, -0.379000, 0.558000, 0.099000, 0.492000, -0.417000, 0.285000
499, 00_5_19, 0.092000, 0.724000, -0.392000, 0.497000, 0.188000, 0.529000, -0.370000, 0.340000
500, 00_5_20, 0.110000, 0.653000, -0.406000, 0.532000, 0.018000, 0.516000, -0.437000, 0.222000
501, 00_5_21, 0.180000, 0.705000, -0.382000, 0.454000, 0.083000, 0.562000, -0.424000, 0.260000
502, 00_5_22, 0.172000, 0.640000, -0.390000, 0.507000, 0.172000, 0.511000, -0.452000, 0.223000
503, 00_5_23, 0.177000, 0.669000, -0.381000, 0.394000, 0.135000, 0.514000, -0.325000, 0.318000
504, 00_5_24, 0.134000, 0.632000, -0.415000, 0.470000, 0.098000, 0.603000, -0.419000, 0.226000
505, 00_5_25, 0.158000, 0.555000, -0.413000, 0.419000, 0.112000, 0.609000, -0.391000, 0.398000
506, 00_5_26, 0.144000, 0.690000, -0.388000, 0.488000, 0.128000, 0.589000, -0.463000, 0.220000
507, 00_5_27, 0.160000, 0.596000, -0.382000, 0.406000, 0.154000, 0.626000, -0.377000, 0.362000
508, 00_5_28, 0.141000, 0.646000, -0.332000, 0.456000, 0.178000, 0.532000, -0.436000, 0.155000
509, 00_5_29, 0.159000, 0.558000, -0.329000, 0.389000, 0.219000, 0.622000, -0.280000, 0.340000
510, 00_5_30, 0.098000, 0.612000, -0.379000, 0.428000, 0.126000, 0.585000, -0.379000, 0.250000
511, 00_5_31, 0.199000, 0.631000, -0.371000, 0.378000, 0.129000, 0.760000, -0.351000, 0.348000
512, 00_5_32, 0.124000, 0.703000, -0.343000, 0.438000, 0.127000, 0.642000, -0.354000, 0.247000
513, 00_5_33, 0.139000, 0.553000, -0.343000, 0.381000, 0.150000, 0.833000, -0.361000, 0.405000
514, 00_5_34, 0.168000, 0.783000, -0.361000, 0.517000, 0.225000, 0.732000, -0.326000, 0.242000
515, 00_5_35, 0.178000, 0.622000, -0.361000, 0.417000, 0.192000, 0.837000, -0.297000, 0.400000
516, 00_5_36, 0.119000, 0.758000, -0.367000, 0.552000, 0.058000, 0.731000, -0.267000, 0.285000
517, 00_5_37, 0.160000, 0.640000, -0.364000, 0.415000, 0.211000, 0.844000, -0.276000, 0.373000
518, 00_5_38, 0.136000, 0.677000, -0.380000, 0.505000, 0.166000, 0.787000, -0.318000, 0.367000
519, 00_5_39, 0.142000, 0.658000, -0.397000, 0.453000, 0.178000, 0.816000, -0.251000, 0.408000
520, 00_5_40, 0.185000, 0.579000, -0.346000, 0.424000, 0.255000, 1.077000, -0.222000, 0.280000
521, 00_5_41, 0.183000, 0.751000, -0.346000, 0.422000, 0.310000, 0.683000, -0.191000, 0.218000
522, 00_5_42, 0.144000, 0.731000, -0.351000, 0.386000, 0.230000, 0.764000, -0.161000, 0.159000
523, 00_5_43, 0.166000, 0.717000, -0.363000, 0.483000, 0.258000, 0.716000, -0.227000, 0.147000
524, 00_5_44, 0.193000, 0.698000, -0.306000, 0.359000, 0.306000, 0.729000, -0.087000, 0.176000
525, 00_5_45, 0.183000, 0.727000, -0.320000, 0.454000, 0.318000, 0.792000, -0.115000, 0.209000
526, 00_5_46, 0.192000, 0.933000, -0.319000, 0.361000, 0.291000, 0.809000, -0.249000, 0.242000
527, 00_5_47, 0.195000, 0.838000, -0.345000, 0.567000, 0.398000, 0.746000, -0.096000, 0.257000
528, 00_5_48, 0.180000, 0.907000, -0.285000, 0.254000, 0.065000, 0.800000, -0.164000, 0.279000
529, 00_5_49, 0.000000, 0.000000, 0.000000, 0.000000, 0.000000, 0.000000, 0.000000, 0.000000
530, 00_5_50, 0.085000, 0.927000, -0.238000, 0.439000, 0.255000, 0.865000, -0.210000, 0.275000
531, 00_5_51, 0.167000, 0.775000, -0.233000, 0.424000, 0.198000, 0.890000, -0.056000, 0.223000
532, 00_5_52, 0.191000, 0.938000, -0.288000, 0.424000, 0.168000, 0.789000, -0.287000, 0.177000
533, 00_5_53, 0.188000, 0.778000, -0.302000, 0.473000, 0.199000, 0.843000, -0.162000, 0.220000
534, 00_5_54, 0.225000, 0.941000, -0.263000, 0.406000, 0.243000, 0.792000, -0.202000, 0.342000
535, 00_5_55, 0.189000, 0.866000, -0.282000, 0.485000, 0.192000, 0.825000, -0.171000, 0.219000
536, 00_5_56, 0.172000, 0.951000, -0.267000, 0.375000, 0.282000, 0.896000, -0.204000, 0.269000
537, 00_5_57, 0.151000, 0.931000, -0.244000, 0.482000, 0.343000, 0.855000, -0.100000, 0.254000
538, 00_5_58, 0.232000, 0.933000, -0.239000, 0.345000, 0.040000, 0.967000, -0.171000, 0.249000
539, 00_5_59, 0.197000, 0.890000, -0.236000, 0.416000, 0.374000, 0.732000, -0.099000, 0.081000
540, 00_5_60, 0.216000, 0.994000, -0.236000, 0.421000, 0.298000, 0.872000, -0.140000, 0.205000
541, 00_5_61, 0.187000, 0.849000, -0.240000, 0.390000, 0.327000, 0.849000, -0.054000, 0.099000
542, 00_5_62, 0.231000, 1.016000, -0.191000, 0.395000, 0.145000, 0.805000, -0.188000, 0.283000
543, 00_5_63, 0.193000, 0.802000, -0.210000, 0.373000, 0.276000, 0.791000, 0.018000, 0.214000
544, 00_5_64, 0.184000, 1.061000, -0.204000, 0.281000, 0.176000, 0.995000, -0.064000, 0.228000
545, 00_5_65, 0.163000, 0.862000, -0.162000, 0.231000, 0.353000, 0.931000, 0.004000, 0.176000
546, 00_5_66, 0.184000, 1.104000, -0.172000, 0.369000, 0.234000, 0.909000, -0.084000, 0.256000
547, 00_5_67, 0.139000, 0.894000, -0.263000, 0.170000, 0.309000, 0.984000, -0.161000, 0.217000
548, 00_5_68, 0.193000, 1.077000, -0.178000, 0.391000, 0.179000, 0.973000, -0.053000, 0.277000
549, 00_5_69, 0.175000, 0.806000, -0.241000, 0.265000, 0.246000, 1.019000, -0.146000, 0.171000
550, 00_5_70, 0.198000, 1.088000, -0.129000, 0.379000, 0.170000, 0.947000, -0.054000, 0.264000
551, 00_5_71, 0.193000, 0.829000, -0.156000, 0.056000, 0.357000, 0.893000, 0.121000, 0.181000
552, 00_5_72, 0.000000, 0.000000, 0.000000, 0.000000, 0.000000, 0.000000, 0.000000, 0.000000
553, 00_5_73, 0.407000, 0.946000, -0.102000, 0.359000, 0.459000, 0.941000, 0.120000, 0.234000
554, 00_5_74, 0.217000, 1.028000, -0.123000, 0.409000, 0.353000, 0.933000, 0.032000, 0.257000
555, 00_5_75, 0.209000, 0.804000, -0.128000, 0.303000, 0.411000, 0.995000, 0.071000, 0.160000
556, 00_5_76, 0.214000, 1.065000, -0.089000, 0.426000, 0.140000, 0.647000, 0.092000, 0.173000
557, 00_5_77, 0.207000, 0.790000, -0.089000, 0.307000, 0.483000, 0.900000, 0.159000, 0.152000
558, 00_5_78, 0.211000, 1.076000, -0.055000, 0.446000, 0.529000, 0.877000, 0.083000, 0.142000
559, 00_5_79, 0.226000, 0.841000, -0.058000, 0.361000, 0.515000, 0.860000, 0.272000, 0.320000
560, 00_5_80, 0.226000, 0.857000, -0.069000, 0.314000, 0.196000, 0.544000, -0.069000, 0.149000
561, 00_5_81, 0.203000, 0.873000, -0.085000, 0.317000, 0.372000, 1.065000, -0.088000, 0.196000
562, 00_5_82, 0.197000, 1.001000, -0.071000, 0.136000, 0.041000, 0.793000, 0.035000, 0.134000
563, 00_5_83, 0.204000, 0.831000, -0.064000, 0.345000, 0.510000, 0.914000, 0.240000, 0.402000
564, 00_5_84, 0.213000, 1.062000, -0.049000, 0.450000, 0.074000, 0.870000, 0.233000, 0.291000
565, 00_5_85, 0.195000, 0.852000, -0.062000, 0.350000, 0.646000, 0.879000, 0.266000, 0.317000
566, 00_5_86, 0.203000, 0.853000, -0.016000, 0.371000, 0.394000, 0.583000, 0.134000, 0.090000
567, 00_5_87, 0.000000, 0.000000, 0.000000, 0.000000, 0.000000, 0.000000, 0.000000, 0.000000
568, 00_5_88, 0.207000, 0.949000, -0.002000, 0.367000, 0.514000, 0.831000, 0.456000, 0.265000
569, 00_5_89, 0.186000, 0.820000, -0.017000, 0.392000, 0.256000, 0.953000, 0.219000, 0.154000
570, 00_5_90, 0.195000, 1.068000, 0.010000, 0.442000, 0.530000, 0.560000, 0.434000, 0.181000
571, 00_5_91, 0.187000, 0.884000, -0.014000, 0.414000, 0.179000, 0.708000, 0.307000, 0.096000
572, 00_5_92, 0.169000, 0.985000, 0.029000, 0.461000, 0.526000, 0.718000, 0.413000, 0.154000
573, 00_5_93, 0.142000, 0.868000, 0.005000, 0.410000, 0.579000, 0.498000, 0.377000, 0.332000
574, 00_5_94, 0.165000, 0.953000, 0.050000, 0.427000, 0.044000, 0.558000, 0.183000, 0.081000
575, 00_5_95, 0.155000, 0.824000, 0.029000, 0.390000, 0.516000, 0.414000, 0.096000, 0.142000
576, 01_0_00, -0.101000, 0.313000, -0.458000, -0.181000, -0.074000, 0.075000, -0.523000, -0.061000
577, 01_0_01, -0.338000, 0.835000, -0.456000, 0.188000, 0.066000, 0.054000, -0.516000, -0.230000
578, 01_0_02, 0.129000, 0.290000, -0.465000, -0.009000, -0.105000, 0.042000, -0.597000, -0.151000
579, 01_0_03, 0.137000, 0.492000, -0.442000, 0.169000, -0.068000, 0.073000, -0.489000, -0.217000
580, 01_0_04, 0.128000, 0.301000, -0.448000, -0.013000, -0.027000, 0.107000, -0.596000, -0.146000
581, 01_0_05, 0.104000, 0.587000, -0.439000, 0.156000, 0.043000, 0.118000, -0.478000, -0.240000
582, 01_0_06, 0.057000, 0.325000, -0.548000, 0.004000, -0.002000, 0.114000, -0.571000, -0.121000
583, 01_0_07, 0.085000, 0.347000, -0.441000, 0.132000, 0.008000, 0.114000, -0.512000, -0.225000
584, 01_0_08, 0.080000, 0.368000, -0.457000, 0.019000, -0.204000, 0.073000, -0.615000, -0.136000
585, 01_0_09, 0.095000, 0.417000, -0.455000, 0.142000, 0.070000, 0.040000, -0.507000, -0.251000
586, 01_0_10, 0.134000, 0.411000, -0.451000, 0.024000, -0.051000, 0.047000, -0.547000, -0.128000
587, 01_0_11, 0.145000, 0.419000, -0.444000, 0.111000, 0.013000, 0.075000, -0.463000, -0.192000
588, 01_0_12, 0.115000, 0.378000, -0.425000, -0.056000, -0.043000, 0.044000, -0.559000, -0.156000
589, 01_0_13, 0.075000, 0.559000, -0.418000, 0.063000, 0.060000, 0.079000, -0.456000, -0.164000
590, 01_0_14, 0.120000, 0.359000, -0.442000, 0.015000, -0.055000, 0.078000, -0.535000, -0.148000
591, 01_0_15, -0.255000, 0.549000, -0.499000, 0.187000, -0.017000, 0.072000, -0.444000, -0.148000
592, 01_0_16, 0.126000, 0.377000, -0.444000, 0.128000, -0.019000, 0.031000, -0.541000, -0.146000
593, 01_0_17, 0.120000, 0.399000, -0.639000, -0.400000, -0.012000, 0.113000, -0.450000, -0.069000
594, 01_0_18, 0.083000, 0.523000, -0.440000, 0.144000, -0.067000, 0.045000, -0.502000, -0.045000
595, 01_0_19, 0.117000, 0.317000, -0.407000, 0.027000, -0.087000, 0.179000, -0.399000, -0.035000
596, 01_0_20, 0.082000, 0.388000, -0.434000, 0.098000, -0.089000, 0.165000, -0.602000, -0.130000
597, 01_0_21, 0.031000, 0.335000, -0.580000, -0.045000, -0.022000, 0.193000, -0.444000, -0.040000
598, 01_0_22, 0.100000, 0.436000, -0.405000, 0.043000, -0.019000, 0.071000, -0.494000, -0.117000
599, 01_0_23, 0.119000, 0.400000, -0.407000, 0.068000, -0.007000, 0.185000, -0.418000, -0.018000
600, 01_0_24, 0.023000, 0.411000, -0.552000, -0.061000, -0.046000, -0.019000, -0.519000, -0.102000
601, 01_0_25, -0.002000, 0.292000, -0.484000, 0.046000, 0.011000, 0.167000, -0.342000, 0.058000
602, 01_0_26, 0.093000, 0.426000, -0.418000, 0.118000, -0.040000, 0.064000, -0.495000, -0.074000
603, 01_0_27, 0.023000, 0.233000, -0.505000, 0.006000, 0.058000, 0.180000, -0.429000, 0.064000
604, 01_0_28, 0.097000, 0.387000, -0.412000, 0.152000, -0.007000, 0.070000, -0.490000, -0.086000
605, 01_0_29, 0.116000, 0.411000, -0.376000, 0.075000, 0.086000, 0.197000, -0.374000, 0.106000
606, 01_0_30, 0.089000, 0.422000, -0.409000, 0.081000, 0.014000, 0.056000, -0.486000, -0.107000
607, 01_0_31, 0.164000, 0.372000, -0.363000, 0.049000, 0.030000, 0.142000, -0.334000, 0.025000
608, 01_0_32, 0.051000, 0.401000, -0.392000, 0.114000, 0.030000, 0.070000, -0.481000, -0.052000
609, 01_0_33, 0.085000, 0.495000, -0.397000, 0.119000, 0.040000, 0.270000, -0.354000, 0.047000
610, 01_0_34, 0.053000, 0.386000, -0.394000, 0.100000, 0.024000, 0.126000, -0.437000, -0.020000
611, 01_0_35, -0.030000, 0.423000, -0.376000, 0.083000, 0.039000, 0.140000, -0.335000, 0.053000
612, 01_0_36, 0.074000, 0.361000, -0.370000, 0.097000, 0.047000, 0.087000, -0.426000, -0.005000
613, 01_0_37, -0.617000, 0.530000, -0.428000, 0.012000, 0.138000, 0.181000, -0.255000, 0.068000
614, 01_0_38, -0.075000, 0.358000, -0.385000, 0.163000, 0.074000, 0.151000, -0.391000, -0.060000
615, 01_0_39, 0.169000, 0.440000, -0.351000, 0.146000, 0.210000, 0.258000, -0.318000, 0.114000
616, 01_0_40, 0.108000, 0.245000, -0.357000, 0.102000, -0.108000, -0.582000, -0.141000, 0.073000
617, 01_0_41, 0.120000, 0.421000, -0.332000, 0.112000, 0.172000, 0.127000, -0.160000, 0.098000
618, 01_0_42, 0.111000, 0.316000, -0.320000, 0.115000, 0.201000, 0.147000, -0.175000, 0.029000
619, 01_0_43, 0.119000, 0.416000, -0.317000, 0.093000, 0.148000, 0.097000, -0.201000, 0.066000
620, 01_0_44, 0.001000, 0.232000, -0.327000, 0.148000, 0.027000, 0.085000, -0.227000, 0.066000
621, 01_0_45, 0.088000, 0.441000, -0.297000, 0.152000, 0.105000, 0.012000, -0.106000, 0.049000
622, 01_0_46, 0.127000, 0.291000, -0.222000, 0.154000, 0.253000, 0.175000, -0.293000, -0.249000
623, 01_0_47, 0.128000, 0.433000, -0.299000, 0.196000, 0.226000, 0.230000, -0.099000, 0.084000
624, 01_0_48, 0.172000, 0.244000, -0.260000, 0.073000, 0.212000, 0.084000, -0.204000, -0.025000
625, 01_0_49, 0.151000, 0.395000, -0.275000, 0.183000, 0.251000, 0.114000, -0.112000, 0.081000
626, 01_0_50, 0.168000, 0.226000, -0.249000, 0.021000, 0.294000, 0.079000, -0.236000, 0.124000
627, 01_0_51, 0.178000, 0.337000, -0.261000, 0.196000, 0.140000, 0.308000, -0.208000, 0.053000
628, 01_0_52, 0.142000, 0.179000, -0.234000, 0.071000, 0.125000, 0.115000, -0.119000, 0.039000
629, 01_0_53, 0.140000, 0.452000, -0.239000, 0.238000, 0.210000, 0.098000, -0.137000, 0.018000
630, 01_0_54, 0.178000, 0.163000, -0.228000, 0.110000, 0.246000, 0.105000, -0.253000, 0.145000
631, 01_0_55, 0.191000, 0.371000, -0.205000, 0.175000, 0.250000, 0.174000, -0.173000, 0.033000
632, 01_0_56, 0.213000, 0.212000, -0.269000, -0.006000, 0.157000, 0.236000, -0.156000, 0.121000
633, 01_0_57, 0.181000, 0.421000, -0.214000, 0.208000, 0.308000, -0.002000, -0.124000, 0.012000
634, 01_0_58, 0.211000, 0.231000, -0.179000, 0.162000, 0.279000, 0.209000, -0.169000, 0.001000
635, 01_0_59, 0.214000, 0.327000, -0.182000, 0.228000, 0.424000, 0.115000, -0.049000, -0.009000
636, 01_0_60, 0.221000, 0.448000, -0.129000, 0.075000, 0.276000, 0.224000, -0.133000, 0.122000
637, 01_0_61, 0.236000, 0.346000, -0.126000, 0.225000, 0.389000, 0.153000, -0.062000, 0.020000
638, 01_0_62, 0.158000, 0.302000, -0.178000, 0.146000, 0.322000, 0.218000, -0.105000, 0.018000
639, 01_0_63, 0.234000, 0.334000, -0.119000, 0.135000, 0.370000, 0.069000, 0.040000, -0.008000
640, 01_0_64, 0.244000, 0.208000, -0.151000, 0.204000, 0.214000, 0.154000, -0.124000, 0.058000
641, 01_0_65, 0.245000, 0.288000, -0.113000, 0.169000, 0.383000, 0.154000, -0.051000, 0.043000
642, 01_0_66, 0.258000, 0.282000, -0.108000, 0.229000, 0.369000, 0.164000, -0.056000, -0.032000
643, 01_0_67, 0.242000, 0.286000, -0.095000, 0.182000, 0.371000, 0.203000, 0.086000, 0.128000
644, 01_0_68, 0.265000, 0.332000, -0.090000, 0.193000, 0.335000, 0.141000, -0.090000, 0.018000
645, 01_0_69, 0.280000, 0.278000, -0.063000, 0.156000, 0.404000, 0.177000, 0.135000, 0.110000
646, 01_0_70, 0.282000, 0.263000, -0.078000, 0.194000, 0.364000, 0.114000, -0.115000, 0.011000
647, 01_0_71, 0.298000, 0.210000, -0.073000, 0.125000, 0.343000, 0.005000, -0.009000, -0.035000
648, 01_0_72, 0.303000, 0.212000, -0.058000, 0.250000, 0.246000, 0.166000, -0.019000, 0.123000
649, 01_0_73, 0.303000, 0.248000, -0.051000, 0.164000, 0.281000, 0.111000, -0.093000, 0.097000
650, 01_0_74, 0.274000, 0.328000, -0.042000, 0.238000, 0.374000, 0.031000, -0.099000, -0.120000
651, 01_0_75, 0.261000, 0.247000, -0.018000, 0.119000, 0.290000, 0.087000, -0.038000, 0.096000
652, 01_0_76, 0.293000, 0.276000, -0.015000, 0.209000, 0.377000, -0.114000, 0.118000, 0.065000
653, 01_0_77, 0.319000, 0.193000, 0.007000, 0.123000, 0.420000, 0.040000, 0.087000, 0.129000
654, 01_0_78, 0.386000, 0.307000, 0.016000, 0.166000, 0.364000, 0.041000, 0.091000, 0.015000
655, 01_0_79, 0.323000, 0.205000, 0.003000, 0.136000, 0.341000, 0.102000, 0.108000, 0.101000
656, 01_0_80, 0.321000, 0.124000, -0.103000, 0.125000, 0.428000, 0.047000, 0.107000, 0.092000
657, 01_0_81, 0.452000, 0.223000, 0.055000, 0.082000, 0.480000, 0.247000, 0.064000, 0.111000
658, 01_0_82, 0.147000, 0.393000, -0.010000, 0.225000, 0.435000, 0.197000, -0.011000, 0.042000
659, 01_0_83, 0.349000, 0.207000, 0.038000, 0.188000, 0.515000, 0.253000, 0.185000, 0.124000
660, 01_0_84, 0.351000, 0.270000, 0.031000, 0.194000, 0.448000, 0.178000, 0.072000, 0.018000
661, 01_0_85, 0.369000, 0.186000, 0.045000, 0.127000, 0.524000, 0.248000, 0.108000, 0.095000
662, 01_0_86, 0.383000, 0.190000, 0.056000, 0.193000, 0.294000, 0.226000, 0.111000, 0.021000
663, 01_0_87, 0.365000, 0.195000, 0.071000, 0.176000, 0.537000, 0.186000, 0.129000, 0.079000
664, 01_0_88, 0.363000, 0.014000, 0.046000, 0.172000, 0.421000, 0.176000, 0.112000, 0.006000
665, 01_0_89, 0.374000, 0.126000, 0.100000, 0.150000, 0.375000, 0.136000, 0.113000, 0.081000
666, 01_0_90, 0.221000, 0.055000, 0.107000, 0.133000, 0.487000, 0.115000, 0.400000, -0.014000
667, 01_0_91, 0.358000, 0.137000, 0.155000, 0.116000, 0.549000, 0.104000, 0.137000, 0.129000
668, 01_0_92, 0.378000, 0.056000, 0.166000, 0.030000, 0.601000, 0.141000, 0.402000, -0.002000
669, 01_0_93, 0.389000, 0.151000, 0.175000, 0.137000, 0.548000, 0.081000, 0.166000, 0.086000
670, 01_0_94, 0.458000, 0.074000, 0.193000, 0.141000, 0.530000, 0.191000, 0.537000, 0.092000
671, 01_0_95, 0.414000, 0.152000, 0.173000, 0.188000, 0.424000, -0.016000, 0.248000, 0.083000
672, 01_1_00, -0.221000, -0.131000, -0.129000, -0.100000, -0.212000, 0.493000, -0.287000, -0.020000
673, 01_1_01, -0.490000, 0.432000, -0.060000, 0.125000, -0.359000, 0.017000, -0.041000, -0.126000
674, 01_1_02, -0.436000, 0.221000, -0.022000, 0.018000, -0.350000, 0.106000, -0.081000, -0.092000
675, 01_1_03, -0.452000, 0.406000, -0.014000, 0.190000, -0.238000, 0.140000, -0.014000, -0.060000
676, 01_1_04, -0.411000, 0.237000, -0.076000, 0.069000, -0.428000, 0.092000, -0.225000, -0.072000
677, 01_1_05, -0.419000, 0.364000, -0.079000, 0.228000, -0.320000, 0.059000, -0.050000, -0.129000
678, 01_1_06, -0.420000, 0.207000, -0.071000, 0.098000, -0.423000, 0.078000, -0.235000, -0.147000
679, 01_1_07, -0.398000, 0.358000, -0.031000, 0.195000, -0.306000, 0.145000, -0.124000, -0.229000
680, 01_1_08, -0.410000, 0.337000, -0.058000, 0.112000, -0.409000, 0.161000, -0.298000, -0.104000
681, 01_1_09, -0.353000, 0.415000, -0.063000, 0.186000, -0.321000, 0.056000, -0.073000, -0.159000
682, 01_1_10, -0.370000, 0.373000, -0.062000, 0.176000, -0.388000, 0.076000, -0.173000, -0.017000
683, 01_1_11, -0.399000, 0.376000, -0.059000, 0.201000, -0.309000, 0.078000, -0.118000, -0.139000
684, 01_1_12, -0.382000, 0.384000, -0.070000, 0.184000, -0.408000, 0.042000, -0.159000, -0.027000
685, 01_1_13, -0.386000, 0.310000, -0.064000, 0.174000, -0.371000, 0.127000, -0.087000, -0.038000
686, 01_1_14, -0.379000, 0.123000, -0.049000, 0.120000, -0.419000, -0.022000, 0.009000, -0.102000
687, 01_1_15, -0.369000, 0.305000, -0.058000, 0.143000, -0.351000, 0.088000, 0.003000, -0.061000
688, 01_1_16, -0.361000, 0.276000, -0.061000, 0.213000, -0.417000, 0.156000, -0.208000, -0.021000
689, 01_1_17, -0.365000, 0.334000, -0.052000, 0.184000, -0.324000, 0.161000, -0.038000, 0.001000
690, 01_1_18, -0.351000, 0.290000, -0.048000, 0.247000, -0.396000, -0.045000, -0.052000, -0.032000
691, 01_1_19, -0.343000, 0.297000, -0.052000, 0.235000, -0.305000, 0.218000, -0.064000, 0.089000
692, 01_1_20, 0.000000, 0.000000, 0.000000, 0.000000, 0.000000, 0.000000, 0.000000, 0.000000
693, 01_1_21, -0.344000, 0.309000, -0.013000, 0.128000, -0.310000, 0.227000, -0.022000, 0.008000
694, 01_1_22, -0.300000, 0.352000, -0.069000, 0.241000, -0.430000, 0.031000, 0.015000, 0.021000
695, 01_1_23, -0.301000, 0.269000, -0.049000, 0.173000, -0.341000, 0.227000, -0.021000, 0.077000
696, 01_1_24, -0.305000, 0.330000, -0.056000, 0.290000, -0.413000, 0.119000, -0.143000, -0.117000
697, 01_1_25, -0.296000, 0.302000, -0.042000, 0.186000, -0.255000, 0.206000, -0.058000, 0.060000
698, 01_1_26, -0.319000, 0.405000, -0.050000, 0.233000, -0.381000, 0.201000, -0.015000, 0.015000
699, 01_1_27, -0.293000, 0.308000, -0.027000, 0.161000, -0.290000, 0.174000, -0.036000, 0.028000
700, 01_1_28, -0.291000, 0.371000, -0.079000, 0.224000, -0.371000, 0.061000, -0.101000, 0.054000
701, 01_1_29, -0.287000, 0.294000, -0.037000, 0.180000, -0.258000, 0.168000, -0.111000, 0.130000
702, 01_1_30, -0.280000, 0.281000, -0.039000, 0.197000, -0.349000, 0.046000, -0.078000, 0.011000
703, 01_1_31, -0.369000, 0.327000, -0.052000, 0.181000, -0.204000, 0.239000, 0.021000, 0.092000
704, 01_1_32, -0.244000, 0.375000, -0.088000, 0.255000, -0.175000, 0.077000, 0.007000, 0.082000
705, 01_1_33, -0.228000, 0.308000, -0.025000, 0.207000, -0.158000, 0.346000, 0.091000, 0.259000
706, 01_1_34, -0.031000, 0.362000, -0.058000, 0.254000, -0.673000, 0.167000, 0.090000, 0.098000
707, 01_1_35, -0.270000, 0.346000, -0.044000, 0.246000, -0.180000, 0.253000, -0.012000, 0.174000
708, 01_1_36, -0.270000, 0.386000, -0.068000, 0.292000, -0.304000, 0.138000, -0.068000, 0.055000
709, 01_1_37, -0.251000, 0.333000, -0.030000, 0.216000, -0.208000, 0.127000, 0.010000, 0.152000
710, 01_1_38, 0.000000, 0.000000, 0.000000, 0.000000, 0.000000, 0.000000, 0.000000, 0.000000
711, 01_1_39, -0.230000, 0.377000, 0.005000, 0.151000, -0.155000, 0.212000, -0.069000, 0.316000
712, 01_1_40, -0.185000, 0.319000, -0.017000, 0.307000, -0.117000, 0.228000, 0.064000, 0.105000
713, 01_1_41, -0.181000, 0.358000, 0.197000, 0.352000, -0.042000, 0.156000, 0.019000, 0.190000
714, 01_1_42, -0.187000, 0.347000, -0.041000, 0.341000, -0.158000, 0.208000, 0.064000, 0.122000
715, 01_1_43, -0.199000, 0.407000, 0.008000, 0.219000, -0.097000, 0.165000, 0.058000, 0.145000
716, 01_1_44, -0.173000, 0.340000, -0.025000, 0.299000, -0.097000, 0.257000, 0.009000, 0.174000
717, 01_1_45, -0.197000, 0.783000, -0.011000, 0.359000, -0.109000, 0.190000, 0.057000, 0.130000
718, 01_1_46, -0.323000, 0.315000, -0.003000, 0.216000, -0.170000, 0.122000, 0.120000, 0.107000
719, 01_1_47, -0.191000, 0.449000, 0.008000, 0.211000, -0.057000, 0.200000, 0.104000, 0.141000
720, 01_1_48, -0.177000, 0.392000, -0.009000, 0.302000, -0.208000, 0.200000, 0.049000, 0.135000
721, 01_1_49, -0.202000, 0.420000, 0.011000, 0.273000, -0.063000, 0.097000, 0.137000, 0.213000
722, 01_1_50, -0.123000, 0.383000, 0.030000, 0.311000, -0.086000, 0.080000, 0.120000, 0.068000
723, 01_1_51, -0.151000, 0.395000, 0.013000, 0.386000, 0.016000, 0.158000, 0.140000, 0.187000
724, 01_1_52, -0.131000, 0.354000, -0.017000, 0.342000, 0.014000, 0.076000, 0.168000, 0.142000
725, 01_1_53, -0.135000, 0.427000, 0.068000, 0.415000, 0.103000, 0.186000, 0.073000, 0.246000
726, 01_1_54, -0.084000, 0.389000, 0.032000, 0.354000, 0.053000, 0.085000, 0.092000, 0.133000
727, 01_1_55, -0.130000, 0.370000, -0.022000, 0.217000, 0.043000, 0.136000, 0.092000, 0.293000
728, 01_1_56, -0.089000, 0.342000, 0.044000, 0.211000, 0.017000, 0.106000, 0.018000, 0.183000
729, 01_1_57, -0.085000, 0.356000, 0.061000, 0.420000, 0.228000, 0.235000, 0.284000, 0.152000
730, 01_1_58, -0.048000, 0.344000, 0.043000, 0.331000, 0.043000, 0.107000, 0.145000, 0.109000
731, 01_1_59, -0.072000, 0.381000, 0.120000, 0.327000, 0.184000, 0.237000, 0.347000, 0.297000
732, 01_1_60, -0.065000, 0.354000, 0.063000, 0.358000, 0.161000, 0.097000, 0.371000, 0.086000
733, 01_1_61, -0.111000, 0.416000, 0.064000, 0.481000, 0.070000, 0.260000, 0.114000, 0.147000
734, 01_1_62, -0.036000, 0.313000, 0.096000, 0.385000, 0.104000, 0.089000, 0.162000, 0.133000
735, 01_1_63, -0.042000, 0.424000, 0.076000, 0.495000, 0.013000, 0.199000, 0.189000, 0.180000
736, 01_1_64, -0.025000, 0.334000, 0.122000, 0.382000, 0.046000, 0.101000, 0.075000, 0.259000
737, 01_1_65, -0.042000, 0.443000, 0.192000, 0.359000, 0.182000, 0.249000, 0.254000, 0.288000
738, 01_1_66, -0.007000, 0.413000, 0.111000, 0.410000, 0.074000, 0.234000, 0.102000, 0.222000
739, 01_1_67, -0.025000, 0.370000, 0.103000, 0.444000, 0.162000, 0.121000, 0.135000, 0.195000
740, 01_1_68, -0.011000, 0.401000, 0.103000, 0.452000, 0.173000, 0.101000, 0.138000, 0.223000
741, 01_1_69, -0.010000, 0.347000, 0.156000, 0.502000, 0.163000, 0.171000, 0.328000, 0.203000
742, 01_1_70, 0.000000, 0.000000, 0.000000, 0.000000, 0.000000, 0.000000, 0.000000, 0.000000
743, 01_1_71, 0.007000, 0.301000, 0.115000, 0.393000, 0.018000, 0.057000, 0.100000, 0.187000
744, 01_1_72, -0.001000, 0.464000, 0.166000, 0.484000, 0.283000, 0.104000, 0.436000, 0.360000
745, 01_1_73, 0.017000, 0.362000, 0.161000, 0.411000, 0.049000, 0.164000, 0.293000, 0.268000
746, 01_1_74, 0.056000, 0.397000, 0.172000, 0.497000, 0.299000, 0.151000, 0.549000, 0.222000
747, 01_1_75, 0.048000, 0.279000, 0.154000, 0.407000, 0.133000, 0.144000, 0.247000, 0.233000
748, 01_1_76, 0.023000, 0.441000, 0.172000, 0.462000, 0.180000, 0.148000, 0.438000, 0.352000
749, 01_1_77, 0.031000, 0.284000, 0.152000, 0.360000, 0.145000, 0.262000, 0.254000, 0.367000
750, 01_1_78, 0.048000, 0.348000, 0.187000, 0.495000, 0.301000, 0.090000, 0.401000, 0.287000
751, 01_1_79, 0.029000, 0.281000, 0.174000, 0.344000, 0.239000, 0.204000, 0.357000, 0.447000
752, 01_1_80, 0.006000, 0.438000, 0.221000, 0.373000, 0.159000, 0.135000, 0.433000, 0.392000
753, 01_1_81, 0.026000, 0.340000, 0.200000, 0.356000, -0.042000, 0.385000, 0.248000, 0.390000
754, 01_1_82, 0.072000, 0.378000, 0.235000, 0.436000, 0.203000, 0.290000, 0.174000, 0.222000
755, 01_1_83, 0.062000, 0.324000, 0.212000, 0.426000, 0.137000, 0.335000, 0.308000, 0.455000
756, 01_1_84, 0.079000, 0.440000, 0.255000, 0.444000, 0.044000, 0.427000, 0.332000, 0.364000
757, 01_1_85, 0.046000, 0.351000, 0.227000, 0.403000, 0.044000, 0.192000, 0.284000, 0.285000
758, 01_1_86, 0.065000, 0.334000, 0.277000, 0.386000, 0.367000, 0.335000, 0.348000, 0.254000
759, 01_1_87, 0.054000, 0.339000, 0.249000, 0.427000, 0.223000, 0.388000, 0.284000, 0.381000
760, 01_1_88, 0.034000, 0.166000, 0.271000, 0.347000, -0.106000, 0.399000, 0.229000, 0.295000
761, 01_1_89, 0.074000, 0.366000, 0.294000, 0.455000, 0.031000, 0.218000, 0.293000, 0.319000
762, 01_1_90, 0.069000, 0.398000, 0.038000, 0.466000, 0.045000, 0.296000, 0.392000, 0.409000
763, 01_1_91, 0.081000, 0.391000, 0.272000, 0.413000, 0.077000, 0.289000, 0.362000, 0.377000
764, 01_1_92, 0.113000, 0.422000, 0.363000, 0.618000, 0.374000, 0.277000, 0.451000, 0.407000
765, 01_1_93, 0.070000, 0.350000, 0.278000, 0.428000, 0.062000, 0.261000, 0.142000, 0.353000
766, 01_1_94, 0.122000, 0.302000, 0.335000, 0.365000, 0.340000, 0.225000, 0.291000, 0.345000
767, 01_1_95, 0.098000, 0.359000, 0.291000, 0.369000, 0.189000, 0.279000, 0.167000, 0.387000
768, 01_2_00, -0.156000, 0.228000, -0.244000, 0.117000, -0.189000, 0.036000, -0.436000, -0.102000
769, 01_2_01, -0.104000, 0.375000, -0.242000, 0.274000, -0.156000, 0.031000, -0.279000, -0.060000
770, 01_2_02, -0.077000, 0.299000, -0.247000, 0.189000, -0.314000, 0.106000, -0.418000, 0.017000
771, 01_2_03, -0.087000, 0.418000, -0.259000, 0.304000, -0.263000, -0.035000, -0.327000, -0.065000
772, 01_2_04, -0.387000, 0.300000, -0.264000, 0.209000, -0.352000, 0.153000, -0.414000, 0.033000
773, 01_2_05, -0.084000, 0.396000, -0.237000, 0.293000, -0.213000, 0.056000, -0.302000, -0.076000
774, 01_2_06, -0.351000, 0.339000, -0.254000, 0.225000, -0.286000, 0.170000, -0.410000, -0.017000
775, 01_2_07, -0.110000, 0.406000, -0.262000, 0.273000, -0.287000, 0.061000, -0.295000, -0.093000
776, 01_2_08, -0.084000, 0.310000, -0.261000, 0.219000, -0.248000, -0.004000, -0.374000, 0.012000
777, 01_2_09, -0.185000, 0.561000, -0.276000, 0.298000, -0.405000, -0.605000, -0.295000, -0.103000
778, 01_2_10, -0.069000, 0.366000, -0.251000, 0.265000, -0.213000, 0.040000, -0.399000, -0.007000
779, 01_2_11, -0.175000, 0.388000, -0.265000, 0.297000, -0.351000, -0.058000, -0.262000, -0.047000
780, 01_2_12, -0.223000, 0.365000, -0.242000, 0.272000, -0.266000, 0.126000, -0.377000, -0.029000
781, 01_2_13, -0.093000, 0.313000, -0.249000, 0.257000, -0.215000, 0.087000, -0.258000, -0.054000
782, 01_2_14, -0.094000, 0.356000, -0.272000, 0.272000, -0.219000, 0.023000, -0.424000, -0.038000
783, 01_2_15, -0.094000, 0.267000, -0.253000, 0.208000, -0.206000, 0.109000, -0.268000, -0.010000
784, 01_2_16, -0.136000, 0.500000, -0.272000, 0.314000, -0.276000, -0.022000, -0.206000, -0.057000
785, 01_2_17, -0.384000, 0.240000, -0.291000, 0.283000, -0.206000, 0.211000, -0.284000, 0.029000
786, 01_2_18, -0.124000, 0.372000, -0.299000, 0.329000, -0.247000, 0.053000, -0.390000, -0.110000
787, 01_2_19, -0.120000, 0.303000, -0.268000, 0.204000, -0.169000, 0.177000, -0.248000, 0.022000
788, 01_2_20, -0.149000, 0.356000, -0.288000, 0.253000, -0.278000, -0.130000, -0.375000, -0.170000
789, 01_2_21, -0.131000, 0.308000, -0.261000, 0.160000, -0.193000, 0.203000, -0.279000, 0.023000
790, 01_2_22, -0.206000, 0.410000, -0.294000, 0.248000, -0.222000, 0.027000, -0.342000, -0.046000
791, 01_2_23, -0.120000, 0.288000, -0.288000, 0.152000, -0.201000, 0.156000, -0.244000, 0.062000
792, 01_2_24, -0.137000, 0.324000, -0.272000, 0.265000, -0.193000, 0.030000, -0.290000, -0.124000
793, 01_2_25, -0.137000, 0.241000, -0.273000, 0.184000, -0.195000, 0.168000, -0.247000, 0.050000
794, 01_2_26, -0.140000, 0.323000, -0.282000, 0.233000, -0.199000, 0.061000, -0.345000, -0.079000
795, 01_2_27, -0.135000, 0.236000, -0.266000, 0.156000, -0.153000, 0.194000, -0.266000, 0.106000
796, 01_2_28, -0.201000, 0.348000, -0.297000, 0.293000, -0.166000, 0.006000, -0.303000, -0.102000
797, 01_2_29, -0.155000, 0.245000, -0.254000, 0.117000, -0.193000, 0.210000, -0.236000, 0.100000
798, 01_2_30, -0.181000, 0.307000, -0.280000, 0.236000, -0.150000, -0.024000, -0.333000, -0.061000
799, 01_2_31, -0.182000, 0.287000, -0.262000, 0.152000, -0.110000, 0.209000, -0.199000, 0.078000
800, 01_2_32, -0.149000, 0.295000, -0.269000, 0.284000, -0.144000, -0.045000, -0.277000, -0.107000
801, 01_2_33, -0.139000, 0.270000, -0.243000, 0.166000, -0.169000, 0.192000, -0.249000, 0.069000
802, 01_2_34, -0.190000, 0.352000, -0.261000, 0.204000, -0.209000, 0.051000, -0.298000, -0.020000
803, 01_2_35, -0.161000, 0.332000, -0.257000, 0.192000, -0.117000, 0.268000, -0.186000, 0.121000
804, 01_2_36, -0.145000, 0.288000, -0.165000, 0.232000, -0.123000, 0.121000, -0.200000, -0.026000
805, 01_2_37, -0.275000, 0.429000, -0.265000, 0.255000, -0.075000, 0.237000, -0.173000, 0.071000
806, 01_2_38, -0.181000, 0.413000, -0.225000, 0.189000, -0.149000, 0.133000, -0.249000, 0.045000
807, 01_2_39, -0.163000, 0.353000, -0.238000, 0.255000, -0.227000, 0.155000, -0.203000, 0.097000
808, 01_2_40, -0.241000, 0.213000, -0.233000, 0.152000, -0.457000, -0.098000, -0.323000, -0.099000
809, 01_2_41, -0.152000, 0.391000, -0.216000, 0.191000, -0.010000, 0.124000, -0.161000, -0.037000
810, 01_2_42, -0.175000, 0.366000, -0.247000, 0.246000, -0.127000, 0.214000, -0.218000, 0.044000
811, 01_2_43, -0.174000, 0.368000, -0.242000, 0.233000, -0.067000, 0.207000, -0.062000, -0.015000
812, 01_2_44, -0.186000, 0.279000, -0.279000, 0.242000, -0.057000, 0.177000, -0.166000, 0.008000
813, 01_2_45, -0.170000, 0.355000, -0.211000, 0.248000, -0.073000, 0.144000, -0.145000, -0.114000
814, 01_2_46, -0.146000, 0.255000, -0.200000, 0.188000, -0.045000, 0.170000, -0.214000, 0.108000
815, 01_2_47, -0.169000, 0.396000, -0.207000, 0.268000, -0.086000, 0.217000, -0.080000, 0.086000
816, 01_2_48, -0.153000, 0.270000, -0.210000, 0.198000, -0.117000, 0.129000, -0.189000, 0.020000
817, 01_2_49, -0.159000, 0.307000, -0.202000, 0.299000, -0.077000, 0.134000, -0.083000, 0.080000
818, 01_2_50, -0.161000, 0.276000, -0.178000, 0.227000, -0.079000, 0.073000, -0.217000, 0.046000
819, 01_2_51, -0.166000, 0.354000, -0.180000, 0.213000, -0.041000, 0.141000, -0.041000, 0.071000
820, 01_2_52, -0.146000, 0.277000, -0.225000, 0.349000, -0.066000, 0.181000, -0.126000, 0.072000
821, 01_2_53, -0.161000, 0.411000, -0.175000, 0.245000, -0.028000, 0.135000, 0.016000, 0.042000
822, 01_2_54, -0.157000, 0.308000, -0.159000, 0.215000, -0.075000, 0.119000, -0.118000, 0.084000
823, 01_2_55, -0.148000, 0.370000, -0.064000, 0.244000, -0.099000, 0.201000, 0.028000, 0.038000
824, 01_2_56, -0.150000, 0.262000, -0.173000, 0.272000, -0.054000, 0.200000, -0.146000, -0.423000
825, 01_2_57, -0.168000, 0.392000, -0.163000, 0.293000, -0.090000, 0.242000, 0.038000, 0.030000
826, 01_2_58, 0.000000, 0.000000, 0.000000, 0.000000, 0.000000, 0.000000, 0.000000, 0.000000
827, 01_2_59, -0.165000, 0.339000, -0.139000, 0.236000, 0.009000, 0.149000, 0.093000, 0.009000
828, 01_2_60, -0.340000, 0.817000, -0.114000, 0.190000, -0.135000, 0.106000, -0.148000, -0.043000
829, 01_2_61, -0.175000, 0.410000, -0.120000, 0.235000, -0.041000, 0.183000, -0.089000, -0.076000
830, 01_2_62, -0.135000, 0.336000, -0.129000, 0.227000, -0.138000, 0.121000, -0.146000, -0.016000
831, 01_2_63, -0.151000, 0.347000, -0.100000, 0.223000, 0.063000, 0.254000, 0.113000, -0.028000
832, 01_2_64, -0.154000, 0.320000, -0.149000, 0.244000, 0.041000, 0.105000, 0.098000, 0.113000
833, 01_2_65, -0.166000, 0.382000, -0.098000, 0.287000, 0.063000, 0.266000, 0.205000, 0.140000
834, 01_2_66, -0.140000, 0.315000, -0.101000, 0.276000, -0.099000, 0.275000, -0.056000, 0.176000
835, 01_2_67, -0.271000, 0.330000, -0.112000, 0.277000, -0.059000, 0.183000, 0.168000, 0.120000
836, 01_2_68, -0.150000, 0.355000, -0.076000, 0.291000, 0.068000, 0.248000, 0.173000, 0.131000
837, 01_2_69, -0.161000, 0.366000, -0.021000, 0.244000, 0.021000, 0.214000, 0.225000, 0.093000
838, 01_2_70, -0.125000, 0.293000, -0.030000, 0.224000, 0.130000, 0.204000, 0.164000, 0.004000
839, 01_2_71, -0.130000, 0.299000, -0.032000, 0.237000, 0.018000, 0.140000, 0.182000, 0.095000
840, 01_2_72, -0.118000, 0.250000, -0.030000, 0.376000, 0.221000, 0.117000, 0.219000, 0.065000
841, 01_2_73, -0.122000, 0.304000, -0.030000, 0.228000, 0.208000, 0.228000, 0.254000, 0.193000
842, 01_2_74, -0.119000, 0.327000, -0.018000, 0.311000, 0.090000, 0.281000, 0.190000, 0.107000
843, 01_2_75, -0.116000, 0.281000, -0.012000, 0.216000, 0.089000, 0.093000, 0.209000, 0.039000
844, 01_2_76, -0.080000, 0.321000, -0.003000, 0.297000, 0.155000, 0.173000, 0.169000, 0.014000
845, 01_2_77, -0.081000, 0.250000, 0.000000, 0.198000, 0.115000, 0.217000, 0.300000, 0.131000
846, 01_2_78, -0.076000, 0.264000, 0.011000, 0.315000, 0.142000, 0.017000, 0.095000, 0.088000
847, 01_2_79, -0.062000, 0.246000, 0.029000, 0.127000, 0.131000, 0.214000, 0.304000, 0.198000
848, 01_2_80, -0.083000, 0.286000, 0.012000, 0.151000, 0.192000, 0.038000, 0.164000, 0.050000
849, 01_2_81, -0.069000, 0.236000, 0.034000, 0.194000, 0.103000, 0.338000, 0.341000, 0.224000
850, 01_2_82, -0.061000, 0.291000, 0.064000, 0.202000, 0.204000, 0.158000, 0.207000, 0.081000
851, 01_2_83, -0.048000, 0.252000, 0.084000, 0.247000, 0.162000, 0.143000, 0.283000, 0.189000
852, 01_2_84, 0.018000, 0.295000, 0.418000, 0.105000, 0.155000, 0.105000, -0.034000, 0.199000
853, 01_2_85, -0.023000, 0.259000, 0.113000, 0.139000, -0.207000, 0.132000, 0.344000, 0.166000
854, 01_2_86, 0.035000, 0.271000, 0.102000, 0.182000, 0.063000, -0.016000, 0.231000, 0.087000
855, 01_2_87, 0.002000, 0.287000, 0.024000, 0.266000, 0.051000, 0.077000, 0.046000, 0.259000
856, 01_2_88, 0.014000, 0.137000, 0.131000, 0.149000, 0.236000, 0.064000, 0.278000, 0.122000
857, 01_2_89, 0.026000, 0.193000, 0.188000, 0.014000, 0.214000, 0.064000, 0.456000, 0.060000
858, 01_2_90, 0.046000, 0.233000, 0.164000, 0.198000, -0.039000, 0.079000, 0.246000, 0.083000
859, 01_2_91, 0.045000, 0.204000, 0.194000, 0.107000, 0.408000, 0.186000, 0.479000, 0.092000
860, 01_2_92, 0.055000, 0.242000, 0.185000, 0.148000, -0.079000, 0.120000, 0.407000, 0.065000
861, 01_2_93, 0.023000, 0.241000, 0.157000, 0.209000, 0.006000, -0.041000, 0.223000, 0.118000
862, 01_2_94, 0.082000, 0.188000, 0.175000, 0.248000, 0.297000, 0.147000, 0.354000, 0.065000
863, 01_2_95, 0.072000, 0.202000, 0.189000, 0.141000, 0.080000, -0.017000, 0.346000, 0.019000
864, 01_3_00, -0.096000, 0.433000, -0.195000, 0.180000, -0.314000, 0.260000, -0.263000, -0.181000
865, 01_3_01, -0.109000, 0.619000, -0.209000, 0.369000, -0.132000, 0.211000, -0.276000, -0.081000
866, 01_3_02, -0.139000, 0.473000, -0.210000, 0.233000, -0.298000, 0.353000, -0.267000, -0.117000
867, 01_3_03, -0.105000, 0.568000, -0.210000, 0.373000, -0.153000, 0.121000, -0.291000, -0.075000
868, 01_3_04, -0.113000, 0.468000, -0.212000, 0.244000, -0.296000, 0.314000, -0.410000, -0.043000
869, 01_3_05, -0.104000, 0.573000, -0.210000, 0.384000, -0.134000, 0.158000, -0.343000, -0.019000
870, 01_3_06, -0.105000, 0.490000, -0.218000, 0.268000, -0.251000, 0.162000, -0.483000, -0.122000
871, 01_3_07, -0.109000, 0.537000, -0.219000, 0.377000, -0.200000, 0.148000, -0.264000, -0.135000
872, 01_3_08, -0.082000, 0.547000, -0.191000, 0.247000, -0.327000, 0.260000, -0.414000, -0.091000
873, 01_3_09, -0.095000, 0.508000, -0.205000, 0.332000, -0.188000, 0.199000, -0.285000, -0.078000
874, 01_3_10, -0.198000, 0.660000, -0.198000, 0.270000, -0.299000, 0.197000, -0.422000, -0.047000
875, 01_3_11, -0.085000, 0.519000, -0.182000, 0.318000, -0.183000, 0.100000, -0.276000, -0.085000
876, 01_3_12, -0.124000, 0.523000, -0.177000, 0.221000, -0.314000, 0.182000, -0.395000, -0.093000
877, 01_3_13, -0.096000, 0.479000, -0.178000, 0.325000, -0.156000, 0.176000, -0.285000, -0.107000
878, 01_3_14, -0.112000, 0.543000, -0.172000, 0.217000, -0.206000, 0.198000, -0.373000, -0.103000
879, 01_3_15, -0.114000, 0.433000, -0.188000, 0.242000, -0.174000, 0.162000, -0.263000, -0.106000
880, 01_3_16, -0.131000, 0.639000, -0.229000, 0.388000, -0.210000, 0.246000, -0.424000, 0.030000
881, 01_3_17, -0.108000, 0.523000, -0.177000, 0.309000, -0.167000, 0.232000, -0.290000, 0.075000
882, 01_3_18, -0.135000, 0.751000, -0.167000, 0.319000, -0.334000, 0.149000, -0.277000, 0.060000
883, 01_3_19, -0.102000, 0.441000, -0.161000, 0.281000, -0.174000, 0.210000, -0.277000, 0.022000
884, 01_3_20, -0.218000, 0.520000, -0.216000, 0.301000, -0.296000, 0.190000, -0.354000, 0.007000
885, 01_3_21, -0.102000, 0.467000, -0.149000, 0.249000, -0.180000, 0.252000, -0.240000, 0.118000
886, 01_3_22, -0.183000, 0.753000, -0.175000, 0.378000, -0.303000, 0.272000, -0.355000, -0.031000
887, 01_3_23, -0.111000, 0.477000, -0.495000, 0.639000, -0.141000, 0.238000, -0.233000, 0.145000
888, 01_3_24, -0.172000, 0.686000, 0.168000, 0.600000, -0.326000, 0.293000, -0.340000, 0.229000
889, 01_3_25, -0.091000, 0.462000, -0.141000, 0.240000, -0.133000, 0.326000, -0.178000, 0.158000
890, 01_3_26, -0.204000, 0.626000, -0.165000, 0.383000, -0.326000, 0.288000, -0.319000, 0.126000
891, 01_3_27, -0.088000, 0.495000, -0.111000, 0.258000, -0.070000, 0.394000, -0.166000, 0.188000
892, 01_3_28, -0.120000, 0.620000, -0.194000, 0.334000, -0.222000, 0.231000, -0.298000, 0.047000
893, 01_3_29, -0.078000, 0.422000, -0.172000, 0.339000, -0.112000, 0.309000, -0.182000, 0.143000
894, 01_3_30, -0.123000, 0.565000, -0.157000, 0.360000, -0.202000, 0.266000, -0.270000, 0.052000
895, 01_3_31, -0.074000, 0.419000, -0.113000, 0.254000, -0.146000, 0.298000, -0.231000, 0.320000
896, 01_3_32, -0.111000, 0.595000, -0.158000, 0.334000, -0.099000, 0.319000, -0.243000, 0.124000
897, 01_3_33, -0.086000, 0.434000, -0.117000, 0.316000, -0.031000, 0.313000, -0.090000, 0.165000
898, 01_3_34, -0.095000, 0.515000, -0.104000, 0.358000, -0.137000, 0.244000, -0.272000, 0.124000
899, 01_3_35, -0.070000, 0.428000, -0.085000, 0.346000, 0.027000, 0.259000, -0.053000, 0.198000
900, 01_3_36, -0.201000, 0.557000, -0.213000, 0.440000, -0.123000, 0.262000, -0.248000, 0.117000
901, 01_3_37, -0.082000, 0.416000, -0.092000, 0.330000, -0.028000, 0.275000, -0.125000, 0.244000
902, 01_3_38, -0.069000, 0.468000, -0.076000, 0.391000, -0.054000, 0.302000, -0.152000, 0.185000
903, 01_3_39, -0.060000, 0.522000, -0.077000, 0.366000, -0.007000, 0.344000, -0.163000, 0.272000
904, 01_3_40, -0.068000, 0.514000, -0.060000, 0.317000, 0.125000, 0.112000, -0.035000, 0.155000
905, 01_3_41, -0.080000, 0.558000, -0.782000, 0.692000, 0.083000, 0.253000, 0.001000, 0.243000
906, 01_3_42, -0.061000, 0.506000, -0.057000, 0.316000, 0.148000, 0.124000, -0.123000, 0.215000
907, 01_3_43, -0.039000, 0.495000, -0.049000, 0.369000, 0.061000, 0.257000, 0.034000, 0.228000
908, 01_3_44, -0.043000, 0.472000, -0.047000, 0.308000, -0.029000, 0.251000, -0.136000, 0.202000
909, 01_3_45, -0.028000, 0.482000, -0.036000, 0.384000, 0.097000, 0.207000, 0.084000, 0.188000
910, 01_3_46, -0.032000, 0.498000, -0.046000, 0.326000, -0.056000, 0.306000, -0.146000, 0.283000
911, 01_3_47, -0.053000, 0.468000, -0.029000, 0.359000, 0.038000, 0.233000, 0.051000, 0.202000
912, 01_3_48, -0.161000, 0.490000, -0.012000, 0.354000, -0.003000, 0.388000, -0.130000, 0.214000
913, 01_3_49, 0.007000, 0.481000, -0.018000, 0.429000, 0.126000, 0.296000, 0.051000, 0.270000
914, 01_3_50, -0.032000, 0.479000, -0.007000, 0.375000, 0.042000, 0.375000, -0.070000, 0.262000
915, 01_3_51, -0.020000, 0.462000, -0.015000, 0.449000, 0.108000, 0.233000, 0.026000, 0.285000
916, 01_3_52, 0.010000, 0.411000, 0.145000, 0.659000, 0.074000, 0.227000, -0.133000, 0.283000
917, 01_3_53, 0.008000, 0.485000, 0.012000, 0.470000, 0.172000, 0.346000, 0.028000, 0.295000
918, 01_3_54, -0.055000, 0.341000, 0.000000, 0.390000, 0.079000, 0.300000, -0.081000, 0.311000
919, 01_3_55, 0.018000, 0.448000, 0.007000, 0.527000, 0.295000, 0.345000, 0.121000, 0.275000
920, 01_3_56, 0.064000, 0.512000, 0.031000, 0.495000, 0.054000, 0.348000, -0.068000, 0.300000
921, 01_3_57, 0.042000, 0.484000, 0.039000, 0.516000, 0.161000, 0.317000, 0.077000, 0.330000
922, 01_3_58, 0.005000, 0.441000, 0.022000, 0.457000, 0.049000, 0.322000, -0.054000, 0.377000
923, 01_3_59, 0.076000, 0.429000, 0.065000, 0.402000, 0.216000, 0.366000, 0.076000, 0.295000
924, 01_3_60, 0.018000, 0.470000, 0.039000, 0.448000, 0.038000, 0.400000, -0.075000, 0.367000
925, 01_3_61, 0.047000, 0.508000, 0.067000, 0.477000, 0.204000, 0.276000, 0.132000, 0.321000
926, 01_3_62, 0.097000, 0.432000, -0.016000, 0.444000, 0.136000, 0.236000, -0.169000, 0.337000
927, 01_3_63, 0.089000, 0.462000, 0.098000, 0.438000, 0.232000, 0.278000, 0.115000, 0.279000
928, 01_3_64, 0.130000, 0.440000, 0.106000, 0.374000, 0.177000, 0.266000, 0.064000, 0.375000
929, 01_3_65, 0.108000, 0.428000, 0.096000, 0.451000, 0.281000, 0.312000, 0.168000, 0.369000
930, 01_3_66, 0.124000, 0.386000, 0.116000, 0.402000, 0.183000, 0.247000, 0.050000, 0.308000
931, 01_3_67, 0.128000, 0.377000, 0.104000, 0.480000, 0.339000, 0.485000, 0.135000, 0.417000
932, 01_3_68, -0.006000, 0.516000, 0.129000, 0.472000, 0.260000, 0.273000, 0.131000, 0.357000
933, 01_3_69, 0.147000, 0.436000, 0.100000, 0.465000, 0.352000, 0.217000, 0.163000, 0.388000
934, 01_3_70, 0.159000, 0.377000, 0.108000, 0.436000, 0.204000, 0.226000, 0.105000, 0.349000
935, 01_3_71, 0.159000, 0.333000, 0.115000, 0.393000, 0.274000, 0.422000, 0.207000, 0.354000
936, 01_3_72, 0.165000, 0.545000, 0.523000, 0.713000, 0.173000, 0.349000, 0.110000, 0.305000
937, 01_3_73, 0.133000, 0.488000, 0.151000, 0.397000, 0.328000, 0.355000, 0.199000, 0.366000
938, 01_3_74, 0.173000, 0.433000, 0.174000, 0.434000, 0.323000, 0.127000, 0.146000, 0.355000
939, 01_3_75, 0.195000, 0.341000, 0.179000, 0.351000, 0.248000, 0.295000, 0.277000, 0.357000
940, 01_3_76, 0.173000, 0.372000, 0.140000, 0.492000, 0.299000, 0.122000, 0.094000, 0.283000
941, 01_3_77, 0.196000, 0.319000, 0.186000, 0.329000, 0.282000, 0.216000, 0.219000, 0.402000
942, 01_3_78, 0.156000, 0.472000, 0.195000, 0.477000, 0.291000, 0.175000, 0.255000, 0.253000
943, 01_3_79, 0.000000, 0.000000, 0.000000, 0.000000, 0.000000, 0.000000, 0.000000, 0.000000
944, 01_3_80, 0.217000, 0.287000, 0.064000, 0.352000, 0.176000, 0.177000, 0.101000, 0.277000
945, 01_3_81, 0.344000, 0.401000, 0.222000, 0.413000, 0.511000, 0.366000, 0.236000, 0.422000
946, 01_3_82, 0.245000, 0.361000, 0.247000, 0.392000, 0.315000, 0.198000, 0.278000, 0.328000
947, 01_3_83, 0.247000, 0.357000, 0.173000, 0.562000, 0.486000, 0.531000, 0.269000, 0.408000
948, 01_3_84, 0.258000, 0.521000, 0.239000, 0.441000, 0.190000, 0.174000, 0.142000, 0.280000
949, 01_3_85, 0.268000, 0.404000, 0.288000, 0.810000, 0.371000, 0.202000, 0.202000, 0.387000
950, 01_3_86, 0.319000, 0.476000, 0.530000, 0.409000, 0.261000, 0.180000, -0.052000, 0.441000
951, 01_3_87, 0.258000, 0.390000, 0.242000, 0.367000, 0.569000, 0.326000, 0.333000, 0.397000
952, 01_3_88, 0.247000, 0.199000, 0.147000, 0.358000, 0.321000, 0.169000, 0.177000, 0.392000
953, 01_3_89, 0.276000, 0.363000, 0.219000, 0.502000, 0.207000, 0.261000, 0.027000, 0.486000
954, 01_3_90, 0.129000, 0.309000, 0.191000, 0.523000, 0.133000, 0.240000, 0.211000, 0.408000
955, 01_3_91, 0.266000, 0.335000, 0.277000, 0.370000, 0.642000, 0.347000, 0.316000, 0.330000
956, 01_3_92, 0.266000, 0.333000, 0.282000, 0.397000, 0.112000, 0.326000, 0.222000, 0.394000
957, 01_3_93, 0.291000, 0.357000, 0.280000, 0.473000, 0.452000, 0.227000, 0.360000, 0.300000
958, 01_3_94, 0.336000, 0.218000, 0.262000, 0.397000, 0.507000, 0.128000, 0.309000, 0.323000
959, 01_3_95, 0.331000, 0.297000, 0.319000, 0.385000, 0.435000, 0.173000, 0.249000, 0.217000
960, 01_4_00, -0.123000, 0.377000, -0.246000, 0.201000, -0.405000, -0.286000, -0.711000, -0.366000
961, 01_4_01, -0.302000, 0.336000, -0.283000, 0.266000, -0.251000, -0.055000, -0.365000, -0.063000
962, 01_4_02, -0.320000, 0.206000, -0.305000, 0.187000, -0.360000, 0.091000, -0.511000, -0.031000
963, 01_4_03, -0.296000, 0.376000, -0.042000, 0.321000, -0.306000, -0.022000, -0.343000, -0.035000
964, 01_4_04, -0.310000, 0.215000, -0.309000, 0.197000, -0.322000, 0.150000, -0.477000, 0.089000
965, 01_4_05, -0.306000, 0.392000, -0.252000, 0.303000, -0.276000, 0.020000, -0.366000, -0.100000
966, 01_4_06, -0.597000, 0.355000, -0.146000, 0.484000, -0.353000, 0.013000, -0.546000, -0.075000
967, 01_4_07, -0.300000, 0.340000, -0.314000, 0.273000, -0.311000, 0.000000, -0.396000, -0.013000
968, 01_4_08, -0.286000, 0.343000, -0.302000, 0.074000, -0.405000, 0.062000, -0.489000, -0.045000
969, 01_4_09, -0.287000, 0.270000, -0.289000, 0.213000, -0.317000, -0.085000, -0.370000, -0.111000
970, 01_4_10, -0.441000, 0.429000, -0.281000, 0.170000, -0.319000, 0.035000, -0.409000, -0.038000
971, 01_4_11, -0.279000, 0.335000, -0.258000, 0.318000, -0.230000, -0.049000, -0.390000, -0.022000
972, 01_4_12, -0.306000, 0.278000, -0.291000, 0.141000, -0.324000, -0.021000, -0.454000, -0.132000
973, 01_4_13, -0.297000, 0.321000, -0.269000, 0.233000, -0.299000, 0.033000, -0.364000, -0.089000
974, 01_4_14, -0.298000, 0.336000, -0.296000, 0.173000, -0.207000, -0.018000, -0.477000, -0.111000
975, 01_4_15, 0.000000, 0.000000, 0.000000, 0.000000, 0.000000, 0.000000, 0.000000, 0.000000
976, 01_4_16, -0.397000, 0.368000, -0.356000, 0.657000, -0.322000, -0.003000, -0.418000, -0.045000
977, 01_4_17, -0.329000, 0.250000, -0.445000, 0.799000, -0.302000, 0.062000, -0.432000, -0.001000
978, 01_4_18, -0.626000, 0.309000, -0.315000, 0.205000, -0.335000, -0.002000, -0.455000, -0.124000
979, 01_4_19, -0.357000, 0.143000, -0.689000, 0.104000, -0.261000, 0.144000, -0.362000, -0.032000
980, 01_4_20, -0.531000, 0.086000, -0.324000, 0.188000, -0.330000, 0.011000, -0.376000, -0.147000
981, 01_4_21, -0.306000, 0.236000, -0.804000, 0.151000, -0.317000, 0.029000, -0.049000, 0.090000
982, 01_4_22, -0.590000, 0.373000, -0.327000, 0.210000, -0.394000, 0.019000, -0.372000, -0.177000
983, 01_4_23, -0.292000, 0.210000, -0.443000, 0.585000, -0.272000, 0.180000, -0.354000, -0.019000
984, 01_4_24, -0.642000, 0.135000, -0.335000, 0.221000, -0.273000, -0.102000, -0.382000, -0.160000
985, 01_4_25, -0.299000, 0.211000, -0.310000, 0.145000, -0.247000, 0.088000, -0.438000, -0.055000
986, 01_4_26, -0.306000, 0.340000, -0.319000, 0.251000, -0.188000, -0.011000, -0.402000, -0.106000
987, 01_4_27, -0.462000, 0.464000, -0.303000, 0.640000, -0.300000, 0.110000, -0.341000, 0.001000
988, 01_4_28, -0.578000, 0.325000, -0.330000, 0.219000, -0.292000, 0.012000, -0.463000, -0.122000
989, 01_4_29, -0.269000, 0.196000, -0.310000, 0.155000, -0.234000, 0.025000, -0.346000, -0.041000
990, 01_4_30, -0.717000, 0.307000, -0.340000, 0.206000, -0.373000, -0.032000, -0.438000, -0.148000
991, 01_4_31, -0.271000, 0.209000, -0.293000, 0.125000, -0.240000, 0.019000, -0.456000, 0.046000
992, 01_4_32, -0.740000, 0.304000, -0.370000, 0.236000, -0.276000, -0.003000, -0.424000, -0.082000
993, 01_4_33, -0.299000, 0.176000, -0.284000, 0.137000, -0.252000, 0.001000, -0.274000, -0.035000
994, 01_4_34, -0.744000, 0.266000, -0.328000, 0.171000, -0.275000, -0.182000, -0.403000, -0.164000
995, 01_4_35, -0.270000, 0.172000, -0.276000, 0.155000, -0.219000, 0.006000, -0.282000, -0.048000
996, 01_4_36, -0.629000, 0.249000, -0.330000, 0.188000, -0.275000, 0.013000, -0.399000, -0.084000
997, 01_4_37, -0.341000, 0.244000, -0.236000, 0.054000, -0.229000, 0.033000, -0.257000, -0.056000
998, 01_4_38, -0.797000, 0.427000, -0.302000, 0.049000, -0.208000, 0.048000, -0.379000, -0.097000
999, 01_4_39, -0.275000, 0.243000, -0.283000, 0.164000, -0.145000, 0.031000, -0.343000, 0.118000
1000, 01_4_40, -0.259000, 0.206000, -0.293000, 0.141000, -0.304000, -0.185000, -0.421000, -0.132000
1001, 01_4_41, -0.248000, 0.177000, -0.347000, 0.545000, -0.145000, -0.086000, -0.284000, -0.032000
1002, 01_4_42, -0.288000, 0.220000, -0.304000, 0.210000, -0.264000, -0.098000, -0.328000, -0.252000
1003, 01_4_43, -0.248000, 0.199000, -0.247000, 0.115000, -0.127000, -0.049000, -0.239000, -0.063000
1004, 01_4_44, -0.268000, 0.423000, -0.294000, 0.188000, -0.200000, -0.020000, -0.338000, -0.117000
1005, 01_4_45, -0.259000, 0.217000, -0.269000, 0.192000, -0.085000, -0.069000, -0.305000, -0.134000
1006, 01_4_46, -0.249000, 0.152000, -0.275000, 0.129000, -0.277000, -0.046000, -0.345000, -0.059000
1007, 01_4_47, -0.226000, 0.331000, -0.252000, 0.206000, -0.122000, -0.000000, -0.272000, -0.017000
1008, 01_4_48, -0.543000, 0.217000, -0.290000, 0.086000, -0.214000, -0.125000, -0.325000, -0.076000
1009, 01_4_49, -0.239000, 0.213000, -0.239000, 0.144000, -0.077000, -0.085000, -0.206000, -0.042000
1010, 01_4_50, -0.318000, 0.121000, -0.303000, 0.106000, -0.073000, -0.093000, -0.276000, -0.048000
1011, 01_4_51, -0.212000, 0.224000, -0.111000, 0.608000, -0.099000, -0.038000, -0.224000, -0.049000
1012, 01_4_52, -0.385000, 0.106000, -0.362000, 0.130000, -0.308000, -0.018000, -0.293000, -0.087000
1013, 01_4_53, -0.255000, 0.237000, -0.237000, 0.130000, -0.056000, -0.086000, -0.297000, -0.181000
1014, 01_4_54, -0.233000, 0.023000, -0.240000, 0.085000, -0.152000, -0.081000, -0.318000, -0.082000
1015, 01_4_55, -0.238000, 0.199000, -0.240000, 0.159000, -0.071000, -0.013000, -0.323000, -0.206000
1016, 01_4_56, -0.551000, 0.215000, -0.303000, 0.083000, -0.049000, -0.111000, -0.297000, -0.150000
1017, 01_4_57, -0.245000, 0.213000, -0.255000, 0.185000, 0.005000, -0.146000, -0.219000, -0.131000
1018, 01_4_58, -0.217000, 0.128000, -0.249000, 0.153000, -0.132000, -0.060000, -0.220000, -0.042000
1019, 01_4_59, -0.201000, 0.143000, -0.176000, 0.112000, -0.011000, -0.091000, -0.180000, -0.033000
1020, 01_4_60, -0.201000, 0.129000, -0.239000, 0.112000, -0.013000, -0.015000, -0.280000, -0.148000
1021, 01_4_61, -0.175000, 0.200000, 0.087000, 0.462000, 0.032000, -0.111000, -0.156000, -0.127000
1022, 01_4_62, -0.186000, 0.083000, -0.219000, 0.087000, -0.010000, -0.025000, -0.183000, -0.166000
1023, 01_4_63, -0.193000, 0.110000, -0.195000, 0.050000, -0.025000, -0.110000, -0.154000, -0.167000
1024, 01_4_64, -0.174000, 0.113000, -0.194000, 0.001000, 0.055000, -0.187000, -0.204000, -0.087000
1025, 01_4_65, -0.180000, 0.126000, -0.222000, 0.202000, 0.062000, -0.084000, -0.149000, -0.129000
1026, 01_4_66, -0.198000, 0.103000, -0.218000, 0.138000, 0.048000, -0.128000, -0.046000, -0.093000
1027, 01_4_67, -0.209000, 0.119000, -0.448000, 0.594000, 0.118000, -0.133000, -0.018000, -0.087000
1028, 01_4_68, -0.171000, 0.152000, -0.205000, 0.114000, -0.001000, -0.165000, -0.067000, -0.116000
1029, 01_4_69, -0.172000, 0.078000, -0.172000, 0.056000, -0.022000, -0.080000, -0.064000, -0.085000
1030, 01_4_70, -0.163000, 0.066000, -0.180000, 0.069000, 0.050000, -0.065000, -0.108000, -0.159000
1031, 01_4_71, -0.153000, 0.047000, -0.191000, 0.083000, 0.080000, -0.174000, -0.097000, -0.167000
1032, 01_4_72, -0.143000, 0.178000, -0.182000, 0.185000, 0.078000, -0.149000, -0.095000, -0.174000
1033, 01_4_73, -0.155000, 0.079000, -0.174000, 0.057000, 0.111000, -0.027000, -0.048000, -0.103000
1034, 01_4_74, -0.155000, 0.155000, -0.172000, 0.131000, 0.130000, 0.003000, -0.082000, -0.143000
1035, 01_4_75, -0.132000, 0.042000, -0.140000, 0.037000, 0.140000, -0.156000, 0.142000, -0.071000
1036, 01_4_76, -0.143000, 0.092000, -0.106000, 0.094000, -0.022000, -0.206000, 0.375000, -0.108000
1037, 01_4_77, -0.118000, 0.011000, -0.082000, -0.003000, 0.121000, -0.015000, 0.370000, 0.036000
1038, 01_4_78, -0.215000, 0.528000, -0.110000, 0.155000, 0.114000, -0.064000, 0.146000, -0.160000
1039, 01_4_79, -0.110000, 0.020000, -0.119000, 0.015000, 0.129000, -0.013000, 0.281000, 0.030000
1040, 01_4_80, -0.089000, -0.091000, -0.099000, -0.010000, -0.011000, -0.018000, 0.245000, -0.104000
1041, 01_4_81, 0.028000, 0.041000, -0.100000, -0.021000, 0.280000, 0.234000, 0.157000, 0.019000
1042, 01_4_82, -0.034000, -0.067000, -0.106000, 0.052000, 0.051000, -0.071000, 0.093000, -0.023000
1043, 01_4_83, -0.074000, 0.026000, -0.101000, 0.058000, 0.122000, 0.103000, 0.122000, 0.030000
1044, 01_4_84, 0.117000, -0.041000, -0.095000, 0.091000, 0.203000, 0.002000, 0.088000, -0.041000
1045, 01_4_85, -0.065000, 0.059000, -0.208000, 0.196000, 0.216000, 0.024000, 0.104000, 0.036000
1046, 01_4_86, -0.020000, 0.186000, 0.038000, -0.167000, 0.077000, 0.102000, 0.086000, 0.011000
1047, 01_4_87, -0.026000, 0.015000, -0.040000, 0.026000, 0.246000, -0.028000, 0.095000, 0.036000
1048, 01_4_88, 0.002000, -0.098000, -0.092000, -0.001000, 0.209000, -0.001000, 0.147000, -0.041000
1049, 01_4_89, -0.015000, 0.019000, -0.013000, -0.054000, 0.284000, 0.048000, 0.064000, 0.095000
1050, 01_4_90, -0.030000, -0.042000, -0.111000, 0.098000, 0.128000, 0.119000, -0.010000, 0.030000
1051, 01_4_91, -0.022000, 0.030000, 0.004000, 0.032000, 0.362000, -0.082000, 0.312000, 0.011000
1052, 01_4_92, -0.024000, 0.026000, 0.006000, 0.011000, 0.239000, -0.024000, 0.214000, 0.064000
1053, 01_4_93, 0.022000, 0.036000, 0.026000, 0.041000, 0.356000, -0.060000, 0.309000, 0.133000
1054, 01_4_94, 0.063000, 0.013000, 0.065000, 0.012000, 0.312000, -0.041000, 0.211000, 0.196000
1055, 01_4_95, 0.185000, 0.293000, 0.342000, 0.430000, 0.229000, -0.096000, 0.188000, 0.073000
1056, 01_5_00, -0.172000, 0.584000, -0.112000, 0.354000, -0.238000, 0.327000, -0.166000, 0.237000
1057, 01_5_01, -0.179000, 0.730000, -0.029000, 0.569000, -0.162000, 0.153000, -0.073000, 0.257000
1058, 01_5_02, -0.158000, 0.575000, -0.135000, 0.443000, -0.343000, 0.338000, -0.205000, 0.240000
1059, 01_5_03, -0.168000, 0.709000, -0.152000, 0.582000, -0.177000, 0.225000, -0.094000, 0.132000
1060, 01_5_04, -0.159000, 0.634000, -0.124000, 0.463000, -0.320000, 0.270000, -0.167000, 0.289000
1061, 01_5_05, -0.166000, 0.715000, -0.132000, 0.558000, -0.211000, 0.257000, -0.113000, 0.160000
1062, 01_5_06, -0.199000, 0.776000, -0.106000, 0.478000, -0.259000, 0.329000, -0.174000, 0.270000
1063, 01_5_07, -0.175000, 0.676000, -0.123000, 0.514000, -0.239000, 0.246000, -0.060000, 0.171000
1064, 01_5_08, -0.163000, 0.604000, -0.128000, 0.457000, -0.215000, 0.073000, -0.192000, 0.323000
1065, 01_5_09, -0.183000, 0.671000, -0.135000, 0.543000, -0.220000, 0.183000, -0.042000, 0.176000
1066, 01_5_10, -0.129000, 0.613000, -0.107000, 0.492000, -0.304000, 0.196000, -0.124000, 0.228000
1067, 01_5_11, -0.130000, 0.599000, -0.121000, 0.507000, -0.197000, 0.149000, -0.046000, 0.098000
1068, 01_5_12, -0.152000, 0.652000, -0.085000, 0.481000, -0.272000, 0.218000, -0.120000, 0.174000
1069, 01_5_13, -0.181000, 0.549000, -0.088000, 0.441000, -0.189000, 0.211000, 0.032000, 0.226000
1070, 01_5_14, -0.138000, 0.537000, -0.100000, 0.439000, -0.243000, 0.116000, -0.115000, 0.143000
1071, 01_5_15, -0.159000, 0.524000, -0.098000, 0.437000, -0.198000, 0.183000, -0.033000, 0.132000
1072, 01_5_16, -0.185000, 0.585000, -0.100000, 0.451000, -0.320000, 0.170000, -0.036000, 0.135000
1073, 01_5_17, -0.165000, 0.534000, -0.078000, 0.363000, -0.209000, 0.122000, -0.061000, 0.168000
1074, 01_5_18, -0.230000, 0.562000, -0.094000, 0.402000, -0.254000, 0.110000, -0.076000, 0.130000
1075, 01_5_19, -0.184000, 0.501000, -0.083000, 0.329000, -0.213000, 0.215000, 0.015000, 0.201000
1076, 01_5_20, -0.207000, 0.512000, -0.096000, 0.393000, -0.279000, 0.199000, -0.068000, 0.078000
1077, 01_5_21, -0.196000, 0.452000, -0.078000, 0.314000, -0.169000, 0.178000, -0.040000, 0.164000
1078, 01_5_22, -0.210000, 0.554000, -0.097000, 0.398000, -0.229000, 0.120000, 0.050000, 0.082000
1079, 01_5_23, -0.196000, 0.451000, -0.058000, 0.215000, -0.133000, 0.020000, 0.015000, 0.175000
1080, 01_5_24, -0.150000, 0.505000, -0.064000, 0.392000, -0.095000, 0.064000, -0.035000, -0.041000
1081, 01_5_25, -0.176000, 0.392000, -0.050000, 0.221000, -0.091000, 0.148000, 0.011000, 0.032000
1082, 01_5_26, -0.153000, 0.450000, -0.068000, 0.336000, -0.149000, 0.049000, -0.037000, 0.014000
1083, 01_5_27, -0.174000, 0.371000, -0.049000, 0.192000, -0.072000, 0.099000, 0.076000, 0.151000
1084, 01_5_28, -0.199000, 0.414000, -0.055000, 0.254000, -0.071000, 0.162000, -0.020000, 0.071000
1085, 01_5_29, -0.137000, 0.351000, -0.036000, 0.238000, -0.068000, 0.048000, 0.036000, 0.081000
1086, 01_5_30, -0.166000, 0.384000, -0.048000, 0.277000, -0.038000, 0.018000, 0.015000, 0.034000
1087, 01_5_31, -0.155000, 0.374000, 0.005000, 0.230000, -0.058000, 0.105000, 0.074000, 0.046000
1088, 01_5_32, -0.166000, 0.425000, -0.033000, 0.318000, -0.069000, 0.073000, 0.119000, 0.016000
1089, 01_5_33, -0.159000, 0.366000, -0.039000, 0.266000, -0.118000, 0.067000, 0.060000, 0.070000
1090, 01_5_34, -0.200000, 0.462000, -0.059000, 0.360000, -0.031000, 0.097000, 0.000000, 0.064000
1091, 01_5_35, -0.180000, 0.437000, -0.036000, 0.323000, -0.020000, 0.099000, 0.113000, 0.235000
1092, 01_5_36, -0.150000, 0.449000, -0.053000, 0.340000, -0.037000, 0.185000, 0.142000, 0.204000
1093, 01_5_37, -0.163000, 0.451000, -0.036000, 0.363000, 0.075000, 0.227000, 0.109000, 0.249000
1094, 01_5_38, -0.150000, 0.489000, -0.022000, 0.346000, -0.020000, 0.198000, 0.067000, 0.238000
1095, 01_5_39, -0.180000, 0.542000, -0.029000, 0.399000, -0.015000, 0.141000, 0.010000, 0.220000
1096, 01_5_40, -0.153000, 0.503000, -0.032000, 0.202000, 0.165000, 0.208000, 0.050000, 0.272000
1097, 01_5_41, -0.168000, 0.571000, 0.161000, 0.460000, 0.081000, 0.183000, 0.095000, 0.274000
1098, 01_5_42, -0.165000, 0.586000, -0.040000, 0.484000, 0.067000, 0.298000, -0.028000, 0.326000
1099, 01_5_43, -0.184000, 0.598000, -0.053000, 0.468000, 0.119000, 0.338000, 0.075000, 0.285000
1100, 01_5_44, -0.153000, 0.569000, -0.024000, 0.471000, 0.015000, 0.307000, 0.057000, 0.368000
1101, 01_5_45, -0.169000, 0.667000, 0.044000, 0.564000, 0.058000, 0.275000, 0.079000, 0.397000
1102, 01_5_46, -0.151000, 0.597000, -0.075000, 0.487000, 0.078000, 0.457000, 0.083000, 0.486000
1103, 01_5_47, -0.176000, 0.744000, -0.048000, 0.631000, 0.057000, 0.441000, 0.098000, 0.356000
1104, 01_5_48, -0.160000, 0.732000, -0.055000, 0.571000, -0.054000, 0.405000, 0.102000, 0.376000
1105, 01_5_49, -0.151000, 0.735000, -0.065000, 0.654000, 0.133000, 0.419000, 0.054000, 0.399000
1106, 01_5_50, -0.158000, 0.764000, -0.034000, 0.593000, 0.062000, 0.495000, 0.044000, 0.406000
1107, 01_5_51, -0.152000, 0.761000, -0.101000, 1.187000, 0.001000, 0.418000, 0.026000, 0.398000
1108, 01_5_52, -0.156000, 0.746000, -0.035000, 0.658000, -0.061000, 0.475000, 0.017000, 0.507000
1109, 01_5_53, -0.149000, 0.768000, -0.340000, 1.028000, 0.114000, 0.470000, 0.052000, 0.401000
1110, 01_5_54, -0.153000, 0.796000, -0.047000, 0.714000, 0.066000, 0.434000, 0.048000, 0.530000
1111, 01_5_55, -0.177000, 0.796000, -0.070000, 0.730000, 0.057000, 0.449000, 0.091000, 0.457000
1112, 01_5_56, -0.163000, 0.708000, -0.037000, 0.584000, 0.031000, 0.503000, 0.029000, 0.432000
1113, 01_5_57, -0.153000, 0.743000, 0.158000, 0.694000, 0.039000, 0.356000, 0.075000, 0.393000
1114, 01_5_58, -0.144000, 0.729000, -0.025000, 0.573000, 0.033000, 0.400000, 0.081000, 0.433000
1115, 01_5_59, -0.153000, 0.691000, -0.044000, 0.626000, 0.153000, 0.479000, 0.132000, 0.373000
1116, 01_5_60, -0.138000, 0.644000, 0.014000, 0.451000, 0.017000, 0.351000, 0.147000, 0.351000
1117, 01_5_61, -0.118000, 0.655000, -0.015000, 0.567000, 0.131000, 0.408000, 0.182000, 0.355000
1118, 01_5_62, -0.091000, 0.611000, -0.007000, 0.559000, -0.007000, 0.280000, 0.162000, 0.294000
1119, 01_5_63, -0.106000, 0.606000, -0.014000, 0.547000, 0.090000, 0.257000, 0.129000, 0.277000
1120, 01_5_64, -0.115000, 0.556000, 0.015000, 0.376000, 0.145000, 0.270000, 0.107000, 0.244000
1121, 01_5_65, -0.118000, 0.604000, -0.015000, 0.457000, -0.053000, 0.265000, 0.092000, 0.333000
1122, 01_5_66, -0.098000, 0.557000, 0.002000, 0.414000, 0.020000, 0.354000, 0.139000, 0.303000
1123, 01_5_67, 0.000000, 0.000000, 0.000000, 0.000000, 0.000000, 0.000000, 0.000000, 0.000000
1124, 01_5_68, -0.091000, 0.464000, 0.012000, 0.391000, 0.085000, 0.210000, 0.061000, 0.178000
1125, 01_5_69, -0.094000, 0.492000, 0.015000, 0.350000, 0.090000, 0.171000, 0.061000, 0.126000
1126, 01_5_70, -0.082000, 0.463000, 0.054000, 0.340000, 0.034000, 0.130000, 0.084000, 0.103000
1127, 01_5_71, -0.058000, 0.419000, 0.057000, 0.234000, 0.095000, 0.130000, 0.111000, 0.051000
1128, 01_5_72, -0.047000, 0.433000, 0.051000, 0.258000, 0.253000, -0.046000, 0.132000, 0.067000
1129, 01_5_73, -0.039000, 0.346000, 0.043000, 0.208000, 0.079000, 0.180000, 0.084000, 0.167000
1130, 01_5_74, -0.057000, 0.439000, 0.045000, 0.310000, 0.129000, 0.111000, 0.249000, 0.091000
1131, 01_5_75, -0.028000, 0.322000, 0.060000, 0.175000, 0.139000, 0.162000, 0.132000, 0.005000
1132, 01_5_76, -0.036000, 0.405000, 0.045000, 0.291000, 0.260000, 0.064000, 0.141000, 0.026000
1133, 01_5_77, -0.003000, 0.309000, 0.059000, 0.188000, 0.155000, 0.207000, 0.066000, 0.174000
1134, 01_5_78, -0.034000, 0.415000, 0.050000, 0.320000, 0.325000, 0.013000, 0.136000, 0.116000
1135, 01_5_79, 0.005000, 0.303000, 0.060000, 0.222000, 0.189000, 0.035000, 0.126000, 0.255000
1136, 01_5_80, -0.034000, 0.326000, 0.057000, 0.304000, 0.321000, 0.046000, 0.174000, 0.043000
1137, 01_5_81, -0.010000, 0.356000, 0.065000, 0.234000, 0.134000, 0.344000, 0.147000, 0.157000
1138, 01_5_82, -0.035000, 0.426000, 0.075000, 0.320000, 0.204000, 0.383000, 0.128000, 0.243000
1139, 01_5_83, -0.004000, 0.372000, 0.071000, 0.287000, 0.132000, 0.162000, 0.141000, 0.210000
1140, 01_5_84, -0.034000, 0.523000, 0.054000, 0.359000, 0.100000, 0.226000, 0.124000, 0.239000
1141, 01_5_85, -0.008000, 0.467000, 0.062000, 0.340000, 0.150000, 0.202000, 0.211000, 0.173000
1142, 01_5_86, -0.006000, 0.486000, 0.061000, 0.336000, 0.211000, 0.202000, 0.369000, 0.160000
1143, 01_5_87, 0.009000, 0.468000, 0.062000, 0.346000, 0.103000, 0.325000, 0.283000, 0.565000
1144, 01_5_88, -0.008000, 0.551000, 0.062000, 0.396000, 0.169000, 0.307000, 0.363000, 0.266000
1145, 01_5_89, -0.009000, 0.498000, 0.064000, 0.372000, 0.441000, 0.256000, 0.191000, 0.193000
1146, 01_5_90, -0.109000, 0.532000, 0.049000, 0.425000, 0.391000, 0.240000, 0.369000, 0.269000
1147, 01_5_91, 0.007000, 0.515000, 0.066000, 0.407000, 0.420000, 0.171000, 0.227000, 0.269000
1148, 01_5_92, -0.090000, 0.496000, 0.074000, 0.450000, 0.241000, 0.284000, 0.182000, 0.335000
1149, 01_5_93, 0.000000, 0.529000, 0.084000, 0.437000, 0.100000, 0.258000, 0.053000, 0.410000
1150, 01_5_94, 0.004000, 0.507000, 0.075000, 0.450000, 0.255000, 0.201000, 0.318000, 0.313000
1151, 01_5_95, 0.015000, 0.521000, 0.089000, 0.415000, 0.117000, 0.186000, 0.011000, 0.399000
1152, 02_0_00, 0.043000, 0.114000, -0.221000, 0.038000, -0.019000, 0.089000, -0.317000, -0.122000
1153, 02_0_01, 0.005000, 0.408000, -0.230000, 0.223000, 0.046000, 0.027000, -0.207000, -0.086000
1154, 02_0_02, 0.009000, 0.177000, -0.249000, 0.090000, -0.081000, 0.030000, -0.445000, -0.036000
1155, 02_0_03, 0.042000, 0.314000, -0.243000, 0.224000, 0.064000, 0.014000, -0.224000, -0.131000
1156, 02_0_04, 0.018000, 0.183000, -0.241000, 0.111000, -0.036000, 0.023000, -0.217000, -0.032000
1157, 02_0_05, 0.007000, 0.389000, -0.249000, 0.239000, 0.060000, 0.014000, -0.254000, -0.124000
1158, 02_0_06, 0.016000, 0.194000, -0.247000, 0.079000, -0.064000, 0.076000, -0.355000, -0.065000
1159, 02_0_07, 0.005000, 0.332000, -0.238000, 0.206000, 0.077000, 0.020000, -0.241000, -0.186000
1160, 02_0_08, 0.028000, 0.238000, -0.254000, 0.183000, -0.022000, 0.117000, -0.348000, -0.032000
1161, 02_0_09, 0.017000, 0.335000, -0.226000, 0.213000, 0.114000, 0.035000, -0.197000, -0.103000
1162, 02_0_10, 0.055000, 0.223000, -0.243000, 0.110000, -0.043000, 0.055000, -0.339000, -0.078000
1163, 02_0_11, 0.032000, 0.329000, -0.238000, 0.233000, 0.050000, 0.173000, -0.208000, -0.081000
1164, 02_0_12, -0.056000, 0.323000, -0.295000, 0.097000, -0.050000, 0.054000, -0.316000, -0.097000
1165, 02_0_13, 0.021000, 0.262000, -0.219000, 0.194000, 0.120000, 0.073000, -0.191000, -0.083000
1166, 02_0_14, 0.034000, 0.289000, -0.221000, 0.105000, -0.074000, 0.116000, -0.253000, -0.081000
1167, 02_0_15, 0.050000, 0.178000, -0.210000, 0.161000, 0.076000, 0.073000, -0.194000, -0.030000
1168, 02_0_16, -0.023000, 0.286000, -0.274000, 0.206000, -0.059000, 0.151000, -0.316000, 0.048000
1169, 02_0_17, 0.017000, 0.293000, -0.226000, 0.215000, 0.102000, 0.107000, -0.157000, 0.034000
1170, 02_0_18, 0.010000, 0.266000, -0.223000, 0.195000, 0.075000, 0.082000, -0.276000, -0.047000
1171, 02_0_19, 0.024000, 0.300000, -0.213000, 0.179000, 0.120000, 0.224000, -0.128000, 0.008000
1172, 02_0_20, 0.020000, 0.251000, -0.235000, 0.189000, 0.026000, 0.063000, -0.281000, -0.029000
1173, 02_0_21, 0.018000, 0.257000, -0.204000, 0.174000, 0.116000, 0.207000, -0.168000, 0.026000
1174, 02_0_22, 0.055000, 0.212000, -0.226000, 0.181000, 0.049000, 0.065000, -0.228000, -0.083000
1175, 02_0_23, 0.039000, 0.239000, -0.195000, 0.163000, 0.150000, 0.159000, -0.157000, 0.075000
1176, 02_0_24, -0.037000, 0.357000, -0.217000, 0.236000, 0.037000, 0.206000, -0.227000, 0.065000
1177, 02_0_25, 0.034000, 0.260000, -0.207000, 0.158000, 0.175000, 0.183000, -0.152000, 0.168000
1178, 02_0_26, 0.040000, 0.320000, -0.199000, 0.223000, 0.004000, 0.100000, -0.243000, -0.005000
1179, 02_0_27, 0.062000, 0.213000, -0.150000, 0.190000, 0.178000, 0.269000, -0.109000, 0.236000
1180, 02_0_28, 0.029000, 0.307000, -0.200000, 0.225000, 0.018000, 0.163000, -0.223000, 0.020000
1181, 02_0_29, 0.045000, 0.266000, -0.174000, 0.119000, 0.154000, 0.252000, -0.113000, 0.100000
1182, 02_0_30, 0.062000, 0.294000, -0.202000, 0.216000, 0.053000, 0.141000, -0.207000, -0.001000
1183, 02_0_31, 0.085000, 0.147000, -0.154000, 0.155000, 0.216000, 0.246000, -0.121000, 0.127000
1184, 02_0_32, 0.046000, 0.279000, -0.194000, 0.308000, 0.085000, 0.171000, -0.156000, 0.038000
1185, 02_0_33, 0.043000, 0.286000, -0.178000, 0.211000, 0.138000, 0.236000, -0.098000, 0.166000
1186, 02_0_34, 0.056000, 0.256000, -0.181000, 0.272000, 0.141000, 0.235000, -0.175000, 0.128000
1187, 02_0_35, 0.060000, 0.303000, -0.148000, 0.223000, 0.190000, 0.232000, -0.065000, 0.195000
1188, 02_0_36, 0.058000, 0.180000, -0.169000, 0.237000, 0.114000, 0.199000, -0.144000, 0.107000
1189, 02_0_37, 0.085000, 0.172000, 0.003000, 0.231000, 0.152000, 0.166000, -0.008000, 0.141000
1190, 02_0_38, 0.037000, 0.241000, -0.145000, 0.255000, 0.121000, 0.220000, -0.060000, 0.088000
1191, 02_0_39, 0.053000, 0.346000, -0.136000, 0.254000, 0.160000, 0.214000, -0.037000, 0.164000
1192, 02_0_40, 0.107000, 0.226000, -0.165000, 0.198000, 0.234000, 0.169000, -0.018000, 0.142000
1193, 02_0_41, -0.025000, 0.209000, 0.018000, 0.348000, 0.216000, 0.154000, -0.007000, 0.120000
1194, 02_0_42, 0.094000, 0.273000, -0.131000, 0.239000, 0.228000, 0.186000, -0.044000, 0.012000
1195, 02_0_43, 0.076000, 0.333000, -0.119000, 0.309000, 0.214000, 0.076000, -0.026000, 0.141000
1196, 02_0_44, 0.043000, 0.251000, -0.117000, 0.257000, 0.167000, 0.146000, 0.004000, 0.112000
1197, 02_0_45, 0.093000, 0.341000, -0.094000, 0.302000, 0.302000, 0.148000, 0.090000, 0.100000
1198, 02_0_46, 0.122000, 0.183000, -0.099000, 0.301000, 0.199000, 0.180000, 0.004000, 0.208000
1199, 02_0_47, 0.080000, 0.339000, -0.095000, 0.326000, 0.188000, 0.150000, -0.043000, 0.182000
1200, 02_0_48, 0.157000, 0.224000, -0.085000, 0.216000, 0.299000, 0.211000, 0.228000, 0.174000
1201, 02_0_49, 0.109000, 0.345000, -0.074000, 0.341000, 0.271000, 0.140000, 0.060000, 0.271000
1202, 02_0_50, 0.046000, 0.354000, -0.098000, 0.314000, 0.221000, 0.187000, 0.008000, 0.227000
1203, 02_0_51, 0.137000, 0.345000, -0.070000, 0.390000, 0.318000, 0.203000, -0.001000, 0.198000
1204, 02_0_52, 0.113000, 0.167000, -0.083000, 0.276000, 0.195000, 0.220000, -0.035000, 0.236000
1205, 02_0_53, 0.113000, 0.355000, -0.071000, 0.446000, 0.251000, 0.171000, 0.102000, 0.189000
1206, 02_0_54, 0.146000, 0.188000, -0.044000, 0.345000, 0.249000, 0.232000, -0.023000, 0.196000
1207, 02_0_55, 0.114000, 0.331000, -0.063000, 0.458000, 0.283000, 0.125000, -0.033000, 0.224000
1208, 02_0_56, 0.182000, 0.355000, -0.055000, 0.396000, 0.156000, 0.317000, 0.011000, 0.262000
1209, 02_0_57, 0.132000, 0.392000, -0.051000, 0.456000, 0.293000, 0.214000, 0.030000, 0.248000
1210, 02_0_58, 0.142000, 0.201000, -0.030000, 0.375000, 0.254000, 0.182000, -0.009000, 0.300000
1211, 02_0_59, 0.162000, 0.391000, -0.021000, 0.414000, 0.301000, 0.169000, 0.131000, 0.175000
1212, 02_0_60, 0.198000, 0.212000, -0.035000, 0.408000, 0.280000, 0.210000, -0.059000, 0.294000
1213, 02_0_61, 0.175000, 0.392000, -0.001000, 0.435000, 0.369000, 0.154000, 0.145000, 0.274000
1214, 02_0_62, 0.217000, 0.285000, 0.002000, 0.434000, 0.369000, 0.154000, 0.235000, 0.388000
1215, 02_0_63, 0.184000, 0.336000, 0.001000, 0.426000, 0.486000, 0.174000, 0.154000, 0.184000
1216, 02_0_64, 0.238000, 0.293000, 0.012000, 0.364000, 0.164000, 0.295000, -0.017000, 0.367000
1217, 02_0_65, 0.160000, 0.423000, -0.022000, 0.503000, 0.220000, 0.222000, 0.035000, 0.437000
1218, 02_0_66, 0.223000, 0.245000, 0.036000, 0.358000, 0.229000, 0.231000, 0.127000, 0.352000
1219, 02_0_67, 0.198000, 0.391000, -0.001000, 0.489000, 0.269000, 0.112000, 0.125000, 0.357000
1220, 02_0_68, 0.242000, 0.268000, 0.027000, 0.435000, 0.323000, 0.160000, 0.135000, 0.367000
1221, 02_0_69, 0.228000, 0.342000, 0.121000, 0.492000, 0.264000, 0.125000, 0.432000, 0.445000
1222, 02_0_70, 0.253000, 0.320000, 0.043000, 0.685000, 0.186000, 0.106000, 0.109000, 0.186000
1223, 02_0_71, 0.253000, 0.142000, 0.047000, 0.375000, 0.248000, 0.060000, 0.103000, 0.365000
1224, 02_0_72, 0.271000, 0.347000, 0.058000, 0.524000, 0.284000, 0.188000, 0.311000, 0.746000
1225, 02_0_73, 0.000000, 0.000000, 0.000000, 0.000000, 0.000000, 0.000000, 0.000000, 0.000000
1226, 02_0_74, 0.267000, 0.312000, 0.073000, 0.576000, 0.711000, 0.211000, 0.366000, 0.389000
1227, 02_0_75, 0.266000, 0.229000, 0.070000, 0.494000, 0.214000, 0.361000, 0.129000, 0.503000
1228, 02_0_76, 0.260000, 0.293000, 0.071000, 0.516000, 0.505000, 0.188000, 0.424000, 0.334000
1229, 02_0_77, 0.259000, 0.345000, 0.124000, 0.483000, 0.380000, 0.329000, 0.321000, 0.453000
1230, 02_0_78, 0.083000, 0.322000, 0.026000, 0.566000, 0.512000, 0.155000, 0.403000, 0.381000
1231, 02_0_79, 0.267000, 0.356000, 0.131000, 0.556000, 0.325000, 0.308000, 0.363000, 0.438000
1232, 02_0_80, 0.281000, 0.241000, 0.006000, 0.588000, 0.394000, 0.314000, 0.547000, 0.363000
1233, 02_0_81, 0.397000, 0.392000, 0.121000, 0.496000, 0.463000, 0.280000, 0.337000, 0.532000
1234, 02_0_82, 0.307000, 0.371000, 0.106000, 0.541000, 0.568000, 0.262000, 0.352000, 0.517000
1235, 02_0_83, 0.316000, 0.313000, 0.125000, 0.530000, 0.444000, 0.289000, 0.464000, 0.479000
1236, 02_0_84, 0.318000, 0.439000, 0.116000, 0.527000, 0.478000, 0.323000, 0.379000, 0.455000
1237, 02_0_85, 0.302000, 0.413000, 0.121000, 0.554000, 0.359000, 0.372000, 0.318000, 0.501000
1238, 02_0_86, 0.348000, 0.351000, 0.130000, 0.510000, 0.540000, 0.343000, 0.351000, 0.539000
1239, 02_0_87, 0.312000, 0.400000, 0.137000, 0.511000, 0.507000, 0.249000, 0.332000, 0.482000
1240, 02_0_88, 0.324000, 0.392000, 0.121000, 0.506000, 0.468000, 0.388000, 0.449000, 0.482000
1241, 02_0_89, 0.325000, 0.452000, 0.152000, 0.490000, 0.642000, 0.281000, 0.334000, 0.515000
1242, 02_0_90, 0.196000, 0.357000, 0.160000, 0.409000, 0.543000, 0.340000, 0.383000, 0.503000
1243, 02_0_91, 0.309000, 0.451000, 0.208000, 0.521000, 0.340000, 0.372000, 0.297000, 0.530000
1244, 02_0_92, 0.302000, 0.396000, 0.018000, 0.558000, 0.804000, 0.470000, 0.464000, 0.459000
1245, 02_0_93, 0.333000, 0.473000, 0.188000, 0.558000, 0.279000, 0.361000, 0.403000, 0.595000
1246, 02_0_94, 0.398000, 0.275000, 0.215000, 0.418000, 0.631000, 0.354000, 0.470000, 0.528000
1247, 02_0_95, 0.366000, 0.444000, 0.230000, 0.513000, 0.430000, 0.190000, 0.259000, 0.595000
1248, 02_1_00, -0.193000, 0.099000, 0.010000, 0.151000, -0.365000, -0.063000, -0.132000, -0.013000
1249, 02_1_01, -0.209000, 0.258000, -0.001000, 0.295000, -0.282000, -0.099000, -0.082000, -0.022000
1250, 02_1_02, -0.225000, 0.120000, -0.025000, 0.203000, -0.289000, -0.070000, -0.176000, 0.038000
1251, 02_1_03, -0.210000, 0.285000, 0.001000, 0.287000, -0.262000, -0.100000, -0.093000, -0.065000
1252, 02_1_04, -0.208000, 0.134000, -0.020000, 0.228000, -0.374000, -0.019000, -0.168000, 0.041000
1253, 02_1_05, -0.212000, 0.260000, -0.024000, 0.326000, -0.213000, -0.184000, -0.165000, -0.120000
1254, 02_1_06, -0.192000, 0.160000, -0.020000, 0.200000, -0.354000, -0.065000, -0.262000, -0.005000
1255, 02_1_07, -0.208000, 0.264000, -0.043000, 0.301000, -0.236000, -0.058000, -0.139000, -0.063000
1256, 02_1_08, -0.185000, 0.215000, -0.020000, 0.237000, -0.351000, -0.136000, -0.237000, 0.020000
1257, 02_1_09, -0.204000, 0.233000, -0.037000, 0.284000, -0.243000, -0.065000, -0.151000, -0.028000
1258, 02_1_10, -0.181000, 0.262000, -0.029000, 0.247000, -0.317000, 0.196000, -0.154000, 0.060000
1259, 02_1_11, -0.187000, 0.230000, -0.031000, 0.296000, -0.198000, -0.037000, -0.116000, -0.019000
1260, 02_1_12, -0.229000, 0.356000, -0.014000, 0.392000, -0.362000, -0.030000, -0.155000, 0.061000
1261, 02_1_13, -0.186000, 0.180000, -0.020000, 0.277000, -0.170000, -0.125000, -0.059000, -0.019000
1262, 02_1_14, -0.179000, 0.222000, -0.022000, 0.236000, -0.237000, -0.059000, -0.104000, 0.114000
1263, 02_1_15, -0.176000, 0.099000, -0.030000, 0.205000, -0.221000, -0.025000, -0.096000, -0.026000
1264, 02_1_16, -0.185000, 0.251000, -0.090000, 0.332000, -0.325000, -0.047000, -0.246000, 0.059000
1265, 02_1_17, -0.150000, 0.342000, -0.020000, 0.447000, -0.191000, 0.016000, -0.018000, 0.230000
1266, 02_1_18, -0.198000, 0.230000, -0.052000, 0.338000, -0.242000, 0.074000, -0.178000, 0.040000
1267, 02_1_19, -0.205000, 0.192000, -0.034000, 0.313000, -0.196000, 0.063000, -0.073000, 0.079000
1268, 02_1_20, -0.194000, 0.222000, -0.081000, 0.366000, -0.209000, -0.087000, -0.207000, -0.026000
1269, 02_1_21, -0.175000, 0.144000, -0.037000, 0.265000, -0.214000, 0.092000, -0.060000, 0.003000
1270, 02_1_22, -0.168000, 0.245000, -0.132000, 0.402000, -0.330000, -0.093000, -0.219000, -0.036000
1271, 02_1_23, -0.178000, 0.173000, -0.088000, 0.329000, -0.181000, 0.033000, -0.077000, 0.094000
1272, 02_1_24, -0.196000, 0.356000, -0.080000, 0.366000, -0.369000, 0.098000, -0.275000, 0.047000
1273, 02_1_25, -0.172000, 0.190000, -0.056000, 0.305000, -0.084000, 0.100000, -0.055000, 0.142000
1274, 02_1_26, -0.189000, 0.341000, -0.123000, 0.402000, -0.185000, 0.073000, -0.170000, -0.005000
1275, 02_1_27, -0.161000, 0.169000, -0.073000, 0.325000, -0.190000, 0.070000, -0.071000, 0.135000
1276, 02_1_28, -0.224000, 0.362000, -0.054000, 0.325000, -0.348000, 0.082000, -0.117000, 0.100000
1277, 02_1_29, -0.156000, 0.216000, -0.045000, 0.307000, -0.117000, 0.114000, -0.025000, 0.158000
1278, 02_1_30, -0.166000, 0.297000, -0.091000, 0.383000, -0.150000, 0.154000, -0.155000, 0.096000
1279, 02_1_31, -0.137000, 0.169000, -0.052000, 0.346000, -0.118000, 0.114000, -0.067000, 0.208000
1280, 02_1_32, -0.162000, 0.270000, -0.072000, 0.362000, -0.211000, -0.064000, -0.107000, 0.094000
1281, 02_1_33, -0.151000, 0.192000, -0.050000, 0.324000, -0.092000, 0.177000, -0.007000, 0.182000
1282, 02_1_34, -0.170000, 0.319000, -0.063000, 0.380000, -0.180000, 0.154000, -0.110000, 0.070000
1283, 02_1_35, -0.138000, 0.251000, -0.037000, 0.370000, -0.105000, 0.203000, -0.111000, 0.280000
1284, 02_1_36, -0.219000, 0.342000, -0.065000, 0.340000, -0.146000, 0.163000, -0.062000, 0.104000
1285, 02_1_37, -0.149000, 0.251000, -0.050000, 0.378000, -0.046000, 0.121000, -0.002000, 0.305000
1286, 02_1_38, -0.157000, 0.328000, -0.081000, 0.445000, -0.206000, 0.180000, -0.077000, 0.170000
1287, 02_1_39, 0.000000, 0.000000, 0.000000, 0.000000, 0.000000, 0.000000, 0.000000, 0.000000
1288, 02_1_40, -0.109000, 0.252000, -0.074000, 0.237000, -0.043000, -0.025000, 0.101000, -0.039000
1289, 02_1_41, -0.117000, 0.248000, -0.062000, 0.377000, -0.018000, 0.102000, 0.053000, 0.199000
1290, 02_1_42, -0.124000, 0.267000, -0.066000, 0.403000, -0.106000, -0.032000, -0.049000, 0.051000
1291, 02_1_43, -0.111000, 0.255000, -0.043000, 0.400000, 0.000000, 0.062000, 0.073000, 0.183000
1292, 02_1_44, 0.000000, 0.000000, 0.000000, 0.000000, 0.000000, 0.000000, 0.000000, 0.000000
1293, 02_1_45, -0.104000, 0.288000, -0.034000, 0.424000, -0.027000, 0.110000, 0.100000, 0.103000
1294, 02_1_46, -0.083000, 0.452000, -0.037000, 0.559000, -0.088000, 0.195000, -0.013000, 0.208000
1295, 02_1_47, -0.003000, 0.856000, -0.021000, 0.614000, 0.033000, 0.178000, 0.129000, 0.271000
1296, 02_1_48, -0.097000, 0.343000, -0.004000, 0.321000, -0.087000, 0.163000, -0.043000, 0.151000
1297, 02_1_49, -0.103000, 0.388000, -0.034000, 0.424000, 0.048000, 0.105000, 0.147000, 0.158000
1298, 02_1_50, -0.092000, 0.283000, -0.026000, 0.339000, -0.159000, 0.165000, -0.017000, 0.230000
1299, 02_1_51, 0.000000, 0.000000, 0.000000, 0.000000, 0.000000, 0.000000, 0.000000, 0.000000
1300, 02_1_52, -0.096000, 0.169000, -0.013000, 0.326000, -0.046000, 0.301000, 0.054000, 0.323000
1301, 02_1_53, -0.102000, 0.403000, -0.022000, 0.510000, 0.039000, 0.137000, 0.247000, 0.210000
1302, 02_1_54, -0.059000, 0.165000, 0.017000, 0.362000, -0.020000, 0.116000, 0.155000, 0.279000
1303, 02_1_55, -0.058000, 0.256000, -0.023000, 0.519000, 0.010000, 0.127000, 0.143000, 0.135000
1304, 02_1_56, -0.083000, 0.400000, -0.015000, 0.272000, -0.003000, 0.140000, 0.082000, 0.265000
1305, 02_1_57, -0.062000, 0.288000, -0.011000, 0.486000, 0.040000, 0.142000, 0.112000, 0.164000
1306, 02_1_58, -0.073000, 0.255000, 0.025000, 0.377000, -0.013000, 0.196000, 0.268000, 0.292000
1307, 02_1_59, -0.042000, 0.303000, 0.015000, 0.481000, 0.156000, 0.167000, 0.242000, 0.284000
1308, 02_1_60, -0.014000, 0.291000, 0.030000, 0.418000, 0.062000, 0.107000, 0.211000, 0.314000
1309, 02_1_61, -0.047000, 0.334000, 0.029000, 0.476000, 0.106000, 0.139000, 0.260000, 0.263000
1310, 02_1_62, -0.003000, 0.156000, -0.800000, 1.416000, 0.043000, 0.051000, 0.008000, 0.173000
1311, 02_1_63, -0.024000, 0.293000, 0.026000, 0.463000, 0.176000, 0.109000, 0.285000, 0.255000
1312, 02_1_64, 0.010000, 0.336000, 0.030000, 0.424000, 0.003000, 0.107000, 0.054000, 0.272000
1313, 02_1_65, -0.028000, 0.383000, 0.035000, 0.463000, 0.190000, 0.231000, 0.269000, 0.309000
1314, 02_1_66, 0.050000, 0.244000, 0.055000, 0.432000, 0.063000, 0.183000, 0.156000, 0.362000
1315, 02_1_67, 0.003000, 0.292000, 0.064000, 0.415000, 0.189000, 0.120000, 0.190000, 0.294000
1316, 02_1_68, 0.058000, 0.251000, 0.064000, 0.441000, 0.242000, 0.072000, 0.265000, 0.256000
1317, 02_1_69, 0.021000, 0.294000, 0.069000, 0.455000, 0.035000, 0.212000, 0.239000, 0.337000
1318, 02_1_70, 0.037000, 0.329000, 0.071000, 0.437000, 0.121000, 0.126000, 0.217000, 0.281000
1319, 02_1_71, 0.044000, 0.224000, 0.072000, 0.451000, 0.017000, 0.264000, 0.334000, 0.319000
1320, 02_1_72, 0.062000, 0.319000, 0.067000, 0.546000, 0.228000, 0.144000, 0.358000, 0.298000
1321, 02_1_73, 0.061000, 0.260000, 0.084000, 0.393000, 0.134000, 0.155000, 0.192000, 0.272000
1322, 02_1_74, 0.066000, 0.266000, 0.073000, 0.591000, 0.182000, 0.136000, 0.193000, 0.381000
1323, 02_1_75, 0.080000, 0.224000, 0.127000, 0.361000, 0.010000, 0.205000, 0.249000, 0.357000
1324, 02_1_76, 0.056000, 0.287000, 0.089000, 0.577000, 0.190000, 0.049000, 0.191000, 0.249000
1325, 02_1_77, 0.087000, 0.211000, 0.137000, 0.401000, 0.198000, 0.120000, 0.299000, 0.328000
1326, 02_1_78, 0.017000, 0.388000, 0.126000, 0.686000, 0.009000, 0.115000, 0.307000, 0.339000
1327, 02_1_79, 0.086000, 0.247000, 0.129000, 0.397000, 0.177000, 0.217000, 0.298000, 0.417000
1328, 02_1_80, 0.113000, 0.274000, 0.066000, 0.849000, 0.177000, 0.084000, 0.237000, 0.415000
1329, 02_1_81, 0.224000, 0.293000, 0.142000, 0.408000, 0.308000, 0.272000, 0.282000, 0.415000
1330, 02_1_82, 0.112000, 0.435000, 0.137000, 0.588000, 0.292000, 0.304000, 0.447000, 0.367000
1331, 02_1_83, 0.134000, 0.257000, 0.149000, 0.443000, 0.300000, 0.338000, 0.386000, 0.480000
1332, 02_1_84, 0.155000, 0.261000, 0.144000, 0.494000, 0.164000, 0.259000, 0.273000, 0.440000
1333, 02_1_85, 0.150000, 0.273000, 0.157000, 0.447000, 0.279000, 0.165000, 0.233000, 0.430000
1334, 02_1_86, 0.167000, 0.366000, 0.156000, 0.550000, 0.315000, 0.316000, 0.278000, 0.558000
1335, 02_1_87, 0.119000, 0.269000, 0.173000, 0.465000, 0.307000, 0.101000, 0.460000, 0.406000
1336, 02_1_88, 0.182000, 0.345000, 0.183000, 0.328000, 0.323000, 0.243000, 0.453000, 0.505000
1337, 02_1_89, 0.182000, 0.271000, 0.177000, 0.448000, 0.349000, 0.203000, 0.489000, 0.448000
1338, 02_1_90, 0.012000, 0.402000, 0.156000, 0.555000, 0.290000, 0.636000, 0.431000, 0.452000
1339, 02_1_91, 0.149000, 0.284000, 0.228000, 0.409000, 0.093000, 0.312000, 0.490000, 0.434000
1340, 02_1_92, 0.151000, 0.394000, 0.192000, 0.495000, 0.386000, 0.324000, 0.434000, 0.408000
1341, 02_1_93, 0.187000, 0.415000, 0.197000, 0.595000, 0.268000, 0.236000, 0.382000, 0.478000
1342, 02_1_94, 0.232000, 0.396000, 0.224000, 0.569000, 0.215000, 0.245000, 0.306000, 0.399000
1343, 02_1_95, 0.230000, 0.333000, 0.233000, 0.478000, 0.092000, 0.348000, 0.149000, 0.404000
1344, 02_2_00, -0.006000, 0.235000, -0.087000, 0.235000, -0.159000, 0.100000, -0.232000, -0.001000
1345, 02_2_01, -0.026000, 0.376000, -0.106000, 0.413000, 0.081000, 0.031000, -0.086000, -0.069000
1346, 02_2_02, -0.046000, 0.283000, -0.073000, 0.265000, -0.090000, 0.109000, -0.125000, 0.108000
1347, 02_2_03, -0.051000, 0.413000, -0.079000, 0.401000, -0.042000, -0.077000, -0.058000, -0.049000
1348, 02_2_04, 0.006000, 0.365000, -0.067000, 0.327000, -0.110000, 0.192000, -0.159000, 0.163000
1349, 02_2_05, -0.003000, 0.493000, -0.083000, 0.439000, 0.006000, -0.015000, -0.023000, -0.033000
1350, 02_2_06, -0.079000, 0.356000, -0.058000, 0.364000, -0.120000, 0.157000, -0.127000, 0.149000
1351, 02_2_07, -0.021000, 0.452000, -0.082000, 0.422000, -0.003000, 0.054000, -0.038000, -0.033000
1352, 02_2_08, -0.010000, 0.328000, -0.081000, 0.419000, -0.130000, 0.128000, -0.007000, 0.060000
1353, 02_2_09, -0.034000, 0.434000, -0.098000, 0.413000, -0.028000, 0.049000, -0.069000, -0.028000
1354, 02_2_10, -0.022000, 0.347000, -0.106000, 0.444000, -0.116000, 0.105000, -0.068000, 0.051000
1355, 02_2_11, -0.026000, 0.445000, -0.108000, 0.406000, -0.006000, 0.093000, -0.076000, 0.006000
1356, 02_2_12, -0.053000, 0.421000, -0.054000, 0.415000, -0.078000, 0.171000, -0.064000, 0.036000
1357, 02_2_13, -0.037000, 0.443000, -0.074000, 0.442000, -0.010000, 0.110000, -0.017000, 0.034000
1358, 02_2_14, -0.028000, 0.445000, -0.102000, 0.429000, -0.096000, 0.198000, -0.078000, 0.104000
1359, 02_2_15, -0.002000, 0.419000, 0.124000, 0.407000, -0.013000, 0.113000, 0.001000, 0.095000
1360, 02_2_16, 0.019000, 0.528000, -0.111000, 0.471000, -0.065000, 0.167000, -0.064000, 0.183000
1361, 02_2_17, 0.023000, 0.463000, -0.106000, 0.421000, 0.040000, 0.135000, 0.015000, 0.087000
1362, 02_2_18, -0.066000, 0.707000, -0.109000, 0.466000, -0.145000, 0.161000, -0.099000, 0.174000
1363, 02_2_19, -0.035000, 0.428000, -0.106000, 0.381000, -0.002000, 0.099000, -0.017000, 0.106000
1364, 02_2_20, -0.105000, 0.567000, -0.104000, 0.440000, -0.111000, 0.218000, -0.037000, 0.188000
1365, 02_2_21, -0.008000, 0.468000, -0.111000, 0.393000, 0.012000, 0.178000, -0.022000, 0.181000
1366, 02_2_22, 0.018000, 0.577000, -0.114000, 0.463000, -0.049000, 0.168000, -0.072000, 0.158000
1367, 02_2_23, 0.030000, 0.458000, -0.098000, 0.414000, 0.047000, 0.190000, 0.007000, 0.239000
1368, 02_2_24, -0.071000, 0.543000, -0.133000, 0.443000, -0.087000, 0.244000, -0.047000, 0.170000
1369, 02_2_25, 0.000000, 0.475000, -0.142000, 0.372000, -0.013000, 0.234000, -0.041000, 0.169000
1370, 02_2_26, -0.006000, 0.554000, -0.127000, 0.453000, -0.041000, 0.252000, 0.027000, 0.234000
1371, 02_2_27, -0.060000, 0.460000, -0.105000, 0.366000, 0.027000, 0.227000, -0.012000, 0.171000
1372, 02_2_28, 0.005000, 0.553000, -0.074000, 0.478000, 0.001000, 0.267000, -0.001000, 0.248000
1373, 02_2_29, 0.026000, 0.479000, -0.063000, 0.419000, 0.032000, 0.168000, 0.010000, 0.243000
1374, 02_2_30, 0.016000, 0.564000, -0.117000, 0.474000, 0.023000, 0.289000, 0.023000, 0.324000
1375, 02_2_31, 0.040000, 0.463000, -0.088000, 0.404000, 0.051000, 0.215000, 0.073000, 0.243000
1376, 02_2_32, -0.026000, 0.551000, -0.108000, 0.463000, -0.005000, 0.252000, -0.014000, 0.292000
1377, 02_2_33, 0.005000, 0.710000, -0.071000, 0.371000, 0.052000, 0.348000, 0.049000, 0.309000
1378, 02_2_34, -0.013000, 0.552000, -0.116000, 0.478000, -0.034000, 0.273000, 0.066000, 0.362000
1379, 02_2_35, 0.042000, 0.489000, -0.117000, 0.466000, 0.040000, 0.291000, 0.118000, 0.311000
1380, 02_2_36, -0.007000, 0.610000, -0.125000, 0.477000, -0.061000, 0.326000, 0.081000, 0.420000
1381, 02_2_37, -0.010000, 0.541000, -0.110000, 0.449000, 0.042000, 0.323000, 0.090000, 0.344000
1382, 02_2_38, -0.060000, 0.562000, -0.134000, 0.511000, -0.052000, 0.360000, 0.066000, 0.376000
1383, 02_2_39, 0.004000, 0.598000, -0.147000, 0.509000, 0.045000, 0.345000, 0.091000, 0.367000
1384, 02_2_40, 0.039000, 0.543000, -0.061000, 0.395000, 0.066000, 0.203000, 0.363000, 0.187000
1385, 02_2_41, 0.051000, 0.619000, -0.071000, 0.479000, 0.191000, 0.142000, 0.354000, 0.121000
1386, 02_2_42, -0.003000, 0.694000, -0.137000, 0.505000, 0.050000, 0.276000, 0.299000, 0.236000
1387, 02_2_43, 0.025000, 0.627000, -0.070000, 0.512000, 0.156000, 0.161000, 0.354000, 0.134000
1388, 02_2_44, -0.061000, 0.738000, -0.085000, 0.460000, 0.047000, 0.333000, 0.259000, 0.373000
1389, 02_2_45, 0.064000, 0.674000, 0.035000, 0.475000, 0.108000, 0.299000, 0.211000, 0.058000
1390, 02_2_46, -0.013000, 0.575000, -0.103000, 0.446000, 0.056000, 0.393000, 0.256000, 0.332000
1391, 02_2_47, 0.056000, 0.676000, -0.066000, 0.597000, 0.117000, 0.304000, 0.220000, 0.157000
1392, 02_2_48, 0.051000, 0.656000, -0.092000, 0.442000, 0.215000, 0.233000, 0.162000, 0.340000
1393, 02_2_49, 0.041000, 0.684000, -0.113000, 0.522000, 0.061000, 0.188000, 0.249000, 0.098000
1394, 02_2_50, 0.060000, 0.666000, -0.097000, 0.446000, 0.049000, 0.447000, 0.194000, 0.303000
1395, 02_2_51, 0.066000, 0.751000, -0.052000, 0.543000, 0.095000, 0.364000, 0.167000, 0.342000
1396, 02_2_52, 0.064000, 0.699000, -0.119000, 0.508000, 0.015000, 0.447000, 0.128000, 0.316000
1397, 02_2_53, 0.060000, 0.752000, -0.128000, 0.609000, 0.107000, 0.333000, 0.042000, 0.292000
1398, 02_2_54, 0.028000, 0.676000, -0.088000, 0.479000, 0.046000, 0.348000, 0.076000, 0.389000
1399, 02_2_55, 0.077000, 0.755000, -0.097000, 0.595000, 0.144000, 0.296000, 0.080000, 0.258000
1400, 02_2_56, -0.000000, 0.705000, -0.112000, 0.499000, 0.026000, 0.368000, 0.047000, 0.342000
1401, 02_2_57, 0.036000, 0.793000, -0.125000, 0.570000, 0.177000, 0.375000, 0.034000, 0.338000
1402, 02_2_58, 0.098000, 0.719000, -0.088000, 0.473000, 0.047000, 0.371000, 0.099000, 0.495000
1403, 02_2_59, 0.086000, 0.761000, -0.092000, 0.524000, 0.151000, 0.391000, 0.121000, 0.347000
1404, 02_2_60, 0.095000, 0.733000, -0.094000, 0.545000, 0.059000, 0.431000, 0.111000, 0.409000
1405, 02_2_61, 0.093000, 0.725000, -0.113000, 0.584000, 0.143000, 0.241000, 0.148000, 0.411000
1406, 02_2_62, 0.105000, 0.722000, -0.077000, 0.494000, 0.120000, 0.415000, -0.005000, 0.396000
1407, 02_2_63, 0.102000, 0.875000, -0.082000, 0.642000, 0.146000, 0.269000, 0.027000, 0.298000
1408, 02_2_64, 0.057000, 0.823000, -0.081000, 0.456000, 0.017000, 0.500000, 0.051000, 0.406000
1409, 02_2_65, 0.060000, 0.800000, -0.114000, 0.597000, 0.091000, 0.478000, 0.053000, 0.470000
1410, 02_2_66, 0.072000, 0.772000, -0.083000, 0.511000, 0.124000, 0.458000, 0.085000, 0.315000
1411, 02_2_67, 0.067000, 0.781000, -0.096000, 0.559000, 0.160000, 0.378000, -0.015000, 0.393000
1412, 02_2_68, 0.081000, 0.773000, -0.095000, 0.551000, 0.095000, 0.396000, 0.024000, 0.410000
1413, 02_2_69, 0.074000, 0.736000, -0.111000, 0.539000, 0.189000, 0.388000, 0.071000, 0.394000
1414, 02_2_70, 0.088000, 0.779000, -0.084000, 0.581000, 0.160000, 0.251000, 0.033000, 0.417000
1415, 02_2_71, 0.084000, 0.775000, -0.095000, 0.520000, 0.212000, 0.421000, 0.162000, 0.314000
1416, 02_2_72, 0.229000, 0.822000, -0.093000, 0.653000, 0.138000, 0.397000, 0.043000, 0.442000
1417, 02_2_73, 0.083000, 0.806000, -0.069000, 0.523000, 0.136000, 0.398000, -0.007000, 0.375000
1418, 02_2_74, 0.087000, 0.787000, -0.086000, 0.547000, 0.120000, 0.431000, 0.067000, 0.435000
1419, 02_2_75, 0.098000, 0.711000, -0.096000, 0.595000, 0.112000, 0.439000, 0.155000, 0.338000
1420, 02_2_76, 0.106000, 0.796000, -0.069000, 0.658000, 0.352000, 0.189000, 0.117000, 0.429000
1421, 02_2_77, 0.124000, 0.685000, -0.042000, 0.541000, 0.515000, 0.499000, 0.181000, 0.528000
1422, 02_2_78, 0.107000, 0.787000, -0.038000, 0.690000, 0.462000, 0.277000, 0.127000, 0.450000
1423, 02_2_79, 0.120000, 0.722000, -0.024000, 0.574000, 0.374000, 0.487000, 0.135000, 0.463000
1424, 02_2_80, 0.109000, 0.805000, 0.397000, 0.791000, 0.439000, 0.312000, 0.107000, 0.353000
1425, 02_2_81, 0.106000, 0.689000, -0.071000, 0.544000, 0.409000, 0.533000, 0.047000, 0.516000
1426, 02_2_82, 0.088000, 0.810000, -0.071000, 0.620000, 0.327000, 0.476000, 0.147000, 0.444000
1427, 02_2_83, 0.096000, 0.709000, -0.063000, 0.579000, 0.356000, 0.649000, 0.087000, 0.497000
1428, 02_2_84, 0.114000, 0.785000, -0.042000, 0.621000, 0.349000, 0.446000, 0.047000, 0.443000
1429, 02_2_85, 0.114000, 0.709000, -0.044000, 0.609000, 0.237000, 0.379000, 0.086000, 0.397000
1430, 02_2_86, 0.102000, 0.774000, -0.047000, 0.683000, 0.336000, 0.321000, 0.205000, 0.406000
1431, 02_2_87, 0.095000, 0.733000, -0.040000, 0.610000, 0.293000, 0.359000, 0.105000, 0.519000
1432, 02_2_88, 0.003000, 0.684000, -0.220000, 0.584000, 0.348000, 0.453000, 0.157000, 0.561000
1433, 02_2_89, 0.117000, 0.634000, -0.016000, 0.577000, 0.216000, 0.302000, 0.126000, 0.300000
1434, 02_2_90, 0.106000, 0.661000, -0.013000, 0.613000, 0.319000, 0.567000, 0.292000, 0.316000
1435, 02_2_91, 0.101000, 0.680000, -0.014000, 0.601000, 0.161000, 0.522000, 0.060000, 0.301000
1436, 02_2_92, 0.092000, 0.589000, 0.019000, 0.551000, 0.224000, 0.665000, 0.151000, 0.459000
1437, 02_2_93, 0.060000, 0.629000, -0.008000, 0.582000, 0.070000, 0.337000, -0.022000, 0.256000
1438, 02_2_94, 0.065000, 0.686000, 0.016000, 0.629000, 0.472000, 0.515000, 0.143000, 0.314000
1439, 02_2_95, 0.077000, 0.657000, 0.012000, 0.593000, -0.030000, 0.483000, -0.054000, 0.182000
1440, 02_3_00, -0.239000, 0.102000, -0.199000, 0.047000, -0.338000, 0.112000, -0.087000, 0.009000
1441, 02_3_01, -0.237000, 0.306000, -0.140000, 0.099000, -0.299000, -0.140000, -0.146000, -0.203000
1442, 02_3_02, -0.239000, 0.116000, -0.095000, -0.023000, -0.312000, 0.002000, -0.179000, -0.084000
1443, 02_3_03, -0.219000, 0.292000, -0.105000, 0.127000, -0.289000, -0.093000, -0.072000, -0.218000
1444, 02_3_04, -0.196000, 0.120000, -0.144000, -0.033000, -0.454000, -0.088000, -0.243000, -0.089000
1445, 02_3_05, -0.206000, 0.308000, -0.197000, 0.234000, -0.291000, -0.144000, -0.144000, -0.142000
1446, 02_3_06, -0.226000, 0.102000, -0.158000, 0.051000, -0.442000, -0.094000, -0.248000, -0.108000
1447, 02_3_07, -0.210000, 0.327000, -0.132000, 0.218000, -0.300000, -0.177000, -0.107000, -0.176000
1448, 02_3_08, -0.299000, 0.247000, -0.132000, 0.037000, -0.431000, -0.047000, -0.252000, -0.084000
1449, 02_3_09, -0.214000, 0.281000, -0.143000, 0.088000, -0.341000, -0.160000, -0.174000, -0.199000
1450, 02_3_10, -0.239000, 0.271000, -0.138000, 0.055000, -0.395000, -0.044000, -0.162000, -0.111000
1451, 02_3_11, -0.212000, 0.286000, -0.145000, 0.092000, -0.309000, -0.101000, -0.122000, -0.121000
1452, 02_3_12, -0.278000, 0.315000, -0.174000, 0.080000, -0.403000, -0.024000, -0.151000, -0.083000
1453, 02_3_13, -0.208000, 0.243000, -0.143000, 0.080000, -0.305000, -0.068000, -0.125000, -0.167000
1454, 02_3_14, -0.300000, 0.303000, -0.134000, 0.040000, -0.443000, -0.093000, -0.186000, -0.144000
1455, 02_3_15, -0.205000, 0.226000, -0.156000, 0.117000, -0.321000, -0.066000, -0.174000, -0.198000
1456, 02_3_16, -0.387000, 0.487000, -0.125000, 0.132000, -0.317000, -0.032000, -0.199000, -0.033000
1457, 02_3_17, -0.240000, 0.371000, -0.134000, 0.098000, -0.282000, -0.011000, -0.094000, -0.059000
1458, 02_3_18, -0.310000, 0.324000, -0.166000, 0.148000, -0.445000, -0.123000, -0.214000, -0.190000
1459, 02_3_19, -0.287000, 0.334000, -0.191000, 0.115000, -0.257000, -0.001000, -0.119000, -0.116000
1460, 02_3_20, -0.248000, 0.259000, -0.458000, 0.317000, -0.426000, -0.075000, -0.153000, -0.116000
1461, 02_3_21, -0.221000, 0.268000, -0.178000, 0.122000, -0.313000, 0.035000, -0.148000, -0.073000
1462, 02_3_22, -0.287000, 0.296000, -0.123000, 0.005000, -0.345000, -0.114000, -0.145000, -0.176000
1463, 02_3_23, -0.189000, 0.327000, -0.115000, -0.081000, -0.251000, -0.025000, -0.130000, -0.050000
1464, 02_3_24, -0.249000, 0.317000, -0.108000, 0.036000, -0.341000, -0.078000, -0.081000, -0.087000
1465, 02_3_25, -0.337000, 0.309000, -0.098000, -0.057000, -0.262000, 0.023000, -0.038000, 0.013000
1466, 02_3_26, -0.341000, 0.329000, -0.097000, -0.007000, -0.349000, -0.127000, -0.139000, -0.138000
1467, 02_3_27, -0.192000, 0.220000, -0.088000, -0.083000, -0.231000, 0.055000, -0.061000, -0.034000
1468, 02_3_28, -0.248000, 0.305000, -0.127000, 0.027000, -0.271000, -0.035000, -0.130000, -0.112000
1469, 02_3_29, -0.181000, 0.228000, -0.097000, -0.070000, -0.140000, 0.029000, -0.063000, -0.050000
1470, 02_3_30, -0.174000, 0.338000, -0.024000, 0.158000, -0.264000, 0.022000, -0.120000, -0.177000
1471, 02_3_31, -0.196000, 0.258000, -0.075000, -0.114000, -0.170000, 0.054000, -0.077000, -0.044000
1472, 02_3_32, -0.200000, 0.305000, -0.118000, 0.112000, -0.214000, 0.063000, -0.084000, -0.114000
1473, 02_3_33, -0.158000, 0.217000, -0.082000, -0.068000, -0.194000, 0.066000, 0.017000, 0.023000
1474, 02_3_34, -0.250000, 0.333000, -0.121000, 0.033000, -0.198000, 0.093000, -0.064000, -0.105000
1475, 02_3_35, -0.188000, 0.354000, -0.108000, 0.004000, -0.090000, 0.065000, -0.046000, 0.031000
1476, 02_3_36, -0.224000, 0.331000, -0.090000, -0.018000, -0.075000, -0.023000, 0.052000, -0.026000
1477, 02_3_37, -0.155000, 0.183000, -0.124000, 0.020000, -0.032000, 0.072000, 0.031000, -0.036000
1478, 02_3_38, -0.149000, 0.305000, -0.052000, 0.087000, 0.032000, 0.076000, 0.120000, 0.052000
1479, 02_3_39, -0.156000, 0.261000, -0.053000, -0.024000, 0.012000, 0.046000, 0.109000, 0.013000
1480, 02_3_40, -0.113000, 0.229000, -0.033000, -0.088000, 0.234000, 0.142000, 0.224000, -0.180000
1481, 02_3_41, -0.125000, 0.255000, -0.002000, 0.029000, 0.083000, 0.031000, 0.217000, -0.062000
1482, 02_3_42, -0.116000, 0.260000, -0.028000, -0.036000, 0.103000, 0.038000, 0.178000, -0.059000
1483, 02_3_43, -0.136000, 0.284000, -0.022000, -0.044000, 0.080000, 0.043000, 0.181000, -0.068000
1484, 02_3_44, -0.090000, 0.220000, -0.039000, -0.020000, 0.029000, 0.056000, 0.116000, 0.013000
1485, 02_3_45, -0.116000, 0.267000, -0.032000, -0.012000, 0.069000, 0.057000, 0.078000, -0.121000
1486, 02_3_46, -0.220000, 0.170000, -0.007000, -0.032000, 0.076000, 0.046000, 0.099000, -0.028000
1487, 02_3_47, -0.111000, 0.360000, -0.031000, 0.071000, 0.057000, 0.117000, 0.161000, 0.023000
1488, 02_3_48, -0.102000, 0.230000, -0.022000, 0.035000, 0.129000, 0.028000, 0.178000, -0.095000
1489, 02_3_49, -0.141000, 0.380000, -0.029000, -0.005000, 0.051000, 0.191000, 0.153000, 0.018000
1490, 02_3_50, -0.041000, 0.258000, 0.037000, -0.071000, 0.041000, 0.057000, 0.039000, 0.062000
1491, 02_3_51, -0.078000, 0.401000, 0.019000, -0.069000, 0.089000, 0.059000, 0.113000, -0.195000
1492, 02_3_52, -0.051000, 0.269000, 0.014000, 0.039000, 0.084000, 0.070000, 0.012000, -0.028000
1493, 02_3_53, -0.062000, 0.347000, 0.007000, -0.070000, 0.111000, 0.111000, 0.234000, -0.053000
1494, 02_3_54, -0.001000, 0.167000, 0.063000, -0.034000, 0.026000, 0.149000, 0.052000, -0.034000
1495, 02_3_55, -0.040000, 0.339000, 0.024000, -0.007000, 0.136000, 0.123000, 0.146000, -0.151000
1496, 02_3_56, -0.359000, 0.538000, 0.031000, -0.082000, 0.075000, 0.186000, 0.075000, 0.086000
1497, 02_3_57, -0.049000, 0.370000, 0.043000, 0.035000, 0.121000, 0.139000, 0.154000, -0.103000
1498, 02_3_58, -0.014000, 0.275000, 0.048000, -0.105000, 0.052000, 0.190000, 0.047000, -0.056000
1499, 02_3_59, -0.012000, 0.297000, 0.052000, 0.036000, 0.294000, 0.154000, 0.105000, 0.034000
1500, 02_3_60, -0.014000, 0.266000, 0.070000, 0.051000, 0.099000, 0.192000, 0.087000, -0.007000
1501, 02_3_61, -0.021000, 0.305000, 0.056000, -0.090000, 0.109000, 0.364000, 0.234000, -0.046000
1502, 02_3_62, 0.007000, 0.272000, 0.055000, 0.026000, 0.086000, 0.200000, 0.014000, -0.150000
1503, 02_3_63, -0.075000, 0.409000, 0.066000, -0.108000, 0.136000, 0.287000, 0.096000, -0.156000
1504, 02_3_64, 0.022000, 0.272000, 0.141000, -0.037000, 0.096000, 0.274000, 0.073000, -0.063000
1505, 02_3_65, 0.001000, 0.354000, 0.096000, -0.020000, 0.120000, 0.189000, 0.087000, -0.128000
1506, 02_3_66, 0.054000, 0.201000, 0.124000, 0.012000, 0.146000, 0.149000, 0.048000, -0.134000
1507, 02_3_67, 0.021000, 0.268000, 0.070000, -0.023000, 0.112000, 0.200000, 0.137000, -0.194000
1508, 02_3_68, 0.031000, 0.348000, 0.110000, 0.084000, 0.133000, 0.105000, 0.013000, -0.135000
1509, 02_3_69, 0.029000, 0.301000, 0.100000, -0.037000, 0.184000, 0.147000, 0.100000, -0.093000
1510, 02_3_70, 0.069000, 0.225000, 0.116000, -0.094000, 0.164000, 0.096000, 0.105000, -0.179000
1511, 02_3_71, 0.057000, 0.239000, 0.111000, -0.191000, 0.100000, 0.159000, 0.258000, -0.217000
1512, 02_3_72, 0.177000, 0.248000, 0.135000, 0.012000, 0.182000, 0.115000, 0.121000, -0.202000
1513, 02_3_73, 0.073000, 0.253000, 0.227000, -0.015000, 0.253000, 0.100000, 0.263000, -0.160000
1514, 02_3_74, 0.124000, 0.263000, 0.151000, -0.026000, 0.116000, 0.115000, 0.104000, -0.158000
1515, 02_3_75, 0.093000, 0.228000, 0.094000, 0.123000, 0.137000, 0.150000, 0.082000, -0.061000
1516, 02_3_76, 0.096000, 0.343000, 0.190000, 0.040000, 0.323000, -0.015000, 0.456000, -0.181000
1517, 02_3_77, 0.087000, 0.197000, 0.151000, -0.130000, 0.178000, 0.271000, 0.246000, 0.044000
1518, 02_3_78, 0.120000, 0.286000, 0.175000, -0.027000, 0.382000, 0.115000, 0.374000, -0.144000
1519, 02_3_79, 0.093000, 0.172000, 0.157000, -0.191000, 0.457000, 0.299000, 0.242000, 0.009000
1520, 02_3_80, 0.112000, 0.314000, 0.204000, -0.118000, 0.154000, 0.188000, 0.271000, -0.151000
1521, 02_3_81, 0.184000, 0.173000, 0.199000, -0.202000, 0.337000, 0.250000, 0.248000, -0.051000
1522, 02_3_82, 0.131000, 0.273000, 0.076000, 0.064000, 0.264000, 0.138000, 0.157000, -0.107000
1523, 02_3_83, 0.201000, 0.172000, 0.235000, -0.293000, 0.341000, 0.228000, 0.302000, -0.057000
1524, 02_3_84, 0.156000, 0.205000, 0.244000, -0.081000, 0.382000, 0.072000, 0.314000, -0.119000
1525, 02_3_85, 0.167000, 0.165000, 0.252000, -0.106000, 0.387000, 0.195000, 0.357000, -0.069000
1526, 02_3_86, 0.194000, 0.052000, 0.259000, -0.319000, 0.248000, 0.170000, 0.189000, -0.101000
1527, 02_3_87, 0.162000, 0.120000, 0.161000, 0.034000, 0.331000, 0.331000, 0.407000, -0.061000
1528, 02_3_88, 0.000000, 0.000000, 0.000000, 0.000000, 0.000000, 0.000000, 0.000000, 0.000000
1529, 02_3_89, 0.318000, 0.137000, 0.269000, -0.211000, 0.487000, 0.223000, 0.430000, -0.005000
1530, 02_3_90, 0.264000, 0.127000, 0.301000, -0.123000, 0.358000, 0.244000, 0.376000, -0.092000
1531, 02_3_91, 0.263000, 0.042000, 0.279000, -0.202000, 0.436000, 0.193000, 0.233000, -0.071000
1532, 02_3_92, 0.243000, 0.138000, 0.368000, -0.078000, 0.236000, 0.264000, 0.759000, 0.108000
1533, 02_3_93, 0.247000, 0.012000, 0.342000, -0.300000, 0.382000, 0.088000, 0.410000, -0.012000
1534, 02_3_94, 0.231000, 0.054000, 0.347000, -0.167000, 0.164000, 0.189000, 0.331000, -0.072000
1535, 02_3_95, 0.174000, 0.071000, 0.235000, -0.082000, 0.226000, 0.128000, 0.073000, -0.004000
1536, 02_4_00, -0.065000, 0.346000, -0.324000, 0.102000, -0.180000, 0.215000, -0.426000, 0.086000
1537, 02_4_01, -0.107000, 0.648000, -0.341000, 0.296000, -0.096000, 0.063000, -0.367000, -0.072000
1538, 02_4_02, -0.123000, 0.423000, -0.354000, 0.170000, -0.032000, 0.088000, -0.427000, -0.058000
1539, 02_4_03, -0.098000, 0.619000, -0.337000, 0.315000, -0.106000, 0.120000, -0.332000, -0.012000
1540, 02_4_04, -0.112000, 0.467000, -0.346000, 0.154000, -0.121000, 0.215000, -0.355000, 0.041000
1541, 02_4_05, -0.101000, 0.615000, -0.345000, 0.333000, -0.116000, 0.164000, -0.365000, -0.069000
1542, 02_4_06, -0.097000, 0.478000, -0.345000, 0.154000, -0.023000, 0.162000, -0.262000, 0.029000
1543, 02_4_07, -0.111000, 0.573000, -0.370000, 0.348000, -0.163000, 0.082000, -0.341000, -0.080000
1544, 02_4_08, -0.083000, 0.567000, -0.356000, 0.209000, -0.322000, 0.301000, -0.328000, 0.111000
1545, 02_4_09, -0.089000, 0.563000, -0.350000, 0.289000, -0.110000, 0.063000, -0.343000, -0.021000
1546, 02_4_10, -0.080000, 0.538000, -0.325000, 0.198000, -0.124000, 0.049000, -0.295000, -0.088000
1547, 02_4_11, -0.089000, 0.560000, -0.349000, 0.270000, -0.058000, 0.173000, -0.331000, -0.059000
1548, 02_4_12, -0.130000, 0.536000, -0.324000, 0.160000, -0.269000, 0.213000, -0.271000, -0.115000
1549, 02_4_13, -0.096000, 0.530000, -0.319000, 0.252000, -0.145000, 0.090000, -0.334000, -0.016000
1550, 02_4_14, -0.118000, 0.620000, -0.322000, 0.208000, -0.105000, -0.036000, -0.530000, -0.081000
1551, 02_4_15, -0.089000, 0.483000, -0.331000, 0.211000, -0.146000, 0.193000, -0.304000, -0.126000
1552, 02_4_16, -0.105000, 0.593000, -0.367000, 0.306000, -0.044000, 0.322000, -0.295000, -0.052000
1553, 02_4_17, -0.099000, 0.546000, -0.327000, 0.248000, -0.103000, 0.221000, -0.223000, 0.032000
1554, 02_4_18, -0.121000, 0.557000, -0.327000, 0.264000, -0.297000, 0.134000, -0.333000, -0.077000
1555, 02_4_19, -0.100000, 0.429000, -0.314000, 0.210000, -0.109000, 0.162000, -0.321000, 0.044000
1556, 02_4_20, -0.135000, 0.566000, -0.309000, 0.236000, 0.045000, 0.264000, -0.302000, -0.011000
1557, 02_4_21, -0.096000, 0.470000, -0.297000, 0.189000, -0.131000, 0.145000, -0.257000, 0.186000
1558, 02_4_22, -0.102000, 0.562000, -0.302000, 0.227000, -0.062000, 0.163000, -0.442000, -0.148000
1559, 02_4_23, -0.078000, 0.428000, -0.289000, 0.145000, -0.097000, 0.266000, -0.320000, 0.067000
1560, 02_4_24, -0.113000, 0.614000, -0.316000, 0.309000, -0.058000, 0.282000, -0.250000, 0.014000
1561, 02_4_25, -0.080000, 0.465000, -0.295000, 0.209000, -0.080000, 0.233000, -0.211000, 0.146000
1562, 02_4_26, -0.120000, 0.652000, -0.303000, 0.273000, -0.170000, 0.290000, -0.195000, -0.024000
1563, 02_4_27, -0.079000, 0.484000, -0.273000, 0.155000, -0.085000, 0.213000, -0.262000, -0.077000
1564, 02_4_28, -0.109000, 0.605000, -0.292000, 0.208000, 0.048000, 0.208000, -0.257000, -0.024000
1565, 02_4_29, -0.081000, 0.471000, -0.284000, 0.180000, -0.101000, 0.160000, -0.209000, 0.082000
1566, 02_4_30, -0.089000, 0.568000, -0.308000, 0.247000, -0.026000, 0.193000, -0.204000, -0.104000
1567, 02_4_31, -0.054000, 0.415000, -0.267000, 0.137000, -0.052000, 0.241000, -0.271000, 0.072000
1568, 02_4_32, -0.110000, 0.629000, -0.286000, 0.240000, 0.038000, 0.194000, -0.231000, 0.033000
1569, 02_4_33, -0.091000, 0.512000, -0.270000, 0.123000, -0.031000, 0.353000, -0.245000, 0.144000
1570, 02_4_34, -0.105000, 0.547000, -0.290000, 0.257000, -0.031000, 0.079000, -0.155000, 0.006000
1571, 02_4_35, -0.035000, 0.450000, -0.253000, 0.208000, -0.054000, 0.256000, -0.165000, 0.109000
1572, 02_4_36, -0.114000, 0.543000, -0.282000, 0.244000, -0.048000, 0.196000, -0.121000, 0.041000
1573, 02_4_37, -0.087000, 0.469000, -0.258000, 0.203000, 0.039000, 0.179000, -0.188000, 0.172000
1574, 02_4_38, -0.076000, 0.511000, -0.268000, 0.229000, 0.081000, 0.142000, -0.211000, 0.068000
1575, 02_4_39, -0.077000, 0.551000, -0.247000, 0.263000, -0.057000, 0.290000, -0.216000, 0.128000
1576, 02_4_40, -0.067000, 0.526000, -0.256000, 0.238000, -0.069000, 0.093000, 0.010000, 0.037000
1577, 02_4_41, -0.043000, 0.507000, -0.246000, 0.208000, 0.012000, 0.230000, -0.053000, 0.089000
1578, 02_4_42, -0.077000, 0.506000, -0.248000, 0.219000, 0.364000, 0.292000, -0.101000, -0.044000
1579, 02_4_43, -0.048000, 0.538000, -0.217000, 0.212000, 0.055000, 0.167000, -0.096000, -0.048000
1580, 02_4_44, -0.060000, 0.503000, -0.240000, 0.173000, 0.242000, 0.268000, -0.044000, -0.097000
1581, 02_4_45, -0.045000, 0.530000, -0.211000, 0.226000, 0.023000, 0.196000, -0.164000, -0.021000
1582, 02_4_46, -0.052000, 0.479000, -0.220000, 0.190000, 0.194000, 0.260000, -0.105000, -0.005000
1583, 02_4_47, -0.054000, 0.533000, -0.219000, 0.274000, 0.027000, 0.248000, -0.095000, 0.070000
1584, 02_4_48, -0.020000, 0.472000, -0.193000, 0.188000, 0.331000, 0.356000, -0.056000, 0.063000
1585, 02_4_49, -0.046000, 0.529000, -0.193000, 0.250000, 0.049000, 0.129000, -0.002000, 0.077000
1586, 02_4_50, -0.049000, 0.448000, -0.330000, 0.182000, 0.357000, 0.266000, -0.125000, 0.164000
1587, 02_4_51, -0.026000, 0.532000, -0.207000, 0.282000, 0.020000, 0.185000, -0.097000, 0.084000
1588, 02_4_52, -0.056000, 0.449000, -0.183000, 0.175000, -0.066000, 0.222000, -0.012000, 0.156000
1589, 02_4_53, -0.121000, 0.714000, -0.178000, 0.301000, 0.004000, 0.196000, -0.059000, 0.097000
1590, 02_4_54, -0.015000, 0.399000, -0.162000, 0.216000, 0.252000, 0.188000, -0.029000, 0.179000
1591, 02_4_55, -0.039000, 0.518000, -0.186000, 0.356000, 0.040000, 0.223000, -0.029000, 0.017000
1592, 02_4_56, 0.000000, 0.000000, 0.000000, 0.000000, 0.000000, 0.000000, 0.000000, 0.000000
1593, 02_4_57, -0.023000, 0.563000, -0.166000, 0.341000, 0.075000, 0.211000, -0.027000, 0.021000
1594, 02_4_58, -0.020000, 0.508000, -0.146000, 0.212000, 0.083000, 0.099000, -0.104000, 0.189000
1595, 02_4_59, -0.005000, 0.523000, -0.124000, 0.237000, 0.117000, 0.161000, -0.025000, 0.164000
1596, 02_4_60, 0.002000, 0.448000, -0.127000, 0.204000, 0.383000, 0.228000, -0.156000, 0.103000
1597, 02_4_61, 0.016000, 0.529000, -0.126000, 0.325000, 0.061000, 0.148000, -0.018000, 0.106000
1598, 02_4_62, -0.001000, 0.420000, -0.111000, 0.228000, 0.341000, 0.154000, -0.031000, -0.015000
1599, 02_4_63, 0.001000, 0.497000, -0.123000, 0.280000, 0.219000, 0.059000, -0.041000, 0.173000
1600, 02_4_64, 0.041000, 0.320000, -0.093000, 0.086000, 0.374000, 0.263000, -0.061000, 0.183000
1601, 02_4_65, 0.010000, 0.521000, -0.124000, 0.337000, 0.224000, 0.162000, -0.003000, 0.216000
1602, 02_4_66, 0.019000, 0.473000, -0.089000, 0.245000, 0.390000, 0.240000, -0.006000, 0.094000
1603, 02_4_67, 0.025000, 0.488000, -0.100000, 0.330000, 0.181000, 0.145000, -0.037000, 0.216000
1604, 02_4_68, 0.029000, 0.509000, -0.104000, 0.250000, 0.055000, 0.199000, 0.008000, 0.076000
1605, 02_4_69, 0.037000, 0.471000, -0.098000, 0.326000, 0.234000, 0.231000, -0.074000, 0.274000
1606, 02_4_70, 0.037000, 0.464000, -0.087000, 0.298000, 0.431000, 0.258000, -0.004000, 0.246000
1607, 02_4_71, 0.049000, 0.421000, -0.087000, 0.304000, 0.146000, 0.261000, -0.053000, 0.184000
1608, 02_4_72, 0.056000, 0.530000, -0.045000, 0.261000, 0.447000, 0.368000, -0.071000, 0.059000
1609, 02_4_73, 0.057000, 0.466000, -0.070000, 0.300000, 0.211000, 0.274000, -0.117000, 0.185000
1610, 02_4_74, 0.056000, 0.480000, -0.085000, 0.409000, 0.346000, 0.178000, -0.020000, 0.100000
1611, 02_4_75, 0.067000, 0.449000, -0.042000, 0.278000, 0.146000, 0.354000, -0.085000, 0.204000
1612, 02_4_76, 0.050000, 0.444000, -0.037000, 0.295000, 0.335000, 0.240000, 0.201000, 0.043000
1613, 02_4_77, 0.057000, 0.423000, -0.030000, 0.232000, 0.523000, 0.246000, 0.125000, 0.207000
1614, 02_4_78, 0.158000, 0.525000, -0.007000, 0.366000, 0.688000, 0.270000, 0.290000, 0.345000
1615, 02_4_79, 0.058000, 0.444000, -0.023000, 0.222000, 0.385000, 0.242000, 0.215000, 0.230000
1616, 02_4_80, 0.110000, 0.402000, -0.112000, 0.335000, 0.668000, 0.286000, 0.304000, 0.130000
1617, 02_4_81, 0.204000, 0.456000, 0.003000, 0.262000, 0.382000, 0.468000, 0.271000, 0.243000
1618, 02_4_82, 0.125000, 0.455000, -0.088000, 0.322000, 0.540000, 0.254000, 0.148000, 0.056000
1619, 02_4_83, 0.123000, 0.392000, 0.041000, 0.224000, 0.567000, 0.487000, 0.309000, 0.147000
1620, 02_4_84, 0.233000, 0.472000, -0.007000, 0.330000, 0.558000, 0.469000, 0.304000, 0.079000
1621, 02_4_85, 0.121000, 0.462000, 0.099000, 0.317000, 0.342000, 0.476000, 0.359000, 0.172000
1622, 02_4_86, 0.154000, 0.396000, 0.056000, 0.215000, 0.544000, 0.387000, 0.373000, 0.054000
1623, 02_4_87, 0.102000, 0.450000, 0.021000, 0.242000, 0.522000, 0.282000, 0.418000, 0.184000
1624, 02_4_88, 0.182000, 0.242000, 0.097000, 0.335000, 0.580000, 0.375000, 0.135000, 0.023000
1625, 02_4_89, 0.114000, 0.429000, 0.020000, 0.265000, 0.375000, 0.658000, 0.487000, 0.148000
1626, 02_4_90, 0.053000, 0.343000, 0.102000, 0.256000, 0.385000, 0.308000, 0.452000, 0.150000
1627, 02_4_91, 0.094000, 0.376000, 0.058000, 0.181000, 0.611000, 0.275000, 0.510000, 0.203000
1628, 02_4_92, 0.105000, 0.489000, 0.095000, 0.280000, 0.370000, 0.287000, 0.456000, 0.207000
1629, 02_4_93, 0.109000, 0.386000, 0.051000, 0.304000, 0.428000, 0.245000, 0.188000, 0.169000
1630, 02_4_94, 0.165000, 0.242000, 0.102000, 0.267000, 0.406000, 0.424000, 0.371000, 0.259000
1631, 02_4_95, 0.051000, 0.287000, 0.115000, 0.207000, 0.381000, 0.272000, 0.288000, 0.166000
1632, 02_5_00, -0.065000, -0.017000, 0.004000, 0.100000, -0.265000, 0.007000, -0.156000, 0.003000
1633, 02_5_01, -0.133000, 0.187000, -0.033000, 0.339000, -0.198000, -0.054000, -0.101000, -0.070000
1634, 02_5_02, -0.069000, 0.019000, -0.012000, 0.169000, -0.352000, -0.078000, -0.213000, 0.003000
1635, 02_5_03, -0.076000, 0.111000, -0.038000, 0.319000, -0.202000, -0.116000, -0.062000, -0.047000
1636, 02_5_04, -0.040000, 0.139000, -0.062000, 0.261000, -0.286000, -0.103000, -0.148000, -0.083000
1637, 02_5_05, -0.068000, 0.099000, -0.015000, 0.318000, -0.135000, -0.136000, -0.068000, -0.061000
1638, 02_5_06, -0.093000, 0.067000, -0.008000, 0.171000, -0.304000, -0.145000, -0.266000, -0.069000
1639, 02_5_07, -0.086000, 0.064000, -0.019000, 0.323000, -0.176000, -0.194000, -0.049000, -0.088000
1640, 02_5_08, -0.067000, 0.166000, 0.007000, 0.283000, -0.298000, -0.139000, -0.228000, 0.041000
1641, 02_5_09, -0.069000, 0.207000, -0.026000, 0.310000, -0.176000, -0.198000, -0.047000, -0.052000
1642, 02_5_10, -0.064000, 0.185000, 0.016000, 0.293000, -0.258000, -0.089000, -0.151000, -0.062000
1643, 02_5_11, -0.110000, 0.131000, -0.021000, 0.330000, -0.187000, -0.174000, -0.066000, -0.186000
1644, 02_5_12, -0.083000, 0.027000, 0.028000, 0.217000, -0.321000, -0.170000, -0.142000, -0.048000
1645, 02_5_13, -0.118000, 0.029000, 0.004000, 0.297000, -0.196000, -0.150000, -0.021000, -0.052000
1646, 02_5_14, -0.073000, 0.042000, 0.006000, 0.222000, -0.189000, -0.254000, -0.091000, -0.088000
1647, 02_5_15, -0.093000, -0.056000, -0.105000, 0.316000, -0.170000, -0.187000, -0.016000, -0.040000
1648, 02_5_16, -0.174000, 0.140000, -0.011000, 0.328000, -0.309000, -0.092000, -0.152000, -0.092000
1649, 02_5_17, -0.123000, 0.010000, -0.008000, 0.317000, -0.229000, -0.084000, 0.016000, 0.015000
1650, 02_5_18, -0.203000, 0.177000, -0.019000, 0.318000, -0.285000, -0.103000, -0.138000, -0.088000
1651, 02_5_19, -0.155000, 0.164000, 0.001000, 0.274000, -0.188000, -0.102000, -0.012000, 0.011000
1652, 02_5_20, -0.143000, 0.078000, -0.020000, 0.270000, -0.328000, -0.190000, -0.229000, -0.124000
1653, 02_5_21, -0.148000, -0.035000, 0.006000, 0.211000, -0.195000, -0.146000, 0.002000, -0.004000
1654, 02_5_22, -0.282000, 0.060000, -0.020000, 0.263000, -0.348000, -0.246000, -0.178000, -0.140000
1655, 02_5_23, -0.187000, 0.194000, 0.000000, 0.199000, -0.177000, -0.119000, 0.012000, 0.039000
1656, 02_5_24, -0.169000, 0.103000, -0.022000, 0.212000, -0.261000, -0.194000, -0.112000, -0.102000
1657, 02_5_25, -0.129000, -0.046000, 0.021000, 0.223000, -0.137000, -0.092000, 0.029000, 0.026000
1658, 02_5_26, -0.202000, 0.177000, 0.010000, 0.298000, -0.318000, -0.158000, -0.098000, -0.057000
1659, 02_5_27, -0.168000, 0.047000, 0.014000, 0.255000, -0.128000, -0.105000, 0.034000, 0.025000
1660, 02_5_28, -0.189000, 0.080000, 0.026000, 0.293000, -0.196000, -0.137000, -0.050000, -0.108000
1661, 02_5_29, -0.202000, 0.092000, -0.008000, 0.288000, -0.122000, -0.110000, 0.054000, 0.036000
1662, 02_5_30, -0.219000, 0.120000, -0.036000, 0.341000, -0.134000, -0.215000, -0.056000, -0.089000
1663, 02_5_31, -0.181000, 0.041000, 0.026000, 0.220000, -0.108000, -0.095000, 0.060000, 0.036000
1664, 02_5_32, -0.161000, 0.075000, 0.032000, 0.345000, -0.195000, -0.139000, -0.036000, -0.001000
1665, 02_5_33, -0.225000, 0.104000, 0.054000, 0.292000, -0.048000, -0.014000, 0.086000, 0.088000
1666, 02_5_34, -0.131000, 0.054000, 0.009000, 0.379000, -0.065000, -0.134000, -0.001000, 0.008000
1667, 02_5_35, -0.160000, 0.020000, 0.050000, 0.297000, -0.027000, -0.020000, 0.090000, 0.072000
1668, 02_5_36, -0.135000, 0.065000, -0.076000, 0.429000, -0.078000, -0.085000, 0.011000, -0.044000
1669, 02_5_37, -0.153000, 0.150000, 0.060000, 0.297000, -0.031000, -0.074000, 0.118000, 0.043000
1670, 02_5_38, -0.166000, 0.145000, 0.073000, 0.303000, -0.097000, -0.012000, 0.025000, 0.038000
1671, 02_5_39, -0.106000, -0.008000, 0.090000, 0.299000, 0.020000, -0.058000, 0.174000, 0.056000
1672, 02_5_40, -0.089000, 0.050000, 0.098000, 0.250000, -0.052000, -0.237000, 0.126000, -0.061000
1673, 02_5_41, -0.108000, 0.184000, 0.105000, 0.278000, -0.000000, -0.128000, 0.181000, -0.013000
1674, 02_5_42, -0.082000, 0.045000, 0.083000, 0.282000, -0.030000, -0.136000, 0.064000, -0.000000
1675, 02_5_43, -0.186000, 0.322000, 0.096000, 0.287000, 0.211000, -0.189000, 0.197000, -0.041000
1676, 02_5_44, -0.069000, 0.019000, 0.119000, 0.246000, -0.056000, -0.157000, 0.172000, 0.094000
1677, 02_5_45, -0.118000, 0.065000, 0.134000, 0.260000, 0.084000, -0.090000, 0.214000, 0.006000
1678, 02_5_46, -0.101000, 0.086000, 0.109000, 0.264000, -0.033000, -0.034000, 0.081000, 0.029000
1679, 02_5_47, -0.168000, 0.373000, 0.052000, 0.409000, 0.053000, -0.068000, 0.189000, 0.026000
1680, 02_5_48, -0.037000, 0.043000, 0.127000, 0.262000, 0.081000, 0.052000, 0.083000, 0.001000
1681, 02_5_49, -0.094000, 0.149000, 0.125000, 0.318000, 0.116000, -0.052000, 0.213000, -0.038000
1682, 02_5_50, 0.008000, 0.020000, 0.151000, 0.266000, 0.149000, 0.122000, 0.138000, 0.023000
1683, 02_5_51, -0.086000, 0.208000, 0.146000, 0.308000, 0.106000, -0.089000, 0.224000, 0.015000
1684, 02_5_52, 0.009000, -0.021000, 0.163000, 0.284000, -0.040000, 0.231000, 0.162000, 0.063000
1685, 02_5_53, -0.120000, 0.129000, 0.093000, 0.415000, 0.059000, -0.114000, 0.242000, 0.056000
1686, 02_5_54, 0.026000, -0.036000, 0.183000, 0.237000, 0.083000, 0.048000, 0.150000, 0.067000
1687, 02_5_55, -0.033000, 0.035000, 0.171000, 0.333000, 0.061000, -0.027000, 0.243000, -0.081000
1688, 02_5_56, 0.009000, 0.039000, 0.200000, 0.277000, 0.009000, 0.037000, 0.220000, 0.021000
1689, 02_5_57, -0.099000, 0.513000, 0.189000, 0.342000, 0.071000, -0.038000, 0.291000, -0.024000
1690, 02_5_58, 0.008000, 0.077000, 0.207000, 0.168000, -0.050000, 0.072000, 0.188000, 0.047000
1691, 02_5_59, 0.002000, 0.046000, 0.201000, 0.287000, 0.118000, -0.033000, 0.295000, 0.023000
1692, 02_5_60, 0.040000, 0.024000, 0.231000, 0.264000, 0.058000, -0.026000, 0.255000, 0.016000
1693, 02_5_61, 0.049000, 0.090000, 0.196000, 0.343000, 0.128000, -0.019000, 0.304000, 0.006000
1694, 02_5_62, 0.001000, 0.142000, 0.243000, 0.240000, 0.072000, -0.059000, 0.245000, 0.005000
1695, 02_5_63, -0.028000, 0.176000, 0.225000, 0.250000, 0.141000, -0.062000, 0.336000, 0.031000
1696, 02_5_64, -0.009000, 0.035000, 0.254000, 0.185000, 0.083000, 0.055000, 0.128000, -0.048000
1697, 02_5_65, 0.062000, 0.064000, 0.228000, 0.307000, 0.251000, 0.101000, 0.324000, 0.107000
1698, 02_5_66, -0.002000, 0.040000, 0.256000, 0.264000, 0.072000, 0.038000, 0.224000, 0.015000
1699, 02_5_67, 0.061000, 0.038000, 0.241000, 0.264000, 0.179000, 0.041000, 0.313000, 0.055000
1700, 02_5_68, 0.010000, 0.060000, 0.252000, 0.302000, 0.187000, -0.004000, 0.266000, -0.044000
1701, 02_5_69, 0.132000, 0.006000, 0.270000, 0.246000, 0.244000, -0.058000, 0.369000, 0.111000
1702, 02_5_70, 0.024000, 0.066000, 0.281000, 0.240000, 0.114000, -0.084000, 0.274000, -0.043000
1703, 02_5_71, 0.145000, -0.013000, 0.294000, 0.168000, 0.250000, 0.012000, 0.396000, 0.000000
1704, 02_5_72, 0.052000, 0.101000, 0.285000, 0.316000, 0.176000, -0.123000, 0.290000, 0.060000
1705, 02_5_73, 0.183000, -0.014000, 0.303000, 0.200000, 0.299000, -0.033000, 0.363000, 0.146000
1706, 02_5_74, 0.029000, 0.103000, 0.172000, 0.319000, 0.011000, -0.106000, 0.218000, 0.031000
1707, 02_5_75, 0.034000, 0.210000, 0.287000, 0.175000, 0.277000, 0.014000, 0.375000, 0.186000
1708, 02_5_76, 0.071000, 0.109000, 0.278000, 0.273000, 0.164000, -0.206000, 0.352000, 0.021000
1709, 02_5_77, 0.065000, 0.163000, 0.291000, 0.187000, 0.331000, -0.051000, 0.433000, 0.141000
1710, 02_5_78, 0.080000, 0.096000, 0.283000, 0.291000, 0.281000, -0.151000, 0.403000, 0.001000
1711, 02_5_79, 0.218000, 0.037000, 0.317000, 0.164000, 0.335000, 0.046000, 0.389000, 0.120000
1712, 02_5_80, 0.087000, 0.052000, 0.303000, 0.042000, 0.194000, -0.033000, 0.341000, 0.051000
1713, 02_5_81, 0.215000, 0.009000, 0.351000, 0.040000, 0.332000, 0.230000, 0.409000, 0.207000
1714, 02_5_82, 0.117000, 0.179000, 0.324000, 0.285000, 0.145000, 0.022000, 0.392000, 0.093000
1715, 02_5_83, 0.244000, -0.003000, 0.325000, 0.231000, 0.330000, 0.197000, 0.410000, 0.173000
1716, 02_5_84, 0.257000, 0.124000, 0.314000, 0.271000, 0.365000, 0.098000, 0.359000, 0.070000
1717, 02_5_85, 0.226000, 0.076000, 0.308000, 0.235000, 0.294000, 0.194000, 0.316000, 0.293000
1718, 02_5_86, 0.271000, 0.172000, 0.314000, 0.241000, 0.312000, 0.074000, 0.364000, 0.199000
1719, 02_5_87, 0.303000, 0.038000, 0.334000, 0.138000, 0.512000, 0.150000, 0.533000, 0.066000
1720, 02_5_88, 0.200000, 0.074000, 0.354000, -0.041000, 0.483000, 0.193000, 0.621000, 0.165000
1721, 02_5_89, 0.283000, 0.110000, 0.346000, 0.205000, 0.497000, 0.212000, 0.322000, 0.304000
1722, 02_5_90, 0.190000, 0.098000, 0.349000, 0.183000, 0.500000, 0.129000, 0.460000, 0.135000
1723, 02_5_91, 0.326000, 0.139000, 0.349000, 0.197000, 0.589000, 0.166000, 0.428000, 0.124000
1724, 02_5_92, 0.204000, 0.092000, 0.368000, 0.194000, 0.606000, 0.257000, 0.745000, 0.272000
1725, 02_5_93, 0.343000, 0.048000, 0.440000, 0.129000, 0.493000, 0.094000, 0.559000, 0.282000
1726, 02_5_94, 0.214000, 0.050000, 0.349000, 0.178000, 0.375000, 0.089000, 0.342000, 0.151000
1727, 02_5_95, 0.306000, 0.105000, 0.374000, 0.162000, 0.036000, 0.136000, 0.197000, 0.165000
1728, 03_0_00, -0.050000, 0.366000, 0.134000, 0.407000, 0.000000, 0.301000, -0.068000, 0.204000
1729, 03_0_01, -0.070000, 0.629000, 0.133000, 0.582000, 0.163000, 0.289000, 0.227000, 0.229000
1730, 03_0_02, -0.078000, 0.402000, 0.112000, 0.435000, -0.034000, 0.380000, -0.080000, 0.280000
1731, 03_0_03, -0.057000, 0.722000, 0.122000, 0.597000, 0.009000, 0.206000, -0.013000, 0.171000
1732, 03_0_04, -0.076000, 0.449000, 0.112000, 0.457000, -0.047000, 0.333000, -0.069000, 0.154000
1733, 03_0_05, -0.082000, 0.381000, 0.085000, 0.359000, 0.071000, 0.306000, 0.053000, 0.120000
1734, 03_0_06, -0.075000, 0.468000, 0.098000, 0.415000, -0.026000, 0.202000, -0.115000, 0.208000
1735, 03_0_07, 0.010000, 0.387000, 0.116000, 0.369000, -0.001000, 0.240000, 0.031000, 0.161000
1736, 03_0_08, -0.045000, 0.507000, 0.123000, 0.478000, -0.134000, 0.266000, -0.040000, 0.199000
1737, 03_0_09, -0.074000, 0.550000, 0.102000, 0.508000, 0.045000, 0.247000, 0.088000, 0.144000
1738, 03_0_10, -0.047000, 0.512000, 0.112000, 0.397000, -0.058000, 0.214000, 0.164000, 0.196000
1739, 03_0_11, -0.067000, 0.555000, 0.091000, 0.536000, 0.028000, 0.214000, 0.072000, 0.104000
1740, 03_0_12, -0.077000, 0.501000, 0.086000, 0.396000, 0.001000, 0.309000, -0.069000, 0.089000
1741, 03_0_13, -0.072000, 0.515000, 0.117000, 0.464000, 0.010000, 0.198000, 0.096000, 0.120000
1742, 03_0_14, -0.068000, 0.535000, 0.019000, 0.375000, -0.096000, 0.227000, -0.081000, 0.055000
1743, 03_0_15, -0.062000, 0.463000, 0.106000, 0.439000, 0.022000, 0.345000, -0.028000, 0.248000
1744, 03_0_16, -0.069000, 0.528000, 0.092000, 0.494000, -0.047000, 0.225000, -0.130000, 0.200000
1745, 03_0_17, -0.127000, 0.237000, 0.086000, 0.222000, 0.055000, 0.309000, 0.108000, 0.268000
1746, 03_0_18, -0.081000, 0.542000, 0.105000, 0.491000, -0.006000, 0.244000, -0.041000, 0.121000
1747, 03_0_19, -0.068000, 0.488000, 0.095000, 0.446000, 0.070000, 0.281000, 0.143000, 0.235000
1748, 03_0_20, -0.133000, -0.410000, 0.014000, 0.383000, 0.019000, 0.079000, 0.179000, 0.220000
1749, 03_0_21, -0.063000, 0.449000, 0.132000, 0.303000, 0.071000, 0.284000, 0.191000, 0.245000
1750, 03_0_22, -0.064000, 0.492000, 0.050000, 0.502000, -0.020000, 0.178000, -0.108000, 0.056000
1751, 03_0_23, -0.026000, 0.422000, 0.128000, 0.385000, -0.065000, 0.257000, 0.208000, 0.251000
1752, 03_0_24, -0.064000, 0.608000, 0.094000, 0.559000, -0.012000, 0.226000, -0.105000, 0.238000
1753, 03_0_25, -0.065000, 0.451000, 0.093000, 0.406000, 0.036000, 0.268000, 0.099000, 0.250000
1754, 03_0_26, -0.070000, 0.595000, 0.098000, 0.495000, -0.112000, 0.203000, -0.069000, 0.250000
1755, 03_0_27, -0.074000, 0.590000, 0.116000, 0.383000, -0.028000, 0.215000, 0.180000, 0.336000
1756, 03_0_28, -0.184000, 0.496000, -0.124000, 0.413000, -0.045000, 0.240000, -0.081000, 0.158000
1757, 03_0_29, -0.045000, 0.420000, 0.106000, 0.322000, 0.061000, 0.246000, 0.169000, 0.194000
1758, 03_0_30, -0.042000, 0.511000, 0.083000, 0.458000, -0.149000, 0.287000, -0.056000, 0.224000
1759, 03_0_31, -0.039000, 0.418000, 0.107000, 0.358000, 0.064000, 0.249000, 0.164000, 0.245000
1760, 03_0_32, -0.051000, 0.450000, 0.094000, 0.470000, 0.010000, 0.358000, -0.087000, 0.291000
1761, 03_0_33, -0.038000, 0.394000, 0.110000, 0.379000, 0.034000, 0.266000, 0.105000, 0.329000
1762, 03_0_34, -0.045000, 0.450000, 0.104000, 0.466000, -0.067000, 0.294000, 0.019000, 0.272000
1763, 03_0_35, -0.018000, 0.418000, 0.133000, 0.373000, 0.170000, 0.372000, 0.206000, 0.346000
1764, 03_0_36, -0.057000, 0.438000, 0.102000, 0.422000, 0.028000, 0.339000, 0.041000, 0.182000
1765, 03_0_37, -0.032000, 0.427000, 0.129000, 0.375000, 0.132000, 0.318000, 0.143000, 0.281000
1766, 03_0_38, -0.022000, 0.449000, 0.129000, 0.379000, 0.080000, 0.350000, 0.137000, 0.285000
1767, 03_0_39, -0.070000, 0.505000, 0.033000, 0.459000, 0.047000, 0.356000, 0.051000, 0.404000
1768, 03_0_40, 0.000000, 0.464000, 0.116000, 0.310000, 0.271000, 0.427000, 0.128000, 0.377000
1769, 03_0_41, -0.001000, 0.462000, 0.084000, 0.409000, 0.257000, 0.311000, 0.215000, 0.344000
1770, 03_0_42, -0.020000, 0.445000, 0.127000, 0.438000, 0.167000, 0.261000, 0.254000, 0.331000
1771, 03_0_43, 0.009000, 0.424000, 0.152000, 0.425000, 0.267000, 0.288000, 0.166000, 0.389000
1772, 03_0_44, -0.002000, 0.395000, 0.125000, 0.416000, 0.196000, 0.228000, 0.169000, 0.221000
1773, 03_0_45, 0.017000, 0.435000, 0.170000, 0.368000, 0.223000, 0.240000, 0.260000, 0.255000
1774, 03_0_46, 0.022000, 0.378000, 0.138000, 0.418000, 0.160000, 0.319000, 0.107000, 0.352000
1775, 03_0_47, 0.010000, 0.461000, 0.152000, 0.449000, 0.202000, 0.347000, 0.192000, 0.332000
1776, 03_0_48, 0.060000, 0.413000, 0.245000, 0.580000, 0.116000, 0.335000, 0.221000, 0.042000
1777, 03_0_49, 0.045000, 0.441000, 0.188000, 0.383000, 0.241000, 0.253000, 0.246000, 0.373000
1778, 03_0_50, 0.049000, 0.346000, 0.168000, 0.382000, 0.142000, 0.297000, 0.189000, 0.368000
1779, 03_0_51, 0.045000, 0.436000, 0.174000, 0.495000, 0.160000, 0.165000, 0.368000, 0.427000
1780, 03_0_52, 0.033000, 0.277000, 0.177000, 0.408000, 0.202000, 0.378000, 0.227000, 0.437000
1781, 03_0_53, 0.036000, 0.431000, 0.113000, 0.487000, 0.129000, 0.256000, 0.289000, 0.236000
1782, 03_0_54, 0.061000, 0.212000, 0.199000, 0.405000, 0.109000, 0.188000, 0.356000, 0.334000
1783, 03_0_55, 0.049000, 0.416000, 0.194000, 0.479000, 0.218000, 0.217000, 0.245000, 0.435000
1784, 03_0_56, 0.094000, 0.439000, 0.354000, 0.673000, 0.147000, 0.340000, 0.407000, 0.089000
1785, 03_0_57, 0.067000, 0.460000, 0.149000, 0.596000, 0.261000, 0.195000, 0.261000, 0.274000
1786, 03_0_58, 0.089000, 0.348000, 0.237000, 0.365000, 0.249000, 0.352000, 0.523000, 0.292000
1787, 03_0_59, 0.103000, 0.300000, 0.238000, 0.431000, 0.309000, 0.293000, 0.678000, 0.324000
1788, 03_0_60, 0.099000, 0.403000, 0.240000, 0.378000, 0.161000, 0.182000, 0.317000, 0.385000
1789, 03_0_61, 0.136000, 0.375000, 0.236000, 0.421000, 0.241000, 0.264000, 0.248000, 0.215000
1790, 03_0_62, 0.126000, 0.389000, 0.314000, 0.406000, 0.392000, 0.292000, 0.638000, 0.327000
1791, 03_0_63, 0.105000, 0.419000, 0.255000, 0.396000, 0.259000, 0.239000, 0.592000, 0.311000
1792, 03_0_64, 0.147000, 0.396000, 0.278000, 0.328000, 0.401000, 0.371000, 0.358000, 0.423000
1793, 03_0_65, 0.118000, 0.411000, 0.266000, 0.408000, 0.217000, 0.246000, 0.223000, 0.387000
1794, 03_0_66, 0.139000, 0.381000, 0.294000, 0.354000, 0.247000, 0.238000, 0.287000, 0.526000
1795, 03_0_67, 0.127000, 0.383000, 0.274000, 0.436000, 0.241000, 0.221000, 0.280000, 0.470000
1796, 03_0_68, 0.144000, 0.384000, 0.275000, 0.458000, 0.322000, 0.208000, 0.402000, 0.252000
1797, 03_0_69, 0.158000, 0.405000, 0.336000, 0.438000, 0.414000, 0.260000, 0.450000, 0.270000
1798, 03_0_70, 0.163000, 0.364000, 0.260000, 0.453000, 0.262000, 0.184000, 0.258000, 0.296000
1799, 03_0_71, 0.186000, 0.239000, 0.306000, 0.361000, 0.242000, 0.206000, 0.319000, 0.246000
1800, 03_0_72, 0.188000, 0.457000, 0.307000, 0.696000, 0.350000, 0.176000, 0.283000, 0.140000
1801, 03_0_73, 0.185000, 0.394000, 0.327000, 0.427000, 0.432000, 0.285000, 0.577000, 0.317000
1802, 03_0_74, 0.185000, 0.432000, 0.326000, 0.423000, 0.217000, 0.117000, 0.203000, 0.286000
1803, 03_0_75, 0.199000, 0.335000, 0.270000, 0.425000, 0.398000, 0.270000, 0.126000, 0.386000
1804, 03_0_76, 0.192000, 0.363000, 0.325000, 0.422000, 0.332000, 0.107000, 0.362000, 0.258000
1805, 03_0_77, 0.210000, 0.308000, 0.334000, 0.340000, 0.509000, 0.357000, 0.599000, 0.388000
1806, 03_0_78, 0.137000, 0.350000, 0.291000, 0.461000, 0.301000, 0.221000, 0.179000, 0.310000
1807, 03_0_79, 0.228000, 0.290000, 0.339000, 0.329000, 0.430000, 0.154000, 0.182000, 0.398000
1808, 03_0_80, 0.258000, 0.277000, 0.231000, 0.491000, 0.413000, 0.142000, 0.278000, 0.222000
1809, 03_0_81, 0.376000, 0.301000, 0.369000, 0.337000, 0.620000, 0.447000, 0.670000, 0.478000
1810, 03_0_82, 0.270000, 0.388000, 0.327000, 0.397000, 0.292000, 0.198000, 0.197000, 0.367000
1811, 03_0_83, 0.299000, 0.330000, 0.372000, 0.409000, 0.332000, 0.366000, 0.670000, 0.483000
1812, 03_0_84, 0.307000, 0.361000, 0.343000, 0.422000, 0.531000, 0.261000, 0.237000, 0.251000
1813, 03_0_85, 0.302000, 0.301000, 0.362000, 0.312000, 0.226000, 0.328000, 0.180000, 0.588000
1814, 03_0_86, 0.339000, 0.237000, 0.325000, 0.425000, 0.493000, 0.162000, 0.286000, 0.342000
1815, 03_0_87, 0.316000, 0.291000, 0.372000, 0.300000, 0.510000, 0.191000, 0.504000, 0.214000
1816, 03_0_88, 0.370000, 0.266000, 0.341000, 0.393000, 0.587000, 0.322000, 0.331000, 0.324000
1817, 03_0_89, 0.358000, 0.265000, 0.370000, 0.322000, 0.464000, 0.141000, 0.533000, 0.261000
1818, 03_0_90, 0.213000, 0.253000, 0.366000, 0.324000, 0.338000, 0.220000, 0.322000, 0.250000
1819, 03_0_91, 0.378000, 0.270000, 0.393000, 0.337000, 0.571000, 0.240000, 0.728000, 0.396000
1820, 03_0_92, 0.333000, 0.394000, 0.395000, 0.348000, 0.477000, 0.373000, 0.336000, 0.303000
1821, 03_0_93, 0.384000, 0.233000, 0.423000, 0.253000, 0.520000, 0.298000, 0.742000, 0.415000
1822, 03_0_94, 0.420000, 0.211000, 0.421000, 0.258000, 0.371000, 0.254000, 0.306000, 0.306000
1823, 03_0_95, 0.419000, 0.279000, 0.451000, 0.265000, 0.418000, 0.141000, 0.616000, 0.424000
1824, 03_1_00, -0.144000, 0.225000, -0.289000, 0.232000, -0.229000, 0.075000, -0.302000, 0.210000
1825, 03_1_01, -0.158000, 0.291000, -0.294000, 0.451000, -0.191000, -0.005000, -0.231000, 0.044000
1826, 03_1_02, -0.152000, 0.248000, -0.274000, 0.284000, -0.256000, 0.140000, -0.336000, 0.121000
1827, 03_1_03, -0.179000, 0.304000, -0.286000, 0.428000, -0.160000, 0.017000, -0.258000, 0.113000
1828, 03_1_04, -0.121000, 0.276000, -0.304000, 0.321000, -0.253000, 0.137000, -0.412000, 0.185000
1829, 03_1_05, -0.164000, 0.319000, -0.296000, 0.399000, -0.148000, 0.048000, -0.240000, 0.066000
1830, 03_1_06, -0.106000, 0.298000, -0.286000, 0.292000, -0.263000, 0.121000, -0.430000, 0.177000
1831, 03_1_07, -0.212000, 0.370000, -0.286000, 0.386000, -0.161000, 0.045000, -0.274000, 0.115000
1832, 03_1_08, -0.094000, 0.242000, -0.261000, 0.304000, -0.267000, 0.083000, -0.363000, 0.183000
1833, 03_1_09, -0.139000, 0.227000, -0.309000, 0.400000, -0.173000, 0.029000, -0.286000, 0.145000
1834, 03_1_10, -0.127000, 0.271000, -0.304000, 0.381000, -0.272000, 0.020000, -0.388000, 0.162000
1835, 03_1_11, -0.176000, 0.233000, -0.312000, 0.330000, -0.200000, -0.028000, -0.259000, 0.127000
1836, 03_1_12, -0.106000, 0.282000, -0.254000, 0.326000, -0.186000, 0.015000, -0.343000, 0.154000
1837, 03_1_13, -0.177000, 0.241000, -0.274000, 0.351000, -0.146000, 0.112000, -0.248000, 0.188000
1838, 03_1_14, -0.107000, 0.274000, -0.253000, 0.361000, -0.310000, 0.132000, -0.362000, 0.202000
1839, 03_1_15, -0.145000, 0.203000, -0.279000, 0.404000, -0.091000, 0.061000, -0.255000, 0.240000
1840, 03_1_16, -0.098000, 0.365000, -0.244000, 0.381000, -0.152000, 0.069000, -0.412000, 0.080000
1841, 03_1_17, -0.129000, 0.235000, -0.255000, 0.324000, -0.090000, 0.185000, -0.245000, 0.184000
1842, 03_1_18, -0.165000, 0.327000, -0.255000, 0.309000, -0.307000, 0.128000, -0.308000, 0.149000
1843, 03_1_19, -0.216000, 0.246000, -0.263000, 0.249000, -0.166000, 0.212000, -0.267000, 0.255000
1844, 03_1_20, -0.114000, 0.358000, -0.263000, 0.331000, -0.241000, 0.173000, -0.367000, 0.150000
1845, 03_1_21, -0.162000, 0.218000, -0.289000, 0.382000, -0.094000, 0.197000, -0.255000, 0.247000
1846, 03_1_22, -0.145000, 0.333000, -0.237000, 0.317000, -0.297000, 0.116000, -0.344000, 0.124000
1847, 03_1_23, -0.207000, 0.240000, -0.246000, 0.243000, -0.158000, 0.239000, -0.219000, 0.278000
1848, 03_1_24, -0.121000, 0.410000, -0.229000, 0.308000, -0.206000, 0.130000, -0.329000, 0.070000
1849, 03_1_25, -0.150000, 0.226000, -0.227000, 0.212000, -0.091000, 0.244000, -0.171000, 0.223000
1850, 03_1_26, -0.097000, 0.349000, -0.252000, 0.307000, -0.254000, 0.135000, -0.310000, 0.080000
1851, 03_1_27, -0.052000, 0.263000, -0.220000, 0.206000, -0.052000, 0.195000, -0.241000, 0.262000
1852, 03_1_28, -0.068000, 0.376000, -0.254000, 0.352000, -0.164000, 0.169000, -0.242000, 0.192000
1853, 03_1_29, -0.112000, 0.314000, -0.204000, 0.271000, -0.070000, 0.281000, -0.171000, 0.244000
1854, 03_1_30, -0.084000, 0.328000, -0.216000, 0.329000, -0.242000, 0.069000, -0.355000, 0.130000
1855, 03_1_31, -0.095000, 0.323000, -0.218000, 0.242000, -0.064000, 0.274000, -0.232000, 0.330000
1856, 03_1_32, -0.123000, 0.376000, -0.221000, 0.294000, -0.199000, 0.090000, -0.404000, 0.106000
1857, 03_1_33, -0.074000, 0.244000, -0.164000, 0.299000, -0.060000, 0.224000, -0.185000, 0.263000
1858, 03_1_34, -0.132000, 0.355000, -0.217000, 0.323000, -0.110000, 0.261000, -0.236000, 0.188000
1859, 03_1_35, -0.114000, 0.340000, -0.199000, 0.232000, -0.079000, 0.174000, -0.192000, 0.239000
1860, 03_1_36, -0.123000, 0.405000, -0.227000, 0.279000, -0.168000, 0.111000, -0.262000, 0.191000
1861, 03_1_37, -0.101000, 0.279000, -0.215000, 0.216000, -0.006000, 0.225000, -0.247000, 0.313000
1862, 03_1_38, -0.074000, 0.342000, -0.181000, 0.492000, -0.194000, 0.221000, -0.204000, 0.174000
1863, 03_1_39, -0.098000, 0.314000, -0.188000, 0.322000, -0.055000, 0.194000, -0.181000, 0.264000
1864, 03_1_40, -0.000000, 0.266000, -0.150000, 0.193000, 0.009000, 0.170000, 0.090000, 0.104000
1865, 03_1_41, -0.037000, 0.288000, -0.159000, 0.229000, 0.021000, 0.187000, 0.021000, 0.214000
1866, 03_1_42, -0.069000, 0.313000, -0.159000, 0.375000, 0.015000, 0.046000, 0.082000, 0.063000
1867, 03_1_43, -0.033000, 0.271000, -0.150000, 0.316000, 0.123000, 0.178000, 0.053000, 0.240000
1868, 03_1_44, -0.099000, 0.340000, -0.187000, 0.248000, 0.113000, 0.127000, 0.047000, 0.243000
1869, 03_1_45, -0.027000, 0.264000, -0.196000, 0.217000, 0.057000, 0.138000, 0.010000, 0.154000
1870, 03_1_46, -0.029000, 0.255000, -0.114000, 0.184000, -0.077000, 0.072000, -0.029000, 0.196000
1871, 03_1_47, -0.026000, 0.338000, -0.139000, 0.281000, 0.059000, 0.279000, 0.075000, 0.127000
1872, 03_1_48, -0.050000, 0.211000, -0.109000, 0.266000, -0.073000, 0.204000, 0.041000, 0.145000
1873, 03_1_49, -0.053000, 0.250000, -0.150000, 0.265000, 0.046000, 0.159000, 0.044000, 0.059000
1874, 03_1_50, 0.000000, 0.226000, -0.149000, 0.179000, 0.096000, 0.201000, -0.106000, 0.233000
1875, 03_1_51, -0.001000, 0.289000, -0.174000, 0.274000, 0.075000, 0.041000, -0.026000, 0.194000
1876, 03_1_52, 0.011000, 0.188000, -0.101000, 0.187000, -0.017000, 0.280000, -0.117000, 0.196000
1877, 03_1_53, -0.012000, 0.298000, -0.170000, 0.367000, 0.106000, 0.092000, -0.036000, 0.122000
1878, 03_1_54, -0.500000, 0.297000, -0.126000, 0.278000, -0.118000, 0.122000, -0.085000, 0.154000
1879, 03_1_55, 0.011000, 0.279000, -0.059000, 0.183000, 0.089000, 0.093000, -0.047000, 0.119000
1880, 03_1_56, -0.011000, 0.311000, -0.096000, 0.235000, 0.027000, 0.251000, 0.035000, 0.160000
1881, 03_1_57, 0.048000, 0.295000, -0.117000, 0.321000, 0.203000, 0.129000, 0.011000, 0.069000
1882, 03_1_58, 0.055000, 0.277000, -0.053000, 0.176000, 0.116000, 0.205000, 0.001000, 0.054000
1883, 03_1_59, 0.043000, 0.310000, -0.034000, 0.215000, 0.200000, 0.207000, 0.000000, 0.111000
1884, 03_1_60, 0.058000, 0.264000, -0.050000, 0.197000, 0.082000, 0.243000, -0.010000, 0.140000
1885, 03_1_61, 0.048000, 0.248000, -0.121000, 0.263000, 0.175000, 0.114000, 0.030000, 0.088000
1886, 03_1_62, 0.140000, 0.290000, -0.036000, 0.244000, 0.171000, 0.174000, -0.012000, 0.170000
1887, 03_1_63, 0.121000, 0.251000, -0.010000, 0.173000, 0.317000, 0.182000, 0.110000, 0.083000
1888, 03_1_64, 0.048000, 0.191000, -0.025000, 0.178000, 0.030000, 0.074000, -0.132000, 0.146000
1889, 03_1_65, 0.077000, 0.353000, -0.014000, 0.256000, 0.160000, 0.238000, 0.005000, 0.258000
1890, 03_1_66, 0.094000, 0.119000, 0.021000, 0.186000, 0.085000, 0.186000, 0.117000, 0.176000
1891, 03_1_67, 0.087000, 0.196000, 0.015000, 0.224000, 0.017000, 0.160000, 0.017000, 0.176000
1892, 03_1_68, 0.037000, 0.323000, 0.001000, 0.363000, 0.009000, 0.118000, 0.017000, 0.172000
1893, 03_1_69, -0.081000, 0.292000, -0.099000, 0.276000, 0.123000, 0.096000, 0.054000, 0.155000
1894, 03_1_70, 0.139000, 0.244000, 0.007000, 0.237000, 0.158000, 0.118000, 0.140000, 0.078000
1895, 03_1_71, 0.138000, 0.133000, 0.006000, 0.159000, 0.342000, 0.063000, 0.097000, 0.088000
1896, 03_1_72, 0.015000, 0.477000, 0.018000, 0.253000, 0.022000, 0.206000, 0.003000, 0.067000
1897, 03_1_73, 0.165000, 0.174000, 0.076000, 0.149000, 0.259000, 0.145000, 0.111000, 0.176000
1898, 03_1_74, 0.128000, 0.204000, 0.044000, 0.230000, -0.037000, 0.141000, -0.004000, 0.099000
1899, 03_1_75, 0.145000, 0.090000, 0.043000, 0.126000, 0.062000, 0.112000, 0.057000, 0.186000
1900, 03_1_76, 0.171000, 0.214000, 0.086000, 0.174000, 0.168000, 0.165000, 0.284000, -0.054000
1901, 03_1_77, 0.145000, 0.125000, 0.091000, 0.018000, 0.212000, 0.118000, 0.325000, 0.066000
1902, 03_1_78, 0.158000, 0.210000, 0.096000, 0.184000, 0.189000, 0.115000, 0.327000, -0.032000
1903, 03_1_79, 0.190000, 0.092000, 0.110000, 0.068000, 0.270000, 0.151000, 0.344000, 0.211000
1904, 03_1_80, 0.083000, 0.089000, 0.134000, 0.099000, 0.249000, 0.212000, 0.130000, 0.032000
1905, 03_1_81, 0.181000, 0.084000, 0.132000, 0.153000, 0.398000, 0.173000, 0.271000, 0.163000
1906, 03_1_82, 0.177000, 0.230000, 0.101000, 0.170000, 0.183000, 0.075000, 0.129000, 0.111000
1907, 03_1_83, 0.195000, 0.113000, 0.165000, 0.102000, 0.147000, 0.216000, 0.468000, 0.329000
1908, 03_1_84, 0.134000, 0.207000, 0.081000, 0.201000, 0.131000, 0.118000, 0.133000, 0.091000
1909, 03_1_85, 0.175000, 0.226000, 0.190000, 0.121000, 0.322000, 0.124000, 0.190000, 0.150000
1910, 03_1_86, 0.233000, 0.137000, 0.138000, 0.160000, 0.525000, 0.100000, 0.299000, 0.143000
1911, 03_1_87, 0.228000, 0.156000, 0.153000, 0.193000, 0.288000, 0.046000, 0.127000, 0.156000
1912, 03_1_88, 0.147000, -0.027000, 0.057000, 0.285000, 0.131000, 0.361000, 0.095000, 0.194000
1913, 03_1_89, 0.190000, 0.046000, 0.122000, 0.172000, 0.157000, 0.166000, 0.049000, 0.204000
1914, 03_1_90, 0.311000, 0.127000, 0.231000, 0.197000, 0.495000, 0.044000, 0.363000, 0.199000
1915, 03_1_91, 0.281000, 0.070000, 0.230000, 0.127000, 0.454000, 0.054000, 0.400000, 0.204000
1916, 03_1_92, 0.265000, 0.106000, 0.190000, 0.223000, 0.238000, 0.026000, 0.381000, 0.161000
1917, 03_1_93, 0.219000, 0.172000, 0.193000, 0.129000, 0.065000, 0.274000, 0.019000, 0.251000
1918, 03_1_94, 0.298000, 0.051000, 0.260000, 0.100000, 0.429000, 0.002000, 0.379000, 0.240000
1919, 03_1_95, 0.281000, 0.069000, 0.249000, 0.103000, 0.284000, 0.035000, 0.327000, 0.212000
1920, 03_2_00, 0.132000, 0.128000, -0.019000, 0.372000, 0.069000, 0.162000, -0.162000, 0.360000
1921, 03_2_01, 0.120000, 0.496000, -0.056000, 0.551000, 0.102000, 0.110000, -0.014000, 0.227000
1922, 03_2_02, 0.134000, 0.384000, -0.014000, 0.407000, 0.025000, 0.209000, -0.006000, 0.317000
1923, 03_2_03, 0.116000, 0.486000, -0.023000, 0.540000, 0.034000, 0.061000, 0.006000, 0.272000
1924, 03_2_04, 0.160000, 0.402000, -0.041000, 0.439000, -0.067000, 0.125000, -0.154000, 0.240000
1925, 03_2_05, 0.119000, 0.511000, -0.059000, 0.536000, 0.146000, 0.063000, -0.044000, 0.223000
1926, 03_2_06, 0.155000, 0.481000, -0.041000, 0.471000, -0.041000, 0.243000, -0.224000, 0.285000
1927, 03_2_07, 0.158000, 0.491000, -0.046000, 0.564000, 0.145000, 0.124000, -0.007000, 0.235000
1928, 03_2_08, 0.165000, 0.371000, -0.026000, 0.527000, 0.116000, 0.107000, -0.170000, 0.207000
1929, 03_2_09, 0.150000, 0.455000, -0.040000, 0.530000, 0.168000, 0.136000, -0.005000, 0.373000
1930, 03_2_10, 0.117000, 0.411000, -0.050000, 0.470000, 0.024000, 0.145000, -0.132000, 0.227000
1931, 03_2_11, 0.113000, 0.436000, -0.076000, 0.526000, 0.111000, 0.138000, -0.067000, 0.299000
1932, 03_2_12, 0.155000, 0.549000, -0.023000, 0.466000, 0.078000, 0.161000, -0.062000, 0.159000
1933, 03_2_13, 0.142000, 0.415000, -0.037000, 0.467000, 0.147000, 0.166000, -0.020000, 0.227000
1934, 03_2_14, 0.180000, 0.425000, -0.012000, 0.493000, -0.077000, 0.157000, -0.159000, 0.092000
1935, 03_2_15, 0.146000, 0.372000, -0.018000, 0.410000, 0.147000, 0.156000, -0.048000, 0.282000
1936, 03_2_16, 0.204000, 0.449000, -0.018000, 0.538000, 0.142000, 0.157000, 0.121000, 0.084000
1937, 03_2_17, 0.188000, 0.412000, -0.031000, 0.474000, 0.168000, 0.194000, -0.024000, 0.465000
1938, 03_2_18, 0.095000, 0.443000, -0.080000, 0.545000, -0.064000, 0.122000, -0.108000, 0.165000
1939, 03_2_19, 0.093000, 0.383000, -0.040000, 0.435000, 0.075000, 0.200000, -0.124000, 0.310000
1940, 03_2_20, 0.159000, 0.505000, -0.061000, 0.541000, 0.163000, 0.066000, -0.087000, 0.153000
1941, 03_2_21, 0.161000, 0.357000, -0.041000, 0.426000, 0.126000, 0.229000, 0.039000, 0.364000
1942, 03_2_22, 0.070000, 0.495000, -0.025000, 0.518000, 0.086000, 0.120000, -0.104000, 0.248000
1943, 03_2_23, 0.107000, 0.323000, -0.010000, 0.395000, 0.134000, 0.232000, 0.055000, 0.250000
1944, 03_2_24, 0.127000, 0.455000, 0.008000, 0.531000, -0.038000, 0.116000, -0.040000, 0.248000
1945, 03_2_25, 0.113000, 0.411000, -0.003000, 0.409000, 0.165000, 0.217000, 0.053000, 0.307000
1946, 03_2_26, 0.162000, 0.410000, -0.032000, 0.501000, -0.039000, 0.028000, -0.053000, 0.333000
1947, 03_2_27, 0.209000, 0.329000, 0.152000, 0.442000, 0.218000, 0.202000, 0.074000, 0.393000
1948, 03_2_28, 0.189000, 0.407000, 0.028000, 0.491000, 0.152000, 0.001000, -0.059000, 0.206000
1949, 03_2_29, 0.188000, 0.354000, 0.027000, 0.402000, 0.160000, 0.033000, 0.044000, 0.400000
1950, 03_2_30, 0.131000, 0.441000, -0.004000, 0.497000, 0.129000, 0.156000, 0.026000, 0.282000
1951, 03_2_31, 0.182000, 0.281000, -0.008000, 0.391000, 0.181000, 0.187000, 0.174000, 0.402000
1952, 03_2_32, 0.161000, 0.415000, -0.030000, 0.520000, 0.171000, 0.064000, -0.067000, 0.337000
1953, 03_2_33, 0.096000, 0.362000, -0.003000, 0.448000, 0.253000, 0.236000, 0.168000, 0.412000
1954, 03_2_34, 0.179000, 0.431000, 0.037000, 0.455000, 0.141000, 0.168000, 0.172000, 0.335000
1955, 03_2_35, 0.228000, 0.328000, 0.020000, 0.461000, 0.275000, 0.232000, 0.091000, 0.400000
1956, 03_2_36, 0.188000, 0.398000, -0.022000, 0.470000, 0.206000, 0.153000, -0.178000, 0.248000
1957, 03_2_37, 0.194000, 0.311000, -0.013000, 0.404000, 0.305000, 0.231000, 0.108000, 0.419000
1958, 03_2_38, 0.063000, 0.443000, 0.023000, 0.491000, 0.135000, 0.254000, 0.113000, 0.515000
1959, 03_2_39, 0.185000, 0.456000, 0.016000, 0.457000, 0.313000, 0.232000, 0.141000, 0.462000
1960, 03_2_40, 0.245000, 0.401000, 0.050000, 0.428000, 0.266000, 0.135000, -0.002000, 0.210000
1961, 03_2_41, 0.267000, 0.372000, 0.066000, 0.398000, 0.263000, 0.082000, 0.132000, 0.319000
1962, 03_2_42, 0.222000, 0.363000, 0.052000, 0.405000, 0.191000, 0.102000, 0.044000, 0.196000
1963, 03_2_43, 0.215000, 0.335000, 0.041000, 0.440000, 0.288000, 0.072000, 0.278000, 0.292000
1964, 03_2_44, 0.208000, 0.334000, 0.006000, 0.478000, 0.194000, 0.090000, -0.029000, 0.298000
1965, 03_2_45, 0.228000, 0.374000, 0.008000, 0.436000, 0.282000, 0.174000, 0.073000, 0.238000
1966, 03_2_46, 0.205000, 0.348000, 0.009000, 0.508000, 0.242000, 0.131000, -0.035000, 0.366000
1967, 03_2_47, 0.227000, 0.382000, 0.060000, 0.488000, 0.311000, 0.227000, 0.189000, 0.344000
1968, 03_2_48, 0.196000, 0.327000, 0.082000, 0.351000, 0.189000, 0.137000, -0.066000, 0.203000
1969, 03_2_49, 0.195000, 0.414000, 0.065000, 0.446000, 0.280000, 0.197000, 0.149000, 0.307000
1970, 03_2_50, 0.170000, 0.392000, 0.065000, 0.364000, 0.253000, 0.220000, -0.064000, 0.308000
1971, 03_2_51, 0.251000, 0.366000, 0.045000, 0.425000, 0.361000, 0.157000, 0.087000, 0.272000
1972, 03_2_52, 0.142000, 0.366000, 0.085000, 0.417000, 0.262000, 0.231000, 0.269000, 0.217000
1973, 03_2_53, 0.232000, 0.408000, 0.073000, 0.461000, 0.365000, 0.161000, 0.253000, 0.299000
1974, 03_2_54, 0.256000, 0.332000, 0.132000, 0.442000, 0.260000, 0.199000, 0.320000, 0.325000
1975, 03_2_55, 0.236000, 0.664000, 0.129000, 0.477000, 0.366000, 0.216000, 0.286000, 0.284000
1976, 03_2_56, 0.293000, 0.325000, 0.108000, 0.436000, 0.315000, 0.161000, 0.278000, 0.325000
1977, 03_2_57, 0.282000, 0.431000, 0.114000, 0.404000, 0.324000, 0.235000, 0.298000, 0.254000
1978, 03_2_58, 0.289000, 0.345000, 0.135000, 0.371000, 0.320000, 0.185000, 0.266000, 0.323000
1979, 03_2_59, 0.245000, 0.443000, 0.138000, 0.397000, 0.449000, 0.090000, 0.345000, 0.256000
1980, 03_2_60, 0.314000, 0.272000, 0.134000, 0.388000, 0.339000, 0.145000, 0.310000, 0.220000
1981, 03_2_61, 0.268000, 0.698000, 0.123000, 0.428000, 0.350000, 0.117000, 0.362000, 0.241000
1982, 03_2_62, 0.351000, 0.380000, 0.209000, 0.337000, 0.404000, 0.157000, 0.351000, 0.284000
1983, 03_2_63, 0.353000, 0.508000, 0.191000, 0.322000, 0.493000, 0.169000, 0.336000, 0.199000
1984, 03_2_64, 0.286000, 0.592000, 0.164000, 0.426000, 0.365000, 0.050000, -0.064000, 0.211000
1985, 03_2_65, 0.279000, 0.331000, 0.170000, 0.374000, 0.468000, 0.225000, 0.366000, 0.308000
1986, 03_2_66, 0.322000, 0.143000, 0.212000, 0.327000, 0.460000, 0.053000, 0.415000, 0.298000
1987, 03_2_67, 0.291000, 0.273000, 0.168000, 0.354000, 0.546000, 0.167000, 0.369000, 0.311000
1988, 03_2_68, 0.303000, 0.228000, 0.185000, 0.425000, 0.325000, 0.022000, 0.351000, 0.259000
1989, 03_2_69, 0.290000, 0.274000, 0.200000, 0.315000, 0.490000, 0.147000, 0.353000, 0.310000
1990, 03_2_70, 0.314000, 0.282000, 0.161000, 0.382000, 0.422000, 0.065000, 0.310000, 0.372000
1991, 03_2_71, 0.320000, 0.367000, 0.170000, 0.294000, 0.512000, 0.025000, 0.307000, 0.153000
1992, 03_2_72, 0.273000, 0.401000, 0.210000, 0.442000, 0.221000, 0.166000, -0.038000, 0.451000
1993, 03_2_73, 0.335000, 0.244000, 0.228000, 0.293000, 0.601000, 0.325000, 0.346000, 0.263000
1994, 03_2_74, 0.285000, 0.367000, 0.201000, 0.400000, 0.216000, 0.131000, 0.347000, 0.238000
1995, 03_2_75, 0.308000, 0.209000, 0.206000, 0.302000, 0.645000, 0.188000, 0.344000, 0.292000
1996, 03_2_76, 0.335000, 0.371000, 0.232000, 0.425000, 0.394000, 0.007000, 0.180000, 0.172000
1997, 03_2_77, 0.321000, 0.209000, 0.231000, 0.237000, 0.373000, 0.157000, 0.093000, 0.191000
1998, 03_2_78, 0.342000, 0.298000, 0.230000, 0.384000, 0.429000, 0.081000, 0.302000, 0.011000
1999, 03_2_79, 0.342000, 0.287000, 0.255000, 0.236000, 0.513000, 0.297000, 0.477000, 0.285000
2000, 03_2_80, 0.339000, 0.211000, 0.279000, 0.343000, 0.427000, 0.032000, 0.331000, 0.187000
2001, 03_2_81, 0.328000, 0.132000, 0.290000, 0.280000, 0.410000, 0.228000, 0.472000, 0.261000
2002, 03_2_82, 0.316000, 0.313000, 0.233000, 0.376000, 0.512000, 0.186000, 0.513000, 0.253000
2003, 03_2_83, 0.319000, 0.175000, 0.251000, 0.225000, 0.444000, 0.261000, 0.505000, 0.306000
2004, 03_2_84, 0.333000, 0.168000, 0.255000, 0.340000, 0.451000, 0.223000, 0.434000, 0.134000
2005, 03_2_85, 0.311000, 0.151000, 0.245000, 0.279000, 0.410000, 0.292000, 0.488000, 0.286000
2006, 03_2_86, 0.370000, 0.436000, 0.262000, 0.391000, 0.482000, 0.118000, 0.538000, 0.228000
2007, 03_2_87, 0.323000, 0.133000, 0.252000, 0.267000, 0.400000, 0.205000, 0.119000, 0.300000
2008, 03_2_88, 0.376000, 0.133000, 0.291000, 0.276000, 0.566000, 0.139000, 0.264000, 0.152000
2009, 03_2_89, 0.370000, 0.065000, 0.288000, 0.209000, 0.477000, 0.130000, 0.527000, 0.242000
2010, 03_2_90, 0.397000, 0.136000, 0.336000, 0.255000, 0.596000, 0.021000, 0.186000, 0.245000
2011, 03_2_91, 0.343000, 0.153000, 0.319000, 0.240000, 0.438000, -0.063000, 0.164000, 0.243000
2012, 03_2_92, 0.276000, 0.331000, 0.343000, 0.278000, 0.331000, -0.056000, 0.424000, 0.193000
2013, 03_2_93, 0.309000, 0.026000, 0.318000, 0.211000, 0.387000, -0.095000, 0.422000, 0.158000
2014, 03_2_94, 0.411000, 0.089000, 0.350000, 0.223000, 0.270000, 0.005000, 0.517000, 0.246000
2015, 03_2_95, 0.314000, 0.016000, 0.320000, 0.194000, 0.243000, -0.112000, 0.287000, 0.057000
2016, 03_3_00, -0.299000, 0.344000, 0.315000, 0.107000, -0.362000, 0.181000, 0.240000, -0.008000
2017, 03_3_01, -0.315000, 0.537000, 0.315000, 0.309000, -0.300000, 0.207000, 0.325000, -0.105000
2018, 03_3_02, -0.279000, 0.387000, 0.369000, 0.154000, -0.384000, 0.157000, 0.199000, -0.061000
2019, 03_3_03, -0.333000, 0.407000, 0.375000, 0.246000, -0.283000, 0.207000, 0.348000, -0.154000
2020, 03_3_04, -0.237000, 0.362000, 0.326000, 0.161000, -0.370000, 0.239000, 0.163000, -0.099000
2021, 03_3_05, -0.262000, 0.503000, 0.321000, 0.267000, -0.267000, 0.195000, 0.314000, -0.138000
2022, 03_3_06, -0.262000, 0.359000, 0.331000, 0.178000, -0.339000, 0.195000, 0.157000, -0.106000
2023, 03_3_07, -0.276000, 0.476000, 0.334000, 0.271000, -0.271000, 0.244000, 0.346000, -0.095000
2024, 03_3_08, -0.231000, 0.372000, 0.323000, 0.272000, -0.345000, 0.243000, 0.094000, -0.032000
2025, 03_3_09, -0.264000, 0.470000, 0.321000, 0.268000, -0.258000, 0.188000, 0.336000, -0.125000
2026, 03_3_10, -0.240000, 0.426000, 0.322000, 0.240000, -0.371000, 0.228000, 0.203000, -0.042000
2027, 03_3_11, -0.251000, 0.436000, 0.323000, 0.267000, -0.241000, 0.248000, 0.275000, 0.082000
2028, 03_3_12, -0.225000, 0.456000, 0.330000, 0.201000, -0.285000, 0.288000, 0.243000, -0.012000
2029, 03_3_13, -0.240000, 0.410000, 0.316000, 0.254000, -0.248000, 0.222000, 0.343000, -0.066000
2030, 03_3_14, -0.233000, 0.425000, 0.335000, 0.227000, -0.332000, 0.168000, 0.209000, -0.072000
2031, 03_3_15, -0.231000, 0.364000, 0.328000, 0.209000, -0.247000, 0.224000, 0.279000, -0.098000
2032, 03_3_16, -0.356000, 0.449000, 0.224000, 0.351000, -0.320000, 0.208000, 0.284000, -0.084000
2033, 03_3_17, -0.242000, 0.443000, 0.317000, 0.269000, -0.308000, 0.308000, 0.360000, 0.011000
2034, 03_3_18, -0.227000, 0.390000, 0.334000, 0.284000, -0.251000, 0.207000, 0.221000, -0.021000
2035, 03_3_19, -0.234000, 0.426000, 0.449000, 0.209000, -0.234000, 0.328000, 0.347000, 0.032000
2036, 03_3_20, -0.288000, 0.377000, 0.300000, 0.250000, -0.442000, 0.166000, 0.179000, -0.087000
2037, 03_3_21, -0.229000, 0.363000, 0.306000, 0.191000, -0.254000, 0.282000, 0.357000, 0.092000
2038, 03_3_22, -0.196000, 0.390000, 0.316000, 0.251000, -0.255000, 0.181000, 0.252000, -0.054000
2039, 03_3_23, -0.185000, 0.359000, 0.466000, 0.169000, -0.227000, 0.298000, 0.350000, 0.059000
2040, 03_3_24, 0.000000, 0.000000, 0.000000, 0.000000, 0.000000, 0.000000, 0.000000, 0.000000
2041, 03_3_25, -0.208000, 0.423000, 0.345000, 0.147000, -0.157000, 0.309000, 0.399000, 0.070000
2042, 03_3_26, -0.220000, 0.431000, 0.349000, 0.216000, -0.289000, 0.203000, 0.346000, -0.062000
2043, 03_3_27, -0.207000, 0.375000, 0.353000, 0.155000, -0.221000, 0.295000, 0.434000, 0.050000
2044, 03_3_28, -0.253000, 0.467000, 0.322000, 0.158000, -0.358000, 0.208000, 0.311000, -0.152000
2045, 03_3_29, -0.214000, 0.413000, 0.332000, 0.139000, -0.193000, 0.300000, 0.358000, 0.048000
2046, 03_3_30, -0.232000, 0.428000, 0.329000, 0.194000, -0.341000, 0.274000, 0.365000, -0.078000
2047, 03_3_31, -0.195000, 0.355000, 0.335000, 0.124000, -0.169000, 0.278000, 0.390000, 0.068000
2048, 03_3_32, -0.176000, 0.375000, 0.335000, 0.222000, -0.252000, 0.168000, 0.381000, -0.074000
2049, 03_3_33, -0.174000, 0.309000, 0.401000, 0.168000, -0.134000, 0.278000, 0.440000, 0.107000
2050, 03_3_34, -0.395000, 0.509000, 0.307000, 0.208000, -0.358000, 0.204000, 0.416000, -0.138000
2051, 03_3_35, -0.187000, 0.261000, 0.345000, 0.164000, -0.160000, 0.276000, 0.389000, 0.129000
2052, 03_3_36, -0.176000, 0.381000, 0.315000, 0.228000, -0.161000, 0.233000, 0.446000, 0.023000
2053, 03_3_37, 0.000000, 0.000000, 0.000000, 0.000000, 0.000000, 0.000000, 0.000000, 0.000000
2054, 03_3_38, -0.145000, 0.384000, 0.343000, 0.222000, -0.176000, 0.217000, 0.457000, 0.045000
2055, 03_3_39, -0.165000, 0.361000, 0.360000, 0.236000, -0.144000, 0.237000, 0.399000, 0.142000
2056, 03_3_40, -0.205000, 0.477000, 0.361000, 0.212000, -0.099000, 0.287000, 0.522000, -0.017000
2057, 03_3_41, -0.133000, 0.333000, 0.382000, 0.180000, 0.054000, 0.183000, 0.547000, -0.013000
2058, 03_3_42, -0.133000, 0.321000, 0.362000, 0.166000, -0.083000, 0.190000, 0.433000, -0.162000
2059, 03_3_43, -0.151000, 0.873000, 0.359000, 0.208000, -0.055000, 0.219000, 0.658000, 0.002000
2060, 03_3_44, -0.109000, 0.283000, 0.351000, 0.166000, -0.137000, 0.203000, 0.516000, 0.029000
2061, 03_3_45, -0.130000, 0.383000, 0.345000, 0.185000, -0.053000, 0.183000, 0.436000, 0.115000
2062, 03_3_46, -0.101000, 0.326000, 0.349000, 0.162000, -0.037000, 0.244000, 0.401000, 0.052000
2063, 03_3_47, -0.124000, 0.397000, 0.393000, 0.223000, 0.008000, 0.234000, 0.512000, 0.073000
2064, 03_3_48, -0.125000, 0.294000, 0.359000, 0.161000, -0.182000, 0.167000, 0.439000, 0.035000
2065, 03_3_49, -0.143000, 0.375000, 0.357000, 0.191000, -0.009000, 0.162000, 0.424000, 0.090000
2066, 03_3_50, -0.080000, 0.283000, 0.393000, 0.186000, -0.056000, 0.143000, 0.367000, -0.077000
2067, 03_3_51, -0.482000, 0.601000, 0.366000, 0.264000, 0.112000, 0.106000, 0.455000, 0.066000
2068, 03_3_52, -0.083000, 0.335000, 0.257000, 0.030000, -0.015000, 0.207000, 0.329000, -0.075000
2069, 03_3_53, -0.087000, 0.336000, 0.312000, 0.201000, 0.078000, 0.201000, 0.489000, 0.019000
2070, 03_3_54, -0.055000, 0.359000, 0.407000, 0.083000, -0.653000, -0.127000, 0.431000, -0.298000
2071, 03_3_55, -0.050000, 0.349000, 0.430000, 0.286000, 0.157000, 0.210000, 0.615000, 0.011000
2072, 03_3_56, -0.065000, 0.328000, 0.396000, 0.133000, 0.007000, -0.022000, 0.554000, -0.225000
2073, 03_3_57, 0.000000, 0.000000, 0.000000, 0.000000, 0.000000, 0.000000, 0.000000, 0.000000
2074, 03_3_58, 0.005000, 0.201000, 0.392000, 0.144000, 0.027000, 0.078000, 0.476000, 0.016000
2075, 03_3_59, -0.041000, 0.293000, 0.367000, 0.170000, 0.057000, 0.112000, 0.398000, 0.030000
2076, 03_3_60, -0.038000, 0.302000, 0.398000, 0.167000, 0.108000, 0.132000, 0.399000, 0.127000
2077, 03_3_61, -0.053000, 0.341000, 0.383000, 0.197000, 0.100000, 0.166000, 0.434000, -0.011000
2078, 03_3_62, -0.026000, 0.290000, 0.452000, 0.095000, 0.090000, 0.083000, 0.435000, 0.017000
2079, 03_3_63, 0.013000, 0.618000, 0.411000, 0.178000, 0.128000, 0.061000, 0.632000, 0.064000
2080, 03_3_64, -0.010000, 0.491000, 0.471000, 0.108000, 0.082000, 0.206000, 0.517000, 0.180000
2081, 03_3_65, 0.058000, 0.192000, 0.433000, 0.166000, 0.217000, 0.176000, 0.652000, 0.078000
2082, 03_3_66, 0.011000, 0.322000, 0.429000, 0.122000, 0.137000, 0.174000, 0.577000, 0.040000
2083, 03_3_67, 0.001000, 0.316000, 0.535000, 0.275000, 0.272000, 0.177000, 0.625000, 0.047000
2084, 03_3_68, 0.004000, 0.622000, 0.422000, 0.147000, 0.079000, 0.082000, 0.271000, -0.092000
2085, 03_3_69, -0.082000, 0.202000, 0.399000, 0.147000, 0.147000, 0.025000, 0.509000, -0.080000
2086, 03_3_70, 0.031000, 0.246000, 0.422000, 0.112000, 0.193000, 0.095000, 0.315000, -0.117000
2087, 03_3_71, 0.048000, 0.125000, 0.433000, 0.005000, 0.308000, 0.146000, 0.633000, -0.034000
2088, 03_3_72, 0.053000, 0.296000, 0.483000, 0.105000, 0.080000, -0.009000, 0.410000, -0.078000
2089, 03_3_73, 0.050000, 0.251000, 0.467000, 0.291000, 0.318000, 0.144000, 0.634000, 0.105000
2090, 03_3_74, 0.107000, 0.179000, 0.389000, 0.177000, 0.101000, -0.059000, 0.398000, -0.106000
2091, 03_3_75, 0.077000, 0.227000, 0.456000, 0.108000, 0.220000, 0.009000, 0.449000, 0.097000
2092, 03_3_76, 0.095000, 0.214000, 0.461000, 0.134000, 0.131000, -0.008000, 0.410000, 0.033000
2093, 03_3_77, 0.086000, 0.113000, 0.463000, -0.018000, 0.173000, 0.047000, 0.478000, 0.040000
2094, 03_3_78, 0.079000, 0.256000, 0.459000, 0.183000, 0.154000, 0.005000, 0.442000, -0.093000
2095, 03_3_79, 0.088000, 0.135000, 0.466000, -0.027000, 0.376000, 0.317000, 0.523000, 0.003000
2096, 03_3_80, 0.088000, 0.252000, 0.485000, 0.052000, 0.201000, 0.043000, 0.406000, -0.106000
2097, 03_3_81, 0.081000, 0.269000, 0.495000, -0.095000, 0.206000, 0.190000, 0.609000, -0.048000
2098, 03_3_82, 0.065000, 0.428000, 0.469000, 0.130000, 0.096000, 0.021000, 0.433000, -0.029000
2099, 03_3_83, 0.118000, 0.216000, 0.502000, 0.007000, 0.309000, 0.238000, 0.694000, 0.032000
2100, 03_3_84, 0.014000, 0.432000, 0.474000, 0.172000, -0.060000, 0.097000, 0.413000, -0.060000
2101, 03_3_85, 0.135000, 0.164000, 0.499000, 0.044000, 0.377000, 0.263000, 0.739000, 0.047000
2102, 03_3_86, -0.147000, 0.165000, 0.390000, 0.094000, 0.181000, 0.056000, 0.363000, -0.027000
2103, 03_3_87, 0.148000, 0.179000, 0.471000, 0.097000, 0.221000, 0.106000, 0.583000, -0.028000
2104, 03_3_88, 0.151000, 0.150000, 0.495000, -0.005000, 0.353000, 0.139000, 0.536000, -0.057000
2105, 03_3_89, 0.221000, 0.168000, 0.553000, 0.066000, 0.452000, 0.254000, 0.641000, 0.029000
2106, 03_3_90, 0.222000, 0.182000, 0.519000, 0.061000, 0.095000, 0.088000, 0.359000, -0.193000
2107, 03_3_91, 0.228000, 0.151000, 0.488000, 0.062000, 0.432000, 0.233000, 0.670000, 0.036000
2108, 03_3_92, 0.237000, 0.160000, 0.536000, 0.067000, 0.444000, 0.230000, 0.705000, -0.081000
2109, 03_3_93, 0.199000, 0.159000, 0.540000, -0.055000, 0.348000, 0.111000, 0.609000, 0.071000
2110, 03_3_94, 0.222000, 0.145000, 0.510000, 0.055000, 0.153000, 0.051000, 0.361000, -0.103000
2111, 03_3_95, 0.222000, 0.162000, 0.504000, 0.017000, 0.303000, 0.119000, 0.428000, -0.005000
2112, 03_4_00, 0.266000, 0.117000, -0.255000, 0.205000, 0.222000, -0.048000, -0.290000, 0.090000
2113, 03_4_01, 0.263000, 0.351000, -0.248000, 0.284000, 0.210000, -0.016000, -0.242000, 0.022000
2114, 03_4_02, 0.276000, 0.170000, -0.247000, 0.236000, 0.046000, -0.024000, -0.343000, 0.089000
2115, 03_4_03, 0.283000, 0.355000, -0.265000, 0.556000, 0.304000, -0.024000, -0.244000, 0.094000
2116, 03_4_04, 0.249000, 0.220000, -0.233000, 0.268000, 0.041000, 0.000000, -0.356000, 0.040000
2117, 03_4_05, 0.363000, 0.452000, -0.144000, 0.332000, 0.313000, -0.107000, -0.245000, -0.055000
2118, 03_4_06, 0.262000, 0.202000, -0.234000, 0.283000, 0.103000, 0.031000, -0.308000, 0.099000
2119, 03_4_07, 0.272000, 0.364000, -0.245000, 0.241000, 0.271000, -0.065000, -0.274000, 0.020000
2120, 03_4_08, 0.266000, 0.229000, -0.257000, 0.281000, 0.233000, -0.083000, -0.346000, 0.020000
2121, 03_4_09, 0.261000, 0.350000, -0.250000, 0.207000, 0.292000, -0.153000, -0.295000, 0.053000
2122, 03_4_10, 0.226000, 0.301000, -0.246000, 0.310000, 0.060000, -0.063000, -0.392000, -0.013000
2123, 03_4_11, 0.281000, 0.385000, -0.236000, 0.209000, 0.349000, -0.079000, -0.233000, 0.057000
2124, 03_4_12, 0.237000, 0.273000, -0.234000, 0.300000, 0.068000, -0.095000, -0.287000, -0.111000
2125, 03_4_13, 0.259000, 0.305000, -0.224000, 0.237000, 0.304000, -0.023000, -0.195000, 0.163000
2126, 03_4_14, 0.229000, 0.352000, -0.256000, 0.310000, 0.037000, -0.051000, -0.366000, -0.120000
2127, 03_4_15, 0.278000, 0.378000, -0.240000, 0.257000, 0.314000, 0.073000, -0.228000, 0.244000
2128, 03_4_16, 0.232000, 0.343000, -0.268000, 0.326000, 0.319000, -0.070000, -0.431000, -0.211000
2129, 03_4_17, 0.220000, 0.362000, -0.262000, 0.232000, 0.237000, 0.017000, -0.285000, 0.174000
2130, 03_4_18, 0.244000, 0.350000, -0.258000, 0.292000, 0.104000, -0.145000, -0.329000, -0.189000
2131, 03_4_19, 0.234000, 0.348000, -0.244000, 0.237000, 0.243000, 0.073000, -0.194000, 0.169000
2132, 03_4_20, 0.220000, 0.343000, -0.278000, 0.333000, 0.160000, -0.033000, -0.469000, -0.174000
2133, 03_4_21, 0.165000, 0.396000, -0.239000, 0.195000, 0.241000, 0.072000, -0.216000, 0.125000
2134, 03_4_22, 0.188000, 0.401000, -0.274000, 0.324000, -0.028000, -0.203000, -0.395000, -0.200000
2135, 03_4_23, 0.220000, 0.329000, -0.253000, 0.181000, 0.260000, 0.064000, -0.205000, 0.231000
2136, 03_4_24, 0.016000, 0.413000, -0.260000, 0.229000, 0.005000, -0.239000, -0.341000, -0.121000
2137, 03_4_25, 0.208000, 0.348000, -0.257000, 0.215000, 0.261000, 0.122000, -0.218000, 0.159000
2138, 03_4_26, 0.213000, 0.390000, -0.323000, 0.378000, 0.038000, -0.070000, -0.448000, -0.046000
2139, 03_4_27, 0.235000, 0.326000, -0.235000, 0.169000, 0.216000, 0.145000, -0.254000, 0.255000
2140, 03_4_28, 0.148000, 0.397000, -0.311000, 0.310000, 0.048000, -0.095000, -0.412000, -0.085000
2141, 03_4_29, 0.201000, 0.335000, -0.249000, 0.246000, 0.249000, 0.188000, -0.244000, 0.319000
2142, 03_4_30, 0.174000, 0.391000, -0.267000, 0.320000, 0.056000, -0.051000, -0.336000, 0.026000
2143, 03_4_31, 0.217000, 0.368000, -0.249000, 0.240000, 0.273000, 0.160000, -0.213000, 0.221000
2144, 03_4_32, 0.180000, 0.348000, -0.312000, 0.271000, 0.219000, -0.052000, -0.370000, 0.034000
2145, 03_4_33, 0.236000, 0.313000, -0.243000, 0.313000, 0.269000, 0.214000, -0.234000, 0.180000
2146, 03_4_34, 0.165000, 0.385000, -0.252000, 0.272000, 0.141000, -0.009000, -0.306000, 0.059000
2147, 03_4_35, 0.180000, 0.360000, -0.238000, 0.346000, 0.158000, 0.258000, -0.186000, 0.193000
2148, 03_4_36, 0.162000, 0.403000, -0.239000, 0.264000, 0.173000, -0.040000, -0.330000, 0.179000
2149, 03_4_37, 0.228000, 0.317000, -0.207000, 0.242000, 0.283000, 0.187000, -0.136000, 0.139000
2150, 03_4_38, 0.176000, 0.375000, -0.303000, 0.481000, 0.205000, 0.094000, -0.418000, 0.133000
2151, 03_4_39, 0.220000, 0.367000, -0.190000, 0.289000, 0.332000, 0.172000, -0.164000, 0.209000
2152, 03_4_40, 0.180000, 0.280000, -0.214000, 0.229000, 0.260000, 0.010000, -0.093000, 0.141000
2153, 03_4_41, 0.189000, 0.323000, -0.200000, 0.229000, 0.288000, -0.026000, 0.005000, -0.000000
2154, 03_4_42, 0.155000, 0.377000, -0.213000, 0.242000, 0.215000, 0.064000, -0.085000, 0.094000
2155, 03_4_43, 0.177000, 0.356000, -0.218000, 0.316000, 0.266000, 0.090000, 0.029000, 0.091000
2156, 03_4_44, 0.086000, 0.360000, -0.163000, 0.270000, 0.265000, 0.134000, -0.114000, 0.055000
2157, 03_4_45, 0.188000, 0.361000, -0.178000, 0.335000, 0.307000, 0.189000, 0.043000, 0.121000
2158, 03_4_46, 0.185000, 0.353000, -0.187000, 0.246000, 0.329000, 0.067000, -0.022000, 0.092000
2159, 03_4_47, 0.195000, 0.391000, -0.193000, 0.350000, 0.243000, 0.190000, -0.079000, 0.146000
2160, 03_4_48, 0.170000, 0.349000, -0.181000, 0.226000, 0.282000, 0.170000, -0.147000, 0.145000
2161, 03_4_49, 0.199000, 0.356000, -0.097000, 0.419000, 0.246000, 0.199000, 0.106000, 0.199000
2162, 03_4_50, 0.185000, 0.359000, -0.145000, 0.200000, 0.202000, 0.168000, -0.100000, 0.095000
2163, 03_4_51, 0.184000, 0.397000, -0.180000, 0.309000, 0.265000, 0.164000, -0.055000, 0.130000
2164, 03_4_52, 0.183000, 0.360000, -0.126000, 0.228000, 0.293000, 0.202000, -0.090000, 0.071000
2165, 03_4_53, 0.194000, 0.393000, -0.120000, 0.365000, 0.392000, 0.137000, 0.074000, 0.138000
2166, 03_4_54, 0.189000, 0.372000, -0.134000, 0.216000, 0.215000, 0.203000, -0.123000, 0.134000
2167, 03_4_55, 0.180000, 0.477000, -0.107000, 0.286000, 0.304000, 0.159000, 0.063000, 0.072000
2168, 03_4_56, 0.178000, 0.218000, -0.102000, 0.122000, 0.253000, 0.143000, -0.043000, 0.113000
2169, 03_4_57, 0.174000, 0.401000, -0.131000, 0.285000, 0.298000, 0.154000, 0.064000, 0.109000
2170, 03_4_58, 0.178000, 0.378000, -0.143000, 0.287000, 0.362000, 0.191000, -0.184000, 0.182000
2171, 03_4_59, 0.195000, 0.408000, -0.107000, 0.271000, 0.391000, 0.155000, 0.073000, 0.233000
2172, 03_4_60, 0.194000, 0.396000, -0.080000, 0.237000, 0.370000, 0.212000, 0.035000, 0.175000
2173, 03_4_61, 0.207000, 0.350000, -0.059000, 0.295000, 0.287000, 0.271000, 0.156000, 0.247000
2174, 03_4_62, 0.220000, 0.408000, -0.061000, 0.241000, 0.501000, 0.181000, -0.060000, 0.024000
2175, 03_4_63, 0.206000, 0.377000, -0.076000, 0.218000, 0.336000, 0.302000, 0.049000, 0.109000
2176, 03_4_64, 0.200000, 0.379000, -0.051000, 0.212000, 0.277000, 0.246000, -0.105000, 0.151000
2177, 03_4_65, 0.192000, 0.437000, -0.079000, 0.234000, 0.290000, 0.079000, -0.036000, 0.116000
2178, 03_4_66, 0.206000, 0.341000, -0.040000, 0.216000, 0.341000, 0.220000, -0.057000, 0.010000
2179, 03_4_67, 0.204000, 0.438000, -0.051000, 0.174000, 0.326000, 0.089000, -0.009000, 0.063000
2180, 03_4_68, 0.221000, 0.389000, -0.026000, 0.221000, 0.374000, 0.144000, -0.009000, -0.039000
2181, 03_4_69, 0.224000, 0.385000, -0.031000, 0.188000, 0.421000, 0.096000, 0.036000, 0.041000
2182, 03_4_70, 0.235000, 0.348000, 0.007000, 0.229000, 0.561000, 0.115000, 0.330000, 0.059000
2183, 03_4_71, 0.258000, 0.261000, 0.026000, 0.177000, 0.368000, 0.040000, 0.045000, 0.016000
2184, 03_4_72, 0.237000, 0.431000, 0.001000, 0.211000, 0.433000, 0.113000, -0.124000, 0.078000
2185, 03_4_73, 0.250000, 0.318000, 0.016000, 0.137000, 0.450000, 0.092000, 0.042000, 0.103000
2186, 03_4_74, 0.234000, 0.408000, 0.012000, 0.253000, 0.318000, 0.126000, -0.062000, 0.041000
2187, 03_4_75, 0.255000, 0.321000, 0.024000, 0.178000, 0.428000, 0.069000, 0.043000, 0.110000
2188, 03_4_76, 0.260000, 0.400000, 0.019000, 0.175000, 0.607000, 0.118000, 0.176000, -0.067000
2189, 03_4_77, 0.336000, 0.273000, 0.033000, 0.097000, 0.866000, 0.148000, 0.348000, 0.136000
2190, 03_4_78, 0.268000, 0.332000, 0.034000, 0.206000, 0.683000, 0.179000, 0.082000, 0.065000
2191, 03_4_79, 0.290000, 0.240000, 0.042000, 0.102000, 0.542000, 0.255000, 0.241000, 0.050000
2192, 03_4_80, 0.216000, 0.421000, 0.022000, 0.240000, 0.707000, -0.014000, 0.131000, 0.044000
2193, 03_4_81, 0.298000, 0.266000, 0.037000, 0.155000, 0.538000, 0.322000, 0.107000, 0.153000
2194, 03_4_82, 0.267000, 0.357000, 0.073000, 0.177000, 0.594000, 0.076000, 0.137000, 0.092000
2195, 03_4_83, 0.296000, 0.200000, 0.065000, 0.167000, 0.470000, 0.203000, 0.233000, 0.130000
2196, 03_4_84, 0.286000, 0.380000, 0.074000, 0.189000, 0.632000, 0.167000, 0.228000, 0.032000
2197, 03_4_85, 0.318000, 0.268000, 0.074000, 0.179000, 0.600000, 0.113000, 0.272000, 0.121000
2198, 03_4_86, 0.316000, 0.317000, 0.087000, 0.180000, 0.507000, 0.149000, 0.187000, 0.081000
2199, 03_4_87, 0.329000, 0.240000, 0.091000, 0.219000, 0.490000, 0.386000, 0.239000, 0.141000
2200, 03_4_88, 0.313000, 0.202000, 0.115000, 0.101000, 0.595000, 0.023000, 0.269000, 0.114000
2201, 03_4_89, 0.344000, 0.163000, 0.185000, 0.174000, 0.585000, 0.167000, 0.250000, 0.184000
2202, 03_4_90, 0.325000, 0.237000, 0.151000, 0.168000, 0.607000, 0.037000, 0.309000, 0.058000
2203, 03_4_91, 0.334000, 0.214000, 0.139000, 0.202000, 0.644000, 0.004000, 0.377000, 0.090000
2204, 03_4_92, 0.316000, 0.211000, 0.188000, 0.092000, 0.616000, 0.073000, 0.508000, 0.040000
2205, 03_4_93, 0.318000, 0.219000, 0.190000, 0.107000, 0.619000, -0.105000, 0.363000, 0.072000
2206, 03_4_94, 0.332000, 0.161000, 0.181000, 0.173000, 0.523000, 0.074000, 0.391000, 0.080000
2207, 03_4_95, 0.333000, 0.185000, 0.205000, 0.102000, 0.537000, -0.001000, 0.269000, 0.046000
2208, 03_5_00, -0.021000, 0.250000, -0.181000, -0.180000, -0.362000, -0.071000, -0.155000, -0.107000
2209, 03_5_01, -0.033000, 0.360000, -0.189000, 0.005000, -0.147000, -0.164000, -0.228000, -0.367000
2210, 03_5_02, -0.001000, 0.277000, -0.182000, -0.147000, -0.264000, -0.047000, -0.270000, -0.236000
2211, 03_5_03, -0.005000, 0.367000, -0.199000, 0.020000, -0.123000, -0.155000, -0.246000, -0.380000
2212, 03_5_04, -0.060000, 0.286000, -0.191000, -0.081000, -0.277000, -0.082000, -0.339000, -0.286000
2213, 03_5_05, -0.001000, 0.358000, -0.196000, 0.044000, -0.145000, -0.156000, -0.250000, -0.302000
2214, 03_5_06, -0.081000, 0.324000, -0.191000, -0.084000, -0.273000, -0.021000, -0.265000, -0.221000
2215, 03_5_07, -0.013000, 0.371000, -0.189000, 0.002000, -0.191000, -0.092000, -0.243000, -0.320000
2216, 03_5_08, -0.123000, 0.327000, -0.194000, -0.039000, -0.341000, -0.067000, -0.353000, -0.302000
2217, 03_5_09, 0.001000, 0.274000, -0.226000, 0.027000, -0.169000, -0.111000, -0.206000, -0.253000
2218, 03_5_10, -0.072000, 0.299000, -0.173000, -0.026000, -0.377000, -0.091000, -0.330000, -0.245000
2219, 03_5_11, 0.000000, 0.313000, -0.184000, 0.006000, -0.126000, -0.142000, -0.228000, -0.250000
2220, 03_5_12, -0.031000, 0.363000, -0.154000, -0.066000, -0.284000, -0.055000, -0.293000, -0.145000
2221, 03_5_13, 0.013000, 0.272000, -0.175000, 0.034000, -0.159000, -0.045000, -0.193000, -0.219000
2222, 03_5_14, -0.029000, 0.354000, -0.180000, 0.096000, -0.288000, 0.052000, -0.276000, -0.206000
2223, 03_5_15, 0.026000, 0.236000, -0.172000, -0.053000, -0.158000, -0.005000, -0.224000, -0.234000
2224, 03_5_16, -0.043000, 0.400000, -0.186000, -0.007000, -0.268000, -0.085000, -0.320000, -0.229000
2225, 03_5_17, -0.078000, 0.320000, -0.189000, -0.023000, -0.161000, -0.016000, -0.218000, -0.292000
2226, 03_5_18, -0.089000, 0.343000, -0.172000, -0.030000, -0.294000, -0.083000, -0.348000, -0.291000
2227, 03_5_19, 0.007000, 0.302000, -0.169000, -0.090000, -0.139000, 0.008000, -0.206000, -0.229000
2228, 03_5_20, -0.098000, 0.433000, -0.173000, -0.012000, -0.284000, -0.048000, -0.335000, -0.247000
2229, 03_5_21, -0.070000, 0.164000, -0.140000, 0.181000, -0.211000, -0.020000, -0.186000, -0.176000
2230, 03_5_22, -0.134000, 0.382000, -0.246000, 0.012000, -0.213000, -0.096000, -0.319000, -0.268000
2231, 03_5_23, 0.012000, 0.253000, -0.174000, -0.072000, -0.192000, 0.083000, -0.138000, -0.088000
2232, 03_5_24, -0.094000, 0.409000, -0.180000, -0.012000, -0.367000, -0.080000, -0.273000, -0.229000
2233, 03_5_25, -0.025000, 0.269000, -0.175000, -0.038000, -0.123000, 0.066000, -0.192000, -0.117000
2234, 03_5_26, -0.089000, 0.373000, -0.186000, 0.036000, -0.236000, -0.015000, -0.274000, -0.154000
2235, 03_5_27, 0.013000, 0.279000, -0.177000, -0.040000, -0.228000, 0.037000, -0.216000, -0.125000
2236, 03_5_28, -0.215000, 0.409000, -0.182000, 0.038000, -0.359000, -0.107000, -0.229000, -0.155000
2237, 03_5_29, -0.059000, 0.308000, -0.124000, -0.036000, -0.157000, 0.074000, -0.136000, -0.123000
2238, 03_5_30, -0.079000, 0.360000, -0.166000, 0.036000, -0.240000, 0.038000, -0.228000, -0.055000
2239, 03_5_31, -0.127000, 0.371000, -0.328000, -0.135000, -0.068000, 0.049000, -0.141000, -0.057000
2240, 03_5_32, -0.042000, 0.365000, -0.161000, 0.015000, -0.185000, -0.169000, -0.199000, -0.159000
2241, 03_5_33, -0.067000, 0.321000, -0.095000, -0.044000, -0.128000, 0.063000, -0.116000, -0.061000
2242, 03_5_34, -0.101000, 0.338000, -0.497000, 0.026000, -0.209000, 0.038000, -0.170000, -0.071000
2243, 03_5_35, -0.207000, 0.405000, -0.157000, 0.025000, -0.121000, 0.142000, -0.074000, -0.075000
2244, 03_5_36, -0.091000, 0.385000, -0.142000, 0.045000, -0.192000, 0.063000, -0.159000, -0.012000
2245, 03_5_37, 0.026000, 0.337000, -0.132000, 0.049000, -0.080000, 0.095000, -0.103000, -0.070000
2246, 03_5_38, -0.085000, 0.384000, -0.114000, 0.046000, -0.148000, 0.029000, -0.137000, -0.054000
2247, 03_5_39, 0.055000, 0.668000, -0.078000, 0.098000, -0.058000, 0.103000, -0.064000, -0.036000
2248, 03_5_40, -0.116000, 0.165000, -0.293000, 0.043000, -0.144000, 0.030000, -0.056000, -0.282000
2249, 03_5_41, -0.037000, 0.362000, -0.112000, 0.012000, -0.039000, 0.000000, -0.015000, -0.142000
2250, 03_5_42, -0.090000, 0.375000, -0.108000, 0.033000, -0.147000, 0.062000, -0.115000, -0.139000
2251, 03_5_43, 0.021000, 0.392000, -0.117000, 0.070000, -0.007000, 0.105000, -0.033000, -0.068000
2252, 03_5_44, -0.063000, 0.251000, -0.075000, 0.020000, -0.212000, 0.085000, -0.029000, -0.105000
2253, 03_5_45, 0.030000, 0.371000, -0.087000, 0.111000, 0.029000, 0.033000, 0.030000, -0.081000
2254, 03_5_46, -0.084000, 0.402000, -0.063000, 0.028000, -0.068000, 0.094000, -0.127000, -0.050000
2255, 03_5_47, -0.022000, 0.422000, -0.087000, 0.286000, 0.050000, 0.115000, 0.016000, -0.059000
2256, 03_5_48, -0.023000, 0.270000, -0.246000, 0.155000, 0.010000, 0.050000, -0.259000, -0.105000
2257, 03_5_49, 0.045000, 0.367000, -0.068000, 0.127000, 0.080000, 0.051000, -0.005000, 0.104000
2258, 03_5_50, 0.033000, 0.351000, -0.049000, 0.065000, -0.020000, 0.136000, -0.041000, -0.008000
2259, 03_5_51, 0.039000, 0.410000, -0.067000, 0.165000, 0.104000, 0.098000, 0.034000, -0.024000
2260, 03_5_52, 0.062000, 0.345000, -0.023000, 0.082000, 0.023000, 0.152000, -0.056000, 0.012000
2261, 03_5_53, 0.024000, 0.483000, -0.052000, 0.201000, 0.167000, 0.085000, 0.036000, -0.040000
2262, 03_5_54, 0.068000, 0.380000, -0.016000, 0.022000, 0.018000, 0.162000, -0.062000, 0.033000
2263, 03_5_55, 0.048000, 0.420000, -0.032000, 0.179000, 0.141000, 0.124000, 0.039000, 0.067000
2264, 03_5_56, 0.038000, 0.426000, 0.003000, 0.047000, -0.065000, 0.216000, 0.094000, -0.052000
2265, 03_5_57, 0.056000, 0.440000, -0.021000, 0.346000, 0.217000, 0.054000, 0.092000, -0.039000
2266, 03_5_58, 0.017000, 0.430000, 0.011000, 0.069000, 0.078000, 0.193000, -0.060000, 0.021000
2267, 03_5_59, 0.061000, 0.395000, -0.003000, 0.155000, 0.164000, 0.245000, 0.090000, 0.093000
2268, 03_5_60, 0.075000, 0.421000, 0.044000, 0.051000, 0.162000, 0.173000, 0.033000, 0.148000
2269, 03_5_61, 0.069000, 0.399000, 0.016000, 0.210000, 0.171000, 0.167000, 0.067000, 0.052000
2270, 03_5_62, 0.089000, 0.382000, 0.060000, 0.041000, 0.195000, 0.143000, 0.062000, 0.064000
2271, 03_5_63, 0.085000, 0.369000, 0.035000, 0.133000, 0.189000, 0.234000, 0.153000, -0.024000
2272, 03_5_64, 0.071000, 0.449000, 0.044000, 0.128000, 0.093000, 0.086000, -0.069000, 0.053000
2273, 03_5_65, 0.063000, 0.451000, 0.027000, 0.225000, 0.237000, 0.233000, 0.091000, 0.139000
2274, 03_5_66, 0.081000, 0.463000, 0.065000, 0.123000, 0.282000, 0.220000, 0.016000, -0.003000
2275, 03_5_67, 0.080000, 0.387000, 0.043000, 0.168000, 0.251000, 0.199000, 0.127000, 0.070000
2276, 03_5_68, 0.090000, 0.404000, 0.030000, 0.222000, 0.255000, 0.173000, -0.109000, -0.037000
2277, 03_5_69, 0.104000, 0.342000, 0.100000, 0.134000, 0.309000, 0.145000, 0.188000, 0.032000
2278, 03_5_70, 0.097000, 0.437000, 0.108000, 0.130000, 0.281000, 0.177000, -0.039000, -0.024000
2279, 03_5_71, 0.106000, 0.313000, 0.094000, 0.134000, 0.304000, 0.175000, 0.192000, 0.007000
2280, 03_5_72, 0.100000, 0.473000, 0.044000, 0.163000, 0.250000, 0.103000, -0.095000, -0.066000
2281, 03_5_73, 0.117000, 0.367000, 0.101000, 0.084000, 0.311000, 0.244000, 0.178000, 0.046000
2282, 03_5_74, 0.113000, 0.417000, 0.086000, 0.155000, 0.264000, 0.119000, 0.048000, -0.020000
2283, 03_5_75, 0.115000, 0.318000, 0.114000, 0.044000, 0.338000, 0.180000, 0.226000, 0.059000
2284, 03_5_76, 0.000000, 0.000000, 0.000000, 0.000000, 0.000000, 0.000000, 0.000000, 0.000000
2285, 03_5_77, 0.138000, 0.328000, 0.126000, 0.016000, 0.444000, 0.255000, 0.264000, 0.144000
2286, 03_5_78, 0.203000, 0.204000, 0.134000, 0.246000, 0.363000, 0.145000, 0.209000, 0.062000
2287, 03_5_79, 0.142000, 0.349000, 0.135000, 0.039000, 0.347000, 0.197000, 0.236000, 0.193000
2288, 03_5_80, 0.000000, 0.000000, 0.000000, 0.000000, 0.000000, 0.000000, 0.000000, 0.000000
2289, 03_5_81, 0.137000, 0.362000, 0.143000, 0.092000, 0.368000, 0.230000, 0.238000, 0.189000
2290, 03_5_82, 0.240000, 0.186000, 0.188000, 0.220000, 0.325000, 0.132000, 0.219000, 0.102000
2291, 03_5_83, 0.153000, 0.369000, 0.145000, 0.131000, 0.223000, 0.134000, 0.263000, 0.200000
2292, 03_5_84, 0.183000, 0.343000, 0.141000, 0.163000, 0.519000, 0.255000, 0.261000, 0.003000
2293, 03_5_85, 0.186000, 0.388000, 0.164000, 0.183000, 0.340000, 0.114000, 0.255000, 0.186000
2294, 03_5_86, 0.228000, 0.336000, 0.148000, 0.141000, 0.391000, 0.203000, 0.230000, 0.165000
2295, 03_5_87, 0.224000, 0.352000, 0.190000, 0.305000, 0.384000, 0.092000, 0.320000, 0.170000
2296, 03_5_88, 0.226000, 0.128000, 0.159000, 0.143000, 0.546000, 0.120000, 0.325000, 0.130000
2297, 03_5_89, 0.213000, 0.354000, 0.206000, 0.268000, 0.385000, 0.088000, 0.324000, 0.137000
2298, 03_5_90, 0.231000, 0.381000, 0.180000, 0.179000, 0.398000, 0.132000, 0.344000, 0.109000
2299, 03_5_91, 0.238000, 0.392000, 0.196000, 0.262000, 0.459000, 0.015000, 0.329000, 0.173000
2300, 03_5_92, 0.228000, 0.342000, 0.165000, 0.188000, 0.377000, 0.158000, 0.285000, 0.172000
2301, 03_5_93, 0.221000, 0.354000, 0.210000, 0.127000, 0.417000, 0.013000, 0.378000, 0.153000
2302, 03_5_94, 0.249000, 0.312000, 0.202000, 0.205000, 0.441000, 0.066000, 0.315000, 0.247000
2303, 03_5_95, 0.243000, 0.339000, 0.214000, 0.168000, 0.500000, 0.190000, 0.199000, 0.215000
2304, 04_0_00, -0.078000, 0.344000, -0.245000, 0.176000, -0.152000, 0.149000, -0.233000, 0.102000
2305, 04_0_01, -0.094000, 0.488000, -0.256000, 0.332000, -0.088000, -0.031000, -0.155000, -0.047000
2306, 04_0_02, -0.106000, 0.314000, -0.254000, 0.232000, -0.154000, 0.028000, -0.246000, 0.028000
2307, 04_0_03, -0.727000, 0.658000, -0.283000, 0.294000, -0.049000, 0.082000, -0.255000, -0.011000
2308, 04_0_04, -0.105000, 0.387000, -0.271000, 0.245000, -0.140000, 0.089000, -0.192000, 0.103000
2309, 04_0_05, -0.088000, 0.581000, -0.181000, 0.275000, -0.046000, -0.015000, -0.149000, -0.023000
2310, 04_0_06, -0.078000, 0.430000, -0.260000, 0.236000, -0.146000, 0.070000, -0.174000, 0.088000
2311, 04_0_07, -0.080000, 0.499000, -0.199000, 0.271000, -0.015000, 0.001000, -0.129000, 0.118000
2312, 04_0_08, -0.077000, 0.459000, -0.257000, 0.273000, -0.172000, 0.034000, -0.192000, 0.072000
2313, 04_0_09, 0.000000, 0.000000, 0.000000, 0.000000, 0.000000, 0.000000, 0.000000, 0.000000
2314, 04_0_10, -0.086000, 0.119000, -0.219000, 0.220000, -0.157000, 0.033000, -0.260000, 0.031000
2315, 04_0_11, -0.083000, 0.448000, -0.210000, 0.268000, -0.020000, 0.016000, -0.067000, -0.021000
2316, 04_0_12, -0.099000, 0.644000, -0.223000, 0.506000, -0.181000, 0.053000, -0.114000, 0.081000
2317, 04_0_13, -0.046000, 0.365000, 0.013000, 0.060000, -0.051000, 0.014000, -0.179000, -0.002000
2318, 04_0_14, -0.115000, 0.414000, -0.211000, 0.293000, -0.139000, 0.013000, -0.168000, 0.038000
2319, 04_0_15, -0.073000, 0.407000, -0.226000, 0.258000, -0.054000, 0.013000, -0.107000, 0.083000
2320, 04_0_16, -0.179000, 0.358000, -0.258000, 0.345000, -0.124000, 0.010000, -0.212000, 0.045000
2321, 04_0_17, -0.080000, 0.459000, -0.198000, 0.264000, -0.042000, 0.089000, -0.096000, 0.032000
2322, 04_0_18, -0.101000, 0.445000, -0.212000, 0.284000, -0.154000, 0.009000, -0.122000, 0.082000
2323, 04_0_19, -0.061000, 0.426000, -0.135000, 0.195000, -0.038000, 0.080000, -0.099000, 0.031000
2324, 04_0_20, -0.109000, 0.471000, -0.227000, 0.372000, -0.135000, -0.001000, -0.191000, 0.004000
2325, 04_0_21, -0.063000, 0.429000, -0.138000, 0.209000, -0.039000, 0.098000, -0.082000, 0.113000
2326, 04_0_22, -0.055000, 0.507000, -0.210000, 0.302000, -0.115000, -0.024000, -0.187000, 0.051000
2327, 04_0_23, -0.054000, 0.409000, -0.137000, 0.205000, 0.008000, 0.049000, -0.074000, 0.075000
2328, 04_0_24, -0.106000, 0.529000, -0.220000, 0.217000, -0.077000, 0.071000, -0.145000, 0.019000
2329, 04_0_25, -0.073000, 0.417000, -0.149000, 0.185000, -0.052000, 0.107000, -0.054000, 0.112000
2330, 04_0_26, -0.112000, 0.570000, -0.212000, 0.286000, -0.142000, 0.065000, -0.136000, 0.045000
2331, 04_0_27, -0.071000, 0.396000, -0.185000, 0.220000, -0.014000, 0.054000, -0.100000, 0.040000
2332, 04_0_28, -0.151000, 0.463000, -0.216000, 0.361000, -0.132000, 0.049000, -0.177000, 0.109000
2333, 04_0_29, -0.094000, 0.383000, -0.115000, 0.212000, 0.012000, 0.067000, -0.115000, 0.090000
2334, 04_0_30, -0.073000, 0.499000, -0.211000, 0.325000, -0.096000, 0.037000, -0.176000, -0.017000
2335, 04_0_31, -0.064000, 0.384000, -0.188000, 0.212000, -0.002000, 0.063000, -0.069000, 0.133000
2336, 04_0_32, -0.104000, 0.481000, -0.209000, 0.308000, -0.119000, 0.002000, -0.172000, 0.050000
2337, 04_0_33, -0.072000, 0.379000, -0.182000, 0.225000, 0.008000, 0.045000, -0.093000, 0.132000
2338, 04_0_34, -0.093000, 0.435000, -0.204000, 0.318000, -0.102000, 0.025000, -0.177000, 0.086000
2339, 04_0_35, -0.043000, 0.393000, 0.001000, 0.202000, 0.019000, 0.089000, -0.073000, 0.059000
2340, 04_0_36, -0.105000, 0.429000, -0.186000, 0.265000, -0.063000, 0.209000, -0.163000, 0.109000
2341, 04_0_37, -0.076000, 0.404000, -0.169000, 0.258000, 0.040000, 0.152000, -0.048000, 0.063000
2342, 04_0_38, -0.097000, 0.045000, -0.181000, 0.284000, -0.057000, 0.167000, -0.079000, 0.145000
2343, 04_0_39, -0.062000, 0.436000, -0.169000, 0.325000, 0.036000, 0.372000, -0.155000, 0.171000
2344, 04_0_40, -0.056000, 0.412000, -0.184000, 0.242000, 0.039000, 0.215000, 0.124000, 0.169000
2345, 04_0_41, -0.274000, 0.601000, -0.216000, 0.355000, 0.079000, 0.061000, -0.000000, 0.022000
2346, 04_0_42, -0.091000, 0.493000, -0.169000, 0.237000, 0.005000, 0.168000, 0.014000, 0.111000
2347, 04_0_43, -0.057000, 0.463000, -0.156000, 0.252000, 0.105000, 0.106000, 0.073000, 0.065000
2348, 04_0_44, -0.059000, 0.415000, -0.153000, 0.261000, 0.003000, 0.148000, -0.075000, 0.149000
2349, 04_0_45, -0.049000, 0.464000, -0.118000, 0.293000, 0.093000, 0.073000, -0.023000, -0.010000
2350, 04_0_46, -0.058000, 0.401000, -0.140000, 0.231000, 0.020000, 0.154000, -0.078000, 0.164000
2351, 04_0_47, -0.050000, 0.468000, -0.017000, 0.331000, 0.138000, 0.095000, -0.020000, 0.041000
2352, 04_0_48, -0.038000, 0.439000, -0.146000, 0.219000, 0.035000, 0.199000, -0.088000, 0.069000
2353, 04_0_49, -0.048000, 0.456000, -0.149000, 0.294000, 0.093000, 0.112000, 0.087000, 0.079000
2354, 04_0_50, -0.081000, 0.497000, -0.351000, 0.323000, 0.064000, 0.216000, -0.098000, 0.142000
2355, 04_0_51, -0.043000, 0.493000, -0.151000, 0.292000, 0.140000, 0.072000, -0.008000, 0.078000
2356, 04_0_52, -0.067000, 0.427000, -0.141000, 0.284000, 0.026000, 0.279000, -0.007000, 0.189000
2357, 04_0_53, -0.038000, 0.492000, -0.117000, 0.319000, 0.092000, 0.090000, -0.018000, 0.003000
2358, 04_0_54, -0.029000, 0.346000, -0.110000, 0.244000, 0.044000, 0.274000, -0.045000, 0.065000
2359, 04_0_55, -0.051000, 0.513000, -0.093000, 0.293000, -0.124000, 0.268000, -0.003000, -0.025000
2360, 04_0_56, -0.036000, 0.481000, -0.136000, 0.286000, -0.026000, 0.328000, -0.022000, 0.198000
2361, 04_0_57, -0.043000, 0.537000, -0.129000, 0.307000, 0.146000, 0.155000, 0.056000, 0.045000
2362, 04_0_58, -0.037000, 0.423000, -0.103000, 0.217000, 0.065000, 0.265000, 0.021000, 0.180000
2363, 04_0_59, -0.025000, 0.460000, -0.145000, 0.227000, 0.136000, 0.155000, 0.042000, -0.040000
2364, 04_0_60, -0.010000, 0.441000, -0.103000, 0.262000, 0.117000, 0.247000, -0.081000, 0.072000
2365, 04_0_61, -0.002000, 0.439000, -0.106000, 0.252000, 0.228000, 0.199000, 0.053000, 0.001000
2366, 04_0_62, 0.006000, 0.484000, -0.086000, 0.216000, 0.107000, 0.263000, 0.012000, 0.043000
2367, 04_0_63, -0.000000, 0.455000, -0.090000, 0.259000, 0.154000, 0.167000, 0.043000, -0.027000
2368, 04_0_64, 0.012000, 0.550000, -0.081000, 0.300000, 0.142000, 0.361000, -0.055000, 0.110000
2369, 04_0_65, -0.015000, 0.495000, -0.106000, 0.314000, 0.171000, 0.234000, 0.035000, 0.078000
2370, 04_0_66, -0.011000, 0.472000, -0.118000, 0.286000, 0.128000, 0.263000, -0.032000, 0.121000
2371, 04_0_67, 0.125000, 0.408000, -0.079000, 0.248000, 0.301000, 0.282000, 0.053000, -0.086000
2372, 04_0_68, 0.008000, 0.474000, -0.088000, 0.333000, 0.059000, 0.272000, -0.037000, 0.114000
2373, 04_0_69, 0.026000, 0.411000, -0.076000, 0.277000, 0.129000, 0.150000, 0.072000, 0.005000
2374, 04_0_70, 0.020000, 0.423000, -0.078000, 0.268000, 0.080000, 0.237000, -0.005000, 0.110000
2375, 04_0_71, 0.045000, 0.388000, 0.114000, 0.247000, 0.113000, 0.137000, 0.049000, -0.101000
2376, 04_0_72, 0.020000, 0.512000, -0.073000, 0.347000, 0.147000, 0.339000, -0.065000, 0.108000
2377, 04_0_73, 0.030000, 0.429000, -0.070000, 0.251000, 0.284000, 0.321000, 0.054000, -0.108000
2378, 04_0_74, 0.014000, 0.463000, -0.048000, 0.252000, 0.027000, 0.244000, -0.065000, 0.040000
2379, 04_0_75, 0.042000, 0.357000, -0.046000, 0.170000, 0.285000, 0.106000, 0.081000, -0.054000
2380, 04_0_76, 0.010000, 0.437000, -0.058000, 0.331000, 0.252000, 0.232000, 0.041000, 0.084000
2381, 04_0_77, 0.043000, 0.413000, -0.041000, 0.243000, 0.308000, 0.199000, 0.130000, 0.097000
2382, 04_0_78, -0.011000, 0.544000, -0.044000, 0.337000, 0.262000, 0.208000, 0.049000, 0.143000
2383, 04_0_79, 0.041000, 0.401000, -0.040000, 0.242000, 0.266000, 0.226000, 0.155000, 0.124000
2384, 04_0_80, 0.026000, 0.259000, -0.137000, 0.328000, 0.248000, 0.230000, 0.033000, 0.157000
2385, 04_0_81, 0.180000, 0.401000, -0.038000, 0.237000, 0.326000, 0.295000, 0.118000, 0.174000
2386, 04_0_82, 0.039000, 0.431000, -0.046000, 0.293000, 0.245000, 0.320000, 0.083000, 0.141000
2387, 04_0_83, 0.000000, 0.000000, 0.000000, 0.000000, 0.000000, 0.000000, 0.000000, 0.000000
2388, 04_0_84, 0.065000, 0.321000, -0.031000, 0.293000, 0.211000, 0.335000, 0.151000, 0.096000
2389, 04_0_85, 0.093000, 0.394000, 0.087000, 0.249000, 0.255000, 0.258000, -0.062000, 0.149000
2390, 04_0_86, 0.051000, 0.472000, -0.029000, 0.320000, 0.213000, 0.360000, 0.096000, 0.147000
2391, 04_0_87, 0.073000, 0.439000, -0.022000, 0.299000, 0.289000, 0.192000, -0.035000, 0.066000
2392, 04_0_88, 0.077000, 0.369000, -0.043000, 0.301000, 0.319000, 0.308000, 0.132000, 0.212000
2393, 04_0_89, 0.070000, 0.359000, -0.027000, 0.247000, 0.247000, 0.244000, 0.093000, 0.108000
2394, 04_0_90, -0.106000, 0.342000, -0.025000, 0.265000, 0.359000, 0.300000, 0.210000, 0.139000
2395, 04_0_91, 0.041000, 0.356000, -0.006000, 0.257000, 0.130000, 0.157000, 0.213000, 0.005000
2396, 04_0_92, 0.027000, 0.285000, -0.001000, 0.214000, 0.095000, 0.306000, 0.019000, 0.210000
2397, 04_0_93, 0.067000, 0.377000, 0.027000, 0.277000, 0.111000, 0.156000, 0.242000, 0.082000
2398, 04_0_94, 0.093000, 0.302000, 0.028000, 0.207000, 0.024000, 0.198000, 0.112000, -0.015000
2399, 04_0_95, 0.104000, 0.358000, 0.082000, 0.230000, 0.093000, 0.095000, 0.291000, 0.056000
2400, 04_1_00, -0.104000, -0.000000, 0.022000, -0.024000, -0.185000, -0.153000, -0.017000, -0.208000
2401, 04_1_01, -0.137000, 0.244000, 0.010000, 0.201000, -0.144000, -0.293000, -0.090000, -0.240000
2402, 04_1_02, -0.089000, 0.048000, 0.015000, 0.079000, -0.214000, -0.127000, -0.226000, -0.168000
2403, 04_1_03, -0.109000, 0.246000, 0.059000, 0.237000, -0.118000, -0.192000, -0.109000, -0.162000
2404, 04_1_04, -0.091000, 0.098000, 0.026000, 0.095000, -0.222000, -0.166000, -0.234000, -0.000000
2405, 04_1_05, -0.117000, 0.250000, -0.000000, 0.207000, -0.158000, -0.135000, -0.091000, -0.181000
2406, 04_1_06, -0.100000, 0.078000, 0.017000, 0.119000, -0.303000, 0.012000, -0.214000, -0.033000
2407, 04_1_07, -0.111000, 0.257000, 0.257000, 0.159000, -0.175000, -0.214000, -0.117000, -0.066000
2408, 04_1_08, -0.093000, 0.105000, 0.004000, 0.174000, -0.248000, -0.109000, -0.189000, -0.074000
2409, 04_1_09, -0.086000, 0.174000, -0.003000, 0.211000, -0.211000, -0.083000, -0.102000, -0.077000
2410, 04_1_10, -0.089000, 0.099000, 0.073000, 0.160000, -0.247000, -0.109000, -0.142000, -0.128000
2411, 04_1_11, -0.088000, 0.171000, -0.006000, 0.190000, -0.143000, -0.176000, -0.184000, -0.074000
2412, 04_1_12, -0.168000, 0.167000, 0.019000, 0.192000, -0.223000, -0.083000, -0.199000, -0.033000
2413, 04_1_13, -0.102000, 0.138000, 0.013000, 0.210000, -0.119000, -0.127000, -0.131000, -0.001000
2414, 04_1_14, -0.094000, 0.189000, 0.002000, 0.194000, -0.243000, -0.085000, -0.198000, -0.067000
2415, 04_1_15, -0.089000, 0.122000, 0.009000, 0.148000, -0.179000, -0.044000, -0.111000, 0.007000
2416, 04_1_16, -0.129000, 0.207000, -0.008000, 0.229000, -0.102000, -0.019000, -0.148000, -0.145000
2417, 04_1_17, -0.131000, 0.193000, -0.001000, 0.194000, -0.110000, 0.056000, -0.136000, -0.159000
2418, 04_1_18, -0.114000, 0.199000, 0.003000, 0.221000, -0.327000, -0.127000, -0.069000, -0.131000
2419, 04_1_19, -0.125000, 0.190000, -0.012000, 0.158000, -0.161000, -0.048000, -0.173000, -0.012000
2420, 04_1_20, -0.178000, 0.226000, -0.017000, 0.248000, -0.196000, -0.006000, -0.168000, -0.129000
2421, 04_1_21, -0.176000, 0.230000, -0.007000, 0.161000, -0.184000, -0.006000, -0.089000, -0.077000
2422, 04_1_22, -0.132000, 0.227000, -0.016000, 0.275000, -0.252000, -0.059000, -0.160000, -0.148000
2423, 04_1_23, -0.132000, 0.153000, -0.016000, 0.140000, -0.147000, 0.061000, -0.145000, 0.027000
2424, 04_1_24, -0.234000, 0.163000, -0.026000, 0.213000, -0.274000, -0.038000, -0.075000, -0.056000
2425, 04_1_25, -0.130000, 0.179000, -0.001000, 0.130000, -0.159000, 0.137000, -0.030000, -0.085000
2426, 04_1_26, -0.197000, 0.283000, -0.017000, 0.217000, -0.331000, 0.089000, -0.047000, -0.044000
2427, 04_1_27, -0.140000, 0.192000, -0.010000, 0.136000, -0.169000, 0.109000, -0.058000, -0.033000
2428, 04_1_28, -0.153000, 0.230000, -0.013000, 0.277000, -0.195000, 0.073000, -0.093000, -0.118000
2429, 04_1_29, -0.148000, 0.205000, -0.009000, 0.210000, -0.092000, 0.137000, -0.044000, 0.041000
2430, 04_1_30, -0.251000, 0.297000, -0.023000, 0.280000, -0.235000, -0.037000, -0.079000, -0.106000
2431, 04_1_31, -0.132000, 0.220000, -0.002000, 0.171000, -0.102000, 0.201000, -0.000000, 0.038000
2432, 04_1_32, -0.159000, 0.284000, 0.005000, 0.232000, -0.200000, 0.004000, -0.036000, -0.152000
2433, 04_1_33, -0.131000, 0.215000, 0.013000, 0.160000, -0.120000, 0.132000, 0.065000, 0.040000
2434, 04_1_34, -0.181000, 0.255000, 0.022000, 0.145000, -0.307000, -0.013000, -0.005000, -0.074000
2435, 04_1_35, -0.164000, 0.280000, -0.001000, 0.195000, -0.087000, 0.111000, 0.023000, 0.047000
2436, 04_1_36, -0.034000, 0.303000, 0.002000, 0.226000, -0.156000, 0.094000, -0.018000, -0.060000
2437, 04_1_37, -0.166000, 0.271000, 0.009000, 0.223000, -0.036000, 0.204000, 0.008000, 0.009000
2438, 04_1_38, -0.304000, 0.238000, -0.169000, 0.211000, -0.121000, 0.093000, 0.051000, 0.161000
2439, 04_1_39, -0.145000, 0.294000, 0.016000, 0.273000, -0.024000, 0.219000, 0.109000, -0.085000
2440, 04_1_40, -0.152000, 0.250000, 0.025000, 0.177000, 0.053000, -0.009000, 0.311000, -0.038000
2441, 04_1_41, 0.013000, 0.311000, 0.089000, 0.122000, -0.048000, 0.128000, 0.361000, -0.210000
2442, 04_1_42, -0.227000, 0.458000, 0.011000, 0.265000, -0.032000, 0.128000, 0.357000, 0.115000
2443, 04_1_43, -0.150000, 0.286000, 0.017000, 0.254000, 0.061000, 0.137000, 0.361000, -0.039000
2444, 04_1_44, -0.132000, 0.195000, 0.066000, 0.152000, -0.001000, 0.121000, 0.213000, 0.033000
2445, 04_1_45, -0.137000, 0.262000, 0.031000, 0.285000, 0.118000, 0.085000, 0.307000, -0.037000
2446, 04_1_46, -0.126000, 0.232000, 0.051000, 0.214000, 0.016000, 0.140000, 0.242000, 0.012000
2447, 04_1_47, -0.153000, 0.344000, 0.035000, 0.337000, 0.079000, 0.070000, 0.250000, -0.008000
2448, 04_1_48, -0.128000, 0.266000, 0.045000, 0.251000, -0.073000, 0.105000, 0.247000, 0.127000
2449, 04_1_49, 0.375000, 0.361000, 0.062000, 0.317000, 0.114000, -0.068000, 0.187000, -0.026000
2450, 04_1_50, -0.124000, 0.275000, 0.073000, 0.223000, -0.013000, 0.173000, 0.238000, -0.086000
2451, 04_1_51, 0.076000, 0.567000, 0.061000, 0.310000, 0.041000, 0.097000, 0.228000, -0.045000
2452, 04_1_52, -0.124000, 0.394000, 0.082000, 0.261000, -0.004000, 0.120000, 0.170000, 0.060000
2453, 04_1_53, -0.112000, 0.368000, 0.098000, 0.318000, 0.090000, 0.077000, 0.221000, -0.085000
2454, 04_1_54, -0.119000, 0.296000, 0.088000, 0.223000, -0.021000, 0.064000, 0.218000, 0.018000
2455, 04_1_55, -0.118000, 0.339000, 0.075000, 0.307000, 0.149000, 0.099000, 0.225000, -0.023000
2456, 04_1_56, -0.136000, 0.301000, 0.100000, 0.092000, 0.060000, 0.169000, 0.140000, -0.015000
2457, 04_1_57, -0.137000, 0.323000, 0.073000, 0.305000, 0.104000, 0.221000, 0.239000, -0.041000
2458, 04_1_58, -0.125000, 0.313000, 0.084000, 0.261000, 0.126000, 0.152000, 0.171000, 0.152000
2459, 04_1_59, 0.021000, 0.342000, 0.085000, 0.289000, 0.197000, 0.002000, 0.254000, 0.002000
2460, 04_1_60, -0.108000, 0.310000, 0.123000, 0.270000, 0.113000, 0.212000, 0.141000, -0.011000
2461, 04_1_61, -0.117000, 0.292000, 0.120000, 0.226000, 0.185000, 0.172000, 0.320000, 0.046000
2462, 04_1_62, -0.091000, 0.291000, 0.142000, 0.237000, -0.006000, 0.077000, 0.155000, 0.035000
2463, 04_1_63, -0.111000, 0.345000, 0.120000, 0.212000, 0.215000, 0.116000, 0.230000, -0.002000
2464, 04_1_64, -0.116000, 0.365000, 0.108000, 0.311000, 0.069000, 0.109000, 0.098000, 0.039000
2465, 04_1_65, -0.137000, 0.449000, -0.090000, 0.779000, 0.216000, 0.143000, 0.191000, 0.168000
2466, 04_1_66, -0.115000, 0.540000, 0.113000, 0.355000, 0.106000, 0.195000, 0.106000, 0.111000
2467, 04_1_67, 0.110000, 0.399000, 0.148000, 0.276000, 0.206000, 0.120000, 0.115000, 0.075000
2468, 04_1_68, -0.103000, 0.365000, 0.133000, 0.296000, 0.163000, 0.108000, 0.180000, 0.075000
2469, 04_1_69, 0.000000, 0.000000, 0.000000, 0.000000, 0.000000, 0.000000, 0.000000, 0.000000
2470, 04_1_70, -0.017000, 0.363000, 0.148000, 0.295000, 0.206000, 0.132000, 0.231000, 0.063000
2471, 04_1_71, -0.070000, 0.259000, 0.153000, 0.254000, 0.254000, 0.166000, 0.273000, 0.046000
2472, 04_1_72, -0.102000, 0.223000, 0.141000, 0.303000, 0.147000, 0.168000, 0.225000, 0.078000
2473, 04_1_73, -0.058000, 0.338000, 0.140000, 0.221000, 0.139000, 0.238000, 0.269000, 0.126000
2474, 04_1_74, -0.102000, 0.361000, 0.151000, 0.296000, 0.133000, 0.120000, 0.204000, -0.031000
2475, 04_1_75, 0.049000, 0.646000, 0.251000, 0.370000, 0.186000, 0.211000, 0.158000, 0.026000
2476, 04_1_76, -0.078000, 0.391000, 0.144000, 0.318000, 0.480000, 0.127000, 0.225000, 0.054000
2477, 04_1_77, 0.060000, 0.250000, 0.162000, 0.244000, 0.372000, 0.174000, 0.299000, 0.178000
2478, 04_1_78, -0.081000, 0.380000, 0.138000, 0.304000, 0.326000, 0.080000, 0.159000, 0.054000
2479, 04_1_79, -0.036000, 0.272000, 0.162000, 0.221000, 0.331000, 0.233000, 0.177000, 0.198000
2480, 04_1_80, 0.188000, 0.386000, 0.194000, 0.238000, 0.356000, 0.180000, 0.162000, 0.082000
2481, 04_1_81, 0.076000, 0.255000, 0.165000, 0.271000, 0.438000, 0.260000, 0.292000, 0.200000
2482, 04_1_82, 0.203000, 0.476000, 0.213000, 0.351000, 0.189000, 0.148000, 0.023000, 0.177000
2483, 04_1_83, -0.024000, 0.230000, 0.168000, 0.322000, 0.245000, 0.332000, 0.106000, 0.231000
2484, 04_1_84, -0.039000, 0.285000, 0.161000, 0.366000, 0.347000, 0.135000, 0.186000, 0.086000
2485, 04_1_85, -0.045000, 0.255000, 0.186000, 0.240000, 0.203000, 0.335000, 0.293000, 0.170000
2486, 04_1_86, 0.155000, 0.150000, 0.138000, 0.346000, 0.521000, 0.176000, 0.339000, 0.154000
2487, 04_1_87, 0.020000, 0.246000, 0.155000, 0.333000, 0.439000, 0.154000, 0.342000, 0.170000
2488, 04_1_88, -0.039000, 0.232000, 0.174000, 0.266000, 0.370000, 0.191000, 0.148000, 0.184000
2489, 04_1_89, -0.027000, 0.252000, 0.177000, 0.325000, 0.364000, 0.131000, 0.206000, 0.272000
2490, 04_1_90, 0.099000, 0.208000, 0.256000, 0.200000, 0.617000, 0.358000, 0.403000, 0.135000
2491, 04_1_91, 0.083000, 0.404000, 0.201000, 0.360000, 0.547000, 0.096000, 0.441000, 0.100000
2492, 04_1_92, 0.131000, 0.231000, 0.235000, 0.289000, 0.451000, 0.157000, 0.455000, 0.064000
2493, 04_1_93, 0.052000, 0.271000, 0.227000, 0.280000, 0.368000, 0.117000, 0.192000, 0.267000
2494, 04_1_94, 0.000000, 0.000000, 0.000000, 0.000000, 0.000000, 0.000000, 0.000000, 0.000000
2495, 04_1_95, -0.019000, 0.252000, 0.193000, 0.344000, 0.370000, 0.089000, 0.317000, 0.135000
2496, 04_2_00, -0.202000, 0.018000, -0.288000, 0.033000, -0.308000, 0.011000, -0.624000, -0.177000
2497, 04_2_01, -0.232000, 0.228000, -0.315000, 0.210000, -0.185000, -0.193000, -0.472000, -0.275000
2498, 04_2_02, -0.179000, 0.062000, -0.288000, 0.106000, -0.295000, -0.009000, -0.565000, -0.230000
2499, 04_2_03, -0.210000, 0.162000, -0.323000, 0.194000, -0.210000, -0.117000, -0.495000, -0.210000
2500, 04_2_04, -0.174000, 0.075000, -0.308000, 0.086000, -0.222000, -0.071000, -0.606000, -0.087000
2501, 04_2_05, -0.214000, 0.170000, -0.328000, 0.199000, -0.216000, -0.172000, -0.453000, -0.299000
2502, 04_2_06, -0.194000, 0.053000, -0.317000, 0.116000, -0.293000, -0.064000, -0.502000, -0.271000
2503, 04_2_07, -0.226000, 0.140000, -0.334000, 0.208000, -0.182000, -0.122000, -0.517000, -0.245000
2504, 04_2_08, -0.198000, 0.101000, -0.321000, 0.130000, -0.307000, -0.095000, -0.590000, -0.220000
2505, 04_2_09, -0.213000, 0.178000, -0.347000, 0.218000, -0.142000, -0.025000, -0.467000, -0.270000
2506, 04_2_10, -0.165000, 0.071000, -0.302000, 0.147000, -0.224000, 0.012000, -0.675000, -0.285000
2507, 04_2_11, -0.189000, 0.116000, -0.333000, 0.176000, -0.158000, -0.119000, -0.493000, -0.218000
2508, 04_2_12, -0.230000, 0.101000, -0.442000, 0.161000, -0.251000, -0.088000, -0.642000, -0.278000
2509, 04_2_13, -0.213000, 0.081000, -0.325000, 0.152000, -0.167000, -0.058000, -0.497000, -0.300000
2510, 04_2_14, -0.181000, 0.067000, -0.317000, 0.113000, -0.271000, -0.080000, -0.558000, -0.253000
2511, 04_2_15, -0.192000, 0.025000, -0.337000, 0.129000, -0.134000, -0.161000, -0.441000, -0.210000
2512, 04_2_16, -0.208000, 0.149000, -0.335000, 0.167000, -0.268000, -0.013000, -0.456000, -0.206000
2513, 04_2_17, -0.228000, 0.094000, -0.348000, 0.173000, -0.187000, -0.109000, -0.457000, -0.141000
2514, 04_2_18, -0.192000, 0.096000, -0.330000, 0.154000, -0.275000, -0.116000, -0.544000, -0.248000
2515, 04_2_19, -0.397000, 0.323000, -0.403000, 0.305000, -0.187000, -0.030000, -0.421000, -0.261000
2516, 04_2_20, -0.218000, 0.144000, -0.352000, 0.139000, -0.260000, -0.105000, -0.543000, -0.240000
2517, 04_2_21, -0.230000, 0.049000, -0.330000, 0.076000, -0.149000, -0.049000, -0.450000, -0.201000
2518, 04_2_22, -0.208000, 0.057000, -0.383000, 0.244000, -0.197000, -0.152000, -0.540000, -0.313000
2519, 04_2_23, -0.223000, 0.038000, -0.331000, 0.030000, -0.178000, -0.102000, -0.435000, -0.153000
2520, 04_2_24, 0.000000, 0.000000, 0.000000, 0.000000, 0.000000, 0.000000, 0.000000, 0.000000
2521, 04_2_25, -0.203000, 0.002000, -0.320000, 0.094000, -0.149000, 0.030000, -0.427000, -0.118000
2522, 04_2_26, -0.190000, 0.044000, -0.333000, 0.134000, -0.248000, -0.161000, -0.422000, -0.146000
2523, 04_2_27, -0.205000, -0.013000, -0.316000, 0.067000, -0.170000, -0.035000, -0.406000, -0.136000
2524, 04_2_28, -0.285000, 0.128000, -0.366000, 0.099000, -0.220000, -0.171000, -0.408000, -0.242000
2525, 04_2_29, -0.216000, -0.002000, -0.319000, 0.077000, -0.173000, -0.089000, -0.431000, -0.083000
2526, 04_2_30, -0.185000, 0.012000, -0.311000, 0.129000, -0.200000, -0.110000, -0.383000, -0.134000
2527, 04_2_31, -0.199000, 0.017000, -0.315000, 0.077000, -0.201000, -0.027000, -0.366000, -0.169000
2528, 04_2_32, -0.232000, 0.027000, -0.346000, 0.023000, -0.207000, -0.162000, -0.411000, -0.167000
2529, 04_2_33, -0.181000, -0.000000, -0.309000, 0.132000, -0.119000, -0.126000, -0.433000, -0.089000
2530, 04_2_34, -0.260000, 0.021000, -0.324000, 0.150000, -0.178000, -0.005000, -0.407000, -0.045000
2531, 04_2_35, -0.202000, 0.016000, -0.307000, 0.128000, -0.141000, -0.105000, -0.346000, -0.029000
2532, 04_2_36, -0.334000, 0.044000, -0.343000, 0.200000, -0.208000, -0.190000, -0.369000, -0.096000
2533, 04_2_37, -0.184000, 0.007000, -0.299000, 0.153000, -0.006000, -0.066000, -0.340000, -0.029000
2534, 04_2_38, -0.258000, 0.031000, -0.306000, 0.159000, -0.213000, -0.141000, -0.346000, 0.060000
2535, 04_2_39, -0.168000, -0.015000, -0.280000, 0.177000, -0.151000, -0.100000, -0.373000, 0.133000
2536, 04_2_40, -0.158000, -0.070000, -0.305000, 0.079000, -0.206000, -0.107000, -0.184000, -0.177000
2537, 04_2_41, -0.168000, 0.003000, -0.261000, 0.138000, -0.120000, -0.091000, -0.203000, -0.117000
2538, 04_2_42, -0.157000, -0.045000, -0.237000, 0.131000, -0.194000, -0.213000, -0.226000, -0.033000
2539, 04_2_43, -0.177000, 0.039000, -0.262000, 0.148000, -0.102000, -0.164000, -0.137000, -0.081000
2540, 04_2_44, -0.150000, -0.049000, -0.196000, 0.088000, -0.172000, -0.138000, -0.181000, -0.038000
2541, 04_2_45, -0.165000, 0.028000, -0.249000, 0.162000, -0.074000, -0.156000, -0.131000, -0.117000
2542, 04_2_46, -0.149000, -0.060000, -0.202000, 0.138000, -0.179000, -0.103000, -0.159000, -0.018000
2543, 04_2_47, -0.161000, 0.106000, -0.237000, 0.199000, -0.071000, -0.123000, -0.239000, 0.002000
2544, 04_2_48, 0.000000, 0.000000, 0.000000, 0.000000, 0.000000, 0.000000, 0.000000, 0.000000
2545, 04_2_49, -0.141000, 0.059000, -0.212000, 0.144000, -0.061000, -0.208000, 0.052000, -0.174000
2546, 04_2_50, -0.132000, 0.050000, -0.169000, 0.110000, 0.002000, 0.058000, -0.071000, 0.017000
2547, 04_2_51, -0.145000, 0.044000, -0.193000, 0.136000, 0.010000, -0.208000, 0.104000, -0.082000
2548, 04_2_52, -0.125000, 0.013000, -0.155000, 0.143000, -0.138000, -0.171000, -0.160000, -0.008000
2549, 04_2_53, -0.140000, 0.082000, -0.179000, 0.137000, -0.026000, -0.155000, 0.000000, -0.197000
2550, 04_2_54, -0.172000, 0.013000, -0.187000, 0.260000, -0.320000, -0.070000, -0.113000, -0.023000
2551, 04_2_55, -0.141000, 0.010000, -0.294000, 0.139000, -0.020000, -0.225000, -0.049000, -0.194000
2552, 04_2_56, -0.119000, -0.024000, -0.185000, 0.096000, -0.211000, -0.110000, -0.074000, -0.014000
2553, 04_2_57, -0.167000, 0.155000, -0.129000, 0.090000, -0.001000, -0.191000, 0.030000, -0.063000
2554, 04_2_58, -0.122000, 0.032000, -0.117000, 0.090000, -0.046000, -0.160000, -0.012000, -0.075000
2555, 04_2_59, -0.134000, 0.151000, -0.122000, 0.069000, 0.009000, -0.168000, -0.036000, -0.130000
2556, 04_2_60, -0.132000, 0.068000, -0.103000, 0.113000, -0.154000, -0.131000, -0.066000, -0.044000
2557, 04_2_61, -0.120000, 0.017000, -0.097000, 0.066000, -0.018000, -0.224000, -0.043000, -0.144000
2558, 04_2_62, -0.109000, -0.003000, -0.076000, 0.087000, -0.047000, -0.165000, -0.057000, -0.020000
2559, 04_2_63, -0.104000, -0.030000, -0.071000, 0.046000, 0.050000, -0.236000, 0.028000, -0.181000
2560, 04_2_64, -0.135000, -0.009000, -0.068000, 0.110000, -0.059000, -0.080000, -0.047000, 0.071000
2561, 04_2_65, -0.122000, 0.063000, -0.077000, 0.107000, 0.009000, -0.179000, -0.025000, -0.128000
2562, 04_2_66, -0.117000, 0.058000, -0.056000, 0.101000, -0.142000, -0.123000, -0.065000, -0.110000
2563, 04_2_67, -0.117000, 0.028000, -0.071000, 0.146000, -0.082000, -0.076000, -0.062000, 0.076000
2564, 04_2_68, -0.108000, 0.053000, -0.074000, 0.171000, -0.040000, -0.091000, -0.022000, -0.046000
2565, 04_2_69, -0.103000, 0.020000, -0.058000, 0.122000, -0.016000, -0.177000, 0.049000, -0.141000
2566, 04_2_70, -0.087000, 0.008000, -0.017000, 0.124000, 0.042000, -0.150000, 0.079000, -0.057000
2567, 04_2_71, -0.082000, 0.005000, -0.050000, 0.086000, 0.167000, -0.150000, -0.087000, -0.010000
2568, 04_2_72, -0.074000, 0.014000, -0.002000, 0.271000, 0.198000, -0.109000, 0.040000, -0.069000
2569, 04_2_73, -0.069000, 0.010000, -0.039000, 0.140000, -0.006000, -0.117000, -0.104000, 0.071000
2570, 04_2_74, -0.079000, 0.033000, -0.065000, 0.242000, -0.072000, -0.068000, 0.084000, -0.060000
2571, 04_2_75, -0.074000, -0.028000, 0.006000, 0.108000, 0.080000, -0.065000, 0.070000, -0.052000
2572, 04_2_76, -0.037000, 0.104000, 0.202000, 0.199000, -0.017000, -0.139000, 0.582000, -0.046000
2573, 04_2_77, -0.023000, -0.042000, 0.148000, 0.080000, 0.311000, -0.024000, 0.506000, 0.174000
2574, 04_2_78, -0.050000, 0.084000, 0.040000, 0.123000, 0.347000, -0.053000, 0.412000, -0.008000
2575, 04_2_79, -0.027000, -0.069000, 0.025000, 0.084000, 0.138000, -0.132000, 0.238000, 0.057000
2576, 04_2_80, -0.071000, 0.160000, 0.059000, 0.126000, 0.184000, -0.087000, 0.402000, 0.005000
2577, 04_2_81, -0.039000, -0.029000, 0.072000, -0.022000, 0.086000, -0.093000, 0.107000, 0.015000
2578, 04_2_82, -0.034000, 0.032000, 0.090000, 0.151000, 0.317000, 0.005000, 0.107000, -0.005000
2579, 04_2_83, -0.028000, -0.051000, 0.078000, 0.121000, 0.072000, -0.012000, 0.256000, 0.067000
2580, 04_2_84, -0.015000, -0.001000, 0.076000, 0.143000, 0.147000, -0.103000, 0.226000, 0.059000
2581, 04_2_85, 0.005000, -0.034000, 0.074000, 0.131000, 0.433000, 0.071000, 0.254000, 0.067000
2582, 04_2_86, 0.022000, -0.028000, 0.090000, 0.117000, 0.244000, 0.005000, 0.228000, -0.042000
2583, 04_2_87, 0.012000, 0.012000, 0.085000, 0.123000, 0.074000, 0.056000, 0.335000, 0.055000
2584, 04_2_88, 0.013000, -0.101000, 0.123000, 0.079000, 0.125000, -0.033000, 0.031000, 0.040000
2585, 04_2_89, 0.002000, 0.035000, 0.102000, 0.101000, 0.018000, -0.043000, 0.172000, -0.013000
2586, 04_2_90, 0.056000, 0.004000, 0.145000, 0.053000, 0.348000, -0.088000, 0.280000, 0.085000
2587, 04_2_91, 0.029000, -0.015000, 0.126000, 0.138000, 0.569000, -0.026000, 0.056000, 0.059000
2588, 04_2_92, 0.064000, -0.047000, 0.174000, 0.132000, 0.127000, -0.061000, 0.179000, 0.128000
2589, 04_2_93, 0.057000, -0.017000, 0.145000, 0.167000, 0.517000, -0.014000, 0.281000, 0.197000
2590, 04_2_94, 0.078000, -0.136000, 0.174000, 0.027000, 0.451000, -0.122000, 0.102000, 0.011000
2591, 04_2_95, 0.057000, -0.038000, 0.147000, 0.080000, 0.345000, -0.165000, 0.231000, 0.216000
2592, 04_3_00, 0.089000, 0.289000, -0.148000, 0.420000, -0.031000, 0.074000, -0.554000, 0.176000
2593, 04_3_01, 0.074000, 0.479000, -0.173000, 0.466000, 0.082000, 0.039000, -0.490000, 0.143000
2594, 04_3_02, 0.056000, 0.337000, -0.190000, 0.392000, -0.013000, 0.139000, -0.619000, 0.101000
2595, 04_3_03, 0.081000, 0.503000, -0.190000, 0.398000, 0.194000, 0.161000, -0.482000, 0.030000
2596, 04_3_04, 0.077000, 0.349000, -0.211000, 0.409000, 0.007000, 0.145000, -0.572000, 0.254000
2597, 04_3_05, 0.081000, 0.512000, -0.197000, 0.401000, 0.023000, 0.210000, -0.449000, 0.077000
2598, 04_3_06, 0.080000, 0.401000, -0.246000, 0.400000, 0.101000, 0.150000, -0.639000, 0.147000
2599, 04_3_07, 0.067000, 0.485000, -0.240000, 0.396000, 0.070000, 0.173000, -0.487000, -0.012000
2600, 04_3_08, 0.073000, 0.444000, -0.246000, 0.355000, -0.071000, 0.173000, -0.578000, 0.090000
2601, 04_3_09, 0.000000, 0.000000, 0.000000, 0.000000, 0.000000, 0.000000, 0.000000, 0.000000
2602, 04_3_10, 0.085000, 0.436000, -0.277000, 0.371000, -0.023000, 0.145000, -0.488000, -0.047000
2603, 04_3_11, 0.076000, 0.440000, -0.281000, 0.365000, 0.013000, 0.095000, -0.555000, -0.009000
2604, 04_3_12, 0.057000, 0.414000, -0.297000, 0.379000, -0.063000, 0.173000, -0.577000, 0.053000
2605, 04_3_13, 0.071000, 0.395000, -0.284000, 0.335000, 0.086000, 0.201000, -0.466000, 0.011000
2606, 04_3_14, 0.000000, 0.000000, 0.000000, 0.000000, 0.000000, 0.000000, 0.000000, 0.000000
2607, 04_3_15, 0.066000, 0.348000, -0.327000, 0.321000, 0.054000, 0.143000, -0.492000, 0.082000
2608, 04_3_16, 0.050000, 0.393000, -0.346000, 0.429000, -0.058000, 0.129000, -0.667000, -0.023000
2609, 04_3_17, 0.050000, 0.424000, -0.247000, 0.278000, 0.067000, 0.304000, -0.559000, 0.024000
2610, 04_3_18, 0.037000, 0.454000, -0.366000, 0.450000, -0.040000, 0.154000, -0.645000, 0.068000
2611, 04_3_19, 0.059000, 0.398000, -0.318000, 0.303000, -0.026000, 0.333000, -0.524000, 0.076000
2612, 04_3_20, 0.033000, 0.451000, -0.377000, 0.426000, -0.087000, 0.218000, -0.524000, 0.021000
2613, 04_3_21, 0.054000, 0.357000, -0.337000, 0.204000, -0.012000, 0.318000, -0.523000, 0.070000
2614, 04_3_22, 0.062000, 0.448000, -0.388000, 0.430000, 0.005000, 0.277000, -0.691000, -0.132000
2615, 04_3_23, 0.069000, 0.364000, -0.361000, 0.275000, 0.118000, 0.248000, -0.518000, -0.048000
2616, 04_3_24, 0.006000, 0.543000, -0.473000, 0.424000, -0.070000, 0.383000, -0.760000, 0.020000
2617, 04_3_25, 0.037000, 0.412000, -0.411000, 0.316000, -0.027000, 0.403000, -0.529000, 0.127000
2618, 04_3_26, 0.006000, 0.552000, -0.423000, 0.461000, -0.049000, 0.201000, -0.564000, 0.061000
2619, 04_3_27, 0.039000, 0.387000, -0.410000, 0.249000, -0.011000, 0.380000, -0.518000, 0.011000
2620, 04_3_28, 0.004000, 0.547000, -0.433000, 0.418000, -0.145000, 0.252000, -0.536000, 0.039000
2621, 04_3_29, 0.031000, 0.440000, -0.399000, 0.344000, 0.050000, 0.326000, -0.483000, 0.054000
2622, 04_3_30, 0.027000, 0.555000, -0.436000, 0.439000, 0.003000, 0.297000, -0.524000, 0.019000
2623, 04_3_31, 0.035000, 0.411000, -0.392000, 0.295000, 0.083000, 0.407000, -0.514000, 0.070000
2624, 04_3_32, -0.000000, 0.531000, -0.425000, 0.420000, -0.013000, 0.315000, -0.475000, -0.016000
2625, 04_3_33, 0.010000, 0.430000, -0.404000, 0.310000, 0.082000, 0.526000, -0.542000, -0.008000
2626, 04_3_34, -0.007000, 0.537000, -0.438000, 0.382000, -0.033000, 0.354000, -0.526000, 0.074000
2627, 04_3_35, 0.024000, 0.477000, -0.440000, 0.408000, 0.138000, 0.425000, -0.511000, 0.056000
2628, 04_3_36, -0.003000, 0.484000, -0.407000, 0.355000, 0.031000, 0.437000, -0.556000, -0.002000
2629, 04_3_37, 0.004000, 0.477000, -0.368000, 0.315000, 0.020000, 0.546000, -0.541000, 0.073000
2630, 04_3_38, 0.006000, 0.519000, -0.567000, 0.487000, 0.116000, 0.398000, -0.583000, 0.076000
2631, 04_3_39, 0.005000, 0.534000, -0.476000, 0.367000, 0.063000, 0.459000, -0.646000, 0.124000
2632, 04_3_40, 0.012000, 0.343000, -0.382000, 0.380000, 0.282000, 0.355000, -0.390000, 0.131000
2633, 04_3_41, 0.004000, 0.482000, -0.377000, 0.317000, 0.098000, 0.315000, -0.222000, 0.066000
2634, 04_3_42, -0.024000, 0.516000, -0.384000, 0.387000, -0.004000, 0.330000, -0.404000, 0.007000
2635, 04_3_43, 0.009000, 0.471000, -0.356000, 0.356000, 0.088000, 0.278000, -0.248000, 0.073000
2636, 04_3_44, -0.004000, 0.498000, -0.348000, 0.333000, -0.078000, 0.300000, -0.398000, 0.057000
2637, 04_3_45, 0.007000, 0.530000, -0.328000, 0.323000, 0.184000, 0.296000, -0.238000, 0.010000
2638, 04_3_46, 0.006000, 0.546000, -0.335000, 0.328000, -0.045000, 0.388000, -0.357000, 0.111000
2639, 04_3_47, -0.003000, 0.540000, -0.331000, 0.329000, 0.087000, 0.327000, -0.237000, 0.027000
2640, 04_3_48, 0.013000, 0.524000, -0.321000, 0.303000, 0.138000, 0.252000, -0.310000, -0.019000
2641, 04_3_49, 0.000000, 0.513000, -0.309000, 0.313000, 0.105000, 0.337000, -0.167000, 0.051000
2642, 04_3_50, 0.003000, 0.480000, -0.310000, 0.351000, 0.076000, 0.315000, -0.282000, 0.122000
2643, 04_3_51, -0.004000, 0.559000, -0.305000, 0.351000, 0.087000, 0.265000, -0.201000, 0.064000
2644, 04_3_52, -0.020000, 0.423000, -0.283000, 0.311000, -0.084000, 0.404000, -0.274000, 0.162000
2645, 04_3_53, -0.008000, 0.571000, -0.256000, 0.325000, 0.107000, 0.266000, -0.144000, 0.067000
2646, 04_3_54, 0.011000, 0.419000, -0.239000, 0.313000, 0.037000, 0.335000, -0.241000, 0.123000
2647, 04_3_55, 0.014000, 0.524000, -0.098000, 0.381000, 0.103000, 0.307000, -0.100000, 0.071000
2648, 04_3_56, 0.000000, 0.581000, -0.234000, 0.308000, -0.038000, 0.361000, -0.205000, 0.096000
2649, 04_3_57, -0.015000, 0.547000, -0.238000, 0.283000, 0.093000, 0.342000, -0.105000, 0.059000
2650, 04_3_58, -0.010000, 0.537000, -0.213000, 0.301000, -0.057000, 0.341000, -0.126000, 0.102000
2651, 04_3_59, 0.001000, 0.513000, -0.218000, 0.315000, 0.133000, 0.238000, -0.011000, 0.070000
2652, 04_3_60, 0.016000, 0.548000, -0.196000, 0.282000, 0.105000, 0.398000, -0.137000, 0.116000
2653, 04_3_61, 0.196000, 0.701000, -0.158000, 0.333000, 0.130000, 0.218000, -0.093000, 0.062000
2654, 04_3_62, 0.033000, 0.483000, -0.158000, 0.297000, 0.235000, 0.388000, -0.177000, -0.089000
2655, 04_3_63, 0.023000, 0.469000, -0.179000, 0.290000, 0.156000, 0.190000, -0.017000, 0.024000
2656, 04_3_64, 0.018000, 0.581000, -0.166000, 0.229000, -0.209000, 0.396000, -0.094000, 0.085000
2657, 04_3_65, -0.009000, 0.623000, -0.171000, 0.338000, 0.037000, 0.372000, -0.014000, 0.121000
2658, 04_3_66, -0.006000, 0.517000, -0.143000, 0.296000, 0.057000, 0.280000, -0.044000, 0.099000
2659, 04_3_67, 0.012000, 0.512000, -0.123000, 0.187000, 0.148000, 0.281000, 0.029000, 0.044000
2660, 04_3_68, -0.004000, 0.536000, -0.129000, 0.271000, -0.038000, 0.267000, -0.102000, -0.001000
2661, 04_3_69, 0.021000, 0.489000, -0.097000, 0.176000, 0.138000, 0.337000, 0.065000, 0.002000
2662, 04_3_70, 0.053000, 0.556000, 0.219000, 0.599000, 0.120000, 0.241000, -0.055000, -0.033000
2663, 04_3_71, 0.024000, 0.449000, -0.088000, 0.133000, 0.138000, 0.191000, 0.007000, 0.193000
2664, 04_3_72, 0.016000, 0.565000, -0.064000, 0.223000, 0.109000, 0.191000, 0.179000, -0.122000
2665, 04_3_73, 0.000000, 0.000000, 0.000000, 0.000000, 0.000000, 0.000000, 0.000000, 0.000000
2666, 04_3_74, 0.059000, 0.529000, 0.388000, 0.546000, 0.065000, 0.195000, 0.057000, 0.022000
2667, 04_3_75, 0.036000, 0.390000, -0.040000, 0.130000, 0.112000, 0.230000, 0.033000, 0.046000
2668, 04_3_76, 0.018000, 0.464000, -0.042000, 0.188000, 0.111000, 0.179000, 0.038000, 0.020000
2669, 04_3_77, 0.035000, 0.358000, -0.022000, 0.098000, 0.181000, 0.268000, -0.014000, 0.032000
2670, 04_3_78, -0.038000, 0.425000, -0.008000, 0.162000, 0.080000, 0.121000, -0.008000, -0.083000
2671, 04_3_79, 0.021000, 0.413000, -0.008000, 0.072000, 0.114000, 0.311000, 0.085000, 0.067000
2672, 04_3_80, 0.028000, 0.418000, -0.109000, 0.239000, 0.090000, 0.102000, 0.008000, 0.009000
2673, 04_3_81, 0.134000, 0.426000, 0.032000, 0.043000, 0.191000, 0.324000, 0.136000, 0.036000
2674, 04_3_82, 0.011000, 0.502000, -0.004000, 0.158000, 0.166000, 0.241000, 0.185000, -0.098000
2675, 04_3_83, 0.019000, 0.438000, 0.022000, 0.119000, 0.221000, 0.325000, 0.184000, 0.030000
2676, 04_3_84, 0.026000, 0.430000, 0.058000, 0.173000, -0.012000, 0.283000, 0.276000, -0.001000
2677, 04_3_85, 0.032000, 0.406000, 0.046000, 0.139000, 0.233000, 0.269000, 0.185000, 0.085000
2678, 04_3_86, 0.063000, 0.391000, 0.090000, 0.164000, 0.038000, 0.300000, 0.296000, -0.032000
2679, 04_3_87, 0.028000, 0.380000, 0.089000, 0.043000, 0.323000, 0.209000, 0.284000, 0.029000
2680, 04_3_88, 0.055000, 0.202000, 0.060000, 0.129000, 0.166000, 0.171000, 0.314000, -0.048000
2681, 04_3_89, 0.038000, 0.252000, 0.075000, 0.084000, 0.236000, 0.184000, 0.211000, -0.126000
2682, 04_3_90, -0.144000, 0.331000, 0.106000, 0.111000, 0.258000, 0.194000, 0.380000, -0.015000
2683, 04_3_91, 0.005000, 0.277000, 0.110000, 0.130000, 0.307000, 0.201000, 0.315000, -0.078000
2684, 04_3_92, -0.004000, 0.295000, 0.165000, -0.015000, 0.188000, 0.207000, 0.433000, -0.068000
2685, 04_3_93, 0.019000, 0.360000, 0.145000, 0.080000, 0.451000, 0.280000, 0.341000, -0.010000
2686, 04_3_94, 0.072000, 0.230000, 0.185000, 0.031000, 0.319000, 0.177000, 0.330000, -0.062000
2687, 04_3_95, 0.056000, 0.326000, 0.189000, 0.101000, 0.280000, 0.010000, 0.100000, -0.154000
2688, 04_4_00, -0.305000, -0.101000, 0.327000, 0.105000, -0.156000, 0.049000, -0.051000, 0.155000
2689, 04_4_01, -0.155000, 0.282000, 0.306000, 0.302000, -0.066000, 0.065000, 0.019000, 0.087000
2690, 04_4_02, -0.129000, 0.186000, 0.327000, 0.150000, -0.175000, 0.038000, -0.054000, 0.151000
2691, 04_4_03, -0.164000, 0.322000, 0.330000, 0.255000, -0.107000, 0.061000, 0.070000, 0.067000
2692, 04_4_04, -0.080000, 0.295000, 0.276000, 0.226000, -0.198000, 0.076000, -0.040000, 0.135000
2693, 04_4_05, -0.140000, 0.280000, 0.303000, 0.286000, -0.038000, 0.056000, 0.019000, 0.089000
2694, 04_4_06, -0.378000, 0.181000, 0.286000, 0.160000, -0.132000, 0.161000, -0.068000, 0.096000
2695, 04_4_07, -0.134000, 0.276000, 0.229000, 0.373000, -0.070000, 0.010000, 0.026000, 0.069000
2696, 04_4_08, -0.090000, 0.239000, 0.337000, 0.208000, -0.041000, 0.037000, 0.066000, 0.078000
2697, 04_4_09, -0.128000, 0.241000, 0.297000, 0.262000, -0.055000, 0.046000, 0.017000, 0.083000
2698, 04_4_10, 0.000000, 0.000000, 0.000000, 0.000000, 0.000000, 0.000000, 0.000000, 0.000000
2699, 04_4_11, -0.167000, 0.222000, 0.273000, 0.203000, -0.123000, -0.020000, 0.021000, 0.045000
2700, 04_4_12, -0.044000, 0.287000, 0.274000, 0.235000, -0.150000, 0.092000, -0.075000, 0.068000
2701, 04_4_13, -0.121000, 0.191000, 0.259000, 0.238000, 0.050000, 0.121000, -0.021000, 0.085000
2702, 04_4_14, -0.095000, 0.176000, 0.168000, 0.240000, -0.088000, -0.071000, -0.096000, 0.095000
2703, 04_4_15, -0.106000, 0.140000, 0.275000, 0.171000, -0.029000, 0.046000, 0.001000, 0.092000
2704, 04_4_16, -0.056000, 0.198000, 0.265000, 0.239000, -0.068000, -0.004000, -0.022000, 0.041000
2705, 04_4_17, -0.104000, 0.248000, 0.258000, 0.211000, 0.060000, 0.004000, -0.008000, 0.203000
2706, 04_4_18, -0.231000, 0.278000, -0.025000, 0.271000, -0.231000, -0.047000, -0.096000, 0.034000
2707, 04_4_19, -0.157000, 0.255000, 0.157000, 0.332000, -0.026000, 0.126000, 0.121000, 0.163000
2708, 04_4_20, -0.093000, 0.182000, 0.180000, 0.179000, -0.171000, -0.045000, -0.059000, 0.018000
2709, 04_4_21, -0.102000, 0.118000, 0.221000, 0.179000, 0.011000, -0.034000, -0.059000, 0.094000
2710, 04_4_22, -0.138000, 0.151000, 0.028000, 0.199000, -0.159000, -0.093000, -0.171000, 0.056000
2711, 04_4_23, -0.050000, 0.193000, 0.292000, 0.114000, 0.103000, -0.422000, -0.026000, 0.049000
2712, 04_4_24, -0.137000, 0.223000, 0.206000, 0.183000, -0.043000, -0.004000, -0.031000, 0.044000
2713, 04_4_25, -0.147000, 0.124000, 0.159000, 0.222000, 0.017000, -0.088000, -0.004000, 0.146000
2714, 04_4_26, -0.112000, 0.200000, 0.072000, 0.199000, 0.275000, 0.138000, -0.209000, 0.026000
2715, 04_4_27, -0.092000, 0.085000, 0.130000, 0.194000, 0.087000, 0.057000, -0.002000, 0.169000
2716, 04_4_28, -0.078000, 0.194000, 0.079000, 0.304000, -0.035000, 0.069000, -0.219000, 0.056000
2717, 04_4_29, -0.081000, 0.105000, 0.281000, 0.117000, 0.093000, 0.008000, 0.055000, 0.135000
2718, 04_4_30, -0.093000, 0.183000, 0.169000, 0.205000, 0.002000, -0.128000, -0.006000, 0.037000
2719, 04_4_31, -0.106000, 0.084000, 0.236000, 0.150000, 0.129000, 0.172000, 0.040000, 0.216000
2720, 04_4_32, -0.135000, 0.212000, 0.049000, 0.242000, -0.039000, -0.084000, -0.264000, 0.030000
2721, 04_4_33, 0.038000, 0.128000, 0.189000, 0.144000, 0.097000, 0.080000, 0.083000, 0.121000
2722, 04_4_34, -0.115000, 0.208000, 0.151000, 0.138000, -0.040000, -0.032000, 0.040000, 0.059000
2723, 04_4_35, -0.129000, 0.104000, 0.139000, 0.166000, 0.072000, -0.005000, 0.074000, 0.085000
2724, 04_4_36, -0.093000, 0.230000, 0.037000, 0.178000, 0.111000, 0.064000, -0.051000, 0.078000
2725, 04_4_37, -0.101000, 0.100000, 0.175000, 0.267000, 0.106000, -0.010000, 0.084000, 0.104000
2726, 04_4_38, -0.047000, 0.018000, -0.056000, 0.160000, 0.227000, -0.011000, 0.036000, 0.176000
2727, 04_4_39, 0.069000, 0.138000, 0.198000, 0.229000, 0.219000, 0.092000, 0.056000, 0.253000
2728, 04_4_40, -0.049000, 0.098000, 0.132000, 0.176000, 0.048000, -0.114000, 0.167000, 0.001000
2729, 04_4_41, -0.072000, 0.066000, 0.144000, 0.273000, 0.268000, 0.038000, 0.243000, 0.100000
2730, 04_4_42, -0.073000, 0.078000, 0.136000, 0.149000, 0.163000, -0.042000, 0.165000, 0.043000
2731, 04_4_43, -0.090000, 0.084000, 0.153000, 0.066000, 0.220000, -0.050000, 0.243000, 0.054000
2732, 04_4_44, -0.064000, 0.103000, 0.114000, 0.042000, 0.251000, -0.039000, 0.208000, 0.082000
2733, 04_4_45, 0.134000, 0.342000, 0.189000, 0.210000, 0.323000, -0.029000, 0.270000, 0.092000
2734, 04_4_46, -0.062000, 0.089000, 0.161000, 0.083000, 0.084000, 0.034000, 0.268000, 0.040000
2735, 04_4_47, 0.093000, 0.220000, 0.173000, 0.157000, 0.254000, 0.128000, 0.398000, 0.172000
2736, 04_4_48, -0.132000, 0.070000, 0.091000, 0.013000, 0.184000, 0.025000, 0.145000, -0.021000
2737, 04_4_49, 0.070000, 0.116000, 0.098000, 0.071000, 0.266000, -0.068000, 0.211000, 0.036000
2738, 04_4_50, -0.062000, 0.079000, 0.067000, 0.106000, 0.273000, 0.009000, 0.052000, 0.120000
2739, 04_4_51, 0.118000, 0.126000, 0.045000, 0.131000, 0.334000, 0.002000, 0.320000, 0.084000
2740, 04_4_52, 0.059000, -0.038000, 0.095000, 0.069000, 0.286000, 0.089000, 0.135000, 0.122000
2741, 04_4_53, 0.116000, 0.181000, 0.086000, 0.175000, 0.322000, -0.005000, 0.358000, 0.087000
2742, 04_4_54, -0.065000, 0.024000, 0.131000, -0.005000, 0.128000, 0.071000, 0.352000, 0.109000
2743, 04_4_55, 0.137000, 0.153000, 0.120000, 0.082000, 0.201000, 0.076000, 0.431000, 0.097000
2744, 04_4_56, -0.052000, 0.044000, 0.007000, 0.048000, 0.339000, -0.075000, 0.394000, 0.050000
2745, 04_4_57, 0.176000, 0.104000, 0.194000, 0.071000, 0.349000, -0.004000, 0.429000, 0.090000
2746, 04_4_58, -0.044000, 0.054000, 0.020000, 0.016000, 0.347000, 0.003000, 0.465000, 0.130000
2747, 04_4_59, 0.166000, 0.080000, 0.027000, 0.091000, 0.360000, -0.005000, 0.515000, 0.216000
2748, 04_4_60, 0.302000, -0.006000, 0.026000, 0.065000, 0.351000, 0.083000, 0.450000, 0.060000
2749, 04_4_61, 0.193000, 0.094000, 0.314000, 0.032000, 0.379000, -0.026000, 0.548000, 0.154000
2750, 04_4_62, 0.392000, -0.009000, 0.395000, 0.036000, 0.397000, 0.005000, 0.597000, -0.016000
2751, 04_4_63, 0.263000, 0.123000, 0.352000, 0.039000, 0.563000, 0.019000, 0.563000, 0.036000
2752, 04_4_64, 0.279000, -0.004000, 0.337000, 0.063000, 0.449000, -0.021000, 0.555000, 0.029000
2753, 04_4_65, 0.193000, 0.142000, 0.309000, 0.064000, 0.471000, 0.132000, 0.701000, 0.169000
2754, 04_4_66, 0.341000, -0.055000, 0.351000, 0.072000, 0.507000, 0.040000, 0.422000, 0.002000
2755, 04_4_67, 0.218000, 0.065000, 0.305000, 0.029000, 0.496000, 0.041000, 0.681000, 0.131000
2756, 04_4_68, 0.279000, -0.015000, 0.351000, 0.073000, 0.523000, 0.110000, 0.452000, 0.120000
2757, 04_4_69, 0.218000, 0.057000, 0.321000, 0.036000, 0.511000, 0.010000, 0.778000, 0.206000
2758, 04_4_70, 0.305000, -0.002000, 0.304000, 0.109000, 0.545000, 0.036000, 0.463000, 0.069000
2759, 04_4_71, 0.248000, 0.037000, 0.305000, 0.008000, 0.544000, 0.023000, 0.706000, -0.004000
2760, 04_4_72, 0.313000, -0.001000, 0.333000, 0.063000, 0.671000, -0.015000, 0.734000, -0.118000
2761, 04_4_73, 0.094000, 0.328000, 0.501000, -0.094000, 0.545000, 0.032000, 0.828000, -0.025000
2762, 04_4_74, 0.331000, -0.103000, 0.564000, 0.038000, 0.712000, 0.017000, 0.567000, 0.061000
2763, 04_4_75, 0.281000, -0.087000, 0.646000, -0.077000, 0.505000, -0.043000, 0.736000, 0.053000
2764, 04_4_76, 0.361000, -0.084000, 0.670000, 0.022000, 0.620000, -0.045000, 0.804000, -0.041000
2765, 04_4_77, 0.307000, -0.093000, 0.665000, -0.016000, 0.570000, 0.138000, 0.822000, 0.062000
2766, 04_4_78, 0.380000, -0.100000, 0.681000, 0.017000, 0.606000, -0.119000, 0.684000, -0.077000
2767, 04_4_79, 0.000000, 0.000000, 0.000000, 0.000000, 0.000000, 0.000000, 0.000000, 0.000000
2768, 04_4_80, 0.331000, -0.071000, 0.743000, -0.027000, 0.481000, -0.054000, 0.791000, -0.021000
2769, 04_4_81, 0.365000, -0.090000, 0.680000, -0.057000, 0.451000, 0.076000, 0.960000, 0.089000
2770, 04_4_82, 0.379000, -0.089000, 0.713000, -0.051000, 0.666000, -0.090000, 0.703000, -0.020000
2771, 04_4_83, 0.335000, -0.037000, 0.685000, -0.048000, 0.628000, 0.090000, 0.852000, 0.143000
2772, 04_4_84, 0.396000, -0.109000, 0.740000, -0.048000, 0.456000, -0.090000, 0.754000, -0.008000
2773, 04_4_85, 0.334000, -0.060000, 0.726000, -0.042000, 0.410000, -0.144000, 0.743000, 0.074000
2774, 04_4_86, 0.417000, -0.227000, 0.700000, -0.027000, 0.726000, -0.039000, 0.570000, 0.114000
2775, 04_4_87, 0.000000, 0.000000, 0.000000, 0.000000, 0.000000, 0.000000, 0.000000, 0.000000
2776, 04_4_88, 0.437000, -0.190000, 0.795000, -0.101000, 0.214000, -0.097000, 0.899000, 0.065000
2777, 04_4_89, 0.392000, -0.321000, 0.564000, -0.084000, 0.695000, -0.088000, 0.541000, 0.025000
2778, 04_4_90, 0.458000, -0.193000, 0.820000, -0.057000, 0.471000, -0.285000, 0.845000, 0.049000
2779, 04_4_91, 0.406000, -0.148000, 0.796000, -0.066000, 0.224000, -0.241000, 0.750000, -0.077000
2780, 04_4_92, 0.443000, -0.233000, 0.835000, -0.110000, 0.196000, -0.062000, 0.900000, 0.124000
2781, 04_4_93, 0.368000, -0.044000, 0.796000, -0.095000, 0.357000, -0.264000, 0.892000, 0.083000
2782, 04_4_94, 0.478000, -0.322000, 0.818000, -0.065000, 0.548000, -0.139000, 0.631000, 0.031000
2783, 04_4_95, 0.417000, -0.109000, 0.795000, -0.102000, 0.471000, -0.202000, 0.687000, -0.052000
2784, 04_5_00, 0.000000, 0.000000, 0.000000, 0.000000, 0.000000, 0.000000, 0.000000, 0.000000
2785, 04_5_01, 0.065000, 0.588000, -0.044000, 0.148000, 0.153000, 0.245000, -0.079000, -0.140000
2786, 04_5_02, 0.000000, 0.000000, 0.000000, 0.000000, 0.000000, 0.000000, 0.000000, 0.000000
2787, 04_5_03, 0.051000, 0.559000, -0.042000, 0.117000, -0.040000, 0.219000, -0.053000, -0.133000
2788, 04_5_04, 0.000000, 0.000000, 0.000000, 0.000000, 0.000000, 0.000000, 0.000000, 0.000000
2789, 04_5_05, 0.055000, 0.557000, -0.048000, 0.157000, 0.007000, 0.168000, -0.087000, -0.171000
2790, 04_5_06, 0.000000, 0.000000, 0.000000, 0.000000, 0.000000, 0.000000, 0.000000, 0.000000
2791, 04_5_07, 0.048000, 0.507000, -0.052000, 0.120000, 0.036000, 0.203000, -0.052000, -0.138000
2792, 04_5_08, 0.000000, 0.000000, 0.000000, 0.000000, 0.000000, 0.000000, 0.000000, 0.000000
2793, 04_5_09, 0.052000, 0.485000, -0.059000, 0.145000, 0.048000, 0.182000, -0.037000, -0.200000
2794, 04_5_10, 0.073000, 0.488000, -0.047000, 0.033000, -0.020000, 0.310000, -0.008000, -0.469000
2795, 04_5_11, 0.075000, 0.515000, -0.049000, 0.142000, 0.157000, 0.331000, -0.043000, -0.123000
2796, 04_5_12, 0.050000, 0.444000, -0.067000, 0.077000, -0.117000, 0.182000, -0.170000, -0.265000
2797, 04_5_13, 0.056000, 0.436000, -0.039000, 0.107000, 0.181000, 0.220000, 0.014000, -0.182000
2798, 04_5_14, -0.075000, 0.454000, -0.032000, -0.018000, -0.103000, 0.161000, -0.030000, -0.538000
2799, 04_5_15, 0.154000, 0.556000, -0.011000, 0.093000, 0.090000, 0.183000, 0.002000, -0.157000
2800, 04_5_16, 0.058000, 0.501000, -0.061000, -0.007000, -0.082000, 0.113000, -0.125000, -0.533000
2801, 04_5_17, 0.043000, 0.440000, -0.056000, 0.121000, 0.058000, 0.295000, -0.034000, -0.104000
2802, 04_5_18, 0.047000, 0.657000, 0.026000, 0.286000, -0.095000, 0.223000, -0.124000, -0.152000
2803, 04_5_19, 0.062000, 0.408000, -0.022000, 0.069000, 0.103000, 0.346000, 0.046000, 0.007000
2804, 04_5_20, 0.038000, 0.485000, -0.037000, 0.101000, -0.108000, 0.163000, -0.030000, -0.249000
2805, 04_5_21, 0.063000, 0.406000, -0.019000, 0.029000, 0.038000, 0.254000, -0.026000, -0.108000
2806, 04_5_22, 0.067000, 0.463000, -0.026000, 0.093000, -0.071000, 0.190000, 0.024000, -0.347000
2807, 04_5_23, 0.056000, 0.474000, -0.020000, 0.094000, 0.109000, 0.255000, -0.029000, -0.087000
2808, 04_5_24, -0.001000, 0.608000, -0.045000, 0.154000, 0.046000, 0.165000, -0.038000, -0.350000
2809, 04_5_25, 0.049000, 0.532000, -0.032000, 0.080000, 0.128000, 0.272000, -0.000000, -0.025000
2810, 04_5_26, 0.041000, 0.616000, -0.037000, 0.162000, 0.125000, 0.320000, -0.068000, -0.280000
2811, 04_5_27, 0.081000, 0.393000, -0.006000, 0.079000, 0.152000, 0.217000, -0.016000, -0.050000
2812, 04_5_28, 0.077000, 0.556000, -0.018000, 0.166000, 0.047000, 0.107000, -0.010000, -0.311000
2813, 04_5_29, 0.065000, 0.501000, 0.009000, 0.047000, 0.146000, 0.296000, 0.002000, 0.012000
2814, 04_5_30, 0.124000, 0.558000, 0.366000, 0.213000, 0.035000, 0.267000, -0.466000, -0.301000
2815, 04_5_31, 0.095000, 0.378000, 0.000000, 0.105000, 0.246000, 0.286000, 0.066000, -0.102000
2816, 04_5_32, 0.078000, 0.480000, 0.002000, 0.132000, 0.160000, 0.205000, -0.052000, -0.128000
2817, 04_5_33, 0.109000, 0.405000, 0.047000, 0.019000, 0.157000, 0.301000, 0.061000, -0.018000
2818, 04_5_34, 0.053000, 0.509000, -0.019000, 0.153000, 0.098000, 0.088000, 0.080000, 0.007000
2819, 04_5_35, 0.093000, 0.640000, 0.021000, 0.101000, 0.246000, 0.263000, 0.103000, -0.036000
2820, 04_5_36, 0.077000, 0.511000, 0.004000, 0.169000, 0.191000, 0.233000, 0.077000, -0.189000
2821, 04_5_37, 0.097000, 0.371000, 0.049000, 0.034000, 0.189000, 0.300000, 0.100000, 0.095000
2822, 04_5_38, 0.109000, 0.469000, 0.015000, 0.150000, 0.160000, 0.299000, 0.141000, -0.083000
2823, 04_5_39, 0.098000, 0.461000, 0.043000, 0.085000, 0.302000, 0.444000, 0.113000, 0.097000
2824, 04_5_40, 0.109000, 0.459000, 0.016000, 0.042000, 0.249000, 0.216000, 0.196000, -0.138000
2825, 04_5_41, 0.086000, 0.371000, 0.052000, 0.063000, 0.232000, 0.305000, 0.077000, -0.040000
2826, 04_5_42, 0.092000, 0.435000, 0.027000, 0.137000, 0.259000, 0.169000, 0.172000, -0.079000
2827, 04_5_43, 0.133000, 0.375000, 0.072000, 0.048000, 0.262000, 0.280000, 0.168000, -0.014000
2828, 04_5_44, 0.113000, 0.419000, 0.043000, 0.089000, 0.318000, 0.149000, 0.168000, -0.083000
2829, 04_5_45, 0.164000, 0.427000, 0.092000, 0.125000, 0.247000, 0.259000, 0.160000, 0.044000
2830, 04_5_46, 0.130000, 0.435000, 0.058000, 0.057000, 0.136000, 0.175000, 0.168000, -0.035000
2831, 04_5_47, 0.124000, 0.489000, 0.089000, 0.149000, 0.253000, 0.295000, 0.175000, -0.002000
2832, 04_5_48, 0.164000, 0.419000, 0.088000, 0.046000, 0.339000, 0.234000, 0.269000, -0.235000
2833, 04_5_49, 0.157000, 0.422000, 0.106000, 0.120000, 0.270000, 0.318000, 0.215000, -0.052000
2834, 04_5_50, 0.162000, 0.393000, 0.081000, 0.096000, 0.222000, 0.164000, 0.187000, -0.100000
2835, 04_5_51, 0.171000, 0.420000, 0.083000, 0.203000, 0.253000, 0.184000, 0.229000, -0.048000
2836, 04_5_52, 0.156000, 0.311000, 0.103000, 0.113000, 0.406000, 0.112000, 0.144000, -0.037000
2837, 04_5_53, 0.170000, 0.460000, 0.116000, 0.259000, 0.333000, 0.209000, 0.184000, 0.018000
2838, 04_5_54, 0.183000, 0.304000, 0.136000, 0.081000, 0.252000, 0.084000, 0.221000, -0.115000
2839, 04_5_55, 0.182000, 0.381000, 0.136000, 0.150000, 0.312000, 0.108000, 0.240000, 0.027000
2840, 04_5_56, 0.205000, 0.153000, 0.141000, 0.063000, 0.187000, 0.230000, 0.484000, -0.085000
2841, 04_5_57, 0.201000, 0.387000, 0.144000, 0.243000, 0.433000, 0.170000, 0.269000, 0.041000
2842, 04_5_58, 0.193000, 0.438000, 0.149000, 0.096000, 0.270000, 0.179000, 0.314000, -0.166000
2843, 04_5_59, 0.228000, 0.395000, 0.207000, 0.302000, 0.345000, 0.293000, 0.350000, 0.220000
2844, 04_5_60, 0.216000, 0.397000, 0.159000, 0.101000, 0.363000, 0.155000, 0.256000, -0.005000
2845, 04_5_61, 0.234000, 0.455000, 0.207000, 0.187000, 0.365000, 0.344000, 0.309000, 0.055000
2846, 04_5_62, 0.248000, 0.392000, 0.200000, 0.117000, 0.433000, 0.084000, 0.229000, 0.014000
2847, 04_5_63, 0.238000, 0.409000, 0.213000, 0.149000, 0.398000, 0.184000, 0.312000, -0.061000
2848, 04_5_64, 0.240000, 0.404000, 0.204000, 0.157000, 0.318000, 0.247000, 0.394000, 0.104000
2849, 04_5_65, 0.234000, 0.511000, 0.218000, 0.130000, 0.348000, 0.257000, 0.292000, 0.079000
2850, 04_5_66, 0.252000, 0.372000, 0.228000, 0.106000, 0.379000, 0.308000, 0.207000, 0.088000
2851, 04_5_67, 0.259000, 0.386000, 0.251000, 0.124000, 0.328000, 0.191000, 0.347000, -0.029000
2852, 04_5_68, 0.273000, 0.402000, 0.258000, 0.093000, 0.338000, 0.125000, 0.326000, -0.093000
2853, 04_5_69, 0.265000, 0.439000, 0.253000, 0.122000, 0.367000, 0.220000, 0.249000, -0.044000
2854, 04_5_70, 0.284000, 0.354000, 0.250000, 0.118000, 0.441000, 0.076000, 0.370000, -0.136000
2855, 04_5_71, 0.289000, 0.323000, 0.263000, 0.069000, 0.444000, 0.219000, 0.288000, -0.011000
2856, 04_5_72, 0.286000, 0.461000, 0.279000, 0.120000, 0.393000, 0.077000, 0.284000, -0.084000
2857, 04_5_73, 0.000000, 0.000000, 0.000000, 0.000000, 0.000000, 0.000000, 0.000000, 0.000000
2858, 04_5_74, 0.286000, 0.438000, 0.267000, 0.117000, 0.682000, 0.267000, 0.630000, -0.173000
2859, 04_5_75, 0.309000, 0.369000, 0.309000, 0.095000, 0.360000, 0.185000, 0.227000, 0.013000
2860, 04_5_76, 0.336000, 0.249000, 0.174000, 0.584000, 0.646000, 0.100000, 0.373000, -0.121000
2861, 04_5_77, 0.324000, 0.218000, 0.325000, 0.010000, 0.445000, 0.172000, 0.350000, 0.013000
2862, 04_5_78, 0.263000, 0.527000, 0.303000, 0.171000, 0.606000, 0.167000, 0.466000, -0.089000
2863, 04_5_79, 0.333000, 0.249000, 0.334000, 0.073000, 0.557000, 0.335000, 0.497000, 0.100000
2864, 04_5_80, 0.300000, 0.200000, 0.248000, -0.018000, 0.524000, 0.103000, 0.340000, -0.136000
2865, 04_5_81, 0.467000, 0.294000, 0.351000, 0.033000, 0.564000, 0.430000, 0.428000, -0.009000
2866, 04_5_82, 0.313000, 0.481000, 0.340000, 0.137000, 0.615000, 0.240000, 0.573000, -0.014000
2867, 04_5_83, 0.356000, 0.328000, 0.364000, 0.026000, 0.549000, 0.423000, 0.507000, 0.100000
2868, 04_5_84, 0.369000, 0.321000, 0.347000, -0.018000, 0.549000, 0.247000, 0.471000, 0.003000
2869, 04_5_85, 0.382000, 0.240000, 0.354000, 0.060000, 0.550000, 0.334000, 0.491000, 0.121000
2870, 04_5_86, 0.368000, 0.374000, 0.380000, -0.040000, 0.609000, 0.236000, 0.478000, -0.014000
2871, 04_5_87, 0.369000, 0.265000, 0.369000, 0.070000, 0.580000, 0.279000, 0.529000, 0.119000
2872, 04_5_88, 0.368000, 0.336000, 0.328000, 0.004000, 0.606000, 0.214000, 0.497000, 0.128000
2873, 04_5_89, 0.380000, 0.249000, 0.388000, -0.048000, 0.580000, 0.403000, 0.464000, 0.097000
2874, 04_5_90, 0.195000, 0.355000, 0.349000, 0.036000, 0.625000, 0.229000, 0.498000, 0.061000
2875, 04_5_91, 0.344000, 0.334000, 0.387000, 0.061000, 0.585000, 0.295000, 0.439000, 0.041000
2876, 04_5_92, 0.324000, 0.336000, 0.404000, -0.076000, 0.410000, 0.161000, 0.492000, 0.063000
2877, 04_5_93, 0.374000, 0.301000, 0.426000, -0.110000, 0.560000, 0.182000, 0.381000, 0.108000
2878, 04_5_94, 0.427000, 0.250000, 0.410000, 0.124000, 0.589000, 0.252000, 0.452000, 0.127000
2879, 04_5_95, 0.414000, 0.322000, 0.461000, -0.035000, 0.498000, 0.221000, 0.346000, 0.127000
2880, 05_0_00, -0.005000, 0.386000, -0.439000, 0.227000, -0.096000, 0.140000, -0.437000, -0.187000
2881, 05_0_01, -0.019000, 0.567000, -0.433000, 0.342000, -0.094000, 0.147000, -0.389000, -0.032000
2882, 05_0_02, 0.009000, 0.380000, -0.394000, 0.017000, -0.115000, 0.182000, -0.613000, -0.023000
2883, 05_0_03, -0.002000, 0.566000, -0.379000, 0.326000, -0.063000, 0.182000, -0.458000, -0.055000
2884, 05_0_04, 0.034000, 0.376000, -0.507000, -0.063000, -0.112000, 0.209000, -0.546000, 0.035000
2885, 05_0_05, 0.029000, 0.486000, -0.393000, 0.150000, 0.003000, 0.137000, -0.421000, -0.108000
2886, 05_0_06, 0.008000, 0.449000, -0.415000, 0.332000, -0.125000, 0.229000, -0.552000, -0.051000
2887, 05_0_07, 0.007000, 0.468000, -0.343000, 0.106000, -0.009000, 0.171000, -0.438000, -0.107000
2888, 05_0_08, 0.016000, 0.487000, -0.429000, 0.349000, -0.139000, 0.183000, -0.460000, -0.007000
2889, 05_0_09, 0.054000, 0.517000, -0.209000, 0.377000, 0.048000, 0.165000, -0.504000, -0.106000
2890, 05_0_10, 0.019000, 0.564000, -0.431000, 0.342000, -0.096000, 0.145000, -0.596000, -0.088000
2891, 05_0_11, 0.017000, 0.490000, -0.436000, 0.326000, 0.021000, 0.166000, -0.442000, -0.127000
2892, 05_0_12, 0.015000, 0.666000, -0.420000, 0.347000, -0.137000, 0.077000, -0.628000, -0.071000
2893, 05_0_13, 0.013000, 0.441000, -0.442000, 0.347000, -0.041000, 0.148000, -0.507000, -0.098000
2894, 05_0_14, 0.015000, 0.498000, -0.423000, 0.359000, -0.109000, 0.090000, -0.632000, -0.100000
2895, 05_0_15, 0.007000, 0.402000, -0.671000, 0.191000, -0.040000, 0.119000, -0.449000, -0.106000
2896, 05_0_16, 0.011000, 0.384000, -0.441000, 0.449000, -0.135000, 0.036000, -0.579000, -0.073000
2897, 05_0_17, 0.000000, 0.486000, -0.429000, 0.350000, 0.036000, 0.225000, -0.477000, 0.026000
2898, 05_0_18, -0.102000, 0.337000, -0.423000, 0.408000, -0.082000, 0.165000, -0.593000, 0.025000
2899, 05_0_19, 0.023000, 0.451000, -0.414000, 0.309000, 0.044000, 0.179000, -0.459000, -0.001000
2900, 05_0_20, -0.093000, 0.329000, -0.441000, 0.378000, -0.129000, 0.113000, -0.622000, -0.061000
2901, 05_0_21, 0.003000, 0.405000, -0.379000, 0.231000, 0.016000, 0.267000, -0.509000, -0.006000
2902, 05_0_22, 0.035000, 0.446000, -0.420000, 0.367000, -0.049000, 0.028000, -0.607000, -0.098000
2903, 05_0_23, 0.029000, 0.399000, -0.425000, 0.281000, 0.064000, 0.307000, -0.504000, 0.087000
2904, 05_0_24, 0.023000, 0.456000, -0.420000, 0.390000, -0.006000, 0.233000, -0.620000, -0.007000
2905, 05_0_25, 0.061000, 0.396000, -0.391000, 0.307000, 0.052000, 0.280000, -0.473000, 0.028000
2906, 05_0_26, 0.017000, 0.483000, -0.402000, 0.364000, 0.063000, 0.113000, -0.499000, -0.074000
2907, 05_0_27, 0.043000, 0.386000, -0.370000, 0.233000, 0.134000, 0.267000, -0.549000, 0.061000
2908, 05_0_28, 0.022000, 0.419000, -0.428000, 0.356000, 0.098000, 0.200000, -0.511000, -0.009000
2909, 05_0_29, 0.033000, 0.397000, -0.410000, 0.267000, 0.121000, 0.233000, -0.525000, 0.065000
2910, 05_0_30, 0.033000, 0.442000, -0.411000, 0.385000, 0.112000, 0.124000, -0.528000, 0.015000
2911, 05_0_31, 0.054000, 0.369000, -0.407000, 0.285000, 0.278000, 0.184000, -0.474000, 0.024000
2912, 05_0_32, 0.065000, 0.478000, -0.445000, 0.390000, 0.174000, 0.178000, -0.467000, 0.107000
2913, 05_0_33, 0.069000, 0.345000, -0.410000, 0.362000, 0.183000, 0.257000, -0.521000, 0.119000
2914, 05_0_34, 0.007000, 0.349000, -0.433000, 0.354000, 0.256000, 0.128000, -0.486000, 0.012000
2915, 05_0_35, 0.049000, 0.369000, -0.420000, 0.387000, 0.305000, 0.241000, -0.520000, 0.229000
2916, 05_0_36, 0.045000, 0.638000, -0.433000, 0.449000, 0.274000, 0.305000, -0.493000, 0.036000
2917, 05_0_37, 0.053000, 0.399000, -0.407000, 0.382000, 0.308000, 0.248000, -0.497000, 0.238000
2918, 05_0_38, 0.062000, 0.443000, -0.390000, 0.373000, 0.258000, 0.282000, -0.547000, 0.088000
2919, 05_0_39, 0.063000, 0.408000, -0.394000, 0.413000, 0.296000, 0.283000, -0.432000, 0.298000
2920, 05_0_40, 0.099000, 0.365000, -0.363000, 0.310000, 0.420000, 0.271000, -0.183000, -0.169000
2921, 05_0_41, 0.114000, 0.377000, -0.347000, 0.370000, 0.484000, 0.404000, -0.011000, -0.073000
2922, 05_0_42, 0.111000, 0.356000, -0.385000, 0.317000, 0.403000, 0.255000, -0.030000, 0.071000
2923, 05_0_43, 0.104000, 0.378000, -0.377000, 0.381000, 0.315000, 0.314000, -0.001000, 0.023000
2924, 05_0_44, 0.148000, 0.232000, -0.369000, 0.326000, 0.340000, 0.319000, -0.094000, 0.112000
2925, 05_0_45, 0.110000, 0.395000, -0.359000, 0.372000, 0.227000, 0.304000, -0.100000, 0.048000
2926, 05_0_46, 0.128000, 0.360000, -0.369000, 0.370000, 0.245000, 0.320000, -0.160000, 0.085000
2927, 05_0_47, 0.111000, 0.475000, -0.365000, 0.422000, 0.329000, 0.269000, -0.081000, 0.029000
2928, 05_0_48, 0.128000, 0.312000, -0.345000, 0.373000, 0.323000, 0.364000, -0.134000, -0.070000
2929, 05_0_49, 0.112000, 0.356000, -0.351000, 0.425000, 0.267000, 0.266000, -0.187000, 0.080000
2930, 05_0_50, 0.149000, 0.480000, -0.320000, 0.400000, 0.166000, 0.247000, -0.121000, 0.132000
2931, 05_0_51, 0.143000, 0.399000, -0.307000, 0.437000, 0.294000, 0.240000, -0.206000, 0.106000
2932, 05_0_52, 0.174000, 0.306000, -0.288000, 0.323000, 0.355000, 0.446000, -0.296000, 0.119000
2933, 05_0_53, 0.147000, 0.358000, -0.274000, 0.472000, 0.325000, 0.172000, -0.110000, 0.072000
2934, 05_0_54, 0.192000, 0.249000, -0.298000, 0.396000, 0.261000, 0.280000, -0.212000, 0.126000
2935, 05_0_55, 0.168000, 0.331000, -0.307000, 0.553000, 0.226000, 0.159000, -0.201000, 0.089000
2936, 05_0_56, 0.202000, 0.268000, -0.276000, 0.359000, 0.194000, 0.194000, -0.080000, 0.164000
2937, 05_0_57, 0.176000, 0.330000, -0.268000, 0.477000, 0.189000, 0.194000, -0.136000, 0.116000
2938, 05_0_58, 0.244000, 0.174000, -0.275000, 0.320000, 0.177000, 0.220000, -0.088000, 0.106000
2939, 05_0_59, 0.188000, 0.339000, -0.234000, 0.502000, 0.244000, 0.187000, -0.127000, 0.146000
2940, 05_0_60, 0.175000, 0.357000, -0.250000, 0.431000, 0.194000, 0.226000, -0.018000, 0.109000
2941, 05_0_61, 0.170000, 0.404000, -0.266000, 0.536000, 0.175000, 0.284000, -0.064000, 0.174000
2942, 05_0_62, 0.214000, 0.253000, -0.214000, 0.410000, 0.159000, 0.161000, -0.152000, 0.128000
2943, 05_0_63, 0.208000, 0.331000, -0.220000, 0.529000, 0.166000, 0.280000, 0.007000, 0.113000
2944, 05_0_64, 0.248000, 0.300000, -0.196000, 0.475000, 0.232000, 0.280000, -0.010000, 0.024000
2945, 05_0_65, 0.136000, 0.473000, -0.151000, 0.512000, 0.208000, 0.254000, -0.032000, 0.032000
2946, 05_0_66, 0.230000, 0.332000, -0.200000, 0.413000, 0.115000, 0.242000, -0.038000, 0.055000
2947, 05_0_67, 0.216000, 0.293000, -0.218000, 0.424000, 0.201000, 0.303000, -0.124000, 0.141000
2948, 05_0_68, 0.224000, 0.398000, -0.188000, 0.449000, 0.550000, 0.229000, -0.047000, 0.072000
2949, 05_0_69, 0.229000, 0.284000, -0.095000, 0.467000, 0.210000, 0.226000, -0.075000, 0.062000
2950, 05_0_70, 0.259000, 0.290000, -0.165000, 0.422000, 0.325000, 0.133000, 0.055000, 0.167000
2951, 05_0_71, 0.254000, 0.377000, -0.153000, 0.335000, 0.277000, 0.097000, 0.075000, -0.014000
2952, 05_0_72, 0.227000, 0.414000, -0.122000, 0.518000, 0.182000, 0.395000, -0.035000, 0.111000
2953, 05_0_73, 0.240000, 0.262000, -0.130000, 0.400000, 0.244000, 0.156000, -0.058000, 0.057000
2954, 05_0_74, 0.269000, 0.437000, -0.104000, 0.463000, 0.642000, 0.215000, -0.026000, 0.084000
2955, 05_0_75, 0.271000, 0.216000, -0.110000, 0.348000, 0.220000, 0.168000, -0.024000, -0.045000
2956, 05_0_76, 0.283000, 0.281000, -0.093000, 0.488000, 0.484000, 0.019000, 0.273000, 0.237000
2957, 05_0_77, 0.268000, 0.171000, -0.088000, 0.327000, 0.346000, 0.170000, 0.205000, 0.296000
2958, 05_0_78, 0.280000, 0.262000, -0.082000, 0.463000, 0.486000, 0.184000, 0.249000, 0.318000
2959, 05_0_79, 0.287000, 0.166000, 0.056000, 0.318000, 0.289000, 0.309000, 0.199000, 0.326000
2960, 05_0_80, 0.261000, 0.266000, -0.028000, 0.166000, 0.310000, 0.161000, -0.084000, 0.137000
2961, 05_0_81, 0.266000, 0.303000, 0.023000, 0.361000, 0.415000, 0.233000, 0.218000, 0.275000
2962, 05_0_82, 0.314000, 0.203000, -0.036000, 0.427000, 0.596000, 0.331000, 0.134000, 0.151000
2963, 05_0_83, 0.264000, 0.295000, -0.050000, 0.436000, 0.274000, 0.284000, 0.161000, 0.216000
2964, 05_0_84, 0.276000, 0.412000, -0.003000, 0.465000, 0.498000, 0.224000, 0.246000, 0.101000
2965, 05_0_85, 0.256000, 0.340000, -0.020000, 0.410000, 0.571000, 0.313000, 0.245000, 0.295000
2966, 05_0_86, 0.305000, 0.262000, 0.017000, 0.424000, 0.654000, 0.368000, 0.027000, 0.124000
2967, 05_0_87, 0.275000, 0.390000, -0.007000, 0.424000, 0.266000, 0.260000, 0.263000, 0.324000
2968, 05_0_88, 0.296000, 0.316000, 0.049000, 0.463000, 0.617000, 0.454000, 0.255000, 0.134000
2969, 05_0_89, 0.281000, 0.285000, 0.049000, 0.440000, 0.435000, 0.122000, 0.212000, 0.188000
2970, 05_0_90, 0.318000, 0.309000, 0.006000, 0.429000, 0.587000, 0.246000, 0.257000, 0.234000
2971, 05_0_91, 0.321000, 0.304000, 0.094000, 0.351000, 0.358000, 0.194000, 0.236000, 0.198000
2972, 05_0_92, 0.308000, 0.327000, 0.132000, 0.417000, 0.660000, 0.396000, 0.285000, 0.328000
2973, 05_0_93, 0.283000, 0.346000, 0.103000, 0.422000, 0.255000, 0.191000, 0.165000, 0.227000
2974, 05_0_94, 0.311000, 0.235000, 0.142000, 0.369000, 0.434000, 0.204000, 0.264000, 0.301000
2975, 05_0_95, 0.281000, 0.351000, 0.122000, 0.378000, 0.215000, 0.181000, -0.159000, 0.265000
2976, 05_1_00, 0.000000, 0.000000, 0.000000, 0.000000, 0.000000, 0.000000, 0.000000, 0.000000
2977, 05_1_01, 0.078000, 0.247000, -0.038000, 0.159000, -0.018000, -0.135000, -0.012000, -0.259000
2978, 05_1_02, 0.077000, 0.141000, -0.007000, 0.026000, 0.142000, 0.001000, -0.053000, -0.155000
2979, 05_1_03, 0.117000, 0.178000, -0.009000, 0.217000, 0.005000, -0.026000, -0.047000, -0.157000
2980, 05_1_04, 0.101000, 0.147000, -0.033000, 0.046000, -0.072000, 0.038000, -0.232000, -0.080000
2981, 05_1_05, 0.080000, 0.236000, -0.054000, 0.202000, -0.006000, -0.145000, -0.077000, -0.170000
2982, 05_1_06, 0.104000, 0.117000, -0.046000, 0.075000, -0.011000, -0.089000, -0.208000, -0.037000
2983, 05_1_07, 0.080000, 0.204000, -0.040000, 0.160000, 0.054000, -0.110000, -0.059000, -0.127000
2984, 05_1_08, 0.109000, 0.148000, -0.003000, 0.065000, -0.111000, 0.023000, -0.121000, -0.077000
2985, 05_1_09, 0.088000, 0.215000, -0.040000, 0.156000, -0.027000, -0.161000, -0.082000, -0.193000
2986, 05_1_10, 0.062000, 0.463000, -0.061000, 0.138000, -0.095000, -0.003000, -0.262000, -0.024000
2987, 05_1_11, 0.039000, 0.199000, -0.079000, 0.180000, 0.044000, -0.148000, -0.105000, -0.174000
2988, 05_1_12, 0.086000, 0.316000, -0.029000, 0.098000, -0.047000, -0.020000, -0.185000, -0.058000
2989, 05_1_13, 0.217000, 0.124000, -0.029000, 0.126000, 0.034000, -0.061000, -0.130000, -0.062000
2990, 05_1_14, 0.076000, 0.201000, -0.045000, 0.137000, -0.079000, -0.067000, -0.126000, -0.006000
2991, 05_1_15, 0.079000, 0.128000, -0.022000, 0.075000, 0.024000, -0.084000, -0.076000, -0.140000
2992, 05_1_16, 0.109000, 0.278000, -0.019000, 0.171000, 0.009000, 0.061000, -0.162000, -0.125000
2993, 05_1_17, 0.102000, 0.211000, -0.037000, 0.148000, -0.000000, 0.060000, -0.078000, -0.087000
2994, 05_1_18, 0.008000, 0.254000, -0.053000, 0.175000, -0.121000, -0.064000, -0.292000, -0.098000
2995, 05_1_19, -0.001000, 0.207000, -0.056000, 0.195000, -0.037000, 0.024000, 0.016000, -0.098000
2996, 05_1_20, 0.075000, 0.246000, -0.049000, 0.111000, -0.001000, 0.010000, -0.142000, -0.088000
2997, 05_1_21, 0.081000, 0.102000, -0.052000, 0.098000, 0.027000, 0.023000, -0.091000, -0.025000
2998, 05_1_22, 0.024000, 0.412000, -0.039000, 0.150000, -0.062000, 0.061000, -0.123000, -0.116000
2999, 05_1_23, 0.034000, 0.157000, -0.031000, 0.064000, -0.002000, 0.082000, -0.091000, -0.102000
3000, 05_1_24, 0.024000, 0.267000, -0.019000, 0.218000, -0.103000, 0.100000, -0.114000, -0.028000
3001, 05_1_25, 0.035000, 0.207000, -0.021000, -0.042000, 0.054000, 0.085000, -0.068000, 0.015000
3002, 05_1_26, 0.042000, 0.277000, -0.059000, 0.174000, -0.016000, 0.003000, -0.198000, -0.071000
3003, 05_1_27, 0.093000, 0.113000, -0.035000, 0.107000, 0.016000, 0.121000, -0.095000, 0.055000
3004, 05_1_28, 0.073000, 0.236000, -0.014000, 0.167000, 0.046000, 0.041000, -0.099000, -0.068000
3005, 05_1_29, 0.066000, 0.200000, -0.020000, 0.063000, 0.012000, 0.072000, -0.562000, 0.135000
3006, 05_1_30, 0.043000, 0.242000, -0.098000, 0.206000, 0.023000, 0.082000, -0.159000, -0.089000
3007, 05_1_31, 0.057000, 0.143000, -0.048000, 0.088000, -0.002000, 0.115000, -0.084000, 0.094000
3008, 05_1_32, 0.020000, 0.297000, -0.136000, 0.249000, 0.030000, 0.158000, -0.148000, -0.008000
3009, 05_1_33, 0.017000, 0.271000, -0.030000, 0.085000, 0.020000, 0.139000, -0.063000, 0.040000
3010, 05_1_34, 0.017000, 0.317000, -0.017000, 0.172000, 0.002000, 0.093000, -0.076000, 0.028000
3011, 05_1_35, 0.036000, 0.203000, -0.013000, 0.166000, 0.066000, 0.149000, -0.052000, 0.095000
3012, 05_1_36, 0.044000, 0.250000, -0.097000, 0.221000, 0.106000, 0.141000, -0.167000, -0.009000
3013, 05_1_37, 0.042000, 0.175000, -0.054000, 0.262000, 0.100000, 0.114000, -0.097000, 0.106000
3014, 05_1_38, 0.025000, 0.273000, -0.028000, 0.095000, 0.016000, 0.148000, -0.137000, 0.094000
3015, 05_1_39, 0.033000, 0.207000, -0.029000, 0.146000, 0.114000, 0.131000, -0.127000, 0.093000
3016, 05_1_40, 0.068000, 0.297000, -0.004000, 0.074000, 0.027000, 0.168000, 0.027000, 0.033000
3017, 05_1_41, 0.067000, 0.283000, -0.010000, 0.141000, 0.139000, 0.075000, -0.030000, 0.024000
3018, 05_1_42, 0.036000, 0.286000, -0.025000, 0.149000, -0.005000, 0.045000, 0.037000, -0.042000
3019, 05_1_43, 0.033000, 0.214000, -0.015000, 0.122000, 0.163000, 0.089000, -0.039000, 0.043000
3020, 05_1_44, 0.042000, 0.246000, -0.060000, 0.134000, 0.097000, 0.229000, -0.001000, 0.035000
3021, 05_1_45, 0.033000, 0.273000, -0.061000, 0.159000, 0.139000, 0.169000, -0.072000, 0.028000
3022, 05_1_46, 0.038000, 0.255000, 0.008000, 0.083000, 0.044000, 0.256000, -0.059000, 0.054000
3023, 05_1_47, 0.030000, 0.293000, -0.012000, 0.216000, 0.155000, 0.200000, -0.023000, 0.090000
3024, 05_1_48, -0.006000, 0.274000, -0.001000, 0.087000, -0.075000, 0.231000, -0.001000, -0.031000
3025, 05_1_49, -0.009000, 0.293000, -0.018000, 0.172000, 0.222000, 0.051000, 0.039000, -0.017000
3026, 05_1_50, 0.048000, 0.256000, -0.027000, 0.123000, 0.060000, 0.268000, -0.069000, 0.105000
3027, 05_1_51, 0.032000, 0.311000, -0.049000, 0.208000, 0.186000, 0.156000, -0.015000, 0.039000
3028, 05_1_52, 0.035000, 0.251000, 0.008000, 0.146000, 0.241000, 0.194000, -0.011000, 0.160000
3029, 05_1_53, 0.021000, 0.297000, -0.003000, 0.225000, 0.219000, 0.106000, 0.033000, -0.003000
3030, 05_1_54, 0.033000, 0.372000, 0.064000, 0.145000, 0.149000, 0.092000, -0.050000, 0.017000
3031, 05_1_55, 0.029000, 0.272000, 0.053000, 0.134000, 0.225000, 0.111000, 0.135000, -0.068000
3032, 05_1_56, 0.089000, 0.317000, 0.531000, 0.277000, 0.152000, 0.128000, 0.023000, 0.055000
3033, 05_1_57, 0.051000, 0.246000, 0.002000, 0.238000, 0.244000, 0.143000, 0.045000, 0.029000
3034, 05_1_58, 0.063000, 0.282000, 0.031000, 0.174000, 0.165000, 0.151000, -0.043000, 0.056000
3035, 05_1_59, 0.066000, 0.258000, 0.017000, 0.233000, 0.257000, 0.267000, 0.178000, 0.056000
3036, 05_1_60, -0.116000, 0.298000, 0.023000, 0.156000, 0.156000, 0.266000, 0.032000, 0.145000
3037, 05_1_61, 0.038000, 0.293000, 0.023000, 0.238000, 0.251000, 0.338000, 0.223000, 0.168000
3038, 05_1_62, 0.000000, 0.000000, 0.000000, 0.000000, 0.000000, 0.000000, 0.000000, 0.000000
3039, 05_1_63, 0.105000, 0.269000, 0.067000, 0.193000, 0.269000, 0.099000, 0.079000, -0.114000
3040, 05_1_64, 0.051000, 0.149000, 0.055000, 0.185000, 0.268000, 0.117000, 0.126000, 0.187000
3041, 05_1_65, 0.025000, 0.313000, 0.053000, 0.239000, 0.140000, 0.134000, 0.247000, -0.089000
3042, 05_1_66, 0.064000, 0.195000, 0.071000, 0.235000, 0.098000, 0.072000, 0.085000, -0.020000
3043, 05_1_67, 0.054000, 0.351000, 0.060000, 0.189000, 0.318000, 0.123000, 0.116000, 0.010000
3044, 05_1_68, 0.048000, 0.210000, 0.078000, 0.250000, 0.109000, 0.008000, 0.108000, 0.037000
3045, 05_1_69, 0.037000, 0.291000, 0.064000, 0.209000, 0.339000, 0.131000, 0.157000, -0.032000
3046, 05_1_70, 0.048000, 0.238000, -0.103000, -0.020000, 0.203000, 0.125000, 0.019000, -0.037000
3047, 05_1_71, 0.060000, 0.229000, 0.036000, 0.177000, 0.271000, -0.004000, 0.104000, -0.047000
3048, 05_1_72, 0.072000, 0.345000, 0.099000, 0.280000, 0.135000, 0.109000, 0.041000, 0.013000
3049, 05_1_73, 0.135000, 0.152000, 0.081000, 0.210000, 0.341000, 0.098000, 0.219000, 0.010000
3050, 05_1_74, 0.039000, 0.426000, 0.062000, 0.249000, 0.001000, 0.174000, -0.009000, -0.008000
3051, 05_1_75, 0.065000, 0.093000, 0.082000, 0.047000, 0.145000, 0.250000, 0.021000, 0.005000
3052, 05_1_76, 0.057000, 0.323000, 0.105000, 0.213000, 0.055000, 0.261000, 0.116000, 0.217000
3053, 05_1_77, 0.055000, 0.158000, 0.095000, 0.120000, 0.072000, 0.476000, 0.096000, 0.101000
3054, 05_1_78, 0.054000, 0.310000, 0.096000, 0.264000, 0.198000, 0.040000, 0.197000, -0.068000
3055, 05_1_79, 0.057000, 0.214000, 0.100000, 0.078000, 0.283000, 0.189000, -0.018000, 0.082000
3056, 05_1_80, 0.045000, 0.223000, 0.122000, 0.130000, 0.073000, 0.033000, 0.144000, 0.192000
3057, 05_1_81, 0.045000, 0.168000, 0.126000, 0.148000, 0.212000, 0.110000, 0.097000, 0.112000
3058, 05_1_82, 0.002000, 0.224000, -0.180000, 0.239000, 0.087000, 0.030000, 0.110000, 0.067000
3059, 05_1_83, 0.024000, 0.203000, 0.070000, 0.178000, 0.234000, 0.229000, 0.252000, 0.134000
3060, 05_1_84, 0.020000, 0.270000, 0.109000, 0.176000, 0.335000, 0.181000, 0.187000, 0.078000
3061, 05_1_85, 0.029000, 0.218000, 0.085000, 0.148000, 0.327000, 0.266000, 0.159000, 0.063000
3062, 05_1_86, 0.027000, 0.243000, 0.098000, 0.180000, 0.313000, 0.055000, 0.220000, 0.047000
3063, 05_1_87, 0.014000, 0.207000, 0.082000, 0.149000, 0.370000, 0.275000, 0.371000, 0.349000
3064, 05_1_88, -0.049000, 0.455000, 0.110000, 0.261000, -0.049000, 0.228000, 0.100000, 0.129000
3065, 05_1_89, 0.077000, 0.054000, 0.203000, 0.122000, 0.169000, 0.186000, -0.089000, 0.412000
3066, 05_1_90, 0.052000, 0.198000, 0.149000, 0.123000, 0.184000, 0.092000, 0.142000, 0.106000
3067, 05_1_91, 0.034000, 0.151000, 0.109000, 0.174000, -0.071000, 0.147000, 0.114000, 0.076000
3068, 05_1_92, -0.003000, 0.174000, 0.142000, 0.203000, -0.027000, 0.197000, 0.097000, 0.117000
3069, 05_1_93, -0.025000, 0.157000, 0.122000, 0.130000, -0.039000, 0.098000, -0.068000, 0.266000
3070, 05_1_94, 0.009000, 0.034000, -0.130000, 0.122000, 0.275000, 0.177000, 0.139000, 0.120000
3071, 05_1_95, 0.006000, 0.146000, 0.105000, 0.134000, -0.132000, 0.204000, -0.052000, 0.279000
3072, 05_2_00, 0.167000, 0.199000, -0.532000, 0.029000, 0.132000, 0.222000, -0.486000, 0.321000
3073, 05_2_01, 0.145000, 0.438000, -0.535000, 0.218000, 0.139000, 0.243000, -0.552000, 0.054000
3074, 05_2_02, 0.160000, 0.275000, -0.545000, 0.085000, 0.148000, 0.091000, -0.568000, 0.108000
3075, 05_2_03, 0.160000, 0.458000, -0.551000, 0.251000, 0.236000, 0.161000, -0.471000, -0.072000
3076, 05_2_04, 0.173000, 0.286000, -0.534000, 0.087000, 0.142000, 0.072000, -0.589000, 0.027000
3077, 05_2_05, 0.164000, 0.447000, -0.537000, 0.245000, 0.237000, 0.071000, -0.499000, -0.092000
3078, 05_2_06, 0.183000, 0.262000, -0.543000, 0.149000, 0.138000, 0.052000, -0.511000, -0.061000
3079, 05_2_07, 0.179000, 0.405000, -0.552000, 0.242000, 0.236000, 0.109000, -0.418000, 0.002000
3080, 05_2_08, 0.215000, 0.380000, -0.500000, 0.136000, 0.160000, 0.266000, -0.565000, 0.121000
3081, 05_2_09, 0.200000, 0.409000, -0.528000, 0.275000, 0.147000, 0.132000, -0.535000, 0.037000
3082, 05_2_10, 0.224000, 0.384000, -0.504000, 0.144000, 0.171000, 0.121000, -0.608000, -0.086000
3083, 05_2_11, 0.222000, 0.365000, -0.508000, 0.248000, 0.351000, 0.036000, -0.480000, -0.144000
3084, 05_2_12, 0.193000, 0.361000, -0.494000, 0.119000, 0.253000, 0.032000, -0.484000, -0.019000
3085, 05_2_13, 0.228000, 0.324000, -0.489000, 0.231000, 0.231000, 0.141000, -0.508000, -0.018000
3086, 05_2_14, 0.188000, 0.361000, -0.487000, 0.187000, 0.214000, 0.001000, -0.602000, -0.130000
3087, 05_2_15, 0.180000, 0.307000, -0.491000, 0.194000, 0.228000, 0.191000, -0.473000, -0.043000
3088, 05_2_16, 0.225000, 0.402000, -0.488000, 0.272000, 0.170000, 0.183000, -0.525000, -0.059000
3089, 05_2_17, 0.261000, 0.403000, -0.464000, 0.244000, 0.308000, 0.161000, -0.469000, 0.057000
3090, 05_2_18, 0.172000, 0.403000, -0.461000, 0.226000, 0.314000, 0.346000, -0.554000, -0.037000
3091, 05_2_19, 0.204000, 0.362000, -0.565000, 0.236000, 0.363000, 0.181000, -0.491000, 0.026000
3092, 05_2_20, 0.181000, 0.412000, -0.462000, 0.185000, 0.235000, 0.115000, -0.508000, -0.015000
3093, 05_2_21, 0.213000, 0.317000, -0.445000, 0.151000, 0.237000, 0.240000, -0.424000, 0.059000
3094, 05_2_22, 0.244000, 0.321000, -0.442000, 0.203000, 0.203000, 0.086000, -0.484000, 0.001000
3095, 05_2_23, 0.256000, 0.286000, -0.372000, 0.115000, 0.318000, 0.290000, -0.440000, 0.011000
3096, 05_2_24, 0.134000, 0.418000, -0.444000, 0.268000, 0.290000, 0.694000, -0.484000, -0.061000
3097, 05_2_25, 0.243000, 0.370000, -0.433000, 0.151000, 0.262000, 0.293000, -0.371000, 0.179000
3098, 05_2_26, 0.219000, 0.476000, -0.425000, 0.258000, 0.081000, 0.322000, -0.533000, -0.073000
3099, 05_2_27, 0.249000, 0.325000, -0.402000, 0.165000, 0.315000, 0.194000, -0.389000, 0.089000
3100, 05_2_28, 0.227000, 0.414000, -0.403000, 0.222000, 0.049000, 0.074000, -0.442000, -0.034000
3101, 05_2_29, 0.244000, 0.334000, -0.394000, 0.144000, 0.302000, 0.223000, -0.307000, 0.222000
3102, 05_2_30, 0.246000, 0.456000, -0.398000, 0.227000, 0.302000, 0.195000, -0.387000, 0.006000
3103, 05_2_31, 0.265000, 0.347000, -0.370000, 0.165000, 0.316000, 0.317000, -0.321000, 0.097000
3104, 05_2_32, 0.242000, 0.423000, -0.372000, 0.240000, 0.339000, 0.142000, -0.342000, 0.030000
3105, 05_2_33, 0.258000, 0.351000, -0.347000, 0.178000, 0.305000, 0.245000, -0.231000, 0.073000
3106, 05_2_34, 0.263000, 0.347000, -0.346000, 0.256000, 0.188000, 0.219000, -0.318000, 0.015000
3107, 05_2_35, 0.270000, 0.381000, -0.345000, 0.269000, 0.362000, 0.321000, -0.212000, 0.054000
3108, 05_2_36, 0.225000, 0.424000, -0.326000, 0.183000, 0.359000, 0.217000, -0.297000, 0.047000
3109, 05_2_37, 0.252000, 0.210000, -0.280000, 0.175000, 0.301000, 0.341000, -0.221000, 0.141000
3110, 05_2_38, 0.274000, 0.398000, -0.309000, 0.198000, 0.241000, 0.228000, -0.226000, 0.163000
3111, 05_2_39, 0.439000, 0.394000, -0.296000, 0.248000, 0.255000, 0.420000, -0.260000, 0.447000
3112, 05_2_40, 0.295000, 0.399000, -0.278000, 0.219000, 0.415000, 0.286000, -0.197000, 0.088000
3113, 05_2_41, 0.284000, 0.418000, -0.252000, 0.203000, 0.278000, 0.356000, -0.201000, 0.136000
3114, 05_2_42, 0.257000, 0.459000, -0.255000, 0.208000, 0.276000, 0.197000, -0.209000, 0.063000
3115, 05_2_43, 0.302000, 0.413000, -0.242000, 0.141000, 0.385000, 0.341000, -0.158000, 0.019000
3116, 05_2_44, 0.283000, 0.374000, -0.227000, 0.186000, 0.349000, 0.253000, -0.129000, 0.083000
3117, 05_2_45, 0.276000, 0.463000, -0.211000, 0.241000, 0.358000, 0.319000, -0.065000, 0.070000
3118, 05_2_46, 0.285000, 0.447000, -0.209000, 0.244000, 0.305000, 0.241000, -0.067000, 0.087000
3119, 05_2_47, 0.290000, 0.522000, -0.191000, 0.263000, 0.354000, 0.288000, -0.028000, 0.106000
3120, 05_2_48, 0.333000, 0.443000, -0.184000, 0.222000, 0.382000, 0.370000, -0.026000, 0.158000
3121, 05_2_49, 0.306000, 0.468000, -0.151000, 0.288000, 0.464000, 0.319000, 0.004000, 0.056000
3122, 05_2_50, 0.316000, 0.381000, -0.167000, 0.257000, 0.287000, 0.306000, 0.005000, 0.112000
3123, 05_2_51, 0.313000, 0.505000, -0.159000, 0.312000, 0.421000, 0.274000, 0.060000, 0.020000
3124, 05_2_52, 0.209000, 0.348000, -0.144000, 0.249000, 0.254000, 0.336000, -0.030000, 0.073000
3125, 05_2_53, 0.297000, 0.457000, -0.129000, 0.303000, 0.284000, 0.306000, 0.018000, -0.003000
3126, 05_2_54, 0.333000, 0.275000, -0.106000, 0.250000, 0.382000, 0.283000, 0.051000, 0.045000
3127, 05_2_55, 0.322000, 0.418000, -0.089000, 0.318000, 0.338000, 0.244000, 0.004000, 0.100000
3128, 05_2_56, 0.348000, 0.483000, -0.077000, 0.232000, 0.398000, 0.329000, 0.152000, 0.033000
3129, 05_2_57, 0.387000, 0.519000, -0.063000, 0.303000, 0.500000, 0.341000, 0.145000, 0.036000
3130, 05_2_58, 0.351000, 0.460000, -0.039000, 0.214000, 0.425000, 0.258000, 0.061000, 0.066000
3131, 05_2_59, 0.349000, 0.435000, -0.030000, 0.281000, 0.523000, 0.306000, 0.093000, 0.064000
3132, 05_2_60, 0.360000, 0.481000, 0.031000, -0.002000, 0.535000, 0.378000, 0.151000, 0.042000
3133, 05_2_61, 0.364000, 0.489000, -0.013000, 0.292000, 0.549000, 0.396000, 0.086000, 0.051000
3134, 05_2_62, 0.374000, 0.479000, 0.013000, 0.263000, 0.566000, 0.324000, 0.134000, 0.001000
3135, 05_2_63, 0.355000, 0.478000, 0.012000, 0.242000, 0.639000, 0.442000, 0.117000, 0.070000
3136, 05_2_64, 0.409000, 0.467000, 0.059000, 0.204000, 0.504000, 0.499000, 0.103000, 0.071000
3137, 05_2_65, 0.346000, 0.558000, 0.038000, 0.296000, 0.627000, 0.404000, 0.189000, 0.093000
3138, 05_2_66, 0.345000, 0.596000, 0.049000, 0.207000, 0.584000, 0.318000, -0.004000, 0.128000
3139, 05_2_67, 0.386000, 0.448000, 0.073000, 0.301000, 0.591000, 0.583000, 0.335000, 0.186000
3140, 05_2_68, 0.375000, 0.509000, 0.073000, 0.317000, 0.217000, 0.460000, 0.050000, 0.098000
3141, 05_2_69, 0.399000, 0.472000, 0.104000, 0.260000, 0.621000, 0.389000, 0.130000, 0.212000
3142, 05_2_70, 0.411000, 0.494000, 0.106000, 0.269000, 0.586000, 0.405000, 0.356000, 0.074000
3143, 05_2_71, 0.404000, 0.441000, 0.127000, 0.142000, 0.562000, 0.351000, 0.356000, 0.102000
3144, 05_2_72, 0.454000, 0.442000, 0.144000, 0.308000, 0.619000, 0.353000, 0.408000, 0.092000
3145, 05_2_73, 0.443000, 0.422000, 0.214000, 0.227000, 0.587000, 0.408000, 0.373000, 0.260000
3146, 05_2_74, 0.439000, 0.446000, 0.180000, 0.300000, 0.540000, 0.369000, 0.136000, 0.095000
3147, 05_2_75, 0.465000, 0.354000, 0.206000, 0.164000, 0.604000, 0.517000, 0.293000, 0.160000
3148, 05_2_76, 0.437000, 0.426000, 0.203000, 0.253000, 0.621000, 0.377000, 0.256000, 0.094000
3149, 05_2_77, 0.445000, 0.385000, 0.218000, 0.182000, 0.591000, 0.452000, 0.365000, 0.263000
3150, 05_2_78, 0.400000, 0.475000, 0.217000, 0.229000, 0.727000, 0.434000, 0.434000, 0.181000
3151, 05_2_79, 0.000000, 0.000000, 0.000000, 0.000000, 0.000000, 0.000000, 0.000000, 0.000000
3152, 05_2_80, 0.332000, 0.422000, 0.132000, 0.249000, 0.732000, 0.464000, 0.489000, 0.261000
3153, 05_2_81, 0.598000, 0.391000, 0.264000, 0.290000, 0.681000, 0.595000, 0.393000, 0.255000
3154, 05_2_82, 0.295000, 0.540000, 0.256000, 0.261000, 0.577000, 0.419000, 0.396000, 0.248000
3155, 05_2_83, 0.497000, 0.407000, 0.280000, 0.296000, 0.677000, 0.560000, 0.312000, 0.237000
3156, 05_2_84, 0.475000, 0.578000, 0.275000, 0.327000, 0.685000, 0.570000, 0.420000, 0.287000
3157, 05_2_85, 0.505000, 0.377000, 0.299000, 0.242000, 0.662000, 0.604000, 0.394000, 0.277000
3158, 05_2_86, 0.518000, 0.424000, 0.328000, 0.316000, 0.495000, 0.398000, 0.311000, 0.169000
3159, 05_2_87, 0.000000, 0.000000, 0.000000, 0.000000, 0.000000, 0.000000, 0.000000, 0.000000
3160, 05_2_88, 0.549000, 0.230000, 0.309000, 0.248000, 0.499000, 0.709000, 0.529000, 0.266000
3161, 05_2_89, 0.530000, 0.336000, 0.350000, 0.295000, 0.727000, 0.533000, 0.319000, 0.192000
3162, 05_2_90, 0.351000, 0.442000, 0.338000, 0.321000, 0.688000, 0.441000, 0.528000, 0.510000
3163, 05_2_91, 0.500000, 0.417000, 0.360000, 0.350000, 0.749000, 0.490000, 0.598000, 0.342000
3164, 05_2_92, 0.484000, 0.454000, 0.382000, 0.334000, 0.784000, 0.553000, 0.511000, 0.288000
3165, 05_2_93, 0.516000, 0.468000, 0.391000, 0.347000, 0.661000, 0.518000, 0.481000, 0.281000
3166, 05_2_94, 0.555000, 0.416000, 0.413000, 0.286000, 0.643000, 0.347000, 0.325000, 0.257000
3167, 05_2_95, 0.553000, 0.430000, 0.431000, 0.337000, 0.346000, 0.357000, 0.185000, 0.348000
3168, 05_3_00, -0.012000, 0.592000, -0.171000, 0.303000, -0.164000, 0.245000, -0.307000, 0.147000
3169, 05_3_01, 0.044000, 0.613000, -0.052000, 0.479000, -0.003000, 0.248000, -0.190000, -0.041000
3170, 05_3_02, -0.000000, 0.590000, -0.163000, 0.341000, -0.106000, 0.264000, -0.308000, 0.003000
3171, 05_3_03, 0.016000, 0.605000, -0.181000, 0.477000, -0.026000, 0.279000, -0.146000, 0.043000
3172, 05_3_04, 0.031000, 0.651000, -0.134000, 0.367000, -0.149000, 0.337000, -0.198000, 0.007000
3173, 05_3_05, 0.060000, 0.581000, -0.054000, 0.463000, 0.018000, 0.224000, -0.111000, -0.054000
3174, 05_3_06, -0.003000, 0.678000, -0.132000, 0.338000, -0.057000, 0.234000, -0.255000, 0.019000
3175, 05_3_07, 0.033000, 0.565000, -0.176000, 0.442000, -0.004000, 0.289000, -0.095000, -0.036000
3176, 05_3_08, 0.006000, 0.611000, -0.145000, 0.361000, -0.124000, 0.229000, -0.244000, -0.000000
3177, 05_3_09, 0.022000, 0.535000, -0.173000, 0.441000, -0.026000, 0.258000, -0.108000, 0.016000
3178, 05_3_10, -0.012000, 0.658000, -0.199000, 0.270000, -0.078000, 0.211000, -0.352000, 0.074000
3179, 05_3_11, 0.020000, 0.513000, -0.205000, 0.456000, -0.008000, 0.266000, -0.146000, 0.030000
3180, 05_3_12, -0.039000, 0.659000, -0.108000, 0.352000, -0.009000, 0.208000, -0.215000, -0.047000
3181, 05_3_13, 0.010000, 0.528000, -0.130000, 0.396000, -0.023000, 0.286000, -0.097000, 0.051000
3182, 05_3_14, -0.008000, 0.697000, -0.143000, 0.385000, -0.066000, 0.318000, -0.160000, 0.033000
3183, 05_3_15, 0.046000, 0.462000, -0.140000, 0.355000, 0.007000, 0.312000, -0.116000, 0.085000
3184, 05_3_16, 0.022000, 0.719000, -0.126000, 0.414000, -0.151000, 0.247000, -0.206000, -0.069000
3185, 05_3_17, 0.063000, 0.482000, -0.152000, 0.414000, 0.044000, 0.331000, -0.072000, 0.086000
3186, 05_3_18, -0.031000, 0.744000, -0.122000, 0.376000, -0.014000, 0.226000, -0.049000, -0.087000
3187, 05_3_19, 0.011000, 0.498000, -0.074000, 0.239000, 0.024000, 0.357000, -0.074000, 0.139000
3188, 05_3_20, -0.038000, 0.740000, -0.118000, 0.378000, -0.102000, 0.242000, -0.142000, -0.037000
3189, 05_3_21, 0.017000, 0.455000, -0.127000, 0.331000, -0.010000, 0.339000, -0.065000, 0.119000
3190, 05_3_22, 0.014000, 0.736000, -0.103000, 0.393000, -0.033000, 0.225000, -0.163000, -0.002000
3191, 05_3_23, 0.012000, 0.597000, -0.105000, 0.298000, 0.062000, 0.375000, -0.075000, 0.159000
3192, 05_3_24, -0.013000, 0.679000, -0.111000, 0.370000, -0.050000, 0.179000, -0.158000, -0.051000
3193, 05_3_25, -0.125000, 0.526000, -0.147000, 0.262000, 0.018000, 0.422000, -0.060000, 0.101000
3194, 05_3_26, -0.007000, 0.725000, -0.092000, 0.341000, -0.027000, 0.137000, -0.195000, -0.109000
3195, 05_3_27, -0.004000, 0.611000, -0.086000, 0.253000, 0.038000, 0.447000, -0.071000, 0.142000
3196, 05_3_28, -0.004000, 0.690000, -0.035000, 0.352000, -0.085000, 0.185000, -0.061000, -0.011000
3197, 05_3_29, 0.037000, 0.542000, -0.039000, 0.406000, 0.059000, 0.347000, -0.029000, 0.074000
3198, 05_3_30, 0.000000, 0.000000, 0.000000, 0.000000, 0.000000, 0.000000, 0.000000, 0.000000
3199, 05_3_31, 0.012000, 0.621000, -0.050000, 0.236000, 0.084000, 0.342000, -0.007000, 0.049000
3200, 05_3_32, -0.040000, 0.703000, -0.040000, 0.324000, 0.065000, 0.236000, -0.079000, -0.127000
3201, 05_3_33, -0.042000, 0.636000, -0.030000, 0.244000, 0.063000, 0.390000, 0.025000, 0.085000
3202, 05_3_34, -0.044000, 0.709000, -0.059000, 0.332000, -0.134000, 0.271000, -0.160000, 0.021000
3203, 05_3_35, 0.005000, 0.649000, -0.047000, 0.280000, 0.146000, 0.462000, -0.035000, 0.084000
3204, 05_3_36, -0.019000, 0.715000, -0.077000, 0.352000, -0.156000, 0.291000, -0.134000, -0.014000
3205, 05_3_37, -0.014000, 0.666000, -0.054000, 0.271000, 0.098000, 0.368000, -0.099000, 0.159000
3206, 05_3_38, -0.043000, 0.777000, -0.061000, 0.338000, 0.145000, 0.283000, -0.117000, 0.007000
3207, 05_3_39, -0.032000, 0.723000, -0.071000, 0.302000, 0.099000, 0.394000, -0.070000, 0.106000
3208, 05_3_40, 0.005000, 0.634000, 0.028000, -0.233000, 0.007000, 0.214000, 0.409000, -0.186000
3209, 05_3_41, 0.016000, 0.692000, 0.044000, 0.213000, 0.209000, 0.291000, 0.346000, -0.110000
3210, 05_3_42, -0.019000, 0.722000, -0.040000, 0.277000, 0.078000, 0.182000, 0.240000, -0.012000
3211, 05_3_43, 0.011000, 0.637000, -0.003000, 0.358000, 0.137000, 0.267000, 0.274000, 0.002000
3212, 05_3_44, 0.022000, 0.683000, 0.016000, 0.260000, 0.067000, 0.175000, 0.211000, -0.029000
3213, 05_3_45, 0.020000, 0.711000, -0.010000, 0.317000, 0.131000, 0.221000, 0.162000, 0.006000
3214, 05_3_46, 0.027000, 0.703000, -0.010000, 0.244000, 0.179000, 0.180000, 0.237000, 0.074000
3215, 05_3_47, 0.015000, 0.736000, 0.053000, 0.380000, 0.298000, 0.317000, 0.068000, 0.146000
3216, 05_3_48, -0.004000, 0.703000, 0.021000, 0.153000, 0.004000, 0.130000, 0.139000, 0.078000
3217, 05_3_49, -0.005000, 0.723000, 0.012000, 0.309000, 0.201000, 0.322000, 0.134000, 0.120000
3218, 05_3_50, 0.022000, 0.743000, 0.072000, 0.286000, 0.268000, 0.239000, 0.082000, 0.131000
3219, 05_3_51, 0.040000, 0.752000, 0.060000, 0.281000, 0.204000, 0.349000, 0.130000, 0.070000
3220, 05_3_52, 0.027000, 0.724000, 0.019000, 0.246000, -0.128000, 0.398000, 0.024000, 0.197000
3221, 05_3_53, 0.014000, 0.818000, 0.007000, 0.331000, 0.231000, 0.284000, 0.140000, 0.035000
3222, 05_3_54, 0.115000, 0.713000, 0.040000, 0.270000, 0.256000, 0.303000, 0.132000, 0.142000
3223, 05_3_55, 0.069000, 0.758000, 0.145000, 0.298000, 0.274000, 0.303000, 0.159000, 0.069000
3224, 05_3_56, 0.016000, 0.593000, 0.050000, 0.184000, 0.150000, 0.187000, 0.095000, 0.383000
3225, 05_3_57, 0.001000, 0.790000, 0.035000, 0.254000, 0.319000, 0.296000, 0.154000, 0.063000
3226, 05_3_58, 0.067000, 0.711000, 0.071000, 0.266000, 0.223000, 0.194000, 0.154000, 0.169000
3227, 05_3_59, 0.066000, 0.745000, 0.061000, 0.264000, 0.262000, 0.263000, 0.163000, 0.035000
3228, 05_3_60, 0.094000, 0.730000, 0.039000, 0.317000, 0.375000, 0.320000, 0.017000, 0.166000
3229, 05_3_61, 0.070000, 0.741000, 0.062000, 0.245000, 0.272000, 0.336000, 0.169000, 0.115000
3230, 05_3_62, 0.096000, 0.693000, 0.092000, 0.235000, 0.108000, 0.291000, 0.065000, 0.117000
3231, 05_3_63, 0.164000, 0.673000, 0.101000, 0.172000, 0.311000, 0.216000, 0.119000, 0.035000
3232, 05_3_64, 0.066000, 0.680000, 0.067000, 0.275000, 0.330000, 0.271000, 0.118000, 0.071000
3233, 05_3_65, 0.053000, 0.721000, 0.079000, 0.225000, 0.306000, 0.192000, 0.192000, 0.114000
3234, 05_3_66, 0.067000, 0.671000, 0.042000, 0.235000, 0.396000, 0.215000, 0.098000, 0.047000
3235, 05_3_67, 0.077000, 0.656000, 0.092000, 0.255000, 0.381000, 0.319000, 0.156000, 0.064000
3236, 05_3_68, 0.092000, 0.706000, 0.103000, 0.258000, 0.362000, 0.224000, 0.112000, 0.048000
3237, 05_3_69, 0.092000, 0.648000, 0.093000, 0.239000, 0.403000, 0.267000, 0.211000, 0.037000
3238, 05_3_70, 0.101000, 0.734000, 0.136000, 0.229000, 0.091000, 0.210000, 0.153000, 0.028000
3239, 05_3_71, 0.102000, 0.642000, 0.135000, 0.104000, 0.348000, 0.204000, 0.340000, -0.029000
3240, 05_3_72, 0.127000, 0.715000, 0.131000, 0.308000, 0.335000, 0.182000, 0.008000, 0.122000
3241, 05_3_73, 0.209000, 0.488000, 0.122000, 0.312000, 0.426000, 0.227000, 0.227000, 0.012000
3242, 05_3_74, 0.122000, 0.670000, 0.117000, 0.345000, 0.361000, 0.079000, 0.065000, 0.040000
3243, 05_3_75, 0.117000, 0.600000, 0.125000, 0.199000, 0.382000, 0.137000, 0.164000, 0.038000
3244, 05_3_76, 0.128000, 0.727000, 0.151000, 0.343000, 0.298000, 0.082000, 0.303000, 0.030000
3245, 05_3_77, 0.396000, 0.109000, 0.165000, 0.209000, 0.480000, 0.271000, 0.307000, 0.152000
3246, 05_3_78, 0.139000, 0.700000, 0.192000, 0.307000, 0.270000, 0.297000, 0.314000, 0.139000
3247, 05_3_79, 0.247000, 0.585000, 0.255000, 0.195000, 0.360000, 0.295000, 0.319000, 0.189000
3248, 05_3_80, 0.125000, 0.631000, 0.089000, 0.482000, 0.419000, 0.157000, 0.358000, 0.042000
3249, 05_3_81, 0.128000, 0.637000, 0.154000, 0.227000, 0.333000, 0.323000, 0.210000, 0.200000
3250, 05_3_82, 0.116000, 0.670000, 0.165000, 0.295000, 0.361000, 0.255000, 0.328000, 0.098000
3251, 05_3_83, 0.133000, 0.562000, 0.163000, 0.280000, 0.328000, 0.382000, 0.452000, 0.211000
3252, 05_3_84, 0.152000, 0.683000, 0.207000, 0.345000, 0.369000, 0.191000, 0.394000, 0.114000
3253, 05_3_85, 0.156000, 0.596000, 0.210000, 0.233000, 0.378000, 0.176000, 0.354000, 0.159000
3254, 05_3_86, 0.294000, 0.508000, 0.117000, 0.372000, 0.513000, 0.209000, 0.414000, 0.081000
3255, 05_3_87, 0.141000, 0.611000, 0.195000, 0.353000, 0.527000, 0.187000, 0.382000, 0.148000
3256, 05_3_88, 0.219000, 0.424000, 0.244000, 0.292000, 0.378000, 0.184000, 0.298000, 0.087000
3257, 05_3_89, 0.201000, 0.450000, 0.277000, 0.319000, 0.506000, 0.179000, 0.176000, 0.235000
3258, 05_3_90, 0.159000, 0.259000, 0.252000, 0.284000, 0.640000, 0.179000, 0.474000, 0.143000
3259, 05_3_91, 0.144000, 0.621000, 0.237000, 0.308000, 0.672000, 0.158000, 0.297000, 0.170000
3260, 05_3_92, 0.145000, 0.202000, 0.269000, 0.237000, 0.554000, 0.149000, 0.341000, 0.106000
3261, 05_3_93, 0.146000, 0.464000, 0.239000, 0.389000, 0.552000, 0.017000, 0.243000, 0.183000
3262, 05_3_94, -0.202000, 0.661000, 0.278000, 0.238000, 0.501000, 0.123000, 0.334000, 0.299000
3263, 05_3_95, 0.259000, -0.006000, 0.269000, 0.322000, 0.241000, 0.020000, 0.234000, 0.230000
3264, 05_4_00, -0.167000, 0.246000, -0.042000, 0.317000, -0.204000, -0.095000, -0.101000, 0.170000
3265, 05_4_01, -0.146000, 0.150000, -0.061000, 0.199000, -0.072000, -0.195000, -0.034000, 0.012000
3266, 05_4_02, -0.133000, 0.256000, -0.054000, 0.372000, -0.168000, -0.072000, -0.134000, 0.199000
3267, 05_4_03, -0.125000, 0.401000, 0.149000, 0.475000, -0.057000, -0.162000, -0.069000, 0.071000
3268, 05_4_04, -0.137000, 0.367000, -0.041000, 0.450000, -0.168000, 0.052000, -0.117000, 0.159000
3269, 05_4_05, -0.130000, 0.525000, -0.042000, 0.439000, -0.096000, -0.095000, -0.055000, 0.064000
3270, 05_4_06, -0.265000, 0.693000, -0.041000, 0.424000, -0.164000, 0.094000, -0.144000, 0.128000
3271, 05_4_07, -0.118000, 0.490000, -0.046000, 0.484000, -0.042000, -0.082000, -0.031000, 0.011000
3272, 05_4_08, -0.248000, 0.592000, -0.041000, 0.481000, -0.179000, 0.073000, -0.119000, 0.237000
3273, 05_4_09, -0.125000, 0.519000, -0.039000, 0.430000, -0.073000, -0.113000, -0.019000, 0.163000
3274, 05_4_10, -0.123000, 0.569000, -0.025000, 0.478000, -0.143000, 0.034000, -0.116000, 0.112000
3275, 05_4_11, -0.120000, 0.457000, -0.019000, 0.418000, -0.070000, -0.059000, 0.002000, 0.050000
3276, 05_4_12, -0.139000, 0.473000, -0.007000, 0.470000, -0.186000, 0.048000, -0.033000, 0.113000
3277, 05_4_13, -0.130000, 0.482000, -0.021000, 0.488000, -0.083000, -0.039000, -0.009000, 0.161000
3278, 05_4_14, -0.135000, 0.463000, -0.030000, 0.489000, -0.163000, 0.036000, -0.084000, 0.153000
3279, 05_4_15, -0.106000, 0.455000, -0.018000, 0.398000, -0.060000, -0.042000, -0.012000, 0.190000
3280, 05_4_16, -0.160000, 0.508000, -0.045000, 0.489000, -0.118000, 0.083000, -0.095000, 0.090000
3281, 05_4_17, -0.149000, 0.463000, -0.042000, 0.434000, -0.011000, 0.112000, -0.072000, 0.103000
3282, 05_4_18, -0.154000, 0.474000, -0.049000, 0.470000, -0.095000, 0.016000, -0.106000, 0.076000
3283, 05_4_19, -0.124000, 0.410000, -0.029000, 0.364000, -0.072000, 0.010000, -0.003000, 0.128000
3284, 05_4_20, -0.155000, 0.485000, -0.050000, 0.477000, -0.136000, 0.083000, -0.098000, 0.233000
3285, 05_4_21, -0.130000, 0.420000, -0.028000, 0.377000, -0.107000, 0.046000, -0.044000, 0.207000
3286, 05_4_22, -0.149000, 0.485000, -0.065000, 0.507000, -0.137000, 0.080000, -0.112000, 0.083000
3287, 05_4_23, -0.114000, 0.404000, -0.036000, 0.398000, -0.027000, 0.034000, 0.028000, 0.230000
3288, 05_4_24, -0.158000, 0.560000, -0.039000, 0.485000, -0.094000, 0.081000, -0.058000, 0.158000
3289, 05_4_25, -0.127000, 0.434000, -0.039000, 0.395000, -0.076000, 0.151000, -0.048000, 0.237000
3290, 05_4_26, -0.139000, 0.528000, -0.053000, 0.508000, -0.065000, 0.124000, -0.057000, 0.204000
3291, 05_4_27, -0.110000, 0.443000, -0.041000, 0.417000, -0.106000, 0.068000, -0.011000, 0.328000
3292, 05_4_28, -0.159000, 0.496000, -0.041000, 0.519000, -0.150000, 0.122000, -0.073000, 0.192000
3293, 05_4_29, -0.120000, 0.436000, -0.024000, 0.413000, -0.093000, 0.055000, -0.126000, 0.323000
3294, 05_4_30, -0.118000, 0.503000, -0.064000, 0.543000, -0.100000, 0.154000, -0.064000, 0.209000
3295, 05_4_31, -0.085000, 0.442000, 0.172000, 0.407000, -0.044000, 0.079000, -0.046000, 0.321000
3296, 05_4_32, -0.122000, 0.477000, -0.037000, 0.473000, -0.076000, 0.057000, -0.091000, 0.241000
3297, 05_4_33, -0.101000, 0.455000, -0.004000, 0.380000, -0.052000, 0.187000, 0.035000, 0.357000
3298, 05_4_34, -0.140000, 0.481000, -0.047000, 0.501000, -0.038000, 0.021000, -0.061000, 0.279000
3299, 05_4_35, -0.103000, 0.446000, -0.009000, 0.417000, -0.069000, 0.141000, -0.084000, 0.486000
3300, 05_4_36, -0.128000, 0.497000, -0.040000, 0.545000, -0.087000, 0.169000, -0.039000, 0.451000
3301, 05_4_37, -0.083000, 0.479000, 0.124000, 0.595000, -0.055000, 0.071000, -0.015000, 0.404000
3302, 05_4_38, -0.122000, 0.535000, -0.018000, 0.513000, -0.029000, 0.126000, -0.044000, 0.342000
3303, 05_4_39, -0.095000, 0.518000, -0.004000, 0.499000, -0.035000, 0.150000, -0.045000, 0.461000
3304, 05_4_40, -0.111000, 0.491000, -0.009000, 0.461000, -0.020000, 0.160000, 0.027000, 0.289000
3305, 05_4_41, -0.103000, 0.492000, 0.000000, 0.453000, -0.011000, 0.139000, 0.006000, 0.251000
3306, 05_4_42, -0.119000, 0.511000, -0.023000, 0.502000, 0.197000, 0.189000, -0.009000, 0.342000
3307, 05_4_43, -0.095000, 0.502000, 0.005000, 0.409000, -0.043000, 0.102000, 0.082000, 0.406000
3308, 05_4_44, -0.099000, 0.457000, 0.001000, 0.511000, 0.206000, 0.092000, 0.023000, 0.355000
3309, 05_4_45, -0.085000, 0.512000, 0.007000, 0.463000, 0.008000, 0.018000, 0.077000, 0.378000
3310, 05_4_46, -0.089000, 0.443000, 0.000000, 0.517000, 0.194000, 0.095000, 0.014000, 0.446000
3311, 05_4_47, -0.091000, 0.544000, 0.021000, 0.504000, -0.036000, 0.080000, 0.044000, 0.323000
3312, 05_4_48, -0.077000, 0.497000, 0.005000, 0.448000, 0.254000, 0.194000, 0.029000, 0.430000
3313, 05_4_49, -0.076000, 0.510000, 0.016000, 0.449000, -0.021000, 0.030000, -0.002000, 0.247000
3314, 05_4_50, -0.056000, 0.551000, 0.012000, 0.546000, 0.173000, 0.176000, 0.025000, 0.317000
3315, 05_4_51, -0.078000, 0.573000, 0.013000, 0.510000, 0.009000, 0.147000, -0.006000, 0.423000
3316, 05_4_52, -0.056000, 0.528000, 0.014000, 0.564000, 0.171000, 0.331000, 0.067000, 0.361000
3317, 05_4_53, -0.066000, 0.615000, 0.013000, 0.555000, -0.004000, 0.066000, 0.008000, 0.330000
3318, 05_4_54, -0.054000, 0.851000, 0.024000, 0.591000, 0.172000, 0.235000, 0.058000, 0.435000
3319, 05_4_55, -0.075000, 0.653000, 0.019000, 0.535000, 0.028000, 0.083000, 0.119000, 0.406000
3320, 05_4_56, -0.076000, 0.572000, 0.011000, 0.294000, 0.221000, 0.277000, 0.149000, 0.410000
3321, 05_4_57, -0.070000, 0.563000, -0.002000, 0.613000, -0.011000, 0.215000, 0.034000, 0.296000
3322, 05_4_58, -0.073000, 0.559000, 0.014000, 0.545000, 0.185000, 0.284000, 0.184000, 0.388000
3323, 05_4_59, -0.063000, 0.586000, 0.046000, 0.612000, 0.047000, 0.073000, 0.074000, 0.361000
3324, 05_4_60, -0.055000, 0.553000, 0.039000, 0.558000, 0.205000, 0.164000, 0.111000, 0.428000
3325, 05_4_61, -0.058000, 0.573000, 0.030000, 0.597000, 0.045000, 0.116000, 0.247000, 0.420000
3326, 05_4_62, -0.036000, 0.542000, 0.045000, 0.611000, 0.204000, 0.220000, 0.186000, 0.464000
3327, 05_4_63, -0.038000, 0.598000, 0.036000, 0.599000, 0.020000, 0.168000, 0.083000, 0.299000
3328, 05_4_64, -0.052000, 0.598000, 0.043000, 0.632000, 0.176000, 0.330000, 0.194000, 0.439000
3329, 05_4_65, -0.059000, 0.708000, 0.039000, 0.565000, -0.024000, 0.243000, 0.035000, 0.416000
3330, 05_4_66, -0.050000, 0.615000, 0.041000, 0.614000, 0.225000, 0.206000, 0.165000, 0.484000
3331, 05_4_67, -0.055000, 0.611000, 0.033000, 0.579000, 0.031000, 0.227000, 0.111000, 0.451000
3332, 05_4_68, -0.046000, 0.615000, 0.050000, 0.640000, 0.269000, 0.205000, 0.200000, 0.503000
3333, 05_4_69, -0.052000, 0.573000, 0.035000, 0.619000, 0.023000, 0.147000, -0.008000, 0.518000
3334, 05_4_70, -0.031000, 0.600000, 0.076000, 0.616000, 0.339000, 0.173000, 0.179000, 0.490000
3335, 05_4_71, -0.028000, 0.577000, 0.063000, 0.580000, 0.020000, 0.194000, 0.149000, 0.403000
3336, 05_4_72, -0.022000, 0.543000, 0.066000, 0.650000, 0.235000, 0.487000, 0.188000, 0.442000
3337, 05_4_73, -0.002000, 0.519000, 0.267000, 0.544000, 0.024000, 0.305000, 0.092000, 0.486000
3338, 05_4_74, -0.035000, 0.633000, 0.067000, 0.595000, 0.255000, 0.216000, 0.151000, 0.445000
3339, 05_4_75, -0.020000, 0.540000, 0.064000, 0.526000, -0.000000, 0.237000, 0.004000, 0.442000
3340, 05_4_76, -0.017000, 0.616000, 0.066000, 0.642000, 0.276000, 0.230000, 0.061000, 0.481000
3341, 05_4_77, 0.005000, 0.545000, 0.070000, 0.530000, 0.256000, 0.327000, 0.178000, 0.659000
3342, 05_4_78, -0.009000, 0.651000, 0.069000, 0.653000, 0.363000, 0.312000, 0.188000, 0.565000
3343, 05_4_79, 0.007000, 0.523000, 0.074000, 0.521000, 0.168000, 0.321000, 0.207000, 0.582000
3344, 05_4_80, -0.007000, 0.559000, 0.077000, 0.475000, 0.360000, 0.326000, 0.091000, 0.401000
3345, 05_4_81, 0.006000, 0.529000, 0.077000, 0.477000, 0.088000, 0.475000, 0.086000, 0.574000
3346, 05_4_82, -0.000000, 0.600000, 0.086000, 0.596000, 0.331000, 0.305000, 0.218000, 0.441000
3347, 05_4_83, 0.082000, 0.581000, 0.101000, 0.582000, 0.115000, 0.451000, 0.168000, 0.566000
3348, 05_4_84, 0.015000, 0.565000, 0.074000, 0.601000, 0.325000, 0.319000, 0.214000, 0.458000
3349, 05_4_85, 0.030000, 0.498000, 0.086000, 0.523000, 0.204000, 0.368000, -0.046000, 0.595000
3350, 05_4_86, 0.039000, 0.552000, 0.070000, 0.625000, 0.362000, 0.329000, 0.310000, 0.558000
3351, 05_4_87, 0.053000, 0.545000, 0.085000, 0.545000, 0.335000, 0.253000, 0.149000, 0.485000
3352, 05_4_88, 0.042000, 0.482000, 0.086000, 0.557000, 0.404000, 0.403000, 0.277000, 0.553000
3353, 05_4_89, 0.048000, 0.515000, 0.194000, 0.493000, 0.118000, 0.303000, -0.015000, 0.523000
3354, 05_4_90, 0.050000, 0.479000, 0.093000, 0.563000, 0.433000, 0.272000, 0.378000, 0.452000
3355, 05_4_91, 0.055000, 0.463000, 0.096000, 0.522000, 0.177000, 0.241000, 0.301000, 0.371000
3356, 05_4_92, 0.066000, 0.462000, 0.112000, 0.553000, 0.421000, 0.331000, 0.287000, 0.322000
3357, 05_4_93, 0.058000, 0.481000, 0.131000, 0.469000, 0.005000, 0.270000, 0.169000, 0.364000
3358, 05_4_94, 0.065000, 0.423000, 0.105000, 0.521000, 0.350000, 0.200000, 0.361000, 0.530000
3359, 05_4_95, 0.093000, 0.485000, 0.274000, 0.490000, 0.057000, 0.088000, 0.151000, 0.322000
3360, 05_5_00, -0.139000, 0.313000, 0.108000, 0.421000, -0.298000, -0.055000, -0.037000, 0.325000
3361, 05_5_01, -0.148000, 0.388000, 0.055000, 0.519000, -0.118000, -0.033000, -0.120000, 0.203000
3362, 05_5_02, -0.155000, 0.275000, 0.106000, 0.405000, -0.354000, -0.020000, -0.061000, 0.285000
3363, 05_5_03, -0.151000, 0.353000, 0.080000, 0.506000, -0.210000, -0.068000, -0.001000, 0.218000
3364, 05_5_04, -0.126000, 0.264000, 0.071000, 0.432000, -0.245000, -0.002000, -0.138000, 0.254000
3365, 05_5_05, -0.134000, 0.352000, 0.054000, 0.507000, -0.125000, -0.048000, 0.006000, 0.213000
3366, 05_5_06, -0.113000, 0.288000, 0.071000, 0.420000, -0.253000, 0.022000, -0.148000, 0.260000
3367, 05_5_07, -0.123000, 0.327000, 0.049000, 0.523000, -0.144000, -0.044000, 0.057000, 0.191000
3368, 05_5_08, -0.100000, 0.247000, 0.111000, 0.442000, -0.235000, 0.087000, -0.026000, 0.267000
3369, 05_5_09, -0.102000, 0.316000, 0.063000, 0.499000, -0.126000, -0.036000, 0.198000, 0.185000
3370, 05_5_10, -0.149000, 0.310000, 0.063000, 0.455000, -0.277000, 0.011000, -0.104000, 0.285000
3371, 05_5_11, -0.139000, 0.312000, 0.169000, 0.514000, -0.147000, -0.030000, 0.023000, 0.178000
3372, 05_5_12, -0.115000, 0.321000, 0.100000, 0.410000, -0.268000, 0.111000, -0.047000, 0.232000
3373, 05_5_13, -0.103000, 0.286000, 0.072000, 0.423000, -0.086000, 0.029000, 0.093000, 0.200000
3374, 05_5_14, -0.125000, 0.305000, 0.110000, 0.392000, -0.214000, 0.030000, -0.137000, 0.271000
3375, 05_5_15, -0.101000, 0.246000, 0.093000, 0.382000, -0.111000, 0.061000, -0.012000, 0.173000
3376, 05_5_16, -0.068000, 0.391000, 0.129000, 0.421000, -0.193000, 0.090000, -0.092000, 0.281000
3377, 05_5_17, -0.058000, 0.349000, 0.095000, 0.426000, -0.052000, 0.062000, 0.091000, 0.252000
3378, 05_5_18, -0.185000, 0.383000, 0.090000, 0.448000, -0.330000, 0.150000, 0.036000, 0.325000
3379, 05_5_19, -0.169000, 0.330000, 0.085000, 0.338000, -0.136000, 0.126000, 0.105000, 0.252000
3380, 05_5_20, -0.109000, 0.414000, 0.074000, 0.425000, -0.196000, 0.010000, -0.021000, 0.177000
3381, 05_5_21, -0.074000, 0.297000, 0.086000, 0.353000, -0.061000, 0.179000, 0.059000, 0.230000
3382, 05_5_22, 0.000000, 0.000000, 0.000000, 0.000000, 0.000000, 0.000000, 0.000000, 0.000000
3383, 05_5_23, -0.135000, 0.310000, 0.105000, 0.322000, -0.129000, 0.181000, 0.142000, 0.300000
3384, 05_5_24, -0.113000, 0.372000, 0.143000, 0.409000, -0.190000, 0.062000, -0.059000, 0.279000
3385, 05_5_25, -0.088000, 0.284000, -0.111000, 0.530000, -0.097000, 0.147000, 0.199000, 0.276000
3386, 05_5_26, -0.094000, 0.385000, 0.123000, 0.346000, -0.093000, -0.015000, -0.038000, 0.153000
3387, 05_5_27, -0.054000, 0.262000, 0.135000, 0.294000, -0.025000, 0.103000, 0.156000, 0.259000
3388, 05_5_28, -0.070000, 0.392000, 0.157000, 0.754000, -0.070000, 0.054000, 0.000000, 0.156000
3389, 05_5_29, -0.044000, 0.302000, 0.159000, 0.312000, 0.047000, 0.213000, 0.224000, 0.271000
3390, 05_5_30, -0.162000, 0.385000, 0.091000, 0.380000, -0.224000, 0.091000, -0.019000, 0.152000
3391, 05_5_31, -0.058000, 0.342000, 0.209000, 0.295000, 0.029000, 0.098000, 0.142000, 0.273000
3392, 05_5_32, -0.088000, 0.369000, 0.142000, 0.397000, -0.171000, -0.001000, 0.090000, 0.195000
3393, 05_5_33, -0.072000, 0.294000, 0.140000, 0.329000, -0.002000, 0.174000, 0.176000, 0.275000
3394, 05_5_34, -0.084000, 0.367000, 0.148000, 0.430000, -0.115000, 0.102000, 0.106000, 0.240000
3395, 05_5_35, -0.051000, 0.317000, 0.174000, 0.349000, -0.077000, 0.116000, 0.269000, 0.248000
3396, 05_5_36, -0.068000, 0.381000, 0.133000, 0.371000, -0.098000, 0.086000, 0.094000, 0.176000
3397, 05_5_37, -0.008000, 0.800000, 0.138000, 0.300000, 0.062000, 0.102000, 0.192000, 0.212000
3398, 05_5_38, -0.089000, 0.407000, 0.134000, 0.410000, -0.103000, 0.107000, 0.130000, 0.228000
3399, 05_5_39, -0.059000, 0.345000, 0.162000, 0.362000, -0.068000, 0.091000, 0.209000, 0.229000
3400, 05_5_40, -0.012000, 0.358000, 0.218000, 0.300000, -0.116000, 0.010000, 0.554000, 0.129000
3401, 05_5_41, 0.009000, 0.361000, 0.262000, 0.408000, 0.135000, 0.049000, 0.617000, 0.400000
3402, 05_5_42, -0.143000, 0.452000, 0.197000, 0.337000, -0.218000, 0.007000, 0.462000, 0.196000
3403, 05_5_43, -0.035000, 0.357000, 0.201000, 0.316000, 0.006000, 0.037000, 0.516000, 0.153000
3404, 05_5_44, -0.018000, 0.319000, 0.210000, 0.348000, -0.056000, 0.044000, 0.434000, 0.157000
3405, 05_5_45, -0.022000, 0.391000, 0.181000, 0.338000, -0.042000, 0.114000, 0.470000, 0.189000
3406, 05_5_46, -0.032000, 0.355000, 0.235000, 0.274000, 0.069000, 0.014000, 0.346000, 0.075000
3407, 05_5_47, -0.027000, 0.446000, 0.216000, 0.346000, -0.033000, 0.140000, 0.430000, 0.093000
3408, 05_5_48, -0.062000, 0.326000, 0.234000, 0.256000, -0.062000, 0.131000, 0.450000, 0.191000
3409, 05_5_49, -0.048000, 0.401000, 0.226000, 0.266000, 0.002000, 0.076000, 0.533000, 0.048000
3410, 05_5_50, -0.010000, 0.319000, 0.217000, 0.297000, 0.071000, -0.024000, 0.417000, 0.088000
3411, 05_5_51, 0.002000, 0.389000, 0.192000, 0.328000, 0.201000, 0.055000, 0.437000, 0.041000
3412, 05_5_52, -0.020000, 0.349000, 0.272000, 0.165000, -0.174000, 0.166000, 0.283000, 0.239000
3413, 05_5_53, -0.014000, 0.412000, 0.240000, 0.327000, 0.058000, -0.037000, 0.375000, 0.086000
3414, 05_5_54, -0.040000, 0.368000, 0.284000, 0.230000, -0.179000, 0.075000, 0.291000, 0.198000
3415, 05_5_55, -0.000000, 0.382000, 0.279000, 0.341000, 0.156000, 0.046000, 0.400000, 0.087000
3416, 05_5_56, 0.040000, 0.349000, 0.269000, 0.268000, 0.043000, 0.137000, 0.471000, -0.012000
3417, 05_5_57, 0.043000, 0.423000, 0.258000, 0.279000, 0.155000, -0.036000, 0.356000, 0.065000
3418, 05_5_58, -0.011000, 0.350000, 0.320000, 0.227000, -0.124000, 0.035000, 0.317000, 0.102000
3419, 05_5_59, 0.037000, 0.541000, 0.268000, 0.308000, 0.158000, 0.022000, 0.283000, 0.104000
3420, 05_5_60, 0.024000, 0.430000, 0.304000, 0.235000, 0.037000, 0.105000, 0.351000, 0.138000
3421, 05_5_61, 0.042000, 0.374000, 0.283000, 0.209000, 0.113000, 0.017000, 0.316000, 0.095000
3422, 05_5_62, 0.097000, 0.342000, 0.356000, 0.218000, 0.138000, 0.024000, 0.260000, 0.057000
3423, 05_5_63, 0.109000, 0.337000, 0.350000, 0.170000, 0.260000, 0.148000, 0.428000, 0.003000
3424, 05_5_64, 0.045000, 0.234000, 0.286000, 0.263000, -0.003000, 0.018000, 0.234000, 0.160000
3425, 05_5_65, 0.055000, 0.378000, 0.329000, 0.279000, 0.261000, 0.130000, 0.494000, 0.049000
3426, 05_5_66, 0.075000, 0.184000, 0.365000, 0.232000, 0.079000, -0.003000, 0.321000, -0.009000
3427, 05_5_67, 0.080000, 0.324000, 0.331000, 0.193000, 0.248000, 0.071000, 0.376000, -0.014000
3428, 05_5_68, -0.003000, 0.448000, 0.345000, 0.254000, 0.168000, 0.004000, 0.321000, 0.097000
3429, 05_5_69, 0.080000, 0.294000, 0.355000, 0.183000, 0.251000, 0.025000, 0.321000, 0.005000
3430, 05_5_70, 0.107000, 0.257000, 0.336000, 0.223000, 0.227000, 0.009000, 0.216000, -0.054000
3431, 05_5_71, 0.133000, 0.211000, 0.323000, 0.130000, 0.140000, -0.084000, 0.443000, -0.040000
3432, 05_5_72, 0.143000, 0.366000, 0.401000, 0.200000, 0.221000, 0.075000, 0.391000, -0.035000
3433, 05_5_73, 0.169000, 0.245000, 0.385000, 0.147000, 0.278000, 0.112000, 0.506000, 0.033000
3434, 05_5_74, 0.037000, 0.269000, 0.341000, 0.266000, -0.028000, -0.081000, 0.215000, -0.009000
3435, 05_5_75, 0.152000, 0.197000, 0.382000, 0.123000, 0.281000, 0.047000, 0.486000, 0.143000
3436, 05_5_76, 0.006000, 0.351000, 0.369000, 0.273000, 0.316000, -0.134000, 0.319000, -0.054000
3437, 05_5_77, 0.192000, 0.102000, 0.400000, 0.095000, 0.413000, 0.039000, 0.256000, 0.059000
3438, 05_5_78, 0.212000, 0.232000, 0.396000, 0.222000, 0.209000, -0.153000, 0.536000, -0.015000
3439, 05_5_79, 0.401000, 0.116000, 0.424000, 0.004000, 0.459000, 0.060000, 0.289000, 0.119000
3440, 05_5_80, 0.144000, 0.076000, 0.458000, 0.040000, 0.166000, 0.018000, 0.290000, 0.103000
3441, 05_5_81, 0.234000, 0.065000, 0.451000, 0.111000, 0.286000, 0.038000, 0.393000, -0.049000
3442, 05_5_82, 0.155000, 0.078000, 0.420000, 0.189000, 0.130000, 0.164000, 0.302000, -0.008000
3443, 05_5_83, 0.253000, 0.140000, 0.390000, 0.121000, 0.272000, 0.062000, 0.263000, 0.082000
3444, 05_5_84, 0.268000, 0.228000, 0.438000, 0.198000, 0.272000, 0.021000, 0.200000, 0.032000
3445, 05_5_85, 0.275000, 0.139000, 0.428000, 0.114000, 0.283000, 0.053000, 0.280000, 0.069000
3446, 05_5_86, 0.309000, 0.169000, 0.437000, 0.132000, 0.338000, -0.044000, 0.301000, 0.000000
3447, 05_5_87, 0.316000, 0.118000, 0.417000, 0.115000, 0.516000, 0.082000, 0.320000, 0.008000
3448, 05_5_88, 0.309000, 0.079000, 0.467000, -0.036000, 0.207000, 0.064000, 0.373000, -0.074000
3449, 05_5_89, 0.330000, 0.038000, 0.466000, 0.078000, 0.490000, 0.005000, 0.407000, -0.026000
3450, 05_5_90, 0.416000, 0.156000, 0.496000, 0.144000, 0.639000, 0.118000, 0.578000, 0.007000
3451, 05_5_91, 0.433000, 0.157000, 0.493000, 0.090000, 0.533000, -0.054000, 0.575000, -0.070000
3452, 05_5_92, 0.414000, 0.090000, 0.525000, 0.109000, 0.683000, 0.118000, 0.361000, -0.041000
3453, 05_5_93, 0.388000, 0.111000, 0.496000, 0.136000, 0.293000, -0.038000, 0.271000, 0.033000
3454, 05_5_94, 0.298000, 0.416000, 0.460000, 0.217000, 0.580000, 0.020000, 0.504000, 0.096000
3455, 05_5_95, 0.000000, 0.000000, 0.000000, 0.000000, 0.000000, 0.000000, 0.000000, 0.000000
3456, 06_0_00, -0.091000, 0.246000, -0.204000, 0.274000, -0.231000, -0.038000, -0.369000, -0.023000
3457, 06_0_01, -0.083000, 0.436000, -0.215000, 0.584000, -0.105000, -0.157000, -0.337000, -0.395000
3458, 06_0_02, -0.075000, 0.310000, -0.225000, 0.261000, -0.199000, -0.041000, -0.391000, 0.018000
3459, 06_0_03, -0.067000, 0.409000, -0.231000, 0.380000, -0.086000, -0.095000, -0.281000, -0.100000
3460, 06_0_04, -0.076000, 0.345000, -0.227000, 0.312000, -0.185000, 0.022000, -0.387000, 0.002000
3461, 06_0_05, -0.071000, 0.492000, -0.219000, 0.399000, -0.077000, -0.046000, -0.237000, -0.053000
3462, 06_0_06, -0.102000, 0.405000, -0.221000, 0.304000, -0.207000, 0.087000, -0.361000, 0.006000
3463, 06_0_07, -0.079000, 0.436000, -0.232000, 0.409000, -0.061000, 0.013000, -0.282000, -0.034000
3464, 06_0_08, -0.104000, 0.412000, -0.243000, 0.338000, -0.236000, 0.038000, -0.381000, -0.003000
3465, 06_0_09, -0.078000, 0.425000, -0.241000, 0.409000, -0.099000, -0.036000, -0.288000, -0.093000
3466, 06_0_10, -0.086000, 0.451000, -0.216000, 0.341000, -0.211000, 0.058000, -0.353000, -0.040000
3467, 06_0_11, -0.079000, 0.451000, -0.244000, 0.388000, -0.069000, 0.096000, -0.235000, -0.087000
3468, 06_0_12, -0.105000, 0.664000, -0.210000, 0.351000, -0.167000, 0.094000, -0.329000, 0.058000
3469, 06_0_13, -0.096000, 0.428000, -0.177000, 0.445000, -0.095000, 0.042000, -0.194000, -0.043000
3470, 06_0_14, -0.107000, 0.486000, -0.238000, 0.390000, -0.131000, 0.038000, -0.345000, -0.010000
3471, 06_0_15, -0.082000, 0.423000, -0.233000, 0.325000, -0.056000, 0.029000, -0.235000, -0.059000
3472, 06_0_16, -0.135000, 0.508000, -0.247000, 0.401000, -0.195000, 0.094000, -0.375000, -0.034000
3473, 06_0_17, -0.120000, 0.469000, -0.252000, 0.368000, -0.082000, 0.140000, -0.253000, -0.054000
3474, 06_0_18, -0.131000, 0.585000, -0.252000, 0.366000, -0.241000, 0.099000, -0.334000, -0.063000
3475, 06_0_19, -0.107000, 0.433000, -0.243000, 0.307000, -0.052000, 0.161000, -0.230000, -0.013000
3476, 06_0_20, -0.153000, 0.630000, -0.256000, 0.356000, -0.357000, 0.152000, -0.344000, -0.015000
3477, 06_0_21, -0.123000, 0.431000, -0.262000, 0.312000, -0.110000, 0.177000, -0.263000, -0.006000
3478, 06_0_22, -0.158000, 0.536000, -0.286000, 0.371000, -0.227000, 0.209000, -0.342000, -0.092000
3479, 06_0_23, -0.125000, 0.434000, -0.265000, 0.315000, -0.074000, 0.170000, -0.196000, 0.072000
3480, 06_0_24, -0.156000, 0.544000, -0.264000, 0.356000, -0.180000, 0.176000, -0.344000, -0.166000
3481, 06_0_25, -0.126000, 0.445000, -0.190000, 0.278000, -0.091000, 0.231000, -0.233000, -0.011000
3482, 06_0_26, -0.152000, 0.525000, -0.274000, 0.341000, -0.254000, 0.107000, -0.336000, -0.116000
3483, 06_0_27, -0.128000, 0.446000, -0.259000, 0.241000, -0.052000, 0.216000, -0.227000, -0.039000
3484, 06_0_28, -0.165000, 0.504000, -0.252000, 0.350000, -0.288000, 0.106000, -0.306000, -0.146000
3485, 06_0_29, -0.143000, 0.451000, -0.264000, 0.280000, -0.046000, 0.193000, -0.192000, 0.042000
3486, 06_0_30, -0.147000, 0.514000, -0.276000, 0.391000, -0.198000, 0.223000, -0.339000, -0.152000
3487, 06_0_31, -0.104000, 0.447000, -0.121000, 0.251000, -0.031000, 0.163000, -0.248000, 0.049000
3488, 06_0_32, -0.144000, 0.462000, -0.263000, 0.335000, -0.049000, 0.133000, -0.275000, -0.122000
3489, 06_0_33, -0.121000, 0.444000, -0.254000, 0.251000, 0.026000, 0.256000, -0.207000, -0.047000
3490, 06_0_34, -0.167000, 0.488000, -0.257000, 0.265000, -0.049000, 0.111000, -0.289000, -0.082000
3491, 06_0_35, -0.134000, 0.468000, -0.254000, 0.287000, -0.062000, 0.225000, -0.243000, -0.017000
3492, 06_0_36, -0.139000, 0.486000, -0.274000, 0.338000, -0.182000, 0.148000, -0.253000, -0.089000
3493, 06_0_37, -0.131000, 0.479000, -0.250000, 0.286000, -0.029000, 0.276000, -0.291000, 0.057000
3494, 06_0_38, -0.140000, 0.522000, -0.225000, 0.343000, -0.177000, 0.274000, -0.220000, -0.032000
3495, 06_0_39, -0.128000, 0.520000, -0.232000, 0.287000, -0.054000, 0.268000, -0.219000, 0.095000
3496, 06_0_40, -0.140000, 0.501000, -0.241000, 0.263000, -0.122000, 0.167000, -0.093000, 0.042000
3497, 06_0_41, -0.169000, 0.485000, -0.233000, 0.279000, 0.054000, 0.217000, -0.128000, 0.017000
3498, 06_0_42, -0.150000, 0.520000, -0.242000, 0.276000, -0.084000, 0.224000, -0.060000, 0.083000
3499, 06_0_43, -0.120000, 0.488000, -0.220000, 0.266000, -0.095000, 0.186000, -0.114000, 0.012000
3500, 06_0_44, -0.126000, 0.470000, -0.215000, 0.273000, -0.014000, 0.211000, -0.168000, 0.003000
3501, 06_0_45, -0.110000, 0.533000, -0.214000, 0.318000, -0.005000, 0.214000, -0.057000, 0.017000
3502, 06_0_46, -0.117000, 0.480000, -0.213000, 0.286000, -0.070000, 0.302000, -0.148000, 0.030000
3503, 06_0_47, -0.107000, 0.529000, -0.200000, 0.335000, -0.014000, 0.255000, -0.024000, -0.025000
3504, 06_0_48, -0.113000, 0.542000, -0.199000, 0.245000, -0.035000, 0.225000, -0.035000, 0.013000
3505, 06_0_49, -0.112000, 0.564000, -0.203000, 0.252000, 0.055000, 0.252000, -0.118000, -0.051000
3506, 06_0_50, -0.111000, 0.592000, -0.182000, 0.250000, 0.001000, 0.363000, -0.048000, -0.005000
3507, 06_0_51, -0.112000, 0.624000, -0.189000, 0.244000, 0.080000, 0.213000, 0.015000, -0.006000
3508, 06_0_52, -0.083000, 0.474000, -0.282000, 0.094000, 0.009000, 0.286000, -0.028000, 0.031000
3509, 06_0_53, -0.092000, 0.640000, -0.176000, 0.309000, 0.092000, 0.252000, 0.024000, -0.061000
3510, 06_0_54, -0.083000, 0.611000, -0.151000, 0.298000, 0.057000, 0.453000, -0.053000, 0.035000
3511, 06_0_55, -0.083000, 0.639000, -0.163000, 0.280000, 0.122000, 0.267000, -0.019000, -0.023000
3512, 06_0_56, -0.083000, 0.596000, -0.154000, 0.257000, 0.025000, 0.382000, -0.038000, 0.038000
3513, 06_0_57, -0.095000, 0.629000, -0.169000, 0.298000, 0.095000, 0.279000, 0.012000, 0.015000
3514, 06_0_58, -0.086000, 0.561000, -0.152000, 0.238000, 0.072000, 0.402000, -0.129000, 0.066000
3515, 06_0_59, -0.077000, 0.576000, -0.110000, 0.374000, 0.116000, 0.324000, 0.041000, 0.039000
3516, 06_0_60, -0.056000, 0.538000, -0.100000, 0.229000, 0.057000, 0.382000, -0.075000, 0.088000
3517, 06_0_61, -0.060000, 0.575000, -0.117000, 0.261000, 0.129000, 0.370000, 0.047000, 0.118000
3518, 06_0_62, -0.026000, 0.513000, -0.070000, 0.167000, 0.195000, 0.355000, -0.024000, 0.087000
3519, 06_0_63, -0.056000, 0.591000, -0.112000, 0.269000, 0.152000, 0.333000, 0.144000, -0.026000
3520, 06_0_64, -0.033000, 0.615000, -0.082000, 0.247000, 0.130000, 0.377000, 0.081000, 0.224000
3521, 06_0_65, -0.061000, 0.652000, -0.095000, 0.238000, 0.120000, 0.393000, 0.108000, 0.098000
3522, 06_0_66, -0.039000, 0.565000, -0.058000, 0.196000, 0.202000, 0.243000, 0.095000, 0.212000
3523, 06_0_67, -0.042000, 0.574000, -0.085000, 0.199000, 0.131000, 0.399000, 0.126000, 0.104000
3524, 06_0_68, -0.024000, 0.573000, -0.072000, 0.318000, 0.247000, 0.170000, 0.032000, 0.062000
3525, 06_0_69, -0.022000, 0.581000, -0.060000, 0.223000, 0.161000, 0.322000, 0.167000, 0.169000
3526, 06_0_70, 0.003000, 0.587000, 0.015000, 0.450000, 0.229000, 0.271000, 0.105000, 0.195000
3527, 06_0_71, 0.010000, 0.507000, -0.033000, 0.237000, 0.251000, 0.384000, 0.092000, 0.092000
3528, 06_0_72, -0.006000, 0.630000, -0.020000, 0.309000, 0.217000, 0.257000, 0.160000, 0.096000
3529, 06_0_73, 0.008000, 0.532000, -0.037000, 0.216000, 0.240000, 0.269000, 0.110000, 0.144000
3530, 06_0_74, -0.003000, 0.607000, -0.015000, 0.228000, 0.247000, 0.184000, 0.155000, 0.165000
3531, 06_0_75, 0.017000, 0.480000, -0.025000, 0.211000, 0.145000, 0.307000, 0.156000, 0.104000
3532, 06_0_76, 0.027000, 0.566000, -0.021000, 0.341000, 0.356000, 0.316000, 0.454000, 0.305000
3533, 06_0_77, 0.038000, 0.468000, -0.019000, 0.220000, 0.163000, 0.615000, 0.188000, 0.405000
3534, 06_0_78, 0.031000, 0.561000, -0.010000, 0.338000, 0.317000, 0.230000, 0.362000, 0.163000
3535, 06_0_79, 0.040000, 0.509000, 0.015000, 0.239000, 0.318000, 0.298000, 0.241000, 0.123000
3536, 06_0_80, 0.019000, 0.546000, 0.018000, 0.263000, 0.445000, 0.353000, 0.387000, 0.040000
3537, 06_0_81, 0.036000, 0.446000, 0.014000, 0.177000, 0.099000, 0.402000, 0.133000, 0.133000
3538, 06_0_82, 0.026000, 0.596000, 0.045000, 0.290000, 0.439000, 0.375000, 0.486000, 0.253000
3539, 06_0_83, 0.046000, 0.451000, 0.043000, 0.228000, 0.068000, 0.355000, 0.195000, 0.027000
3540, 06_0_84, 0.055000, 0.510000, 0.049000, 0.270000, 0.090000, 0.478000, 0.379000, 0.089000
3541, 06_0_85, 0.048000, 0.502000, 0.032000, 0.271000, 0.320000, 0.263000, 0.213000, 0.098000
3542, 06_0_86, 0.076000, 0.503000, 0.045000, 0.245000, 0.423000, 0.328000, 0.391000, 0.049000
3543, 06_0_87, 0.070000, 0.539000, 0.055000, 0.244000, 0.196000, 0.206000, 0.201000, 0.092000
3544, 06_0_88, 0.060000, 0.514000, 0.070000, 0.204000, 0.351000, 0.219000, 0.452000, 0.050000
3545, 06_0_89, 0.046000, 0.483000, 0.059000, 0.221000, 0.306000, 0.162000, 0.257000, 0.024000
3546, 06_0_90, 0.082000, 0.426000, 0.107000, 0.215000, 0.444000, 0.291000, 0.454000, 0.024000
3547, 06_0_91, 0.000000, 0.000000, 0.000000, 0.000000, 0.000000, 0.000000, 0.000000, 0.000000
3548, 06_0_92, 0.000000, 0.000000, 0.000000, 0.000000, 0.000000, 0.000000, 0.000000, 0.000000
3549, 06_0_93, 0.070000, 0.475000, 0.096000, 0.227000, 0.020000, 0.336000, 0.255000, 0.022000
3550, 06_0_94, 0.085000, 0.413000, 0.120000, 0.236000, 0.436000, 0.230000, 0.473000, 0.110000
3551, 06_0_95, 0.070000, 0.439000, 0.069000, 0.260000, 0.247000, 0.289000, 0.223000, 0.006000
3552, 06_1_00, -0.294000, 0.205000, 0.086000, 0.249000, -0.195000, 0.169000, -0.053000, 0.085000
3553, 06_1_01, -0.301000, 0.340000, -0.075000, 0.142000, -0.074000, 0.026000, 0.022000, -0.045000
3554, 06_1_02, -0.314000, 0.224000, 0.101000, 0.327000, -0.281000, 0.065000, -0.010000, 0.112000
3555, 06_1_03, -0.316000, 0.368000, 0.092000, 0.455000, -0.037000, -0.023000, 0.200000, -0.070000
3556, 06_1_04, -0.277000, 0.280000, -0.064000, 0.166000, -0.267000, 0.040000, -0.099000, 0.097000
3557, 06_1_05, -0.269000, 0.369000, 0.089000, 0.437000, -0.203000, 0.041000, 0.114000, -0.041000
3558, 06_1_06, -0.293000, 0.248000, 0.107000, 0.325000, -0.219000, 0.064000, -0.169000, 0.077000
3559, 06_1_07, -0.280000, 0.351000, 0.079000, 0.435000, -0.142000, -0.013000, 0.113000, -0.069000
3560, 06_1_08, -0.274000, 0.233000, 0.088000, 0.389000, -0.307000, 0.143000, -0.019000, 0.199000
3561, 06_1_09, -0.283000, 0.333000, 0.071000, 0.419000, -0.181000, 0.034000, 0.073000, 0.013000
3562, 06_1_10, -0.279000, 0.271000, 0.050000, 0.389000, -0.269000, 0.134000, -0.173000, 0.049000
3563, 06_1_11, -0.264000, 0.295000, 0.054000, 0.417000, -0.154000, 0.133000, 0.032000, -0.013000
3564, 06_1_12, -0.277000, 0.225000, 0.085000, 0.371000, -0.315000, 0.056000, -0.093000, 0.114000
3565, 06_1_13, -0.273000, 0.292000, 0.094000, 0.421000, -0.256000, 0.046000, 0.053000, -0.036000
3566, 06_1_14, -0.273000, 0.288000, 0.029000, 0.378000, -0.146000, -0.083000, -0.091000, -0.053000
3567, 06_1_15, -0.255000, 0.271000, 0.051000, 0.361000, -0.101000, 0.016000, 0.124000, 0.062000
3568, 06_1_16, -0.197000, 0.330000, 0.088000, 0.431000, -0.244000, 0.110000, 0.112000, 0.134000
3569, 06_1_17, -0.219000, 0.294000, 0.058000, 0.390000, -0.126000, 0.062000, 0.167000, 0.103000
3570, 06_1_18, -0.279000, 0.322000, 0.076000, 0.377000, -0.176000, 0.077000, 0.115000, 0.023000
3571, 06_1_19, -0.241000, 0.208000, 0.082000, 0.374000, -0.205000, 0.102000, 0.151000, 0.076000
3572, 06_1_20, -0.251000, 0.267000, 0.083000, 0.377000, -0.300000, 0.022000, 0.089000, 0.046000
3573, 06_1_21, -0.238000, 0.217000, 0.060000, 0.337000, -0.191000, 0.162000, 0.150000, 0.127000
3574, 06_1_22, -0.195000, 0.284000, 0.078000, 0.402000, -0.266000, -0.038000, 0.086000, 0.080000
3575, 06_1_23, -0.189000, 0.181000, 0.084000, 0.334000, -0.065000, 0.171000, 0.189000, 0.092000
3576, 06_1_24, -0.225000, 0.255000, 0.073000, 0.414000, -0.045000, 0.053000, -0.037000, 0.227000
3577, 06_1_25, -0.212000, 0.206000, 0.070000, 0.307000, -0.187000, 0.160000, 0.095000, 0.156000
3578, 06_1_26, -0.214000, 0.320000, 0.095000, 0.374000, -0.196000, 0.039000, -0.099000, 0.044000
3579, 06_1_27, -0.209000, 0.241000, 0.083000, 0.280000, -0.117000, 0.138000, 0.162000, 0.109000
3580, 06_1_28, -0.203000, 0.294000, 0.137000, 0.336000, -0.121000, 0.100000, 0.129000, 0.009000
3581, 06_1_29, -0.178000, 0.186000, 0.150000, 0.286000, -0.073000, 0.055000, 0.228000, 0.123000
3582, 06_1_30, -0.203000, 0.292000, 0.099000, 0.331000, -0.132000, -0.028000, 0.190000, 0.035000
3583, 06_1_31, -0.160000, 0.175000, 0.123000, 0.284000, -0.146000, 0.174000, 0.111000, 0.052000
3584, 06_1_32, -0.210000, 0.266000, 0.125000, 0.374000, -0.114000, 0.085000, 0.225000, 0.020000
3585, 06_1_33, -0.196000, 0.236000, 0.128000, 0.295000, -0.095000, 0.180000, 0.269000, 0.242000
3586, 06_1_34, -0.162000, 0.277000, 0.117000, 0.368000, -0.119000, 0.108000, 0.176000, 0.012000
3587, 06_1_35, -0.146000, 0.234000, 0.116000, 0.287000, -0.050000, 0.121000, 0.259000, 0.131000
3588, 06_1_36, -0.192000, 0.274000, 0.063000, 0.191000, 0.004000, 0.166000, 0.284000, 0.126000
3589, 06_1_37, -0.170000, 0.217000, 0.107000, 0.260000, 0.049000, 0.200000, 0.130000, 0.147000
3590, 06_1_38, -0.208000, 0.320000, 0.095000, 0.386000, -0.016000, 0.075000, 0.160000, 0.182000
3591, 06_1_39, -0.177000, 0.249000, 0.091000, 0.341000, 0.008000, 0.153000, 0.240000, 0.208000
3592, 06_1_40, -0.139000, 0.264000, 0.131000, 0.298000, 0.111000, 0.060000, 0.058000, 0.169000
3593, 06_1_41, -0.079000, 0.122000, 0.125000, 0.288000, 0.105000, 0.090000, 0.316000, 0.149000
3594, 06_1_42, -0.157000, 0.233000, 0.129000, 0.310000, -0.008000, 0.214000, 0.002000, 0.080000
3595, 06_1_43, -0.138000, 0.225000, 0.126000, 0.262000, -0.019000, 0.182000, 0.302000, 0.099000
3596, 06_1_44, -0.096000, 0.174000, 0.142000, 0.311000, -0.079000, 0.094000, 0.036000, 0.139000
3597, 06_1_45, -0.112000, 0.290000, 0.150000, 0.303000, -0.012000, 0.118000, 0.154000, 0.094000
3598, 06_1_46, -0.099000, 0.288000, 0.138000, 0.285000, -0.002000, 0.096000, 0.012000, 0.058000
3599, 06_1_47, -0.093000, 0.295000, 0.119000, 0.335000, -0.032000, 0.107000, 0.142000, 0.040000
3600, 06_1_48, -0.092000, 0.263000, 0.181000, 0.281000, -0.042000, 0.137000, 0.025000, 0.033000
3601, 06_1_49, -0.084000, 0.246000, 0.169000, 0.304000, -0.081000, 0.103000, 0.319000, 0.044000
3602, 06_1_50, -0.057000, 0.243000, 0.222000, 0.269000, 0.004000, 0.183000, 0.146000, 0.034000
3603, 06_1_51, -0.080000, 0.306000, 0.219000, 0.311000, -0.008000, 0.075000, 0.314000, 0.119000
3604, 06_1_52, -0.065000, 0.239000, 0.152000, 0.266000, -0.016000, 0.204000, 0.161000, 0.048000
3605, 06_1_53, -0.064000, 0.265000, 0.157000, 0.328000, -0.003000, 0.085000, 0.140000, 0.033000
3606, 06_1_54, -0.031000, 0.278000, 0.198000, 0.294000, -0.038000, 0.127000, 0.104000, 0.057000
3607, 06_1_55, -0.052000, 0.301000, 0.172000, 0.302000, -0.033000, 0.074000, 0.255000, -0.030000
3608, 06_1_56, -0.062000, 0.253000, 0.195000, 0.098000, -0.064000, 0.081000, 0.003000, 0.067000
3609, 06_1_57, -0.064000, 0.285000, 0.172000, 0.318000, -0.016000, 0.098000, 0.395000, 0.069000
3610, 06_1_58, -0.013000, 0.197000, 0.223000, 0.234000, 0.110000, 0.092000, 0.277000, 0.009000
3611, 06_1_59, 0.018000, 0.213000, 0.200000, 0.278000, 0.257000, 0.049000, 0.387000, -0.017000
3612, 06_1_60, -0.015000, 0.281000, 0.225000, 0.187000, 0.024000, 0.090000, 0.051000, 0.064000
3613, 06_1_61, -0.009000, 0.317000, 0.190000, 0.247000, 0.090000, 0.006000, 0.235000, -0.049000
3614, 06_1_62, 0.010000, 0.201000, 0.154000, 0.175000, 0.105000, 0.088000, 0.111000, -0.020000
3615, 06_1_63, -0.002000, 0.272000, 0.214000, 0.209000, 0.056000, 0.152000, 0.311000, -0.095000
3616, 06_1_64, -0.005000, 0.270000, 0.227000, 0.209000, 0.041000, 0.146000, 0.119000, 0.063000
3617, 06_1_65, -0.028000, 0.349000, 0.213000, 0.243000, -0.001000, 0.101000, 0.405000, 0.098000
3618, 06_1_66, 0.034000, 0.203000, 0.233000, 0.175000, 0.086000, 0.056000, 0.305000, -0.141000
3619, 06_1_67, -0.013000, 0.312000, 0.212000, 0.242000, 0.073000, 0.023000, 0.419000, -0.008000
3620, 06_1_68, 0.016000, 0.321000, 0.233000, 0.217000, 0.080000, 0.062000, 0.373000, 0.082000
3621, 06_1_69, 0.018000, 0.262000, 0.207000, 0.262000, 0.089000, 0.014000, 0.305000, 0.017000
3622, 06_1_70, 0.050000, 0.263000, 0.171000, 0.284000, 0.101000, 0.040000, 0.115000, -0.053000
3623, 06_1_71, 0.034000, 0.309000, 0.225000, 0.203000, 0.134000, -0.084000, 0.334000, -0.092000
3624, 06_1_72, 0.050000, 0.428000, 0.250000, 0.212000, 0.115000, 0.095000, 0.387000, -0.055000
3625, 06_1_73, 0.060000, 0.264000, 0.240000, 0.261000, 0.070000, 0.078000, 0.414000, 0.026000
3626, 06_1_74, 0.067000, 0.382000, 0.238000, 0.242000, 0.175000, 0.055000, 0.520000, 0.038000
3627, 06_1_75, 0.080000, 0.237000, 0.220000, 0.206000, 0.084000, 0.089000, 0.207000, -0.028000
3628, 06_1_76, 0.101000, 0.274000, 0.261000, 0.262000, 0.253000, -0.007000, 0.215000, -0.070000
3629, 06_1_77, 0.093000, 0.234000, 0.262000, 0.162000, 0.006000, 0.143000, 0.110000, 0.197000
3630, 06_1_78, 0.096000, 0.324000, 0.286000, 0.329000, 0.342000, -0.027000, 0.498000, 0.006000
3631, 06_1_79, 0.105000, 0.236000, 0.283000, 0.165000, 0.135000, 0.024000, 0.385000, -0.036000
3632, 06_1_80, 0.124000, 0.228000, 0.177000, 0.379000, 0.362000, 0.017000, 0.261000, -0.007000
3633, 06_1_81, 0.131000, 0.134000, 0.259000, 0.172000, 0.284000, 0.062000, 0.355000, -0.045000
3634, 06_1_82, 0.107000, 0.257000, 0.239000, 0.236000, 0.387000, 0.045000, 0.213000, -0.067000
3635, 06_1_83, 0.113000, 0.198000, 0.243000, 0.211000, 0.087000, 0.034000, 0.307000, -0.032000
3636, 06_1_84, 0.150000, 0.260000, 0.272000, 0.227000, 0.363000, -0.014000, 0.184000, 0.061000
3637, 06_1_85, 0.142000, 0.265000, 0.262000, 0.237000, 0.395000, 0.135000, 0.304000, -0.056000
3638, 06_1_86, 0.166000, 0.105000, 0.270000, 0.252000, 0.272000, -0.123000, 0.244000, -0.002000
3639, 06_1_87, 0.151000, 0.098000, 0.256000, 0.226000, 0.326000, 0.052000, 0.155000, 0.095000
3640, 06_1_88, 0.198000, 0.023000, 0.293000, 0.209000, 0.438000, 0.121000, 0.529000, -0.027000
3641, 06_1_89, 0.176000, 0.129000, 0.287000, 0.184000, 0.086000, -0.027000, 0.200000, 0.043000
3642, 06_1_90, 0.194000, 0.203000, 0.292000, 0.213000, 0.137000, 0.010000, 0.232000, 0.055000
3643, 06_1_91, 0.187000, 0.146000, 0.281000, 0.191000, 0.250000, -0.131000, 0.184000, -0.010000
3644, 06_1_92, 0.170000, 0.138000, 0.313000, 0.228000, 0.324000, -0.045000, 0.186000, 0.058000
3645, 06_1_93, 0.143000, 0.196000, 0.283000, 0.159000, 0.371000, -0.054000, 0.173000, 0.160000
3646, 06_1_94, 0.190000, 0.056000, 0.313000, 0.187000, 0.357000, -0.037000, 0.457000, -0.029000
3647, 06_1_95, 0.184000, 0.121000, 0.293000, 0.129000, 0.312000, -0.070000, 0.251000, -0.016000
3648, 06_2_00, 0.084000, 0.043000, -0.369000, 0.154000, 0.159000, -0.094000, -0.501000, 0.099000
3649, 06_2_01, 0.076000, 0.234000, -0.388000, 0.328000, 0.245000, -0.003000, -0.415000, 0.084000
3650, 06_2_02, 0.046000, 0.083000, -0.341000, 0.180000, 0.061000, 0.050000, -0.418000, 0.050000
3651, 06_2_03, 0.057000, 0.295000, -0.348000, 0.318000, 0.161000, -0.082000, -0.336000, 0.020000
3652, 06_2_04, 0.120000, 0.100000, -0.329000, 0.234000, 0.134000, -0.033000, -0.363000, 0.121000
3653, 06_2_05, 0.101000, 0.237000, -0.342000, 0.289000, 0.193000, -0.160000, -0.290000, 0.012000
3654, 06_2_06, 0.057000, 0.138000, -0.324000, 0.217000, 0.156000, 0.004000, -0.318000, 0.080000
3655, 06_2_07, 0.040000, 0.387000, -0.297000, 0.268000, 0.172000, -0.129000, -0.305000, 0.006000
3656, 06_2_08, 0.193000, 0.217000, -0.334000, 0.228000, 0.165000, 0.066000, -0.432000, 0.095000
3657, 06_2_09, 0.085000, 0.252000, -0.302000, 0.321000, 0.304000, -0.004000, -0.329000, 0.030000
3658, 06_2_10, 0.094000, 0.121000, -0.353000, 0.263000, 0.126000, -0.100000, -0.373000, 0.062000
3659, 06_2_11, 0.110000, 0.239000, -0.363000, 0.263000, 0.194000, -0.115000, -0.298000, 0.008000
3660, 06_2_12, 0.098000, 0.166000, -0.296000, 0.277000, 0.150000, -0.046000, -0.344000, 0.049000
3661, 06_2_13, 0.118000, 0.184000, -0.323000, 0.254000, 0.250000, 0.120000, -0.313000, 0.045000
3662, 06_2_14, 0.120000, 0.158000, -0.358000, 0.279000, 0.132000, -0.122000, -0.523000, -0.015000
3663, 06_2_15, 0.149000, 0.136000, -0.344000, 0.233000, 0.230000, -0.094000, -0.307000, 0.040000
3664, 06_2_16, 0.152000, 0.326000, -0.354000, 0.306000, 0.161000, 0.053000, -0.454000, 0.152000
3665, 06_2_17, 0.184000, 0.205000, -0.328000, 0.248000, 0.337000, 0.041000, -0.264000, 0.132000
3666, 06_2_18, 0.124000, 0.226000, -0.325000, 0.311000, 0.262000, -0.091000, -0.362000, 0.045000
3667, 06_2_19, 0.134000, 0.261000, -0.318000, 0.227000, 0.168000, 0.018000, -0.247000, 0.093000
3668, 06_2_20, 0.136000, 0.232000, -0.325000, 0.292000, 0.280000, -0.044000, -0.478000, 0.096000
3669, 06_2_21, 0.163000, 0.165000, -0.322000, 0.200000, 0.256000, 0.067000, -0.292000, 0.146000
3670, 06_2_22, 0.195000, 0.243000, -0.325000, 0.283000, 0.240000, -0.058000, -0.339000, 0.027000
3671, 06_2_23, 0.276000, 0.199000, -0.250000, 0.158000, 0.231000, 0.009000, -0.258000, 0.141000
3672, 06_2_24, 0.193000, 0.235000, -0.318000, 0.343000, 0.168000, 0.060000, -0.368000, 0.102000
3673, 06_2_25, 0.205000, 0.173000, -0.319000, 0.245000, 0.346000, 0.250000, -0.251000, 0.239000
3674, 06_2_26, 0.214000, 0.230000, -0.295000, 0.301000, 0.183000, -0.040000, -0.381000, 0.084000
3675, 06_2_27, 0.209000, 0.216000, -0.452000, 0.694000, 0.278000, 0.104000, -0.117000, 0.181000
3676, 06_2_28, 0.201000, 0.251000, -0.241000, 0.323000, 0.298000, -0.064000, -0.341000, 0.055000
3677, 06_2_29, 0.224000, 0.200000, -0.227000, 0.224000, 0.266000, 0.061000, -0.168000, 0.224000
3678, 06_2_30, 0.226000, 0.212000, -0.279000, 0.302000, 0.275000, 0.064000, -0.349000, 0.107000
3679, 06_2_31, 0.317000, 0.447000, -0.237000, 0.199000, 0.336000, 0.056000, -0.205000, 0.122000
3680, 06_2_32, 0.208000, 0.283000, -0.242000, 0.276000, 0.241000, 0.067000, -0.316000, 0.160000
3681, 06_2_33, 0.000000, 0.000000, 0.000000, 0.000000, 0.000000, 0.000000, 0.000000, 0.000000
3682, 06_2_34, 0.265000, 0.240000, -0.248000, 0.330000, 0.279000, 0.102000, -0.290000, 0.205000
3683, 06_2_35, 0.193000, 0.530000, -0.308000, 0.728000, 0.377000, 0.232000, -0.114000, 0.230000
3684, 06_2_36, 0.237000, 0.259000, -0.365000, 0.717000, 0.346000, 0.063000, -0.207000, 0.188000
3685, 06_2_37, 0.273000, 0.296000, -0.180000, 0.649000, 0.421000, 0.202000, -0.193000, 0.245000
3686, 06_2_38, 0.236000, 0.285000, -0.261000, 0.340000, 0.422000, 0.124000, -0.252000, 0.242000
3687, 06_2_39, 0.185000, 0.566000, -0.209000, 0.234000, 0.474000, 0.267000, -0.249000, 0.401000
3688, 06_2_40, 0.296000, 0.213000, -0.222000, 0.280000, 0.575000, 0.096000, -0.214000, 0.217000
3689, 06_2_41, 0.425000, 0.423000, -0.003000, 0.632000, 0.577000, 0.083000, -0.025000, 0.136000
3690, 06_2_42, 0.282000, 0.232000, -0.233000, 0.297000, 0.633000, -0.013000, -0.059000, 0.169000
3691, 06_2_43, 0.290000, 0.298000, -0.208000, 0.278000, 0.511000, 0.046000, -0.105000, 0.189000
3692, 06_2_44, 0.332000, 0.190000, -0.183000, 0.268000, 0.653000, 0.072000, -0.037000, 0.027000
3693, 06_2_45, 0.672000, 0.342000, -0.155000, 0.191000, 0.552000, 0.193000, -0.008000, 0.224000
3694, 06_2_46, 0.341000, 0.259000, -0.206000, 0.287000, 0.446000, 0.119000, -0.150000, 0.182000
3695, 06_2_47, 0.347000, 0.346000, -0.194000, 0.341000, 0.479000, 0.106000, -0.203000, 0.250000
3696, 06_2_48, 0.345000, 0.260000, -0.191000, 0.359000, 0.501000, 0.160000, -0.192000, 0.190000
3697, 06_2_49, 0.340000, 0.331000, -0.156000, 0.349000, 0.569000, 0.170000, 0.012000, 0.239000
3698, 06_2_50, 0.380000, 0.276000, -0.105000, 0.308000, 0.289000, 0.141000, -0.106000, 0.237000
3699, 06_2_51, 0.364000, 0.366000, -0.099000, 0.364000, 0.499000, 0.171000, 0.124000, 0.210000
3700, 06_2_52, 0.369000, 0.240000, -0.169000, 0.335000, 0.266000, 0.216000, -0.120000, 0.241000
3701, 06_2_53, 0.356000, 0.372000, -0.159000, 0.370000, 0.575000, 0.182000, -0.045000, 0.188000
3702, 06_2_54, 0.378000, 0.370000, -0.301000, 0.887000, 0.322000, 0.141000, 0.197000, 0.314000
3703, 06_2_55, 0.366000, 0.388000, -0.135000, 0.362000, 0.530000, 0.101000, 0.210000, 0.254000
3704, 06_2_56, 0.380000, 0.242000, -0.121000, 0.157000, 0.313000, 0.201000, -0.043000, 0.320000
3705, 06_2_57, 0.341000, 0.409000, -0.131000, 0.363000, 0.438000, 0.174000, 0.070000, 0.254000
3706, 06_2_58, 0.434000, 0.317000, -0.094000, 0.295000, 0.739000, 0.235000, -0.031000, 0.252000
3707, 06_2_59, 0.456000, 0.383000, -0.098000, 0.395000, 0.712000, 0.192000, 0.119000, 0.235000
3708, 06_2_60, 0.429000, 0.307000, -0.105000, 0.369000, 0.606000, 0.215000, -0.065000, 0.283000
3709, 06_2_61, 0.417000, 0.323000, -0.108000, 0.374000, 0.567000, 0.167000, 0.122000, 0.237000
3710, 06_2_62, 0.432000, 0.273000, -0.067000, 0.333000, 0.342000, 0.198000, -0.073000, 0.222000
3711, 06_2_63, 0.423000, 0.339000, -0.066000, 0.331000, 0.443000, 0.148000, 0.260000, 0.269000
3712, 06_2_64, 0.427000, 0.311000, -0.079000, 0.369000, 0.616000, 0.306000, 0.045000, 0.342000
3713, 06_2_65, 0.408000, 0.366000, -0.132000, 0.446000, 0.517000, 0.197000, 0.013000, 0.223000
3714, 06_2_66, 0.435000, 0.292000, -0.076000, 0.364000, 0.682000, 0.105000, 0.155000, 0.170000
3715, 06_2_67, 0.429000, 0.310000, -0.037000, 0.344000, 0.710000, 0.301000, 0.093000, 0.268000
3716, 06_2_68, 0.436000, 0.348000, -0.061000, 0.413000, 0.624000, 0.329000, -0.016000, 0.205000
3717, 06_2_69, 0.446000, 0.313000, -0.051000, 0.351000, 0.726000, 0.246000, 0.059000, 0.294000
3718, 06_2_70, 0.449000, 0.328000, -0.029000, 0.354000, 0.671000, 0.136000, 0.140000, 0.102000
3719, 06_2_71, 0.456000, 0.282000, -0.017000, 0.281000, 0.427000, 0.240000, 0.042000, 0.114000
3720, 06_2_72, 0.480000, 0.385000, -0.011000, 0.296000, 0.671000, 0.244000, 0.100000, 0.232000
3721, 06_2_73, 0.485000, 0.291000, -0.001000, 0.378000, 0.781000, 0.295000, 0.109000, 0.145000
3722, 06_2_74, 0.488000, 0.346000, -0.020000, 0.384000, 0.686000, -0.018000, 0.373000, 0.138000
3723, 06_2_75, 0.492000, 0.301000, -0.015000, 0.324000, 0.555000, 0.353000, -0.052000, 0.207000
3724, 06_2_76, 0.497000, 0.311000, 0.035000, 0.397000, 0.698000, -0.019000, 0.283000, 0.152000
3725, 06_2_77, 0.506000, 0.247000, 0.090000, 0.100000, 0.670000, 0.119000, 0.300000, 0.309000
3726, 06_2_78, 0.504000, 0.312000, 0.050000, 0.383000, 0.627000, 0.083000, 0.064000, 0.143000
3727, 06_2_79, 0.508000, 0.259000, 0.067000, 0.268000, 0.632000, 0.147000, 0.167000, 0.165000
3728, 06_2_80, 0.521000, 0.358000, -0.063000, 0.358000, 0.691000, 0.146000, 0.206000, 0.092000
3729, 06_2_81, 0.515000, 0.291000, 0.061000, 0.222000, 0.632000, 0.207000, 0.284000, 0.173000
3730, 06_2_82, 0.503000, 0.339000, 0.048000, 0.331000, 0.747000, 0.254000, 0.000000, 0.276000
3731, 06_2_83, 0.512000, 0.233000, 0.088000, 0.181000, 0.811000, 0.332000, 0.356000, 0.162000
3732, 06_2_84, 0.532000, 0.333000, 0.070000, 0.374000, 0.784000, 0.289000, 0.473000, 0.223000
3733, 06_2_85, 0.535000, 0.281000, 0.089000, 0.286000, 0.721000, 0.258000, 0.175000, 0.196000
3734, 06_2_86, 0.521000, 0.305000, 0.094000, 0.370000, 0.793000, 0.233000, 0.118000, 0.246000
3735, 06_2_87, 0.000000, 0.000000, 0.000000, 0.000000, 0.000000, 0.000000, 0.000000, 0.000000
3736, 06_2_88, 0.558000, 0.280000, 0.123000, 0.318000, 0.790000, 0.305000, 0.214000, 0.207000
3737, 06_2_89, 0.542000, 0.354000, 0.135000, 0.374000, 0.445000, 0.202000, 0.087000, 0.286000
3738, 06_2_90, 0.553000, 0.371000, 0.125000, 0.430000, 0.771000, 0.343000, 0.422000, 0.173000
3739, 06_2_91, 0.532000, 0.343000, 0.144000, 0.404000, 0.746000, 0.245000, 0.589000, 0.260000
3740, 06_2_92, 0.515000, 0.312000, 0.144000, 0.343000, 0.799000, 0.389000, 0.517000, 0.329000
3741, 06_2_93, 0.497000, 0.342000, 0.169000, 0.391000, 0.704000, 0.398000, 0.509000, 0.374000
3742, 06_2_94, 0.567000, 0.635000, 0.424000, 0.700000, 0.665000, 0.341000, 0.147000, 0.253000
3743, 06_2_95, 0.506000, 0.364000, 0.202000, 0.340000, 0.252000, 0.236000, 0.410000, 0.369000
3744, 06_3_00, -0.078000, 0.287000, -0.062000, 0.313000, -0.238000, 0.175000, -0.173000, 0.155000
3745, 06_3_01, -0.102000, 0.436000, -0.058000, 0.443000, -0.081000, 0.055000, -0.016000, 0.182000
3746, 06_3_02, -0.110000, 0.292000, -0.012000, 0.324000, -0.273000, 0.089000, -0.186000, 0.200000
3747, 06_3_03, -0.126000, 0.450000, -0.026000, 0.445000, -0.094000, 0.087000, -0.081000, 0.167000
3748, 06_3_04, -0.055000, 0.354000, 0.010000, 0.319000, -0.186000, 0.200000, -0.161000, 0.205000
3749, 06_3_05, -0.079000, 0.451000, -0.012000, 0.452000, -0.042000, 0.094000, 0.042000, 0.101000
3750, 06_3_06, -0.091000, 0.312000, 0.007000, 0.331000, -0.276000, 0.141000, -0.040000, 0.223000
3751, 06_3_07, -0.096000, 0.403000, -0.022000, 0.425000, -0.119000, 0.091000, 0.027000, 0.160000
3752, 06_3_08, -0.074000, 0.285000, -0.013000, 0.396000, -0.269000, 0.143000, -0.137000, 0.170000
3753, 06_3_09, -0.102000, 0.358000, -0.038000, 0.401000, -0.124000, 0.134000, 0.015000, 0.158000
3754, 06_3_10, -0.073000, 0.368000, -0.034000, 0.499000, -0.273000, 0.051000, -0.159000, 0.161000
3755, 06_3_11, -0.115000, 0.481000, -0.047000, 0.428000, -0.072000, 0.136000, -0.019000, 0.155000
3756, 06_3_12, -0.100000, 0.431000, 0.018000, 0.388000, -0.278000, 0.157000, -0.034000, 0.154000
3757, 06_3_13, -0.092000, 0.321000, 0.002000, 0.417000, -0.061000, 0.153000, 0.058000, 0.206000
3758, 06_3_14, -0.089000, 0.369000, -0.021000, 0.379000, -0.222000, 0.078000, -0.071000, 0.155000
3759, 06_3_15, -0.069000, 0.282000, -0.029000, 0.348000, -0.171000, 0.182000, 0.012000, 0.273000
3760, 06_3_16, -0.044000, 0.435000, -0.023000, 0.423000, -0.145000, 0.112000, -0.091000, 0.168000
3761, 06_3_17, -0.041000, 0.350000, -0.010000, 0.350000, -0.049000, 0.244000, 0.033000, 0.227000
3762, 06_3_18, -0.121000, 0.429000, 0.005000, 0.306000, -0.284000, 0.047000, -0.045000, 0.129000
3763, 06_3_19, -0.096000, 0.339000, -0.002000, 0.297000, -0.054000, 0.205000, 0.084000, 0.177000
3764, 06_3_20, -0.080000, 0.413000, 0.003000, 0.354000, -0.303000, 0.176000, -0.038000, 0.126000
3765, 06_3_21, -0.079000, 0.318000, -0.033000, 0.356000, -0.062000, 0.242000, 0.020000, 0.236000
3766, 06_3_22, -0.078000, 0.451000, -0.008000, 0.405000, -0.218000, 0.149000, -0.056000, 0.179000
3767, 06_3_23, -0.041000, 0.311000, 0.012000, 0.285000, -0.038000, 0.241000, 0.088000, 0.246000
3768, 06_3_24, -0.062000, 0.419000, -0.007000, 0.340000, -0.236000, 0.036000, -0.039000, 0.171000
3769, 06_3_25, -0.054000, 0.290000, -0.004000, 0.284000, -0.020000, 0.223000, 0.013000, 0.192000
3770, 06_3_26, -0.055000, 0.394000, -0.009000, 0.390000, -0.210000, 0.029000, -0.034000, 0.127000
3771, 06_3_27, -0.044000, 0.353000, 0.032000, 0.258000, 0.000000, 0.246000, 0.060000, 0.231000
3772, 06_3_28, -0.035000, 0.399000, 0.049000, 0.403000, -0.112000, 0.222000, -0.088000, 0.150000
3773, 06_3_29, -0.044000, 0.359000, 0.070000, 0.401000, 0.032000, 0.256000, 0.090000, 0.290000
3774, 06_3_30, -0.032000, 0.411000, 0.032000, 0.335000, 0.026000, 0.146000, -0.084000, 0.114000
3775, 06_3_31, -0.011000, 0.342000, 0.048000, 0.268000, 0.032000, 0.257000, 0.094000, 0.287000
3776, 06_3_32, -0.123000, 0.416000, -0.065000, 0.348000, -0.221000, 0.231000, -0.070000, 0.158000
3777, 06_3_33, -0.085000, 0.435000, 0.122000, 0.393000, -0.005000, 0.243000, 0.117000, 0.201000
3778, 06_3_34, -0.098000, 0.372000, -0.088000, 0.419000, -0.130000, 0.205000, -0.013000, 0.115000
3779, 06_3_35, -0.006000, 0.359000, 0.038000, 0.322000, 0.085000, 0.216000, -0.075000, 0.282000
3780, 06_3_36, -0.168000, 0.434000, 0.003000, 0.358000, -0.178000, 0.170000, 0.060000, 0.220000
3781, 06_3_37, -0.003000, 0.325000, 0.059000, 0.295000, 0.117000, 0.226000, 0.226000, 0.205000
3782, 06_3_38, -0.028000, 0.387000, 0.033000, 0.424000, -0.105000, 0.333000, 0.067000, 0.260000
3783, 06_3_39, 0.002000, 0.350000, 0.176000, 0.359000, 0.192000, 0.290000, 0.113000, 0.277000
3784, 06_3_40, 0.022000, 0.354000, 0.048000, 0.353000, 0.044000, 0.112000, -0.077000, 0.107000
3785, 06_3_41, 0.030000, 0.396000, 0.040000, 0.351000, 0.126000, 0.185000, 0.190000, 0.181000
3786, 06_3_42, 0.003000, 0.354000, 0.056000, 0.277000, -0.030000, 0.188000, -0.007000, 0.335000
3787, 06_3_43, 0.018000, 0.376000, 0.078000, 0.344000, 0.150000, 0.232000, 0.190000, 0.149000
3788, 06_3_44, 0.077000, 0.345000, 0.090000, 0.290000, 0.085000, 0.228000, -0.006000, 0.130000
3789, 06_3_45, 0.069000, 0.355000, 0.089000, 0.389000, 0.157000, 0.175000, 0.190000, 0.177000
3790, 06_3_46, 0.091000, 0.360000, 0.049000, 0.341000, 0.242000, 0.201000, -0.060000, 0.246000
3791, 06_3_47, 0.075000, 0.432000, 0.078000, 0.366000, 0.190000, 0.209000, 0.164000, 0.228000
3792, 06_3_48, 0.076000, 0.332000, 0.051000, 0.327000, 0.007000, -0.033000, 0.104000, 0.229000
3793, 06_3_49, 0.079000, 0.370000, 0.145000, 0.379000, 0.145000, 0.059000, 0.209000, 0.178000
3794, 06_3_50, 0.114000, 0.474000, 0.166000, 0.280000, 0.115000, 0.160000, 0.152000, 0.239000
3795, 06_3_51, 0.108000, 0.411000, 0.186000, 0.429000, 0.186000, 0.029000, 0.176000, 0.135000
3796, 06_3_52, 0.115000, 0.373000, 0.047000, 0.440000, 0.139000, 0.249000, -0.004000, 0.240000
3797, 06_3_53, 0.111000, 0.439000, 0.110000, 0.364000, 0.305000, 0.050000, 0.208000, 0.184000
3798, 06_3_54, 0.161000, 0.392000, 0.142000, 0.297000, 0.108000, 0.255000, 0.176000, 0.235000
3799, 06_3_55, 0.149000, 0.429000, 0.144000, 0.418000, 0.336000, 0.041000, 0.215000, 0.148000
3800, 06_3_56, 0.116000, 0.264000, 0.088000, 0.337000, 0.032000, 0.185000, 0.038000, 0.191000
3801, 06_3_57, 0.101000, 0.410000, 0.126000, 0.324000, 0.273000, 0.174000, 0.175000, 0.120000
3802, 06_3_58, 0.125000, 0.398000, 0.129000, 0.420000, 0.240000, 0.048000, 0.065000, 0.115000
3803, 06_3_59, 0.170000, 0.388000, 0.153000, 0.305000, 0.191000, -0.041000, 0.304000, 0.136000
3804, 06_3_60, 0.189000, 0.371000, -0.079000, 0.506000, 0.277000, 0.158000, 0.064000, 0.130000
3805, 06_3_61, 0.182000, 0.372000, 0.152000, 0.273000, 0.381000, 0.130000, 0.358000, 0.136000
3806, 06_3_62, 0.203000, 0.376000, 0.154000, 0.316000, 0.262000, -0.028000, 0.164000, 0.141000
3807, 06_3_63, 0.190000, 0.384000, 0.161000, 0.294000, 0.395000, 0.090000, 0.258000, 0.147000
3808, 06_3_64, 0.181000, 0.403000, 0.154000, 0.292000, 0.193000, 0.243000, 0.108000, 0.068000
3809, 06_3_65, 0.179000, 0.364000, 0.159000, 0.347000, 0.147000, 0.184000, 0.141000, 0.125000
3810, 06_3_66, 0.193000, 0.394000, 0.126000, 0.291000, 0.444000, 0.135000, 0.032000, 0.048000
3811, 06_3_67, 0.191000, 0.357000, 0.197000, 0.328000, 0.217000, 0.139000, 0.315000, 0.166000
3812, 06_3_68, 0.226000, 0.378000, 0.186000, 0.298000, 0.352000, 0.084000, 0.353000, 0.059000
3813, 06_3_69, 0.227000, 0.335000, 0.196000, 0.223000, 0.413000, 0.086000, 0.312000, 0.023000
3814, 06_3_70, 0.230000, 0.390000, 0.205000, 0.278000, 0.320000, 0.165000, 0.248000, 0.012000
3815, 06_3_71, 0.241000, 0.307000, 0.210000, 0.194000, 0.405000, 0.139000, 0.374000, 0.039000
3816, 06_3_72, 0.236000, 0.450000, 0.200000, 0.275000, 0.330000, 0.042000, 0.040000, -0.053000
3817, 06_3_73, 0.260000, 0.299000, 0.230000, 0.156000, 0.395000, 0.170000, 0.407000, 0.164000
3818, 06_3_74, 0.244000, 0.405000, 0.044000, 0.437000, 0.324000, 0.129000, -0.001000, 0.293000
3819, 06_3_75, 0.266000, 0.303000, 0.210000, 0.210000, 0.370000, 0.135000, 0.362000, 0.061000
3820, 06_3_76, 0.000000, 0.000000, 0.000000, 0.000000, 0.000000, 0.000000, 0.000000, 0.000000
3821, 06_3_77, 0.284000, 0.249000, 0.252000, 0.190000, 0.470000, 0.019000, 0.207000, 0.077000
3822, 06_3_78, 0.282000, 0.412000, 0.264000, 0.315000, 0.216000, -0.036000, 0.182000, 0.135000
3823, 06_3_79, 0.290000, 0.306000, 0.279000, 0.193000, 0.496000, 0.097000, 0.350000, 0.158000
3824, 06_3_80, 0.299000, 0.364000, 0.139000, 0.275000, 0.302000, -0.094000, 0.258000, 0.137000
3825, 06_3_81, 0.302000, 0.244000, 0.240000, 0.171000, 0.441000, 0.128000, 0.281000, 0.170000
3826, 06_3_82, 0.290000, 0.339000, 0.245000, 0.319000, 0.258000, 0.020000, 0.408000, 0.047000
3827, 06_3_83, 0.291000, 0.282000, 0.239000, 0.261000, 0.451000, 0.188000, 0.236000, 0.262000
3828, 06_3_84, 0.323000, 0.035000, 0.272000, 0.266000, 0.511000, 0.047000, 0.324000, 0.102000
3829, 06_3_85, 0.320000, 0.277000, 0.261000, 0.225000, 0.404000, 0.103000, 0.299000, 0.087000
3830, 06_3_86, 0.337000, 0.278000, 0.279000, 0.268000, 0.487000, 0.011000, 0.488000, 0.100000
3831, 06_3_87, 0.324000, 0.230000, 0.279000, 0.206000, 0.347000, 0.098000, 0.332000, 0.154000
3832, 06_3_88, 0.362000, 0.231000, 0.308000, 0.164000, 0.340000, 0.094000, 0.346000, 0.177000
3833, 06_3_89, 0.357000, 0.211000, 0.323000, 0.110000, 0.586000, 0.132000, 0.346000, 0.050000
3834, 06_3_90, 0.371000, 0.263000, 0.325000, 0.178000, 0.659000, 0.081000, 0.411000, 0.078000
3835, 06_3_91, 0.371000, 0.210000, 0.315000, 0.188000, 0.627000, 0.086000, 0.407000, 0.014000
3836, 06_3_92, 0.356000, 0.176000, 0.331000, 0.164000, 0.445000, 0.037000, 0.364000, 0.049000
3837, 06_3_93, 0.345000, 0.206000, 0.323000, 0.149000, 0.508000, 0.102000, 0.362000, -0.007000
3838, 06_3_94, 0.375000, 0.195000, 0.358000, 0.231000, 0.324000, 0.113000, 0.325000, 0.009000
3839, 06_3_95, 0.375000, 0.225000, 0.348000, 0.230000, 0.266000, 0.137000, 0.163000, 0.059000
3840, 06_4_00, -0.142000, 0.223000, 0.181000, -0.018000, -0.103000, 0.105000, 0.049000, -0.201000
3841, 06_4_01, -0.156000, 0.379000, 0.176000, 0.129000, -0.062000, 0.078000, 0.180000, -0.205000
3842, 06_4_02, -0.105000, 0.242000, 0.232000, -0.006000, -0.098000, 0.103000, 0.079000, -0.200000
3843, 06_4_03, -0.114000, 0.378000, 0.333000, 0.168000, -0.093000, 0.046000, 0.243000, -0.193000
3844, 06_4_04, -0.070000, 0.260000, 0.182000, 0.156000, -0.130000, 0.093000, 0.111000, -0.092000
3845, 06_4_05, -0.092000, 0.377000, 0.191000, 0.183000, -0.046000, 0.041000, 0.217000, -0.219000
3846, 06_4_06, -0.101000, 0.263000, 0.209000, 0.025000, -0.075000, 0.060000, 0.111000, -0.113000
3847, 06_4_07, -0.126000, 0.354000, 0.190000, 0.164000, -0.089000, 0.041000, 0.184000, -0.196000
3848, 06_4_08, -0.091000, 0.299000, 0.195000, 0.063000, -0.207000, 0.081000, 0.109000, -0.045000
3849, 06_4_09, -0.108000, 0.347000, 0.185000, 0.184000, -0.101000, 0.081000, 0.218000, -0.134000
3850, 06_4_10, -0.076000, 0.369000, 0.201000, 0.088000, -0.174000, 0.065000, 0.150000, -0.019000
3851, 06_4_11, -0.095000, 0.330000, 0.178000, 0.182000, -0.055000, 0.050000, 0.228000, -0.204000
3852, 06_4_12, -0.076000, 0.339000, 0.215000, 0.093000, -0.158000, 0.060000, 0.097000, -0.148000
3853, 06_4_13, -0.072000, 0.303000, 0.191000, 0.182000, -0.057000, 0.123000, 0.238000, -0.181000
3854, 06_4_14, -0.088000, 0.347000, 0.198000, 0.119000, -0.169000, -0.057000, 0.077000, -0.176000
3855, 06_4_15, -0.061000, 0.251000, 0.232000, 0.088000, -0.063000, 0.065000, 0.136000, -0.013000
3856, 06_4_16, -0.079000, 0.289000, 0.206000, 0.201000, -0.164000, 0.058000, 0.138000, -0.053000
3857, 06_4_17, -0.085000, 0.313000, 0.194000, 0.200000, -0.048000, 0.132000, 0.259000, -0.083000
3858, 06_4_18, -0.077000, 0.285000, 0.217000, 0.221000, -0.189000, 0.122000, 0.079000, -0.060000
3859, 06_4_19, -0.062000, 0.281000, 0.208000, 0.160000, -0.027000, 0.154000, 0.249000, -0.046000
3860, 06_4_20, -0.066000, 0.284000, 0.180000, 0.179000, -0.067000, 0.164000, 0.128000, -0.123000
3861, 06_4_21, -0.085000, 0.264000, 0.185000, 0.136000, -0.052000, 0.122000, 0.244000, -0.008000
3862, 06_4_22, -0.046000, 0.324000, 0.209000, 0.189000, -0.149000, -0.029000, 0.200000, -0.073000
3863, 06_4_23, -0.039000, 0.235000, 0.214000, 0.127000, 0.005000, 0.166000, 0.231000, 0.012000
3864, 06_4_24, -0.042000, 0.344000, 0.229000, 0.210000, -0.148000, 0.049000, 0.183000, -0.046000
3865, 06_4_25, -0.041000, 0.283000, 0.234000, 0.176000, 0.022000, 0.185000, 0.237000, 0.054000
3866, 06_4_26, -0.065000, 0.345000, 0.235000, 0.227000, -0.065000, 0.083000, 0.097000, -0.106000
3867, 06_4_27, -0.058000, 0.283000, 0.231000, 0.166000, -0.023000, 0.178000, 0.218000, -0.005000
3868, 06_4_28, -0.047000, 0.303000, 0.218000, 0.193000, -0.095000, 0.121000, 0.231000, -0.104000
3869, 06_4_29, -0.044000, 0.264000, 0.232000, 0.155000, 0.036000, 0.185000, 0.308000, 0.031000
3870, 06_4_30, -0.045000, 0.335000, 0.226000, 0.185000, 0.035000, 0.032000, 0.173000, -0.097000
3871, 06_4_31, -0.030000, 0.271000, 0.395000, 0.163000, -0.017000, 0.154000, 0.263000, -0.050000
3872, 06_4_32, -0.013000, 0.274000, 0.227000, 0.231000, 0.026000, 0.132000, 0.207000, 0.064000
3873, 06_4_33, -0.015000, 0.241000, 0.248000, 0.190000, 0.020000, 0.197000, 0.254000, 0.052000
3874, 06_4_34, -0.025000, 0.244000, 0.216000, 0.250000, -0.006000, 0.129000, 0.138000, -0.001000
3875, 06_4_35, -0.037000, 0.277000, 0.231000, 0.209000, 0.040000, 0.157000, 0.364000, 0.003000
3876, 06_4_36, -0.013000, 0.255000, 0.229000, 0.261000, -0.016000, 0.130000, 0.341000, 0.019000
3877, 06_4_37, -0.022000, 0.266000, 0.246000, 0.221000, 0.040000, 0.194000, 0.329000, 0.042000
3878, 06_4_38, -0.004000, 0.328000, 0.256000, 0.300000, 0.019000, 0.175000, 0.133000, 0.133000
3879, 06_4_39, -0.013000, 0.322000, 0.257000, 0.244000, 0.077000, 0.199000, 0.334000, 0.135000
3880, 06_4_40, 0.034000, 0.247000, 0.291000, 0.183000, 0.031000, 0.015000, 0.214000, -0.054000
3881, 06_4_41, 0.015000, 0.287000, 0.285000, 0.211000, 0.046000, 0.093000, 0.368000, 0.109000
3882, 06_4_42, 0.018000, 0.262000, 0.277000, 0.278000, 0.001000, 0.090000, 0.379000, -0.032000
3883, 06_4_43, 0.026000, 0.249000, 0.303000, 0.238000, 0.197000, 0.183000, 0.405000, 0.129000
3884, 06_4_44, 0.045000, 0.209000, 0.280000, 0.286000, 0.055000, 0.131000, 0.187000, 0.032000
3885, 06_4_45, 0.022000, 0.316000, 0.294000, 0.225000, 0.107000, 0.110000, 0.362000, 0.122000
3886, 06_4_46, 0.065000, 0.224000, 0.280000, 0.249000, 0.031000, 0.148000, 0.214000, 0.041000
3887, 06_4_47, 0.041000, 0.366000, 0.280000, 0.325000, 0.092000, 0.132000, 0.363000, 0.080000
3888, 06_4_48, 0.051000, 0.179000, 0.305000, 0.284000, 0.043000, 0.126000, 0.295000, 0.041000
3889, 06_4_49, 0.016000, 0.328000, 0.297000, 0.313000, 0.144000, 0.136000, 0.400000, 0.099000
3890, 06_4_50, 0.096000, 0.257000, 0.356000, 0.262000, 0.091000, 0.156000, 0.363000, 0.108000
3891, 06_4_51, 0.058000, 0.350000, 0.319000, 0.325000, 0.199000, 0.110000, 0.436000, 0.045000
3892, 06_4_52, 0.090000, 0.176000, 0.312000, 0.304000, 0.090000, 0.231000, 0.251000, 0.059000
3893, 06_4_53, 0.063000, 0.333000, 0.314000, 0.318000, 0.201000, 0.074000, 0.398000, 0.103000
3894, 06_4_54, 0.042000, 0.300000, 0.357000, 0.284000, 0.147000, 0.167000, 0.288000, 0.073000
3895, 06_4_55, 0.088000, 0.295000, 0.362000, 0.175000, 0.203000, 0.124000, 0.477000, 0.016000
3896, 06_4_56, 0.105000, 0.224000, 0.358000, 0.075000, 0.086000, 0.155000, 0.376000, 0.113000
3897, 06_4_57, 0.086000, 0.317000, 0.351000, 0.327000, 0.146000, 0.102000, 0.389000, 0.079000
3898, 06_4_58, 0.140000, 0.181000, 0.381000, 0.185000, 0.114000, 0.135000, 0.283000, 0.101000
3899, 06_4_59, 0.122000, 0.267000, 0.341000, 0.334000, 0.300000, 0.049000, 0.524000, 0.022000
3900, 06_4_60, 0.141000, 0.167000, 0.402000, 0.235000, 0.167000, 0.214000, 0.324000, -0.003000
3901, 06_4_61, 0.111000, 0.282000, 0.369000, 0.325000, 0.319000, 0.246000, 0.615000, 0.093000
3902, 06_4_62, 0.146000, 0.135000, 0.420000, 0.247000, 0.275000, 0.068000, 0.596000, 0.043000
3903, 06_4_63, 0.119000, 0.261000, 0.424000, 0.338000, 0.344000, 0.114000, 0.620000, 0.087000
3904, 06_4_64, 0.151000, 0.256000, 0.433000, 0.276000, 0.145000, 0.211000, 0.601000, 0.057000
3905, 06_4_65, 0.130000, 0.313000, 0.395000, 0.363000, 0.332000, 0.245000, 0.538000, 0.157000
3906, 06_4_66, 0.194000, 0.193000, 0.431000, 0.290000, 0.179000, 0.057000, 0.254000, 0.151000
3907, 06_4_67, 0.156000, 0.255000, 0.401000, 0.327000, 0.335000, 0.180000, 0.603000, 0.131000
3908, 06_4_68, 0.184000, 0.211000, 0.426000, 0.301000, 0.198000, 0.157000, 0.313000, 0.044000
3909, 06_4_69, 0.173000, 0.258000, 0.404000, 0.380000, 0.305000, 0.107000, 0.424000, 0.136000
3910, 06_4_70, 0.195000, 0.256000, 0.422000, 0.322000, 0.392000, 0.130000, 0.620000, 0.117000
3911, 06_4_71, 0.190000, 0.132000, 0.426000, 0.210000, 0.390000, 0.115000, 0.437000, 0.139000
3912, 06_4_72, 0.208000, 0.273000, 0.448000, 0.302000, 0.184000, 0.129000, 0.305000, 0.256000
3913, 06_4_73, 0.199000, 0.257000, 0.561000, 0.376000, 0.367000, 0.218000, 0.577000, 0.227000
3914, 06_4_74, 0.226000, 0.275000, 0.387000, 0.083000, 0.408000, 0.140000, 0.336000, 0.062000
3915, 06_4_75, 0.220000, 0.201000, 0.456000, 0.321000, 0.355000, 0.093000, 0.454000, 0.140000
3916, 06_4_76, 0.220000, 0.270000, 0.362000, 0.450000, 0.419000, 0.053000, 0.391000, 0.046000
3917, 06_4_77, 0.221000, 0.199000, 0.455000, 0.278000, 0.437000, 0.271000, 0.559000, 0.218000
3918, 06_4_78, 0.242000, 0.268000, 0.462000, 0.465000, 0.440000, 0.164000, 0.384000, 0.129000
3919, 06_4_79, 0.224000, 0.204000, 0.477000, 0.240000, 0.427000, 0.249000, 0.624000, 0.269000
3920, 06_4_80, 0.238000, 0.234000, 0.494000, 0.288000, 0.352000, 0.068000, 0.582000, 0.055000
3921, 06_4_81, 0.243000, 0.187000, 0.489000, 0.289000, 0.484000, 0.309000, 0.512000, 0.247000
3922, 06_4_82, 0.262000, 0.293000, 0.494000, 0.370000, 0.308000, 0.046000, 0.448000, 0.200000
3923, 06_4_83, 0.253000, 0.258000, 0.485000, 0.358000, 0.518000, 0.374000, 0.699000, 0.324000
3924, 06_4_84, 0.258000, 0.305000, 0.511000, 0.404000, 0.403000, 0.186000, 0.636000, 0.196000
3925, 06_4_85, 0.282000, 0.170000, 0.517000, 0.291000, 0.031000, 0.414000, 0.759000, 0.441000
3926, 06_4_86, 0.294000, 0.218000, 0.524000, 0.387000, 0.476000, 0.213000, 0.505000, 0.197000
3927, 06_4_87, 0.308000, 0.093000, 0.505000, 0.359000, 0.371000, 0.211000, 0.627000, 0.235000
3928, 06_4_88, 0.276000, 0.161000, 0.577000, 0.272000, 0.255000, 0.177000, 0.520000, 0.183000
3929, 06_4_89, 0.309000, 0.236000, 0.526000, 0.325000, 0.567000, 0.328000, 0.769000, 0.350000
3930, 06_4_90, 0.260000, 0.264000, 0.579000, 0.293000, 0.223000, 0.110000, 0.535000, 0.247000
3931, 06_4_91, 0.335000, 0.265000, 0.548000, 0.297000, 0.555000, 0.297000, 0.732000, 0.433000
3932, 06_4_92, 0.335000, 0.179000, 0.619000, 0.080000, 0.530000, 0.313000, 0.665000, 0.325000
3933, 06_4_93, 0.315000, 0.256000, 0.588000, 0.146000, 0.407000, 0.107000, 0.417000, 0.247000
3934, 06_4_94, 0.356000, 0.150000, 0.624000, 0.170000, 0.486000, 0.223000, 0.608000, 0.352000
3935, 06_4_95, 0.349000, 0.047000, 0.538000, -0.103000, 0.387000, 0.086000, 0.493000, 0.208000
3936, 06_5_00, -0.371000, 0.225000, -0.101000, 0.123000, -0.313000, 0.099000, -0.204000, 0.008000
3937, 06_5_01, -0.377000, 0.572000, -0.110000, 0.275000, -0.325000, 0.088000, -0.048000, -0.067000
3938, 06_5_02, -0.357000, 0.233000, -0.051000, 0.134000, -0.471000, 0.161000, -0.209000, 0.064000
3939, 06_5_03, -0.376000, 0.429000, -0.075000, 0.309000, -0.357000, 0.068000, -0.112000, -0.040000
3940, 06_5_04, -0.316000, 0.264000, -0.102000, 0.198000, -0.412000, 0.113000, -0.203000, -0.053000
3941, 06_5_05, -0.361000, 0.442000, -0.128000, 0.289000, -0.373000, 0.092000, -0.177000, -0.035000
3942, 06_5_06, -0.349000, 0.259000, -0.137000, 0.198000, -0.467000, 0.141000, -0.292000, 0.032000
3943, 06_5_07, -0.375000, 0.418000, -0.118000, 0.283000, -0.446000, 0.141000, -0.174000, -0.033000
3944, 06_5_08, -0.333000, 0.285000, -0.126000, 0.260000, -0.402000, 0.159000, -0.300000, 0.119000
3945, 06_5_09, -0.369000, 0.437000, -0.149000, 0.267000, -0.359000, 0.118000, -0.173000, -0.059000
3946, 06_5_10, -0.320000, 0.344000, -0.135000, 0.278000, -0.416000, 0.164000, -0.343000, 0.026000
3947, 06_5_11, -0.375000, 0.407000, -0.160000, 0.315000, -0.349000, 0.096000, -0.171000, 0.003000
3948, 06_5_12, -0.333000, 0.528000, -0.295000, 0.263000, -0.480000, 0.107000, -0.334000, 0.055000
3949, 06_5_13, -0.348000, 0.365000, -0.162000, 0.240000, -0.336000, 0.104000, -0.151000, -0.039000
3950, 06_5_14, -0.438000, 0.467000, -0.143000, 0.260000, -0.442000, 0.132000, -0.305000, -0.021000
3951, 06_5_15, -0.401000, 0.375000, -0.150000, 0.203000, -0.350000, 0.100000, -0.168000, -0.024000
3952, 06_5_16, -0.362000, 0.267000, -0.233000, 0.212000, -0.440000, 0.134000, -0.379000, 0.044000
3953, 06_5_17, -0.358000, 0.405000, -0.170000, 0.264000, -0.331000, 0.165000, -0.169000, 0.008000
3954, 06_5_18, -0.318000, 0.485000, -0.145000, 0.268000, -0.429000, 0.106000, -0.261000, -0.081000
3955, 06_5_19, -0.343000, 0.355000, -0.159000, 0.206000, -0.293000, 0.149000, -0.135000, 0.031000
3956, 06_5_20, -0.693000, 0.639000, -0.211000, 0.298000, -0.457000, 0.044000, -0.280000, 0.050000
3957, 06_5_21, -0.366000, 0.369000, -0.194000, 0.223000, -0.343000, 0.202000, -0.237000, 0.091000
3958, 06_5_22, -0.306000, 0.353000, -0.187000, 0.297000, -0.335000, 0.038000, -0.308000, 0.044000
3959, 06_5_23, -0.315000, 0.351000, -0.167000, 0.175000, -0.292000, 0.190000, -0.141000, 0.027000
3960, 06_5_24, -0.412000, 0.567000, -0.163000, 0.277000, -0.360000, 0.145000, -0.319000, 0.065000
3961, 06_5_25, -0.322000, 0.342000, -0.161000, 0.181000, -0.307000, 0.212000, -0.102000, 0.079000
3962, 06_5_26, -0.334000, 0.323000, -0.135000, 0.212000, -0.462000, 0.149000, -0.280000, 0.009000
3963, 06_5_27, -0.363000, 0.341000, -0.148000, 0.181000, -0.298000, 0.215000, -0.105000, 0.075000
3964, 06_5_28, -0.269000, 0.455000, -0.156000, 0.171000, -0.522000, 0.131000, -0.232000, -0.021000
3965, 06_5_29, -0.321000, 0.352000, -0.120000, 0.300000, -0.270000, 0.228000, -0.145000, 0.165000
3966, 06_5_30, -0.350000, 0.649000, -0.165000, 0.577000, -0.375000, 0.190000, -0.222000, 0.136000
3967, 06_5_31, -0.290000, 0.162000, -0.153000, 0.138000, -0.292000, 0.258000, -0.104000, 0.051000
3968, 06_5_32, -0.424000, 0.793000, -0.280000, 0.228000, -0.295000, 0.205000, 0.026000, 0.105000
3969, 06_5_33, -0.243000, 0.301000, -0.145000, 0.204000, -0.297000, 0.253000, -0.119000, 0.038000
3970, 06_5_34, -0.274000, 0.470000, -0.166000, 0.254000, -0.360000, 0.189000, -0.202000, 0.080000
3971, 06_5_35, -0.290000, 0.350000, -0.161000, 0.169000, -0.225000, 0.278000, -0.047000, 0.088000
3972, 06_5_36, -0.317000, 0.478000, -0.148000, 0.335000, -0.303000, 0.255000, -0.146000, 0.065000
3973, 06_5_37, -0.279000, 0.247000, -0.136000, 0.215000, -0.227000, 0.213000, 0.021000, 0.102000
3974, 06_5_38, -0.370000, 0.310000, -0.110000, 0.203000, -0.355000, 0.196000, -0.077000, 0.207000
3975, 06_5_39, -0.269000, 0.223000, -0.118000, 0.232000, -0.247000, 0.179000, -0.045000, 0.133000
3976, 06_5_40, -0.261000, 0.178000, -0.093000, 0.197000, -0.254000, 0.169000, 0.067000, 0.063000
3977, 06_5_41, -0.252000, 0.255000, -0.116000, 0.212000, -0.201000, 0.164000, 0.009000, 0.015000
3978, 06_5_42, -0.281000, 0.247000, -0.070000, 0.181000, -0.328000, 0.080000, -0.039000, 0.185000
3979, 06_5_43, -0.255000, 0.345000, -0.079000, 0.217000, -0.174000, 0.159000, 0.042000, -0.001000
3980, 06_5_44, -0.239000, 0.192000, -0.091000, 0.187000, -0.228000, 0.171000, -0.079000, 0.119000
3981, 06_5_45, -0.284000, 0.262000, -0.066000, 0.259000, -0.182000, 0.249000, 0.020000, 0.061000
3982, 06_5_46, -0.257000, 0.325000, -0.026000, 0.213000, -0.181000, 0.243000, 0.248000, 0.205000
3983, 06_5_47, -0.218000, 0.329000, -0.061000, 0.266000, -0.124000, 0.307000, 0.066000, 0.065000
3984, 06_5_48, -0.202000, 0.533000, -0.052000, 0.240000, -0.271000, 0.178000, 0.001000, 0.160000
3985, 06_5_49, -0.236000, 0.240000, -0.041000, 0.234000, -0.148000, 0.254000, 0.057000, 0.068000
3986, 06_5_50, -0.252000, 0.429000, -0.024000, 0.312000, -0.155000, 0.222000, -0.070000, 0.144000
3987, 06_5_51, -0.209000, 0.409000, -0.009000, 0.281000, -0.116000, 0.286000, 0.152000, 0.085000
3988, 06_5_52, -0.205000, 0.261000, -0.039000, 0.204000, -0.127000, 0.321000, -0.087000, 0.133000
3989, 06_5_53, -0.193000, 0.350000, -0.013000, 0.270000, -0.101000, 0.244000, 0.147000, -0.011000
3990, 06_5_54, -0.254000, 0.281000, 0.000000, 0.182000, -0.219000, 0.328000, -0.009000, 0.103000
3991, 06_5_55, -0.195000, 0.395000, 0.036000, 0.316000, -0.228000, 0.354000, 0.180000, 0.042000
3992, 06_5_56, -0.202000, 0.334000, 0.072000, 0.236000, -0.203000, 0.336000, 0.023000, 0.133000
3993, 06_5_57, -0.245000, 0.345000, 0.005000, 0.302000, -0.054000, 0.311000, 0.172000, 0.106000
3994, 06_5_58, -0.219000, 0.325000, 0.029000, 0.175000, -0.140000, 0.294000, 0.056000, 0.087000
3995, 06_5_59, -0.183000, 0.431000, 0.055000, 0.205000, -0.071000, 0.329000, 0.219000, 0.239000
3996, 06_5_60, -0.173000, 0.310000, 0.060000, 0.192000, -0.175000, 0.316000, 0.053000, 0.111000
3997, 06_5_61, 0.000000, 0.000000, 0.000000, 0.000000, 0.000000, 0.000000, 0.000000, 0.000000
3998, 06_5_62, -0.185000, 0.226000, 0.106000, 0.199000, -0.156000, 0.244000, 0.024000, 0.075000
3999, 06_5_63, -0.167000, 0.350000, 0.072000, 0.224000, -0.062000, 0.362000, 0.223000, 0.022000
4000, 06_5_64, -0.200000, 0.380000, 0.080000, 0.227000, -0.100000, 0.302000, -0.026000, 0.046000
4001, 06_5_65, -0.084000, 0.721000, 0.098000, 0.245000, -0.117000, 0.260000, 0.207000, 0.020000
4002, 06_5_66, -0.139000, 0.203000, 0.124000, 0.121000, -0.080000, 0.303000, 0.064000, 0.024000
4003, 06_5_67, -0.114000, 0.544000, 0.112000, 0.276000, -0.053000, 0.223000, 0.204000, 0.034000
4004, 06_5_68, -0.128000, 0.274000, 0.105000, 0.208000, -0.225000, 0.262000, 0.024000, 0.035000
4005, 06_5_69, -0.107000, 0.412000, 0.104000, 0.190000, -0.061000, 0.252000, 0.179000, 0.062000
4006, 06_5_70, -0.162000, 0.258000, 0.019000, 0.306000, -0.246000, 0.230000, -0.018000, 0.163000
4007, 06_5_71, -0.123000, 0.261000, 0.114000, 0.108000, -0.052000, 0.176000, 0.164000, 0.062000
4008, 06_5_72, -0.134000, 0.384000, 0.128000, 0.157000, -0.228000, 0.243000, 0.069000, 0.096000
4009, 06_5_73, -0.122000, 0.255000, 0.148000, 0.170000, -0.081000, 0.135000, 0.157000, 0.613000
4010, 06_5_74, -0.126000, 0.358000, 0.140000, 0.261000, -0.242000, 0.126000, 0.063000, 0.029000
4011, 06_5_75, -0.106000, 0.270000, 0.158000, 0.205000, -0.201000, 0.313000, -0.025000, 0.393000
4012, 06_5_76, -0.094000, 0.250000, 0.178000, 0.217000, -0.029000, 0.066000, 0.615000, 0.032000
4013, 06_5_77, -0.086000, 0.092000, 0.186000, 0.057000, 0.030000, 0.574000, 0.441000, 0.196000
4014, 06_5_78, -0.098000, 0.274000, 0.172000, 0.217000, -0.097000, 0.141000, 0.562000, 0.135000
4015, 06_5_79, -0.082000, 0.210000, 0.153000, 0.064000, 0.101000, 0.453000, 0.314000, 0.187000
4016, 06_5_80, -0.084000, 0.288000, 0.180000, 0.134000, -0.049000, 0.185000, 0.502000, 0.151000
4017, 06_5_81, -0.114000, 0.201000, 0.148000, 0.112000, -0.104000, 0.365000, 0.256000, 0.095000
4018, 06_5_82, -0.097000, 0.379000, 0.182000, 0.124000, 0.015000, 0.199000, 0.292000, 0.001000
4019, 06_5_83, -0.108000, 0.224000, 0.165000, 0.203000, -0.076000, 0.377000, 0.187000, 0.100000
4020, 06_5_84, -0.141000, 0.334000, 0.186000, 0.129000, 0.126000, 0.196000, 0.224000, 0.003000
4021, 06_5_85, -0.106000, 0.290000, 0.170000, 0.071000, -0.062000, 0.396000, 0.168000, 0.079000
4022, 06_5_86, -0.120000, 0.311000, 0.203000, 0.106000, -0.002000, 0.213000, 0.251000, 0.064000
4023, 06_5_87, -0.091000, 0.259000, 0.162000, 0.144000, -0.071000, 0.292000, 0.272000, 0.110000
4024, 06_5_88, -0.062000, 0.301000, 0.202000, 0.196000, -0.158000, 0.243000, 0.287000, 0.018000
4025, 06_5_89, -0.057000, 0.328000, 0.187000, 0.163000, 0.046000, 0.187000, 0.375000, 0.249000
4026, 06_5_90, -0.010000, 0.252000, 0.222000, 0.174000, 0.037000, 0.210000, 0.224000, 0.019000
4027, 06_5_91, -0.074000, 0.364000, 0.181000, 0.137000, -0.044000, 0.204000, 0.120000, -0.085000
4028, 06_5_92, -0.055000, 0.381000, 0.221000, 0.193000, 0.075000, 0.160000, 0.304000, -0.118000
4029, 06_5_93, 0.048000, 0.546000, 0.227000, 0.147000, 0.067000, 0.095000, 0.146000, -0.059000
4030, 06_5_94, 0.002000, 0.193000, 0.265000, -0.039000, 0.362000, 0.191000, 0.364000, -0.111000
4031, 06_5_95, -0.023000, 0.164000, 0.103000, 0.009000, -0.059000, 0.267000, 0.113000, -0.028000
4032, 07_0_00, 0.175000, 0.266000, -0.331000, 0.392000, 0.052000, 0.179000, -0.432000, 0.341000
4033, 07_0_01, 0.173000, 0.416000, -0.339000, 0.606000, 0.225000, 0.085000, -0.367000, 0.269000
4034, 07_0_02, 0.183000, 0.323000, -0.318000, 0.471000, 0.114000, 0.161000, -0.522000, 0.327000
4035, 07_0_03, 0.163000, 0.373000, -0.330000, 0.602000, 0.133000, 0.094000, -0.385000, 0.197000
4036, 07_0_04, 0.000000, 0.000000, 0.000000, 0.000000, 0.000000, 0.000000, 0.000000, 0.000000
4037, 07_0_05, 0.173000, 0.399000, -0.349000, 0.596000, 0.294000, 0.115000, -0.164000, 0.147000
4038, 07_0_06, 0.203000, 0.378000, -0.336000, 0.468000, 0.062000, 0.175000, -0.414000, 0.299000
4039, 07_0_07, 0.178000, 0.389000, -0.341000, 0.582000, 0.229000, 0.054000, -0.290000, 0.167000
4040, 07_0_08, 0.217000, 0.327000, -0.300000, 0.506000, 0.130000, 0.211000, -0.456000, 0.226000
4041, 07_0_09, 0.196000, 0.378000, -0.320000, 0.596000, 0.297000, 0.151000, -0.356000, 0.226000
4042, 07_0_10, 0.184000, 0.341000, -0.332000, 0.528000, 0.036000, 0.113000, -0.356000, 0.251000
4043, 07_0_11, 0.154000, 0.347000, -0.356000, 0.579000, 0.243000, 0.094000, -0.336000, 0.124000
4044, 07_0_12, 0.199000, 0.541000, -0.296000, 0.502000, 0.103000, 0.009000, -0.409000, 0.213000
4045, 07_0_13, 0.198000, 0.373000, -0.299000, 0.530000, 0.259000, 0.149000, -0.238000, 0.211000
4046, 07_0_14, 0.186000, 0.366000, -0.292000, 0.523000, 0.007000, 0.121000, -0.303000, 0.191000
4047, 07_0_15, 0.212000, 0.305000, -0.278000, 0.506000, 0.297000, 0.092000, -0.281000, 0.243000
4048, 07_0_16, 0.253000, 0.390000, -0.251000, 0.549000, 0.264000, 0.101000, -0.342000, 0.197000
4049, 07_0_17, 0.238000, 0.314000, -0.287000, 0.557000, 0.377000, 0.197000, -0.361000, 0.242000
4050, 07_0_18, 0.127000, 0.395000, -0.294000, 0.536000, 0.027000, 0.054000, -0.439000, 0.163000
4051, 07_0_19, 0.146000, 0.307000, -0.288000, 0.496000, 0.133000, 0.105000, -0.290000, 0.228000
4052, 07_0_20, 0.186000, 0.408000, -0.292000, 0.512000, 0.080000, 0.097000, -0.407000, 0.293000
4053, 07_0_21, 0.213000, 0.297000, -0.281000, 0.488000, 0.369000, 0.213000, -0.112000, 0.250000
4054, 07_0_22, 0.154000, 0.406000, -0.268000, 0.509000, 0.163000, 0.095000, -0.437000, 0.183000
4055, 07_0_23, 0.153000, 0.258000, -0.254000, 0.457000, 0.113000, 0.196000, -0.095000, 0.237000
4056, 07_0_24, 0.179000, 0.391000, -0.225000, 0.542000, 0.065000, 0.075000, -0.333000, 0.187000
4057, 07_0_25, 0.184000, 0.277000, -0.225000, 0.444000, 0.193000, 0.118000, -0.048000, 0.239000
4058, 07_0_26, 0.207000, 0.409000, -0.246000, 0.533000, 0.024000, 0.030000, -0.384000, 0.183000
4059, 07_0_27, 0.227000, 0.292000, -0.224000, 0.439000, 0.486000, 0.055000, -0.192000, 0.193000
4060, 07_0_28, 0.213000, 0.401000, -0.198000, 0.473000, 0.058000, 0.112000, -0.232000, 0.170000
4061, 07_0_29, 0.230000, 0.311000, -0.188000, 0.431000, 0.382000, 0.154000, -0.013000, 0.314000
4062, 07_0_30, 0.193000, 0.382000, -0.220000, 0.512000, 0.066000, 0.067000, -0.276000, 0.177000
4063, 07_0_31, 0.201000, 0.260000, -0.213000, 0.419000, 0.245000, 0.060000, -0.201000, 0.159000
4064, 07_0_32, 0.174000, 0.382000, -0.217000, 0.531000, 0.083000, 0.216000, -0.341000, 0.229000
4065, 07_0_33, 0.186000, 0.308000, -0.194000, 0.447000, 0.180000, 0.174000, 0.031000, 0.276000
4066, 07_0_34, 0.191000, 0.385000, -0.181000, 0.534000, 0.111000, 0.161000, -0.308000, 0.221000
4067, 07_0_35, 0.193000, 0.342000, -0.180000, 0.453000, 0.256000, 0.047000, 0.034000, 0.273000
4068, 07_0_36, 0.195000, 0.393000, -0.224000, 0.525000, 0.151000, 0.151000, -0.334000, 0.296000
4069, 07_0_37, 0.189000, 0.337000, -0.205000, 0.441000, 0.206000, 0.141000, 0.012000, 0.284000
4070, 07_0_38, 0.177000, 0.373000, -0.185000, 0.516000, 0.135000, 0.195000, -0.012000, 0.243000
4071, 07_0_39, 0.172000, 0.369000, -0.167000, 0.485000, 0.159000, 0.143000, -0.026000, 0.255000
4072, 07_0_40, 0.236000, 0.392000, -0.129000, 0.446000, 0.224000, 0.197000, -0.054000, 0.314000
4073, 07_0_41, 0.220000, 0.390000, -0.139000, 0.440000, 0.483000, 0.091000, -0.091000, 0.253000
4074, 07_0_42, 0.196000, 0.363000, -0.136000, 0.463000, 0.235000, 0.234000, 0.085000, 0.251000
4075, 07_0_43, 0.173000, 0.389000, -0.135000, 0.468000, 0.240000, 0.177000, -0.031000, 0.115000
4076, 07_0_44, 0.210000, 0.315000, -0.167000, 0.475000, 0.269000, 0.307000, -0.026000, 0.189000
4077, 07_0_45, 0.186000, 0.385000, -0.172000, 0.483000, 0.581000, -0.020000, -0.055000, 0.244000
4078, 07_0_46, 0.183000, 0.383000, -0.105000, 0.453000, 0.627000, 0.105000, -0.096000, 0.194000
4079, 07_0_47, 0.193000, 0.421000, -0.102000, 0.476000, 0.243000, 0.230000, -0.019000, 0.123000
4080, 07_0_48, 0.152000, 0.368000, -0.085000, 0.409000, 0.145000, 0.213000, -0.086000, 0.320000
4081, 07_0_49, 0.148000, 0.384000, -0.080000, 0.443000, 0.528000, 0.032000, 0.014000, 0.106000
4082, 07_0_50, 0.205000, 0.403000, -0.105000, 0.412000, 0.267000, 0.159000, -0.127000, 0.194000
4083, 07_0_51, 0.191000, 0.404000, -0.113000, 0.457000, 0.612000, 0.007000, 0.020000, 0.090000
4084, 07_0_52, 0.199000, 0.349000, -0.061000, 0.442000, 0.231000, 0.021000, -0.118000, 0.170000
4085, 07_0_53, 0.177000, 0.393000, -0.074000, 0.512000, 0.532000, 0.036000, 0.289000, 0.072000
4086, 07_0_54, 0.202000, 0.351000, -0.020000, 0.450000, 0.535000, 0.147000, 0.209000, 0.154000
4087, 07_0_55, 0.188000, 0.377000, -0.018000, 0.448000, 0.330000, -0.005000, 0.251000, 0.134000
4088, 07_0_56, 0.229000, 0.287000, -0.026000, 0.453000, 0.257000, 0.054000, -0.186000, 0.275000
4089, 07_0_57, 0.210000, 0.385000, -0.034000, 0.464000, 0.408000, -0.015000, 0.016000, 0.146000
4090, 07_0_58, 0.246000, 0.327000, 0.013000, 0.407000, 0.210000, 0.126000, -0.014000, 0.092000
4091, 07_0_59, 0.219000, 0.38000×­¶ë­Ê×¬¢h­µçKŒÍŒÎLLŒNMLŒLLÌŒMŽLËŽÍWÎKŒNLLŒŒÌŒŒÎŒŽLŒŒÍŒŒMMŒNLŒŒŒMŽMŽÍWÎ‹ŒŒÌÌŒLÌÌŒLŒÍLNLŒÌLŒŒÌŒŒÌŒMŽMKŽÍWÎËŒŒŒMÍŒŒLŒÌLÌŒŽLŒNÌŒLŒLŒÌLŒMŽM‹ŽÍWÎŒŒÌŒLMLŒNLŒŽMÌŒŒÍŒŒMÌŒŽŒMÌŒMŽMËŽÍWÎKŒŒŒŒŒMÎLŒNŒMLMŒLŒÍŒÌŒÌÌŒŒÌŒŒMŽNŽÍWÎLŒMÌŒLÌŒÌŒŒŒŒŒŒŒLÍŒŒŒŒMÎŒMŽNKŽÍWÎLKŒŒÍÌŒMLŒÌŒŒNLLNLŒMÍŒŒÌŒŒŒMÌŽÍWÎL‹ŒŒŒLŒMMÌŒÌŒNMÌŒŒLLŒŽÌŒLLŒMÌKŽÍWÎLËŒŒŒMÌŒŒŽLŒŒŒÌŒÌŒŒLŒLLŒMÌ‹ŽÍWÎMŒÌŒMÍÌŒÍÌŒNNLŒNŒŒLŒŒÌLLŒLŒŒMÌËŽÍWÎMKŒŒNLŒNLŒŒÍŒÍŒMÎŒLLŒŒŽŒŒŒLŒMÌŽWÌÌŒŒŒŒŒŒŒŒŒMÌKŽWÌÌKŒÌŒŒLLŒNMÌŒŽLŒÌLŒÌŒLŒLLŒŒŒMÌ‹ŽWÌÌ‹ŒŒŒMLLŒMÌŒMNLŒŒŒLÌLŒŒŒLŒMÌËŽWÌÌËŒŒŒŒŒŒŒŒŒMÌŽWÌÌŒLÍLŒÌLLŒMÌŒNŒLŒLŒLLŒNŒLŒLŒMÌKŽWÌÌKŒLŒLŒMÌŒŒÌÌŒLŒLŒÍÌLŒMLŒŒŒMÌLŽWÌÌ‹ŒŒÌŒLNLŒLÍLŒMŽLŒÌÌŒLLŒMMŒŒMŒLŒMÌLKŽWÌÌËŒÌŒNLŒLŒMLŒŒLMLLŒÌLŒLÌŒLŒLŒMÌL‹ŽWÌÌŒŒLŒŒÌLLŒLMŒNÌŒMŒLŒLŒLLŒŽMÌŒÌŒMÌLËŽWÌÌKŒŒŒŒŒŒŒŒŒMÌMŽWÌÌLŒÌŒŒLÌÌLŒNLÌŒŽŒŒÌLŒLŒŒLLŒŒŒMÌMKŽWÌÌLKŒŒŒŒŒŒŒŒŒMÌM‹ŽWÌÌL‹ŒŒŒMLLŒŒŒLLŒŒLŒLLŒMNLLŒŽLŒMÌMËŽWÌÌLËŒÌŒŒMÌLŒÍŒŒŒLŒLLŒÎLLŒLŒLLŒMÌNŽWÌÌMŒŒŒŒŒŒŒŒŒMÌNKŽWÌÌMKŒŒŒŒŒŒŒŒŒMÌŒŽWÌÌM‹LŒLŒÌŒLŒMŒŒÍLLŒŒÌLŒŒLŒŒŒLŒŒÌŒMÌŒKŽWÌÌMËŒLŒLÍLLŒÌLŒŒÌLŒLLŒÍLLŒLMÌŒNŒMÌŒ‹ŽWÌÌNŒMÌŒMNLŒLŒÌŒŽLŒNLŒÌLŒLLŒŽŒMÌŒËŽWÌÌNKŒÍLŒMLLŒMŒŒŒÌŒMÌŒMŒLŒLŒLLŒMÌŽWÌÌŒŒÎŒMŽLLŒNŒLLŒŽLLŒMLŒNÌLŒŒMÌKŽWÌÌŒKŒŒŒŒŒŒŒŒŒMÌ‹ŽWÌÌŒ‹LŒÌŒMŒLŒMŒŒŒÌLŒLLLŒLLŒŽÌLŒLLŒMÌËŽWÌÌŒËŒLÌŒLŒMŒŒLŒNŒLŒLŒLÌŒŒMÌŽŽWÌÌŒŒŒMÌÌLŒÌŒŒLLŒLLLŒLLLŒŒÍŒŒÌŒMÌŽKŽWÌÌKŒŒŒŒŒŒŒŒŒMÌÌŽWÌÌ‹ŒÍÌŒMÌLLŒŒMLŒÎLŒLLŒNNLLŒŽŒMÌÌKŽWÌÌËLŒLŒLŒLŒMŒŒLŒLLŒMLŒMŒÍŒŒMÌÌ‹ŽWÌÌŽLŒÌŒLŽLLŒMÍŒŒNLLŒŒLŒLLŒŒLLLŒÍŒŒMÌÌËŽWÌÌŽKŒŒŒŒŒŒŒŒŒMÌÍŽWÌÌÌLŒMLŒNLLŒMÌŒŒLŒÌLLŒLŽLLŒŒÎŒNŒMÌÍKŽWÌÌÌKLŒLLŒLŽLLŒLŒŒLÌLŒLŒŒŒLŒŒŒLŒMÌÍ‹ŽWÌÌÌ‹ŒŒNÌLŒLLŒLLŒLÌLŒLŒMLŒÌŒMÌÍËŽWÌÌÌËŒLŒNLLŒÌŒŒLŒÌŒÌLLŒNLŒMÌŒŒMÌÎŽWÌÌÍŒŒŒÎLLŒMŒŽŒLŒLLŒÍÌLŒMŒŒŒLŒMÌÎKŽWÌÌÍKŒLŒŒLLŒLŽLNÌLŒŒŒLŒLŒŒŒNŒMÍŽWÌÌÍ‹ŒMLŒLŽLŒÎŒŽLŒLŒMLLLŒMNŒÌŒMÍKŽWÌÌÍËLŒÍŒŒLŒŒŒÌŒÌMŒLŒÌŒŒLLŒŒMLŒMÍ‹ŽWÌÌÎLŒŒMÎLLŒLÍŒÎŒÍŒMÌLŒÌŒÎLŒMÍËŽWÌÌÎKŒÍŒŒNÌŒÍŒÌÍLŒLŒLLŒŒLŒLŒMÍŽWÌÍŒŒŒŒŒŒŒŒŒMÍKŽWÌÍKŒÍŒLLLŒŒŒLLŒŒŒŽLLŒŽŒÎŒMÍ‹ŽWÌÍ‹ŒŒŒLŒLÌŒŒŽLLŒLLŒMLLŒMMŒLŒMÍËŽWÌÍËLŒŒŒŒÎLLŒMŒŽLÌŒÌLŒÍŒNŒÌÌŒMÍŽWÌÍLŒMÌŒMLŒLŒŒŒLŒLŒNLŒŒLÌŒMÍKŽWÌÍKŒLŒŒÌLŒLÌŒŽŒLŒÎLŒÌLŒŒŒLMŒŒMÍLŽWÌÍ‹LŒLŒMŒŒŒŒŒMLLŒNLŒLŒŒMÌŒMÍLKŽWÌÍËLŒLŒŒNŒŒÎLLLŒÍÌŒLŒÍŒLLŒŒMÍL‹ŽWÌÍLŒŒLŒLÌLŒLŒŒŽŒLŒLŒLLŒMŒŒÌLŒMÍLËŽWÌÍKŒMÌŒMLŒÎLŒŽLŒÌŒŽLŒLLŒŒMÍMŽWÌÍLŒNLŒMŒŒŒŒŒÍÌŒLŒNNLŒNLŒŒMÍMKŽWÌÍLKŒÌŒŒŒLLÌŒÌŒŒLŒLŒMLŒÌŒNŒMÍM‹ŽWÌÍL‹LŒÎLŒMÍŒLŒLÌŒŽMŒLŒLLŒŽLŒLLŒŒŒŒMÍMËŽWÌÍLËŒLLŒŒLÌŒŒŒÌŽLŒÎŒLŒLŒMLŒMÍNŽWÌÍMLŒŒŒMÌŒÍÌŒÌLLŒNLLŒMLLŒNLŒŒMÍNKŽWÌÍMKŒÍŒNLÌŒLLLŒÌLLŒÎLŒÌŒŒŒLŒŒŒMÍŒŽWÌÍM‹ŒŒLLLŒLŒŒMŒŒLŒÍÌLŒMŒNLŒMÍŒKŽWÌÍMËŒŒŒŒLŒLÌLŒÍÌÌŒLŒŒŒŒŒLLŒNŒMÍŒ‹ŽWÌÍNŒLLŒMLŒÎŒÌŒLŒMÌLŒMLŒÌLŒMÍŒËŽWÌÍNKŒŒÌŒMŒLŒLŒÌÌÌŒNŒMŒŒMLŒŒMŒMÍŽWÌÍŒLŒLŒMŽŒŒÌŒŒŽLLŒLLLŒÎLŒMÌŒMÍKŽWÌÍŒKŒŒMLŒMLŒÌNŒMLLŒÎLŒŒÌŒLŽŒMÍ‹ŽWÌÍŒ‹ŒÌŒMŒMLŒNLŒŽLŒNŒÌŒLŒMÍËŽWÌÍŒËŒLŒMÌŒNLÌŒÍÍLŒMLLŒÌŒLÌŒLŒMÍŽŽWÌÍLŒŽLŒÌÌŒÌLŒNLŒLÌŒÍÌŒLŒŒŒÌŒMÍŽKŽWÌÍKŒŽŒMÌLLŒÌLLÌŒMMÌLŒMŒMŽLŒŒŒŒMÍÌŽWÌÍ‹ŒÌŒŒŒMNLŒÌÌLŒMÍŒMŒŒŒLŒŒŒMÍÌKŽWÌÍËŒÌÌŒLŒŒÌŒÌŒŒNLLŒŽLŒÌŒLŽŒMÍÌ‹ŽWÌÍŽŒŒŒŒLŒLÌLŒÌLŒŒMMŒÍLŒLLŒMÌŒMÍÌËŽWÌÍŽKŒÌLŒMŒLŒMŒÌÌŒŒLŒÌŒŒŒLLŒŒMÍÍŽWÌÍÌŒLLŒNŒŒLMŒŒŒLŒNLLŒLŒÌŒLŒMÍÍKŽWÌÍÌKŒŒŒŒŒŒŒŒŒMÍÍ‹ŽWÌÍÌ‹ŒLLLŒŒLLŒŒŒLÌŒŒLŒÍÌŒMŒMÍÍËŽWÌÍÌËŒLŒLŒLŒŒŒŒŒÍÌŒMÌŒMLLŒLŒMŒŒMÍÎŽWÌÍÍŒŒŽMLŒŒŒÍÌŒÌÌŒŒŒÍŒŒMÍŒMÍÎKŽWÌÍÍKŒLÌŒMÍÌŒÍMŒŒÌŽŒÌÌŒŒÌÌŒNMŒŒNMŒMÎŽWÌÍÍ‹ŒLŒÌLLŒŒÌLŽLLŒMÌLŒŒMÎKŽWÌÍÍËŒŽŒÍÌÌŒŒÎLÌŒLŒÌÌŒÎLŒMŒLŒMÎ‹ŽWÌÍÎŒLŒŽMŒŒÌŒŒÍŽLŒŒÌŒÎMÌŒŒMÎËŽWÌÍÎKŒŒŒŒŒMNŒÍÎŒŒÌŒÍŒÌLŒLLŒÌÌŒŒŒÌÌŒMÎŽWÌÎŒLLÍŒŒÍÍLŒMLÌÍLŒMÌŒŒLŒLLÌŒMÎKŽWÌÎKŒŒŒŒŒŒŒŒŒMÎ‹ŽWÌÎ‹ŒLLŒŒÎŒÌÌŒMNLŒÍLŒÍÍŒŒÍŒŒMÎËŽWÌÎËŒŒŒŒŒŒŒŒŒMÎŽWÌÎŒMŒŽNLNŒÍŒMŽLLŒLÌMÍŒŒŒMLŒMÎKŽWÌÎKŒÌŒMLÌŒMŒŒÌNÌLŒÍMÌŒŒŒMÎLŽWÌÎ‹ŒŒÍÌŒMLÌŒMNŒÎÌLLŒŒÌŒNLŒMÎLKŽWÌÎËŒNMÌŒMNLŒÌMLŒŒÌŒÍŒLŒŽÌŒNLŒÌLŒMÎL‹ŽWÌÎŒŒŒÌŒMÌŒÍŒLŒŒLLŒÍÌŒLŒMLÌŒÍLÌŒMÎLËŽWÌÎKŒNNLŒMÍLŒÎLŒÎŒŒLÌÌŒÌÌLŒŽÌŒMÎMŽWÌÎLŒŒŒŒÌŒÎŒŽNLÍLŒŽŒLLŒMÎMKŽWÌÎLKŒŒMÌŒNMÌŒÎNLŒŽLŒŒÍÌŒÌŒŒÍŒÌLŒMÎM‹ŽWÌÎL‹ŒŒLŒŒŒÎLÌŒŒÎLŒŒLŒŽŒMÎMËŽWÌÎLËŒŒLÌŒŒÎÌŒÍMŒÌŽLŒMÍŒŒŒŒŒMÎNŽWÌÎMŒŒMÌŒÎMŒÎLŒŒŒMŒŒÌŒLÌÌLŒŒÎŒMÎNKŽWÌÎMKŒŒMŒŒNLLŒÌŒŒÌŒÌÍŒŒMŒÍLŒMŽŽWÌWÌLŒLLŒLŒÌŒNNLŒŒÍŒLŒÌLLŒMŒŒŒÌŒMŽKŽWÌWÌKLŒLŒMMLŒLÌLLŒÎLŒÌLLŒÍLŒÎŒMŽ‹ŽWÌWÌ‹LŒLNLŒLLŒÌLŒÍŒLŒŽLLŒÌÌLŒŒLŒŽLŒMŽËŽWÌWÌËLŒLŒMNLLŒŒŒÎLŒLŒLLŒÍŒLŒÌŒLÌŒMŽŽWÌWÌLŒLLŒŒMŒLŒÍŒŽLLŒÍLŒMŽLŒMÌŒŒÌŒMŽKŽWÌWÌKLŒŒŒŒMŒLŒŒLŒÎLÌLŒŒLŒŽLÌŒŒŒÌŒMŽ‹ŽWÌWÌ‹LŒMÌŒÎLŒÍLŒŒMŒLŒNLŒLŒÌŽLLŒLŒŒLŒMŽËŽWÌWÌËLŒLŒLÌŒLÌLLŒLŒÌLLŒŒŒLŒMŽŽWÌWÌLŒÌLŒNLLŒLŒÌŒÌLŒMLŒMÌLLŒLMŒŒŒÌŒMŽKŽWÌWÌKLŒMÌŒLNŒÍÌLŒLLŒÍŒŒLÌŒÌŒŒMŽLŽWÌWÌLLŒLMŒŒLŒLŒLLŒŽLŒLŒŒMLŒŒÌLŒŒŒNLŒŒMŽLKŽWÌWÌLKLŒLŒMŒLŒŒLŒLLŒŽLLŒMŒŒŒŒMŽL‹ŽWÌWÌL‹LŒMLLŒLÌLŒŽŒŽLŒLŒŽMLŒŒÌLŒÎŒŒŒMŽLËŽWÌWÌLËLŒLŒLLŒLŒLŒÍNLŒMŒLŒŒŒLŒŒLÌLŒMŽMŽWÌWÌMLŒŒÌLŒNLLŒNLŒÎLLŒÌÌLŒLŒLŒMÎŒMŽMKŽWÌWÌMKLŒLŒŒÍÌLŒLLŒÌÍLLŒÍLLŒÌÎLŒLLŒŒMLŒMŽM‹ŽWÌWÌM‹LŒLŒŒNLŒLŒŽMLLŒŒŒLŒŒLLŒLŒÌŒŒMŽMËŽWÌWÌMËLŒLNŒMÌLŒŒÍLLŒLLLŒŒÌLŒŒŒŒÍÌŒMŽNŽWÌWÌNLŒMMŒŒMNLŒŒÍÍLŒÌLŒÎLLŒÍŒŒLÌŒMŽNKŽWÌWÌNKLŒLNLŒMLÌLŒLLŒÌÌÌŒMÌLŒLÍÌŒŽŒLŒMŽŒŽWÌWÌŒLŒMÌÌŒNNLŒŒŒÎLLŒŒLŒŽLLŒÍÌŒMÌŒMŽŒKŽWÌWÌŒKLŒLŒLMLŒŒÍLŒÌLLLŒÌLLŒNMŒLNLŒŽLŒMŽŒ‹ŽWÌWÌŒ‹LŒMLŒMŒÌLŒMÌŒÌÍLLŒŒŒLŒŒLŒLŒŒLŒŒMŽŒËŽWÌWÌŒËLŒLLÌŒLLLLŒLŒŽŒLŒMÌLŒLNŒMLŒŽLŒMŽŽWÌWÌLŒMMŒÎLŒLŒÌŽLŒNLŒMLŒÌŒÌÍLŒMŽKŽWÌWÌKLŒLŒŒLŒŒLŒLŒŒÌŒLŒLŒLŒLNŒŒÎLŒMŽ‹ŽWÌWÌ‹LŒMŒŽLLŒŒLÌLŒŽLLŒLŒLŒŒŒŒÌÌŒMŽËŽWÌWÌËLŒLŽŒMÌŒLÌŒÍŽLLŒLLŒLÌŒMLŒÍLŒŒMŽŽŽWÌWÌŽLŒMŒÌŒLŒMÌŒÎÌLŒMÍŒLŒÎLLŒÎLŒŒMŽŽKŽWÌWÌŽKLŒLŒMNLŒNLŒÍLŒÌLŒLŒŒÍŒÌŽŒMŽÌŽWÌWÌÌLŒLÎLŒŒÍŒLŒLŒÎMŒLŒMLLŒŒŒŒŒLŒŒŒMŽÌKŽWÌWÌÌKLŒLŒŒLNŒNLŒÎLŒLLŒMLŒÌŒŒÍLŒMŽÌ‹ŽWÌWÌÌ‹LŒMÌŒŒŽLŒŒÎLŒLLŒLŒŒÌŒÍLŒMŽÌËŽWÌWÌÌËLŒLNŒMÎŒÍŒŒLŒMLŒÌŒLMLŒŒŒMŽÍŽWÌWÌÍLŒMLŒŒŽLŒLLŒMŒŒÎŒÎLŒÌŒŒMŽÍKŽWÌWÌÍKLŒMÌŒŒLŒLŽLŒÎNLLŒÎLLŒŒMŽŒMŽÍ‹ŽWÌWÌÍ‹LŒMLLŒŒLŽLŒLLŒŒŒLŒŒŒÌLŒŒMŽÍËŽWÌWÌÍËLŒLMLŒMÍŒŒLŒÎLŒŒLŒŒÎLŒÍÍŒMŽÎŽWÌWÌÎLŒLLÌŒMÌŒMNLŒÍŒŒMÌŒNLŒŒMŽÎKŽWÌWÌÎKLŒLŒŒÌLŒLŒÎLŒLŒŒLŒŒMMŒŒÍMÌŒMŽŽWÌWÍLŒLŒŒÌŒÍMŒLLŒÍÌŒŽŒŒÍÌŒMŽKŽWÌWÍKLŒŒŽŒŒLÌŒLMLLŒÍŒŒŒLŒMŽ‹ŽWÌWÍ‹LŒLMŒÌLŒÎLŒŒÌLŒMŒNÌŒÍÌÌŒMŽËŽWÌWÍËLŒŽLŒÌŒNLŒLLŒÎLŒŒLŒÎŒMŽŽWÌWÍLŒÍÌŒLÌŒLŒŒŒLŒLŒŽLÌŒÌŒMŽKŽWÌWÍKLŒMŒÌMŒÌÌLMŒŒLÍÌLŒŒŒŒÌŒÍMŒMŽ‹ŽWÌWÍ‹LŒMŒŒŒŒÌŒMŒŒMLŒÎÌŒMŽËŽWÌWÍËLŒŒÌÍŒÍÌÌŒLÌLŒÌŒŒÌŒMŽŽWÌWÍLŒŒÌŒÌÌŒLŒÍŽLŒLLŒÍÌŒŒŒMÌŒMŽKŽWÌWÍKLŒLŒÌÌLŒÌÌÌŒMLLŒÎŒŒÌŒÎÌŒMŽLŽWÌWÍLLŒŒŒŒŒŒŒŒÌLŒÎLŒMŒŒLÌŒŽÌŒMŽLKŽWÌWÍLKLŒLÌŒNLLŒÌŒLLŒLLŒMŒŒMŽL‹ŽWÌWÍL‹LŒÍLŒŒÍŒŒŒMŒNÌŒLLŒNÌLŒMŽLËŽWÌWÍLËŒÌŒÌÎLŒMÍLMŒŒLLŒMNŒNÌŒÎLŒMŽMŽWÌWÍMLŒŒŒNMLŒLLMŒŒLMLŒŒÌŒNLLŒÌÌÌŒMŽMKŽWÌWÍMKŒŒÌÎLŒLŒŒLŒMŒŽŒŒÌŒÌMŒŒMŽM‹ŽWÌWÍM‹ŒMŒŒÌÌÌŒŒLŒŒŽŒŒÌÌŒŒŒMŽMËŽWÌWÍMËŒLŒÎŒLLLŒLŒŒÌŒŒLŒÍŒÌŒMŽNŽWÌWÍNŒÍŒÍÌŒLMLÌŒŒŒÌŒLŽLŒÍNŒŒÍÌŒMŽNKŽWÌWÍNKŒÍÌŒÎŒŒMŒŒŒŒMLŒŒLŒŒLÌŒÍÍŒMŽŒŽWÌWÍŒŒLMLŒÍLŒLLLÎŒŒŒŒŒLLŒMÍŒŒMŽŒKŽWÌWÍŒKŒLNŒŒŒÌÌLŒMÌÌŒLLŒLMŒŒMŽŒ‹ŽWÌWÍŒ‹ŒLÍÌŒÍÌŒMLŒLŒŽMŒŒLNŒŽÌŒÍŒÌŒMŽŒËŽWÌWÍŒËŒLLŒÌŒMLÌŒŒŒLŒŽŒÌŒMŽŽWÌWÍŒŒÌŒÍÌŒMLÌŒLMŒŒÌÌŒŒLMŒMŽKŽWÌWÍKŒMLŒÍNLŒŒÍLŒŒÌŒLŒŒNNLŒŒMŽ‹ŽWÌWÍ‹ŒLMLÌŒLÍŒŒNLŒŒMŒŒNLŒMŽËŽWÌWÍËŒMŽMÌÌŒLÍLLŒÌLŒŒLÌŒŒŒMLŒŒMŽŽŽWÌWÍŽŒNLŒÍMLŒMLŒŽŒLŒŒŽŒŽMŒŒMŽŽKŽWÌWÍŽKŒŒNŒÌŒŒŒŒLMLŒÌŒŒŽÌŒŒNLÌŒMŽÌŽWÌWÍÌŒŒŽLŒÍÌŒMŒŒŒMŒÌŽLŒMŽÌKŽWÌWÍÌKŒŒŒÌŒŽŒŒMŒLŒŒÍLŒLNLŒŒLŒÎLŒMŽÌ‹ŽWÌWÍÌ‹ŒŒÍÍÌŒNNLŒŒŒLŒMÌÌŒŒNŒÍLŒMŽÌËŽWÌWÍÌËŒMÌŒÌŒMÍŒLLŒÌLŒŒŒŒÌLŒÌÌLŒMŽÍŽWÌWÍÍŒMNŒÍNŒMMMLÌŒÌŒLÌŒŒŒLÌŒMŽÍKŽWÌWÍÍKŒÌŒÍŒMÍÌŒŒÍŒŒNMŒŒŒÍMLŒMŽÍ‹ŽWÌWÍÍ‹ŒLŒÍŒÍÌLLŒŒÍÌŒLŽÌŒŒLŒMŽÍËŽWÌWÍÍËŒŽŒŒÌLŒÌMÌÍŒMŒŒMNŒŒŒLŒMŽÎŽWÌWÍÎŒŒÎLLLŒMŽŒŽŒÌŒNÌŽŒŒÌÎŒMŽÎKŽWÌWÍÎKŒÌLÌŒÌŽLLÌŒŒÎŒŒNLMÌÌLŒMŽŽWÌWÎŒÌÌLŒŒŒÌŒÍŽMLŒMLŒMÌŒÍŒŒMŽKŽWÌWÎKŽLŒÍNŒŒÌLMLŒÍNLŒŒMÌŒÌÌŒMŽ‹ŽWÌWÎ‹ŒÌÌÌŒÌLÍŒLÌŒŒLŒÌŽŒÍŒŒMŽËŽWÌWÎËŒÌŒŒÍLŒŒŒŽMLŒÌÍŒŒÎŒŒÌÍLŒMŽŽWÌWÎŒÌÌŒLŒŒÌÌMÎŒÍLŒNNLŒÍÌŒMŽKŽWÌWÎKŒÌÍLŒÍLŒŒLLÌŒŒÎLŒŒNLÌŒŒÌŒŒMŽ‹ŽWÌWÎ‹ŒÍÌŒÍMŒNNLMÌŒÌLŒŒÌÌLMÌŒŒŒMŽËŽWÌWÎËŒÍÌŒŒÌŒLŒŒÍMŒŒLÌLŒÌÍŒMŽŽWÌWÎŒÍLŒŽLŒNLLLŒMŒŒŽLÌŒÌÌŒÌLÌŒMŽKŽWÌWÎKŒÍŒŒŒÍÌŒLŒŒŒÍŒŒÍŒŒÍŒŒMŽLŽWÌWÎLŒNŒŒÍŒŒÌŒŒÍÌLŒÎLLŒŒLŒÍNLŒMŽLKŽWÌWÎLKŒÍLLÍŒLLLÌŒMLLŒÍŒMŽL‹ŽWÌWÎL‹ŒÌLŒÍŒŽLÍLŒÌÌÌÌÌLMÌŒMŽLËŽWÌWÎLËŒÌÎLŒÎÌŒMÌLŒLŒÌÌŒŽMŒŒÍŒŒŒMŽMŽWÌWÎMŒÍŒŒÎÌŒŒÌLLÍLŒŒNÌÍŒÍÍŒŒMŽMKŽWÌWÎMKŒÍÍLŒÌMLLLŒÍNLŒMMLŒŒŒŒÌÌŒMŽM‹ŽWÌ—ÌLŒLLŒŒLŒŒLÌLŒŒŒLLŒÌLŒÍÌLŒÌLŒMŽMËŽWÌ—ÌKLŒÎLLŒŒÍLŒŒŒMLŒLŒÍÍÌLŒLŒÍMLŒŒŒMŽNŽWÌ—Ì‹LÌŒŒLŒŒŒLLŒLÌLÎLLŒÌLŒÌÎLŒÌLŒMŽNKŽWÌ—ÌËLŒMŽLŒŒLŒÍLLŒÍLLŒLŒLLŒÌLLŒÍLŒMŽLŽWÌ—ÌLÎLŒLÍLŒÌLŒÌLLŒŒLLŒÌŒMŽLKŽWÌ—ÌKLŒÎMLŒMŒLLŒŒLŒŒÌLŒÍNLŒLŒŽLLŒÍMLŒMŽL‹ŽWÌ—Ì‹LNLŒÌLŒŒŽLŒLLŒLLŒLLMLLŒÍLÌŒMŽLËŽWÌ—ÌËLŒÌŒLŒLŒMÌŒÍŒLŒÎMLLŒNNLŒÍNLLŒŒMŽLŽWÌ—ÌLŒÎLŒŒNLÌLŒŒLŒLŒNLLŒÍÌLŒÎNLŒŽŒŒMŽLKŽWÌ—ÌKLŒÎŒŒLÍÌLŒLÌLŒŒÌLŒMÎLLŒMÌLŒLLŒÌŽLŒMŽL‹ŽWÌ—ÌLLŒÍÍLŒLLLŒŒLÌLŒÌLLÌŒLŒLÌLŒÍLLŒÌNLŒMŽLËŽWÌ—ÌLKLŒÎLŒLMLŒŒÌLŒÌLŒÍLLŒLLŒÎLLŒÍLŒMŽLŽWÌ—ÌL‹LŒŒŽLŒŒLÌŒLÌLÌLŒMLLŒÍÍLLŒÍLŒMŽLKŽWÌ—ÌLËLŒÎMÌŒÎLLŒŽMLŒLÌLŒÍLLŒLÌLŒŒÌLŒŽMŒŒMŽLLŽWÌ—ÌMLŒÎŒLŒLŒŒMLLLŒMŽLŒÎLLŒÍŒMŽLLKŽWÌ—ÌMKLŒÍŒÌLŒÌLŒMŒLŒÌLLŒLÌLŒÎLŒŽNLŒMŽLL‹ŽWÌ—ÌM‹LLLŒŒMÌLŒŽÌŒLLMŒLŒÌLLŒÌŽŒMŽLLËŽWÌ—ÌMËLLŒÌNLLŒLLŒLLŒÌÌLŒLLŒÍLŒÌÌŒMŽLMŽWÌ—ÌNLÌŒLÌŒLŒÍŒŒŒLLLŒÍMÌLŒLŒÎLŒÌÌŒMŽLMKŽWÌ—ÌNKLŒÎÌŒÌLŒÌLŒŒÌLŒÌMŒÌLŒÌÌŒLŒŽLŒMŽLM‹ŽWÌ—ÌŒLÍŒMNLŒŒŒŒŒŒLŒÎNLŒLŒLŒÍÌÌLŒÍŒMŽLMËŽWÌ—ÌŒKLLŒŒŽLLŒMLŒŒLŒÍMŒMŒLŒŽLLŒŒLŒMŽLNŽWÌ—ÌŒ‹LÌŒLNLLŒŒŒŒLLŒÍÌŒLŒLMŒLŒÌÎLLŒÌLŒMŽLNKŽWÌ—ÌŒËLŒÎLŒŒLŒŒÍŒLŒŒLŒŽŒŒNLŒŽLŒÍLŒMŽLŒŽWÌ—ÌLLŒŒMMÌLŒŒŒÍÌLŒÍÎLŒŒLLLŒÌLÌŒMŽLŒKŽWÌ—ÌKLŒÎŒLŒLŒLŒŒLLŒŒŒÌŒLLŒŒÍLLŒMLŒMŽLŒ‹ŽWÌ—Ì‹LŒŒMLLŒŽŒLŒLŒÌÌLŒLLŒÍLLLŒNŒMŽLŒËŽWÌ—ÌËLŒÎNLŒLŒMLŒÌLŒŒLŒŒLLŒLLŒŒŽLŒMŽLŽWÌ—ÌŽLŒÌŒMNLŒŽŒŒNLŒLLLŒŒLŒÎÌLŒÌLŒMŽLKŽWÌ—ÌŽKLLŒÍLLŒLÌLŒLÌLŒÌŒLLŒMLLŒŒŒMŽL‹ŽWÌ—ÌÌLŒŒLLŒŽLŒNLŒÌÌLŒLLLŒNMŒLŒÍŒLŒMŽLËŽWÌ—ÌÌKLŒÎLŒŒŒLŒÌÌLŒLLŒÎLŒÌLŒMÎLŒŒŒÌŒMŽLŽŽWÌ—ÌÌ‹LŒÎŒLLLLŒŽLŒLLLŒLŒLŒMŒLŒLŒLŒMLŒMŽLŽKŽWÌ—ÌÌËLŒÍÌÌŒÍLLŒNŒNLLŒÎLŒLLŒNMŒLŒMÍŒŒMŽLÌŽWÌ—ÌÍLŒÎNLŒLŒLŒÌÌŒLLLŒŒLŒLMŒLŒŒŽLLŒŒŽŒMŽLÌKŽWÌ—ÌÍKLŒÎŒMLŒLŒÎLLŒŒŒMŒLŒŒÌLŒMÌŒMŽLÌ‹ŽWÌ—ÌÍ‹LŒÎŒLÌLŒÎLŒLÌŒLŒÌLLŒMÌLŒMÌLŒMMŒŒMŽLÌËŽWÌ—ÌÍËLŒÍŒŒLLLŒLLŒÌLŒLÍÌŒMŒLŒLLŒLMLŒMŽLÍŽWÌ—ÌÎLŒÎLŒLŽLLŒŒÌLŒLŒÌLLŒLLÌLŒMŒMŽLÍKŽWÌ—ÌÎKLŒÍÍŒŒMMÌLŒŒÎLŒLLŒŒŒLLŒLLŒLLÌŒMŽLÍ‹ŽWÌ—ÍLŒÍÍÌŒMLÌLŒMLŒÍÌLŒNLŒMLLŒLŽLŒMŒŒMŽLÍËŽWÌ—ÍKLŒÍÌLŒLŒLŒLŒŒÌLŒNNŒLŒLLŒLŒŒMŽLÎŽWÌ—Í‹LŒÍÍŒŒLLLŒŒÌŒMLLŒNLŒŒLŒLÌÌLŒLLŒMŽLÎKŽWÌ—ÍËLŒÍÍŒMMLLŒÌŒLLŒLÎLŒMLLŒÌLŒNŒŒMŽMŽWÌ—ÍLŒÍŽLŒLLŒLŒŒLŒÌŒŽLŒLŒNMŒŒMŽMKŽWÌ—ÍKLŒÍŽLŒMNLLŒŒÍŒŒŒLŒMÎŒŒLŒNLLŒMLŒMŽM‹ŽWÌ—Í‹LŒÍNŒLLŒŒÍÌLŒLÍÌLŒŒLŒNŒLŒNŒŒMŽMËŽWÌ—ÍËLŒÍŒŒLLŒMNŒLLŒÌŒÍŒLŒÌŒLŒMLŒMŽMŽWÌ—ÍLŒÍLŒLLLŒMLŒLLŒŒLLŒNLLŒLMLŒNNLŒMŽMKŽWÌ—ÍKLŒÍÌŒŒŒLŒŒŒMLLŒLÍLŒŒLLŒÌÌLŒLŒŒMŽM‹ŽWÌ—ÍLLŒÍLŒNLLŒŒŒMÌLŒŒLÌŒÌLLŒMŒLŒLLÌŒMŽMËŽWÌ—ÍLKLŒÍMÌŒŒÍLLŒŒŒLŒLŒMÍLŒLŒLŒLÌLŒLÌŒŒMŽMŽWÌ—ÍL‹LŒÌÍŒŒMŒLŒŒŽLŒLŒLÌLŒLŽLLŒMŒÌLŒMLŒMŽMKŽWÌ—ÍLËLŒÍŒŒŒLÌLŒLŒMÌLŒMMŒŒLŒÎLLŒLÌŒMŽMLŽWÌ—ÍMLŒÌÍÌŒLÎLŒŒÌŒLÌLŒMŒLŒLÌLŒMMLLŒLLŒMŽMLKŽWÌ—ÍMKLŒÍŒŒMLLŒŒÌÌŒLŒLŒMÌŒÌÌLŒLLŒLÍŒŒMŽML‹ŽWÌ—ÍM‹LŒÌÍLŒMÍÌLŒŒŒLŒÌLLŒŒŒLŒLLŒMÍÌLŒŒMŽMLËŽWÌ—ÍMËLŒÍŒŒŒÎLŒŒŒÌŒMMÌLŒMLŒLLLŒÎLLŒŒMŽMMŽWÌ—ÍNLŒÌNŒMÌLŒŒMLŒMLLŒÌŒŒLŒLLŒLLÌŒMŽMMKŽWÌ—ÍNKLŒÌŽŒŒŒLŒŒMÌŒMŒŒMÌŒLMŒLŒLŒÌŒMŽMM‹ŽWÌ—ÍŒLŒÌNLŒMLŒNNŒLÌLLŒŒŒLŒLÌŒŒMŽMMËŽWÌ—ÍŒKLŒÌLŒŒLLŒŒŒŒLMLLŒLLŒÍŒŒLŒŒÌŒMŽMNŽWÌ—ÍŒ‹LŒÌŒŒLŒLŒŒŒMLŒÍÌŒLÌŒLŒLŒÌŒMŽMNKŽWÌ—ÍŒËLŒÌLŒMÍÌLŒNMLŒÌLŒŒLŒLŒLŒLÌŒMŽMŒŽWÌ—ÍLŒŽNLŒNNLŒNMŒŒMMÌLŒŒMŒŒLLLŒŒMŽMŒKŽWÌ—ÍKLŒÌŽŒŽLLŒNMÌŒMÍŒLŒŒŒŒLŒÌŒÌLŒŒLŒMŽMŒ‹ŽWÌ—Í‹LŒŽNLŒŒÌLLŒMÌLŒMŒLŒLLŒŒÌŒŒLLŒÌLŒMŽMŒËŽWÌ—ÍËLŒÌLÌŒLŒMLŒŒLÌLŒŒŒÌLŒLLŒLMLŒMŽMŽWÌ—ÍŽLŒŽLŒŒŒŒLŒNŒNÌŒLŒLŒLÍLLŒMLŒŒMŽMKŽWÌ—ÍŽKLŒŽLŒNŒLŒMŒLŒMLLŒLŒŒLLŒNLŒMŒŒMŽM‹ŽWÌ—ÍÌLŒNLŒMÎLŒMŒLMÌLŒLŒŒLŒŒLŒLNLŒMŽMËŽWÌ—ÍÌKLŒŒMNLŒLÌŒŒÎŒLLŒMÌŒLMLLŒŒMŽMŽŽWÌ—ÍÌ‹LŒŒÎLŒMŒLŒMLŒLŒŒLLŒLŒÌŒŒMŽMŽKŽWÌ—ÍÌËLŒŒÎŒLÍŒLŒMLŒMŒLŒLŒLŒLŒÌŒMÌŒMŽMÌŽWÌ—ÍÍLŒŒŒŒŒLŒMŒŒŒLÌLŒÌÌŒŒÌŒÌLŒLMŒMŽMÌKŽWÌ—ÍÍKLŒŒŒMÌÌLŒLŒÌŒŒŒLLŒÌŒMLLLŒÍŒMŽMÌ‹ŽWÌ—ÍÍ‹LŒŒLŒÌLŒLLŒŒŽŒÎŒŒŒÌNLLŒMÎŒMŽMÌËŽWÌ—ÍÍËLŒŒMÌŒLÌLLŒLŒŒLŒMNLŒNLŒÎNLŒLŽLŒMŽMÍŽWÌ—ÍÎLŒŒŒŒŒLŒÌŒŒÌŒŽLLŒŽŒÍLLŒLŒŒMŽMÍKŽWÌ—ÍÎKLŒŒÌŒLÎLLŒLŒŒŒLÌŒLNLŒLLŒÌÌLLŒÎŒMŽMÍ‹ŽWÌ—ÎLŒŒMŒŒLŒNŒNLLŒÌÌŒMÌŒÍLÌLŒLNLŒMŽMÍËŽWÌ—ÎKLŒŒLŒÍLLŒŽLŒÌŒLÌLŒLLNLLŒŒŒMŽMÎŽWÌ—Î‹LŒŒLŒŒLLŒLŒLÎŒMÌŒÌŒMŒŒŒMŽMÎKŽWÌ—ÎËLŒÎLŒMÍŒLŒLLLŒNÌŒLŒLŽLLŒŒŒMŽNŽWÌ—ÎLŒNMÌŒLLŒÎŒŒLŒÌŒLŒÌÍŒLŒMLŒMŽNKŽWÌ—ÎKLŒNLŒMLÌLŒÍŒMNŒMLŒŒLÎLŒŒŒŒMŽN‹ŽWÌ—Î‹LŒMŒŒŒÍLŒLŒNLŒŒŽŒNLLŒMŒŒMŽNËŽWÌ—ÎËLŒMÌŒŒLŒLLŒMŽŒMÍŒŒNŒŽÌLŒÌŒMŽNŽWÌ—ÎLŒLŒLLŒNLŒMŒLŒLŒŒLŒÍÌŒŒMŽNKŽWÌ—ÎKLŒLÎŒMNLŒÌŒNLÌŒÍŒMÌŒŽLŒLŒŒMŽN‹ŽWÌ—ÎLLŒLŒLŒMÌÌLŒLŒMŒLŒŽLŒLŒLŒLŒŒMŽNËŽWÌ—ÎLKŒŒŒŒŒŒŒŒŒMŽNŽWÌ—ÎL‹LŒLÌŒŒNŒŒŒLŒÌŒŒŽŒÎMLŒŒMŽNKŽWÌ—ÎLËLŒLÍÌŒNLLLŒMŒMŒLŒLŒŒÌÌŒÎLŒÌŒMŽNLŽWÌ—ÎMLŒLÌŒŒMLŒLŽŒÍŒŒLŒMŒMŽNLKŽWÌ—ÎMKLŒLŒMLŒNŒNLŒLÌŒLMŒŒÌÌÌLŒMÌŒMŽNL‹ŽWÌ×ÌLŒŽLŒLÌŒMLŒMLŒŒMŒŒŒŒMŽNLËŽWÌ×ÌKLŒŽLŒŽŒŒÍÌÌŽLLLŒŒŒÍMŒŒŒŒMŽNMŽWÌ×Ì‹LŒŒÌŽLŒÎMMLLŒÍLÎŒMŒŒŽLÌŒMŽNMKŽWÌ×ÌËLŒÌÌŒŒÍŽÍŽLŒŒŒŒÍÌLŒŒÌÌŒŒMÌŒMŽNM‹ŽWÌ×ÌLŒŒMŒŽMŒÌŒŒŒLŒÍÌLNLŒNNLŒŒÌLŒMŽNMËŽWÌ×ÌKLŒÌLÌLŒŒÎLÌŒÌLŒŒÎNLŒŒŒŒŒNŒMŽNNŽWÌ×Ì‹LŒŒÎLŒMÌLŒÍLÌŒÍŒŒMÌLŒNÌŒMŽNNKŽWÌ×ÌËLŒÌŒÎLLŽLLŒÍLŒÌŒŽLŒMÌŒMÌŽWÌ×ÌLŒNLNÌLŒŒÌLŒÎLÍÌŒŒLÌŒÌMŒŒMÌKŽWÌ×ÌKLŒMŒŒLLŒÎLŒÍŽLŒMŽLŒMMLŒMÌ‹ŽWÌ×ÌLLŒMÍÌŒLŒŒLŒŽŒÍÌŒŒÍLŒLLŒMÌËŽWÌ×ÌLKLŒŒLLLLÌNLŒŒÌŒÍLÌŒŽMŒŒŒMÌŽWÌ×ÌL‹LŒNMÌMÌMMÌLŒŽŒŒMMŒNŒMŒMÌKŽWÌ×ÌLËLŒŒÌŒLMŒLŒŒŒŽMLŒÍMŒMMÌŒMÌ‹ŽWÌ×ÌMLŒNÌMLÌMLLŒÍNLŒMŒÌŒLŒÌŒMÌËŽWÌ×ÌMKLŒŒLÌŒÍLÎMÌLŒÎŒÌMŒŒŒÎŒŒŒMÌŽWÌ×ÌM‹LŒŒMLLŽLNÌLŒŒMÌŒŒŒÌŒŒÎLŒMÌKŽWÌ×ÌMËLŒLŒÍÍÌÍŒLŒŽLŒŒLŒÌÍÌŒNŒMÌLŽWÌ×ÌNLŒŒÌŒÌŒÌMÍŒLŒŒŒŒŒÍŒŒŒLLŒLŒMÌLKŽWÌ×ÌNKLŒŒMŒŒÍMŒŒÍÌLLŒŒŒŽLLŒÌLŒLMŒŒMÌL‹ŽWÌ×ÌŒLŒÍŒÌÌŒÍÌLLLŒÍLLŒMLŒMÎŒŒŒMÌLËŽWÌ×ÌŒKLŒŒÍŒŒÍÌLŒÌLŒÌŒŒŒÍLŒÌŽŒÎLŒMÌMŽWÌ×ÌŒ‹LŒLŒŒÍLLLÌLŒÍÎLŒLŒÍÌLŒŒŒMÌMKŽWÌ×ÌŒËLŒŒŒŒŒNLŒÍLŒŒMŒŒMŒÌŒÍŒÌŒMÌM‹ŽWÌ×ÌLŒNŒŽLÌŒÌMŒŽLŒLŒÌŒŒŒŒÌLŒLŒLÎLŒMÌMËŽWÌ×ÌKLŒŒLŒNMÍÌŒÍLLŒŒÌŒMÌLŒÍÍLLŒŽLŒMÌNŽWÌ×Ì‹LŒNMŒLÌŒÌLŒLŒÌŒLLŒŒLLŒNLŒMÌNKŽWÌ×ÌËLŒNLÌŒLŒŒŽLLŒŒLŒMLÌLŒLÌŒMÌŒŽWÌ×ÌŽLŒŒLŒŒŽLŒÍLŒÍLŒŽMŒMŒŒÎLŒLŽŒMÌŒKŽWÌ×ÌŽKLŒŒMÌŒMNLMŒMNLLŒNNŒŽLÌLŒŒMÌŒ‹ŽWÌ×ÌÌLŒMÌŒLLŒŒÍÌLŒŽLLŒŽLŒMLLLŒLÌŒMÌŒËŽWÌ×ÌÌKLŒNMLŒMŒLLŒLLLŒNŒŒMŒLŒÍÌŒMÌŽWÌ×ÌÌ‹LŒŒLŒNLŒÍLLŒMÌÌLŒÌMLŒNŒÎÌLŒŒLŒMÌKŽWÌ×ÌÌËLŒMÌÌŒÌLMÌŒMŒLŒLÌÌLŒÌLLLŒLŒŒMÌ‹ŽWÌ×ÌÍLŒNŒŒŒŒŒŽLŒŽÌLŒNMŒŽLŒLÌÌŒMÌËŽWÌ×ÌÍKLŒŒŒÌŒMLLŒLÌLŒŒŽLLŒLŒLŒMLŒMÌŽŽWÌ×ÌÍ‹LŒŒÍŒŒMLŒŒŒMLŒLŒŒÌŒLŒMÌŒÌLŒLLŒMÌŽKŽWÌ×ÌÍËLŒMÌLŒMLLLLŒÌÌLŒLÌLŒMŒMÌÌLŒMLŒMÌÌŽWÌ×ÌÎLŒMMLŒÍÌMŒŒLLÌLŒLÌLŒLNMLLŒLŒLŒMÌÌKŽWÌ×ÌÎKLŒNŒLÌŒLŒLŒLÍŒLŒÌNÌLŒŒŒŒMÌÌ‹ŽWÌ×ÍLŒLÌLLŒLÌMÌLŒÌÌLŒMLLŒÌŽLŒÎLŒMÌÌËŽWÌ×ÍKLŒMLŒLLMŒŒLLŒLÌLLŒŒŒLLŒÍLŒŒMÌÍŽWÌ×Í‹LŒLNLLŒLLMMŒŒLŒMMÌLŒMÎMÌLLŒŒMÌÍKŽWÌ×ÍËLŒMLLŒŒLÍLLŒLLŒÌLŒÌLMÌLŒÌŒMÌÍ‹ŽWÌ×ÍLŒLLLŒMÌŒMLLŒŒLŒMÍŒLŒŒLLÌLŒMŒMÌÍËŽWÌ×ÍKLŒLÍÌLŒNMLLLŒLŒMLŒŽMÌMNLŒÌŒŒMÌÎŽWÌ×Í‹LŒNLLŒMLMLLLŒÌLLŒMLŒŽLÌNLLŒŽŒŒMÌÎKŽWÌ×ÍËLŒLÌLŒMÍŒLÍLLŒLLŒÌLŒÍÍÌNŒLŒÌLÌŒMÌŽWÌ×ÍLŒLLŒMLÌÎLŒÌLŒNLŒÌNMŒLŒÍÌÌŒMÌKŽWÌ×ÍKLŒLLŒLŒŒŒMLLŒŒÌŒÍÌLŒNLŒLÌŒMÌ‹ŽWÌ×ÍLLŒNLLŒMŒLNLLŒLŒÌLŒLŒÌLÌLLŒÌŒŒŒMÌËŽWÌ×ÍLKLŒLÌLŒŒÌÌMLLŒÍÌLŒÌLLÍŒŒLLNŒMÌŽWÌ×ÍL‹LŒLŒNŒLŒMMLLŒÍLLŒÎLŽLLŒŒŒMÌKŽWÌ×ÍLËLŒŽLLŒÍMMŒLŒMŒŒŒLLÌNMÌLŒÌŒMÌ‹ŽWÌ×ÍMLŒÌÌLŒÌÌŒŒLÌLŒLŒLŒÌLÍLŒNLÌLŒMÌËŽWÌ×ÍMKLŒÍÌLŒÌŽLMLLŒŒLŒÍÌLLMLŒLLLÍLŒMÌŽWÌ×ÍM‹ŒLLŒMLLŒŒŽLŒÌLLŒÌLŒMÌKŽWÌ×ÍMËLŒNLLŒÍŒMÌŒLŒLLŒLLLLŒMÌÌLLÌÌŒMÌLŽWÌ×ÍNŒLLLŒŒLŒÌÌŒŒÌÌLMLNNLLLŒŒMÌLKŽWÌ×ÍNKLŒNLÌÌMLŒÌÌŒLMÌLNLLLLLÌŒMÌL‹ŽWÌ×ÍŒŒLÍLNMLŒÍŒÍLLMŒMÍLLŒÍŒŒMÌLËŽWÌ×ÍŒKLŒLLNÌLŒÌÍŒŒLLLLŒÌŒLŒŒŒMÌMŽWÌ×ÍŒ‹ŒÌLLÍŒÍÌLŒLLŒMÌŒLÌMLŒMÌMKŽWÌ×ÍŒËLŒÍŒLLLNLLŒŒÌLÍŽÌÎLLÌÌŒMÌM‹ŽWÌ×ÍLŒLLLŒLÎŒLŒLMMÌLLMNŒMÌMËŽWÌ×ÍKLŒLŒLNNLLŒLŒÌMMLLMŒŒMÌNŽWÌ×Í‹ŒÌLLMŒLLLŒMLŒLÌNNLLÍLŒŒMÌNKŽWÌ×ÍËLŒLMÌÌMÌŒLLLŒLÌLLÍŒÌMÌLMÌŒMÌŒŽWÌ×ÍŽŒÍŒLMŒLŒŒLÌÌŒÌÌLÎLLMŒÌLÎMŒMÌŒKŽWÌ×ÍŽKLŒLLLLMÍLLLŒÌLLÌŒŒLMÌLŒLŒMÌŒ‹ŽWÌ×ÍÌŒLŒLNMLNMLLÍLŒNLÎŒÌLÍLŒMÌŒËŽWÌ×ÍÌKŒÎLŽÍLNMŒLŒÌŒLÌLŽÎLÌŒŒLŽŒMÌŽWÌ×ÍÌ‹ŒLNŒŒŒLLÌŒŒLÎÎŒLÌMŒMÌKŽWÌ×ÍÌËŒMŒLÌŒMÎLLMŒLŒŒÌLÎÌÌLLLÍŽLŒMÌ‹ŽWÌ×ÍÍŒLŒLLNŒLLLŽŒLLŽMŒŒMÌËŽWÌ×ÍÍKŒÎLLŽŒLLÌLŒLLŽÍÌLLŽÌŒMÌŽŽWÌ×ÍÍ‹ŒLLLLÌÎŒMLLŒNLŒNMLLKŒÎÍÎLŽÌŒMÌŽKŽWÌ×ÍÍËŒLLLŽMÌÌŒLÎLŒŒÎLLŽMÎŽLŽŒŒMÌÌŽWÌ×ÍÎŒLLŒLÍÍÌŒLÍLŒMŒLKŒÎLLLŽLŒŒMÌÌKŽWÌ×ÍÎKŒŒŒŒŒŒŒŒŒMÌÌ‹ŽWÌ×ÎŒLÎLLŽLMÌLŽÌLŒŒŒLLKŒLMŒÌLŽLŒŒMÌÌËŽWÌ×ÎKŒLMÌLŽMLŒNLLLŽNŒMLKŒÍŒLÎŒŒMÌÍŽWÌ×Î‹ŒMLLŽŒÌLLÍŒŒÌLLKŒLNŒLKŒLŒMÌÍKŽWÌ×ÎËŒMLŽNNLŒLLLŽLŒÌŒŒLŽNLÎMLLŽNŒMÌÍ‹ŽWÌ×ÎŒMÎLLŽNLŒÌLLŽÌŒÌLKŒŒŒLŽMŒMÌÍËŽWÌ×ÎKŒMÍLKŒÍŒNLLLŽLLŒÍÍÌLKŒLÎÌLŽLÌŒMÌÎŽWÌ×Î‹ŒŒLLŽNLŒNLÎMÌŒLÎLKŒMÎLNLKŒLŒŒMÌÎKŽWÌ×ÎËŒŒŒŒŒŒŒŒŒMÌŽWÌ×ÎŒŒÌLKŒÌŒŒÎLKŒŒLŒŒLLKŒMMŽLKŒŒŒMÌKŽWÌ×ÎKŒŒLKŒMLNLÌLKŒÌÍLKŒMÌÍMLLKŒMŒMÌ‹ŽWÌ×ÎLŒMÌLKŒŒÎLŽMMŒMLKŒMÌŒÌLKŒMÌÌŒMÌËŽWÌ×ÎLKŒŒÍŒLKŒMNNLLLKŒLLLKŒNŽÍŒLKŒŽŒMÌŽWÌ×ÎL‹ŒLKŒLÌŒLLKŒŒÍLLLKŒŒMMLLKŒMÍÌŒMÌKŽWÌ×ÎLËŒMLKŒMÌÌŒLLKŒLŒÎLLKŒÎŽÌLKŒMŒŒMÌ‹ŽWÌ×ÎMŒNÌLKŒÍŒNLLLKŒŒŒŒÌŒŒLKŒŽŒMLKŒŒŒÌŒMÌËŽWÌ×ÎMKŒLLKŒMLKŒLŒŒŽLKŒÌLŽÌLKŒŒÌŒŒMÌŽWÍÌŒLŒLŒNŒÌLLŽÌŒÎLLŒMLŒLÎŒMÌKŽWÍÌKLŒÍLLLŒLŒLŒŒŒMŒLŒÎLŒÍÌLŒŒLŒÍŒŒMÌLŽWÍÌ‹LŒÌÌŒŒÍNLLŒŒMÌLLŒLMŒLŒMLŒLÍÌŒMÌLKŽWÍÌËLŒÌÌMÌLŒÍŒŒÌLŒÌŒŒŽLLŒNŒÌLŒMÌL‹ŽWÍÌLŒÌMŒÌLŒÍŒŒMŽLŒÌŒMÍLLŒLLÌŒLŒMÌLËŽWÍÌKLŒÌŒŒLLÌŒÌŒÍŽLLŒÎÌŒMLLŒŒŒLÌŒMÌMŽWÍÌ‹LŒÍÍÌLŒMÌŒLÍLŒLŒLÍÌLŒLMŒŒŒŒMÌMKŽWÍÌËLŒÌÍLŽLŒŒŒŒŒLLŒMŒŒÍLLŒŒNLŒMÌM‹ŽWÍÌLŒÌÌMLLŒLÍŒŒÌÌLLŒŽMŒLÎLLŒLÍŒŒMŒMÌMËŽWÍÌKLŒÍÌŒÍÎLLŒŒÌŒLŒŽMÌŒLŒLŒMLŒLŒMÌNŽWÍÌLLŒŽMLLLŒMÌŒŒŒLŒÌLŒLÌLŒÌÌŒLŒŒŒMÌNKŽWÍÌLKLŒÌÎLŒMŒŒLLŒÍÌŒMLŒÎŒLLŒMÌLŽWÍÌL‹LŒÌMÌLŒLŒÍÌŒŒŒŒLŒŒŒLŒLÍLLŒÌLŒMŒŒMÌLKŽWÍÌLËLŒÌLÌŽLŒLŒŒLLŒŽMÌŒMMŒLŒÌŒŒÌŒMÌL‹ŽWÍÌMLŒÌLŽLLŒMÌŒNLŒNŒŒLŒŽLŒÎŒMÌLËŽWÍÌMKLŒŽLŒÍŒLLŒŒÌŒNLLLŒŒMÌLŒMŒŒŒŒMÌLŽWÍÌM‹LŒÌÌLLLŒLŒÌÍŒLŒÌÍŒŒLLŒLÌŒMÌLŒMÌLKŽWÍÌMËLŒÌÌLŒLLŒŒMÌLŒÍÌŒŒLŒŒLŒMŒŒMÌL‹ŽWÍÌNLŒÍLÎLLŒLŒŒÌÍŒLŒŽŒŒMÍŒLŒNŒLŒMÌLËŽWÍÌNKLŒÌLŒLŒŒNLLŒŽMŒMMŒŒŒMŒŒMÌLŽWÍÌŒLŒÍLLÍŒLŒÌÌŒŽŒLŒÍŒŒLŒLŒŒŒLÌŒMÌLKŽWÍÌŒKLŒÌMLŒÎLLŒŒLŒÍŒLŒŒÍÌLŒMŒŒMŒŒMÌLLŽWÍÌŒ‹LŒÍÌLÌLŒÍŒŒÎLLŒÍŒLŒLŒŒŒŽŒMÌLLKŽWÍÌŒËLŒÌÌŒÍŽLLŒLŒMŒLLŒŒÌŒLŒÍŒŒŒMÌLL‹ŽWÍÌLŒÌÌLÌLŒŽŒÌÍLŒŒÎLŒŒLLŒNLŒMŒÌŒMÌLLËŽWÍÌKLŒÎÌLŒLŒŒÍŽLŒŒNLŒŽMÌŒÌŒŽŒMÌLMŽWÍÌ‹LŒÍÌMMŒLŒÎŒÌLLŒMMŒMÍLLŒLŒŒMLŒMÌLMKŽWÍÌËLŒÎŒÍÌLLŒŽŒÎLŒŒLLŒÌŒLŒŒÌŒŽMŒŒMÌLM‹ŽWÍÌŽLŒÍLLÌLLŒŒŒŒÌÎLŒNLŒMŒLŒÍLŒŒÌŒMÌLMËŽWÍÌŽKLŒÌNLLŒLŒÍŒŒMŽLLŒŒŒŽLŒLŒŒÌŒMÌLNŽWÍÌÌLŒÌLLŒLŒŒŒŽLLŒŒÌLŒNMŒLŒŒLŒLŒMÌLNKŽWÍÌÌKLŒŽÌLŒÍÌŒMÎLŒMÎŒÌŒLŒŒÌŒŽLŒMÌLŒŽWÍÌÌ‹LŒÌLMLLŒŒÌÍÌLŒLŽLŒŒŒŒŒÌÌŒÌNŒMÌLŒKŽWÍÌÌËLŒLŒÌÍŒLŒÎŒÌŒŒLŒŒŒLŒŒŒŒÍŒŒMÌLŒ‹ŽWÍÌÍLŒÍLLLŒMŒŒÌNLŒŒŒŒLŒNŒŒÌŒŒMÌLŒËŽWÍÌÍKLŒŽNÌLŒŒÌÌŒŒŒÎŒŒMŒÌŒMÌLŽWÍÌÍ‹LŒŽLŒLŒLŒÌMÌŒŒŽNŒŒÍMŒMÌLKŽWÍÌÍËLŒÎLLŒÌŒŒŒMŒŒÍMÌLŒŒÌŒMÌL‹ŽWÍÌÎLŒÌLÌNLŒŒLŒÍMLLŒLŒŒMŒMŒŒLŒMÌLËŽWÍÌÎKLŒÌÌMŒŒÌÌÌŒŒŒLŒLŒŽLŒŒMÌLŽŽWÍÍLŒŽMLÌLŒŒÌMŒMÌŒLŒLŒMÌŒÌŒŒŒMÌLŽKŽWÍÍKLŒÍŒLÌLŒŽŒÌÍLŒMLLŒÌLŒŒÌŒÍÍLŒMÌLÌŽWÍÍ‹LŒŽLLŒLŒŽLŒŽLŒMŒLŒMŒNLŒŒÌŒŒMÌLÌKŽWÍÍËLŒÌLLLLŒŒLŒŒLŒŒÍLŒLÍÌŒÎLŒMÌLÌ‹ŽWÍÍLŒLLŽMŒLŒNLMŒNŒLLŒNNŒÌÍÌŒMÌLÌËŽWÍÍKLŒLLÌLŒNŒÍÌŒMŒLŒNÌŒÎŒŒLŒMÌLÍŽWÍÍ‹LŒŒMŒŒÍÌÌLŒLŒŒÌŽLŒŒŒŒŒŒŒÎŒŒMÌLÍKŽWÍÍËLŒŒNLLŒLŒLŒÌŒLŒŒŽLLŒMÌLÍ‹ŽWÍÍLŒLÌMLLŒŒÌŒÍLŒŒLŒLŒMNŒŒMÌŒŒMLŒMÌLÍËŽWÍÍKLŒŒÌÌMŒLLŒMŒMŒŒMŒMÌÌŒLÎŒÌMŒMÌLÎŽWÍÍLLŒLŒŽLLŒŒŒÎŒŒMLLŒLŒŒLŒÍMŒŒMÌLÎKŽWÍÍLKLŒŒŽŒLŒÎŒMLŒLÌŒMLÌNŒMÌMŽWÍÍL‹LŒŒÍÌLLLŒNLŒÎLŒLŒŒŒŒŒLŒMÍŒŒÎLŒMÌMKŽWÍÍLËLŒÌŒNŒÌŒÍŒŒÍŒŒŒLLŒÍMŒŒMÌM‹ŽWÍÍMLŒNMŒÌLŒLÌŒÌŒLŒŽÌŒLMÌLMŒŒMÌMËŽWÍÍMKLŒŒÌLMMLŒLÍÌŒLLŒŒMŒNLÌŒÎŒŒMÌMŽWÍÍM‹LŒNLŒÍŒÌLŒNLÌŒMŒŒŒMLŒŒŽŒŒMÌMKŽWÍÍMËLŒŒŽLMŒLŒŒÌLŒŒLÌLŒŒLŒŒŒLŒÎŒMÌM‹ŽWÍÍNLŒŒÌÌLNLLŒŒÍÎŒLÌŒMLŒLŒŒÎLŒMÌMËŽWÍÍNKLŒŒÌMŒLŒŒŒÎŒLÌŒŒŒÌŒŒÌLMŒMÌMŽWÍÍŒLŒŒŽLÌŒŒMŒŒLÍÌŒMÍŒŒLMŒŽMLŒMÌMKŽWÍÍŒKLŒŒMLMMŒLŒLNŒMLŒŽMŒŒMÌÎŒMÌMLŽWÍÍŒ‹LŒŒNLLMLŒNŒÍÌŒŒNLŒÌLŒNŒÌLŒMÌMLKŽWÍÍŒËLŒNMLLÌŒŒLÍŒŒŒÎLŒNNLŒLŒÍNLŒMÌML‹ŽWÍÍLŒŒŒÌLMŒMŒÎÌŒŒŽŒŒMÌŒNÌŒÍÌŒMÌMLËŽWÍÍKLŒŒŽNMŒLŒNÍŒNŒLLŒŒÍLMŒŒMÌMMŽWÍÍ‹LŒŒŽLMŒŽŒÎÌŒŒLLŒLLNŒÍŒŒŒMÌMMKŽWÍÍËLŒNNLLÎLLŒLŒÎNŒLLŒŽLLŒŒÌŒŒMÌMM‹ŽWÍÍŽLŒŒLLLNLŒŒLŒŒLLŒÎLŒNMÌŒÌŽLŒMÌMMËŽWÍÍŽKLŒMÍŒLŒLÎŒLŒLŒŒÍÌŽŒMÌMNŽWÍÍÌLŒNLŒMLMŒŒMLÌŒÌLMÌLÍŒMÌMNKŽWÍÍÌKLŒNŒLŒÍŒŒÍLŒLŒLÌŒNLŒÌÍŒŒMÌMŒŽWÍÍÌ‹LŒMLŒLŒÎMÌŒLLŒLÍŒŽŒMÌMŒKŽWÍÍÌËLŒLMLŒÎLŒMNLŽŒŒLŒLÎŒLŒLLLŒMÌMŒ‹ŽWÍÍÍLŒNÌMÍÌŒÌLÍÌŒMŒMLŒNLÌÌŒMÌMŒËŽWÍÍÍKLŒMÌŒLŒLŒÌLŒÍŒŒMŒŒNŒMŒÌMNŒMÌMŽWÍÍÍ‹LŒMLNŒÌŒMLLŒÌŒŒLLMLLŒMÌMKŽWÍÍÍËLŒLÌLŒLLÌLNLŒÌŒÍŽŒMŒŒMÌM‹ŽWÍÍÎLŒMLÌNLŒÌÌŒLŒŽLÌŒÌÌNLŒMÌMËŽWÍÍÎKLŒÎLŒÌŒÎLŒŒÌÍÌŒÍŽLÌŒMÌMŽŽWÍÎLŒMÌÌMNLŒÌŒŒMÍŒLMŒŒÍŒÌŒMÌMŽKŽWÍÎKLŒLLŒŒLÍLLÎLŒŒÍŒŽLŒŒÍLLŒÌŒMÌMÌŽWÍÎ‹LŒMLÌNNŒLŒÌŒŽLŒMÌNŒMÌMÌKŽWÍÎËLŒLÌŒÍŒLMŒÍÎŒÌÍLŒÍŽMLŒŒMÌMÌ‹ŽWÍÎŒŒŒŒŒŒŒŒŒMÌMÌËŽWÍÎKLŒLLŒÌŒLŒLKŒŒÎLŒÎŒŒÍÍŒŒŒŒLÌŒMÌMÍŽWÍÎ‹ŒŽLŽŒŒÎLÌŒLŒÎŒÍMŒÍŒŽLŒMÌMÍKŽWÍÎËLŒLÌMŒÍŒLÌŒMÌMŒNŒNŒMÌMÍ‹ŽWÍÎLŒMÌLŒLLŽŒÌÌLÌŒMÌMÍËŽWÍÎKLŒNLŽLŒÌŒNŒÍŒŒŒÎNLŒÌŒÌŒMÌMÎŽWÍÎLLŒLÌŒMLÌÍŒLLŒMÌMÎKŽWÍÎLKŒŒŒŒŒŒŒŒŒMÌNŽWÍÎL‹LŒMŽLŒŒŒŽÌŒÎLÌŒŒŒÎLŒMÌNKŽWÍÎLËLŒŒŒLŒMŒLŒŽLLLŒLŽMŒMÌN‹ŽWÍÎMLŒÌÌŒLŒŒÌŒŒLLŒÍMÌŒÌŒMÌNËŽWÍÎMKŒŒÍŒMŒŒMLŒÍŒLNLÌŒMÌNŽWÍWÌLŒNLŒÌLŒMLLŒÍMLŒÌLLŒMLÌŒŒŽLŒMÌNKŽWÍWÌKLŒMŽLÌLŒLŒMMÌLŒŒLLŒLŒŒNLŒMÌN‹ŽWÍWÌ‹LŒNLŒŒÍÌLLŒLŒLŒÌLŒŒŒLŒNMLŒŒÍŒMÌNËŽWÍWÌËLŒMÌLLLŒŒMŒÌLŒŒLŒŒLŒŒŒŒMÌNŽWÍWÌLŒLÍŒMŒLŒMŒLÍŒLŒÍÌŒLLŒŽNŒŒLŒŒMÌNKŽWÍWÌKLŒMMÌMŒLŒLÌMLLŒÌLŒÍLLŒLÌÌŒMLŒMÌNLŽWÍWÌ‹LŒŒÎMLŒÍNLLŒÌLŒLMŒLŒLMŒŒMÌNLKŽWÍWÌËLŒMŒŒLLLŒLMŒLŒŽLŒŒLŒLŒLŒŒŒNLŒMÌNL‹ŽWÍWÌLŒMÌLŒÌLŒÎNLLŒÎLŒŒLÌŒLŒLŒŒÌLŒMÌNLËŽWÍWÌKLŒLÌÌLŒLŒLLLŒÌŒLNLŒŽŒNMŒMÌNMŽWÍWÌLLŒMLLŒÌLLŒÌÌLŒNŒMŒŒMÌNMKŽWÍWÌLKLŒNLLLŒLMÌLŒÌŒMŒÌLŒLLŒŒŒŒMÌNM‹ŽWÍWÌL‹LŒLMÌLŒŒÌLŒŒLÌŒLŒLŒMÎŒŒŒMÌNMËŽWÍWÌLËLŒLÌLŒŒNMŒLŒÍÌŒŒÌLŒMŒÌŒŒÌŒMÌNNŽWÍWÌMLŒLÌLMMÌLŒNMÌLŒÎLŒŒŒLŒLŒLŒŒMÌNNKŽWÍWÌMKLŒLŒÌLLŒŒÍLLŒÍLÌŒÌLŒÌŒŒÌLŒMÌŒŽWÍWÌM‹LŒMNLŒMÌLŒNMMÌLÌLŒŒLÌLŒŒÍŒNLLŒMÌŒKŽWÍWÌMËLŒLÎLÌÌLŒÌÌÍŒLŒÌMLŒLÌLŒMŒŒÌŒŒMÌŒ‹ŽWÍWÌNLŒMŽLNMLLŒMLLŒMLŒLŒLŒŒŒLÌŒMÌŒËŽWÍWÌNKLŒNMÌLÌLLŒLŒÍLŒMLŒLÌLŒŒLŒŽŒMÌŒŽWÍWÌŒLŒNÍLLŒÍŒMÌLŒÎMŒŒŒŽLLŒMŒNMŒŒMÌŒKŽWÍWÌŒKLŒLŒÌLÌLLŒLLÌLŒŽŒŒÌÌŒLŒÌLŒŒÌLŒMÌŒ‹ŽWÍWÌŒ‹LŒMÎNNLŒÌLŽLLŒÌŒŒŒŒÌLŒMŒŒŒŒMÌŒËŽWÍWÌŒËLŒLLŒMLŒŒÍÌLŒÌŒÌŒLŒLŒŽŒMÌŒŽWÍWÌLŒMŒŒÌLŒLLLŒÍŒŒLÌŒLŒŒŒŒMÍÌŒMÌŒKŽWÍWÌKLŒŽŒMÍLŒLŒŒÍLLLŒŽLLŒÌLŒŒŒMÌŒLŽWÍWÌ‹LŒLÌÌMLLŒÌLÍÌLŒŽLŒŒLLŒLLÌŒLMŒMÌŒLKŽWÍWÌËLŒMLLŒÌLŒŒLŒÍMLLŒŽŒŒLLŒLÍLŒŒŒŒMÌŒL‹ŽWÍWÌŽLŒNLŒÌÌŒÌLMLLŒÎMŒŒŒLŒŒŒLŒÌŒMÌŒLËŽWÍWÌŽKLŒÍŒŒŒMÌÍÌLŒMÌLLŒMLŒÍÍŒMÌŒMŽWÍWÌÌLŒŒŒŒŽLLŒŒLÎLŒÎLÌŒŽMLLŒLŒŒÍŒŒMÌŒMKŽWÍWÌÌKLŒLŒNŒŒLLŒÌMŒLŒŽÌLŒLŒÌŽŒMÌŒM‹ŽWÍWÌÌ‹LŒŒMŒLŒŒÌŒÌNLLŒÍŒŒMLLŒNLŒLMŒMÌŒMËŽWÍWÌÌËLŒMMLŒŒŒLŒLŒÍLLŒÍÍLLLLŒLŒÌLŒŒMÌŒNŽWÍWÌÍLŒMŒŒLŒLÍŒLŒÌÌŒÍLŒŒŒŒMÌŒNKŽWÍWÌÍKLŒLŒMLŒÌŒÌMLLŒŒLNLŒLLŒŒÌŒMÌŒŒŽWÍWÌÍ‹LŒŒÌÍMLLŒŒÎLŒÍÌŒÍÌLŒMŒŒLŒMÌŒŒKŽWÍWÌÍËLŒŒÌŽÍŒLŒÎLŒLŒNÍLŒŒŒÍŒŒMÌŒŒ‹ŽWÍWÌÎLNLŒŒLŒMÌŒÍLLŒŒŒŒÎMLŒNŒNMLŒMÌŒŒËŽWÍWÌÎKLŒMŒÍÌŒÎLLŒMŒLÌLŒÎLÌŒMÌŒŽWÍWÍLŒLÌŒÍÌŒÌÌLŒÍLŒŽLŒLŒŒMÌŒKŽWÍWÍKLŒÌNŒMŽLŒÎLŒÍLŒÍLŒÌŒŒŒLŒMÌŒ‹ŽWÍWÍ‹LŒŒŒŒMLŒŽNLLŒLÍLLLŒÌŒŒŒMÌŒMÌŒËŽWÍWÍËLŒÌNŒŒMLŒÍLŒLŒLŒÎNŒMÌŒŒLŒMÌŒŽŽWÍWÍLŒLÌŒŒŒNŒÌÌLŒLŒÎLŒŒŒNLŒMÌŒŽKŽWÍWÍKLŒMÌŒLŒŒŒŒLŒLŽLLŒŒNŒMÌŒÌŽWÍWÍ‹LŒŒMLŒÍLŒÌLLŒMŒNLŒNLŒLŒŒMÌŒÌKŽWÍWÍËLŒLÌÌÌŒMLLNLŒÌLMÌŒMÍŒŒLLŒMÌŒÌ‹ŽWÍWÍLŒLNMMÌŒLŒÍŽLŒMMŒŒÍLÌLŒÍŒŒMLLŒMÌŒÌËŽWÍWÍKLŒLŽŒÍŒŒŒŒLŒMMLNŒMLŒŒMÎLŒMÌŒÍŽWÍWÍLLŒÍŒMLŒŒŒNLLŒŒÌLŒNLŒMÌÌŒMÌŒÍKŽWÍWÍLKLŒMŒŒŒÌŒMLŒÍŒLŒLŽLŒLŒMLÌŒMÌŒÍ‹ŽWÍWÍL‹LŒÌMÎŒLLŒLÌLŒŒŒNMŒŒŒŒŒLÌŒMÌŒÍËŽWÍWÍLËLŒÌÌÍŒŒŒLLŒÍLŒŒŒMLŒMŒMÌŒÎŽWÍWÍMLŒÎLMNLŒLÎLŒLŒLŒŒMŒÍŒMÌŒÎKŽWÍWÍMKLŒÌŒŒŒÎŒÌMLŒMÌMLŒMLÌŒLMLŒMÌŽWÍWÍM‹LŒLLNLŒÌŒŽÌLŒLLLÌLŒNLŒMLLŒMÌKŽWÍWÍMËLŒŒŒÌLŒMŒLŒÎLLLŒMLLŒMMLŒMÌŒMÌ‹ŽWÍWÍNLŒŒMŒŒLŒLŒŒLŒÌÌNMLŒLŒNLŒMÌËŽWÍWÍNKLŒÍÌŒÎŒLŒŒŒŒÎLŒLŒÌLŒŒLŒMMÌŒMÌŽWÍWÍŒLŒŒŒŒÍÌŒNLŒŒÍLŒÌLŒŒŒŒÌŒMÌKŽWÍWÍŒKLŒŒŒNLÌŒLMÌŒŒŽLŒÍÌŒNŒNŒLŒŒŒMÌ‹ŽWÍWÍŒ‹ŒŒÌMMŒŒÌŒMLŒLLŒNNLŒÌLŒMÌËŽWÍWÍŒËŒLLŒŒMŒŒŒMLŒÎÌŒÌŒŒLÌŒMÌŽWÍWÍLŒÌÌŒMLLŒMÎLLŒMLÌLŒÌŒŒŽLŒMÌKŽWÍWÍKLŒŒLÌÌŒŒMŒŒÍLLLŒLMŒLŒMLŒMŒMÌLŽWÍWÍ‹LŒÌŒNLŒNMŒŒŒLMŒMŒLŒMÌLKŽWÍWÍËŒLLŒŽŒMÌŒŒŽLLŒŒŒŒMŒMLŒMÌL‹ŽWÍWÍŽŒLLLŒŒŒŒŒLŒŽMŒŒÌŒŒLŒŒMÌLËŽWÍWÍŽKŒLŒŒÎŒŒÌŒLLLLŒŒŒŒÌŒMÌMŽWÍWÍÌŒŒMLŒŒLŒŒŒŒŒÍÍÌLŒLŒŒMLŒMÌMKŽWÍWÍÌKŒÍŒLŒMÍLŒMÎŒLMÌŒNŒLLŒMÌM‹ŽWÍWÍÌ‹LŒÌÌŒÌÌŒŒŒŒŒŽLŒLLLŒÌŒŒŒŒMÌMËŽWÍWÍÌËŒNLNŒNLLŒMMŒŒLÌNLÌŒŒMLŒLÌŒMÌNŽWÍWÍÍLŒÌMŒNNŒMŒŒMŒŒÍLÌŒLÎLŒŽŒMÌNKŽWÍWÍÍKLŒŒLŒŒŒŒLŒŒLLNŒŒÍŒŒLÌŒMÌŒŽWÍWÍÍ‹ŒNMŒŒLŒNMLLŒÌŒÍLŒNÌLŒŒŒMÌŒKŽWÍWÍÍËŒMLŒŒŒŒŽLLŒÍÌLŒÌŒŒLŽLŒMÌŒ‹ŽWÍWÍÎŒÌÌMLŒŒÌŒMŽŒMŽLLŒÎLLŒÌŒMÌŒËŽWÍWÍÎKŒÌŒŒŒŒÌŒLŒŒLLNMÌŒÌMÌŒMNŒMÌŽWÍWÎLŒLÌÌŒŽLŒLLLŒLÍŒÍÎŒLLŒMÌŒMÌKŽWÍWÎKŒÍŒŒLŒŒLŒLÍNLŒMŒŒŒŒMÌ‹ŽWÍWÎ‹LŒMLŒŒŒŒLŒŒLŒÌŒŒÌLLŒŒMÌËŽWÍWÎËLŒLLÌŒŒLŒLŒLŒÌŒÌŒNLŒMMŒŒMÌŽŽWÍWÎLŒMŒMŒŒLŒLÌŒŒÍŒŒNMÌŒÍŒŒMÌŽKŽWÍWÎKLŒNÍŒŒÌŒLŒÍÌNŒNLŒLÌŒMÌÌŽWÍWÎ‹ŒNŒŒŒLŒNLLŒLLMLÌŒMŒŒMŒÌŒMÌÌKŽWÍWÎËLŒLMŒŒŒLLŒMŒŒÍŒLŒŒLŒLÌŒMÌÌ‹ŽWÍWÎŒÌŒŒŒÌŒŒLŒLŒŒÍÌŒŒŒŒŒŒMŒMÌŒMÌÌËŽWÍWÎKŒMŒÎLŒŒŒŒMLLŒŒÌLLLŒŒNLŒMÌÍŽWÍWÎLŒMŒŒŒŽMLŒÌLŒÎNŒŒÍLŒLŒŽLŒMÌÍKŽWÍWÎLKLŒŒMLŒŽLŒÍLŒLŒŒÍLLŒNMŒŒŒŒMÌÍ‹ŽWÍWÎL‹LŒMÌLŒÌMLŒŒŒÍÌŒŽŒŒŽNLŒLLŒMÌÍËŽWÍWÎLËLŒLLŒŒÌŒLLŒNLŒNLŒMMLŒNLŒMÌÎŽWÍWÎMŒLÌŒÍÌŒLŒLŒŒLŽÎLŒÍŒŒMÌÎKŽWÍWÎMKLŒLLŒÌŒMÌLŒLLŒLÌŒMŒŒŒMÌŽÌÌÌŒÌŒMÍÌLŒMŒŒLLŒÌŒŒŒLŒŒLŒLLŒMÌŽKÌÌÌKŒNŒÌLŒLÎLŒŒÍÌLŒÍLŒMŒMŒÌŒMÌŽ‹ÌÌÌ‹ŒMÌŒŒNŒLŒLÎLŒÌÌLŒŒLŒLŒLŒNLÌŒLÍLŒMÌŽËÌÌÌËŒMŒŒÌŒLŒMMLŒÌÌLŒLLŒNŒMMÌŒMÌŽÌÌÌŒMLŒŒMŒLŒMŒÌŒLLŒMLŒÌLŒŒLŒŒNÌŒMÌŽKÌÌÌKŒMŒŒLLŒMÌŒŒŒŽLŒLLŒLÌŒMLLŒMÌŽ‹ÌÌÌ‹ŒMŒŒÍÌLŒMLŒÌŒŒŒŒLLŒLMLLŒLMŒŒÍŒMÌŽËÌÌÌËŒNŒÌLŒLŒLÌÌŒÍMŒŒŒÌLŒŒŒÌLŒLŒMÌŽÌÌÌŒNŒŒÍLŒLNŒÌŒLLŒÌŒŽLLŒLMŒNLŒMÌŽKÌÌÌKŒLŒÌLŒLLŒÍLLLŒŒÌŒLŒŒLLŒŒMÌŽLÌÌÌLŒŒŒŒŒŒŒŒŒMÌŽLKÌÌÌLKŒMLŒŒŒÌLŒLŒÌÍŒLŒLŒMLLŒÌŒMŽLŒMÌŽL‹ÌÌÌL‹ŒÌŽLŒÌÌÌLLŒLÍLŒLŒÍŒMÌLŒMÌŽLËÌÌÌLËŒMŒÌLŒLŒŒÌŒŒŒÌŒŽLŒŒMLŒMÌŽMÌÌÌMŒLŒÌLŒMMLLLŒÎLLŒÍLLŒLŒŒŒŒMÌŽMKÌÌÌMKŒÎŒŒÌLŒŒÍŒLŒLŒŒŒLŒŒLLŒMÌŽM‹ÌÌÌM‹ŒLÍŒŒÍÍLLŒLŒÎNLŒMLŒÎNLŒŒLLŒMÌŽMËÌÌÌMËŒMÌŒLLŒLŒÌŒŒLŒMMŒLŒLÌŒMÌŽNÌÌÌNŒŒŒŒŒÌLŒÌŒÎLÌLŒÌLŒLÌLŒLÌŒLMLŒMÌŽNKÌÌÌNKŒŒŒMLŒŒÌŒŒÍÌŒLLLŒNLŒLÍLŒMÌÌÌÌÌŒLŒŽLŒLLŒMLŒÎMŒLŒLŒÍŒLŒŒMÌÌKÌÌÌŒKLŒÌŒŒŒLŒÌLŒŒÌŒŒÌŒNLÌŒLŒMÍÌŒMÌÌ‹ÌÌÌŒ‹ŒLŒŒÍLŒŒŒŒÍŒŒLŒLLLŒŒŒLŒMÌÌËÌÌÌŒËLŒLŒNLLŒLŒŒŒŒŒMŒLŽLŒÍŒŒMÌŒMÌÌÌÌÌLŒLŒÌÍŒLŒMLŒÍÎLŒÎŒLŒÌŒLŒMÌÌKÌÌÌKLŒLŒMŒLLŒŒŒŒÎLŒLNŒMMŒÌLŒŒÍŒMÌÌ‹ÌÌÌ‹LŒÎŒÍLŒÍÌŒÎLŒŒÍLŒÌŒŽLŒLLŒMÌÌËÌÌÌËŒŒŒLŽŒŒŒLŒMŒLNŒLLŒMLŒMÌÌÌÌÌŽLŒLŒŽMLŒÎŒÍÌŒŒÎLŒLŒÌŒMŒMÌÌKÌÌÌŽKLŒLŒMÍÌŒŒŒŒŒLŒMŒŒLŒMLŒMÌÌLÌÌÌÌŒŒŽMÌLŒMŒŒÍŒMÎŒÌLŒŒŒŒLLŒMÌÌLKÌÌÌÌKŒLŒNMLŒŽŒŒÍŒŒÌŒLŒŒÌŒÍLŒMÌÌL‹ÌÌÌÌ‹ŒÌŒŒŽLŒLŒÍÌŒŒŒNLŒNLÌŒNLŒŒMÌÌLËÌÌÌÌËŒLŒMŒŒŒŒŒLÌŒŒÌŒÌŒLLŒLLŒMÌÌMÌÌÌÍŒNLŒŒMÌŒLLŒÌŒLŒMÌLŒMŒŒŒÍŒMLŒMÌÌMKÌÌÌÍKŒŒÌŒMÌLŒŒŒŒŽMŒŒÌMŒŒLLŒLÎŒŽLŒMÌÌM‹ÌÌÌÍ‹ŒŒNMŒŒÌŒÌÌŒŒŒÌŒŽŒNŒŒMMŒŒMÌÌMËÌÌÌÍËŒLŒŒNMÌŒÍÌŒŒLLLŒNLÌŒŒŒLŒMÌÌNÌÌÌÎŒÍŒŒLŒÌŒÍŽŒÍLŒNŒLŒNŒMÌÌNKÌÌÌÎKŒŒÌÌŒŒŒŒŽLLLŒLŒŽŒÍÌLŒMÌÌŒÌÌÍŒŽLŒŒŒŒŽÌLŽLŒŽŒŒLŒŒÌLŒMÌÌŒKÌÌÍKŒÌŒŒMÌŒÌŒNÌLŒŒLŒMŒŒLŒMÌÌŒ‹ÌÌÍ‹ŒŒŒŒÌŒÌŒÌLÌŒLÎLŒMÌŒMLŒŒMÌÌŒËÌÌÍËŒLLŒÌŒLÌŒŽÍŒLŒÌŒMŒŒMMŒŒMÌÌÌÌÍŒMŒNLŒŒŽLÌÎLLŒŒŒMÍÌŒLŒMÌÌKÌÌÍKŒLNLŒŒNLŒŽLNLŒÌŒLÌŒLÍLŒMÌÌ‹ÌÌÍ‹ŒNMLŒŒMLŒLŒÌŒÌÌŒÌŒNŒLÌŒMÌÌËÌÌÍËŒMÍÌŒŽLŒLNŒÍMÌLŒŒŒLLŒMLŒMÌÌŽÌÌÍŒŒŒŒMÌŒLNLŒŽLLŽŒŒMŒŒŒNŒMÌÌŽKÌÌÍKŒŒŽŒŒÌŒŒLŽLŒŽNMLŒLŒMŒŒLÍLŒMÌÌÌÌÌÍLŒÌŒŒMŒLŒŒÍÌMŽŒNLŒŒŒÌŒŒMÌÌÌKÌÌÍLKŒŒÎŒŒLNŒÎMLLLŒŒŒŒŒÎŒMÌÌÌ‹ÌÌÍL‹ŒÎLŒŒLŒŒŒÌMLÌÌŒLÌŒLŒMŒMÌÌÌËÌÌÍLËŒŽLLŒŒLÎLÌNLŒŒLŽŒŒÌÌŒMŽLŒMÌÌÍÌÌÍMŒÌÎLŒLLŒMLŒÌMLNŒÌŒŒMÌÌŒNLŒMÌÌÍKÌÌÍMKŒŽÌŒŒÍLŒMMÌŒŽLLŒMŒŒŽMŒLŒMÌÌÍ‹ÌÌÍM‹ŒÎMŒŒNLŒMLŒŒÍMŒŒLŒÌLŒŒŒŒŒMÌŒMÌÌÍËÌÌÍMËŒÌLŒŒŒMNŒÌÌÌNLLŒŒÌŒMLŒLÍLŒMÌÌÎÌÌÍNLŒNŒŒMLŒÌŽLMNLŒÌÌŒLLŒŒÍÌŒMÌÌÎKÌÌÍNKŒÍÌŒŒNMŒNÌŒÌÌŒLLŒŒŒÌŒŒMŒMÌÍÌÌÍŒLLŒMŒMŒÌŒÌÍÌÌLŒŒÌŒŽŒŒMŒŒŒMÌÍKÌÌÍŒKŒŒMMŒŒNŒÌÎŒŒÌŽŒMŽŒMÌÍ‹ÌÌÍŒ‹LÌŒMŒLŒNMŒŒÌÌÌLŒLŒLŒLŒMÌŒMÌÍËÌÌÍŒËŽŒNŒŒNMŒŽLÍMŒŒŒŒÌÌŒMÌŒMÌÍÌÌÍŒÍLÌMÌŒLŒLŽŒŒŒŒLŒLŒŒMÌÍKÌÌÍKŽŒŒÍŒNLŒÎÍÍLLŒLÌLŒÍŽŒMÌÌŒMÌÍ‹ÌÌÍ‹LŒŒMÌŒNNLŒÍLŽŒŒŒŒÌŒŒŒNLŒMÌÍËÌÌÍËLŒLŒMLŒŒŽŒŽŽLÌŒŒÍŒŒLLLŒMÌÍÌÌÍŽLŽŒŒŒŒŒŒÍŒŒŽÌŒLLLŒŒLÍŒMÌÍKÌÌÍŽKLÍLŒMMŒŒÍŒNÌŒLŒÌŒÍŒLŒLŒŒMÌÍLÌÌÍÌMNLŒNLŒŒNLŒÌÍŽŒŒLŒLŒÌLLŒŒŽŒMÌÍLKÌÌÍÌKLÎŒMÎLŒLLŒMÍÌŽLŒŒŒŒÌÍÌŒLÎLŒMÌÍL‹ÌÌÍÌ‹MLŒŒÌLŒŒŒÍÌŒŽMLŒÍLŒLÎLŒNLŒŒMÌÍLËÌÌÍÌËNÌŒMLÌŒÍŒŒŒLÌÎŒLNŒNÌŒMÌÍMÌÌÍÍNŒŒLLŒÍLŒÎŽÍLLŒÌÌLÍLŒLÌLŒMÌÍMKÌÌÍÍKŒLŒLÌÌŒÌLŒŒŒÍÌÌLŒMLÍÌŒŒLŒMÌÍM‹ÌÌÍÍ‹NMŒNŒŽLŒÎMŽLŒLŒNLŒŒMÌŒMÌÍMËÌÌÍÍËŒŒLMŒÌŒŒŒŒMŒŽÌLŒŽŒŽŒMÌÍNÌÌÍÎLŒÌŒŒŒŒÌÌŒÌÌÍÌŒŒŒNLŒMŒMÌÍNKÌÌÍÎKŒŒŒŒŒŒŒŒŒMÌÍŒÌÌÎŒÌŒŒŒŒŒNMÌŒŒNŽŒŒŒÌMÌŒLÌLŒMÌÍŒKÌÌÎKÍMÌŒMÌLŒÍÌŒŒŒÌÎNŒNŒLNŒLÎŒMÌÍŒ‹ÌÌÎ‹ŒÍLŒŒMÌŒÍÌÌŒÌLŽÌŒLÌŒNNLŒMÌÍŒËÌÌÎËŒŒŒŒŒŒŒŒŒMÌÍÌÌÎLLŒŒŒŒŒÎŒŒÎLÍŒŒMŒMÍŒŒMLŒMÌÍKÌÌÎKŒŒMÌŒŒÎŒÎMŒŒŒLLŒMÌÍ‹ÌÌÎ‹ŽŒŒMLŒŽLŒÌLŒLÌŒŽŒŒÌŒMÌÍËÌÌÎËŒŒŒŒŒŒŒŒŒMÌÍŽÌÌÎŒŒNŒŒÎLŒŒMŒÌŒLŒLŒMÌŒMÌÍŽKÌÌÎKÌŒŒNNLÌŒÌŒÍLŒÍMŒŒÌŒMÌÍÌÌÌÎLNLŒMÌŒLŒŒLÍŒMLÌMÎŒLŒMÌÍÌKÌÌÎLKŒŒŒŽŒÌLŒŽLŒMŒŒŒLÍŒŒMÌÍÌ‹ÌÌÎL‹ŒÎLŒNŽLŒŒLŽLŒÌÍLŒŒÌŒMÌÍÌËÌÌÎLËŒŒŒŒŒŒŒŒŒMÌÍÍÌÌÎMŒŒŒŒŒŒŒŒŒMÌÍÍKÌÌÎMKÌMŒŒŒÍLMŒÌLŒŒŒŒLŒMMÌŒMÌÍÍ‹ÌÌWÌLŒŒŒŒŒLŒŒLŒLMÌMŒŒLŒŽŒLÌŒMÌÍÍËÌÌWÌKLŒÌÌÌŒŒLÌŒLŒÍŽLŒLŒMLŒMÌÍÎÌÌWÌ‹LŒŽLŒŒLŒLŒLŒÍÌLÌÍŒLÌŒNŒŒMÌÍÎKÌÌWÌËLŒÌŒŽLŒLLLLŒÎLLŒÍŽLŒLŒŒLÎŒMÌÎÌÌWÌLŒLŒLŒŒLŒŒŒŽLLLLLŒÍÌŒLÌŒMÌÎKÌÌWÌKLŒŽÌMŒLMŒLLŒÍÎLLŒŒÌŒŒMÌÎ‹ÌÌWÌ‹LŒÌÌÍÌŒLŒŒÌÎLLLÌLLÌLŒNLŒNÌŒMÌÎËÌÌWÌËLŒÌÌÍÌŒLŒŒÎLLŒŒÍÌŒLŒÎLŒMÌÎÌÌWÌLŒŽMLŽLŒŒLÌŒÍÍÌLMŒŒLŒLŒMMŒŒMÌÎKÌÌWÌKLŒŽMÌLŒŒÌLLLÌŒÌÌŒLÌŒŒMÌÎ‹ÌÌWÌLLŒÌMŒLLŒŒÍÌLLMÌŒÎLLŒŒŒLLŒMÌÎËÌÌWÌLKLŒÌLÌŒÌÌŒÍŒLLMŒŒŒŒÍŒMÌÎÌÌWÌL‹LŒÍLŒLNŒÍÌŒLŒŒŒÎŒÌLŒÌŒMÌÎKÌÌWÌLËLŒÍŒŒÌŒLŒŒÌLŒÎNŒÌŒMLŒLŒMÌÎLÌÌWÌMLŒÌÌŒŽLŒÍLŒÍMLLNLŒŽNLŒLŒÌŒMÌÎLKÌÌWÌMKLŒÌNŒŒÍŒŒÎLÌŒŒŒLŒLŒMÌÎL‹ÌÌWÌM‹LŒŽLÌÌŒŒMŒÌLŒÌLŒŒŒŒMÌÎLËÌÌWÌMËLŒŽŒMÌŒLŒÌÍÌLŒÎNLÌŒLŒÌÌŒMÌÎMÌÌWÌNLŒÍLÌŒŽÌLMŽLŒÍÎLLŒŒLŒLŒMÌÎMKÌÌWÌNKLŒÍŒŽLŒŒLŒŽÌLŽLŒŒÌŒNMLŒMÌÎM‹ÌÌWÌŒLŒÍÌÌŒŒLLŒLÌLŒÎLŒLŒLŒMÌÎMËÌÌWÌŒKLŒŽMŒÌLŒLŒŽÌLÌMLŒÍŒÍÌŒMÌÎNÌÌWÌŒ‹LŒÍŽÌÌLŒŒŒÌLLŒÎÌŒÌŒLÎŒMÌÎNKÌÌWÌŒËLŒÌLÍLÌŒŒLMNLŒÍÌŒŒŒMÍÌÌWÌLŒÍMŒMÌŒLLŒÍLMLÎŒŒLŽLŒMÍKÌÌWÌKLŒÌNMÌÌŒMLŒŽMLŒLMŒLŒÌŒMÍ‹ÌÌWÌ‹ŒŒŒŒŒŒŒŒŒMÍËÌÌWÌËLŒÌLMÍŒŒLÌŒŒNLŒÌNŒMŒŒÎLŒMÍÌÌWÌŽLŒÍŒŒŒMŒŒNŒÍÌLNŒŽLŒMŒŒMÍKÌÌWÌŽKLŒÌLMŒMÌŒÌLLŒÎÎLŒLŒŒÍÌŒMÍ‹ÌÌWÌÌLŒŽLŒLLŒŒŒÍMLŒÍLÌŒLMLŒMNŒMÍËÌÌWÌÌKLŒÌLŒŒNŒŒLLŒÌMLŒŒLŒÎLŒŒMÍÌÌWÌÌ‹LŒÌŒŒLŒLÌLŒÌLÌLŒÌNŒÎMÌŒŽŒŒÌŒMÍKÌÌWÌÌËLŒMMŒŒNŒÌÍLLŒÍÍMLLŒŒÍÍŒMÍLÌÌWÌÍLŒŽMMÍŒŒMÌŒÍŒLLŒÍŒŒŒLLŒMÍLKÌÌWÌÍKLŒŒÌMLÌŒŒÍLLŒÌŒŒLŒLLŒMÍL‹ÌÌWÌÍ‹LŒÌLŒNMŒLÌŒÍÌLŒŽŒÍŒLŒÌŒMÍLËÌÌWÌÍËLŒÌLLŽLŒŒÌLŒŽLŒÎLLŒŽŒMÍMÌÌWÌÎLŒŽLLMŽLŒLŒÌMÌLŒÍLÍÌŒÍÌMÌŒMÍMKÌÌWÌÎKLŒÌŽLÌLŒŒŒÍÌÌLŒLŒÍLŒLÌŒMÍM‹ÌÌWÍLŒŒŒŒMLŒLMÌŒLŒMŽLLŒŒÌMLŒMÍMËÌÌWÍKLŒLLKŒŒLÌŒÍŒŒLŒLÌŒŒÍŒÌLŒŒLLŒMÍNÌÌWÍ‹LŒŒŽLMMŒLMŒŒŒLŒNLŽLŒŽŒŒMŒÌŒMÍNKÌÌWÍËLŒNMMÍÌŒLNŒÎÌLŒLÌŒÎŒÍLŒNNLŒMÍŒÌÌWÍLŒMLŒMMŒMŒLŒŒŒÌŒŒŒŒÌŒŒŒÌŒMÍŒKÌÌWÍKLŒŒŽMLŒLÍŒÌMLŒMÌŒÍŒŒŒNLŒŒLŒMÍŒ‹ÌÌWÍ‹LŒLÌLLÍŒŒLÎLŒŒÌLŒŒLŒŒŽŒŒÍŒMÍŒËÌÌWÍËŒŒŒŒŒŒŒŒŒMÍÌÌWÍLŒŒŒLŒMLÌŒŒLŒŽLLLŒŒŒŒŒÌŒMÍKÌÌWÍKLŒÌMŒNŒŒŒŒÌŒÍÎLLŒŒŒŒÎLŒÎÌŒŒŒÌŒMÍ‹ÌÌWÍLLŒMLLÌŒŒŒÌŒÌŒÌLŒMLŒŒÌŒNMÌŒMÍËÌÌWÍLKLŒMLLLŒNŒÍÌŒLŒÎŒŽMÌŒÌŒMŽŒMÍŽÌÌWÍL‹LŒNLŒLMLŒMŒÌŽLŒNNLŒÎNLŒŒŒLŒMÍŽKÌÌWÍLËLŒMŒLLLLŒLÎŒÌŒLŒÌŒÍLŒÌŽLŒŒÌLŒMÍÌÌÌWÍMŒŒŒŒŒŒŒŒŒMÍÌKÌÌWÍMKŒŒŒŒŒŒŒŒŒMÍÌ‹ÌÌWÍM‹LŒLLŽŒMŒŒŒŽÌLŒŒÌÎŒNNLŒŒÍŒMÍÌËÌÌWÍMËLŒMŒMMLŒMLŒLŒŒŒŒŒÌŒLŒNÌŒMÍÍÌÌWÍNLŒÌNLŒNŒŒÍLŒLŒNŒÍLŒÌMŒŒLŒMÍÍKÌÌWÍNKLŒŒLMÌŒŒÌLŒÌŒŒÎŒŒLŽŒMÍÍ‹ÌÌWÍŒLŒÍÍŒŒMÍŒŽLLLŒMLŒŽŒŒÌŒŒNMLŒMÍÍËÌÌWÍŒKLŒŽLŒMLŒÍÍŒŒLŒÌLŒŒLŒMÍÎÌÌWÍŒ‹LŒLŒŒŒŒÌÍŒLŒLLŒÌŒŒLŒLŒMÍÎKÌÌWÍŒËŒŒŒŒŒŒŒŒŒMÍÌÌWÍLŒŒÌLŒŒŒŒLŒLNŒÌLŒNMÌŒŒŽLŒMÍKÌÌWÍKLŒÎLŒÎLŒNÌŒÍLLLŒMLŒŒŒŒMÍ‹ÌÌWÍ‹LŒLŒŒLŒÍLLLŒÎLŒÎLŒŽÌŒMŒŒMÍËÌÌWÍËLŒŽLŒÍŒNNLŒŽNLŒLLŒÌŒÍLŒNLŒMÍÌÌWÍŽŒLLLNLŒŒŒÌŽŒÍÌŒŒŒŒŽNLŒNLŒMÍKÌÌWÍŽKLŒŒÌŒNLÌŒŽÌŒŒŒŒÌLŒÍŒŒMMLŒMÍ‹ÌÌWÍÌŒÍLŒŒŒŒŒŒÍŽLŒŒŒŒÌMŒŒŽŒMÍËÌÌWÍÌKŒŒŒŒŒŒŒŒŒMÍÌÌWÍÌ‹ŒLNLLLŒLŒÎLŒŒŒŒÌMÌŒLŒMŒLŒMÍKÌÌWÍÌËŒÎLLŒLŒŒLŒÌÌŒŒÍŒÌŒÍÌÌŒNLŒMÍLÌÌWÍÍŒLÌMŒŒLŒÍLÌŒŒMÌŒÌLŒŒNŒLÍŒŒMÍLKÌÌWÍÍKŒLÌŒŒŒŒŒŒŽLŒÍLŒÍLŒNMÌŒŒMÌŒMÍL‹ÌÌWÍÍ‹ŒLÌLLŒŒÌŒÌŒŒŒLŒLŒÌLÌŒLMŒMÍLËÌÌWÍÍËŒLŒÍMÌŒŒLŒŒÌŒŒŒÎLŒÎLŒŒŒMÍMÌÌWÍÎŒLÌLÌŒÍŒŒÌŒŒŒNNŒÍLŒŒMLÌŒMÍMKÌÌWÍÎKŒŒŒŒŒŒŒŒŒMÍM‹ÌÌWÎŒNMŒŒŒÌŒÍLÌŒÌLŒÎŒÌÌŒMÎLŒMÍMËÌÌWÎKŒLŒŒÍÌÌŒLŒŒŒÍLŒŒÍŒÍÍÌŒŽÌŒŒÌŒMÍNÌÌWÎ‹ŒMLŒŽÌŒNŒŽLŒŽLŒÍŒÌLŒLÍLŒMÍNKÌÌWÎËŒLÍLŒÎNŒŒÌŒÌŒŒÍŒÌŒÎÌŒÌLÌŒMÍŒÌÌWÎŒLÎLŒÎLÌŒNLŒÍÎLŒŒŒNMŒŒŒLŒLLÌŒMÍŒKÌÌWÎKŒMŒŒÍŒŒŒŒŒÌŒŒŽLŒÌÌŒLŒÌŒÌÌÌŒMÍŒ‹ÌÌWÎ‹ŒŒÌŒÍÌŒŽŒÌŒÌŒLŒŒÌÌŒŽLÌŒŒÌŒMÍŒËÌÌWÎËŒŒŒŒŒŒŒŒŒMÍÌÌWÎŒŒŒŒŒŒŒŒŒMÍKÌÌWÎKŒNŒŒŒŒŽLŒMŒÌNŒÌŒŒÌŒLLŒMÍ‹ÌÌWÎLŒŒŒNMÌŒŽLLŒŽMŒŒÍŒÌŒÌŒÍŽŒLLLŒMÍËÌÌWÎLKŒŒMŒLŒÍLŒÌMÌŒÌŒŒŒŒÌŒNLŒMÌLŒMÍŽÌÌWÎL‹ŒÌLŒÌŒŒÌMŒÎLŒÍÌLŒŒÍLŒÌŒŒŒŒMÍŽKÌÌWÎLËŒNNLŒÎMLŒŽLLŒNŒŽNLŒNŒÎMLŒMLLŒMÍÌÌÌWÎMŒŽMLŒŒÌŒŒŒÌŒŽÌŒŒŒÌŒNMÌŒMÍÌKÌÌWÎMKŒŒÍŒŒÍLLŒŽNLŒŒLŒMLŒMŒLŒÌŒŒÌŒMÍÌ‹ÌÌ—ÌLŒÌŒLŒÍLLŒŒŒŒNLLŽMLŒMÌLŒÍÌŒMÎLŒMÍÌËÌÌ—ÌKLŒÍMÌLLŒÌŒÎÌLLŒLŒÌLLŒLŒŒŒÍŒŒMÍÍÌÌ—Ì‹LŒÎLŒŒÍŒLŒNMŒŒLÌLŽMÌŒMMLŒMÍŒŒÌŒMÍÍKÌÌ—ÌËLŒÎŽLŒŒLŒŒÎÌLNLLŒLLŒLNLŒŒMÍÍ‹ÌÌ—ÌLŒÍŒLŒŒMŒŒŽMÌLÍŒLLŒÍÍŒŒLÌŒMÍÍËÌÌ—ÌKLŒÍNLLŒŒNŒÎLLLŒŽLLŒMLŒMLŒMÍÎÌÌ—Ì‹LŒÍÍLŒÎMŒLŒNLŒŽLŒLŒŒŒLLLŒŒÌŒNŒŒMÍÎKÌÌ—ÌËLŒÍÎLŒŒLŒŒLŒÍÍLMLŒLŒŒLŒMÍÌÌ—ÌLŒLŒLŒŒŒŒÍŒLŒÎŒLLŒŒÌŒŒŒMÍKÌÌ—ÌKLLŒÍÎLLŒŒŒÌŒÍŽLLLŒLŒÌLŒÍÌŒLLŒMÍ‹ÌÌ—ÌLLŒLMÌLŒŒNLMLLÌÎLLŒLLLŒÌŒŒLÌŒMÍËÌÌ—ÌLKLŒÎÌŒÍÍÌLŒŒÌÌŒÍLLLLLŒMŽLLŒMLŒLŒMÍÌÌ—ÌL‹LŒŒNLLŒNMŒÎLLŒÍÌLŒŒLŒNŒMÌŒMÍKÌÌ—ÌLËLLŒŒÍŒLŒNÌŒÍÌLÌÌLŒLLŒLŒÌŒMÍ‹ÌÌ—ÌMLLŒÎLLŒŒŒÌŒÍŒÌLLŒŒLŒÌÌŒLŒŒMÍËÌÌ—ÌMKLŒÎŒŽMLLŒŒÌŒŒÌLLLŒLLŒLÍŒŒLŒMÍÌÌ—ÌM‹LŒÎLLŽÌLŒŒÌÌŒLLMŒŒLŒNÌŒLLŒMÍKÌÌ—ÌMËLŒÍÍŒŒÍMŒLŒŒMLŒÌŒLLLŒLŒLÌŒMNŒMÍLÌÌ—ÌNLLÌŒŒÌLLŒŒLÌŒÎLLŽŒLŒÍLŒLŒÍŒŒMÍLKÌÌ—ÌNKLLÌŒLŒNNŒÌŒLLÌŒÌŒLŒŒMMÌŒMÍL‹ÌÌ—ÌŒLMLLLLŒŒLLÌLLÍMŒLŒNLLŒŒLŒMŒMÍLËÌÌ—ÌŒKLÌŒŒŽLLLŒŒLŒŽLLLLLLŒLLŒMÌŒLŽLŒMÍMÌÌ—ÌŒ‹LÌLLŒŒLŒÎŒLÌLŒÌLŒLMŒŒLŽLŒMÍMKÌÌ—ÌŒËLŒÍLLŒNNLŒŒLŒŒŒLÌLŒLŒMŒŒŒMÍM‹ÌÌ—ÌLMŒÎLŒŒÌŒÍÍŒLNLŒLLLŒMŒŒŒMÍMËÌÌ—ÌKLLŽŒŽLŒLŒŒMÌŒŽLLŒÌLLŒÍŒŒLŒMÍNÌÌ—Ì‹LLŽLŒÍŒLŒŒŒÎLLLÌLŒLŒLŒLŒLÍŒMÍNKÌÌ—ÌËLÌŒÌŒLŒNMŒÎLŽŒÌLŒÍŒNŒŒMÍLÌÌ—ÌŽLMŒÍLŒMLŒÍÌLLŒÎMÌLŒLLŒMLŒMÌŒMÍLKÌÌ—ÌŽKLŒÍLŒLÍŒŒŽÌLŒÎLLŒLŒŒLŒMÎLŒMÍL‹ÌÌ—ÌÌLLŒŒÌLŒNLŒÍLLŒLŒŒLŒLŒŒLŒŒMÍLËÌÌ—ÌÌKLŒÎÌŒNNŒMŒŒÌNLŒÌÍLŒÌŒLŒÌŒNMÌŒMÍLÌÌ—ÌÌ‹LMLŒLŒMNÎLLLÍŒŒÍLŒÌŒŒMÌÌŒMÍLKÌÌ—ÌÌËLLŒÍLLLŒMLŒŒÌÌLLÌLŒMŒLŒMÍŒMÍL‹ÌÌ—ÌÍLLŒÌŒLŒMŒLLŒÌLŒŒLLŒNLŒNÌŒMÍLËÌÌ—ÌÍKLŒÌÌLŒMMŒÌMLLŒLŒÌŒÍŒŒŒŒMÍLÌÌ—ÌÍ‹LMÌLLLŒMÍŒŒÎLLŒÌLŒLŒÌÌŒŒŒMÍLKÌÌ—ÌÍËLŒÌLŒMŒÌLŒLŒÌŒÌŒLŒLŒŒŒMÍLLÌÌ—ÌÎLMLŒÍÌLŒNLLÌLNÌLŒÎLLŒŒŽMÌŒMÍLLKÌÌ—ÌÎKLÍLŒÍLŒMÎŒÍLLLŒÌMÌŒLŒÌŒŒMÍLL‹ÌÌ—ÍLŒÎNLŒLÌLŒMLŒÌLLÌLŒNLŒÌŒŒŒŒMÍLLËÌÌ—ÍKLŒÎLŒÍMÌLŒMÌŒÌÍLŒŒLŒLÌŒLLŒLNLŒMÍLMÌÌ—Í‹LŒŒŽMŒLŒMLŒŒŽMŒLÍÌLŒŒŒŒNMLŒMÍLMKÌÌ—ÍËLŒÎLŒÍŒLŒMŒŒÌÌLŒNÌLŒÍŒMÍÌŒŒLŒMÍLM‹ÌÌ—ÍLLŒŒLŒLNŒÎLLŒLŒLŒÌŒŒÌŒMÍLMËÌÌ—ÍKLŒLÌLŒLŽŒÍLLŒŒMŒLŒMŒŒLŒMLŒMÍLNÌÌ—Í‹LÎŒŽLLŒLÍŒŽLÌLŒÍLŒMŒŽLLŒMÍLNKÌÌ—ÍËLŒÌÎŒÎÌŒMŽŒÎLLŒŒŒLLŒŒŒÌŒŒMÌÌŒMÍLŒÌÌ—ÍLŒÎLŒŒÌLŒLŒLÌŒŒLŒÌÌLLŒŒLŒLŒÌŒŒMÍLŒKÌÌ—ÍKLŒŽNLLŒLLŒÍLŒŽŒLŒLÌŒLÌŒLMŒŒMÍLŒ‹ÌÌ—ÍLLŒÎŒŽMLŒLLŒÌMLŒLŒŽŒŒŒŒMÍLŒËÌÌ—ÍLKLŒÍŒÍÍÌLŒŒLŒÍŒÌLŒMNLŒNLŒMŽŒMLŒMÍLÌÌ—ÍL‹LŒÍÌŒŒÌLLŒMÌŒŒMÌLŒÎŒÌŒŒÌŒŒÍŒMÍLKÌÌ—ÍLËLŒÍŒŒÎNLŒLÌÍÌLŒMÌLŒLŒLŒMLŒŒMÍL‹ÌÌ—ÍMLŒÌŒŒLŒÌŒŒLLLŒŽŒŒLLLŒLŒŒLŒMÍLËÌÌ—ÍMKLŒÌŽLŒÍLŒLŒÍMŒLŒLLLLŒLÌŒLŒMÌŒMÍLŽÌÌ—ÍM‹LŒÌÍLŒŒŒLLŒLŒŽÌLŒŒLÌŒLMÌŒÌŒŽMŒŒMÍLŽKÌÌ—ÍMËLŒÌÌLŒŽMŒŒLNŒÍLLŒMLŒÌLŒLÍŒLLÌŒMÍLÌÌÌ—ÍNLŒŽŒNLLŒLÌŒLÌLŒNŒÌLŒLLŒŽMLŒMÍLÌKÌÌ—ÍNKLŒŽLÌŒÌÍŒLŒLŒÌŒLLŒNŒMŒNMŒŒÎŒMÍLÌ‹ÌÌ—ÍŒLŒÎLŒÌLŒMLŒÌÌŒÎLŒMLŒŽŒŒÎLŒMÍLÌËÌÌ—ÍŒKLŒŽNŒÍLLLŒLÌŒÍLLLŒÍŒLŒLLŒMLŒLÍŒŒMÍLÍÌÌ—ÍŒ‹LŒÌŽLŒÎLLŒŒŒŽŒLŒMŒŒLŒLŽŒMÍŒŒMÍLÍKÌÌ—ÍŒËLŒÌŒŽLLŒŒŒÌŒLŒŒLŒÍÌŒÌÌŒMŒLŒMÍLÍ‹ÌÌ—ÍŒŒŒŒŒŒŒŒŒMÍLÍËÌÌ—ÍKLŒÌLŒÌÌLŒLMŒÍŒLŒŒÌŒŒŒLŒŒMÍLÎÌÌ—Í‹LŒŽŒŒŽNLLŒŒŒŒŒŒŒLŒŒÍLŒLÎLŒMÍLÎKÌÌ—ÍËLŒŽLÌŒÌMÌLŒMŒŒÍMÌŒŒLLŒLŒÍŒMÍMÌÌ—ÍŽLŒÍŒŒŽÌLŒŒŒŒÎŒŒŒŒŒMLÌŒŒŒŒMÍMKÌÌ—ÍŽKLŒÌÌŒÌŒLŒLŒÌÌLŒLLŒŒŒLŒŒLŒMÍM‹ÌÌ—ÍÌLŒMŒŒÌLLŒÌLŒÌMŒŒMLŒŒŒLŒŒMÌŒMÍMËÌÌ—ÍÌKLŒŒŒŒMLLŒŒŒÌŒMMLŒLŒLŒŒÌŒMÍMÌÌ—ÍÌ‹LŒŽŒŒLLLŒLŒÍŒŒŒŒMŒŒMŒLŒMŒMÍMKÌÌ—ÍÌËLŒŒLÌŒŽLLŒÍŒŒŽŒŒŒLŒŒŒŒÌNŒMLŒŒMÍM‹ÌÌ—ÍÍLŒNŒŒŽLLŒŒŒŒÍÌŒLŒŒŒŒLMLŒLŒMÍMËÌÌ—ÍÍKLŒMÌŒŒLLLŒMŒŒŒŒŒLŒŒŒÌŒLŒMÍMÌÌ—ÍÍ‹LŒMŒŒÌLÌŒŒŒÎLŒLŒLŒŒŒÎŒŒLŒMÍMKÌÌ—ÍÍËŒŒŒŒŒŒŒŒŒMÍMLÌÌ—ÍÎLŒLÍLŒŒLŒŒŒÌMŒÌLŒÌŒÍNŒÌŒŒMÍMLKÌÌ—ÍÎKLŒLŒŒMÌLŒÌŒMÌŒÌÌŒÌÌŒLÌŒŒŒŒLŒMÍML‹ÌÌ—ÎLŒŒŒŽLŒŽŒLLLÌLŒNÍŒLŒÌŒMÍMLËÌÌ—ÎKLŒLŒŒÌŒŒLŒŒLŒÌÎŒÍÌÌLŒÌŒÌLLŒÌŒŒMÍMMÌÌ—Î‹LŒMLŒŒLŒNLŒÌNŒLŒLŒÌNLŒLÎLŒLÌŒMÍMMKÌÌ—ÎËLŒLLŒLLŒLLŒŒÎŒLLŒMŒMLŒŒMÍMM‹ÌÌ—ÎLŒŒŒŒNLŒMLŒÌLŒÌLŒÌÌŒŒLŒŽŒMÍMMËÌÌ—ÎKŒŒŒŒŒŒŒŒŒMÍMNÌÌ—Î‹LŒÌŒLLLŒLÍMMŒŒŒLLLŒLÎLŒÎMŒŒMÌŒMÍMNKÌÌ—ÎËLŒÌŒŒŽLŒMŒŒÍLÍŒLŒNMŒÌŒMÍMŒÌÌ—ÎŒMÌŒLMŒLŒŽŒMÎLLŒŒLŒLMŒŒLŒŒMÌŒMÍMŒKÌÌ—ÎKŒŒŒŒŒŒŒŒŒMÍMŒ‹ÌÌ—ÎLLŒNMÌLŒMÌŒŒŒMŒLŒMÌÌŒÎLŒÍÌLŒMÍMŒËÌÌ—ÎLKŒÍŒŒŒÌLŒLÌLÌÌLLŒLŒŒŒÌLÌLŒÌŒMÍMÌÌ—ÎL‹ŒŒŒŒŒŒŒŒŒMÍMKÌÌ—ÎLËŒŒŒŒŒŒŒŒŒMÍM‹ÌÌ—ÎMLŒLŒMLLŒLŒÍÌLLŒMŒŒÍŒÍÌŒMÍMËÌÌ—ÎMKŒŒŒLÌLŒLLŒŒLŒŒÌLŒLŽLŒMŒMÌŒŒMÍMŽÌÌ×ÌŒÌLŒŽNLŒŒLŒÍÌŒLŒLŒLÌLÌÌŒLŒMÍMŽKÌÌ×ÌKŒŒMLŒŒMŒMÍÌŒLŒMNLŒÍŒLŒMÍMÌÌÌ×Ì‹ŒŒŒÌÍLLŒŒŒŒLŒMLŒŒNLLÍÌŒMŒMÍMÌKÌÌ×ÌËŒŒŒŒŒŒŒŒŒMÍMÌ‹ÌÌ×ÌŒLŒÎMLŒŒÌLÌŒLŒMŒŒLŒLLÍLŒLÎŒMÍMÌËÌÌ×ÌKŒŒLÌLŒŒMLÌŒÍŒMŽLŒÌLŒÌŒMÍMÍÌÌ×Ì‹ŒNLŒÍŒLŒŒŽŒLŒNŒMÌLNŒNŒMÍMÍKÌÌ×ÌËLŒLÌLŒŒÎLÌŒŒŒLŽLLLÍŒLŒMÍMÍ‹ÌÌ×ÌŒÍÌLLŒŒLŒŒÎMÌLŒLÍŒŒLMÎLŒLÌŒMÍMÍËÌÌ×ÌKŒMŒLLLLŒŒŒÌLŒŒLÌŒLŒÍLŒŒŒMÍMÎÌÌ×ÌLŒÌLMÌLŒŒŽÌLŒÌŒMNLLÍLŒMŒMÍMÎKÌÌ×ÌLKŒÌLÌLŒŒLÌLŒLŒŒLLŒÌŒŒÍŒŒMÍNÌÌ×ÌL‹ŒLŒLŒŒLLLLŒLÍÌŒLÌÌLŒLLŒÌŒMÍNKÌÌ×ÌLËŒŒNLŒŒNÌŒŒŒŒÌLŒÍLŒMÍÌŒMÍN‹ÌÌ×ÌMŒÌLLŒŒNLŒÎLLŒNMÌŒLŒLŽLŒMŒMÍNËÌÌ×ÌMKŒÍLŒŒŒŒŒŒŒŒLŒŽLŒMŒMÍNÌÌ×ÌM‹ŒÌLÌLŒŒMLLŒLMLŒNLÌLŽLŒLÍŒMÍNKÌÌ×ÌMËŒÍŒLÌLŒŒÍŒŒÎŒÌMLŒŽLÌŒMŒŒŒMÍN‹ÌÌ×ÌNŒŒLŒŒÌLLLLŒŒŒLLLMNLŒLLŒMÍNËÌÌ×ÌNKŒÌLŒŒÍNŒŒŒŽLÎŒMŒLŒMÍNÌÌ×ÌŒŒŒMÌLŒMÌLNLŒLŒMLÌLLÌŒLÍLŒMÍNKÌÌ×ÌŒKŒÌŒÌLŒŒŒÌŒLÌŒÌÌLŒÌMŒŒŒÍÌŒMÍNLÌÌ×ÌŒ‹ŒŽLÌLŒÌNLLŒLŒŒŒŒLLÍLŒÌÌŒMÍNLKÌÌ×ÌŒËŒŒLLLŒNŒLŒŒŒŒŒLŒÌŒŒLLÌŒMÍNL‹ÌÌ×ÌLŒŽŒÌLŒÎLŒÍNLŒMÎLŒLÌLMŒMŒMÍNLËÌÌ×ÌKŒLLLŒŒÌMŒŒLŒÍŽLŒÌÌŒŒŒMÍNMÌÌ×Ì‹LŒÌÍMLLŒŽŒLŒŒÌŒŒÍLLLLŒŒLŒMÍNMKÌÌ×ÌËŒLŒLŒLŒŒŒŒŒŒŽLLŒNNŒŒLŒMÍNM‹ÌÌ×ÌŽŒÌLMÍÌLŒÍMLŒŽŒŒNLLÍŒŒLMŒŒMÍNMËÌÌ×ÌŽKŒÍLLLŒNŒÍŒÌŒÍŒLŒLÌŒŒLÌŒMÍNNÌÌ×ÌÌŒLŒŽLLŒŒŒLLÌÌŒLŒŒŽLLŒÌLŒŒMŽLŒMÍNNKÌÌ×ÌÌKŒNLLŒŒLŒŒMÌŒLŒÍŒŒŽŒMÍŒÌÌ×ÌÌ‹ŒLMŽLLŒNMÌMŒLŒLŒÌLŒŒLŒŒMÌŒMÍŒKÌÌ×ÌÌËŒŒŒŒŒŒŒŒŒMÍŒ‹ÌÌ×ÌÍŒŒŒMLŒNLLLŒÌŒMÌLŒMNLŒŒLŒMÍŒËÌÌ×ÌÍKŒŒLMLLŒMÎLLÌŒNÌŒÌÍLŒMLLŒŒŒLŒMÍŒÌÌ×ÌÍ‹LŒŒLLŽLŒMMLLŒLŒMLŒLŒÎMŒMŽLŒMÍŒKÌÌ×ÌÍËŒÌLLLŒMÎLLŽLŒMMLŒŒÌÌLŒMŒŒÎŒMÍŒ‹ÌÌ×ÌÎŒÌLMÌLŒNMÌŒLMLŒŒŒLŒNNŒŒLŒMÍŒËÌÌ×ÌÎKŒŽMMLLŒŒÍŒNMLŒŒŒLŒŽÌLŒMŒLŒÍŒMÍŒÌÌ×ÍŒNLNŒLŒMÌLMLŒLŒÍÌÌLŒLŒŒMÍŒKÌÌ×ÍKŒNMLLŒMŽLMŒŒŒÍŒŒÍÌLŒMMÌŒMÌŒŒMÍŒLÌÌ×Í‹ŒŽLMŒLLŒMÌLLŒŒÍLLŒMÍLŒŽŒMÍŒLKÌÌ×ÍËŒÌŒLLŒMNNMLŒÍLŒŒNLŒLŒMLŒŒMÍŒL‹ÌÌ×ÍŒLLNLLŒŒMŒLŒŒŒÌLŒÌŒNLÌŒMÍŒLËÌÌ×ÍKŒLLÍŒLŒLŽLLMŒMLŒÌŒLŒLÌŒŒŒŒMÍŒMÌÌ×Í‹ŒLLLLLŒLLÍLŒÌŒÍÎLŒNŒŽMLŒMÍŒMKÌÌ×ÍËŒLŒMŽLLŒMLÌŒÌŒŒŒMLŒLŒŒŒŽŒMÍŒM‹ÌÌ×ÍŒMLLŒLŒLÌLLŒŒMMŒÌÌŒLŒŽLŒMŒŒMÍŒMËÌÌ×ÍKŒLÌLŒÌLŒLŒŒŒMŽŒNMLŒÌŒŒÎŒMÍŒNÌÌ×ÍLŒMNŒÎÌLŒLÍŒŒMŒŒLMŒŒŒLŒMMLŒÌŒMÍŒNKÌÌ×ÍLKŒLÍÌÍLLLŒLMŒÎLŒLLÌŒŒŒÌLŒLŒÍŒMÍŒŒÌÌ×ÍL‹ŒLNLÍLLŒLMLNŒLŒŒÎLLŒŽŒÍÌŒMÍŒŒKÌÌ×ÍLËŒLŽLNŒLŒLŒÍÌŒMŒLŒŒÌLŒLŒŒLŒMÍŒŒ‹ÌÌ×ÍMŒMŒLLŒMŒŒLŒMLŒŒLLŒMLŒÍŒMÍŒŒËÌÌ×ÍMKŒLÎNŒLŒLŽLŒŒLŒNMŒLŒŽLŒŽŒMÍŒÌÌ×ÍM‹ŒNLLLŒÌŒÌŒLŽLŒÍŽLŒLÍLŒÍÍLŒMÍŒKÌÌ×ÍMËŒMŒLNLLŒÌŒÌŒŒNLŒMLŒMÌŒÌŒŒMÍŒ‹ÌÌ×ÍNŒŒŒŽLŒLMÌŒÍÌŒŒÌLŒLLŒÌŽLŒMÍŒËÌÌ×ÍNKŒMÎMÌLŒLŒŒŒŒÎMŒŒŒŒÍLŒÌLÌŒMÍŒŽÌÌ×ÍŒŒŒÌLŒNLŒLŒLÌŒŒŽŒŒMLŒMŒŒMÍŒŽKÌÌ×ÍŒKŒNŽŒLNŒNŒLÌŒŒÌŒŽLŒMÍŒÌÌÌ×ÍŒ‹ŒŒÎLLŒÎMÍŒLŒLŒNLŒMÌŒŒŒMÍŒÌKÌÌ×ÍŒËŒŒŒLÌLŒÍLŒÍLŒMLLŒÌLŒÍMLŒÎLÌŒMÍŒÌ‹ÌÌ×ÍŒŒNLŒŒLŒLLMŒŒMŒÍMLŒÌLŒMÍŒÌËÌÌ×ÍKŒÌŒÎLLLŒŽŽLŒÍÌŒŒÌŒLÌŒÎMŒMÍŒÍÌÌ×Í‹ŒŒÌŒŒÍÍLLŒMLŒÍŒŒMMÌŒŽLŒŒÌLŒNŒMÍŒÍKÌÌ×ÍËŒLÎLŒLŒLLLŒŽLNLŒMÍŒÍ‹ÌÌ×ÍŽŒŒŒLŒŒŒMŒLŒŽLŒŒŒŽLLŒMÍŒÍËÌÌ×ÍŽKŒŒLMLLŒNŒÌŒLŒŒŒLMMŒMÍŒÎÌÌ×ÍÌŒŒLŒŒŒŒÌLŒMŒŒÍŒŒŒÍMŒŒMÍŒÎKÌÌ×ÍÌKŒMŒLŒLŒLŒŽLŒNNŒÍLLŒMÍÌÌ×ÍÌ‹ŒLLŒŒÌLÌLŒÌLŒŒÌŒMLŒŒÍÌŒMÍKÌÌ×ÍÌËŒÌÌŒÌŒÎŒÍÌŒÌŽLŒŒÍŒŒŒÎÌŒMÍ‹ÌÌ×ÍÍŒÎLÌŒÌMLŒŒŒÌÌŒŒÌLÌŒMÍËÌÌ×ÍÍKŒÌŒŒÍŒLŒMÍŒŽŒŽŒŒÍÎŒMÍÌÌ×ÍÍ‹ŒÍLMLŒŽŒÎLŒŽLŒŒMNŒLMÌŒŒŒŒŒMÍKÌÌ×ÍÍËŒÍŒÌÌŒLMŒLLŒŒÎMŒŒÌLŒMÍ‹ÌÌ×ÍÎŒŽLŒŒLÌŒÌŒŒÍLŒŽÌŒŒNLŒMÍËÌÌ×ÍÎKŒŽNLŒÎŒLÌLŒLLŒÌŒÍLLŒMÍÌÌ×ÎŒÍLLŒLŒŒÍLŒÍÌÌŒŒÍÌŒÍNLŒÍLŒMÍKÌÌ×ÎKLMŒŒŽLŒLLNLLLŒÌŒÍÍÍŒMÍLÌÌ×Î‹ŒŽLŒŒÌŒLMLŒLLŒMŒLLŒLLŒLŒMÍLKÌÌ×ÎËŒÌLŒŒLNMŒÍÌÌŒÌLLŒÍÌLLŒMÍL‹ÌÌ×ÎŒLŒŒLÍÌNÌŒÌÌŒÍŽLŒŒÍŒMÍLËÌÌ×ÎKLŒŽNŒMNLÌLŒÌÌŒÌŒLŒMÍMÌÌ×Î‹ŒÍÌÌŒŒLÍLMÍÌŒMÍŒŒÍÌŒNŒŒÌŒMÍMKÌÌ×ÎËŒŒŒŒŒŒŒŒŒMÍM‹ÌÌ×ÎŒÌŒÎNŒNÌŒÍŒLŒŒŒŒÍLLŒŒÌLŒMÍMËÌÌ×ÎKŒLŒÍŒLŒMLŽŒLÌŒÍÌŒÌŒMÍNÌÌ×ÎLŒÌŒÍÍŒŒMŒŒŒŒLLŒLŒÎÌŒMÍNKÌÌ×ÎLKŒŒÍLŒMÌÌLLÍŒÍMLŒÎMŒLÌŒMÍŒÌÌ×ÎL‹ŒÎMLŒÎŒŒNLNŒÍŒŒÍŽŒÎLÌŒMÍŒKÌÌ×ÎLËLÌŒÎÌŒŒŒŒÌŒÌÍŒŒÍLLÌŒMÍŒ‹ÌÌ×ÎMLLŒŒLŒŒMLŒÌÎŒÍŒŒNLŒÍŒŒMÍŒËÌÌ×ÎMKLŒŒÌLŒLŒŒÌŒÍŽLŒŽÌŒŒÌLŒŒMÍÌÍÌLŒLLMÌLŒNŒŒÍLLŒŒÌLŒÍLLŒMŒŒMÍKÌÍÌKLŒLLLŒŽLŒMÎLŒÎLLŒLŒNMŒLŒLÍLLŒNMŒMÍ‹ÌÍÌ‹LŒLÌLMNLŒLÌŒLLŒNŒMLŒMŒLŒŒŒMÍËÌÍÌËLŒLŒÎMLŒLLŒLÌLLŒŒŒŒLÌLŒLMÌLŒNNLŒMÍŽÌÍÌLŒNLLÍŒLŒMÍLŒLLLŒNLŒŒNLLŒLÍLŒLÌŒMÍŽKÌÍÌKLŒLŒÍŽLŒMÎŒMLLŒLLŒMLLŒMNLŒMLLŒMÍÌÌÍÌ‹LŒNLŒŒLÌŒLLŒLLŒNLŒLLŒLÍŒMÍÌKÌÍÌËLŒNLŒÌŒLŒNLŒLLLŒMŒLŒLLLŒLŒLŒLÎŒMÍÌ‹ÌÍÌLŒLŽMÌLŒŒŒŒŒNLŒMŒŒLŒŒLŒLLŒMÍÌËÌÍÌKLŒŒÍLŒÍŒLŒŒMÌLŒLÌŒŒMŒLŒMÍŒLŒLŒMÍÍÌÍÌLLŒÍŒMÌLLŒMŒŒŒNMŒLŒŒNŒŒLÌLŒNLŒLŒMMÌŒMÍÍKÌÍÌLKLŒMŒŒŒLMLŒLLŒLÌŒŒMLLŒMMŒLŒLŒMÍÍ‹ÌÍÌL‹LŒLMÍŒLŒMŒLŒMÌLŒÍLŒLÍLŒLLLŒŒMÍÍËÌÍÌLËLŒNLŽŒLLŒŽŒLŒLLŒŒMMÌLŒMNLLŒLLŒMÍÎÌÍÌMLŒÍLLÍÌLŒMMÌŒŒLLŒŒŒŒŒMÌLŒÌLŒŒMÍÎKÌÍÌMKLŒMLÌŒLŒLÌLŒNŒLŒMŒŒŒNLLŒMŒLŒLÌŒMÍŽÌÍÌM‹LŒÎLLLŒMŒŒÌLŒLÌÌŒŒMLŒŽLLŒŒÌŒMÍŽKÌÍÌMËLŒÍŒÍLLŒLLŒŒŒÌLŒLÎŒŒLLŒLŒŒMLŒMÍŽ‹ÌÍÌNLŒLŒLŒNLÌŒÌLLLŒŒÌŒLLŒLŒNLLŒMŒMÍŽËÌÍÌNKLŒLLŒMÌŒMÌLŒMÌŒŒMÎLŒLLŒLŒŒMÍŽÌÍÌŒLŒMŒLMLŒMÌŒŒŽLLŒLŒŒLŒLŒNLŒŒŒMÍŽKÌÍÌŒKLŒNMLŒLÌÌŒŒMŒLŒMŒŽMÌLŒŒLŒÌŒMÍŽ‹ÌÍÌŒ‹LŒŒLMÌLŒMLŒÌLLŒMMLŒÍLLŒŒNLLŒLMŒMÍŽËÌÍÌŒËLŒŒŒÌŒLLŒMŒMŒLŒMŽLŒŒNLLŒLÌLŒÌŒMÍŽÌÍÌLŒNMŒLLŒLŒŒŒŒMÌLŒŽŒŒNÌLŒMŽŒLLŒMÍŽKÌÍÌKŒÌÌŒÍŒÌLŒMLŒNLLŒLÎLŒŒLÌLŒŒŒŒMÍŽLÌÍÌ‹LŒNLÍLŒLNLŒÍŒLŒŒŒÌŒÌLLŒŒLŒŒÌŒMÍŽLKÌÍÌËLŒÌNLLŒLŒŒŽNLŒLŒÌŒŒMÌLŒÌŒŽŒMÍŽL‹ÌÍÌŽLŒŒLÍLŒMŒÌŒÌLLŒMMÌŒLŒŒŒŒŒMÍŽLËÌÍÌŽKLŒŒÌŒŽLŒLLŒÌŒLŒLLÌŒŒŒLLŒLŒLLŒMÍŽMÌÍÌÌLŒMLLÍLLŒLMLŒÌLŒLŒMLŒLÌLŒMMŒLŒMÍŽMKÌÍÌÌKLŒÌLÍNLLŒLÌŒŒÍLŒLŒŒLLŒÌŒMÍŒŒMÍŽM‹ÌÍÌÌ‹LŒŽÌMÌLŒMŽLŒÎLŒÌLÌŒLLŒLMÌŒLŒMÍŽMËÌÍÌÌËLŒŒÌŒLLŒŒŒLLŒÍŒNLLŒŒÌŒMŒŒMÍŽNÌÍÌÍLŒLÍLÌLŒLŒŒÌMLLŒÌMŒÍLLŒNMLŒLLLŒMÍŽNKÌÍÌÍKLŒÌŒÍLLŒLŒMŒLŒÎLŒLNLŒŒŒMŒŒMÍÌÌÍÌÍ‹LŒLŒŒLŒLÌÌŒÍNLLŒNLLŒMLLŒMLŒLŒÌŒMÍÌKÌÍÌÍËLŒÌÍLLŒMŒŒLŒŒŒŒLLŒŒŒŒNLŒMÍÌ‹ÌÍÌÎLŒLŒÌMLLŒLLŒÍÌLŒŽŒLLŒMÌŒNŒŒMÍÌËÌÍÌÎKLŒÌLŒÌŒLLŒŒŒŒÌÌLLŒŒLŒŒLŒŒMÎŒMÍÌÌÍÍLŒLÌŒLŒLŒÌÌLŒNLŒŒŒMLŒŽLŒMÍÌKÌÍÍKLŒNŒÍŒLŒÍLŒÌŒLLŒÍŒNLŒNLŒMÍÌ‹ÌÍÍ‹LŒMÌÌLŒÌŒŽLŒLŒLŒLŒŽŒLŒMŒŒMÍÌËÌÍÍËŒMLNLLŒLŒÌŽLLŒLŒMÍLŒLŽŒLÎLŒMÍÌÌÍÍLŒLÌŽLLŒÍŒŒŽNLŒNŒLÌLŒÌŒŒMÍÌKÌÍÍKLŒÌŒÌÌŒLŒŒŒÌŒŒLŒLŒMÌŒLŒMLŒMÍÌLÌÍÍ‹LŒŒŒLLŒÌŒŽÌLŒLMŒŒÌŒMÌŒLÍLŒMÍÌLKÌÍÍËLŒÎŒÍMLŒNLŒÎŒLŒMMÌŒLŒNLŒŒMÍÌL‹ÌÍÍLŒLŒÌŒŒLŒŽŒLÌŒÍŒŒŒÌŒMÍÌLËÌÍÍKLŒŒŽLŒŽLŒÌÎŒÌŒŒLŒMÌŒLŒŒMÍÌMÌÍÍLLŒMLLŒÍLLŒMÍŒŒLŒŒŒŒŒÌŒMÍÌMKÌÍÍLKLŒNLŒÍŒŒÍŒŒÌÌŒLLÌŒMMÌŒMÌŒMÍÌM‹ÌÍÍL‹LŒLÌLŒŒŒŒŒÍLŒNŒŒMŒŒÍÌŒŒÎLŒMÍÌMËÌÍÍLËLŒLŒŒÌMÌŒNLŒÍŒLŒMŒŒNLLŒMÍÌNÌÍÍMLŒÌŒÎŒŒÌŒŒLŒNLŒNŒŒŒŒŒŒÌLŒMÍÌNKÌÍÍMKŒMŒLŒŒŒÍŒŒŒLLŒNLŒLNLŒLÌŒŒMÍÌŒÌÍÍM‹LŒÎLŒŽLŒŒÌŒÍÌLŒMÌŒMLŒŒŒŒLŒMÍÌŒKÌÍÍMËŒLÌŒÌMÌŒÌLÍŒMLŒÌŒLLŒNLŒMÍÌŒ‹ÌÍÍNLŒÌŒÍÍŒŒLŒŒŽŒLŒLÌŒŒMŒLLÌŒÌLŒMÍÌŒËÌÍÍNKŒÍÌŒÌÌŒNŒÎMŒŒLÍŒŒŒŒNLŒNLŒMÍÌÌÍÍŒŒŒŒÎLŒÍÌLŒÌŒLŒLLŒŒŽÌŒMÍÌKÌÍÍŒKLŒÌŒÍŒŒLŒÎŒMÌŒLÌŒÌŒŒŒŒMÍÌ‹ÌÍÍŒ‹LMŒLÌŒÍŒŒÍŒŒÍÌŒÎLŒÌÌÌŒLLŒMÍÌËÌÍÍŒËŒŒLŒŒLŒMLŒÍŒŒNŒŒŒŽŒŒLÌÌŒMÍÌŽÌÍÍŒÍÍŒŒLŒLŒMÎLŒŒÍŒŒMŒLLŒMÍÌŽKÌÍÍKŒMLŒÌMÌŒŽLŒŒLŒÌŒÌLŒMŒMÍÌÌÌÍÍ‹ŒÍŒÌŒLŒLLŒÌLŒLLŒMÍŒŒÌLŒMÍÌÌKÌÍÍËLŒNŒÍŒLNLŒÎLÌŒÎŒMLŒÍŒŒŒLŒMÍÌÌ‹ÌÍÍŽLŒMŒMŒMÌLLŒLÌŒLLLŒMŽLŒÌŒMÍÌÌËÌÍÍŽKŒMLŒÌŒMŒŒÍMLŒŽLŒÌŒŒŒŒŒŒNNŒMÍÌÍÌÍÍÌŒLLŒMÌLŒMŒŒLÎLŒMŒNŒMÍÌÍKÌÍÍÌKŒLŒŒMŒLŒLŒÍLŒŒÎLŒMŒÍÌÌŒLÎŒMÍÌÍ‹ÌÍÍÌ‹ŒÌLŒŒŒLŒÎLŒŽLŒÌŒŒÍÌŒŒÍŒŒMÍÌÍËÌÍÍÌËŒMÌŒŒLÌŒŒLŒÍÍÌŒŒMŒŒÍLŒŽŒŒMÍÌÎÌÍÍÍŒLMŒŒŒÌŒÎLÌŒÌÍŒŒMLMLŒŒŒMÍÌÎKÌÍÍÍKŒLŒŒŒNLÌŒŒŒŒÍŒLLŒŒŒŒMMŒMÍÍÌÍÍÍ‹ŒŽLŽŒŒŒÍŒŒŒÌLLŒLLŒŽŒŒŒLŒMÍÍKÌÍÍÍËŒLLŒNŒŒLŒÌÌŒNMŒNLŒLŒŒŒŒŒMÍÍ‹ÌÍÍÎŒÍÌŒNLŒŒNLLŒÌŒÌLŒŒŒŽÌŒLŒMÍÍËÌÍÍÎKŒLÍŒLŒŒŒLŒŒŒŒLLŒÌŒŒŒŒMÍÍÌÍÎŒLŒÌÍŒŒMLŒÌMLŒŒŒÎLŒÍŒÍLŒMÍÍKÌÍÎKŒLŒŒŒŒLLŒMŒNLÌŒLŒŒŒŒÌŒNLŒMÍÍ‹ÌÍÎ‹ŒŽŒÌÌŒŒŒMMŒŒÌLŒŽLÌŒŒŒMÍÍËÌÍÎËŒLÌLŒŒLLŒNŒÍLŒÌŒMÍŒŒÎLŒŒNÌŒMÍÍÌÍÎŒŒŒŽMLŒŽÌÌŒMÎŒMŒŽLŒMLÌŒMÍÍKÌÍÎKŒLÎLŒNNŒŽŒÍLÌŒMLŒLLLŒŒŒMÍÍLÌÍÎ‹ŒMLŒŽLŒŽLÌŒÎLŒŽNŒÍLŒÍÎLŒLLŒŒMÍÍLKÌÍÎËŒMMŒŒMNLŒŽMLŒÌÌŒÎŒŒMÌLÌŒŒÎLŒMÍÍL‹ÌÍÎŒLŒŒÍŒŒÌŒLŒÌÎŒLŒMŒŒŒÌŒMŒŒMÍÍLËÌÍÎKŒMLLŒÌLŒÌLŒŒNLÍLŒMLMLŒŽŒMÍÍMÌÍÎLŒNŒŽÌŒÌÌÌŒÍŽLŒLŒŒMŒLÌŒMLŒMÍÍMKÌÍÎLKŒMŒÌŒÌLŒÌLÌŒÍŒŒŒÌŒLŒŽLŒŒŒLŒMÍÍM‹ÌÍÎL‹ŒMŒŒŽŒÍÌLŒÌŒŒŒMÌŒÍÌŒLMLŒMÍÍMËÌÍÎLËŒLÎŒMÌŒÌMŒÍÎLÎŒÍÌLÌLŒÍŒMÍÍNÌÍÎMŒMNŒLŒÌÌŒŒÍŒŒÎLŒLLLŒŒMÍÍNKÌÍÎMKŒLÍŒÌŒÌŒÌŒŒÍŒŒLŒLLŒÌLŒŒŒŒLŒŒMÍÍŒÌÍWÌŒLŒÍÌLŒŒŒLŽLLŒLŒLŽLLŒŒŒNŒMÍÍŒKÌÍWÌKLŒŽŒŽMLNŒÌLŒLLŒLLMÌŒŒÌÍÌŒMÍÍŒ‹ÌÍWÌ‹ŒÍÌŒLÍLLNŒŒŒLŒMŒŒLŒŒŒŽMŒMÍÍŒËÌÍWÌËŒŒLŒŒŒŒLŒÌŒLŒÌŒÌÌLMÌLŒŒMÍÍÌÍWÌŒÌŒMLÌŒNLŒLŒŒMÌLNŒMLŒMÍÍKÌÍWÌKŒŒŒŒŽLNLNNLŒLŒŒÍÌLNLLŒMŒMÍÍ‹ÌÍWÌ‹ŒLŒLLLNLŒŒŒŒÌŒÌŒLŒŽLŒÍŒMÍÍËÌÍWÌËŒNLŒNLLLŒŒŽLÌŒLLŒŒLLMŽŒMŒŒMÍÍŽÌÍWÌŒŒŒŒÍLLLLŒŒLŒLLŒŒŒŒMŒMÍÍŽKÌÍWÌKŒÍŒŒNNLLÍŒÌMŒLLŒLLŒLÌŒŒMÍÍÌÌÍWÌLŒMÌŒMLLLŒÍŒLLMLŒMŒMÍÍÌKÌÍWÌLKŒÎLŒŒLLLŒÌMLŒLŒÌLŒŒŒŒMÍÍÌ‹ÌÍWÌL‹ŒMŒŒMÌLÌLŒÎLŒÍÌLŒLÌLÌLŒŒŒMÍÍÌËÌÍWÌLËŒÌŒMŒLÌÌŒÌŒLLŒLŒÌLLÌŒMLLŒMÍÍÍÌÍWÌMŒÌŒMÌLLŒÌÎŒMÌLŒŽLLŒŒMÍÍÍKÌÍWÌMKŒLLŒLNLLÌŒŒLŒŒLŒNLLMŒÌŒNLŒMÍÍÍ‹ÌÍWÌM‹ŒMLŒÌLLLÍLŒŒLŒLŒÌLŒLŒMŒMÍÍÍËÌÍWÌMËŒŒLÌLLŽŒÌLLŒŒLLŒNLŒMÍÍÎÌÍWÌNŒÎLŒŒŒLŒŒÍLŒLŒLLŒLLLÌNŒLMLŒMÍÍÎKÌÍWÌNKŒÌŒŒMÌLLŒÌNŒMÌŒLMŽŒMMŒMÍÎÌÍWÌŒŒÌÌŒŒLŒLÎŒÎLLŒLMLŒLLŒŽŒLŒŒMÍÎKÌÍWÌŒKŒLLÌŒMÌLLLŒŽŒŒŽLŒÍLMŒMLŒMÍÎ‹ÌÍWÌŒ‹ŒŒŒNLÌLNŒÌMLŒÍÌLŒMLMŽLŒNLŒMÍÎËÌÍWÌŒËŒŒŒŒMLLŒŒÌŒŒÍLLMŒMNLŒMÍÎÌÍWÌŒLLŒŒLLŽLŒÍŒÌLŒŒLLLLŒLÍÌŒMÍÎKÌÍWÌKŒMÌŒMMÌLŒŒŽLŒMLŒLÌLŒÎÌŒŒŽŒMÍÎ‹ÌÍWÌ‹ŒŒLLLNŒÍMŒŒŒLLŒŽLLMLÌLŒMÌŒMÍÎËÌÍWÌËŒMMLŒLLLŽLŒÌŒMŒLLLŒŒŒÌŒMÍÎÌÍWÌŽŒMŒNLLŒŒÎLŒMLÌLNLLŒÍŒŒMÍÎKÌÍWÌŽKŒMMÌŒLMÌLŒŒNLŒŒÌLŒMLŒÍŒŒŒÍŒMÍÎLÌÍWÌÌŒLŒŒŒÌLLŒŒÍÍÌŒNLŒLLLMŒLŒMÍÎLKÌÍWÌÌKŒLÌŒLÌLŒŒLŒŒŒŒLMLŒŒŽŒMÍÎL‹ÌÍWÌÌ‹ŒLŽLŒŒLLNŒÌŒŒNLŒŽLŒÌLŒNŒŒMÍÎLËÌÍWÌÌËŒLNŒLÍLLLÌŒÌMŒŒLŒMMLLÌŒŒŒMÍÎMÌÍWÌÍŒÍŒÍLLÌLŒŒŒLŒLÌLŒMLŒMÍÎMKÌÍWÌÍKŒLŒŒMMLŒÎÌŒÍŒŒNLŒŒLŒÎNLŒLŒMÍÎM‹ÌÍWÌÍ‹ŒMŒMÎLLÍLŒÌÌŒŒMMLÌÌŒNŒMÍÎMËÌÍWÌÍËŒMLŒNLŒLŒÎMŒŽLŒŒŒLŒLLŒÌÍLŒÍÌŒŒMÍÎNÌÍWÌÎŒLŒŒŒÌLÌŒÍÍLŒÎLŒÌŒLÍLŒLLŒMÍÎNKÌÍWÌÎKŒLMLŒMÎLŒÎMÌŒÍŽLŒLÌŒLÌLÌŒŒÌMLŒMÎÌÍWÍŒNNŒMÌŒLŒÌÍÌŒÌÍÌŒŒÌŒMLŒLŒŽÌŒMŒMÎKÌÍWÍKŒMÎLŒMŒŒLŒÍŒŒÍŒLŒŒLÌŒLŒLŒŒŒLŒMÎ‹ÌÍWÍ‹ŒMŒLŒMŒLŒÍÍLŒÌNLŒNLLŒŒLLŒÍLŒŒŒMÎËÌÍWÍËŒLÍLŒNLLLŒÍLŒŒÎÌŒNNLŒMLŒNÌŒNLŒŒMÎÌÍWÍŒMÌŒŒLÍÌLŒÍÌLŒŽMŒŒNŒMÍÌLŒŽŒMŒMÎKÌÍWÍKŒMÌŒŒÌLŒÍÎLŒÍÎLŒŒŽLŒLŒLŒNŒÍŒŒMÎ‹ÌÍWÍ‹ŒMŒŒMMÌLŒŽLÌŒÍÌŒMMŒMLŒÍÌŒLŒŒMÎËÌÍWÍËŒMLŒŽÌLŒÌÍLŒŒMŒŒNMLŒŒŒMÌŒMÎÌÍWÍŒLŒŒLÎLLŒŽLŒŒÌLŒNLLŒLMŒLŒNLŒŒMÌŒMÎKÌÍWÍKŒLŒŒNŒLŒÌŒÎLŒMÍÌŒLLÌLŒŒÎLŒÌŒMÎLÌÍWÍLŒMÍLŒMLÌLŒŽŒŒÌÌŒŒMLŒŒLÌLŒŒŒŒŒÌŒMÎLKÌÍWÍLKŒMÎLŒNLLŒŽNŒÍMŒŒÍŒÌŒLŽLLŒNLŒŒÍLŒMÎL‹ÌÍWÍL‹ŒMŒÌŒMLLLŒÌŒMNLŒLÎLLŒŒNLŒNMŒMÎLËÌÍWÍLËŒMŒŒŒLŒÌŒÌŒŒÎNŒLŒLŒŒŒÍMLŒMÎMÌÍWÍMŒMLŒLÌLLŒNLLŒÎLŒÌÌŒLŒŒMLŒMÎMKÌÍWÍMKŒMÌŒŒŒLLŒŒÌÎŒÌŒŒŒNLLŒLMŒŒÌLÌŒMÎM‹ÌÍWÍM‹ŒMÍÌŒMÍLŒŒLŒÎLŒŽŒLÌÌLŒLŒÍNLŒMÎMËÌÍWÍMËŒMÎŒLLLŒŒLLLŒLÍLŒMŒŒÌÌÌŒMÎNÌÍWÍNŒŒŒŒLÎLŒŒMÌMLŒÍLLŒÌLŒÌŒŒÍLŒMÎNKÌÍWÍNKŒLLŒMŒŒŒŒŽÍŒÎŒŒMLÌLŒLŒŽLŒMÎŒÌÍWÍŒŒMÎLŒLÌLLŒMŒÍMLŒMLLLŒLLÌŒŒMÎŒKÌÍWÍŒKŒMLŒŒLŒNLŒŒÍLŒNNLŒMLŒŒÍŒMÎŒ‹ÌÍWÍŒ‹ŒŒMŒÌLŒNLŒÍŽLŒLŒLMŒLŒLŒÌÍŒŒMÎŒËÌÍWÍŒËŒŒLŒŒŒÍÌLŒLLLŒÎŒŒLMŒLŒLŒŒŒLŒMÎÌÍWÍŒLLŒŒNLÌLŒLÍLŒLŒLLÌLŒLNŒÎLŒMÎKÌÍWÍKŒLÎLŒÌLLŒLÌMŒŒÎÌŒMÌLŒLŒÌÌŒMÎ‹ÌÍWÍ‹ŒNÌŒÎLLŒNŒÍÍLŒŽLÌŒLŒLŒLMŒŒMÎËÌÍWÍËŒMLŒŒÌLŒŒŒÍŽŒŒNÌLŒMLŒLLŒMÎŽÌÍWÍŽŒMÌŒŒLŒŽLMLŒÌŽŒLŒŒŒŒÌNŒMÎŽKÌÍWÍŽKŒMLŒŒŒLŒÌLŒÎMŒŒŒŒLÌŒÌÍLŒMÎÌÌÍWÍÌŒMÍLŒŒÌLŒŒLŒŒŒŒLŒŽŒMÎÌKÌÍWÍÌKŒÎLLLŒNŒÎLŒLÌÌŒŽLLŒÍŒŒÌÍŒŒMÎÌ‹ÌÍWÍÌ‹ŒNLŒÌLŒMLÍŒMŒNLŒÌÎŒMÎÌËÌÍWÍÌËŒMÌLŒŒŒLŒŒŒÌŒŒLLŒLÎLLŒÌŒŒÎŒŒMÎÍÌÍWÍÍŒMÍŒMLŒŒÌMŒŒÍLŒŒLŒŒŒMLŒMÎÍKÌÍWÍÍKŒMLLŒNŒLŒŽNLŒLÎŒLŒÌŒŒMÎÍ‹ÌÍWÍÍ‹ŒNLŒMÌŒLÌŒÎMŒŒLNLŒNLŒŒŒÌŒMÎÍËÌÍWÍÍËŒLÌÌŒMLLŒNŒŒÍÌŒÍLLŒÌLŒÎŒŒMÎÎÌÍWÍÎŒMÌÌŒNLŒLLLLŒÍNŒMLLŒŒÍÌŒÎŒŒMÎÎKÌÍWÍÎKŒMÌÌŒŒŒLŒLLLŒÌÍLŒŒMLŒÎŒŒMÎÌÍWÎŒMÌŒNLŒŒÍŒŒÍLŒŒNŒŒLŒŒÌŒMÎKÌÍWÎKŒMÌŒMLŒÎLNŒÌÎŒÎLŒŒNMŒŒÎNLŒMÎ‹ÌÍWÎ‹ŒMÍLŒŒMLŒÎLŒŒÌŽŒŒŒŒŒLLŒMÎËÌÍWÎËŒMNŒŒLLŒÍLÍLŒŒŽLŒÍŒÍLŒMÎÌÍWÎŒMLÌŒÌŒŽLŒŒLŒŽMŒŒNLŒŒÍŒLŒMÎKÌÍWÎKŒMLŒŒNŒÌLŒLŽLŒŽLŒMÎ‹ÌÍWÎ‹ŒLÍÌŒŽŒŒÎNLŒÌLŒÍÌŒÍŒMLŒMÎËÌÍWÎËŒŒÌŒÍŒŒMŒLŒŒŒLŒÎŒÍMÌŒMÎÌÍWÎŒÍŒŒŒNLŒLMLŒÎLŒŒÎLŒŒŽŒLÌŒÍŒŒMÎKÌÍWÎKŒNMÌŒŒÌŒLŒLŒÌÍLŒÌLLÌŒŽLMŒMÎLÌÍWÎLŒNLŒLŒMLŒÎNŒŽŒÍÍŒLÍÌŒMÎLKÌÍWÎLKŒNMÌŒŒŒŒLÌŒLŒÌLŒŒÌÎŒÌŒMÎL‹ÌÍWÎL‹ŒNŒNMŒMÍŒÎMŒLŒNMŒÍLÌŒÎLŒMÎLËÌÍWÎLËŒMŒŒŒÌŒLÍLŒÍŒŒNLŒŒŽMLŒŒMNMLŒMÎMÌÍWÎMŒLŒŒLŒLÎLŒÌŒŒMŒMLŒÍÌLÍLŒMÎMKÌÍWÎMKŒMMŒŒÍÌŒLÍŒŒÌÌŒLŒŽLLŒNLLŒMÎM‹ÌWÌÌŒŒŒŒÌÍLLŒÍŽŒLŒŒŒÌLŒÍŒŒÍŒŒMÎMËÌWÌÌKŒNŒLŒLLÌŒŒÌÌŒMÌÌŒÍLŒLŒŒŒMÎNÌWÌÌ‹ŒŒÌŒÍÍLÌŒLLŒMŽŒLLLLŒÍŒMÎNKÌWÌÌËŒŒLLŽLLŒŽLŒŒÌŒŒLŒÍÎLŒÌŒŒMÎŒÌWÌÌŒŒŒLLŒÎMLŒMŒŒŒLLLŒÌLŒŒMÎŒKÌWÌÌKŒŒŒMLLLŒÌLŒMLŒÍÌLLŒÌŒŒMÎŒ‹ÌWÌÌ‹ŒNMLŒLŒÎLLŒMMLŒŽŒLŒLŒÍNLŒLŒMÎŒËÌWÌÌËŒŒNLÌÌLŒÎŒŒMŒŒNLŒMÌLŒÌMÌLŒMÌŒMÎÌWÌÌŒŒLŒLŒÎŒŒMŒŒŒMLŒLLŒLŒMÎKÌWÌÌKŒŒMLŒLŒÎLŒŒÌLLŒŒŒŒÎLŒÍLÌŒLŒMÎ‹ÌWÌÌLŒŒLLLŒÍÌÌŒNLŒŒLÍLŒMLLLLŒLŒŒMÎËÌWÌÌLKŒŒÎMLŒÍŽŒÌŒŒŽŒLŒLŒŽLLŒMŒŒMÎŽÌWÌÌL‹ŒNMMLŒÍLŒMÌÌŒŒMÌŒÍŒLŒÍNLŒLÌLŒMÎŽKÌWÌÌLËŒŒNŒÍÎLLŒÍŒÌŒŒŒÌŒŒMŒMLŒÍŽLLŒNLŒMÎÌÌWÌÌMŒŒÌLLŒÍŒLŒŒŒŒNLLŒÌŒLŒLÌLŒÍŒMÎÌKÌWÌÌMKŒLÌŒÌÌLŒÍŒŒŒNNLŒŒLŒŒÌÌLŒÍÍÌLŒŒŒŒMÎÌ‹ÌWÌÌM‹ŒNMLÌÌLŒÍNLŒŽMLŒŒŒLŒÍŒLŒÌŒMÎÌËÌWÌÌMËŒŒŒÍNLŒÍNŒŒÌŒMÎŒÌÌLŒÌLŒLLŒMÎÍÌWÌÌNŒNMÌLŒÍLŒMLŒLLÌŒLLŒÌLLŒÍÌŒMÎÍKÌWÌÌNKŒŒÌLŒÌLÌLŒÌŒŒNNŒŒŒŒŒLÌÌLŒŽMŒŒNLŒMÎÍ‹ÌWÌÌŒŒMÍÌLŒÍÌŒŒMÌŒÌŒŒŽLLŒÌÎLLŒLLŒMÎÍËÌWÌÌŒKŒNMŒŒÌNLLŒÍŒŒMÍLŒŒMÌŒLLŒLŒŒLÌLŒÍŒŒMÎÎÌWÌÌŒ‹ŒMŽLÌLLŒÍŒŒŒLÌŒÌLLŒMŒLŒÌÌŒLŒLÌŒMÎÎKÌWÌÌŒËŒNMÌŒŽMŒLŒÌNLŒMŒŒŒÌŒLÍÌLŒŒLŒMÎÌWÌÌŒNMŒLŒÌŽŒÌLŒŒŒMÌLŒÍŒÌLŒMŒŒMÎKÌWÌÌKŒŒŒŒŒÌÌŒLŒŽNLŒMMŒŒLŒMŽLLŒŒLŒÎLŒMÎ‹ÌWÌÌ‹ŒŒMŒÎŒLŒÌŒŒŒÍLŒLŽLŒLŒLŒÎMÌLŒLŒMÎËÌWÌÌËŒŒŒŒŒŒŒŒŒMÎÌWÌÌŽŒNMÌŒÌÍLŒŽMLŒŒLŒÌŒLŒLLŒŽÌLŒMŒMÎKÌWÌÌŽKŒŒÌŒŽMŒLŒŽMŒLŒŒÌÌŒLLŒŒŒŒŒMLŒMÎ‹ÌWÌÌÌŒŒŒLŒÌMLLŒÌMŒŒŒÌŒŒŒLŽLLŒLLŒLLÌŒMÎËÌWÌÌÌKŒŒMŒŒÍÍŒLŒÌŒŒÍÌŒÍLLŒMÎLLŒMŒLŒÌŒŒMÎÌWÌÌÌ‹ŒŒŽŒÍÍÌLŒMŒMNLŒÎŒŒLŒÌLŒÌÌŒMÎKÌWÌÌÌËŒMŒŒÌÍLŒŒŒMLŒÌÌÌŒŒÍÌLŒŒŒNLŒMÎLÌWÌÌÍŒŒŒŒÌLLŒÍŒŒMŒŒÍŒŒLÌLŒŒŒLŒŒŒMÎLKÌWÌÌÍKŒŒLŒÎŒLŒLŒŒNLŒÍLŒÍŒLŒÍŒNÌŒMÎL‹ÌWÌÌÍ‹ŒLÌŒMŒLŒŒŒŒLŒLŒÌLŒŒÌLŒLŒMÎLËÌWÌÌÍËŒŒNLŒÌLŒŒMÎŒÌŒŒMŒLŒMÌLŒLŒMÎMÌWÌÌÎŒMLLŒŒŒNÌLŒMŒLÍÌLŒŒÍŒNŒMÎMKÌWÌÌÎKŒŒLŒŒŒLŒŒLŒŒŒÌŒÌLŒLLŒLŒNŒNŒMÎM‹ÌWÌÍŒŒŒÌLŒLŒNMLŒMÎLŒŒÎLŒNMLŒMÌÌLŒMÌŒMÎMËÌWÌÍKŒŒÌMÌLŒNLŒŒMÎLŒÍMLŒNŒLŒLMŒŒMÎNÌWÌÍ‹ŒŒLÌŒÌNLŒNLŒMLŒŽŒŒLÌLŒMMŒLŒLŒMÎNKÌWÌÍËŒŒŒLŒÌÍŒLŒŒÌŒŒŒÌŒÌŒMLŒLLŒÌŒŒMÎLÌWÌÍŒŒÌLŒMŽLŒLŒÌÎŒŒLŒLÌÌLŒÎŒMÎLKÌWÌÍKŒŒÍŒŒÌLLŒMŒMMŒŒÌMÌŒMNLŒLŒŒLLŒMÎL‹ÌWÌÍ‹ŒŒÎŒÍŒLŒMLŒMÌÌŒŒLÌLŒNMŒÌŒŒMÎLËÌWÌÍËŒŒÌŒŒÎLLŒMÌÌŒŒÍŒÍMLŒMÌŒLŒLÌLŒLŒMÎLÌWÌÍŒŒŒLŒLÎLŒŒÍÍŒŒLÌLŒMMLŒŽŒMÎLKÌWÌÍKŒMLŒÍLŒLÎŒŒNLMÌŒMMLŒŒLŒLŒMÎL‹ÌWÌÍLŒNŒŽLLŒŒLÌŒLŽŒNÌŒNLŒMMŒLŒŒMÎLËÌWÌÍLKŒNŒŽNLŒLÌŒŒŒŒÌŒÌŒMÌLLŒŒŒLŒŒMÎLÌWÌÍL‹ŒMLÌŒÌLŒŒŽŒMŒŒŒŽLŒMÌLŒLÎŒŒŒMÎLKÌWÌÍLËŒÌLŒŽLLŒLŒŒŒLŒÎMŒLŒLŒŽLŒŽŒMÎLLÌWÌÍMŒÍŒŒŒLŒŒŒÌŒÌÍÌŒŒÌLŒŒŽŒMÎLLKÌWÌÍMKŒŽLŒNLLŒLŒLŒLŒLÍLLŒLŒNLŒMÎLL‹ÌWÌÍM‹ŒLLŒÍLŒLŒMMÌŒLŒŒNŒLŒLLŒLŒMÎLLËÌWÌÍMËŒÍŒŽÌLŒÌŒLŒŒŽŒLMLŒÌLŒMŒŒMÎLMÌWÌÍNŒLŒÌÌLŒNŒNŒŒÌŒLŒLŒLŒŒŒMÌŒMÎLMKÌWÌÍNKŒÍŒMLŒÎŒŒÎLMLŒLLŒMŒŒNLŒMÎLM‹ÌWÌÍŒŒÍLŒÌÍLŒŒLŒŒLŒŒŒŒLŒMÌLŒMŒMÎLMËÌWÌÍŒKŒÌŒŽLLŒLŒŒMÌLŒNŒLLŒLLÌŒMÎLNÌWÌÍŒ‹ŒŽÌŒÌÌLŒÌŒMNLŒŒŒŒLLŒMÎLNKÌWÌÍŒËŒÌLŒŒÍŽLŒLLŒNÌŒÍÍŒLŒŒLLŒŒMÎLŒÌWÌÍŒŽLLŒÍLLLŒÌŒŒŽLŒŒLLŒŒŒLŒŒŒŒMÎLŒKÌWÌÍKŒLŒÌMLŒŒŒŒLNŒMŒÌŒŒLŒLŒNLŒMÎLŒ‹ÌWÌÍ‹ŒŽNLŒŒŒNLŒŒŒŒŒŒLŒLŒMŒLŒLÌŒMÎLŒËÌWÌÍËŒLŒÍLÌŒNŒŽLŒÎÌŒNŒŒMLŒÌŒMÎLÌWÌÍŽŒÎLŒÍLÌLŒŒŒÍLŒÍŒŒŒŒŒLŒÌLŒÌLŒMÎLKÌWÌÍŽKŒŽÌŒÍLŒŒLŒŒŒŒÍNŒÍŒŒLŒLLŒMÎL‹ÌWÌÍÌŒÌŒŒÌLŒLŒŒLŒŒŒŒÍLŒLLŒŒŒŒMÎLËÌWÌÍÌKŒÌLŒŒŒÍLŒLŒLÎŒÍÎLŒŒÍÌLŒMŒMÎLŽÌWÌÍÌ‹ŒÌLŒÍLÌŒŽLŒÌŽŒŽLLŒLŒŒŒŽŒMÎLŽKÌWÌÍÌËŒÌLŒŒŒÎLŒMÍŒLÎŒŽŒNŒMŒŒMÎLÌÌWÌÍÍŒÌLLŒÌŒŒŒÌLNŒŒMŒÍŒLŒMÎLÌKÌWÌÍÍKŒÌMŒŒŒLLŒÌŒLŒŒŽŒŒŒLŒŒŒMÎLÌ‹ÌWÌÍÍ‹ŒÌŒŒŒŽLŒŒŒŽLŒLŒMÍŒŒMÍLLŒNŒMÎLÌËÌWÌÍÍËŒÌŒŒŒŒÍŒŒŒŒLÌLŒÎLŒLŒNŒMLŒMÎLÍÌWÌÍÎŒÌŒŒŒŽŒŒLÌŒŽLLŒLŒŒŒŽLŒMÎLÍKÌWÌÍÎKŒÌLŒŒLŒŒLÌŒMÌŒLLŒŒŒÎLŒMÎLÍ‹ÌWÌÎŒÌŒŒŒŽŒLŒLŒLLŒÎÌLŒMŒŒLŒÌŒMÎLÍËÌWÌÎKŒÌŒÍŒŒMŒŒMŽLŒMŒÌŒMŒLNŒMÎLÎÌWÌÎ‹ŒÌLŒŽLŒMLLŒNMLŒŒMLÎLŒÍÌŒMÎLÎKÌWÌÎËŒÌÌŒŒLŒMLŒLLŒNNLŒŒŒÌŒŒMÎMÌWÌÎŒÌŒLŒŽÌŒMLŒŒŒŒÎNLŒLŒŒLŒNLŒMÎMKÌWÌÎKŒÌMÌŒŒŒŒMŒŒŒLŒLŒŒŒMLLŒŒMŒŒMÎM‹ÌWÌÎ‹ŒÍMÌŒŒŒMÌŒŒLNLÌŒLLŒLLLŒMÎMËÌWÌÎËŒÍLŒLÌŒŒLÍŒŒNMŒŒŒLŽŒMLŒMÎMÌWÌÎŒÍÌŒLŒLŒLÍŒNMŒNÌŒŒLŒMÍLŒÌŒŒMÎMKÌWÌÎKŒÌLÌŒNŒŒNLŒŒÍŒŒŒLLŒŽLLŒÌŒMÎM‹ÌWÌÎLŒÌÎŒŒÌŒNMŒŒNMÌLÍLŒMLÌŒMÍŒŒMÎMËÌWÌÎLKŒÍŒMLŒŒLÌŒŽNNŒLÍŒŒMŒŒŒMÎMÌWÌÎL‹ŒÌÌŒŒMMŒŒLŒŒLŒŒÌÌŒLŒÌŒLŒLŒMÎMKÌWÌÎLËŒÌLLŒŒÎŒŒLÌŒMNŒŒÌŒNÌŒŒMÍŒMÎMLÌWÌÎMŒÌÌŒMLÌŒŒMŒŒNÌLŒLNLŒÌLŒŒLMÌŒMÎMLKÌWÌÎMKŒŽLÌŒNLŒŒŒÌŒMŒŒÌŒŒMŒNLŒŒMÎML‹ÌWÌWÌLŒŽLMNŒÍLÌLLMÌLLŒÌÌMLŒŒMÎMLËÌWÌWÌKLŒÌŽLŒÍLŽLMŒLŒÍÌMLLŒNLŒŒÌLŒMÎMMÌWÌWÌ‹LŒÌŒLÎŒLŒÌLŒÌŒLŒÍMLLŒMLMŽLŒMÎMMKÌWÌWÌËLŒÌÍLMŒMLŽÌÌLŒÌÌŒŒÎLŒLŒLLŒMÎMM‹ÌWÌWÌLŒMÌMLLŒLÌLLŽLLLŒÌŒMÌÌŒMÎMMËÌWÌWÌKLŒÌÍŒMLŽLLLŒÎŒÍŒLŒÎŒÍLÌŒMÎMNÌWÌWÌ‹LŒŽNMŒŒÌMÌLŒÍÌŒŒÎLÌLŒLÌÌMÌLŒMÎMNKÌWÌWÌËLŒÌÍLNLŒŒLLÍMLŒŽŒÌÎLLŒŒÌÌŒMÎMŒÌWÌWÌLŒŽLMLŒŒŽNLLŒŒLŒŒÌÌŒMÎMŒKÌWÌWÌKLŒÌŒŒLŒŒÌLŒLŒŽNŒÍMLLŒNÌŒŒÌÌŒMÎMŒ‹ÌWÌWÌLLŒÌŒÌÌLŒLLŒMŒŒLŒMÎMŒËÌWÌWÌLKLŒÌÍLLLŒÌŽLŒÍŒÌÌLŒLÌŒÌLŒMÎMÌWÌWÌL‹LŒÌŒŒÎŒÌLLŒŒŒŽŒLŒÌŒÎŒMÎMKÌWÌWÌLËLŒÌŽLÌŒLÌNNLŒÌŒÍÌLŒMŒLŒMÎM‹ÌWÌWÌMLŒÌLŒŒŒNŒLNŒŒLLŒŒMŒŒÌÎLŒMÎMËÌWÌWÌMKLŒÌŒÎLLLŒLÍLŒÌÌŒŒÌŽLŒLMLŒÌLŒMÎMŽÌWÌWÌM‹LŒŽLMŒÌLMÌLÍÌŒŒÎLLŒMÌŒŒÌŒMÎMŽKÌWÌWÌMËLŒŽLÌMLŒŒLÌŒLŒÌŒÎLLŒMÌŒMŒŒMÎMÌÌWÌWÌNLŒÌÌLŒÌMMLLŒŒŒLŒŒÍÌŒLŒMÎMÌKÌWÌWÌNKLŒÍMŒNLLŒLÍÌLŒÎNLŒŽMŒLŒLŒŒÌMLŒMÎMÌ‹ÌWÌWÌŒLŒÌLÍLŒNLLMLŒŒŒLŒNMŒŒMÍŒMÎMÌËÌWÌWÌŒKLŒÌÌÌŒÌLŒŒLNLLŒÌMLŒŽLLŒLŒMŒMÎMÍÌWÌWÌŒ‹LŒŽŒŒÌLLŒÍLŒNMLŒLÍÌŒLÌŒMÎMÍKÌWÌWÌŒËLŒÌÌŒŒLŒŒŒŒÍÌLŒÌÌŒŒNMÌLŒLŒNMŒŒMÎMÍ‹ÌWÌWÌLŒÌLÌŒÎMLŒLÌLLÎŒMLLŒLÎŒŒMÎMÍËÌWÌWÌKLŒÌLŒÍÌLŒLLŒÌLŒÎMLŒMÌLŒLÎŒŒMÎMÎÌWÌWÌ‹LŒŽÌŒÍÌÌLŒNLLLŽŒLŒLŒŒŒLŒŒŽŒMÎMÎKÌWÌWÌËLŒÌLÌŒŽÌLŒÍŒŒÎLŒÎLŒMLLŒLÍŒŒMÍŒMÎNÌWÌWÌŽLŒÌŒŒÌŒLŒÌÌŒÌŒLLŒÎLŒLŒLÎŒMÎNKÌWÌWÌŽKLŒÌŒŒŒLŒÌLŒMŽLLŒLLŒNŒŒMÎN‹ÌWÌWÌÌLŒÌLŒÎLLŒMŒŒÌNLLŒLÍLLŒŒÌŒMÎNËÌWÌWÌÌKLŒÌÌŒŽLŒNLŒŒLŒÎŒMLŒLŒMLŒMÎNÌWÌWÌÌ‹LŒÍLŒŽŒŽŒÍŒLŒŒŽLŒMŒÌŒMÎNKÌWÌWÌÌËLŒÍÌŒMÎLŒÎŒÌÍŒLŒÍŒÌŒLÌLŒLÌÌŒLLŒMÎN‹ÌWÌWÌÍLŒŽMLŒŒLŒMÌŒÌŒLMŒŒLŒLŒLÍLŒLŒMÎNËÌWÌWÌÍKLŒŒLLŒLŒŒLŒŒŒŒÌLŒÌŒLŒŒLŒŒMŒŒLLŒŒMÎNÌWÌWÌÍ‹LŒŒŒŒŒLŒLLŒŒLŽLÍŒLLŒMLŒLŒÌLŒMÎNKÌWÌWÌÍËLŒÌLŒMLLŒÌŒMŒLŒÍŒLLŒLÌŒLŒMÎNLÌWÌWÌÎLŒÌÍÌŒMÎLLŒÍŒŒLMLŒŒÌLŒMÌŒMLŒMÎNLKÌWÌWÌÎKLŒÍLŒŒNMŒLŒŒLŒMLLÌLŒŒLŒÍÌŒŒŒMÎNL‹ÌWÌWÍLŒŽLŒŒŽLLŒLÌŒÌŒLMŒLLŒMÍLLŒLŒÌLŒMÎNLËÌWÌWÍKLŒŽŒŒMŒLŒÌŒMŒLŒLLŒLŒLLŒŒMÎNMÌWÌWÍ‹LŒÌNŒMÌLŒLÌŒNLÌLŒÍÍŒLŒLLLŒMÎLLŒÎŒMÎNMKÌWÌWÍËLŒÌÍŒŒLÌLŒŒLŒLLŒŒÌLŒLÍLŒMLŒŒÌŒMÎNM‹ÌWÌWÍLŒŽLŒLŒLŒŒŒŒLLLŒŒÌLŒLLLŒÎLŒMÎNMËÌWÌWÍKLŒÌÌŒLLŒLŒLLLŒMLŒLÎLŒLLŒÌÌŒMÎNNÌWÌWÍ‹LŒÍÌŒMLŒÍÌŒLLŒÎLLŒMLŒMŒÌLŒLÌŒMÎNNKÌWÌWÍËLŒÌLLŒLÌLŒLŒLLŒÌLŒNLLŒLŒLŒŒNÌWÌWÍLŒŽMLŒŽLLŒŒLŒLLMÌLŒLŒLŒLLLŒMNŒNKÌWÌWÍKLŒÌLŒÌLLŒÌLŒŒÌLŒÎLŒNLŒŽLŒMŒŒN‹ÌWÌWÍLLŒMÌLŒÍLŒMÌŒÌLŒÌŒLŒLÌŒÌŒLŒLŒNËÌWÌWÍLKLŒÌŒŒNLŒŒLŒLŒÌLŒŒNLŒÌLŒMLŒŒNÌWÌWÍL‹LŒÍLLŒÌLŒLÎLŒŒLŒLŒŒLŒÍLŒŒLŒLŒMŒNKÌWÌWÍLËLŒŽLÌLŒŒŒLŒLLŒMŒLŒMLLŒŒÍLLŒÌLŒŒŒÌŒN‹ÌWÌWÍMLŒLLŒŽLLŒLŒLŒMÍLŒŒLŒÌLŒLÌLLŒLLÌŒNËÌWÌWÍMKLŒŽŒLŒLLŒNLŒLLŒLÎLŒÌÌLŒLŒLŒŒLŒNÌWÌWÍM‹LŒÌLLŒÌLŒÌLŒLÌLŒMŒLŒLÍÌLŒLŽLŒLÎŒNKÌWÌWÍMËLŒÌMLŒLÌLŒLLŒŒLŒŽLLŒŽLLŒLŽLŒŒÌŒNLÌWÌWÍNLŒŒŒLŒNLŒLŒLŒMŽLLŒÌLLLŒŽLLŒLLŒŒŒNLKÌWÌWÍNKLŒLLŒMLŒŒLLŒNŒLŒÍÌLŒÌŒÌŒLŒÌÌŒNL‹ÌWÌWÍŒLŒŒLLLŒMLŒLLŒÍLŒLŒNLLŒÍMLŒÌŒLŒÌLLŒNLËÌWÌWÍŒKLŒMÌLŒNLŒLLŒLŽLLŒMLŒLŒÌLLŒLLLŒNMÌWÌWÍŒ‹LŒŒLLŒLÌLŒŒŒLŒŒŽLLŒŒLLŒÎLLLŒLLÌLÎŒNMKÌWÌWÍŒËLŒŒŒLŒÌŒLŒŒLLŒŽLŒMLLLÌŒLLMŒNM‹ÌWÌWÍLŒŒÌLŒNÌLŒÌÌLŒLÌLŒMŒLLŒÌŒLŒÎLLŒÍÌŒNMËÌWÌWÍKLŒÌLLŒMNLLŒLŒŒLŒNMÌLŒÎŒÌLŒÍŒLŒNNÌWÌWÍ‹LŒŒMLŒŒLŒŒÌLLLŒŒLŽLLŒNLMŒNNKÌWÌWÍËLŒŒÍLLŒÌLŒŒLŒÌMÌLŒŒÍLLŒÍÎLŒÌLŒNŒÌWÌWÍŽLŒŒŒLŒÌÌLŒÍLŒÍLŒŽLLŒÍŒLŒLLŒNŒKÌWÌWÍŽKLŒŒLLLŒŽÌLŒLLŒÍLŒŽLLŒÌLLÌŒNŒ‹ÌWÌWÍÌLŒNLLŒÌMLLŒÌLŒÍLLŒŒLŒÎMÌŒÌLŒŒNŒËÌWÌWÍÌKLŒŒLŒLŒÍLLŒMÌLÌŒLŒMŒLLÌLLŒNLŒNÌWÌWÍÌ‹LŒMŽLLŒŽLLŒMÌLŒÍLŒÌLLŒÌLŒŒLLŒNKÌWÌWÍÌËLŒMÍŒLÌLŒLLLLŒMŒÌLŒŽLLŒLLMÌŒN‹ÌWÌWÍÍLŒMMLLŒÍLLLŒŒLÍLLŒMÌŒLŽŒŒŒLŒŒŒNËÌWÌWÍÍKLŒMÌLLLŒŒŒLLŒNNLLŒLLŒMÌLŒŒNŽÌWÌWÍÍ‹LŒLLÌŒÌLLŒMLŒLÌŒLLNLŒNŽKÌWÌWÍÍËLŒMÌLLŒMÌLŒŒLLŒLŒLLÌLŒNÌÌWÌWÍÎLŒLMÌLŒÎLŒÌLŒŒLŒLMÌŒMLLMŒNÌKÌWÌWÍÎKLŒLŒLMŒMŒLMLÌLŒŒŒLŒLŒLÌLLÍŒŒNÌ‹ÌWÌWÎLŒÌÌLMŒLŒLŒÍŒŒLŒLŒLŒLŒŒLÌŒNÌËÌWÌWÎKLŒLMŒLNLŒŒMLÌÍLLŒŒŒŒLÌMLŒÎLLŒMÌŒNÍÌWÌWÎ‹LŒNLLLLŒLŒŒLLŒLLÌLŒŒŽLÌÍŒŒNÍKÌWÌWÎËLŒLMLLNLŒMLLŒÌLŒŒLÌŒŒLŽLLÍŒNÍ‹ÌWÌWÎLŒŒŒÌLŒLŒŒLLNŒMÌLÍÌŒMÎLÍÍŒNÍËÌWÌWÎKŒŒŒŒŒŒŒŒŒNÎÌWÌWÎ‹LŒLLÍMÌŒÌŒLŒÎLŒMÍLLŒLLŒŒLLÍŒŒNÎKÌWÌWÎËLŒNLŒŒMLŽMLŒNMŒLÌŽLŒŒÌLLLŒNÌWÌWÎŒŒLÍŒLLŒÌÌŒŒLLÌŒÌŒŒLÍÌŒNKÌWÌWÎKLŒÍLLŒÌÌŒLŒLÌÍLŒÎLÎŒŒLLŽMŒN‹ÌWÌWÎLŒMÌLÍLLŒLÌÌLÌMŒŒMLŒLŽŒŒŽŒLŽÍŒNËÌWÌWÎLKŒNLLŽŒLLŽLŒLÌLŽLLŒŒŽLÎLÌŒNÌWÌWÎL‹ŒMLŽLÌŒMLŒLNLŒMÌLŒLÌŒLLÌLŽMŒŒNKÌWÌWÎLËŒLLLÍÌŒLMÌLŽLLŒÍLLŽMŒŒÌLMLŒN‹ÌWÌWÎMŒLLLŽMÌŒMÍŒLÌŒÌŒNMŒLŽŒÌŒÌÌŒLŽŒLŒNËÌWÌWÎMKŒŒŒLŽŒMÌLŽŒŒŒŒŒLÍÎŒŒLŽLŒŒŒNÌWÌ—ÌLŒÌLŒŽLLŒÌŒŒLŒLŒMÌÌLŒLŒLŒŒLŒLÍŒNKÌWÌ—ÌKLŒÍŒLLŒŽLŒÌMÌLŒŒLŒŒÌŒLŒŒÌLŒNLÌWÌ—Ì‹LŒÌLŒÌÎLLŒLŒŒMÌŒLŒÍLŒMLLŒÍLŒLÍLŒNLKÌWÌ—ÌËLŒÌŒLŒLLŒÌÌLŒMŒLŒÍŒLŒLŒNNLŒNL‹ÌWÌ—ÌLŒLÌŒŒÌLŒLŒÎLŒÌLŒMÌŒNLËÌWÌ—ÌKLŒMŒLŒÌLŒÌŒÌÌLLŒLŒÍŒLŒNMŒNMÌWÌ—Ì‹LŒŽŒŒŒŒMLŒŽMLŒMLŒLLLŒLŒNMKÌWÌ—ÌËLŒÌŒLŒLŒÌÌÌLŒÌŒŒÌLŒMÌŒNM‹ÌWÌ—ÌLŒŒÍŒLŒÌŒŽLLŒÍLŒŒLŒÌLŒLŒNMËÌWÌ—ÌKLŒŽŒÌLLŒLŒÌLLŒÌLLŒÍŒLLŒNLŒNNÌWÌ—ÌLLŒŽLŒÎLLŒÍŒŒÍÍŒLŒÎŒMŒLŒLLŒLLLŒNNKÌWÌ—ÌLKLŒÍÌLLŒŒŒÌŽLLŒÍŒMLŒÌLLŒLÍŒŒNŒÌWÌ—ÌL‹LŒŽLÌLLŒNLŒÌÌŒLNLŒLŒÌLŒLLŒÌÌŒNŒKÌWÌ—ÌLËLŒŽLLŒLÌŒÌLŒLŒŒÍLŒLLŒÌŒLŒÍLŒNŒ‹ÌWÌ—ÌMŒŒŒŒŒŒŒŒŒNŒËÌWÌ—ÌMKLŒŽÌLŒMŒŒÌMŒLŒŒÌŒLLŒÍÌLŒŽLŒNÌWÌ—ÌM‹LŒŒÍLMÌLŒŒMLLŒMÌŒMLÌLŒMLŒÌŒNKÌWÌ—ÌMËLŒŒÌŒLLLŒLŒÌNLLŒLÌŒŒMŒŒLÌLŒÌŒN‹ÌWÌ—ÌNLŒŽLMÌLŒŒŒÌNLLŒÌŒÌŒLÌLŒLLŒŽLŒNËÌWÌ—ÌNKLŒÍLÍÌLŒŒŒNLLŒMÍŒLÌŒŒLLŒŒNŽÌWÌ—ÌŒLŒÍÌŒÍŒLŒÌŒÌŽLLŒÌŒŒŒŒLŒÌÌLŒLŒNŽKÌWÌ—ÌŒKLŒÎŒMLŒŒLŒŒMLŒNŒLÌŒÌŒNÌÌWÌ—ÌŒ‹LŒŒÌLMŒLŒŒÎMŒLŒŒÎŒNMÌLŒMÌLŒŒŒNÌKÌWÌ—ÌŒËLŒŒLÌLŒÌŒÌŒŒLŒMÍLŒÍÌŒŒÍÌŒÌŒNÌ‹ÌWÌ—ÌLŒÌŒNLŒLÌMLLŒÌŒŒNLŒLŒLLLŒŒÌŒNÌËÌWÌ—ÌKLŒŒÎLŒŒŒŒÎLLŒNMŒŒÌŒLŒŒNÍÌWÌ—Ì‹LŒŽLNLŒLŒMLÌLŒLŒÌŒMLLŒLLLŒLÌŒNÍKÌWÌ—ÌËLŒŒŽLÌLŒLŒÌLŒMŒŒŒNLLLŒÌLŒÌŒNÍ‹ÌWÌ—ÌŽLŒMMŒŒMŒÌLŒÌLŒŒŒNLLŒÌŒNÍËÌWÌ—ÌŽKLŒŒŒÌNLŒŒÌLLŒŒLLŒŽLŒNŒLÌŒNÎÌWÌ—ÌÌLŒŒÌÌMŽLŒLŒÎMLLŒLŽLŒŒLŒÍLŒŒNÎKÌWÌ—ÌÌKLŒNMLÌŒLŒÌÍÌLŒMÍÌŒŒŒŒÌŒNNLŒNÌWÌ—ÌÌ‹LŒÍMLŒLÌŒÎÌLŒNMŒMÌLŒLŒLŒNKÌWÌ—ÌÌËLŒLŒŒŒÌNLŒMŒÎŒÍLŒLŒN‹ÌWÌ—ÌÍLŒŒŒNLÌLŒŒLŒLŒŽŒMÍÌŒŒNLŒNËÌWÌ—ÌÍKLŒÍLŒŽLŒÌŒÍLÌLŒMŒÌŒŒŒLŒMŒNÌWÌ—ÌÍ‹LŒŒÍŒNÌLŒŒŒLŒLNLŒŒÌLŒŒMMLŒNKÌWÌ—ÌÍËLŒNLLLÍLŒLŒŒŒÍMLLŒLŒÌÌŒLÍÌŒMŒŒN‹ÌWÌ—ÌÎŒŒŒŒŒŒŒŒŒNËÌWÌ—ÌÎKLŒŒNNLŒŒÌŒÎMLŒMÌŒÎÌŒŒLŒNÌWÌ—ÍLŒNŒLLLLŒNŒÍÌŒLŒMLLŒŒŒÎŒMÌLŒNKÌWÌ—ÍKLŒMŽLMŒLŒNŒÌŒMŒŒŒŒŒŒMLŒNLÌWÌ—Í‹LŒŒMŒNNLLŒŽŒÍÌLLŒMLŒLŒÍLŒLŒNLKÌWÌ—ÍËLŒMÎLNLŒÌŒÍŒLŒMÌŒÎLŒMÍÌŒLÍŒNL‹ÌWÌ—ÍLŒMNLŒMLŒŒŒÎNLLŒNŒŒŒÍŒMLŒNLËÌWÌ—ÍKLŒMŒŒLŒÍŒŒÍŒŒLŒLLŒNŒLÌŒŒLMÌŒNMÌWÌ—Í‹ŒŒŒŒŒŒŒŒŒNMKÌWÌ—ÍËLŒLÌŒŽŒÌÌLŒLNLŒÍÌŒŒLÍŒŒNM‹ÌWÌ—ÍLŒMÌLŒLŒÎMŒLŒLŒÌŒÌÌŒLÌLŒLŒNMËÌWÌ—ÍKLŒLŽÍŒMLŒŒLLLŒLÌLŒÍLŒÍÌŒLLŒŒNNÌWÌ—ÍLLŒMNŒMŒÎLLŒŒÍÌLŒLÌLŒNÌŒNNKÌWÌ—ÍLKLŒLŽÌŒÌŒÍÌŒŒLŒLLŒLLŒLŒMŒNLÌWÌ—ÍL‹LŒMLLLŒŒLLŒŒLŒÍLŒMLŒNLKÌWÌ—ÍLËLŒLÌÎLŒŒLŽLŒLLŒŒNŒLNŒŒŒŒNL‹ÌWÌ—ÍMLŒMÌŒÌŒMŒLNLLŒŒÎŒLŒŒŒNLËÌWÌ—ÍMKLŒLLÍLÌŒŒÌLŒLŒÌÌŒMÎLŒLÍÌŒNLÌWÌ—ÍM‹LŒMÌÌŒŒLŒÌLŒŒLÌÌŒLÌŒNLKÌWÌ—ÍMËLŒMLÎŒŒÌLLŒLŽŒŽMŒLŒŒŒNL‹ÌWÌ—ÍNLŒLLÌŒŒLMŒŒLÌŒŒÍŽLŒLÌŒŒMLŒNLËÌWÌ—ÍNKLŒÎÌŽŒŒŒLŒŒLÍŒÌLŒMŒŒMŒŒNLÌWÌ—ÍŒLŒÌŒÌNŒNÍÌŒŒŒÌŒŒLŒŒLLŒNLKÌWÌ—ÍŒKLŒÌŒÌLŒŒÍLLŒÍÌŒÍÎŒŒLŒŒÌŒNLLÌWÌ—ÍŒ‹LŒŒŒŒLŒLLLŒLŒŒÍÌŒLÌŒMŒŒNLLKÌWÌ—ÍŒËLŒŽLŒŒÌLŒMŒŒŽMŒŒLŒMŒŒNLL‹ÌWÌ—ÍLŒNLÎŒŒŒÌLŒLÌLLŒLÌŒMÌŒŒNLLËÌWÌ—ÍKLŒŒÍLŒŒŒÎLŒÌLŒŽŒMÌŒMNLŒNLMÌWÌ—Í‹LŒÎLŒÍŒMLLŒÎLŒÌLŒLŒŒŒÍŒNLMKÌWÌ—ÍËLŒÎLÌNŒÌLLŒŒÌÌŒÍŒŒŒÌŒNLM‹ÌWÌ—ÍŽLŒŒÍŒLŒŒŒÍÌŒLÎŒNMŒŒNLMËÌWÌ—ÍŽKLŒÍŽLŒMLŽMLŒMŒŒLŒŽLŒŒMLŒNLNÌWÌ—ÍÌŒŒŒŒŒŒŒŒŒNLNKÌWÌ—ÍÌKLŒÌÌŒÌŒÌLLŒNŒŒŒNŒŒLÌŒNLŒÌWÌ—ÍÌ‹LŒŒÎŒNLLŽŒŒŒÌÌŒNLŒŒŒŒNLŒKÌWÌ—ÍÌËLŒÌÌLŒÍŒŒLLŒMNŒÍÌŒŽLŒMÎŒNLŒ‹ÌWÌ—ÍÍLŒÌÍŒÍÌÍLŒNMÌŒŒŒLÎLŒŒÌŒŒNLŒËÌWÌ—ÍÍKLŒNLÍÌŒNŽŒŒÌŒÌÌŒŒLÍLŒMŒŒNLÌWÌ—ÍÍ‹LŒŒLÍMÌŒLÎLLŒLÌŒÎLŒMŒNLKÌWÌ—ÍÍËLŒÌÌŒLÌLLŒÌŒMÍŒŒŽLLŒNL‹ÌWÌ—ÍÎLŒMÌÍŒÌMÍLŒŽLLŒÍMÌŒŒŒMÌŒNLËÌWÌ—ÍÎKŒŒÌŽLŒÎÌNLŒMLŒŒLŒŒŒNLŽÌWÌ—ÎLŒMŒÎNLLŒMMÌŒÍLÌŒÌLÌŒŒMŒMÌŒNLŽKÌWÌ—ÎKLŒŒÌŒÎLLLŒŒÌŒÍLLŒŒLŒÌŒNLÌÌWÌ—Î‹LŒLÎŒŒLNLŒŒÌŒÌŒŒŒŒLŒÌÌLŒNLÌKÌWÌ—ÎËŒŒŒŒŒŒŒŒŒNLÌ‹ÌWÌ—ÎLŒŒŒÌLŒNLLLŒLŒÌLŒŒÌLŒMŒŒNLÌËÌWÌ—ÎKŒÌŽLŒMŒÌŒŒŒŒŒŒMLŒŒÍŒNLÍÌWÌ—Î‹ŒŒŒŒŒŒŒŒŒNLÍKÌWÌ—ÎËŒŒNLŒÍLŒŒÎLŒLŒŒŒÌÌŒNLÍ‹ÌWÌ—ÎŒÍLŽLŒŒMŒLŒÍLŒNMŒŒŒLŒŒÍŒNLÍËÌWÌ—ÎKŒÍŒŽŒÍÌŽŒŒMŒLÎŒLŒŒŒÎLŒNLÎÌWÌ—ÎLLŒLŒLÍŒÌŒÌŒŒÌÌŒÌŒŒMÌŒÌLŒNLÎKÌWÌ—ÎLKŒLŒŒLŒMÎŒLŒMÌŒŒŒŒNMÌWÌ—ÎL‹ŒNNŒŒÌŒÎLŒŒÍŽŒLLŒÌŒŒMŒŒNMKÌWÌ—ÎLËŒŒÌŒŒÍLNLŒŒÌŒMNŒLÌÌŒLŒNM‹ÌWÌ—ÎMLŒLMŒLŒÌLLŒNÌŒMŒŒMÌÌŒÌLŒNMËÌWÌ—ÎMKŒLÌŒÌLLŒNLŒMŒŒLLLŒÍLŒNMÌWÌ×ÌŒÌŒLÍLŒŒLŒMŒŒÌÎLLŽLŒMÌLŒNMKÌWÌ×ÌKŒŒMÍŒMŒLÌŒŒŒŒÌŒMMŒŒNM‹ÌWÌ×Ì‹ŒMÌŒLŒMŒÍÌLŒŒŒÍLŒLŒŒÌŒNMËÌWÌ×ÌËŒNMŒLNŒLÍLŒÌŒMŒŒÌÌŒLÌLŒNŒNMÌWÌ×ÌŒŒLŒŒMLÌLLŒLŒÌÍLŒÌŒŒMŒNMKÌWÌ×ÌKŒŒŒŒLŽŒMŒŒNŒŒLŒŒŒLŒŒNMLÌWÌ×Ì‹ŒMNLŒMŒLŒLŒLÌŒŽLÌLŒLNŒLŒNMLKÌWÌ×ÌËŒMÍÌLÍŒLMÌMŒLÌŒNNŒŽŒMŒŒŒNML‹ÌWÌ×ÌŒŒÍLŒLLMŒLŒÌŒÌÌLŒNLŒŒŒNMLËÌWÌ×ÌKŒMŒÌLMLŒLÌNŒMŒŒÌLŒÌŒMŒLŒNMMÌWÌ×ÌLŒMÎLŒŽŒNŒLŒÌŒŽMLŒŒÌŒŒŒNMMKÌWÌ×ÌLKŒMÌLLÌŒŽLMÌŒŒLŒŒŒŒMŒŒNMM‹ÌWÌ×ÌL‹ŒMLŒLŽMLŒLÌŒÌMÌLŒLŒŒŒŒŒNMMËÌWÌ×ÌLËŒMÌŒŒLMŒLŒŒŒÍŒÌLŒLŒNLŒNMNÌWÌ×ÌMŒMŒMÌŒÍLMŒŒŒŒŒLŒŽLŒŒÌŒNMNKÌWÌ×ÌMKŒMNNLŒÍLÎLŒŒŒLŒLNŒMMŒNMŒÌWÌ×ÌM‹ŒNMLÌÌŒLMÌŒŒŒÎÌLŒMLŒŒNMŒKÌWÌ×ÌMËŒNŒLNLŒÍLMŒLÌŒÌLŒŽLŒMŒŒNMŒ‹ÌWÌ×ÌNŒLÍLÌŒÌMŒŒÌLLLŒŒŒÌÌŒNMŒËÌWÌ×ÌNKŒLŒLLŽLŒLLÌŒÎLŒÍŒLŒŒŒŒLŒŒNMÌWÌ×ÌŒŒLMLMŒÌÌMMŒLŒŒŒÍÍÌLŒLLŒMÍŒNMKÌWÌ×ÌŒKŒLÌMÌLŒÌLÍLŒNNŒŒLŒNMÌŒNM‹ÌWÌ×ÌŒ‹ŒMMÌLŒŒŒÌÌLÌLŒÌŒLŒLŒŽLŒNŒNMËÌWÌ×ÌŒËŒMŒLMNLŒÎLŒLLÌŒŒLÌŒŒŒLŒNMŽÌWÌ×ÌŒLLMLLLŒMMLŒŒŒÎNLLŒÌÌŒLŒNMŽKÌWÌ×ÌKŒMLŒMLÌŒLŒÌÌLŒŒŒÍLŒNMÌÌWÌ×Ì‹ŒLÌÌMLLŒÌLLŒLŒŒŒÌŒLLŒŒŒŒŒNMÌKÌWÌ×ÌËŒMMŒLŒŒMŒŒŒLŽŒÌÌŒŒÌLŒŒNMÌ‹ÌWÌ×ÌŽŒMLŒLNLŒLLŒÌŒŒLŒŒŽŒNMÌËÌWÌ×ÌŽKŒLLÌŒŒLÍÌLŒLÎŒÌLŒLŒŽLŒŒNMÍÌWÌ×ÌÌŒMLŒÌÌLŒÌŒLŒÌŒÍŒÌŒÌŒŒŒŒNMÍKÌWÌ×ÌÌKŒMŒLŒLLLŒŒÌŒÌÌÌŒNLŒÌÌŒNMÍ‹ÌWÌ×ÌÌ‹ŒLLLŒLMŒŒMLŒÌÍLŒÎŒÌŒÌŒNMÍËÌWÌ×ÌÌËŒLMLLŒLŽLŒLŒLÌŒÌŒLŒŒLŒNMÎÌWÌ×ÌÍŒMŒÌLLŒLLLÌŒMŒLLŒŒMŒÌŒŒNMÎKÌWÌ×ÌÍKŒMMLŒLLÌŒNŒŒÌŽLŒMLŒÌŒNNÌWÌ×ÌÍ‹ŒLŒÍÌŒLŒÌÌŒŒÌŒŽLŒNNKÌWÌ×ÌÍËŒLÌLÌŒMŒNLŒLŒŒÌŒŒŒMÍÌŒLŒNN‹ÌWÌ×ÌÎŒŒÌLŒŒÌÌÌŒMÌŒÍÌŒMÍŒŒNNËÌWÌ×ÌÎKŒLŒŒŒÌÌLŒLÍŒÍÌŒMÌŒMLŒNNÌWÌ×ÍŒMŒÌÎŒLLŒŒLLŒŒÌŒLLLŒŒÌLŒNNKÌWÌ×ÍKŒMÍÌÌŒLLLŒŒŽŒŒMŒŒŒŒLŒNŒNN‹ÌWÌ×Í‹ŒLÍÌŒŒMÌLŒNLŒÎMŒMŒMŒŒNNËÌWÌ×ÍËŒLÎŒLNLŒNLŒŒŽMŒŒNÌŒŒÎŒNNÌWÌ×ÍLŒLÌLŒMMLŒLÍŒŒÌŒŒMÌŒŽLŒŒNNKÌWÌ×ÍKŒMMLLLŒLŒLLLŒÌŒÍLŒNMŒMLŒNNLÌWÌ×Í‹ŒMÌÌLÍÌŒLŒÎMÌŒMÍŒŒŒŒMŒŒŽNŒNNLKÌWÌ×ÍËŒMMLŒLLÌŒŽLŒÍÍŒŒÌŒLŒNNL‹ÌWÌ×ÍŒMÌLÌŒŒMŒŒŽNLŒLÌŒNLŒŒÌŒNNLËÌWÌ×ÍKŒŒŒŒŒŒŒŒŒNNMÌWÌ×ÍLŒNNLÌŒŒLLŒŒLÌŒÎMŒNLŒŒŒÎŒNNMKÌWÌ×ÍLKŒNMLŒLŒŒŒŒÍÌÌŒÌLLŒÌLŒÍLÌŒŒLŒNNM‹ÌWÌ×ÍL‹ŒMÎLLŒMLÌŒŒLŽLLŒŒŒŽŒNNMËÌWÌ×ÍLËŒNÌMŒÌŒLÎLMLŒÍLŒŽMŒŒÍŒŒMLŒŒNNNÌWÌ×ÍMŒŒŒŒLŒLŒNMŒÍÌŒÌŒÌÎŒŒÎLŒŒŽŒNNNKÌWÌ×ÍMKŒŒMŒŒŒMMÌŒÌMŒÌŒŒŒÌŒŒNMŒNŒÌWÌ×ÍM‹ŒMÌÌLLŒŒMŒLŒLÍŒŒÎŒŒŒÍŒŒŽŒŒNŒKÌWÌ×ÍMËŒMLLŒMMLŽŒMÌŒÍŒÌLŒŒLŒNŒ‹ÌWÌ×ÍNŒŒMLLŒNLŒÍMÌŒMÌŒÍŽŒŒŽLŒLŒNŒËÌWÌ×ÍNKŒŒŒŒLŒLŒNÌŒÎLLŒÌÌŒŒÌNLŒÍLÌŒMŒŒNŒÌWÌ×ÍŒŒŒŒLŒŒMÎLŒÎLÌŒŒŽŒŒŒNŒKÌWÌ×ÍŒKŒŒNLŒMMLŒÎLÌŒÍLŒÌÌLŒÌÍÌŒMŒNŒ‹ÌWÌ×ÍŒ‹ŒŒÍLLÌŒŒMŒŒÍLŒÌŒNÌŒÌÌŒŒÌÌŒNŒËÌWÌ×ÍŒËŒŒÍŒŽLŒŒŽŒŒÍLÌŒÍÌŽLŒMMŒNŒÌWÌ×ÍŒŒLÌMMÌŒŒNLŒÍMÌLŽLŒÌŒŒŒŒNŒKÌWÌ×ÍKŒNMÌNMLŒNÌÌLŒÌÌLŒÌÍŒÌŒMÍLŒNŒLÌWÌ×Í‹ŒŒLNÌŒŒLŒÌMŒŒMÌŒŒŒÌÌŒNŒNŒLKÌWÌ×ÍËÍŒLLŒŒÌÌŒÍNŒÍLŒÎÌŒÌŒŒŒNŒNŒL‹ÌWÌ×ÍŽŒŒLNMÌŒŒLŒÍÍŒÌLLMÌŒLLŒNMŒNŒLËÌWÌ×ÍŽKŒŒŒLMŒŒŒLŒÎLÌŒÌÍLLÌŒNLŒNŒMÌWÌ×ÍÌŒŒÌŒMŒŒŒLŒÍÌŒÍMÌŒÎLŒÌLŒŒLŒNŒMKÌWÌ×ÍÌKŒLLŒŒŒŒŒÍŒŒLŒÎLÌLÍLŒMŽLŒNŒM‹ÌWÌ×ÍÌ‹ŒŒÌÌŒÌŒÌMÌŽÌŒŒÍÌŒÎLŒŽLŒLÌLŒNŒMËÌWÌ×ÍÌËŒÌMÌŒŒÌŒÌÍLŒÌÎLLŒMMÌŒNŒNÌWÌ×ÍÍŒÌÌÌŒŒLŒÌŒMÌŒÍLLŒŒŒNŒNKÌWÌ×ÍÍKŒMŒLŒŒMÌŒÍŒŒÍŒLŒŽŒŒÌŒNŒŒÌWÌ×ÍÍ‹ŒÍÌMŒŒÌŒŒŒŒŒNLŒŽLŒNŒŒKÌWÌ×ÍÍËŒÌŒLŒŒLÌŒÌŒŒŒMLŒÌÌŒÌÌŒNŒŒ‹ÌWÌ×ÍÎŒŽŒÌŒLŒÎLÌŒLLŒNŒŒËÌWÌ×ÍÎKŒŽŒÌŒŽÌŒÌŒŒŒÍŒŒMMŒNŒÌWÌ×ÎŒÌŒÌŒMŒŒLÌMÌLŒŒŒÍÌŒNŒKÌWÌ×ÎKŒŽMLMLŒMÌŒŒÌÍŒŒLLŒNŒ‹ÌWÌ×Î‹ŒŽMÌLMŒŒÍLŒÌÌŒÎLÌŒNMŒŒNŒNŒËÌWÌ×ÎËŒŽÌÌŒLŒLÌMÌÌŒŒŒŒNŒŽÌWÌ×ÎŒÌŒŒLŒŒMLŒÍLŒÍŽŒŽLŒŽLLŒŒLŒNŒŽKÌWÌ×ÎKŒÌŒŒÎŒŒŒLŒŒŒÍŒŒLŒŒLLŒNŒÌÌWÌ×Î‹ŒÌLLÌŒÌÌŒŽLŒÍŒÍŒŒÌŒŽŒNŒÌKÌWÌ×ÎËŒÍLŒŒŒŒŒÌLÌŒÍÌLLŒMLŒNŒÌ‹ÌWÌ×ÎŒÍNLŒŽLŒNŒÍLMŒŒŽÌŒNŒÌËÌWÌ×ÎKŒŒŒŒŒŒŒŒŒNŒÍÌWÌ×ÎLŒÍMŒÎLŒÍŒŒÌÍÌŒÌŒNLÌŒNLÌŒNŒÍKÌWÌ×ÎLKŒÍŒÍŒŒŽLLŒÌLÌŒÍMŒŒŒŒŽŒLŽŒNŒÍ‹ÌWÌ×ÎL‹ŒÍMLŒÍŒŽLŒŒÌÌLŒMÎLŒÌŒNŒNŒŒNŒÍËÌWÌ×ÎLËŒÌŒLŒŒŽLÌŒÌŒMŒLŒÌŒNLLŒLMŒŒNŒÎÌWÌ×ÎMŒÍŒŒÍMÌŒÌLŒŒŒŽLLÌŒŒŒMÌLŒŒŽLŒNŒÎKÌWÌ×ÎMKŒÌÍÌNLŒÌLÌŒÌŒŒÎLLŒŒÍŒŒŒLMŒNÌWÍÌŒLŒMLLŒLÌŒNLLŒÍÌŒLŒLŒÌNŒMŒNKÌWÍÌKŒLŒMÌLŒMŽŒÎŒÌLLŒÌÌLŒLMŒLLŒN‹ÌWÍÌ‹ŒLNŒMLŒMMÌŒŒÌŒŒÍŒLŒŒÎŒLMÌŒNËÌWÍÌËŒLŒÌÌLŒMŽŒÌÌŒLŒLŒNLŒÌŒŒNÌWÍÌŒLÌLŒŒÌLŒLMÌŒLÌLŒŒLŒÍŒŒŒŒNKÌWÍÌKŒLŒŽŒLŒMLŒÌMLŒNMŒNLŒLŽŒÌLŒN‹ÌWÍÌ‹ŒLÌŒŒŒLŒLŒŒŒNLLŒLLŒLLŒÌŽŒLLŒNËÌWÍÌËŒLLŒŒÎLLŒMŒŒÌLŒŒLLŒLŒÍLŒLÌLŒÎLŒNÌWÍÌŒLÌŒŒŒÎLŒLÌÌŒÌLŒŒŒMLLŒŒÌŒMÎŒNKÌWÍÌKŒLLÌŒÌLŒMNŒÌÌŒLLŒLLŒŒŒŒNLÌWÍÌLŒMLÌŒŒÎLLŒLŒÌŒŽŒŒŒŒÌLŒŒMŒŒNLKÌWÍÌLKŒMŒŒLLŒLŒŽMŒMLŒÍÌLŒLÌÌŒLLŒNL‹ÌWÍÌL‹ŒLŒLLŒLŒŒÍÌŒÍŒLŒLŒLNLŒŒÌŒNLËÌWÍÌLËŒLŒLŒŒLŒLÌŒŒŒŒLŽLŒLLLŒLÌŒLŒNMÌWÍÌMŒLŒŒLLŒMŒLLŒÌLŒLŒŽMŒŒLLŒNMKÌWÍÌMKŒLÍÌŒNLLŒMLŒMŒLMŒLLŒÌŒLÌŒŒNM‹ÌWÍÌM‹ŒLMÌŒŒLŒMŒŒÍÌLŒÌŒNLŒÌÌŒLŒŒŒNMËÌWÍÌMËŒLLLŒŒÎLLŒMÌLŒÍLŒLÌŒMLŒLŒMŒŒŒŒNNÌWÍÌNŒLŒŽMLLŒŒLÌŒLŒŒŒLÌÌLŒÌÌÌŒLMÌŒNNKÌWÍÌNKŒLNŒŒÎLŒMÌŒŒLŒMNŒMŒLŒMÌŒNMŒNŒÌWÍÌŒŒŒŒÎLŒMLÌŒŽLLŒLŒLLLŒÌŒŒLŒNŒKÌWÍÌŒKŒLŒNLLŒMLÌŒŒLŒLŒMLLŒLŒŒMŒÌŒNŒ‹ÌWÍÌŒ‹ŒÍŒŒÎLŒMMÌŒÌLÌLŒLŒLLŒŒLŒÎLŒNŒËÌWÍÌŒËŒNLŒNLÌLŒMNLŒNMLŒNLŒÌLLŒNŒMLŒNÌWÍÌŒŒLŒÍLŒMMŒÍLŒŒLŒMLŒŒŒMNŒNKÌWÍÌKŒLŒŒŒLŒLÍŒŒÌŒŒMÌŒŽLŒŒŒŒMÌŒN‹ÌWÍÌ‹ŒLŒŒŒŽMLLŒMŒŒÍMŒLMŒŒMLLLŒŒÌŒŒNŒNËÌWÍÌËŒLNLŒŒÌLLŒLÌŒŒÍÌŒMNLŒŒNLLŒŒLŒŽŒNŽÌWÍÌŽŒLŒŽMLŒMMLŒÍÌŒÌŒNLÌLŒNLŒŒŒNŽKÌWÍÌŽKŒLÌŒNLLŒMŒŒMÌŒŒŒNŒŽLŒLŒŒNLŒNÌÌWÍÌÌŒLÌŒÎLŒMŒŒŽLŒMŒLLŒNŒMŒNÌKÌWÍÌÌKŒLMÌŒŽLLLŒMŒMÌŒŒLŒŒMMÌLŒMÌLŒŒÌLŒNÌ‹ÌWÍÌÌ‹ŒLLŒŒÌLŒMÍÌŒŒLŒŒMÌLŒMNLŒMMÌŒNÌËÌWÍÌÌËŒMŒNŒLŒMŒŒÌLŒŒMLŒŒÌÌŒLŒŽŒNÍÌWÍÌÍŒÌŒÎNLLŒMŒÎLŒLLŒÍŒLŒŒŒLŒMÍLŒNÍKÌWÍÌÍKŒLLÌŒŒLŒNLNLŒMÌÌŒMLLŒNNLŒÍŒŒNÍ‹ÌWÍÌÍ‹ŒLŒMŽLLŒMŒŽMLŒNNLŒMŒLŒLŒMÎŒNÍËÌWÍÌÍËŒLÌŒMŒLLŒMŒMNLŒMŒŒMŒLŒMŒŒMŒNÎÌWÍÌÎŒLÌLŒMŒLLŒLÌŒÌŒMÍŒLLLŒMLŒLÌLŒNÎKÌWÍÌÎKŒLMŒÌLŒLMLŒNŒŒMÌŒÌÍÌŒÍLŒŒŒŒŒNŽÌWÍÍŒMÌÌŒMŒLŒLŒŒŒŒMÍŒLLLŒŽLŒÌLŒNŽKÌWÍÍKŒMNLŒŒNLLŒLŒŽŒŒŽŒMŽLŒMLŒMÌŒNŽ‹ÌWÍÍ‹ŒÌÌŒÎLŒLMÌŒLŒMÌŒLLÌLŒLŒLLÌŒNŽËÌWÍÍËŒLLÌLŒLÌLŒŒŒŒÌŒMLŒŒLŒNŽÌWÍÍŒMŒLŒMNLŒLŒNLŒŒŒŒŒLÎLŒŒMŒNŽKÌWÍÍKŒLÍŒÌÌŒLŒLLŒÌŒŒÌŒŒŒŒÌŒÎLŒMÍŒNŽ‹ÌWÍÍ‹ŒMŒŒMŒLŒLŒŒŽLŒŒLŒŒNLLŒLÍŒŒNŒŒNŽËÌWÍÍËŒMMLŒLLŒŒŒŽŒLŒŽLLŒÌŒMŒNŽÌWÍÍŒLNLŒÌLÌLŒÎŒŒÌŒLŒŒŒLLŒLŒNLŒNŽKÌWÍÍKŒMÌŒŒÍÌLŒLLŒÌÌŒÌŒMÌLŒŒÌŒŒNŽLÌWÍÍLŒMÍÌŒŒLŒLŒNŒNLŒŒÌŒŒÌŒLŒLLŒNŽLKÌWÍÍLKŒMÍŒÌLŒNŒŒÍŒŒŒNLŒŒŒLLŒNŽL‹ÌWÍÍL‹ŒNŒŒNNLLŒŒNMŒŒŒŽLŒŽLŒNMLŒNŽLËÌWÍÍLËŒMŒŽNLLŒÌŒNÌŒŽŒŒŒÌŒLÌŒNÌŒNŽMÌWÍÍMŒMŒŒÌLLLŒLŒŒŒŒLŒNŒLŒLŒLŽŒNŽMKÌWÍÍMKŒMŒŒÌLLŒŒŒÌLŒŒÍÌŒÌÎLŒLÌŒLÎŒNŽM‹ÌWÍÍM‹ŒNMŒÌÍLLŒÌŒMŒŒÌŒNLŒŒŒŒŒNŽMËÌWÍÍMËŒNLŒLŒÌŒNNŒÍŒŒÌNŒNLŒLŒÌŒNŽNÌWÍÍNŒŒŒŒŒŽLLŒÌŒŒNLÌŒÍMÌŒMÍÌŒLŒLLŒŒNŽNKÌWÍÍNKŒNLŒÌLLŒÌÌŒNMŒÎŒŒŒLŒŒLŒLÍÌŒNÌÌWÍÍŒŒŒNLŒŒŒÌŒŒLŒÌŒÌŒNMŒŒÎŒNÌKÌWÍÍŒKŒŒÌŒŒŒLŒMLŒNLŒÌŒÌLŒLŒLLLŒNÌ‹ÌWÍÍŒ‹ŒŒÌŒŒLLLŒÌŒNŒNŒMLÌŒÌŒMÌŒNÌËÌWÍÍŒËŒŒMLŒLLŒÍLŒLÎŒNÌŒÌÌŒLÌŒNÌÌWÍÍŒŒŒÌŒŒMLŒNLŒNLŒMLŒLMŒLŒNÌKÌWÍÍKŒŒLŒŒŽÌLŒÌŒÌŒÍLLŒŒLLŒNLŒNÌ‹ÌWÍÍ‹ŒMŒÌÌŒŒŒÌÌŒMŒMLLŒŒÍŒŒNÌËÌWÍÍËŒNNLŒÌÌŒŒLŒŒNLŒLÌŒMŒNÌÌWÍÍŽŒŒŽŒŒŒŽLŒMÌŒNNLŒMLŒŒÌŒŒLŒNÌKÌWÍÍŽKŒŒŒŒÌMŒLŒŽÌÌŒŒÍNLŒŒŒŒNLŒNÌLÌWÍÍÌŒÌŒŒŒŒLŒMÌŒŒÍNŒÌLŒLŒMÍŒNÌLKÌWÍÍÌKŒŒÌŒŒLLŒMŒŒÍŒÌŒŒŒMNLŒLŒNÌL‹ÌWÍÍÌ‹ŒŒŒŒŒŒŒŒŒNÌLËÌWÍÍÌËŒŒMÌŒÍNŒÎŒŒŒÎLŒÍÌŒLŽLŒMNLŒNÌMÌWÍÍÍŒLŒŒŒŒŒÌŒMÌÌŒŒMÌŒMÎŒMŽŒNÌMKÌWÍÍÍKŒŒŒNLLŒÌŒŒLNŒŒŒMŒŒŒŒMŒNÌM‹ÌWÍÍÍ‹ŒNLŒÌÍŒŒÌŒŒLÌŒÎLŒŒNŒNÌMËÌWÍÍÍËŒÍŒLÍÌŒŽLŒŒŒŒŒŒŒNŒŒŒLŒNÌNÌWÍÍÎŒÍŒŒLLŒLŒNŒŒÍŒŒNNLŒŒLŒÌŒNÌNKÌWÍÍÎKŒÎŒŒŒÌŒŒÌŒÎMŒŒÌMLŒŒNLŒMŒNÌŒÌWÍÎŒŒLŒÌŒÌŒLLÌŒŽŒNLLŒLŒŒNÌŒKÌWÍÎKŒÌŒÌÍLŒŒLMÍLŽLŒŽŒŒŒŒNÌŒ‹ÌWÍÎ‹ŒMŒÌŒLMLŒŒLÌŒLŒNLŒÌÌŒNÌŒËÌWÍÎËŒŒLŒÌMÌŒÎŒNÌMŒŒŒŒŒMÍŒNÌÌWÍÎŒÍÌŒŒÌŒŽLŒŒÌŒŒÎŒNLŒMÌÌŒÎŒNÌKÌWÍÎKŒNLŒLÌŒÌŒMÍLÎLŒÍNŒÌŒŒÍŒNÌ‹ÌWÍÎ‹ŒÌÍÌŒŒÍÌŒÌNÎŒŒÍÌŒŒÌŒMŒLŒNLŒNÌËÌWÍÎËŒŽLŒNÌŒLÍÌŒÌNŒÍLŒÍLŒŒÌŽLŒNÌŽÌWÍÎŒLŒÌMLŒÎLŒŒMLŒMŒLŒŒÎŒMŒŒNLŒŒNÌŽKÌWÍÎKŒLŒŒŒMŒŒŒŒŒMMÌMŒŒÌLŒLŒŒMÌŒNÌÌÌWÍÎLŒMŒÌLLŒLŒŒŒLŒŒMLŒÌÍŒŒMNŒŒÌŒNÌÌKÌWÍÎLKŒLŒÌÌŒŒLŒŒŒŒŒNLŒŒŒÎLŒŽMÌŒŒÌŒNÌÌ‹ÌWÍÎL‹ŒLŒŽLŒMŒŒNŒÍLŒŽLÌLŒÌÌŒNÌÌËÌWÍÎLËŒLÌŒÌŒLÌÌŒÌŒLNLŒÌŽŒLÍŒŒŽLÌŒNÌÍÌWÍÎMŒMŒŒŒŒLŒMLŒLŒŽLLLLŒÍÌŒŽMLŒNÌÍKÌWÍÎMKŒŒŒŒŒŒŒŒŒNÌÍ‹ÌWÍWÌLŒNŒÎMŒLŒÎLLŒŒÌŒÌLLLŒMŒLŒŒNÌÍËÌWÍWÌKLŒLŒÍLŒMÌŒÍÍÌLŒMLLŒŒŒLŒÌŒLŒNÌÎÌWÍWÌ‹LŒÍŒLŒNLLLŒNÌŒŽLÌLŒMŒŒLLŒNÌÎKÌWÍWÌËLŒÌŒÍŒŒÍŒÍÎLŒLNLŒŒÌLŒŒÌLŒNLŒNÍÌWÍWÌLŒÌŒŒŒLLŒŒÌŒŽNLŒŒLŒŒNLŒNÍKÌWÍWÌKLŒMŒŒÍLŒLŒÌŒLŒLÌŒŽLLŒLÎLŒÎŒNÍ‹ÌWÍWÌ‹LŒÌLÎŒLŒŒLÌLŒŒÌLLŒMÎLŒLÌÌŒNÍËÌWÍWÌËLŒMŒNLŒŒLŒŽLŒLŒŒLŒNLLŒÎLŒŒLŒNÍÌWÍWÌLŒMLLÌLŒNŒŒÎLLŒŒÌLLŒMÍŒŒLLŒNÍKÌWÍWÌKLŒMÌNMÌŒŒÌÌLŒNÌŒŽÌLŒÌLŒLÌŒNÍ‹ÌWÍWÌLLŒŒLŒLŒŒŒŒLŒNŒNNLLŒMÍLŒMÌŒNÍËÌWÍWÌLKLŒÌMMÌŒŒÌLLŒMLŒŒŒŒLŒLŒŒÍLŒNÍÌWÍWÌL‹LŒŒÌÌŒŒLŒNNLŒŒLŒÍLLŒNŒMÎŒNÍKÌWÍWÌLËLŒLÌLLLŒMŒŒŒLŒLMLŒMÌLŒLŒLŒNÍLÌWÍWÌMLŒÍLLŒŽŒŒÍLŒNLŒMLŒLÎLŒŒNÍLKÌWÍWÌMKLŒLMLMÌŒÎLŒŒLŒLÌŒŒMŒLŒÍŒLLŒNÍL‹ÌWÍWÌM‹LŒLŒMLŒLŒÌŽLŒÌMŒŒLLŒMÌLŒLLŒNÍLËÌWÍWÌMËLŒLÌLMÌLŒÌŒŽMLŒMŒŒLŒÍLŒMÌŒNÍMÌWÍWÌNLŒMŒMLŒÌŒŒŒLŒLÌŒLŒŒLLŒÎŒNÍMKÌWÍWÌNKLŒLNLŒLÌŒŒŒLŒÌŒLÌLŒÍŒMLŒNÍM‹ÌWÍWÌŒLŒLLLLŒLLŒŒÌLŒŒŒŒLLŒMÌŒLŒÌŒNÍMËÌWÍWÌŒKLŒLÌLLŒNLŒNMLLŒMLŒNLŒLŒMLŒNÍNÌWÍWÌŒ‹LŒMLLŒŒŒŒŽÌLŒŒŒŒŒLÌLŒMLŒŒLŒNÍNKÌWÍWÌŒËLÌÌÌNŒLNLŒŒÌLŒLÍLŒŒLLLŒŒŒŒÌŒNÍŒÌWÍWÌLŒLŒMLŒŒŒÍŒLŒÌÎLŒŒÌLŒŒŽLŒÌŒNÍŒKÌWÍWÌKLŒÌŽŒŒŒLÌLŒMLŒÌLŒÌLŒLÎLŒNÍŒ‹ÌWÍWÌ‹LŒMMLNŒÌŒŽŒLŒŽŒŒLŒLÌŒŒNÍŒËÌWÍWÌËLŒNÌŒŒÌŒMÍŒLŒLÍÌŒŽLÌŒÎŒÌŒŒNÍÌWÍWÌŽLŒLLLLŒLŒŽLŒÍÌŒLŒÎLŒNLŒMŒŒŒLLŒNÍKÌWÍWÌŽKLŒLŒŒÎNŒLŒŒMÌŒLŒMMLŒLLŒMLŒMLŒNÍ‹ÌWÍWÌÌLŒMLLÌLŒŒLŒŒŒŒŒŒLLŒLLŒŒNÍËÌWÍWÌÌKLŒNŒÎMŒŒŒŒMÌLŒMŒŒŒÎLŒMŒŒLÌŒNÍŽÌWÍWÌÌ‹LŒLŒÌŒŽŒŒLLLŒMÍŒŒÍÌLŒLŒLLŒNÍŽKÌWÍWÌÌËLŒNLLŒŒŒŒLŒLÍLŒLLŒLŒLÌŒNÍÌÌWÍWÌÍLŒLLLŒŽLŒNLLŒŒLŒNLŒŒŒLMLŒNÍÌKÌWÍWÌÍKLŒMŒÎMŒŒÎLŒNLŒLŒLMÌŒLŒŒŒNNŒNÍÌ‹ÌWÍWÌÍ‹LŒLŒŒÍÌŒLŒŒŽLLŒNLÌŒŒŒLLŒMŒMŒNÍÌËÌWÍWÌÍËLŒLLŒÎLŒŽŒNLLŒLMŒŒNLŒŒŒMŒNÍÍÌWÍWÌÎLŒÌŒŒLŒLŒLŒMŽŒLLLŒŽŒLŒNÍÍKÌWÍWÌÎKLŒNLÌÌŒMLŒLÌLŒŒŒÍŒLŒÍÌŒŒŒŒNÍÍ‹ÌWÍWÍLŒLŒÍÌŒNÌLŒMŒÌLLŒŒÌŒMŒŒNÍÍËÌWÍWÍKLŒŒŒÌLŒŒLŒMÌŒNNLŒÌŒLŒŒNÍÎÌWÍWÍ‹LŒMLLŒŒÍLŒŒLŒLŒNNLŒŒŽLŒLLŒLLÌŒNÍÎKÌWÍWÍËLŒLÌŒŒLŒŒLŒMÌŒNMŒNŒLLŒNÎÌWÍWÍLŒŒÍÌŒŒNLŒMŒŒLŒŒŽLŒLŒNÎKÌWÍWÍKLŒLÍŒÌŒŒÌÌLŒNŒNMLLŒLLŒŒÌŒNÎ‹ÌWÍWÍ‹LŒÌÌŒÍÎLŒLŒMÍLŒLŒŒÌŒÎLŒLLŒNÎËÌWÍWÍËLŒŒŒLLŒŒÌLŒÍÌŒNÌŒMŽŒÎLŒNÎÌWÍWÍLŒŒŒÍÍŒŒŒMÍLLŒNNŒNŒŒŒŒŒÌŒŒNÎKÌWÍWÍKLŒÌMŒŒŒŒÌLŒNŒLŽLŒMÌŒLÌŒŒNÎ‹ÌWÍWÍLLŒŒLŒŽÌLŒŒLŒÌLLŒNLŒŒLŒLŒMŒŒNÎËÌWÍWÍLKŒÍÎLŒLŒÍLLŒÌŒŒŒŒŒÌŒŒLLÌŒNÎÌWÍWÍL‹LŒLŒŽLÌŒLŒŒŒLŒLŒŒŒŒÎŒÍLŒLÌŒNÎKÌWÍWÍLËLŒÎLŒÎLŒÌŒÌLLLŒLŒMŽLŒŽÌŒLŒNÎLÌWÍWÍMLŒLŒŒŒMŒŒLLLŒNMÌLŒNLŒÍŒŒÎLŒÌŒNÎLKÌWÍWÍMKLŒÍŒÎMLŒMÌŒŽŒLŒLŒMLŒŒLŽLŒMLŒŒNÎL‹ÌWÍWÍM‹LŒŒLŒMÌŒLNŒŒÌLŒMŒŒLÍLŒÍÌŒLŒNÎLËÌWÍWÍMËLŒNŒŒLŒLŒÌMŒŒLLŒNŒŒŒŒLŒNÎMÌWÍWÍNLŒŒŒÍMŒŒLÌŒNNLŒMÌŒMŒŒLLŒLŒŒŒNÎMKÌWÍWÍNKLŒLÍÌŽNLŒMÌŒŽŒÌŒLLLŒMŒŒLÌŒŒNÎM‹ÌWÍWÍŒLŒŒÍŒMÌŒŒŒLŒÌŒŒLŒMÍŒÎŒNÎMËÌWÍWÍŒKLŒMŒÌÌŒMMÌŒMLŒNLŒŒLŒŒÎLŒNLŒNÎNÌWÍWÍŒ‹LŒLŒÌÎŒNŒMÌLŒMNŒLŒŒMŽŒÎLŒNÎNKÌWÍWÍŒËLŒLŒÌMŒNÌŒŒŒÍÌŒLLLŒMÌŒMŒNÌWÍWÍŒŒLŒŒLŒMÍŒLŒLLŒLŒNŒMŒŒLŒŒNKÌWÍWÍKLŒNŒÍÍÌŒNMŒŒNLŒŽLŒLÌŒLNLŒÍŒŒN‹ÌWÍWÍ‹ŒMŒÎLŒŒŒÌŒNÌLŒÌŒMÍŒMLŒLMŒŒNËÌWÍWÍËLŒLŒÌÌŒŒLLŒŒŽLŒLŽLŒMÌŒMLŒŒLŒŒNÌWÍWÍŽŒŒLŒŒŒŒŒLŒŒŒŒLLŒÍŒMMŒMÍŒÎLŒNKÌWÍWÍŽKŒLÌŒÌÌŒŒŒMŒŒŒÌŒLÍŒŒLŒŒLLŒŒNLŒN‹ÌWÍWÍÌŒÌÌŒŒÍLŒMLŒŒLLŒÌLŒLŒŒŒŒLŒNËÌWÍWÍÌKŒŒŒMŒŒŒNŒŒÌŒÍÌŒLNLŒLMÌŒMMŒŒNÌWÍWÍÌ‹ŒÍÌŒÍŒŒNLŒŽNLŒŒŒLŒMŒŒLLÌŒNKÌWÍWÍÌËŒÎŒLLŒŒŒLŽLŒLLŒLLLŒLŒŒMŒNLÌWÍWÍÍŒŒŒÌŒŒLŒMŒŒŒMLŒLŒNLKÌWÍWÍÍKŒÌŒŒŒŒŒŒÍŒLŒŒÎŒMLŒŒLŒŒNL‹ÌWÍWÍÍ‹ŒÍLŒŒŽLŒÌŒŒŒMLŒŒÌŒÌŒÍŒLŒMŒNLËÌWÍWÍÍËŒŒŒŒMŒÌŒŽLŒÍŒŒLŽLŒLŒÍŽŒLÍÌŒNMÌWÍWÍÎŒLŒŽMÌŒMŒŒŒŒMÌŒLÌŒÌÌŒÌŒŒNMKÌWÍWÍÎKŒŒŒŒMÍŒŒÌŒLŒLLŒMÌÌŒŽMŒŒŒNM‹ÌWÍWÎŒŽLŒŒLŒŒNLŒŒŽŒŒŒMÌŒLLŒÌŒNMËÌWÍWÎKŒŒLŒŒŒŒŒÌÌŒŒMÍLŒÎLŒŒMÌŒÌŒÌŒMLŒNNÌWÍWÎ‹ŒLLŒŒLŒŽMŒŒMŒÌŒŒŒLŒŒŒÌŽLŒLÌŒNNKÌWÍWÎËŒLŒŒNNLŒÌÍLŒLŒLŒŒŒLÌŒŒÍŒNŒÌWÍWÎŒMÌŒMŽLŒŒÌÌŒÌŒŒLŒÌŒŒŒŒNŒKÌWÍWÎKŒLMÌŒMÌŒŒÌŒLÌŒŒLŒŒMÍŒÍLŒŒMŒŒNŒ‹ÌWÍWÎ‹ŒLÌŒMŒÌŒŒMLŒLMŒŒLMŒŒÌMLŒMŒŒNŒËÌWÍWÎËŒLLŒMÌŒÌMLŒLÌŒÎŒLLŒÌŒLLŒNÌWÍWÎŒLMLLŒNLŒŽŒLŽŒNŒLŒMŒŒNKÌWÍWÎKŒLŒŒŒLŒŒÌÌLŒLLŒLŒLLŒÌŒŒLŒN‹ÌWÍWÎLLŒÌŒLMŒŒÌÍŒNLŒÌLŒLŒÌLŒŽLŒNËÌWÍWÎLKŒLLŒLŽLŒÌÍÌŒMŽLŒŒÍŒŒMŒŒÌÌÌŒLNŒNŽÌWÍWÎL‹ŒLŒLŒLŒÍNLŒLÍLLŒLÌLŒÍÌŒÎLŒŒŒNŽKÌWÍWÎLËŒMÌŒLMÌŒÍŒÌŒLÌŒLŒLÌŒÌLŒNŒNÌÌWÍWÎMŒMMŒŒŒŒŒŒŒŒŒMÌŒŒLŒÌŒÍŒLŒNÌKÌWÍWÎMKŒNŒLÌŒÌŒMÌLŒŒLÌŒMÌŒNÌ‹Ì—ÌÌLŒMŒLŒNŒMŒLŒLÌÌLŒÌLLŒNLLŒLŒLŒMLŒNÌËÌ—ÌÌKLŒŽŒŒMLŒMÎLŒLMLLŒNLLŒŒŒLLŒLŒLŒMLŒNÍÌ—ÌÌ‹LŒLŒLÌŒNLŒNLÍÍLLŒMÍLŒÍLLŒLŒLŒNÍKÌ—ÌÌËLŒŽŒMÌŒLÌŒŒLNLLŒŒLLŒLLŒMLLŒŒŒNÍ‹Ì—ÌÌLŒŽLŒLŒMLLŒÌLŒŒLŒŽLŒÌÌLŒMŒŒNÍËÌ—ÌÌKLŒÍÌŒÍLŒLÍLŒMŒLŒŒÌLŒMLŒNLLŒNLÌŒNÎÌ—ÌÌ‹LŒŽŒLŒLLÌLŒLŒLŒMŒLŒÍŒÌLŒLLŒLŒLLLŒMÌŒNÎKÌ—ÌÌËLŒŽŒŒŒLLÌLŒLLŒŒLŒLŒŒÌŒNÌ—ÌÌLŒLLŒŒŒMLŒÍÌLŒÍLLŒMÌÌŒLŒŒÌŒNKÌ—ÌÌKLŒÍLŒÌÌŒMŒŒŒÌLŒÌLLŒŒNLŒLLLŒMÍLŒN‹Ì—ÌÌLLŒMLŒŒŒŒLŒÍLLŒÌŒLŒŒÎLŒÎLŒNNLŒNËÌ—ÌÌLKLŒMÌLŒŒŒMÌLŒLÎLLŒMŽLLŒLŒÌŒŒNÌ—ÌÌL‹LŒÍŒLŒLŒLLLŒLŒLŒÍÌLŒLLŒÌLŒNKÌ—ÌÌLËLŒŒŒLŒÍÌŒLŒÌLŒÌLŒNLLŒŒÌLŒLLŒÍŒN‹Ì—ÌÌMLŒÌLLŒÌŒŒŒÌLŒLŒÍÌLŒÌLLŒÌLLŒNLÌŒNËÌ—ÌÌMKLŒMŒLŒLŒMLŒÌLŒÎLŒŒMÌŒŒLŒŒÍŒNÌ—ÌÌM‹LŒLLLŒÌŒLŒMLLŒÌÍLŒMLLŒŒÌLŒMÌŒNKÌ—ÌÌMËLŒMLŒŒNLLŒÌLŒŒÍLŒŒLŒLŒMLŒNLÌ—ÌÌNLŒŽŒLŒÌÌŒŒLLŒÍÌLŒNLLŒMŒLŒŒMŒNLKÌ—ÌÌNKLŒLŒLŒŒÍŒŒLŒLŒŒÍÌLŒNLLLŒLŒŒÎŒNL‹Ì—ÌÌŒLŒŽÌLŒNŒLŒÌÌLŒÍLLŒŒLŒÌŒLŒÌŒNLËÌ—ÌÌŒKLŒLLŒLŒLLŒLÌLŒŒÌLLŒLMŒÍÌLŒMŒŒŒNMÌ—ÌÌŒ‹LŒNLŒŒŒLŒMLLŒÌŒLŒLLŒLLLŒÌŽŒNMKÌ—ÌÌŒËLŒŒŽLLŒÌŒLLLŒLÍŒLŒŒLLŒMMŒŒMLLŒMÌLŒNM‹Ì—ÌÌLŒÌÌŒLŒLŒŒŒLLŒÌMLŒLŒÌLŒLŒÌLŒNMËÌ—ÌÌKLŒŒLŒLMÌŒMŒLŒŒLŒŒMLLŒŽLŒLŒMŒNNÌ—ÌÌ‹LŒŽÌŒNLŒŒŒLŒŽMÌLŒŒLLŒLNLŒÌLLŒNNKÌ—ÌÌËLŒŒLŒLŒÌŒLLŒLLLŒLLŒLLŒÍÌLŒŒLŒNŒÌ—ÌÌŽLŒŒŒLŒÌLŒÌŒLÌLŒŒÍÌLŒLMLŒÌLLŒÌŒŒNŒKÌ—ÌÌŽKLŒNŒLŒLLŒLLLŒMLŒLŒNLLŒNŒŒÎLŒNLLŒNŒ‹Ì—ÌÌÌLŒŒŽLLŒMŒLLŒÌLŒŒÍŒLŒMÌŒÎLŒÍÍLŒNŒËÌ—ÌÌÌKLŒNŒLŒMŒÌLŒŒLŒŒMLLŒMŒLŒŒŒLŒLLŒNÌ—ÌÌÌ‹LŒLLŒŒŒLŒMLLŒNLLŒMŒLŒÌLŒLLŒNKÌ—ÌÌÌËLŒMŽLLŒMŒŒLLLŒLÌLŒLÍLŒLLŒŒŒLLŒMMŒŒN‹Ì—ÌÌÍLŒLŒÌLŒŒLŒŒLŒNMLLŒÌLŒNLLŒŽŒNËÌ—ÌÌÍKLŒMLLLŒMŒÌŒMLŒNLLŒNLLŒLLŒLÍLŒŒŒNŽÌ—ÌÌÍ‹LŒÍÌLŒŒŒŽLŒÍÌLŒMLÌLŒMŒLŒLŒLŒÌÌŒNŽKÌ—ÌÌÍËLŒÍŽŒMŒŒLNLŒNLLŒLÌŒLŒLLŒLNLŒNMÌŒNÌÌ—ÌÌÎLŒŒMÌLŒŒŒLLLLŒLŽLLŒNÌLŒMÌŒLLLŒŽŒNÌKÌ—ÌÌÎKLŒMLLŒLŒLLŒLMÌLŒLMÌLŒÎLŒLLŒNLŒNÌ‹Ì—ÌÍLŒŒLŒLŒLLŒLLŒMÌLŒLŽLŒŒNLŒMMLŒLŒNÌËÌ—ÌÍKLŒLÍLŒMŒLÌLŒMÌLŒLLLŒMLŒMŽLŒŒŒLŒNÍÌ—ÌÍ‹LŒŒÌLŒMÌŒLNLŒMÌLŒLMŒLŒŒÍÌŒLLLŒÌŒNÍKÌ—ÌÍËLŒLŒÌLŒLŽŒLNLLŒLLLŒLŒLŒŒŒMÌÌLŒŒŽLŒNÍ‹Ì—ÌÍLŒŒMÌLŒMLŒLÌLŒLŽLŒMLLŒLÌLŒLLLŒŒNÍËÌ—ÌÍKLŒLLŒÌŒLÌŒLŒLLŒLŒNNŒLÌLŒNLÌŒNÎÌ—ÌÍ‹LŒNLÌLŒMŒLLÌLŒLLLLŒMÍŒLŒMŒŒÎLŒŒŒNÎKÌ—ÌÍËLŒLÌLŒŒŒŒLLLŒÌÌLŒŒLŒLŒMÌŒLŒŒNŒNÌ—ÌÍLŒMŒLŒMLŒMMLLŒMÌŒLŒLLŒLŒMLŒMLŒNKÌ—ÌÍKLŒŽLLŒLŒMLŒŒŒŒLŒLLŒŒŒLŒÌÌŒN‹Ì—ÌÍLLŒMÌLŒMLŒLŒLŒMÌLLŒŒLŒMLŒŒLLŒNNŒNËÌ—ÌÍLKLŒŒLŒÎLŒLNLŒMLLŒLLŒMŒŒMMLŒŒŒNÌ—ÌÍL‹LŒNLŒMMLŒLÎLŒLÍÌLŒMLLŒMLŒLŒLŒLŒNKÌ—ÌÍLËLŒLLŒLŒMLLŒŒLLŒLŒLŒLÌŒŒŒLŒŒÌŒN‹Ì—ÌÍMLŒMLLŒMÌŒMÌLŒMÌLŒLŒÌLŒLŒŒLŒNËÌ—ÌÍMKLŒLÌLŒÍÌŒMNLLŒŒÌŒLLLŒMŒŒŒÌŒŒLŒLMÌŒNÌ—ÌÍM‹LŒLŒLŒLÌŒMÍŒLŒLLLLŒLŒMŒŒLNLŒLÌŒŒNKÌ—ÌÍMËLŒMLLŒLŒMÌLŒLŒÌLŒNLŒŒÌÌŒLŒNLÌ—ÌÍNLŒLNLŒLLŒNÌLŒLLŒŒÌLŒŒŒMÌLŒMŒŒNLKÌ—ÌÍNKLŒLLŒÍŒŒLŒÎLŒLŒLÍŒÍLŒLŒŒNL‹Ì—ÌÍŒLŒLŒMLŒNLŒLÍŒLŒMLLŒÌŒLLŒÌŒNLËÌ—ÌÍŒKŒLLŒLŒŒŒÌLŒLLLŒÍŒŒNLŒÎLLŒŒLŒNMÌ—ÌÍŒ‹LŒÌLLŒMÌŒŒŒLŒLÌLŒÌLŒNŒLŒÌÌÌŒNMKÌ—ÌÍŒËŒÍŒLŒLÍLŒNLŒLŒNŒMLLŒÌŒÌLŒMŒŒNM‹Ì—ÌÍLŒÌÌLŒLŽLŒŒŽLLŒNŒLLŒŒŒŒLŒŒLLŒNMËÌ—ÌÍKŒÌÌLŒŒÌŒNNLLŒÌŒŒLŒLŒŒÌLŒLŒNNÌ—ÌÍ‹LŒLLŒMŒŒLÌLŒLNLŒŒLŒLŒŒŒLŒŒLŒNNKÌ—ÌÍËŒLLLŒMLŒŒŽLLŒMŒMŒLŒÌŒŒÍÍLLŒNŒNLÌ—ÌÍŽLŒÍLŒLMÌŒŒNLLŒMÎŒLLŒMLŒÌŒLŒMŒNLKÌ—ÌÍŽKŒLÌŒLŒLLÌŒŒÍLŒLÌÌŒLÌLLŒMLŒLLŒŒÎŒNL‹Ì—ÌÍÌLŒLÌLŒMŒŒŒŒÌLŒŒŒŒŒÌLŒÌŒŽŒLŒŒŒNLËÌ—ÌÍÌKŒMLLŒMÌÌŒŒÍÌLŒNŒŒŒLŒŽLŒÌÍLŒŒŒNLÌ—ÌÍÌ‹LŒÌLŒÌÌŒLÌLŒMŒŒLLŒLÎLŒÌLŒLŒŒNLKÌ—ÌÍÌËŒMMLŒLLŒŒLŒLŒŒNŒLLŒMMŒŒÍÍLŒMLŒNL‹Ì—ÌÍÍLŒLŒÌŒLLLŒMŒLÍLŒÌŒLLŒMLŒŒNLËÌ—ÌÍÍKŒLLLLŒLÌŒMÌLŒŒŒLLŒŒŒÎMÌLŒŒŒNLÌ—ÌÍÍ‹LŒLLŒLLŒŒÌLŒMLLŒÌLLŒLŒŒLŒMMŒNLKÌ—ÌÍÍËŒLŒNLŒŒÌLŒŒŒÍŒŒÌLLŒŒNLLÌ—ÌÍÎLŒÍLŒMLLŒŒŒLŒMLŒLMÌLŒNMLŒLNLŒMÍLŒNLLKÌ—ÌÍÎKŒŒŽLLŒŒLŒŽŒLŒÌŒŒLLŒÍÌNŒŒŒNLL‹Ì—ÌÎŒÌLŒÌŒLÌLŒLŽŒÎŒMLŒLÌŒLŒNLŒNLLËÌ—ÌÎKŒÌÍŒLŒLÌÌŒŽLŒLŒÌÌŒŒŒÌÌLŒMÌŒNLMÌ—ÌÎ‹ŒŒLŒÌŒŒLŒŒŒŒLŒŒŒÍŒLŒŒLÌŒNLMKÌ—ÌÎËŒÌŒLŒLŽLŒÌLŒŽÌŒMŒŒLŒŒÎLLŒMNLŒNLM‹Ì—ÌÎŒŒLŒÌŒŽLŒŒŒÌŒÌLŒŒLŒMÌŒNLMËÌ—ÌÎKŒMÌLŒNMŒÌŒLŒÌNŒŒLLŒMLŒNLNÌ—ÌÎ‹ŒLŒLŒMLŒÎLLŒLŒLŒÍLLÌLŒŽŒNLNKÌ—ÌÎËŒMLŒMÌÌŒÌLŒMÍÌŒÍÌLŒLŒŒŒMLŒÍLŒNLŒÌ—ÌÎŒLÍLLŒŽLLŒÌLŒMLÌŒÎLŒLŒÍŒÌLLŒŒMŒŒNLŒKÌ—ÌÎKŒLMLLŒMŽLŒŽLŒÍLLÌLŒÌNLŒLŒÌŒNLŒ‹Ì—ÌÎLLŒÍLŒÌŒŽLLŒÌŒŒŒLLLŒMÎLÍLŒÌŒNLŒËÌ—ÌÎLKŒLMŒLŒNLÌŒŽLLLŒŒÌŒÌŒLŒLÍŒLŒŒŒNLÌ—ÌÎL‹ŒLÌLŒŒMLŒÌLŒŒÎLŒŽLLŒLŒÎŒLŒLŒNLKÌ—ÌÎLËŒMLLŒMŒÌŒŽMŒLŒŒLLŒÌÌLŒŒŽŒÎŒLŒŒŒNL‹Ì—ÌÎMŒŒLLLŒŒÌŒŒÌÍLLŒŽÌŒNMLŒŽMLŒŒLŒŒNLŒNLËÌ—ÌÎMKŒNLLLŒŒÌLŒÌLŒMLŒLMLŒLŒŒLLŒŽLŒNLŽÌ—ÌWÌŒŒŒÌLŒLŒÌÌŒŽNLMŒMMŒLŒŒÌŒNLŽKÌ—ÌWÌKŒNŒLŒŽNLÌŒLŒÌNLŒLLLŒÍNLLŒLLŒNLÌÌ—ÌWÌ‹ŒŽLŒÍNLŒMÌŒÌÎLŒŽMLŒLLÍLŒLŒNLÌKÌ—ÌWÌËŒŒLŒÍMŒLŒÌMLLŒLŒLLMÌŒLŒŒNLÌ‹Ì—ÌWÌŒNŒÍNLLŒŽŒŒÍLŒÌÌŒŒMLŒÎNŒNŒNLÌËÌ—ÌWÌKŒLŒÍÎLŒÌÍÌLŒŽLÌŒNÌLŒÍLŒLŒŒÌŒNLÍÌ—ÌWÌ‹LŒMLŒÍLLŒÌŒÎÌLŒÌMŒŒÍLLLMŒŒŒNLÍKÌ—ÌWÌËLŒMLLŒLŒÌLLÎLŒŒNLŒLLŒÌŒÌŒMLŒNLÍ‹Ì—ÌWÌŒŒLLLŒÌLŒÌMÌŒMLMŒLŒNLÍËÌ—ÌWÌKLŒÌŒÌŽLLŒŽNMLLŒÌŒŒŒLLŒÌÌŒÌŒNLÎÌ—ÌWÌLLŒŽLLLLŒÌLÌLŒÍLLŒŒLLŒÌLŒLŒNLÎKÌ—ÌWÌLKLŒÌŒÌÎLLŒÌÍŒÌÌLŒÌŒŒLLŒÌÍŒŒŒŒNMÌ—ÌWÌL‹LŒŒŒÎNLŒÌŒNLLŒŽMÌLŒLLŒÎMŒLŽLŒNMKÌ—ÌWÌLËŒÍŒÌLLLŒŽMÌŒÎLŒLŒLLŒÍLŒŒNM‹Ì—ÌWÌMŒŽŒÍÎLLŒŽŒŒÎŒLŒNÌŒLŒÍNLŒMŒNMËÌ—ÌWÌMKLŒŽŒÎLŒŒŒÌŽLŒÌMŒŒÌŽLŒÌLŒLÌŒNMÌ—ÌWÌM‹LŒMŒŒLŒŒŒŒLŒŒNŒLÎLŒÍLŒŒLÌLŒNMKÌ—ÌWÌMËŒLLŒÎLŒLŒÍLÎLŒMŒŽÌLŒÌŒMÌŒNM‹Ì—ÌWÌNLŒŒLLŒŽŒŒLŒMÎŒLLŒÍNŒLÌÌŒNMËÌ—ÌWÌNKLŒÎŒLÌLŒÌNŒÎNLLŒNNŒLŒŽŒMMLŒNMÌ—ÌWÌŒŒLŒÌŒŒÍÌLŒŒÌÌŒLŒLŒŽNŒÎLŒNMKÌ—ÌWÌŒKLŒŒŒÌMLŒÌÌŒÍLŒMNŒŒLŒLŒÌNLŒMŒŒNMLÌ—ÌWÌŒ‹ŒŒÍMŒLŒÍÌŒÎÌLŒÌLŒLLŒÍŒŒŒNMLKÌ—ÌWÌŒËŒLŒMLŒŒÍÌLŒMLŒŒLŒŒMMŒŒNML‹Ì—ÌWÌLŒÌMLLŒÌÌMLŒŒLŒŒLŒNŒLÍLŒNMLËÌ—ÌWÌKŒŒLŒÍLLŒÎŒÌÌÌLŒLLLŒNMLŒMÌŒNLLŒNMMÌ—ÌWÌ‹ŒLŒÍNLLŒÌMLLŒLLŒMÌŒLŒÌMŒŒLÌŒNMMKÌ—ÌWÌËŒNLŒÌLLŒŽŒŒÌÌLLŒMLŒNLÌLŒMŒNMŒŒNMM‹Ì—ÌWÌŽLŒÌŒÍLÌLŒLÌÌLŒŒLŒLŒLŒŒLNŒNMMËÌ—ÌWÌŽKŒŒŽLLŒÌŒÌLŒLLÌŒŒŒLŒNLŒŒŒŒŒNMNÌ—ÌWÌÌŒLÌŒÍLLLŒŽŒMÌLŒŒÌŒMLLŒŒLŒŒŒŒŒNMNKÌ—ÌWÌÌKŒŽŒÌLLŒŽLŒŽLŒLÎLŒŒLŒLŒLÌŒNMŒÌ—ÌWÌÌ‹LŒÍŒŒÍÍLLŒÎLŒÍÎLLŒŒŒMÍLLŒŒÍŒÍLŒNMŒKÌ—ÌWÌÌËŒMŒŒŽNLŒŒÍŒÌMÌLŒÌŒŽLŒMMŒMŽLŒNMŒ‹Ì—ÌWÌÍŒÌŒÎMLŒŒÍŒÎLŒLŒMÌLŒMÎŒLÌŒNMŒËÌ—ÌWÌÍKŒŽLŒÌÍŒLŒŒÎŒÍLLLŒLŒŒŒÌLŒLŒŒMŒNMÌ—ÌWÌÍ‹LŒMÌLŒŽNLŒLŒNLLŒŽLLLŒNŒŽŒŒNMKÌ—ÌWÌÍËŒÌŒÍÌLLŒŽÌŒÌÌLŒLŒŒŽŒLŒMÌŒŒLÌŒNM‹Ì—ÌWÌÎŒŒÍLLŒÌŒLŒLŒŒMMÌLŒŒMÍŒŒNMËÌ—ÌWÌÎKŒMÌŒÍŒŒLŒMŒŒÎLLLŒŒŒLŒLÍŒŒÌÌŒNMŽÌ—ÌWÍŒLŒLLLŒŒŒŒÌÌŒLŒÎLŒŒMÌLŒLNŒMŽŒNMŽKÌ—ÌWÍKŒŽLŒÍLŒŒÍŒÍÍLLŒMÌŒLÌLŒLŒŒŒŒNMÌÌ—ÌWÍ‹ŒNLŒÍLLŒLŒÎLLŒLŒŒLLŒMŒÌŒMLÌŒNMÌKÌ—ÌWÍËŒŒLLLŒŒLLŒÍŒŒÌLŒLÍŒŒLLŒNMÌ‹Ì—ÌWÍŒMŒÍLLŒÌLŒÍŒNŒŒŽLŒLŒŒŽÌŒNMÌËÌ—ÌWÍKŒÍLŒÌŒŒÍÎŒLŒMÌLŒÌŒMŒÌŒNMÍÌ—ÌWÍ‹ŒÍŒŒÎLŒŒLŒŒÍŒŒŒLLLŒMMŒŒMMÌŒNMÍKÌ—ÌWÍËŒMÌLÌLŒŒNLŒŒŒLMÌLŒÍÌŒŒŒŒNMÍ‹Ì—ÌWÍŒLŒÍLŒŒMLŒÌŒLÍLŒNLŒLŒÌLŒLMŒNMÍËÌ—ÌWÍKŒŒLŒŒŒLŒÍÎLŒÎLŒLÌLŒÌŒŒMLŒNMÎÌ—ÌWÍLŒLÌŒÎNLLŒÌŒÍÍŒŒÌÌŒŒLŒŒÍLŒMŒŒNMÎKÌ—ÌWÍLKŒLŒÎLLŒÌÍÌLŒŽŒNMLLŒLŒNLŒŒNNÌ—ÌWÍL‹ŒLŒÎLÌLŒNÌŒÍÌLLŒLLLŒŒLŒMLŒLŒŒNNKÌ—ÌWÍLËŒÍLŒÎLLŒŒLMŒŒŒLLLŒMŒŒŒŒNN‹Ì—ÌWÍMŒÌŒÌÌŒLŒMÌŒÎLŒLÍŒMÌLŒNLŒŽLŒNNËÌ—ÌWÍMKŒÎLŒMLÎLŒLLŒŒŒMŒMŒNNÌ—ÌWÍM‹ŒÌŒÍLLŒNŒŒÎLŒLŒŒŒÌLŒNMLŒMŒNNKÌ—ÌWÍMËŒÌŒLŒNŒŒŒMÌŒMLŒLŒÌŒŒLLŒNN‹Ì—ÌWÍNŒLŒÌLŒMMÌŒÍLŒŒMŒLŒLMŒŒMÎŒNNËÌ—ÌWÍNKŒÍLŒÌÍLLŒMMŒÎLŒŒMÎLLŒŒLŒŒLŒNNÌ—ÌWÍŒŒŒÎMŒLŒMŽLŒÍLŒÌŒŒŒÌLŒÌŒŒŒLLŒNNKÌ—ÌWÍŒKŒLMLLŒMÍŒŒŒLLŒMMŒŒLŒMŽŒNNLÌ—ÌWÍŒ‹ŒLŽLLŒLŒŒÌÍŒŒMLLŒNMLLŒÌÌŒMŒNNLKÌ—ÌWÍŒËŒLNLLÌLŒLLÌLŒLŒÌMŒŒLŒŒMÍŒNNL‹Ì—ÌWÍŒNLŒŒLLŒLŒŒÎLLŒÌŒÍÌLLŒMŒŒÌŒNNLËÌ—ÌWÍKŒÍLLŒLLŒÎLŒMŽŒŒŽLŒÌŒÎLŒNNMÌ—ÌWÍ‹ŒLŒŽNLŒLLŒÎNLŒŒNLŒÍLŒLLŒNNMKÌ—ÌWÍËŒŒŽNŒNŒÍÌLŒLMŒŒMÌLŒŒNŒNNM‹Ì—ÌWÍŽŒLÌŒÎLLLŒLLŒŒÌŒLNLŒŽLLLŒLŒŒŒŒNNMËÌ—ÌWÍŽKŒLLŒÌMŒLŒLMŒŒÎŒLŒÌŒNLŒLŒŒŒMLŒNNNÌ—ÌWÍÌŒŒLŒÎLLŒLÌÌLŒMŒŒMLŒÎŒŒÍŒNNNKÌ—ÌWÍÌKŒÍŒÌŒLŒLÌŒŒÌŒŒŒLÌŒŒMÌÌŒÌŒNNŒNŒÌ—ÌWÍÌ‹ŒLŒŽLLŒMŒŒMŒŒNLLŒŒŒŒŽLŒNŒKÌ—ÌWÍÌËŒŒŒŒŒŒŒŒŒNŒ‹Ì—ÌWÍÍŒÌLŒLNLŒŒNLŒMŒLŒLLLŒMMŒŒNŒËÌ—ÌWÍÍKŒMŒÍLLLŒÌŒÎLŒMÌŒŒŒŒLŒLŒLÌŒNŒÌ—ÌWÍÍ‹ŒLÌŒÌÌLLŒŒÌŒŒŒŒMÌŒÍLŒMMÌŒNŒKÌ—ÌWÍÍËŒLŒÌÌLŒMŒŒÍŒMŒŒŒMŒŒŒLŒLŒNŒ‹Ì—ÌWÍÎŒMŒŒÎLŒLÌŒŒLLŒMÍÌŒÌŒNŒËÌ—ÌWÍÎKŒŒŒÌŒŒLŒÌŒÍLŒNŒŒÍÌŒNLŒÌÌLŒNŒÌ—ÌWÎŒŒŒŒŒŒŒŒŒNŒKÌ—ÌWÎKŒLŒÎLLŒÍŒÌÌŒÌÌŒŒMŽLŒŽŒNŒLÌ—ÌWÎ‹ŒŒÌLŒLLŒŒŒMŒŒMÎŒMÌŒLŒŒNŒLKÌ—ÌWÎËŒÌŒŒŽÌLŒÌŒŒÌŽŒÌŒŒŽŒMLLŒÍÌŒNŒL‹Ì—ÌWÎŒÍÍŒLŒMLŒÎMLŒŒŒÍLŒŒLŒÌŒNŒLËÌ—ÌWÎKŒÍŒŒÎLŒLŒŒÌŒÌŒLŒŒŒÍŒŒMÌŒMLŒNŒMÌ—ÌWÎ‹ŒÍÌÍLLŒMŒŒÎLŒŒŒŒLŒNLŒŒÎŒNŒMKÌ—ÌWÎËŒÍÌŒŒLŒLŒÍLŒLÍÌŒLÌŒNLŒLLŒNŒM‹Ì—ÌWÎŒŒŒÎŒLŒÌŒÎLŒÌÍŒŒÌLŒNLŒŒLŒNŒMËÌ—ÌWÎKŒŒŒLŒÌŒÌÍŒÌLŒÍŒŒLŒNŒNÌ—ÌWÎLŒŒÌÌLŒÌŒŒŒŒÍŒŽŒŒÌÌÌŒÌŒNŒNKÌ—ÌWÎLKŒÌŒÍÌÌŒŒŒÎNLŒNLŒÍLŒŒNLŒNŒŒÌ—ÌWÎL‹ŒLŒMŒNLŒŒLŒŒLŒNŒNŒŒKÌ—ÌWÎLËŒŒLŒLŒÎMŒŒŒŒŒŽNLŒŒŒŒŒŒNŒŒ‹Ì—ÌWÎMŒÌLŒÎLLŒÌŒŒÌŒÌLŒŒÍÍÌŒÎŒNŒŒËÌ—ÌWÎMKŒÍŒŒÎÌŒŒÍŒLÌLŒŒÌŒMÌLŒŒÍLŒNŒÌ—Ì—ÌŒÍLŒÌŒŒLÍÌLŒŒMÌŒLŒLÌLŒÍÌŒNŒKÌ—Ì—ÌKŒŒMŒLŒÌŒŒŒŒŒŒÌLŒÎŒLÌLŒŒNŒ‹Ì—Ì—Ì‹ŒÍÌLŒMÌŒMŒÌŒŒŒLMŒLŒÌLŒLÌŒNŒËÌ—Ì—ÌËŒLŒNŒMMLŒŒMLŒŒÌÌLŒLŒNMŒŒLŒNŒŽÌ—Ì—ÌŒLŒNŒLŒŒŒŒLŒÌÌŒÍÌLŒŒŒNŒŽKÌ—Ì—ÌKŒLŒLLŒLÌŒŒŒÌŒŒŒÌŒŒLŒŒNŒÌÌ—Ì—Ì‹ŒÌŒŒLŒMŒLŒMLLŒŽLŒLLŒMŒŒNŒÌKÌ—Ì—ÌËŒMLŒÍLŒMÌŒÌŒMLŒÍŒMLŒMŒNŒÌ‹Ì—Ì—ÌŒÌŒŒNLŒMMÌÌŒŒLÎLŒLLŒÌŒLŒNŒÌËÌ—Ì—ÌKŒÎLŒÎLŒMŒŒŒŒŒŒLŒNŒMÌŒMÌŒNŒÍÌ—Ì—ÌLŒŒŒŒŒLÍŒÍÍÌŒLÍLLŒMÌŒLŒŽŒNŒÍKÌ—Ì—ÌLKŒÌŒÌŒLŒÌŒŒMÌŒÌŒMLŒÍŒŒNŒÍ‹Ì—Ì—ÌL‹ŒŽŒŒLŒMNŒŽLŒNÌLŒÌŒLŒŒLLŒNŒÍËÌ—Ì—ÌLËŒŽLŒNŒMŒMŒLŒLŒMÌŒŒLÌŒMŒNŒÎÌ—Ì—ÌMŒŽNLLŒŒMÌŒŒÌŒMLÌŒŒÌŒMŽLŒÍŒŒNŒÎKÌ—Ì—ÌMKŒŽÌLŒÍŒŒMÎŒMÎLŒŽMŒLŒLŒNLLŒMÌŒNÌ—Ì—ÌM‹ŒÍLŒÍÌŒNLŒŒŒÌŒŒŒÌŒLÍÌŒÍŒNKÌ—Ì—ÌMËŒÌÌŒNŒMÎLŒMÎLŒMÎŒLŽLŒNLŒNŒN‹Ì—Ì—ÌNŒŒŽŒÌŒMMŒŒNNŒNLŒŒŒNLŒŒŽŒNËÌ—Ì—ÌNKŒŒLŒÍŒMŽLŒLŒÌŒÌMŒŒNMÌŒŒŒLŒMÌŒNÌ—Ì—ÌŒŒÌLŒÍLŒMŽŒMŒÌŒLŒMŒŒLLŒŒNKÌ—Ì—ÌŒKŒŽMLŒŽLŒMÍŒMŒÌŒŒLLŒNLŒMMŒŒN‹Ì—Ì—ÌŒ‹ŒMŒNLŒNLŒNMŒŒLÌŒLŒŽŒLÌŒŒLŒŒNËÌ—Ì—ÌŒËŒŒŒŒŒŒŒÌŒŒLŒLŒŒÌŒLÌÌŒNÌ—Ì—ÌŒŒÌÌŒLÍŒŒNLŒŒLLŒLMÌŒŒŒMŒŒLŒŒNKÌ—Ì—ÌKŒŽLLŒÌŒŒŽŒÎLŒÌLÌŒŒŒÌÌŒŒÌÌŒNLÌ—Ì—Ì‹ŒÌŒÌŒŒNMÌŒMÍŒŒŒŒŒLŒMŒŒNMŒŒŒNLKÌ—Ì—ÌËŒÌŽŒNLŒŒNLŒLÍLŒÍŒŒMLŒÍÌŒŒMŒŒNL‹Ì—Ì—ÌŽŒÌLŒŒLLŒMŒÌLŒLŒŒÍŒŒÌÌŒNLËÌ—Ì—ÌŽKŒÌÍÌLŒLŒÍŒLMŒŒÍÌŒLÍŒŒŽLŒŒLŒNMÌ—Ì—ÌÌŒŽŒÎŒŒLŒŒNLŒŽLLLŒÎLŒMŒLŒNÌŒNMKÌ—Ì—ÌÌKŒÌŒLŒŒŒŽŒLMLÌŒŒÌŒŽLŒNM‹Ì—Ì—ÌÌ‹ŒÌÌŒÌÌŒŒNŒŒÍŒÍÌÌŒÌŒŒŒŒŒNMËÌ—Ì—ÌÌËŒÌLŒŒŒŒLŒÌŒÌLŒLLŒŽŒNŒNNÌ—Ì—ÌÍŒÎLŒNŒÌLŒMÌŒŒÍLŒÍLŒŽŒLMÌŒNNKÌ—Ì—ÌÍKŒŽLLŒLŒŽLŒLMŒLLŒLÌÌŒÍLŒŒLŒNŒÌ—Ì—ÌÍ‹ŒÍÌLŒŒŒŒŒLŒNNLŒÍNLŒŒŒŒLŒLŒNŒKÌ—Ì—ÌÍËŒÌMÌŒMÌŒŒÎLŒLNLŒÍÌŒÌLŒÌŒNŒ‹Ì—Ì—ÌÎŒÌŒŒLŒLŒNŒŒÎMŒŒŒŒÌÌŒŒMÌŒNŒËÌ—Ì—ÌÎKŒÌLŒLŒŒŒŒMÌÌŽŒÎŒÌÌLŒŽMÌŒNÌ—Ì—ÍŒÍÌŒLŒÌLÌŒLÌÌŒÌŒMÌŒÎŒŒÌŒNKÌ—Ì—ÍKŒÍŒŒŒÎŒÌLŒMÎLÌŒMŒÍÌŒŒNLŒN‹Ì—Ì—Í‹ŒŒŒŒŒLŒŽŒŒMLŒMÌŒLLŒNŒNËÌ—Ì—ÍËŒÌŒLÌŒÌÌŒNLLŒLNŽŒMÌŒNŽÌ—Ì—ÍŒÍÌÌLŒÎLŒŒLLÌÍÌŒŒŒMŒMŒLŒNŽKÌ—Ì—ÍKŒÌÌÌŒLNŒNLŒŒLŒŒŒMŒŒŽLŒNÌÌ—Ì—Í‹ŒÌŒŒÌÌŒÌŽLŒMLMLŒMLŒÌLŒMŽLŒNÌKÌ—Ì—ÍËŒÍMŒLŒLLŒÌNLŒŒMŒŒÍŒŒŽLŒMÌŒNÌ‹Ì—Ì—ÍŒŽMŒŒÍŒŒÌMŒŒNNLŒÎŒŒÌLÌLŒŒŒNÌËÌ—Ì—ÍKŒÌÎLŒLŒŒÌŒÌŒŒLÌMŒÌÌŒÎMÌŒŒLŒNÍÌ—Ì—ÍLŒÍŽLLŒŒÌŒŒNLMŒŒŽŒÌÎLŒŒŒNÍKÌ—Ì—ÍLKŒÍMŒŒŽLŒŽMÌŒŒÌŒŒÌŒŒÎMÌŒŒŒŒNÍ‹Ì—Ì—ÍL‹ŒÍÍÌLŒÍLŒÍÌŒNLŒÍLŒÍŒŒÍÌŒNÍËÌ—Ì—ÍLËŒÍÍLLŒÎŒÍŒŒŒŒŒÍLŒMLŒMÌŒNÎÌ—Ì—ÍMŒÎLLŒÍLŒŒMÍMŒŒŒÍLLŒNLŒNÎKÌ—Ì—ÍMKŒÍÎŒÌÌŒÎLŒŒMLŒLLLÌŒLŒÌŒNŽÌ—Ì—ÍM‹ŒÎMLLŒÌŒÍŽLŒŒLMŒŒÌŒŽMLŒÌŒÌŒNŽKÌ—Ì—ÍMËŒŒÌÌŒÍŒŒŒÍÌLŒLŒÍÎLŒÌNLŒNŽ‹Ì—Ì—ÍNLÌLŒÌŒŒMŒŒLŒŒŒŒÌŒLŒNŽËÌ—Ì—ÍNKÌŒÌŒŒÍŒŒÌMÎLŒÌŒNŽÌ—Ì—ÍŒLLŒLLŒŒMMLLMLŒNLMLŒNLLŒNŽKÌ—Ì—ÍŒKMŒLŒŽLLŒŒLMŒŒŒLNŒŽŒNŽ‹Ì—Ì—ÍŒ‹ŒŒLMŒÌŒŒMÍŒMŒŒŒMŒMLŒNŽËÌ—Ì—ÍŒËLLŒÍNLŒŒNLMLŒMNNLŒŒMÌŒNŽÌ—Ì—ÍŽLLŒMNŒNMŒNŒMLLŒŒŒŒNŽKÌ—Ì—ÍKÌÌLŒŒŒLŒÌLÌLŒLÌLMŒÎMŒŒNŽLÌ—Ì—Í‹ŒLŒŒÍŒŒNLLŒMŒÌŒMMÌŒNŽLKÌ—Ì—ÍËŒLŒNLŒLŒŒLNÌŒŒNLŒÎLŒNŽL‹Ì—Ì—ÍŽMLLŒŽÍÌŒŽMLŒŽLŒMÌŒŒNŽLËÌ—Ì—ÍŽKLLLŒÌŒŒNLLÍLŒMŒŒÍÌŒÎLŒNŽMÌ—Ì—ÍÌLLŒNNLŒÌÌŒLLŒLNLŒLŒNŽMKÌ—Ì—ÍÌKŒLŒŒLÌŒŒLÍŒŒMLÌŒÌŒŒNŽM‹Ì—Ì—ÍÌ‹MŒŒÌLLÌŒÍLÌLŒLÍLŒŒÌŒŒNŽMËÌ—Ì—ÍÌËLNLLŒLLŒŒÌLŒŽŒLŒÌNNLLŒNŽNÌ—Ì—ÍÍŒLŒLÌLLŒŽLŒLÌLŒŽÍMŒŒMŒŒNŽNKÌ—Ì—ÍÍKŒLŒMŽLLÌŒŒLLŒÌŒLŒLŒÌÌLŒNÌÌ—Ì—ÍÍ‹ÎLŒŒLMŒŒÍÌŽLŒNÎŒŒMNŒNÌKÌ—Ì—ÍÍËŒLŒMŒMLÌŒMŒLLLŒÌLÌŒŽLŒNÌ‹Ì—Ì—ÍÎŒLŒLLÍLŒŽNMLLŒNLÌŒMLŒNÌËÌ—Ì—ÍÎKÌŒŒMŒŒMÌLLNŒŽLŽŒŒÎLŒNÌÌ—Ì—ÎLŒŒŒŒŒŒŒÌLŒNÌÌŒMŒLŒNÌKÌ—Ì—ÎKLÌLŒMLLŒÌŒNLŒŒÍLŒLÌLÎLŒÌŒNÌ‹Ì—Ì—Î‹ÍLLŒÍMŒŒŒÍÌLŒLŒNLMLŒNÌŒNÌËÌ—Ì—ÎËLLŒMLMŒŒŒŒLÌNLLŒLMMÌŒŽŒNÌÌ—Ì—ÎLLLŒLŒLNLLŒNLNLÌLŒNLŒÌŒLŒNÌKÌ—Ì—ÎKÎLŒÌNLŒMLLŒÎŒŒMÌŒMŒŒŽLLŒNÌLÌ—Ì—Î‹LMLŒLLNLŒMLŽÎLŒMLÍÌŒMÌŒNÌLKÌ—Ì—ÎËLLÌLŒLÌLMÌÌŒMÌÍÎŒLŒŽLŒÎLŒNÌL‹Ì—Ì—ÎŒLŒÎŒÍŒŒÍÌŒŒLÌŽÌŒÌŒNÌLËÌ—Ì—ÎKLMÌLŒÍŒŒÌŒLŒLŒLŒŒŒMŒNÌMÌ—Ì—ÎLLŒLŒÌÌŒÎŒMÌMŽLŒMŒÍLŒMMŒŒNÌMKÌ—Ì—ÎLKLLLŒMÌŒŒLMŒMŒŒMÍLÌLŒŒŒÎŒNÌM‹Ì—Ì—ÎL‹LLÌLŒÎLŒŒNLLLLÌŒŒŒŒŒŒMÎŒNÌMËÌ—Ì—ÎLËŒLŒLŒÌŒLÌLLŒŒÍLŒÍÌŒNŒNÌNÌ—Ì—ÎMŒLŒÌÌŒLLŒLÌŒŒŽLŒÎÌLÌŒMLŒNÌNKÌ—Ì—ÎMKLLŒLLŒŒNŒŒŒMLŒÌŽŒŒÍÌŒNÌŒÌ—Ì×ÌLŒLŒLŒLLLŒÌLLŒÌŒLŒLÎLŒMŒLMŒLŒŒNÌŒKÌ—Ì×ÌKLŒMÌŒLLŒÌÌŒŒLŒLLLŒŒLŒÌÌLŒMŒŒNÌŒ‹Ì—Ì×Ì‹LŒLÌLŒŽLLLŒÌÍLŒŒLŒŒŽLLŒLLMLLŒŒNÌŒËÌ—Ì×ÌËLŒMLŒLÌLŒÌÍŒŒÌLŒMŒLŒNŒLÍŒLŒMŒNÌÌ—Ì×ÌLŒŒŒLÎLLŒÌÌLŒÌLŒNLŒLŒLLLŒMLŒNÌKÌ—Ì×ÌKLŒMŒMLÌLŒÍŒŒLŒLÍLŒLLLŒÌÌÌLŒŒŒNÌ‹Ì—Ì×Ì‹LŒLMŒÌLŒÍŒLŒÌŒLŒMLŒÎLMŒLŒÌLŒNÌËÌ—Ì×ÌËLŒLŒÌŒLÍŒLŒÌÎLŒŒÌLŒNLLŒMLLŽLLŒMLÌŒNÌŽÌ—Ì×ÌLŒLLŒŒLMÌLŒÌÍLŒÌŒLŒÎLŒÎLMÌŒŒNÌŽKÌ—Ì×ÌKLŒLÍŒŒŒLLŒÍMLŒLLŒLLŒLŒÍÌLŒMŒNÌÌÌ—Ì×ÌLLŒLLLŒLŒÍLŒLLŒNLLŒŒLLNLŒŒŒNÌÌKÌ—Ì×ÌLKLŒMÌŒLÌLŒÍŒŒÎLŒLŒÎLLŒÎMLŒÍŒNÌÌ‹Ì—Ì×ÌL‹LŒLŒŒŒÌLŒÌÍLLŒŽLLŒLNLLŒÎLLMLŒŒLŒNÌÌËÌ—Ì×ÌLËLŒLŒŒLLLŒÌŽŒŒLŒLÌLŒŽLLŒÎLŒMŒNÌÍÌ—Ì×ÌMLŒLLŒŒLŒLLŒŒÌLŒŒŒŒLŒMŒŒŽLŒNŒNÌÍKÌ—Ì×ÌMKLŒLLÌLŒŒLŒLŒLŒÎLLŒLLŒLŒÍÌLŒMÌŒNÌÍ‹Ì—Ì×ÌM‹LŒMŒŒŒLŒÍÍLŒŒLŒÌLLŒLÌLŒNNLŒLŒÌŒNÌÍËÌ—Ì×ÌMËLŒLNŒLLŒÍŒŒŒŒŒLŒLLŒLŒŒNÌÎÌ—Ì×ÌNLŒLŒLŒLŒÌÌŒŒÌLŒŒLLŒLÌLŒÌÌLŒLÌŒNÌÎKÌ—Ì×ÌNKLŒLŒLŒŒLŒÌÌŒNLŒLŒÌLŒÍLLŒŒÌŒNÍÌ—Ì×ÌŒLŒLÌŒŒŒLLŒÌÎLŒÎLŒNLNLŒLŒŽNLLŒNŒŒNÍKÌ—Ì×ÌŒKLŒMLLŒMÌLŒÌÍŒÌŒLŒÌŒŒŒLŒÍÌŒŒMŒNÍ‹Ì—Ì×ÌŒ‹LŒŒŒMLLŒÍMŒÍŒLŒÌLŒMLŒŒMŒLŒMÌŒNÍËÌ—Ì×ÌŒËLŒÌLŒLLLŒÌŒÌŒLŒLLŒLŒÍÌLLŒMLŒNÍÌ—Ì×ÌLŒMŒŒLLLŒÌÌLŒŽLŒŒLLLŒÍLLŒŒNÍKÌ—Ì×ÌKLŒLŒLŒLLŒÍŒÍŒLŒLLŒLŒŒLŒÍÎŒLLŒNÍ‹Ì—Ì×Ì‹LŒMÌŒNŒLŒÌÌÌŒŒLŒŒÌLŒMÎLŒÍÌLŒŒLÌŒNÍËÌ—Ì×ÌËLŒŒÌLŒŒLŒÌÌŒÌŒLŒMLŒLLLÌŒMLŒNÍÌ—Ì×ÌŽLŒÌŒLÌÌLŒÌÍŒŒLLŒLLŒMLLŒŽLLŒŒŽLŒNÍKÌ—Ì×ÌŽKLŒŒLLŒLÌLŒÌLLLŒNLŒLŒLLLŒÌÌŒŒÌŒNÍLÌ—Ì×ÌÌLŒMŒMÌLŒÌNLŒÎLŒÌLŒÌLLŒŒMÌLŒMŒŒNÍLKÌ—Ì×ÌÌKLŒÌLŒŒLŒŽLLŒÌLŒÌLŒMÌLŒÍNŒLNŒNÍL‹Ì—Ì×ÌÌ‹LŒÍŒLŒLŒÌŒŒÍLŒLLŒLLŒÌLŒMMÌŒNÍLËÌ—Ì×ÌÌËLŒÌLŒLLLŒÌMLŒŒLLŒLŒŒLLLŒÌÍÌŒŒŒNÍMÌ—Ì×ÌÍLŒLŒÌÌLŒLLŒŒLŒŒŒLLMŒLŒLŒNÍMKÌ—Ì×ÌÍKLŒŒŒÍLŒŽLLŒLLŒŒLLLŒŽŒŽLŒNÍM‹Ì—Ì×ÌÍ‹LŒLÌŒMŒLLÌLŒNLŒŒŒŒŒLŒÍÍÌLŒLŽLŒNÍMËÌ—Ì×ÌÍËLŒŒŒMLŒŽNŒLŒLLŒMLŒŒNLŒÌÌŒNÍNÌ—Ì×ÌÎLŒLŒLNLLŒÌŒŒÍŒŒŒÎLŒÌLŒŒŒŒŒNÍNKÌ—Ì×ÌÎKLŒÌŒŒŒLŒÌLLŒLŒÌLŒMÌŒLŒLŒÍLŒLMŒNÍŒÌ—Ì×ÍLŒLŒŒÌÌLŒÌLŒLŒŒŒÌŒÌLŒÌMLLŒMŒNÍŒKÌ—Ì×ÍKLŒÍÌŒLLŒÌÌŒMŒŒLŒŒÌLŒŽLŒŒÌŒNÍŒ‹Ì—Ì×Í‹LŒÍÌŒÌLŒÌŒMLLLŒMÌLŒMLŒNLŒŒÌŒNÍŒËÌ—Ì×ÍËLŒŽLLŒLŒÍÌŒLÌLŒÍŒLŒŒLŒŽMŒŒMŒNÍÌ—Ì×ÍLŒLŒŒLLŒÌÌŒNÌLŒLÌŒŽLŒŒŽLLŒŽLŒNÍKÌ—Ì×ÍKLŒLŒŒLŒLLŒLŒLŒMŒLŒMÎLŒŒLŒNÍ‹Ì—Ì×Í‹LŒLLŒÍLŒÌŒŒMÌLŒMŒÍLLŒŒNLŒŒŒŒNÍËÌ—Ì×ÍËLŒŒŒLŒLLŒLŒMŒŒLŒŒLŒŒÍLŒLŒNÍŽÌ—Ì×ÍLŒNLŒÍÌLŒŽŒŒLŒLŒNŒŒÌLLŒŒÌLŒŒŒNÍŽKÌ—Ì×ÍKLŒŒŒŒLLLŒŒŒLŒLÍŒLŒŒÍLŒŒNÍÌÌ—Ì×ÍLŒÌLŒLLŒŽÌŒLLÌŒÎLLŒLLŒŒLŒNŒNÍÌKÌ—Ì×ÍLKLŒŒŒLŒLŒMŒLÍŒŒLMŒŒMÍLLŒMÌŒNLŒNÍÌ‹Ì—Ì×ÍL‹LŒŒÌLŒÍLLŒMŒŒMLLŒLLŒÍLLŒŒÌŒNÍÌËÌ—Ì×ÍLËLŒLLŒMŒLŒŒÌŒNŒŒŒŒŒŽLLŒLLŒÍLŒNÍÍÌ—Ì×ÍMLŒÎLŒŒLŒŒŒMMLLŒMÎŒLLLŒNNLŒLŒŒNÍÍKÌ—Ì×ÍMKLŒÌŒLLŒŒŽLŒNÌŒLÌŒLŒLÍŒÌLŒNÍÍ‹Ì—Ì×ÍM‹ŒÌÌŒLLLŒŒNŒMŒLŒNLŒNŒLŒLÌŒLLŒNÍÍËÌ—Ì×ÍMËŒÌLŒNLŒŒŒŒŒŒŽŒLÍÌŒLŒLŒŒŒLLŒNÍÎÌ—Ì×ÍNŒŒŒŒLŒŒŒŒMÌLLŒMŒLŒLLŒÌÌLŒŒŒNÍÎKÌ—Ì×ÍNKŒÌÌŒÌLŒNMŒLÍŒŒŒMŒÍÌLŒNLLŒLLŒNÎÌ—Ì×ÍŒŒLŒLÌLŒNMŒŒMŒLŒMÌŒMLLŒNLLLŒŒŒNÎKÌ—Ì×ÍŒKŒŒŒŒŒLŒMŒŒŒÍŒŒMMŒŒŒLLŒLMÌŒŽLŒNÎ‹Ì—Ì×ÍŒ‹ŒŽLŒLŒÍÌŒMLŒÍÌLŒŒŒLŒLLŒLLŒNÎËÌ—Ì×ÍŒËŒŒŒLLŒMŒŒLÌLŒLŒÌLŒÌÌLŒÌŒNÎÌ—Ì×ÍŒŒŒLŒMÌŒMÌŒŒŒÌŒNÌLŒÌŒLŒÍÌÌŒNÎKÌ—Ì×ÍKŒÎLŒMLŒMŒŒNLŒLÌŒMÍŒÌŒŒNÎ‹Ì—Ì×Í‹ŒÌÌŒŒLŒLÍÌŒNNŒNMÌŒMÌLŒŒLŒŒLŒNÎËÌ—Ì×ÍËŒŒLŒLMLŒMLŒŒŒŒÌŒŽŒLLŒNÎÌ—Ì×ÍŽŒŒŒLÌLŒLLŒŒMŒŒNLLŒLÌLŒNÌLŒLŒNÎKÌ—Ì×ÍŽKŒMÌŒMLLŒMŒLLŒŒÍŒLÌŒNLŒMŒNÎLÌ—Ì×ÍÌŒLŒŒÎLLŒLŒŒNLŒŒŽLLŒÌŒLLŒÌLŒNÎLKÌ—Ì×ÍÌKŒLŒLŒLŒNŒMLŒMÍŒŒNŒLŒMŒÌŒNÎL‹Ì—Ì×ÍÌ‹ŒLŒLŒMÌLŒÎŒŒLLŒMŒŒŒLÍŒŒLLŒNÎLËÌ—Ì×ÍÌËŒLLŒLÌLŒÌŒMÍŒŒŒŒŒÍŒŒMLŒNÎMÌ—Ì×ÍÍŒLÌÌŒÌLŒLLÌŒŽLŒMÌLŒÌLLŒÌŒLŒNÎMKÌ—Ì×ÍÍKŒLMLŒLLLŒŽLŒNLLŒMLŒLÌŒLÌŒÍÌŒNÎM‹Ì—Ì×ÍÍ‹ŒLŒŒŒLŒLŒŒŒNLŒŒŒLŒÌŒLŒŒŒNÎMËÌ—Ì×ÍÍËŒLÌLLŒLLŒÎŒLMŒNNŒLŽŒLLLŒÌŒŒNÎNÌ—Ì×ÍÎŒÍÌŒLLLŒLŒŒŒÎLLŒLŒŒŽLLLLŒNÎNKÌ—Ì×ÍÎKŒLÌŒŒLLŒÍÌŒLÎLŒÌLŒŒŒÍŒLŒNÌ—Ì×ÎŒLLLŒMŒÌLŒLÎLŒŒŒŒNLLLŒLLŒŒŒŒŒLLŒŒNKÌ—Ì×ÎKŒŽŒŒLÌLŒNLŒLÍLŒLŽLŒÌLŒŒŒLÌŒN‹Ì—Ì×Î‹ŒMŒŒLÌLŒŒNŒÍLŒMLŒŒŒŒMŒNËÌ—Ì×ÎËŒMŽŒÌLŒŒŒNLŒŒLÌŒLLŒŒMŒŒLÍŒŒNÌ—Ì×ÎŒNLŒNŒLLŒŒLŒLŒLLŒLÌLŒLÌŒNKÌ—Ì×ÎKŒNŒÌŒLÌŒŒÌŒŒÎŒÌŒŒMÌŒNLŒN‹Ì—Ì×Î‹ŒNŒŒŒŒMLŒNÌLŒŒMLÌŒŒŒŒNËÌ—Ì×ÎËŒMŒŒÌŒŒŒŒŒÌŒLŒŒLŒŽŒLLŒNÌ—Ì×ÎŒLŽLŒMÎLŒLŒLÍÌŒÌLLŒLLLŒÌÌŒÌŒNKÌ—Ì×ÎKŒMŽLŒÍLŒŒMÎLŒŒÌŒLŒLÍŒŒŒŽŒMŒŒNLÌ—Ì×ÎLŒŒLŒLŒÌŒŒŒLLLLŒŒÌŒNÌLŒŒNLKÌ—Ì×ÎLKŒLŽLŒLŒŒŒŒŒŒLŒŒŒŒLÌŒMŒLŒŒÌŒNL‹Ì—Ì×ÎL‹ŒLÎŒMŒŒÍLŒMŒÍŒLŒŒŒŒLŒÌŒNLËÌ—Ì×ÎLËŒMÌLŒŒŽŒMÍÌŒÎLLŒÌŒMŒÌŒÌŒNMÌ—Ì×ÎMŒŒMŒŒLŒLÌŒMÍŒLLŒÎLŒLNLLŒŒNMKÌ—Ì×ÎMKŒMÎLŒLŒLNŒŒŒLŒÍÌLŒNLLŒMLÌŒLŒNM‹Ì—ÍÌŒMÌLLŒŒMÌŒÍLŒŒLŒLLLŒŒNMËÌ—ÍÌKŒLÌLŒŒÌŒMŒÌŒÌŒLŒNÌLŒŒŒNNÌ—ÍÌ‹ŒMMÌMÌÌLŒMŒLŒLLLŒMÌÌLLŒŒŒLŒÌŒNNKÌ—ÍÌËŒLÎŽLLLŒMMŒŒŒÎŒLŒŽLLŒMMLŒLŒŒNŒÌ—ÍÌŒNLMŒLLŒNMLŒLŽŒLLÌLŒŽŒLŒŒNŒKÌ—ÍÌKŒMNLŒLŒNMÌŒMŒLLŒÌMŒLŒMLŒÌŒNŒ‹Ì—ÍÌ‹ŒMMNLÌLŒMÎŒLLLŒŒLLLŒŒÌŒŒNŒËÌ—ÍÌËŒLÍŒŒÌLŒNÌŒŒLŒÌÍŒLŒLLLŒMŒŒNÌ—ÍÌŒLŒLŒLŒNLŒŒLÌLŒLŒŽNLLŒNLŒÍŒŒNKÌ—ÍÌKŒNLLLŒLŒNMLŒŽNLŒMÍLÌLŒMÍŒLŒÌŒN‹Ì—ÍÌLŒMLÌLŒMÍŒŒŒÍŒÌÍLLŒŒŒLŒŒÌŒNËÌ—ÍÌLKŒLÎLŒLŒNÌŒŒÌÌŒLMŒŒÍÍLLŒLÎLLŒŒLŒNŽÌ—ÍÌL‹ŒMŒŒŒLŒMŒÌŒŒLŒLLŒŒÍLLŒLLŒMLŒNŽKÌ—ÍÌLËŒMLNÌLŒMMÌŒŒŒŒMLÌÍÌLŒMŒLŒMLŒNÌÌ—ÍÌMŒMÌÎLŒMLÌŒŒÍŒLŒŒŒŒÍLŒŽLŒLŒLŒNÌKÌ—ÍÌMKŒMLLŒLŒMLLŒŒÌŒMÌLŒMLLŒLŒŒNÌ‹Ì—ÍÌM‹ŒMÌLÎLŒMÍLŒÍÌLŒÌŒÍLLŒMMŒŒÌŒNÌËÌ—ÍÌMËŒLÎNLLŒMŒŒLŒŒNŒŒÌŒŒLŒNLLŒLÌŒNÍÌ—ÍÌNŒLÎLMLŒLŒÌŒŒŒŒÍŒŽÌLŒMÌLŒÌLŒNÍKÌ—ÍÌNKŒLÎMMLLŒMLŒŒÍŒŒÌÍÌLŒLŒLŒŒŒNÍ‹Ì—ÍÌŒŒLLMŒLŒMMÌŒMLLŒLLŒÌLŒMLÌŒÌÌŒNÍËÌ—ÍÌŒKŒMLLŒLŒŒÎŒMŒÌLŒMLLŒÍÌŒNÎÌ—ÍÌŒ‹ŒMLÌNŒLŒLŽŒLŒLŒLŒŒLŒNLŒNÎKÌ—ÍÌŒËŒMÌLLLŒLLŒNMŒŒŒŒŒÎŒLŒMLŒLŒŽLŒNÌ—ÍÌŒMLÌŒLŒLÌLŒÎLLŒŒLÎLLŒMÌLŒÌŒNKÌ—ÍÌKŒMLLLŒLŒŒLŒMÌŒŒLŒLŒŒŽLŒN‹Ì—ÍÌ‹ŒLNŒŒLLŒLŒÍÌŒŒÎLŒLŒLŒMLŒNËÌ—ÍÌËŒMLLŒÍŒŒÌŒŒÍÍÌLŒŒŒMŒŒNÌ—ÍÌŽŒLLNLLŒLMÌŒÌÌŒŒŒÌŒLŒLLŒŒŒNKÌ—ÍÌŽKŒMLLMLLŒLŒNÌŒMLŒÎLŒLŒÌŒÌLŒN‹Ì—ÍÌÌŒMLNLLŒÌŒŽÌŒÎŒÌÌÌLŒMÌLŒÍŒNËÌ—ÍÌÌKŒMŒŒLÌLŒŒLŒMÌŒŒŒŒÌÎLLŒLÌŒLLLŒNÌ—ÍÌÌ‹ŒMŽLŒŒLŒÍÌŒŒŒŒMMŒLŒÍLŒLŒNKÌ—ÍÌÌËŒMLMŒLŒMLŒŒŒÍLLŒŒŒŒNLÌ—ÍÌÍŒLÎLMÍÌLŒLLŒÌÌLŒÎŒÍÌLŒŒŒLŒNLKÌ—ÍÌÍKŒMŒNLLŒÍLŒLŒŒLŒLŒLLŒMÍLŒNL‹Ì—ÍÌÍ‹ŒMLŒŒŒLŒÍŒÌLŒMŽLMŒŒMLŒLLŒNLËÌ—ÍÌÍËŒLÍŒNLŒNŒŽÌŒÍÌLŒÍŒŒŽŒŒNMÌ—ÍÌÎŒMŒŒŒŒLŒŒÌŒŒNMŒŒÎLLŒŒÌŒMLŒŒNMKÌ—ÍÌÎKŒMLMÌLŒÍŒŒÌLŒŒŒÍÌLŒŒÌŒŒÌŒNM‹Ì—ÍÍŒNMÌLLLŒŒÍLŒÌÌŒŒLŒMLÌŒŒŒNMËÌ—ÍÍKŒMNLMŒÌŒŒÎŒÌŒÍÎLŒÎŒNŒNNÌ—ÍÍ‹ŒMŽLMÌLŒÌŒŽŒŒÍÌŒÌŽLŒŽÌŒMŒNNKÌ—ÍÍËŒMLMŒŒMLŒÌŒMÌŒLŒŽLŒÌŒNŒÌ—ÍÍŒNNLŒÎŒLŒLÌŒÌŒŒŒŒŽMŒŒŒÍŒMLÌŒNŒKÌ—ÍÍKŒMMLLŒŒLŒLŒNLŒÌÎŒÎŒLMLŒNŒ‹Ì—ÍÍ‹ŒNLLÍŒŒŒŒŒŽŒÌLŒNLLŒŒLŒNŒËÌ—ÍÍËŒMŒÌNMÌŒLŒLŒNŒŒŒŒŒŒŒNLŒNÌ—ÍÍŒMÍŒÎLLŒŒÌLŒŒŒŒŽMLŒMŒŒÌLŒNKÌ—ÍÍKŒLÌMLŒMŒŒÌŒŒÌŒŒŒLŒŒNÌŒNLŒN‹Ì—ÍÍLŒŒLÌŒŒLŒŒŒLŒŒŒLŒŒŒMŒŒNËÌ—ÍÍLKŒNÌLÌŒŒŒŒŽMLŒŒÌŒŒŒŒÌŒLŒŒŒNŽÌ—ÍÍL‹ŒŒLŒÍÌŒŒÌŒNŒÍŒŒÍŽŒLŽŒLÌÌŒNŽKÌ—ÍÍLËŒNÌŒŒMÌŒÍŽŒŽMŒLLŒMŒŒÌLŒNÌÌ—ÍÍMŒŒÍÌŒÍÌŒŒÍÌŒNŒŒÌŒŒŒMŒŒLNLŒNÌKÌ—ÍÍMKŒŒLLŒÌLŒÎŒŒÌÌŒNMŒŒŒŒMÌÌŒNÌ‹Ì—ÍÍM‹ŒŒLÌŒÍNLŒÎLŒŒŒMÌŒÌLLLŒLŒMÎLŒNÌËÌ—ÍÍMËLŒLLLNLŒLLŒÍŒLŒLŒMŽLŒMÌŒLŽLŒNÍÌ—ÍÍNŒŒÌŒÌLŒLŒŒLŒLLŒŒÌLŒÌŒMŒŒNÍKÌ—ÍÍNKŒÌMŒŒLÎLŒÍÍŒŒŒŒŒŒŒMÍÌŒŒŒNÍ‹Ì—ÍÍŒŒŒLLŒÌÎLŒLŒŒÍŒLŒMLŒMŒNÍËÌ—ÍÍŒKŒMÌÌŒŒLŒÎŒÌLŒLLŒÌŒLŒNÎÌ—ÍÍŒ‹ŒŒNLŒLÍÌŒÎŒŒLŒÌMŒŒÍMLŒMŽLŒNÎKÌ—ÍÍŒËŒNNMŒLÎLŒÍÌÌŒÌŒLŒLMÌŒÌŒŒNÌ—ÍÍŒŒÌÌŒÍÍŒMMÌŒÌLŒŒLŒÌÌÌŒŒŒMÌŒŒNKÌ—ÍÍKŒMÌÌÎŒNNLŒÍÌŒNLLŒÌLŒÌŒNŒN‹Ì—ÍÍ‹ŒNŒMLLŒŽLŒŒŽMÌŒLŒNËÌ—ÍÍËŒŒMŒÍLŒNLŒŒŽŒŒŒŒŒÍŒŒŽŒNÌ—ÍÍŽŒŒŽLŒÍÌŒŒMŒŒŒŒLŒŽŒŒNMÌŒNKÌ—ÍÍŽKŒŒÌÎLŒŒÌŒÌLŒŒŒNŒŽŒÍLÌŒŒÌŒN‹Ì—ÍÍÌŒÌŒÍMÌŒMMÌŒÌŒÌÌŒŽLLŒÍŒŒLŒNËÌ—ÍÍÌKŒŒMÌŒÎMLŒMMŒŒŽŒLŒŒŽLŒMŒŒŒNÌ—ÍÍÌ‹ŒMÌÌLŒŒLŒÍÍŒŽÌŒLÎŒÌNLŒLLŒNKÌ—ÍÍÌËŒŒŒÍÌLŒŒŒŽLMŒŒŒŽMŒÍNLŒŽLŒNLÌ—ÍÍÍŒŒÎLŒŒLŒÌMÌŒÌŒÌŒLŽLŒLÍLŒNLKÌ—ÍÍÍKŒŒLŒÍŒŒLLŒŒÌŒŒÌMLŒLLÍŒMÌŒNL‹Ì—ÍÍÍ‹ŒŒLÍMÌŒŒŒÎŽŒŒLLÌLŒÌŒŒNLËÌ—ÍÍÍËŒŽMLŒMLŒŒÌŒLŒÌLŒŒŒŒLŒÍÌŒLŒNMÌ—ÍÍÎŒŒÌŒŒŒÌŒŽÌŒNMLŽLŒŒŒŒNMKÌ—ÍÍÎKŒŒŒÌŒŒŒŒŒŒMÎLŒÎŒÍŒŽŒLÍŒNM‹Ì—ÍÎŒŒLLŒÌŒŒÌŒNŒŒÍŒLLLÍŒŒÌŒNMËÌ—ÍÎKŒŒLŒÎLŒŒŽŒŒŒLŒŒŽLŒŽLŒLŒÍŒNNÌ—ÍÎ‹ŒŒÌŒŒÌÍÌŒŒÌLÌLŒŒÌLLLŒÍŒNNKÌ—ÍÎËŒŒLŒŽMŒŒŒNŒŒÌÌŒŒNLÌ—ÍÎŒŒÍŒÍŒÌLŒLLLŒLŒŒŒLŒŒŒNLKÌ—ÍÎKŒŒLŒÌŒLŒŒLŒÎLLŒŒLŒLŒŒÌŒNL‹Ì—ÍÎ‹ŒŒÌÌŒÌMŒŒŒÌÌŒNNLÌÌŒÍLŒNLËÌ—ÍÎËŒŒÌŒLLŒŽLŒŽŒÌMŒMÍŒŒŒLÍÌŒNLÌ—ÍÎŒŒMŒŒŒŽMŒŒŽLLŒÍLŒMŽMŽLŒMŽLŒNLKÌ—ÍÎKŒŒLŒŒŒŒÌÌŒŽŒŒÌMÌŒMMÌŒMŒŒNL‹Ì—ÍÎLŒŒŽMŒÌŒÌŒÌLLŒŒŒŒŒLÍŒLÎŒMÌÌŒNLËÌ—ÍÎLKŒŒLŒÌLŒÍLŒŒMLLŽŒMLÌŒNLÌ—ÍÎL‹ŒNMŒŒŒLŒŒLŒŒŒLŒMÌÌŒŒLŒLMŒŒÍŒŒNLKÌ—ÍÎLËŒMÍÌŒLÌŒÌÍÌŒŽŒŒLÌÌŒMŽÌÌŒŒŒŒŒNLLÌ—ÍÎMŒŒŒLŒŒÍLŒŒÍŒŒŒMŒŒLLŒNLLKÌ—ÍÎMKŒŒMLŒLŒÌÌŒŒLLŒLLŒŒŒŒÎLLŒÌŒNLL‹Ì—ÍWÌLŒLŒLŒMŒÌLŒÌLLŒŒŒMŒMNLLŒLMLŒNLLËÌ—ÍWÌKLŒNLŒŒMŒŒMŒLÍŒŒÎŒŒŒŒÌLŒMMÌŒNLMÌ—ÍWÌ‹LŒŽŒLLŒMÌŒLŒLŒMLŒŒŒLÌÌLŒLŒŒNLMKÌ—ÍWÌËLŒNLŒMMÌŒMŒŒNŒŒŒŽLŒÌLLŒMŒNLM‹Ì—ÍWÌŒMÌŒLMŒŒMMŒLŒLLŒÍLŒLLŒLŒLLŒNLMËÌ—ÍWÌKLŒŒŒNNŒMŒŒLŒLŒLŒŒŒÌLŒLÎŒNLNÌ—ÍWÌ‹ŒŽŒLŒŒMŒLLŒLŒŒLÍŒŒŒŒNLNKÌ—ÍWÌËŒLŒNMŒŒMLŒŒMÌŒŒNLŒNŒÌLŒLŒÌÌŒNLŒÌ—ÍWÌŒÍÌŒLŒMÍÌŒÍLŒÌŒMŒLNLŒLÌŒNLŒKÌ—ÍWÌKŒŽLŒNŒMÌŒLŒŒLŒŒŽLŒÍÌLŒLŒNLŒ‹Ì—ÍWÌLŒÌŒMLÌŒMLŒNLLŒNLŒLŒLŒLŒLÌŒNLŒËÌ—ÍWÌLKŒMŒÍÌŒLŒMÌŒŒÌÌŒŒŒŒŒLŒNLŒNLÌ—ÍWÌL‹ŒÌŒŒLŒMÌŒMLŒLŒŒŒŒMÍÌŒÌŒNLKÌ—ÍWÌLËŒLLŒŒÌŒMŒÌŒMŒŒŒLŒŒÎLLŒÌŒNL‹Ì—ÍWÌMŒÌŒMLŒLLLŒŒŒMLŒLÍLŒÌŒLŒLŒNLËÌ—ÍWÌMKŒLLŒLLŒŒNŒLÌÌŒNŒLÍŒŒÌÌŒLŒNLŽÌ—ÍWÌM‹ŒLŒNLŒNÌŒNLLŒŒŒLŒŒNLŒÌŒNLŽKÌ—ÍWÌMËŒLŒNŒMŒŒNÌMLŒNLŒŽLŒÍÌŒNLÌÌ—ÍWÌNLŒLŒLŒMŒMÍŒŒŒŒLŒŒMLŒÍŒNLÌKÌ—ÍWÌNKŒÌÌŒLŒMNLŒMÌŒŒŒŒÌŒŽLŒNŒNLÌ‹Ì—ÍWÌŒLŒŒLŒMÎLŒLŒŽLŒÍŒLŒLLŒMÌŒNLÌËÌ—ÍWÌŒKŒLLŒMÎLŒNLLŒÎNŒLŒŒŒMŒŒŒNLŒÌŒNLÍÌ—ÍWÌŒ‹ŒNLŒŒŒMŒŒMLŒÌLŒÍŒNMLŒLÌŒNLÍKÌ—ÍWÌŒËŒÍŒMÎŒNNŒLNLŒMLŒŒNLŒLŒLÌŒŒNLÍ‹Ì—ÍWÌŒŒLŒMÎŒNMLŒLNŒÌŒNNLŒLŒNLÍËÌ—ÍWÌKŒÌŒNLŒNLŒMÌŒŒLŒŒÌŒŒLŒÌŒNLÎÌ—ÍWÌ‹ŒÎLŒŒÍŒMÌŒŒŒÌŒLLŒMLŒMŒLŒÎLŒNLÎKÌ—ÍWÌËŒMŒŒMLŒŒNŒŒMÍŒLÌŒŒMÌŒÌLŒLŒŒNMÌ—ÍWÌŽŒLLŒŒÌŒŒMŒŒÍŒŒMŒŒLŒŒŒLÌŒNMKÌ—ÍWÌŽKŒLÍŒŒNLŒŒŽŒLŒŒŒMMÌŒŒŒÌŒŒŒMŒNM‹Ì—ÍWÌÌŒLŒŽLŒŒNŒŒÌŒŒNLÌŒMLŒŒŒNMËÌ—ÍWÌÌKŒLLŒŒŒŒNMŒLÌŒMÍLŒMÌŒŽLLŒNLLŒNMÌ—ÍWÌÌ‹ŒÌLŒŽŒŒMÍÌŒŒÌÌŒLMŒŒÌŒŒŒÌLŒNMKÌ—ÍWÌÌËŒLŒMŒŒNÌŒMÌŒŒNÌŒMŒÌNLŒŒŒŒNM‹Ì—ÍWÌÍŒÌŒŽLLŒNNŒŒŒŽNLŒLÌLŒNMÌŒNMËÌ—ÍWÌÍKŒLŒLŒŒLÌŒMLŒMÍÌŒMÌLŒÌLŒŒÌŒNMÌ—ÍWÌÍ‹ŒLNLŒŽMÌŒMŒLŒÌŒMÍLŒŒÎŒÍŒÌŒŒŒŒNMKÌ—ÍWÌÍËŒLNŒLŒMÌŒNLŒŒÍŒŒŒŒÍLŒŒÌŒŒNMLÌ—ÍWÌÎŒLLŒÌÌŒNŒŽLÌŒŒŒÍÌLNLŒŒLŒŒNMLKÌ—ÍWÌÎKŒLÌŒÌMŒŒMÎLŒÌŒŒÎŒÍÌŒÍÍŒLNŒNML‹Ì—ÍWÍŒMÌŒÌÌÌŒMLŒŒŒŽMLŒÌŒNMLËÌ—ÍWÍKŒŒŒMÎLÍŒŒŒMÌLŒLÍŽLŒLŒŒNMMÌ—ÍWÍ‹ŒMŒŒŒÌLÌŒMÎLŒÍŽLŒLŒÌŒNMMKÌ—ÍWÍËŒMLŒÍNLŒLŒÍLLŒÍLŽÌŒLLŒNMM‹Ì—ÍWÍŒMÌŒŒŒŒÌŒŒMÎŒÍÎŒLÍÌÎLLŒÌŒŒNMMËÌ—ÍWÍKŒNLŒÍÌŒŽŒŽMŒÎLŒÌŒŒÍŒŒLMŒNMNÌ—ÍWÍ‹ŒMŒŒÌÌŒÌÌLŒNLLŒNLŒMLŒNMNKÌ—ÍWÍËŒMNLŽŒŒŽŒÌÌŒŽŒÍLŒŒMÎLŒNMŒÌ—ÍWÍŒLŒŒÌLŒŒÌÌŒMLŒÌÍLŒMLÌNLŒLÌŒNMŒKÌ—ÍWÍKŒLÌÌŒÍLŒŒMŒŒLÌÌŒŒNŒŒŒŒŒÌŒNMŒ‹Ì—ÍWÍLŒMÍŒÌÎLŒNŒŽLLŒŒLÌŒŒŒÌÌŒMŒNMŒËÌ—ÍWÍLKŒNŒÍÍÌŒMÍŒŒÌŽŒŒMÌŒNMŒŒÎMLŒNLŒNMÌ—ÍWÍL‹ŒNŒÍÌŒŒŒŒMÌŒŒLŒMMLŒNMKÌ—ÍWÍLËŒNLŒÌÌLŒŒŒLŒÍÍÌŒÌLŒŒÌŒÍLŒMÎŒNM‹Ì—ÍWÍMŒNLŒÌÌÌŒŽŒŽŒMÌŒÍŒÍÌŒŒNŒNMËÌ—ÍWÍMKŒŒLŒŒŽMLŒÍLÌŒŒŒMŽLŒÍMŒNNŒNMŽÌ—ÍWÍM‹ŒŒÌŒÌŒŒÌŒŒŽŒŒŽLŒLŒŽNLŒNŒNMŽKÌ—ÍWÍMËŒŒÌŒÎLŒŒÌÍLŒÍNŒNMŒŒÍŒŒŒNMÌÌ—ÍWÍNŒŒÍŒÌÌLŒÌLŒNŒÍLŒÍÌLŒÎŒŒNMÌKÌ—ÍWÍNKŒLŒŒMÌŒŒŒÍÌŒŽŒŒMÌŒÌÌŒŒLŒNMÌ‹Ì—ÍWÍŒŒŒÍÌŒLŒÍLŒÎŒŒÎMŒŒÎLŒÌNLŒNMÌËÌ—ÍWÍŒKŒŒÌÌŒÍNŒŒŒÌŒÍŒŽŒŒÌÌŒÍŒŒŽÌŒNMÍÌ—ÍWÍŒ‹ŒÌŒÍÍLŒŽÌŒMÌŒÍLŒŒŒNŒŒNNŒNMÍKÌ—ÍWÍŒËŒÌÌŒÍMLŒÌÌŒÍŒLMLŒŒNLNLŒÌLŒNMÍ‹Ì—ÍWÍŒŒŒŒÌÌŒÍŒŒŽLŽŒÌŽŒŒŒNMÍËÌ—ÍWÍKŒŒMÌLŒŒÍÌŒÍŒÌŒÍÍLŒÌŒNMÎÌ—ÍWÍ‹ŒLŒÌŒÎLŒŽNŒÎLÌŒMLLŒNŒNMÎKÌ—ÍWÍËŒŒŽMLŒMÌŒÍLŒÎMŒŒÌÍŒŒÍMŒŒNNÌ—ÍWÍŽŒŒŽLŒÍŒÌÌÌÌŒMMŒŒÌŒŒNNKÌ—ÍWÍŽKŒŒÎLLŒŒÌŒLŒŒÍÌŒÍÍÌŒÌLŒNN‹Ì—ÍWÍÌŒÌŒŒÎŒLLÎLŒNÌÌŒNLŒNNËÌ—ÍWÍÌKŒÌLŒÍLŒŒLŒÌŒÌŒÍÌŒŒLŒÎMLŒÌMÌŒNNÌ—ÍWÍÌ‹ŒÍŒŒŽLMŒŒMÌÍŒŒÍLŒNNKÌ—ÍWÍÌËŒÌŒÍÎLŒÌŒÌLLÌŒMŒLNŒŒNN‹Ì—ÍWÍÍŒNLLŒMLŒÎÌŒŽŒMLŒŒMLŒNNËÌ—ÍWÍÍKŒLŒŒÌÎLŒLŒÍLLŒÌNLŒÌLŒŽMLŒNNÌ—ÍWÍÍ‹ŒÎLÌŒŽMŒŽLŒŒŒNÌŒMÌLŒNNKÌ—ÍWÍÍËŒÎLŒÌŒŒÎLŒÍLÌMŽLŒMMŒŒŒÌÎŒNNLÌ—ÍWÍÎŒŽÌÌÌŒŽLLLNLŒLMŒŒŒŒŒNNLKÌ—ÍWÍÎKŒŽÌLÌŒŽLLŒÌÌMÌŒŒÍÌŒLŒÍŒŒNNL‹Ì—ÍWÎŒLÍÌŒÌMŒŒÍÎLŒŒÌÌŒLÌŒŒNNLËÌ—ÍWÎKŒŽLŒÍLÌŒÌLÌŒÌMÌLLŒŽLŒÍŒŒÍÌŒNNMÌ—ÍWÎ‹ŒNLŒŒÌŽŒÍLŒLLŒÍLNMLŒŒLLŒNNMKÌ—ÍWÎËŒŒÌLÌŒŒLŒÍŒLMÍŒŒŽÌŒÌLŒŒŽLŒNNM‹Ì—ÍWÎŒŒLMLŒŽLŒŒŒÍLLÎLÎLŒNNMËÌ—ÍWÎKŒŒLLŒÍLŒÎLŒÍŒŽLŒÌŒNNNÌ—ÍWÎ‹ŒŽŒMŒŒÌLŒÍÌÌLŒŒÍLLÍŒŒŒÌŒNNNKÌ—ÍWÎËŒÍLŒÍÎŒMLŒŒLŒÎLŒÍMÌŒŽLŒNLÌ—ÍWÎŒŽMLŒÎŒÌLŒÌLŒLLŒŽNŒNŒMÌŒNLKÌ—ÍWÎKŒŽLLŒŒŽLLŒÍŒŒŒÌÍŒŒMŒŒŒÍÌLŒNL‹Ì—ÍWÎLŒÌŒŒÍŒLŒÌÍÌŒÌÎLŒŒÎŒÍÌLLŒNLËÌ—ÍWÎLKŒÌŒŒÍLÌŒÌŒLŒÍNŒÎLŒMŒŒŒŽLŒŽŒNLÌ—ÍWÎL‹ŒMLLŒŒÌÌÌŒÌLÌŒŽLŒÌŒÍÌŒNLKÌ—ÍWÎLËŒŒÍLÌŒÌMLŒÌŽŒŽŒÍLŒÌŽŒÌŒŒŒNL‹Ì—ÍWÎMŒÌŽLŒÌMŒÍŒÌNŒŒÌÍÌŒNŒÌŒNLËÌ—ÍWÎMKŒÌÌŒÌLŒÎLŒÍŽLŒÌŒŒŒNLÌ×ÌÌŒMMŒŒŒŒŒŒŒÌLŒMÌŒŒÎLŒLŒMLŒNLKÌ×ÌÌKLŒLÌŒÍLLŒLŒŒMÍLŒLÌÌLŒŽŒNLLÌ×ÌÌ‹LŒŽLÌMNŒLÌŒÌMÌLŒŒŒÍŒLLŒŒLŒMLŒNLLKÌ×ÌÌËLŒŽLŒÍÌŒŒÌLLLŒÌŒMLŒLLŒŒNLL‹Ì×ÌÌŒMÍLŒLÌŒÌMÌLŒNŒŽLLLŒŽŒÍŒNLLËÌ×ÌÌKŒLŒŒÍŒLÌÍLLŒLLŒŒLŒŒNLLŒÍLŒNLMÌ×ÌÌ‹LŒMŒÌŒLŒŽLŒLŒŽLŒŒÌÌŒŒLŒLŒNLMKÌ×ÌÌËLŒŒŒŒÎŒŒMÌŒÎNLŒŒŒŽLLŒMŽLŒŒŒNLM‹Ì×ÌÌLŒŽLMMŒNLŒÌŒÌLŒÌÌŒŒŽNLŒLLŒÌÌŒNLMËÌ×ÌÌKLŒŽLŒŒLŒŒLLŒMŒŒÌLŒŒŒŒŒLŒNLNÌ×ÌÌLLŒLLMNŒŒÌŒŒÌLŒMNLŒÍÌŒÍŒLŒNLNKÌ×ÌÌLKLŒNLMMÌŒNŒÍÍÌLŒMÌŒÌŽLŒNLLŒŒŒNLŒÌ×ÌÌL‹LŒMLÌŒŒÌLŒÌŒŒLŒLŒÌLŒMLLŒŒŒNLŒKÌ×ÌÌLËLŒLMLŒŒÍÌŒÌŒLŒLMŒŽLÌŒMLŒLLŒNLŒ‹Ì×ÌÌMLŒMMŒŒÎŒŒÌLŒMLŒÌŒŒMÍÌLŒLÌŒNLŒËÌ×ÌÌMKLŒLŒŒLŒŽLŒLŒMÍŒŒÌÌŒLLŒLŒNLÌ×ÌÌM‹ŒÌŒLLŒŒŒÍLŒŒMŒŒŽÌŒLÌÌŒLŒNLKÌ×ÌÌMËŒLÎLLÍLŒŒLLŒÌÍŒLŒLMÌŒŒNLŒŒŒNL‹Ì×ÌÌNLŒÎMÎŒLŒÌMŒLŒNLÌŒŽMLŒNLŒLLŒNLËÌ×ÌÌNKLŒŒMLÌŒMÌÌŒÌLLŒLÎŒŽNŒŒNLŒÌŒNLŽÌ×ÌÌŒLŒÍNMLŒŒÍŒŒÌÌLŒŒÌŒŒLÍÌLŒLLŒNLŽKÌ×ÌÌŒKLŒÌÌŒŒÌŒNMLŒÌŒLŒÍLNLŒŒMŒŒLŒNLÌÌ×ÌÌŒ‹LŒLNŒNLŒŒÌMÌLŒÎŒÎŒLLŒŒŒNLÌKÌ×ÌÌŒËŒÌŒÌŒŒLŒŒŒLŒNŽLŒŽŒLŒNLÌ‹Ì×ÌÌLŒMÌÌLÌŒNŒÌLLŒLÍLŒÌŒÌŒMŒMNLŒNLÌËÌ×ÌÌKLŒŒÌŒNŒŒLŒNŒŒMÌŒLŒNLÍÌ×ÌÌ‹LŒLLÍŒŒŒÎŒŒLŒMŒŒÌŒMŒÌŒNLÍKÌ×ÌÌËLŒÌLŽŒŒŒÌLŒLŒÍŒŒMLŒÍÌŒNLÍ‹Ì×ÌÌŽLŒLMLŒŒŽLŒŽNLLŒMMLŒŒŒŒŒÌŒŒNLÍËÌ×ÌÌŽKLŒÌÌLLŒŒLŒLLŒÍŒŒÌMŒÌMŒŒLŒŒNLÎÌ×ÌÌÌLŒLLLÌŒŒNMŒŒŒÌLŒLŒÌÌŒŒŒÌŒLŒLLŒNLÎKÌ×ÌÌÌKŒŒLLŒŒÌŒÌMŒŒŒŒŽLŒLLŒÌŒNLÌ×ÌÌÌ‹LŒÌLÌÌŒŒLŒÌMLŒMŒŒÌŒÌLŒÌŒNLKÌ×ÌÌÌËLŒŒŒŒŒÍŒŒÌLLŒÎŒŽLŒŒLŒLÌŒNL‹Ì×ÌÌÍLŒŒŽLLMŒŒÌŒŽLLLŒMÌŒÍŒLŒLŒŒNLËÌ×ÌÌÍKLŒŒLLŒŒŒLLŒÎLŒŒLÌŒÌŒÌŒÌLŒNLÌ×ÌÌÍ‹LŒÌLMŒNŒÌLŒLŒÌŒÌŒŒŒLŒNLKÌ×ÌÌÍËLŒŒÍŒLŒŒŒÌŒŒLŒÌÌŒÍŒŒLŒŒNL‹Ì×ÌÌÎLŒÌÌMŒLŒŒŒÌMÌLŒÎLŒÌLÌLŒŒŽŒNLËÌ×ÌÌÎKLŒLŒŒŒNLLŒMLŒŒŒŒŒŽÌLŒLLŒNLÌ×ÌÍLŒŒÍŒLŒÌŒŒÌŒÌLLLŒNÌŒŒŒŒŒÍNŒÍÌŒNLKÌ×ÌÍKLŒÍLNLŒŒMŒÌŒŽŒŒLŒŒŒLŒNLLÌ×ÌÍ‹LŒLLLŒNMŒÍLŒŒŒÌNLLŒŒŒNLLKÌ×ÌÍËLŒMNŒŒŒŒŒÌLŒÍŒŒÌŽLŒÎLLŒLŒNLL‹Ì×ÌÍLŒNMLLŒŒÍÌŒNŒNLŒÌÍLŒŒLLŒÌŒNLLËÌ×ÌÍKLŒÌNMŒŒŒÌŒŒLÌŒŒÌÌMLLŒLŒNLMÌ×ÌÍ‹LŒMÍŒLŒŒŒLŒNLŒÍŒŒÍMŒÌŒLŒNLMKÌ×ÌÍËLŒŒLŒMÎŒÍMÌŒLŒÌLŒÍLŒLŒNLM‹Ì×ÌÍLŒNLÌÌŒŒÍÌŒNMŒŽŒÌŒÎÌLŒÌŒNLMËÌ×ÌÍKLŒÌÌŒŒŒÍÌŒÌLŒMNLŒÌLŒÍÌLŒÌŒŒNLNÌ×ÌÍLLŒMLLÌŒÌÌŒŒLŒMÌŒÌÍÌLLŒŒŒNLNKÌ×ÌÍLKLŒMLŒŒŒŽLLŒÌŒNLŒÌŒMLŒŒŒNLŒÌ×ÌÍL‹LŒMNLLŒŒŒÍÌŒNNŒÌLŒLŒÍŽLŒŒŒŒNLŒKÌ×ÌÍLËLŒŒŒŒŒŒMŒNLŒMÌLŒÎMLLŒŒŒNLŒ‹Ì×ÌÍMLŒLŒŒLŒŒÌŒŒNŒMLŒŽNLŒÌŒLŒMÌŒNLŒËÌ×ÌÍMKŒLMŽŒŒŒÌŒÍŒŒLŒŒÎNŒÎLŒNŒŒNLÌ×ÌÍM‹LŒŒŒMLŒŒÍŒŒLŒŒNŒÍŒŒŽLŒŒMMŒNLKÌ×ÌÍMËLŒLMŒŒNLŒŽNLŒŒLÌŒŽÌŒLÌLŒLŒNL‹Ì×ÌÍNLŒMÌMÌŒÌŒNLÌŒÌLŒŒÌŒMÌŒLŒNLËÌ×ÌÍNKŒÍLNLŒŒŒÍLŒŒŒÌÌŒÍÌLŒŒŒNLŽÌ×ÌÍŒLŒÌMLŒŒÎŒŒLŒMŒŒÌMŒŒÌÍŒŒÍŒNLŽKÌ×ÌÍŒKŒÍLNLŒŒÍŒŒNLŒŒLŒÌMLŒÌLLŒNŒNLÌÌ×ÌÍŒ‹LŒLÌŽLŒÍLŒMŒLŒŒŒŒÌLŒÎLŒŒNLÌKÌ×ÌÍŒËŒLŒŒŒŒŒŒÌLLŒÌLLŒNŒNLÌ‹Ì×ÌÍLŒÎLMLŒMÌŒNŒŒLŒÍŒÌŒNLÌËÌ×ÌÍKŒÌMŒŒŒŽLŒÌŒŒÌLLŒÍLŒŒÍŒLŒMLŒNLÍÌ×ÌÍ‹LŒMŒLMŒŒŒÌLŒŒÌÌŒNMLŒŒŒLŒMLŒNLÍKÌ×ÌÍËŒŒLŒŒŒÌLŒŒÎŒŽLŒÎLLŒÌÍŒLŒŒŒNLÍ‹Ì×ÌÍŽLŒÌMŒŒŽŒŒÍŒŒLŒMLŒÌŒLŒNLÍËÌ×ÌÍŽKŒŽMLŒŒMLŒŽLŒÌMŒŒŽMŒŒÌÎLLŒŒŒNLÎÌ×ÌÍÌLŒLMLŒLÌŒŒNLŒÍMÌŒÍÌŒŽŒMÌÌŒNLÎKÌ×ÌÍÌKŒŒŒŒŒŒŒŒŒNLÌ×ÌÍÌ‹LŒMŒNLLŒŒŒŒŒÌÌŒÎNLÎŒŒŒŒŒNLKÌ×ÌÍÌËŒLLLŒŒŒMŒŒŒLŒNÌŒLŒÌŒÌLŒŒŒNL‹Ì×ÌÍÍLŒLLMLŒÍLŒÌŒÌŒŒŒŒŒŒŒLŒNLËÌ×ÌÍÍKŒLNMŒŒŒÌŒŒMÍLÌÌMŒŒNLÌLŒŒNLÌ×ÌÍÍ‹ŒÌLLŒLLŒMŒŒÌLMNLŒŽLŒNLKÌ×ÌÍÍËŒLŽŒLŒÎŒLŽLŒÍÍŒŒÎLŒÍNŒÌŒNL‹Ì×ÌÍÎŒÍŒÍÌŒÍŒŒŒLŒŒLŒÌŒÌŒNLËÌ×ÌÍÎKŒŒŒŒŒŒŒŒŒNLÌ×ÌÎŒÍŒLÌŒŽNŒŒLŒMŒNLŒLŒNLKÌ×ÌÎKŒMÌLŒŒŒLÎŒÎMLŒŒŒŒLLŒNLLÌ×ÌÎ‹ŒŒMŒŒŒNLŒŒLÌŒÌŒŒLŒLÌŒNLLKÌ×ÌÎËŒMLMÌŒŽNLŒŒLŒÍŒŒÍLŒÎŒMLŒNLL‹Ì×ÌÎŒLLLŒŽLLŒŒŒÌLŒŒÌŒŒLÌLÌŒNLLËÌ×ÌÎKŒNŒÎMŒŒÎLŒNNLÍLŒÎLLLŒLŒLŒNLMÌ×ÌÎ‹ŒLLÍŒÌMÌŒŒLÌNLŒÌŒŒŽŒMLŒNLMKÌ×ÌÎËŒŒŒŒŒŒŒŒŒNLM‹Ì×ÌÎŒMMŒÍÍŒÌÌŒŒNŒLMÌŒÍÎLŒÍÌÌŒŒŒŒNLMËÌ×ÌÎKŒNMŒŒÌÌŒÌÌŒMÎŒÎLŒŒŒŒMLLŒMÌŒNLNÌ×ÌÎLŒMMÌŒÍŽŒŽMÌŒŽMLŒŒŒÍMÍÍÌŒŽÌŒNLNKÌ×ÌÎLKŒNNŒÍÌŒÌŽLŒŒMLŒMÍÌŒÍŒŒÍÎLŒMŒLŒNLLÌ×ÌÎL‹ŒMŒLŒÌLŒÍLŒŒŒMLŒÍŒNŒÍÌÌŒÍMLŒNLLKÌ×ÌÎLËŒÍŒŒŒLŒŒNLŒŒŒŒŒLŒŽMLLŒŽŒNLL‹Ì×ÌÎMŒNÌŒÌŽŒÍÌŒŽLMŒŒÍŽÌŒMNŒNLLËÌ×ÌÎMKŒMÌŒÌÎLŒÌŒŒŒLLŒŽMŒŒÍLŒNLLÌ×ÌWÌŒLLÌŒŽMŒLŒMLÌÌŒŒÌŒLLŒÌMŒMLŒNLLKÌ×ÌWÌKŒLŒÍŒLŒMLNLŒLÌŒÍLLŒÌŒŒLŒÌŒNLL‹Ì×ÌWÌ‹ŒŒÍMÌLŒLLÌÌLŒLŒMLÌLŒÌÍLŒŒMŒNLLËÌ×ÌWÌËŒÌMÌLŒLÌÌLLŒLŒÌŒMLŒŒLÌLŒNLLÌ×ÌWÌŒLÌŒŒÎÌLŒŒLŒŒŒLŒLŒÎLŒŒLŒNLLKÌ×ÌWÌKŒLÍLLŒLŒLMMŒNMŒÍÌLŒŒMÌŒŒNLLLÌ×ÌWÌ‹ŒLŒÎŒLŒLÌÎLŒÌLŒLLLŒÍŒÌŒÌLŒNLLLKÌ×ÌWÌËŒLLŒLÌLŒLÍMLŒMLŒŒÌLŒŒŒÍŒŒNLLL‹Ì×ÌWÌŒLŒŒŒÌLÌLŒLLNLŒLŒŒLŒLŒÍŒŒÍÌŒNLLLËÌ×ÌWÌKŒLÌLLŒMLLŒÌŒŒÌŒMÌLŒŒŒNŒNLLMÌ×ÌWÌLŒLLLÌLŒMÌMLŒMLŒMLLŒÎMÌŒŒLŒNLLMKÌ×ÌWÌLKŒLLLMLŒMŽLŒMMŒŒLŒLLŒMLŒNLLM‹Ì×ÌWÌL‹ŒMŒLÍŒLŒLLLŒLLŒLLŒÍŒLŒŒLŒŒNLLMËÌ×ÌWÌLËŒLŒLŒLŒŒMLŒMÌŒLŒMLÌŒLŒNLLNÌ×ÌWÌMŒLLÌLLÌLŒNŒMÎŒŒŒLÎLŒÌÍŒŒÍMŒNLLNKÌ×ÌWÌMKŒLŽLLŒMLŒŒŒMŒÌŒMLŒMŒŒŽMÌŒNLLŒÌ×ÌWÌM‹ŒMLÌŒLŒMMÌLŒLŒÌŒLMÌLŒÍMŒŒLŒNLLŒKÌ×ÌWÌMËŒMÍLŒLLÌŒŒŽŒŽLLŒMÌLŒŒLŒNLLŒ‹Ì×ÌWÌNŒNLLLŒLÍLMLŒŒŒLŽLŒÍŒŒŒLŒNLLŒËÌ×ÌWÌNKŒMÌÌLŒLÎLŒMMÌŒNNLŒMŒŒÌŒNLLÌ×ÌWÌŒŒLMLLÌLŒMŽLMÌLŒLŽLŒMÍÌLŒÌLŒŒÌÌŒNLLKÌ×ÌWÌŒKŒLŒLŒMLLŒNÌŒMÌŒLŒNMŒÌÌŒŒNLL‹Ì×ÌWÌŒ‹ŒLMŒLÌŒLŒŒÍŒÍÌŒNLŒLLŒLLŒŽLŒNLLËÌ×ÌWÌŒËŒMLŒLŒLŒLNÌÌŒŒLŒŒMÌÌLŒMŒŽNLŒNLLŽÌ×ÌWÌŒLNLLÍŒLŒMÌLLLŒŒŒLŒÌÍLŒMLŒNLLŽKÌ×ÌWÌKŒLLŒÌLŒMŽLÌŒŒÌLŒNMŒLŒMLŒÌÎLŒNLLÌÌ×ÌWÌ‹ŒMÌLÌLŒMLÌŒŒLŒŒMLŒŽŒŒŽÌŒNLLÌKÌ×ÌWÌËŒMŒNLŒLŒŒŒÍÍŒŒMÌÌŒŒNLLŒLLŒÌŒŒŒNLLÌ‹Ì×ÌWÌŽŒLÍLLLŒLÎMŒMŒÌŒLŒÌLŒÌÌŒŽÌŒNLLÌËÌ×ÌWÌŽKŒMLLLŒŽLÍŒNŒŒŒÍLŒMLŒÍLŒNLLÍÌ×ÌWÌÌŒMŒLLLLŒLŒLŒŒNLŒLŒNLŒNMŒŒNLLÍKÌ×ÌWÌÌKŒMŒMŒLŒLŒÎŒŒŒÍÌŒÎNLŒŒMŒŒNLLÍ‹Ì×ÌWÌÌ‹ŒNLLNLŒLÌŒŒŒLÌLŒNLŒLŒNLLÍËÌ×ÌWÌÌËŒLŒÌŒÍÍŒLŒÎŒÎNŒLŽLŒÌŒLŒÌÍÌŒNLLÎÌ×ÌWÌÍŒMŒLLŒLŒMÌŒMÌLŒMÎLLŒLŒÍŒNLLÎKÌ×ÌWÌÍKŒMŒLNLLŒÍÌŒÎLLŒLLŒŒŒÌLŒNLMÌ×ÌWÌÍ‹ŒLMÌLNLLŒMŒMLŒLÎLŒNLŒŒMÌŒŒÌŒNLMKÌ×ÌWÌÍËŒMŒLŒLLŒŒŒŒÍÌŒLŒÌNLŒNLM‹Ì×ÌWÌÎŒLŒLLŒLMÌŒLMŒŒNLÌŒŒMŒNLMËÌ×ÌWÌÎKŒMLÌÍLLŒÍLMŒNLÌŒLŒÎMŒŒNLMÌ×ÌWÍŒMMMLLŒNLŒMLŒMÌŒNLLŒMLŒNLMKÌ×ÌWÍKŒMÌÌLLŒÌŒÍÎŒŽLŒŒÌŒLŒŒNMŒNLM‹Ì×ÌWÍ‹ŒLŽMLLŒNŽŒŒÍLŒNNLŒŒÌŒÌŒŒNLMËÌ×ÌWÍËŒMŒMŒLŒŒÌŒLLŒŽLŒŒŒÌŒMŽLŒNLMÌ×ÌWÍŒMÌŒLLŒMÌLLŒMÍŒŒŒLŒÌLŒNLMKÌ×ÌWÍKŒMÎLMŒLŒÌŒÎŒLŒŒMŽLŒŒNLMLÌ×ÌWÍ‹ŒNÌLLŒŒÍŒŒŒŒÌÌŒÌŒÍÌŒNLMLKÌ×ÌWÍËŒNMLLŒŽLLŒÍNŒÌŒŒLŒÌŒŒŒNLML‹Ì×ÌWÍŒMMŒÌLŒNLŒÌŒŒLLLŒŒŒŒMÍŒÌLŒNLMLËÌ×ÌWÍKŒMŽÍÌLŒLŒÌŒŒŒŽŒÌŒŒŒŒNLMMÌ×ÌWÍLŒNŽLŒÍŒŒÎŒŒÍLŒŒLŒLŒÍLŒÌÌŒNLMMKÌ×ÌWÍLKŒŒLMÌLŒÌÌŒÍÍLŒÎŒLLŒÌLŒNLMM‹Ì×ÌWÍL‹ŒNLÌMÌŒÌŒÌŒŒŽLÌŒLŒÎLŒNLMMËÌ×ÌWÍLËŒNLLÍŒLŒÎŒÍLŒŒMÌŒÍLŒŽŒNLMNÌ×ÌWÍMŒŒLLŒLLŒÎLÌÌŒŽLLŒŒŒŽNŒNLMNKÌ×ÌWÍMKŒŒNMLŒŒLŒÎMŒŒÍŒLÍŒŒÌÌŒNLMŒÌ×ÌWÍM‹ŒNÍŒLŒÍÌŒLŒŒLŒÍŒŽLŒNLMŒKÌ×ÌWÍMËŒMLLMÌŒLŒÌÌŒŒÍÌŒÌŒÌŒŒÌŒMÌŒNLMŒ‹Ì×ÌWÍNŒŒÎLLŒÍLŒÌŽLŒMMLŒŽMÌŒŽŒÍŒŒNLMŒËÌ×ÌWÍNKŒŒÌŒLLŒLLŒÍŒÌÍÌŒÎLŒŒÌŒNLMÌ×ÌWÍŒŒŒÌÌNŒÌŒÎŒŒLÌŒLÌŒÍŒÌŒŒŒNLMKÌ×ÌWÍŒKŒŒÌŒŒŒLLŒÌLŒÎMLLÌŒLŒŒMÌŒNLM‹Ì×ÌWÍŒ‹ŒŒÍLLÌŒLÌŒŽNLŽLŒŒMMŒŒMÌŒŒNLMËÌ×ÌWÍŒËŒŒLLÍŒŽLŒÌŽLÌNLŒLŒLŒNLŒNLMŽÌ×ÌWÍŒŒMÌMÍLŒŒŒÍÍŒÎŒÌŒÌŒŒÌŒŒŽÌŒNLMŽKÌ×ÌWÍKŒŽÌŽNMŒŒMŒÌÎŒŒMLŒNLMÌÌ×ÌWÍ‹ŒŒLŒMŽLŒÎŒÍŒLŒÍÍÌŒÎLŒLLŒÌŒNLMÌKÌ×ÌWÍËŒŒLLLÌŒLŒŒLŒÍÍÌŒLŒŒŽMŒNLMÌ‹Ì×ÌWÍŽŒŒÌŒŒŒŒŒÌMÌŽLŒŽLŒLLÌŒŒLLŒNLMÌËÌ×ÌWÍŽKŒŒÌŒMÌÌŒMÌLŒÍMLŒÎLLŒMNLŒÌMŒNLMÍÌ×ÌWÍÌŒŒMÌŒŒŽLŒÌŒŒŒÌÌŒŒLLÌŒŽLLŒNLMÍKÌ×ÌWÍÌKŒŒŒŒŒŒŒŒŒNLMÍ‹Ì×ÌWÍÌ‹ŒŒÌŒŒLLŒÎÌŒÍLŒŒŒLŒŒNLMÍËÌ×ÌWÍÌËŒLMMŒŒŒŒÍMŒLŒÍÌŒMŒLŒÌÌLŒNLMÎÌ×ÌWÍÍŒNMŒÍÌNLŒÍLŒŽLŒŒLLŒLÍŒŒNLMÎKÌ×ÌWÍÍKŒMÌLÍLŒLÍLŒÌŒÌŒÍÌŒMMÌŒÌŒÌŒNLNÌ×ÌWÍÍ‹ŒŒLNMŒLÌLŒÌÍŒLŒÌŒLLŒNLNKÌ×ÌWÍÍËŒŽLÍÌŒNŒŒLÌŒÌMÌŒÌÌŒÌŒNLN‹Ì×ÌWÍÎŒÌŒNŒŒLŒÎŒŒÌÌLŒŒŒŒŒŽLŒMŒNLNËÌ×ÌWÍÎKŒŽÎLŒMNLŒŒÍLMŒŽŒÌMŒŒNLNÌ×ÌWÎŒÍMÎŒNÍLMŒMÍLLŒLŒŒNLNKÌ×ÌWÎKŒÍLÍŒŒÌŒŒÍÌLŒÍLLŒŒLÍŒNLN‹Ì×ÌWÎ‹ŒŒMÍŒÍLÍLNŒÎLÌŒÍLŒŒŒLŒNLNËÌ×ÌWÎËŒŒÌMŒŒÌŒŒÎLÌÌLŒÎŒÍLŒŽLŒNLNÌ×ÌWÎŒLŒLLLŒLÌŒÍMLÌŒŽMÌŒÍŒÌŒNLNKÌ×ÌWÎKŒŽÌLÌŒLÌÍLNMMLÌŒŒMŒŒNLNLÌ×ÌWÎ‹ŒŽÌMNLŒLÍLLÌNŒÎÌŒÍŒŒMŒNLNLKÌ×ÌWÎËŒŽMŒMLÎŒÌŒÍLŒÍNLŒMLŒNLNL‹Ì×ÌWÎŒÌLŽLŒMLÌŒÍÌÌŽÎMŒŒÌŒMÎLŒNLNLËÌ×ÌWÎKŒŒLÎMŒŒNLŒÌLMÌŒÍŽÌLŒMLŒNLNMÌ×ÌWÎLŒÌLLŒMŒŒÌŒMÍÌŒÎNLŒÍŒŒŽLŒNLNMKÌ×ÌWÎLKŒÌLÌŒMLÌŒÌŒÍÌÌŒŽLÌŒNLNM‹Ì×ÌWÎL‹ŒÌMŒŒŒŒŒÎMŒÍŒŒŒÍÍÌŒÍÌŒŒLLÌŒNLNMËÌ×ÌWÎLËŒŽLŒŒŒŒLŒŽNLNŒŽMŒŒÌLŒŒÌÌŒNLNNÌ×ÌWÎMŒÌŒLŒŒÌŒLÌÌLLÌŒÌÌNLŒLMŒNLNNKÌ×ÌWÎMKŒÌLLLŒŒMŒNŒÌÌÌŒÎLŒŒŒMLŒNLŒÌ×Ì—ÌŒŒÌŒLŒMÌŒLŒŒLLŒŽŒŒLLŒNLŒKÌ×Ì—ÌKŒŒÌNLŒŒÌŒMLŒŒŒLLŒNNLŒŒNLŒ‹Ì×Ì—Ì‹ŒŽŒŒLŒÍLŒLÌÌLŒLLŒÌLLŒÎŒŒLLŒŒNLŒËÌ×Ì—ÌËŒÍLŒÌLŒLŒŽLŒŒÌŒŒŒÌLŒŒNLŒMLŒNLŒÌ×Ì—ÌŒÌÌŒLLÌLŒŒMÌLŒLŒÌLLŒLŒLÍŒNLŒKÌ×Ì—ÌKŒŽLŒÌNLLŒŒLŒŒÍÌLŒMŒŒÌLŒŒÍLŒŽLŒNLŒ‹Ì×Ì—Ì‹ŒŒŒŒŒŒŒŒŒNLŒËÌ×Ì—ÌËŒŒÌŒŽLLŒÍLŒŒLŒLŒŒLŒÌLŒŒNLLŒŒŒNLŒÌ×Ì—ÌŒLŒŒŒMLLŒŽLŒMÍŒLŒLMŒLÌŒLŒÍŒÌŒŒNLŒKÌ×Ì—ÌKŒŒŒÎLLŒŒŒŒÍLŒÌLŒLŒLŒNŒÍÌŒNLŒLÌ×Ì—ÌLŒŒŒNMLLŒŒMŒÌLŒŒLŒLŒÌLŒÍLŒNLŒLKÌ×Ì—ÌLKŒÌŒŒMÌLŒŒÎLŒŒMŒŒŒŒÌLŒMŒÍÌŒNLŒL‹Ì×Ì—ÌL‹ŒMÌŒNÌLŒŒŒLŽLŒÌLŒLŒÍLLŒŽLŒNLŒLËÌ×Ì—ÌLËŒÌÌŒNMŒLŒŒLÌŒŒÌŒLŒŒLLLŒMNLŒÎLŒNLŒMÌ×Ì—ÌMŒMŒŒŒLLŒÌŒŒŒŒLŒŒLŒŒLŒŒLŒŽLŒNLŒMKÌ×Ì—ÌMKŒLLŒŒŒŒLŒMÌŒMMŒŒÍŒŒNLŒMÎLŒLŒNLŒM‹Ì×Ì—ÌM‹ŒŒLŒŒŽLLŒŒŒLŒÌLŒLLLŒÌLŒÍŒLŒŒNLŒMËÌ×Ì—ÌMËLŒÌŒŽÌLŒŒÌŒŒŒŒLÌŒŒLLŒMŒÌŒLŒŒNLŒNÌ×Ì—ÌNLŒLŒŒŒLŒŒLŒŒNLLŒLLŒLLLŒŒŒÍŒNLŒNKÌ×Ì—ÌNKŒŽLŒÍLŒNLÌŒÍÌŒŒŒÍLÌLŒLÌŒŒMLŒNLŒŒÌ×Ì—ÌŒLŒŒŒÌŒLŒNLŒMLŒLŒLLŒLŒÌÎŒLÌŒNLŒŒKÌ×Ì—ÌŒKŒLŒMMLŒNŒMMLŒÌŒÌLŒŒŒMMŒŒNLŒŒ‹Ì×Ì—ÌŒ‹ŒÌŒŒLŒMÍLŒMŽLŒLÌÌLŒMŒLŒNLŒNŒNLŒŒËÌ×Ì—ÌŒËLŒLŒÌLLŒMÎŒLÌŒŒÎŒŒŒLŒLŒŒŒNLŒÌ×Ì—ÌLŒŒŒÍLŒNŒŒŒLLŒLÌŒLLŒŒŒLŒNLŒKÌ×Ì—ÌKŒŒŒLLŒNŒMÌLŒLŒLLLŒLÍÌŒMÌŒNLŒ‹Ì×Ì—Ì‹LŒMLŒÍÍŒLŒMÍŒŒMŒLŒLLLŒŒLLŒŒŒŒŒNLŒËÌ×Ì—ÌËLŒÌŒÌLŒMŒÌŒMLÌŒŒMLŒLŒLÌŒLŒLŒNLŒŽÌ×Ì—ÌŽLŒŒŽNLŒNLŒMÌLŒMÌŒLŒÌLŒNLÌŒÍŒŒNLŒŽKÌ×Ì—ÌŽKLŒŒŒLLŒMÍÌŒŒNLLŒLŒMLLLŒLŒMMLŒNLŒÌÌ×Ì—ÌÌLŒÌŒŽLLŒMÌŒŒŒLLŒMLŒÍÌLŒNŒMŒŒNLŒÌKÌ×Ì—ÌÌKLŒLŒÌLŒMŒŒMLLŒMŒMÌLŒLŽLŒMLÌŒNLŒÌ‹Ì×Ì—ÌÌ‹LŒLŒÌŒLŒMLŒŒŽLŒLLŒŒŒLŒŒŒŒLLÌŒNLŒÌËÌ×Ì—ÌÌËLŒŒŒLLŒLÍLŒŒLŒŒŒŒŽLLŒLŒNŒŒNLŒÍÌ×Ì—ÌÍLŒŽŒŽNLLŒMŒŒŒLLŒŒŒŒLLŒMŽŒLŒŒNLŒÍKÌ×Ì—ÌÍKLŒMÌŒÌÎLLŒLÌLŒMŽLLŒÌŒÎMLLŒLŒMŽLŒNLŒÍ‹Ì×Ì—ÌÍ‹LŒŒÌLLMŒLŒÌÌŒÍLŒLÍŒÌŒNLŒÍËÌ×Ì—ÌÍËLŒŽŒŽLŒLŒLŒMŒLŒŒÍÌLŒŒŒLLŒNLŒÎÌ×Ì—ÌÎLŒLLŒÌLŒLŽLŒNNLLŒÌLŒLNLŒMŒÌLŒNLŒÎKÌ×Ì—ÌÎKLŒŽLŒÌŒLŒLÌÌŒŒŒLŒŒŒŒŒÍLLŒŒŒŒLŽLŒNLÌ×Ì—ÍLŒÍLŒÍLLŒÎNŒŒLLŒMÌŒLÍÌLŒLŒÌŒLŒNLKÌ×Ì—ÍKLŒLŒŒÍŒLŒLLLŒMÎŒNLŒŽŒLŒŒLŒNL‹Ì×Ì—Í‹LŒÌŒŽLLŒLŒŒMÍÌLŒNŒNLŒMŒŒLÌŒNLËÌ×Ì—ÍËLŒÌŒÍÌLLŒLŒŒŒÎLŒÌŒŒLLŒNŒLŒŒNLÌ×Ì—ÍLŒÌŒŒÎLŒMLŒLNLŒÌŒLÌÌLŒŒMMÌŒNLKÌ×Ì—ÍKLŒÍLLŒÌŒMÌŒŒNŒMLLŒÎŒMMÌŒNL‹Ì×Ì—Í‹LLŒNLLŒÌÍLŒŒLLLŒNLŒNLŒŒŒLNLŒNLËÌ×Ì—ÍËLŒNLŒLŒŒLŒŒŒŒÌLŒŒŒLŒŒNLÌ×Ì—ÍŒŒŒŒŒŒŒŒŒNLKÌ×Ì—ÍKLŒMŒŒÍŒLŒLÌŒÍÌŒÍÌŒŒŒÌŒLŒŒNLLÌ×Ì—ÍLLŒMŒŒMLŒŒŒÍLŒŒŒMLLŒNLŒNLŒNLLKÌ×Ì—ÍLKLŒÌŒÎLLLŒŒŒÌLŒÌŒŽMLLŒMÌŒLÌŒŒNLL‹Ì×Ì—ÍL‹LŒŒLŒŒÌLŒLÌŒLŒMNŒLÍLŒÍŒŒŒÌŒNLLËÌ×Ì—ÍLËLŒMŒÎLLŒNLŒŒÍÌŒMMLŒMÍLŒŒÌŒMÍLŒNLMÌ×Ì—ÍMLŒLŒMÍÌLŒŒNŒLŒLŒŽŒMLŒNLMKÌ×Ì—ÍMKŒÌŒŒŒLLŒŒÌŒÌMŒLŒLŒNLŒÌÍÌŒNLM‹Ì×Ì—ÍM‹LŒMŒÍÍŒLŒLŒLŒŒLLŒMLŒNÌLŒÎLŒLLŒNLMËÌ×Ì—ÍMËŒŒŒŽLLŒÎŒŽLŒMLŒNŒLÎŒŽNŒNLNÌ×Ì—ÍNLŒŽŒÍŒŒLŒŒMLŒMNŒMLŒLŒLŒNLNKÌ×Ì—ÍNKLŒLÌŒÎLÌLŒŒÌŒÍLŒŒŒMÌŒMLŒLÌŒNLŒÌ×Ì—ÍŒLŒÌŒÌŒLŒÌLŒLŒŒLÎŒLÌLŒÎLŒÍŒNLŒKÌ×Ì—ÍŒKLŒMŒÌLŒÌŒLLŒNÌŒMŽŒLMÌŒŒŒNLŒ‹Ì×Ì—ÍŒ‹ŒMŒŽLŒŽŒNŒLLŒLMŒŽŒLMŒŒNLŒËÌ×Ì—ÍŒËŒÌŒÌÌŒŒŒNMŒÌŒŒMMŒLLŒLŒNLÌ×Ì—ÍŒÌŒÌÍLŒÌŒÌŒŒMŒLŒNLÌŒNNŒŒLLŒNLKÌ×Ì—ÍKLŒŽLŒŽŒLŒŽNLŒŽŒŒŒÍŒMLŒŒNL‹Ì×Ì—Í‹ŒLÌŒÍÌŒÌŒŒŒNLŒŒLŒLLŒLŒNLËÌ×Ì—ÍËLŒLŒÍLŒÌLŒMÌÌŒÌMLŒLŒMÍŒŒMLŒNLŽÌ×Ì—ÍŽŒÌŒÌLŒŒŒLÌŒŒŒMLŒMMÌŒLLŒŒNLŽKÌ×Ì—ÍŽKŒMLŒÌŒÌŒÎŒŒÎŒÍŒŒŒŒŒŒŒNŒNLÌÌ×Ì—ÍÌŒÌŒŒŽMŒŒÌŒŒŒÌŒMŒÎLŒLŒLŒNLÌKÌ×Ì—ÍÌKŒÌŒMŒÎŒMÌÌŒNNŒŒŒÌŒŒNLÌ‹Ì×Ì—ÍÌ‹ŒLÌŒÌNŒÎLŒŽŒŒLŒÌŒLÌŒNMŒNLÌËÌ×Ì—ÍÌËŒLŒŒLŒMLŒŒÌŒLŒŒÎŒŽMŒŽŒNLÍÌ×Ì—ÍÍŒLLŒÍŽLŒŒŒLŒMMŒŒŒÌŒŒMLŒNLÍKÌ×Ì—ÍÍKŒLŽLŒLŒLŒNLÌŒŽLŒŽLŒŒÌŒŒLŒNLÍ‹Ì×Ì—ÍÍ‹LŒŒŒÌŒÌŒÍÌŒŽMÌŒŽMLŒMLŒŒÍLLŒÌŒNLÍËÌ×Ì—ÍÍËŒMMÌŒŒŒLŒLÍÌÌŒŒŒŒÌLLŒŒMÌŒNLÎÌ×Ì—ÍÎŒLLŒMMŒLŒÌŽŒÌLŒÌŒŒÌLŒŒŒŒNLÎKÌ×Ì—ÍÎKŒNÌŒŒLLŒŒMLŒNLŒÌLLŒŽLLŒNLŽÌ×Ì—ÎŒŒLŒMLLŒLMŒŒÌŒŒŒŒLŒLLŒÌÌŒŒNLŽKÌ×Ì—ÎKŒÍLŒMŒŒLÍŒŒLLŒŒÌŒÌLŒŽMŒNLŽ‹Ì×Ì—Î‹ŒMÌLŒMŒLLŒŒÌLŒLŒNLŒÌŒŒLMÌŒNLŽËÌ×Ì—ÎËŒŽŒŒÍŒŒNNLŒŒÌŒLLLŒŒŒÌNLLÌŒŒNLŽÌ×Ì—ÎŒŽMLŒMMŒŒMMÌŒŒLŒŒŒŒÌLÌŒMLŒNLŽKÌ×Ì—ÎKŒŽŒŒŽLŒMLŒŒNMŒÍÎLŒMÌŒÌÎŒŒLŒNLŽ‹Ì×Ì—Î‹ŒÌMŒŒLŒNŒNLLÍLŒLŒLŒNLŒLŒNLŽËÌ×Ì—ÎËŒŽŒŒŒNŒLMÌLLŒŒLÎLŒÌŒLMŒŒNLŽÌ×Ì—ÎŒÍÌŒŒÌÌŒMÍŒŒÌLLLŒMLŒŒÌLŒLŒNLŽKÌ×Ì—ÎKŒÌMLŒŒNLÌŒNŒNNLŒŒŽNŒNLŽLÌ×Ì—ÎLŒMŒŒŒLÌŒŒÌŒLÌÍLŒLLŒÌLŒŒÎLŒNLŽLKÌ×Ì—ÎLKŒÌLŒLLŒLŒÌŒMLÌŒNŒNLŽL‹Ì×Ì—ÎL‹LMŒNLŒŽŒNŒŒÍŒÌMŒÎLŒÍŒŒNLŽLËÌ×Ì—ÎLËŒÌÌŒŽLŒŒÌŒLŒNLŒMŒŒÍÎŒÌŒNLŽMÌ×Ì—ÎMŒÍŒŒMÌŒÌŒŒMŒŒÎÌŒŒLLŒLLŒŒŒNLŽMKÌ×Ì—ÎMKŒÍŒŒŒŒÌŒLŒŒŒŒŽLŒNÌŒMŒŒNLŽM‹Ì×Ì×ÌLŒMŒŒŒÍLŒÌLLŒNNLŒMMLŒŒLŒÍÌŒÌŒNLŽMËÌ×Ì×ÌKLŒŒMŒMŒŒLŒÌMÌŒÍŒÌLŒNÌŒŒÌLŒÍLLŒLŒŒŒNLŽNÌ×Ì×Ì‹LŒŒLŒÍLŒLŒŽLŒŒLŒŒŽLŒMNLŒÍÍÌŒLŒNLŽNKÌ×Ì×ÌËLŒŒÍŒÎŒLŒÌLŒÍMŒLŒÌŒNLLŒLŒÌÌŒNLÌÌ×Ì×ÌLŒMLLŒÍÌÌLŒŽŒÌLŒÍLŒÌLŒÍLŒLŒNLÌKÌ×Ì×ÌKLŒNLLŒLŒŽNŒÎLŒMMŒÎLŒŒLŒLLŒNLÌ‹Ì×Ì×Ì‹LŒNÌŒÍMLŒŽLŒNLŒŒÌŒLLŒÌÍLŒÍLŒNLÌËÌ×Ì×ÌËLŒŒMŒŒÌÍŒLŒÌÌŒÍMLŒNMÌŒMLLŒŽLŒNLŒNLÌÌ×Ì×ÌLŒNLŒÍLLŒÌMÌŒÌLŒÍÌŒŒÍLŒÌŒŒŒŒNLÌKÌ×Ì×ÌKLŒŒŒŒÍLŒLŒÍMLŒÎLŒMŽLLŒÌLŒÌLŒLŒNLÌ‹Ì×Ì×ÌLLÌÍLLŒÍMLŒÍLLŒMŒÌLLŒÌNŒLŒŒNLÌËÌ×Ì×ÌLKLŒŒLŒÌLLŒÍŒŒÍŒLŒŒLLŒLÌLŒÍÌÌŒÌŒNLÌÌ×Ì×ÌL‹LŒŒŒLŒÍŒLŒÌŒŽMÌLŒŽLŒŒNLŒŒŒŒNLÌKÌ×Ì×ÌLËLŒŒLŒÍŒLŒÌŒÌÌLŒMŒŒŒLŒLLLŒŒŒNLÌLÌ×Ì×ÌMLŒŒŒÎMLŒÍMŒŽMLŒÌMŒLLŒŽLÌŒMŒNLÌLKÌ×Ì×ÌMKLŒŒNLŒÍÌŒLŒÍÍŒŒŽLLŒLLŒÌLŒÌLÌLŒŒNLÌL‹Ì×Ì×ÌM‹LŒŒLÌLŒÍŒLŒÍÎLŒÍLŒŒŒMLLŒÍLŒNLŒŒNLÌLËÌ×Ì×ÌMËLŒNMŒLŒÍMŒÍŒLŒMŒŒLŒLLLŒŒŒNLÌMÌ×Ì×ÌNLŒŒLÍLŒÍÌŒÎLŒÎLŒLÌLŒÌMŒŒNMŒŒNLÌMKÌ×Ì×ÌNKLŒŒÌŒLŒÍLÌŒÌŒŒLŒNMŒLLŒÌŒÌÌŒNLÌM‹Ì×Ì×ÌŒLŒNLŒÎNLŒÍŒÌŒŒŒLŒŽNŒMŒLŒŒNLÌMËÌ×Ì×ÌŒKLŒŒŽŒŽLLŒÍLŒŽÌLŒNLŒLLLŒMŒŒLMŒŒNLÌNÌ×Ì×ÌŒ‹LŒMÌŒŒÍLÌLŒÍÌŒÎŒLŒŒŒŒLŒÌLŒMÌŒNLÌNKÌ×Ì×ÌŒËLŒNMŒŒNLLŒÍŒŒŒŒLŒLÍLŒLLŒŽLŒLŒNLÌŒÌ×Ì×ÌLŒŒMŒÍŒŒLŒÎLŒŒÎLLLŒŒLŒŽLÎLŒLŒNLÌŒKÌ×Ì×ÌKLŒŽLÌLLŒÍŽLŒÌLŒMŒŒŒLŒMLŒLŒNLÌŒ‹Ì×Ì×Ì‹LŒŒLŒÌLŒÍÌŒŒÍNLLŒÎŒŒÌÌLŒÌMLŒMŒNLÌŒËÌ×Ì×ÌËLŒNLŒŒMÌÌLŒÍLŒŒŒÎLLŒNLLŒNNLLŒŽLŒÌŒNLÌÌ×Ì×ÌŽLŒŒLÍÌLŒÌLŒŒÎLLŒÍŒLÍŒLŒMNŒLŒŒNLÌKÌ×Ì×ÌŽKLŒŒÌŒMMŒLŒŽLŒŒLŒŒÌŒLÌLŒLŒMŽLŒNLÌ‹Ì×Ì×ÌÌLŒŒLŒÎMŒLŒÌŒLŒNLŒMŽŒLLŒÌMŒNLŒNLÌËÌ×Ì×ÌÌKLŒMÍŒMMÌLŒÌÌLŒŒŒLŒMLLŒŒLŒNLŒMLŒNLÌŽÌ×Ì×ÌÌ‹LŒŒŒŒÎMÌLŒÌLLŒÌLŒNMŒŒLLŒŒŒMLÌŒNLÌŽKÌ×Ì×ÌÌËLŒŒLŒŒMÌÌLŒÌLLŒLÌLŒMLŒLÌLŒŒLLÌŒNLÌÌÌ×Ì×ÌÍLŒNMLLŒÍMÌŒÍŽLLŒŒŒLÌLLŒMŽLŒNLŒNLÌÌKÌ×Ì×ÌÍKLŒMÍŒŒŒŒŒLŒÌMŒNLŒMNLŒMŒLŒLÍLŒŒNLÌÌ‹Ì×Ì×ÌÍ‹LŒŒŒÎLLŒÍLŒÍÌLŒNLŒLŒLŒLÍÌŒLŽŒNLÌÌËÌ×Ì×ÌÍËLŒŒŒÌŒŒLŒÌŒŒÌÎLŒLŒÌÌLŒLÌŒLŒLŒNLÌÍÌ×Ì×ÌÎLŒŒÌLŒÍÌLŒÍNŒÎÌLŒLŒLÌLŒMÌŒNLŒNLÌÍKÌ×Ì×ÌÎKLŒNMŒŒMÎLŒÍLÌŒŽMŒLŒLÍŒŒMÌLŒMÌŒLNLŒNLÌÍ‹Ì×Ì×ÍLŒMŽLŒÌÍLLŒÌÌŒÌŒÌLŒÎÌŒLŒLŒLŒŒLLŒNLÌÍËÌ×Ì×ÍKLŒNLLMLLŒÌLŒŽÌLŒÌŒÌÌLŒLŒŒŒŒNLÌÎÌ×Ì×Í‹LŒNLŒÍLÌLŒÌŽŒÌÎLŒŽŒMŒLŒNLŒLŒNLÌÎKÌ×Ì×ÍËLŒŒŒŒLLŒÌŒŒŒÌMÌLŒLLŒÎLŒLŽLŒLLŒNLÍÌ×Ì×ÍLŒMLŒÍMÌLŒŽLŒMŒŒLŒÌŒMMÌLŒŒÌLŒNLÍKÌ×Ì×ÍKLŒLÍŒŽNLŒÌLŒÍMLŒLŒŒLŒLŒÍLŒNLÍ‹Ì×Ì×Í‹LŒLÍÌÌLŒÌŒŒÌMŒLŒŒŒŒŒMMÌLŒŒŒLLŒŒNLÍËÌ×Ì×ÍËLŒLLŒÌLŒÌLLŒLŒLŒÌLŒLŒLŒŒNLÍÌ×Ì×ÍLŒMLŒÌŒLŒŽLŒŒÌŒLLÌLŒLLŒŒÍŒMMŒŒNLÍKÌ×Ì×ÍKLŒLŒŒÌLLŒŽÌŒÎLLŒLNLŒLLLŒLÎLLŒÌÌŒNLÍ‹Ì×Ì×ÍLŒŒŒŒŒŒŒŒŒNLÍËÌ×Ì×ÍLKLŒLLŒÌÌLŒŒÌŒŒLŒMLŒŒŒŒŒLLÌŒNLÍÌ×Ì×ÍL‹LŒLŒŒÍŽLŒŽLŒÍLÌLŒMŒŒLLŒÍMÌŒLLŒNLÍKÌ×Ì×ÍLËLŒŒŒÍŒLŒÌMÌLŒMÌŒLŒŒMÎŒNLÍLÌ×Ì×ÍMLŒLNÌLŒÌŒŒÍÍŒŒLŒNMÌLŒŒŒÌŒNLÍLKÌ×Ì×ÍMKLŒLLŒÍLŒŽLNLŒLŽŒLÎLŒLÍLŒLÌŒNLÍL‹Ì×Ì×ÍM‹LŒŒLNLŒŒŒÌÍŒLŒŒŒÌŒMŒŒŒLŒŒNLÍLËÌ×Ì×ÍMËLŒLÌŒÍLŒLŒŽÌLŒŒLMÌLŒNŒŒNLÍMÌ×Ì×ÍNLŒÍŒLLLŒLŒÌLŒŒLLŒŒŒŒNLÍMKÌ×Ì×ÍNKLŒÎLŒÌLŒLŒMŒŒÍLÌLŒLŒŒŒLLŒŒLLŒNLÍM‹Ì×Ì×ÍŒLŒŒŒÌŒLNMLLŒLŒNLŒNŒÌŒŒNLÍMËÌ×Ì×ÍŒKLŒÍŒNLŒŒÌŒÍŒŒŒÍŒŒMŽLLŒŽLŒMŒNLÍNÌ×Ì×ÍŒ‹LŒLÌŒÍÍŒLŒŒÌÌLŒLÌÌŒŽMÌLŒLÌŒŒŒŒNLÍNKÌ×Ì×ÍŒËLŒÍŒŽÌLŒMÌŒÍLLŒÌŒÌLLŒŒLŒLŒNLÍŒÌ×Ì×ÍLŒLŒÍLŒNŒÌNLLŒŒŒŒLLLŒLŒMLŒNLÍŒKÌ×Ì×ÍKLŒLLŒÍŒLŒŒŒÎLLŒLŒLŒMLŒÌŒNLÍŒ‹Ì×Ì×Í‹LŒMÌMLLŒŒMŒŒÍLLŒMÎŒŒÌLŒÍŒLŒŒŒŒNLÍŒËÌ×Ì×ÍËLŒLLŒÌLLŒLLŒÌNLLŒÌŒŒÌLŒLLŒLŒNLÍÌ×Ì×ÍŽLŒMŒLLŒLŒŒÌLÌLŒNLŒLÌLŒMÍLŒLLÌŒNLÍKÌ×Ì×ÍŽKLŒLLŒÍMŒLŒŽLŒÍÎLLŒLMŒLMLLŒLLÌŒLŒNLÍ‹Ì×Ì×ÍÌLŒLLLŒŒŒÍLLŒŒŒŒŒMŒÎLŒMÌŒNLÍËÌ×Ì×ÍÌKLŒLŒÎÌLŒŒLŒÌŽLŒLLŒŒŒŒLLÌLŒÌÌŒNLÍŽÌ×Ì×ÍÌ‹LŒMŒLLŒŒÎÌLŒŒÍLŒNNLLŒMŒŒÌŒNLÍŽKÌ×Ì×ÍÌËLŒÍŒLŒŒŒÍÍŒLŒLÌŒMÌLŒÌŒLLŒNLÍÌÌ×Ì×ÍÍLŒMLLLŒŒŒŒÎŒLŒÌLŒMLLŒLŒLŒŒNLÍÌKÌ×Ì×ÍÍKLŒŒŒLLŒŒÌŒÌLŒMŒŒŒMŒLŒÌŒNLÍÌ‹Ì×Ì×ÍÍ‹LŒMLÌLŒŒÍŒÍÌLŒLÌLŒNMŒLŒMŒŒŒŒNLÍÌËÌ×Ì×ÍÍËLŒLÌŒŒŒŒLŒŒŒÌLŒLLLŒLŒLÌŒMÌŒNLÍÍÌ×Ì×ÍÎLŒMŒŒLLŒMÌLŒŒLLŒMÌŒÌÌLŒŽŒNLÍÍKÌ×Ì×ÍÎKLŒŒŒÎLLŒNŒLŒMŒŒÌŒMŒŒÍÌŒNLÍÍ‹Ì×Ì×ÎLŒMLLLŒÍÌŒÍMŒÌLŒŒŒLLŒNLÍÍËÌ×Ì×ÎKLŒŒŒÍLŒŒŒLŒŒÌŒMMŒLMŒŒLLŒÌŒŒNLÍÎÌ×Ì×Î‹LŒMÍLÌLŒŒÌŒÍLŒNLLŒÌŒÌLŒLLŒNLÍÎKÌ×Ì×ÎËLŒMŒŒLŒŒŒŒLŒŒLÌŒMÍŒLŒŒÌŒNLÎÌ×Ì×ÎLŒLÌÌLÌLŒLŒŒNLŒÍLŒLŒLŒŒNLÎKÌ×Ì×ÎKLŒŽŒÎLLŒŒMÌŒŽMLŒŒŒLŒÌŒŒLŒNLÎ‹Ì×Ì×Î‹LŒMLLLLŒLÍÌŒÌNLLŒŽŒLÌŒNLŒÌŒŒNLÎËÌ×Ì×ÎËLŒÍLŒÍÌLŒLŒŒŒÌLŒŒMŒŒŒŒLŒLÌŒNLÎÌ×Ì×ÎLŒLMŒŒÎLŒLMÌŒÎLLLŒŒLLŒLŒMŒŒNLÎKÌ×Ì×ÎKLŒŒŒÌŽLŒNÌŒŽÌŒLŒÌŒŒŒŒLÌŒNLÎ‹Ì×Ì×ÎLLŒLÍŒŒÎÌLŒMŽŒÍLŒÎLŒŒŒÎMŒŒLŒŒNLÎËÌ×Ì×ÎLKLŒMNMÌLŒMLLŒÍÌLŒÎLŒMLŒMLŒLŒNLÎÌ×Ì×ÎL‹LŒMÌÌŒÌLLŒNŒÌÌLLŒÌŒÍLLŒŒMLLŒNLÎKÌ×Ì×ÎLËLŒŒÍLLŒLŒÌŒŒÍÌŒMÌŒLŒŒLLLŒLŒŒNLÎLÌ×Ì×ÎMLŒMŒLŒÌLÌLŒLMŒŽLLŒLŒŒÌŒNLŒŒNLÎLKÌ×Ì×ÎMKLŒÌŒŒÌÌLŒMŒŒŒŒLLŒLLŒMŽLŒLŒNLÎL‹Ì×ÍÌLŒŽMÌLŒLLŒÎÌLŒMLŒÍLŒLŒÌLŒÌŽŒŒŒŒNLÎLËÌ×ÍÌKLŒÌMŒŒMNLLŒÎLŒŒŽLŒŽNLLŒMŒLŒÍLŒŽLŒNLÎMÌ×ÍÌ‹LŒÍÍÌŒŒLLÍLŒŒLLŒÍLLŒLLŒÎÌŒÍŒNLÎMKÌ×ÍÌËLŒÌŒŒMÌLŽLŒŽMÌLŒÌÌŒLŒŒLŒÍÌŒLŒÎŒNLÎM‹Ì×ÍÌLŒÌLŒŒLŒŒLŒÌLÍLŒLLŒÍÍÌLŒÌŒNLÎMËÌ×ÍÌKLŒÎLŒŒÍLLÌLŒÎNLŒŒLŒMŽLŒLLŒŒÌŒNLÎNÌ×ÍÌ‹LŒÌŒŒNLLŒÎLŒMLNLŒNLŒÌÍŒŒMŒŒNLÎNKÌ×ÍÌËLŒÌÍŒŒLLŒŽMŒLŒÌÍŒLŒNLŒÍLLŒŒLŒNMÌ×ÍÌLLŒÍLLŒÌMÌLLLŒLÌLŒLŒLÌŒNMKÌ×ÍÌKLŒÍŒLLLŽLŒŽŒLŒÌŽLŒLLŒÌMÌŒLŒNM‹Ì×ÍÌLLŒÍŒMLLŒÎŒNLLLLŒLŒÎLŒŒNMËÌ×ÍÌLKLŒÌÌLŒŒLMŒŽÌLLŒMLLŒÎŒÍŒNMÌ×ÍÌL‹LŒÌÌÌŒŒLŒÎŒŒŒMÌLÎLLŒLLŒÎNŒÌŒNMKÌ×ÍÌLËLŒÍÌŒLLŒÎÌŒŒŽLŒÎŒLŒNNLLŒÌŒŒŒNM‹Ì×ÍÌMLŒÎŒŒMÌLŒÎMLŒNMLŽLLŒMMLLŒÌMÌŒLŒNMËÌ×ÍÌMKLŒÌÍŒŒMÌLLLŒŒÌŒLŒÍÌLLŒNLÌLŒÌNŒLMLŒNMÌ×ÍÌM‹LÌÌLŒŒLLŒÌÎLLŒLLŒŽŒŒMŒŒNMKÌ×ÍÌMËLŒÍŒÌŒLÌLŒLŒŽLŒÍNLŒŽLLŒLŒLMÌŒNMLÌ×ÍÌNLŒÍÌŒMÌÌLŒLÍLŒLLŒÍLLŒÍÌŒNMLKÌ×ÍÌNKLŒÍÌŒŒLŒŒŒŒLŒÍŒLŒMLŒŽLŒŒLLŒNML‹Ì×ÍÌŒLŒÍÌLŒŒÎLLŒŒÌLŒÍŒLŒLLŒÌLLLŒŒŒNMLËÌ×ÍÌŒKLLŒNNLMŒÍLLŒŽLŒLŒŒŒŒMLŒNMMÌ×ÍÌŒ‹LÌLŒÌÌLÌŒÎLLMÌLŒLNLŒÍÌŒÌLŒNMMKÌ×ÍÌŒËLŒÍÍÌŒŒLLŒŒLLŒÍÌŒÍÌLŒŽMŒLŽLŒNMM‹Ì×ÍÌLŒÍŽŒLLLŒÎMŒŒŒNLLŒŒMLLŒMÌLŒÌNŒMŒNMMËÌ×ÍÌKLNLŒMLŒÎMÌŒŒÍŒLŒŒÎŒLÌÌLŒŽLLŒMMÌŒNMNÌ×ÍÌ‹LŒÍÌŒŒÍLLŒÎLLŒÍÌLŒŽLŒÌLŒNLŒŒÌÌŒNMNKÌ×ÍÌËLŒÍÌLŒÌLLÌŒLÌLŒÌÌŒŒŒLŒÍLŒLŒNMŒÌ×ÍÌŽLŒÎLŒŽNLLŒÎLÌŒNLLŒÍŒLŒÌLŒŽMŒLLŒNMŒKÌ×ÍÌŽKLŒÍLLŒÎŒŒŒLŒŒŒNLŒŒÌŒMNŒNMŒ‹Ì×ÍÌÌLŒÍLŒŽLLŒÌŒLŒÌLLŒŒLŒMŒŽLŒNMŒËÌ×ÍÌÌKLŒÍŽLŒLŒÎLŒNNLŒŽÌŒÍŒLŒŒŒŒMÍÌŒNMÌ×ÍÌÌ‹LŒÍLŒŒŒLŒÌÍÌLŒLŒLLŒŒLŒŒNŒNMKÌ×ÍÌÌËLŒÍNLŒÎLŒÍŒŒŒÌMLŒŒŒLŒŒNŒMŽŒNM‹Ì×ÍÌÍLŒÎŒLŒÎNŒŽLŒLŒÌÌÌŒNLŒŒLŒNLLŒNMËÌ×ÍÌÍKLLLŽLLŒÍÌÌŒÍMLŒŽLÌŒMLLŒLÌŒŒŒNMŽÌ×ÍÌÍ‹LŒÍŽLŒÌLŒŒŒLŒŒÍÌŒLLLŒLŒŒLŒŒNMŽKÌ×ÍÌÍËLŒŒŒÌLŒÎMŒŽMLLŒŽLŒÌLŒLŒŒÌŒNMÌÌ×ÍÌÎLŒÌÎLŒŒÍŒLŒÍŒÌŒÌNLLŒŒLÎLLŒÌNLŒÌŒŒNMÌKÌ×ÍÌÎKLŒÎLŒNLŒÍŒŽÌLŒÌÌŒŒLŒÌLŒŒLŒÌŒNMÌ‹Ì×ÍÍLŒÌÎŒLŒÎÌŒÎŒLŒMNLŒNLŒLLŒÍLŒNMÌËÌ×ÍÍKLŒÎŒMÌLŒÍŒŒÍLLŒÎŒNŒLMLLŒÌLŒNMÍÌ×ÍÍ‹LŒÍLÌŒNLŒÍLŒÍLLŒŒÍÌŒŽLŒŒLŒLÍŒNMÍKÌ×ÍÍËLŒÍÍÌŒLLŒŒŒŽNLŒLLŒNLŒÌŒŒLŒNMÍ‹Ì×ÍÍLŒÌÍLMŒLŒÍLÍŒLŒŒÌŒMŽLŒÌŒŒMMÌŒNMÍËÌ×ÍÍKLŒÍÍŒŒÎLLŒÍŒÌLŒLMŒLLŒLÍŒŒMŒNMÎÌ×ÍÍ‹LŒŽMŒŒLŒÌÍŒŒŽLLŒŒLÌLLŒLMLŒMÌŒNMÎKÌ×ÍÍËLŒÍŒŒŒÍÍÌLŒÍŒÌLLŒNLÌŒLLLŒMÌŒLÌLŒNMÌ×ÍÍLŒÎLÍŒLŒÍŒŒÎÌLŒŒŽŒŒŒŒLŒLLŒŒÍŒNMKÌ×ÍÍKLŒÍŒŒÌŒLLŒÌŒŒŒÌŒMŒLLŒMŒŒLŒNM‹Ì×ÍÍLLŒŽŒŒŽLŒLŒÌMÌŒŽŒLŒLÌŒŒLÌLŒMLŒMŒNMËÌ×ÍÍLKLŒÌLŒÌNLLŒÌMÌŒÌÌLŒMMLŒLÌLLŒÌŒLŒNMÌ×ÍÍL‹LŒÌÌŒŽNLLŒŽNLŒŽLLŒLÌŒÎLLŒŽLŒMMŒŒNMKÌ×ÍÍLËLŒÌLŒÌÌLŒÌŒŒÍLLŒMŒLŒŒLŒŒÌŒLŒŒNM‹Ì×ÍÍMLŒŒLŒÌÌLŒŽŒŒÌNLŒŒŒŒLÎLLŒNŒÍÌŒNMËÌ×ÍÍMKLŒÌŒŒÍLLŒÌLÌŒÍMŒLŒŒŒLŒLLŒMÍLŒÌŒŒNMÌ×ÍÍM‹LŒNLÌŒLŒÍMŒÌÌŒMÎLŒÌŒLLŒŒÌŒNŒŒNMKÌ×ÍÍMËLŒÌŽLŒÍŒŒLŒÌLÌŒÎÌLŒLŒLÌLLŒŒLÌLŒLLŒNMLÌ×ÍÍNLŒÌŒÌÌLŒÍŒŒŒÌÌLŒŒLŒŒLŒLŒMŒŒÍŒNMLKÌ×ÍÍNKLŒÌŒŒÌŒLŒÌÌŒÍŒLŒŒLŒÌLŒMLŒÌÌŒNML‹Ì×ÍÍŒLŒNŒÎLŒNŒŒÎLLŒŒÌŒMLLŒŒŒNŒNMLËÌ×ÍÍŒKLŒÌMÌŒŽMŒLŒLŒÌLŒLŒLÍLŒÌLŒMÎLŒMŒNMMÌ×ÍÍŒ‹LŒŒŒŒŒLŒŒŒÍŒLŒLNŒLŽLLŒMLŒŒŒNMMKÌ×ÍÍŒËLŒÍŒÎLLŒŒŒÌLŒLŽLŒLLŒŒLŒLŒŒNMM‹Ì×ÍÍLŒLŒÍÍLŒLŒŒÌŒLŒLÍLŒŒMÌLŒŒÌÌŒNLŒŒNMMËÌ×ÍÍKLŒŒÍÌLŒŒŽLLŒLŒÌŒNLŒNŒŒLNŒNMNÌ×ÍÍ‹LŒŒŒÍÌÌLŒŒŒŒŒÍLLŒLŒŒNMÌLŒLŽLŒMŒŒNMNKÌ×ÍÍËLŒÍŒŽLŒMŒŽLŒLŒLLŒŒÌLŒLÎLŒLŒŒNMŒÌ×ÍÍŽLŒLŒÎLŒŒMLŒÌLŒÎŒLŒLŒMLŒMŒNMŒKÌ×ÍÍŽKLŒLLŒLŒŒÍŒŒÌLLŒLŒÎLLŒLŒÌŒLÎLŒNMŒ‹Ì×ÍÍÌLŒLŒÍLLŒŒLŒŽMÌLŒÌŒŒLŒMŒŒŒMŒLŒNMŒËÌ×ÍÍÌKŒŒŒŒŒŒŒŒŒNMÌ×ÍÍÌ‹LŒŒŽLLLLŒŒNLŒÌÍÌLŒÍŒMMÌLŒÌŒNLŒNMKÌ×ÍÍÌËLŒŒLŒÍÌLŒŒŒŒŒÍLŒLLŒMLÌLŒLŒLÌŒŒNM‹Ì×ÍÍÍLŒŒÍÌLŒŒLÌŒÌÍÌŒLŒŒLŒÎŒLLLŒNMËÌ×ÍÍÍKLŒNLÌLŒŒLŒNMÌŒLLŒŒŒŒŒLŒMÌŒNMŒNMŽÌ×ÍÍÍ‹LŒŒŒŒÍŽLŒMÎLŒÎMÌŒMÌŒMŒÎLŒŒLŒNMŽKÌ×ÍÍÍËLŒMÎLNLŒŒÌLMLŒLŒÌŒŒŒLÌŒŒÌŒNMÌÌ×ÍÍÎLŒŒÌMŒLŒŒŒŒÍÌÌŒLLŒLŒLŒLNŒNMŒNMÌKÌ×ÍÍÎKLŒŒMLŒMLLŒŒMŒŒLŒNÌŒMLLŒÌŒÌŒNMÌ‹Ì×ÍÎLŒŒMŒŒNLŒLŒŒLLLŒŒÌŒMLLŒŒŒÎLŒNMÌËÌ×ÍÎKLŒŒLŒMÌÌLŒLÎŒLŒÌŒŒÌLŒLŒŒŒŒNMÍÌ×ÍÎ‹LŒŒNLŒŽLŒNŒLÌŒŽLŒNŒLŒLŒÍŒŒNMÍKÌ×ÍÎËLŒŒLLŒNLLLŒNÌŒLLŒŒLLŒÌŒŽMŒNMÍ‹Ì×ÍÎLŒŒMLŒÌÌLŒŒLŒLŒŒŒLLŒŒŒNŒNMÍËÌ×ÍÎKLŒŒÌŒMLŒMÍÌŒŒÎLŒLŒŒÍLLŒÌÌŒÌÍÌŒNMÎÌ×ÍÎ‹LŒŒLŒŽLŒŒNMLLŒŒŒÌŒLŒŒÍLŒNMÎKÌ×ÍÎËLŒNMŒŒNLLŒŒŒLŒÌMÌŒŒMÌŒŽLŒMÎŒNMÌ×ÍÎLŒMÌLLŒMŒMŒÌŒMMŒÌÎŒLÌŒŒÍŒNMKÌ×ÍÎKLŒŒLÌŒŒÌÌLŒŒMŒŒŽLŒŒNŒMÌŒŒLŒNLŒŒNM‹Ì×ÍÎLLŒŒŒŒLŒNLÌŒÍNLŒÌŒLŒŒŒNMËÌ×ÍÎLKLŒMÌŒŽMLŒNMŒŒÌŒÌLŒŒLŒŒÍLŒNMÌ×ÍÎL‹LŒŒLŒÍLŒMÌÌÌLŒMÍÌŒÌLLŒŽNLŒŒŒNMKÌ×ÍÎLËŒŒŒŒŒŒŒŒŒNM‹Ì×ÍÎMLŒŒÌŒŒLŒNMLŒÌLLŒŒÌLŒŒMLŒNMËÌ×ÍÎMKLŒMÍŒÌLŒŒLŒMLŒŒŒÌLŒŒŒŒMLŒŒNMÌ×ÍWÌŒÌLŒÌLLŒÌŒLLŒMŒLŒLLŒMŒŒMŒÌŒNMKÌ×ÍWÌKLŒŒÌLÍLLŒŒLŒMLŒŒLLŒŒMÌŒŒMLŒNMLÌ×ÍWÌ‹LŒLŒŒÍLŒŽLŒÌÌLŒNMŒMLLŒLLŒŒÍŒŒNMLKÌ×ÍWÌËLŒLMLŒLŒÍLŒÎŒLŒŽŒLÌLŒLŒŒŒLŒLŒNML‹Ì×ÍWÌŒŽLŒÍÍŒLŒŒLŒÎLŒŽMŒMŽLLŒÎŒMŒNMLËÌ×ÍWÌKLŒÌLÍLLŒNÌLŒŒÌŒŒLLŒLŒLŒŒŒNMMÌ×ÍWÌ‹LŒMÌŒÍLLLŒŒLLŒMMŒŒLŒLÍŒŒLŒŒNMMKÌ×ÍWÌËLŒÍÌLLLŒLLŒÍLÌLŒLŒLŒLŒMŒŒŒLÌŒNMM‹Ì×ÍWÌLŒŽŒŽMŒLŒLŒŒLŒŒŽLŒÍŒLŒLÌŒŒLÌŒNMMËÌ×ÍWÌKLŒLŽLŒLŒLŒÍÌÌLŒMLLŒŒLLŒLMLŒMÍŒŒNMNÌ×ÍWÌLLŒLÌLŒLÍÌŒÍLÌLÌŒŒÌLŒLŒNŒNMNKÌ×ÍWÌLKLŒÍŒLLŒMLŒÍLLLŒŒMŒÌLŒÌŒŒLÌŒNMLÌ×ÍWÌL‹LŒÎŒÍŒLŒÍŒŒŽMŒLŒÍŒŒÌLŒŒMŒNMLKÌ×ÍWÌLËLŒLŒÍŽLŒNLŒÍLLLŒMÌŒLLŒŒŒLŒNML‹Ì×ÍWÌMLŒLŒÍŒLŒMŒÍLLŒLŒLLŒŒMLŒNMLËÌ×ÍWÌMKLŒŒŒŒÌÍŒLŒMÌŒŒLŒNMLLŒMÌLŒLŒMŒŒNMLÌ×ÍWÌM‹LŒLMÌLLŒLŒÌŒŽLLŒMLÌŒLŒÌŒNLŒNMLKÌ×ÍWÌMËŒÌÌLŒMMÌŒÌNLŒÌŒŒLLLŒLLŒNLŒNML‹Ì×ÍWÌNLŒLLÍÎLLŒLÌŒŽLŒNMŒŒMŒŒÍLŒMLŒNMLËÌ×ÍWÌNKLŒLÌLLLŒMŒŒŒLLŒÌÌLŒLÎLŒMLŒNMLŒNMLÌ×ÍWÌŒLŒLÍLŒŒLŒLŒÌŒŒÍLŒNMLLŒLLLŒÌŒŒŒNMLKÌ×ÍWÌŒKLŒLLŒMMŒLLŒŒLLŒŽŒNŒNMLLÌ×ÍWÌŒ‹LŒŒÍLLŒLNŒLŒLŒMŒÌŒLLŒŒNMLLKÌ×ÍWÌŒËLŒMÌÍLLŒMLŒLŒNNLŒÌŒLŒŒŒŽLŒNMLL‹Ì×ÍWÌLŒLLÍLLŒMLŒŒLŒMLŒLŒLŒÌŒLŒNMLLËÌ×ÍWÌKLŒLLŒÍŒŒLŒNLŒLŒŒLŒÌŒŒÎLŒNMLMÌ×ÍWÌ‹LŒLÌŒŽNLLŒMŒŒŽŒLŒŒLLŒÌLŒÎŒNŒŒNMLMKÌ×ÍWÌËLŒLÌŒÌŒLŒMÎŒŽLLŒMÎLŒMMLŒŽLŒŒŒLŒNMLM‹Ì×ÍWÌŽŒŒŽLŒLŒŒŽLŒMŒLLŒŒLŒMŒŒLNŒNMLMËÌ×ÍWÌŽKLŒŒŒÍMŒŒŒŒŒMÌLŒMÌŒNÌŒLŒMŒŒNMLNÌ×ÍWÌÌLŒLŒŽŒLŒLŒŒÌÌLŒNNŒLÌŒŒÌŒMLŒNMLNKÌ×ÍWÌÌKLŒŒŒÎMŒŒŒŒŽŒLŒNÌŒNLŒŒÌŒÎLŒNMLŒÌ×ÍWÌÌ‹LŒLÌÍŒLŒMŒLŒŒLŒMLŒŒÎŒMŒŒNMLŒKÌ×ÍWÌÌËLŒŒLŒÌÎLŒÍLŒŒÌLLŒŽLŒŒLÌLŒÍÌŒÎMLŒNMLŒ‹Ì×ÍWÌÍLŒÍLLŒMŒŒÌÌLŒMÎŒNLŒLŒMÌÌŒNMLŒËÌ×ÍWÌÍKŒŒŒÍÌŒLLŒŒÌLŒNŒLŒŽLÌŒNMLÌ×ÍWÌÍ‹LŒLŒLLLŒMŒŒÌÌLŒLŒLŒLŒŒNŒNMLKÌ×ÍWÌÍËLŒLŒÌÍÌLŒMÎLŒŽLŒMÌŒNLŒNLŒŒNML‹Ì×ÍWÌÎŒÌLMLŒMŒŒÌMLŒLŒŒLŒÎLŒŒŒNMLËÌ×ÍWÌÎKLŒLMÌLŒNMLŒÍÌLŒŒLŽLŒÌLŒÎLŒNMLŽÌ×ÍWÍLŒLLLŒMÍŒŒLÌLŒMMŒŒLLÌŒLÍŒLÍLŒNMLŽKÌ×ÍWÍKŒÍÌŒÍLLŒMLÌŒÌMLŒLLŒMMÌŒLMLŒÌLÌŒNMLÌÌ×ÍWÍ‹LŒŽLLŒNMŒŒŒLŒMŒLŒŒŒMŒŒLMŒNMLÌKÌ×ÍWÍËŒLLNNLŒMÌŒŽMLLŒMŒŒMŒÌŒLÎŒMMŒŒNMLÌ‹Ì×ÍWÍLŒLÌLLLLŒLŒÌLŒÍLŒÌŒÌŒNLŒNMLÌËÌ×ÍWÍKŒÍÌMLŒMŽLŒÍŽŒÌÌLŒŒŒLÍŒŒÌŒNMLÍÌ×ÍWÍ‹LŒLMLŒMÌŒŒÍLLŒŽLŒLLÌŒÌŒŒŽLŒNMLÍKÌ×ÍWÍËŒŒNLŒLŒLŒŒLŒÌŒNŒŒMLŒŒMÌŒNMLÍ‹Ì×ÍWÍŒNŒLŒMÌŒNŒLŒŒŒŒŒLŒLŒŒŽŒNMLÍËÌ×ÍWÍKŒMÌŒÍLŒMNLŒÌÍLŒNLŒLÌŒMMŒŒMLŒNMLÎÌ×ÍWÍLLŒLŒMLLŒLŒŒŽLŒMŒNLŒMŽLŒLŽŒNMLÎKÌ×ÍWÍLKŒMÌLLŒLŒÍŒLŒŒŒŒÌŒNŒŒÍLŒNMMÌ×ÍWÍL‹ŒMŒLLŒLŒMÌŒÎŒLMLŒÍLLŒLÌŒLŒNMMKÌ×ÍWÍLËŒÍÌŒÎLLŒMMŒÌNLŒMÌŒLÌŒLŒŒŽNŒNMM‹Ì×ÍWÍMŒMÍÌLŒLLŒMŒÌŒMÌŒŽŒŒLLŒŒÍŒŒNMMËÌ×ÍWÍMKŒLŒÍLLŒMMLŒÍŒLÌŒŒŒŒŒŒLŽLŒNMMÌ×ÍWÍM‹ŒLÎLŒÍŒŒLŒLLŒŒŒÎŒÌŒMLŒLLŒŒMŒŒŒNMMKÌ×ÍWÍMËŒÌŒŒÍLLŒŒÎNLŒNNŒÌŒNÌŒŽLŒNMM‹Ì×ÍWÍNŒŒÌŒLŒLÌŒŒÌŒŽNŒMNLŒLÌŒLNŒNMMËÌ×ÍWÍNKŒLÌŒÌŒLLŒLNLŒÌÌŒŒMÍÌŒMÎLŒNLŒNMMÌ×ÍWÍŒŒMŽŒLŒLLŒLÌŒÍŒŒŒÌŒLMÌŒŒŒŒNMMKÌ×ÍWÍŒKŒLLŒLŒÌÍÌŒŽŒŒŒNLŒŒNMLŒNMMLÌ×ÍWÍŒ‹ŒŒLLÌLŒLŒLLŒLŒMNŒÌMŒLLŒNMMLKÌ×ÍWÍŒËŒLÍÌŒÌŒŒLŒLÌŒÌÍŒÍMŒŒLÌŒÌŒŒMLŒNMML‹Ì×ÍWÍŒMÌŒMLŒLŒÌŽLŒÌŒŒLÍŒŒÌŒNLŒŒNMMLËÌ×ÍWÍKŒLMLŒÍLŒŒÍMŒLŒÍLŒÌNŒMŒŽLŒNMMMÌ×ÍWÍ‹ŒŒLMLLŒLLÌÌŒŒÍNLŒMÌLŒÎLŒNLŒŒNMMMKÌ×ÍWÍËŒMMÌŒŽŒLÌÌŒÍÌŒŽLŒŒÎLŒÌÌŒNMMM‹Ì×ÍWÍŽŒŒLLLLŒLŒÌŒŒŒŒMNŒLLŒMÌŒNMMMËÌ×ÍWÍŽKŒMMÌŒŽLLŒÌÌŒÍŒŒMŒŽLŒÍÌŒŒÍÌŒNMMNÌ×ÍWÍÌŒŒNLŽLLŒÍLŒŒLŒMŒŒÌŒŒÍŒMŒNMMNKÌ×ÍWÍÌKŒMLÌŒŒÍŒLŒLŒÌÌŒÍNŒÌLŒŒŒNNLŒNMMŒÌ×ÍWÍÌ‹ŒŒÌÌLŒŒNMÌŒŽŒŒÌŒNŒŒÌŒNMMŒKÌ×ÍWÍÌËŒŒŒŒLŒŒŒŒŽŒŒÎLŒŒÎLLŒŽŒÌLŒNMMŒ‹Ì×ÍWÍÍŒLŒÎÌLŒŒŒÌMÍLLŒLŒŒLŒŒLŒNMMŒËÌ×ÍWÍÍKŒŒLŒÎLLŒLLŒŽLŒLŒŒŒLŒMŒŒŒÌŽLŒNMMÌ×ÍWÍÍ‹ŒMŒÎŒLŒŒŒŒŒÌLLŒLŒMLŒLŒNMMKÌ×ÍWÍÍËŒNMÌŒNLLŒÍŒŒLŒÍNLŒLNLŒŒŽLŒÌŽLŒNMM‹Ì×ÍWÍÎŒNLŒÌÍÌLŒNLŒŽMLÌŒMÍŒŒÌLÌŒLÌŒŒNMMËÌ×ÍWÍÎKŒNMÌŒŒLLŒÌŒNLŒLŒNNLŒŒŒŒŽLŒNMMŽÌ×ÍWÎŒÌÌŒŽLLŒLŒMÌLLŒMÌÌŒMMLŒŽŒNMMŽKÌ×ÍWÎKŒŒLŒŒLŒLŒMÌMŒŒÍÌŒŒLŒLŒNMMÌÌ×ÍWÎ‹ŒLŒÍMÌLŒLŒÌÌLŒŒNNŒMŒNMMÌKÌ×ÍWÎËŒNÌŒŒMŒLŒNŒŽLŒÎMŒŒÌŒÍŒŒŒŒŒNMMÌ‹Ì×ÍWÎŒÍLŒÌLÌLŒMLŒŽLŒÌNŒLLŒLŒŒÎŒNMMÌËÌ×ÍWÎKŒŒŒNMŒLŒLŒÌMÌŽŒŒÌŒŒÌŒNMMÍÌ×ÍWÎ‹ŒLŒNLLŒŽLŒŽMŒÌŒMÌLŒLLŒŒNMMÍKÌ×ÍWÎËŒŒÎŒNLŒNMŽMÍŒŒŒŒÍLLŒLŒŒNMMÍ‹Ì×ÍWÎŒŽLŒŒŒLŒŒŒŒŽLLLŒLÌLŒŒÌŒNMMÍËÌ×ÍWÎKŒŒLŒŒMÌLŒŽLŒÌÌŒLLŒÎLLŒLLŒNMMÎÌ×ÍWÎLŒŽLŒMŒŒMŒŒÍŒLŒLŒLŒLÌŒNMMÎKÌ×ÍWÎLKŒŒNLŒMNŒLŒÍMŒÌŒLÌLNŒMMŒŒNMNÌ×ÍWÎL‹ŒŒNŒMŒMÌŒLNMŒŒLŒŒNMNKÌ×ÍWÎLËŒŒÎŒNLŒŒÍŒŒÌNLMMŒŒÍÌMÌLŒŒŒNMN‹Ì×ÍWÎMŒŒÎŒÍŒŒÌLŒÎŒŒMÌLŒÌŒÍMLŒÌŒNMNËÌ×ÍWÎMKŒLŒÍÌŒÎLŒÎMŒŒŒŒŒMÌLŒLŒNMNÍÌÌLŒŒNŒMÍLLŒNLLŒÍLLŒÌLŒLLŒŽLŒŒŒŒÌŒNMNKÍÌÌKLŒŒLÌŒNÌLŒŒŒLŒMÌLŒLNLŒŒÌŒMÍŒNMN‹ÍÌÌ‹LŒŒÌŒÌMŒLŒŒLŒÍNLŒÍLŒŒŒLŒÍLŒÌÌŒNMNËÍÌÌËLŒŒŒŒÌŒLLŒNMÌMLŒMÎLLŒLŒŒLŒŒŒŒNMNÍÌÌLŒŒÍLŒŽLLŒÎLLLLŒÌÎLLŒLLLŒÍÍŒŒŒNMNKÍÌÌKLŒŒMŒNÌLŒŒLŒLŒMLLŒLLLŒNLŒMŒNMNLÍÌÌ‹LŒŒLÌŒŽÌLŒŒLŒMÎLLŒŽLŒLŒLŒÍÌÌŒŒNLŒNMNLKÍÌÌËLŒŒŒLŒNLLŒŒÌÌMÌLŒNLLŒÌLŒLÎLŒŽLLŒNMNL‹ÍÌÌLŒNMÌŒÌÌŒLŒŒLLLŒÌLLŒLŒLŒÌLŒMLŒNMNLËÍÌÌKLŒŒŽŒŒNLŒŒŒŒLŒMŽLLŒLLLŒNNŒNŒŒNMNMÍÌÌLLŒLÌÌŒÌLÌLŒŒNLLŒÍMŒLŒMŽLŒÌŒMŒŒNMNMKÍÌÌLKLŒNMLŒNLLŒŒLLLŒMMŒLŒLLLŒMNŒNŒNMNM‹ÍÌÌL‹LŒŒŒŒÌLŒŒLLLŒŽLLLŒMŒLŒŒŒŒNŒNMNMËÍÌÌLËLŒŒŒŒMLŒŒŒLŒMLÌLŒLLŒLŒÌŒÌLŒNMNNÍÌÌMLŒŒŒÍÌLŒNNÌLŒŒŽLLŒŒLLŒLŒŒŒNMNNKÍÌÌMKLŒNMŒÎLŒŒÌŒÎLLŒMMLLŒÌLŒMMLŒÌÌŒNMŒÍÌÌM‹LŒŒLŒŒÎLLŒÍLLMNLLŒŒLŒMÌLŒÎŒŒMŒŒNMŒKÍÌÌMËLŒŒŒÌŒLŒŒLŒŒÎMŒLŒMŒLŒŒLŒMLŒŒÌÌŒNMŒ‹ÍÌÌNLŒŒLŒÍÍLLŒNLŒŒLŒÎLŒLŽLLŒŒMŒMŒŒNMŒËÍÌÌNKLŒNLŒŒLÎLŒNŒÌÌŒLŒLÌLŒŽLŒLÌLŒŒŒÌŒNMŒÍÌÌŒLŒŒLŒÍÎLLŒMLMLŒLŒŒÌLŒLÍLLŒŒMÌŒMŒNMŒKÍÌÌŒKLŒNŒŒÌÌÌLŒŒLÍLLŒNŒÍŒLŒLMŒÌLŒNMŒ‹ÍÌÌŒ‹LŒŒLŒLŒMMLŒLLŒŽŒLŒNLŒÍMLLŒLŒNMŒËÍÌÌŒËLŒMŒŒÌLŒLÌLŒNÌŒNLŒNŒÌLŒŒNMŒÍÌÌLŒNNNLŒNNŒLŒLLŒLŒLŒŽŒŒÍŒŒNMŒKÍÌÌKLŒMÍŒŒÌNLLŒNLŒÌMLŒLŒŒŒNLLŒŒŒÌÌŒNMŒLÍÌÌ‹LŒNNLÍLLŒNLLŒLŒÌLŒÌLŒÍŒŒNLÌŒNMŒLKÍÌÌËLŒMLŒÌÌLŒMŒÌŒŽŒLŒMLŒLLLŒMLŒÌÎLŒNMŒL‹ÍÌÌŽLŒŒŽÌÌLŒŒLMLŒŽŒŽLŒŒŒLŒŒNMŒLËÍÌÌŽKLŒMLŒŒÌŒLŒMMÌŒÌÎLŒLÌŒLLŒŒŒÍÎŒNMŒMÍÌÌÌLŒMŽLMÌLŒMÌLŒLŒŽŒNLLŒŒÍÌŒÍÎŒNMŒMKÍÌÌÌKLŒŒŒÌŒLŒŒŒÎÌLŒLŽŒŒLLŒMŒÌÌŒNMŒM‹ÍÌÌÌ‹LŒNMÌLŒŒŒÌMLLŒÌÎŒLLŒMŒMŒŒNMŒMËÍÌÌÌËLŒMŒÌÌLŒLÍŒŒLŒLMŒLLŒŒŒÌÎLŒNMŒNÍÌÌÍLŒMÍŒŒÎLLŒŒŒLÌLŒŒLŒMLLŒÌŒŒŽLŒNMŒNKÍÌÌÍKLŒLÎLŒÌŒŒLŒLŽŒÍLLŒLLŒMŒLŒŒÍÌŒNMŒŒÍÌÌÍ‹LŒNŒÍMLLŒMŒŒÍŒLŒNMŒLŒÌLŒÌÌŒLÌŒNMŒŒKÍÌÌÍËLŒLŒŒLŒMÌÌÎLLŒÌŒNŒLŒLLŒÎMÌŒNMŒŒ‹ÍÌÌÎLŒMMŒŒÍŒŒLŒÌÌLLŒLŒLÎLŒLMŒLŒLŒŽLŒŒNMŒŒËÍÌÌÎKLŒŽLLLŒLŒLŒNŒŽŒLŒNMŒÍÌÍLŒMNLŒÎLLLŒLÌŒÍÌLŒMLŒLÍŒŒLÍLŒNLLŒNMŒKÍÌÍKLŒLLLŒLLŒLLÌŒÌŒLŒLÌŒMŒŒŒMŒŒNMŒ‹ÍÌÍ‹LŒMŒÍLLLŒLÌŒÌLŒMÌŒNLŒŒLÌŒŽLŒNMŒËÍÌÍËLŒLMÌŒÍŒLLŒLLÌŒÎLLŒLÌŒNŒLÌŒÌNŒNMŒŽÍÌÍLŒLNLŒÌÌLLŒLLLŒÌŒNMŒŒNŒÌMÌŒNMŒŽKÍÌÍKLŒLLŒÍŒLŒMLŒÎLÌLŒŒŒŒŒŒLŒÍŒNMŒÌÍÌÍ‹LŒLŒÌLŒŒŒÌMLLŒLŒŒŒNMŒLÌŒÍÎŒNMŒÌKÍÌÍËLŒNLÌÌŒŒŒMLŒÌŒŒŒLŒMŒŒÍŒNMŒÌ‹ÍÌÍLŒÍLŒÌŒLŒÍŒŽLÌLŒÌŒMLŒMÌŒÌLÌŒNMŒÌËÍÌÍKLŒÍÌŒÌÎLŒLŒÍÌŒŒÍÌŒLŒŒŽÌŒNMŒÍÍÌÍLLŒŒÌŒLŒMLÌŒÌMÌLŒÌÌŒLÌLLŒLNLŒÍŽŒNMŒÍKÍÌÍLKLŒÍŒÎÌLŒNÍŒŒŒMLŒLÍŒÌÎLŒNMŒÍ‹ÍÌÍL‹LŒÍÌŒŒLŒŒÌŒÍLŒÎŒLLŒÎŒÌŒŒNMŒÍËÍÌÍLËLŒÌŒÍMLŒLŒMNLŒLŒŒNMLŒMŒNMŒÎÍÌÍMLŒŒŒŒNLLŒŒŒŽLŒLŒÎŒŒŒŒŒÍŽLŒNMŒÎKÍÌÍMKLŒŒLŒÌÎLLŒÌŒÎŒŒLŒLÍŒŒLÍŒMLŒNMÍÌÍM‹LŒŒŒŽMLŒLŒÍÍÌLŒLŒŒLŒÌŒÍMLŒNMKÍÌÍMËLŒŽŒÍMLŒŒÌLÌŒLŒŒMÌŒLMŒŒÍLŒNM‹ÍÌÍNLŒMLŒÎLLŒŒÍLÌLŒÌŒNLLŒŒŒŽLŒNMËÍÌÍNKLŒLŒÍNLLŒLŒŒÍÌÌŒMLÌŒMŒŒLŒÌŒŒNMÍÌÍŒŒŒŒÌNLŒNŒŽŒLŒŒMÎŒNLŒŒÎLŒNMKÍÌÍŒKŒŒÌŽŒLŒÍMÌŒLÌŒLÌŒNÌŒLŒNM‹ÍÌÍŒ‹ŒLLLLLŒÌŒÍLLŒNLŒÌLŒNŒLÌLŒNMËÍÌÍŒËŒLŒÍMLŒLŒŒŒMLLŒLLLŒLŒÌLŒNMÍÌÍŒLŒMÌŒŒŒŒÌÌŒMÌŒMÌŒMLŒÍLŒNMKÍÌÍKŒMŒŒÍLŒÍLÌŒMŒÌÌŒLŒÍŒŒŒNMLÍÌÍ‹ŒLŒÎÌŒNLŒÍMÌŒÌÌŒÌŒLÌŒŒLLŒNMLKÍÌÍËŒÌŒŒÌLŒLŒÌŒÌŒMŽLŒŒŒŒŒNLŒÌÍŒŒNML‹ÍÌÍŽŒLLŒÍŒMÌŒÍÍŒŒLÌŒMÎŒNMLŒÌÌŒNMLËÍÌÍŽKŒLLÌŽMÌŒLÌÌLMLŒŒŒLŒÌŒŒŒŒÌŒÌŒNMMÍÌÍÌŒÍLMŒŽLLÌŒMŒÌŒLŽLŒŒÌŒŒLŒNMMKÍÌÍÌKŒŽŒÌŒŒLŒŒÌŒŒMÌŒMNLŒŽÌŒNMM‹ÍÌÍÌ‹LŒÎÌLŒŽLMŒÌŒMÌŒLÌŒMŒÌŒNMMËÍÌÍÌËŒMŒŽLŒMŒŒŒÌLŒŒLŒÌÍLŒŒÎLŒÌLŒŒNMNÍÌÍÍŒMÌŒÍŒMŒŒÍLŒMÌŒLŽLŒNLŒŒLLŒNMNKÍÌÍÍKŒLŒŒŒÎLŒLŒÌLŒLŒŒŒŒÍŒNMŒÍÌÍÍ‹ŒLMLŒŽNLŒLÌŒŒLŒMŒLŒÎLŒÍŒŒŒŒŒNMŒKÍÌÍÍËŒLMŒŒÌMŒŒŒŒŒŒÌÌŒŒLŒŒÌLŒLŒNMŒ‹ÍÌÍÎŒÌŒMLŒŽLŒŽLŒŒŽLŒLMLŒMLŒŽÌŒNMŒËÍÌÍÎKŒLÍÌŒNNLŒLŒLŒŒÌLŒÌŒÌÌŒÍLŒNMÍÌÎŒMÌŒŒLŒŒÌŒMÌŒŽLÌŒMLŒLŒŒŒNMKÍÌÎKŒŽLLŒÌŒÌŒLLŒŒÌŒŒÌMÌŒNŒÌÌŒŒNM‹ÍÌÎ‹ŒNLÌŒŽLŒŒLÎLŒLŒŒNLŒŒMŒŽMÌŒLLŒNMËÍÌÎËŒMÍŒÌŒLLŒŒŒÌŒŒÌÌŒÌÌŒÌLŒNMŽÍÌÎŒŒŒLŒÌLŒLŒŒLÍLŒŒÍŒŒÍLÌŒMÌŒNMŒNMŽKÍÌÎKŒŒÌŒŒŒŒŒLŒŒŒŒLŒÎLŒMLŒŒNŒNMLŒNMÌÍÌÎ‹ŒLŒŽLŒMLŒMÌŒŒNŒÎŒŒŒŒŒNMÌKÍÌÎËŒLŒŒMŽLŒLLŒŒŽŒÌÎŒŒLÌŒÍŒŒŒŒLŒNMÌ‹ÍÌÎŒŽLÌŒŒŒŒŒŒŒŒŒLŒŽMŒŒNŒŒMŒŒNMÌËÍÌÎKŒÍŒŒŒNLŒLMLŒŒŽLŒMMLŒNÌŒMMŒŒNMÍÍÌÎLŒMŒŒŒLÌÌŒMÍLŒÌŒŒŒNNŒŒÍÌŒMLŒNMÍKÍÌÎLKŒŒLŒNNŒMÌŒNLŒLLŒÌLŒMÌŒŒNMÍ‹ÍÌÎL‹ŒMLMÌÌŒMLÌŒMŒŒŽŒŒMŒÌŒMÌŒNMÍËÍÌÎLËŒŽÌŒÍLŒMLŒLŒŽMŒŒMŒŒLŒMMÌŒNMÎÍÌÎMŒÍNŒŒÌŒŒŒŒMLŒÌŒLLŒMŽŒNMÎKÍÌÎMKŒÍŒÌŒNMŒŒÎLŒÌÎLŒLŒMÌŒMLŒNMŽÍÌWÌLŒLLŒÌŒLLŒMLŒLÌLŒŒŒLŒŒLŒÌLŒMŒŒNMŽKÍÌWÌKLŒLMLŒLŒÌÌÌLŒÌLŒMŒŒMLŒÌÌŒNMŽ‹ÍÌWÌ‹ŒÎLMLLŒLŒŒMŒLŒMŒŒŒLLLŒÌŒŒŒNMŽËÍÌWÌËŒÌLLŽLLŒŽŒÌÍLŒLÌŒMÌŒÌŒLŒNMŽÍÌWÌLŒLNLŒÎMŒÌŒMÌÌLŒŒMÌLŒÍLŒLNŒNMŽKÍÌWÌKŒŒŒLÌLŒŒŒÌÍŒŒMŒLŒÌLŒŒNŒNMŽ‹ÍÌWÌ‹ŒLŒŒŒLŒLLŒŽLŒŒLŒŒÌLŒMÍLŒMLŒNMŽËÍÌWÌËŒMLLLLŒMŒÌÍLLŒMLŒLŒMÌŒMÌŒNMŽÍÌWÌLŒŒÌŒLŒŒÌŒŽLLŒŒÍŒLŽLLŒMLŒNÌŒNMŽKÍÌWÌKŒŒLMLŒŒŒŒÌŽLŒLŒNLLŒLŒNLŒNMŽLÍÌWÌLŒÌLŒŒÌŒLŒMÌŒNLŒMŒŒŒŒNMŽLKÍÌWÌLKŒÎLÌLŒŒŒÍMŒLŒNLŒLÌÌLŒÌÌŒÍLŒNMŽL‹ÍÌWÌL‹ŒLNŒŒŒÌŒLŒNMÌŒÍŒŒLŒŒNMŽLËÍÌWÌLËŒÌMŒŒŒŒÌLLLŒNLŒLLLŒÌÌŒLÌŒNMŽMÍÌWÌMŒÌŒMŒŒLŒNLŒLÌŒLŒŒNMŽMKÍÌWÌMKŒÌÌŒÌŒŽŒŒŒŒŒŒŒŒMLŒNMŽM‹ÍÌWÌM‹ŒÌÌŒŒÌŒÍLLŒLÎŒLŒŒŒŒMLŒNMŽMËÍÌWÌMËŒMÎLŒŒŒÍŒŒLŒŒŒLŒLÌŒŒLÎLŒNMŽNÍÌWÌNŒŒLŒÌŒŒÌLLŒŒLŒLLŒÍLŒMÌŒNMŽNKÍÌWÌNKŒLLŒŒÌMÌŒNŒŒLŒLÎŒMÌŒŒNMÌÍÌWÌŒLŒÍŒŒÌŒŒÌLŒŒÌŒŒMLŒÎLŒŒŒNMÌKÍÌWÌŒKŒLŒÎÌŒMLŒŒLŒÌŒŒMÍLŒLÌŒLÍLŒNMÌ‹ÍÌWÌŒ‹LŒNLŒÌŒŒŽLÌLŒŒÌŒÌŒLÌÌŒÌŒNMÌËÍÌWÌŒËŒMLŒÍLŒLŒŽÌLŒŒNNŒŽLŒLŒŒNMÌÍÌWÌŒŒÌŒÍLŒLŒMŒLŒÌŒLŒLŒMŒNMÌKÍÌWÌKŒÍÌÌŒŒŒLŒLŒLLŒLŒŒMLŒNMÌ‹ÍÌWÌ‹ŒMMŒŒŒÌŽLLŒŒŒMŽŒÎLŒÍŒNMÌËÍÌWÌËŒÍLŒÎLŒMLŒŒŽLŒLLŒNLŒLÌŒMŒNMÌÍÌWÌŽŒŒŒŒŒŒŒŒŒNMÌKÍÌWÌŽKŒŒŒŒŒŒŒŒŒNMÌLÍÌWÌÌŒŒŒÍÌÌŒÌÌŒÍLŒŒŒÍMLŒŽLŒŒNMÌLKÍÌWÌÌKŒŒŒŒŒŒŒŒŒNMÌL‹ÍÌWÌÌ‹LŒÍŒMŒŒNLŒÎLLŒNŒNLŒMLŒÍŒŒNMÌLËÍÌWÌÌËŒÎŒÎÌŒMŒŒÍŒŒMŒÍŒŒŒMŒŒÌŒNMÌMÍÌWÌÍŒNŒÎLŒNLŒÌNLLŒNLŒLŒÌŒMŒŒLLŒNMÌMKÍÌWÌÍKŒÎLŒMŒÍÌŒŒMŒÍŒMÌŒŒÌLŒNMÌM‹ÍÌWÌÍ‹ŒLŒÌÍŒŒLÌŒÍNLLŒLŒMŒŒLŒÍLŒLLÌŒNMÌMËÍÌWÌÍËŒŒŒŒÌLÌŒLLLŒÍŒŒMŒŒÌŒŒŒLŒNMŒŒNMÌNÍÌWÌÎŒÍŒÌŒÌŒLÌÌŒÌMÌŒMŒŒLNŒMÌŒLÍŒNMÌNKÍÌWÌÎKŒŒÌŒÎMÌŒLÍLŒŒÍÌŒMŒŒMMÌŒŒLLŒMŒŒNMÌŒÍÌWÍŒLLŒŽMŒŒMŒÌŒÌŒŒÍMLŒMÍŒŒÌŒNMÌŒKÍÌWÍKŒLŒÍÌŒŒLÍÌŒÌÌŒÍŽLŒŒŒŽLŒLŒNMÌŒ‹ÍÌWÍ‹ŒLŒŒMŒŒŽLŒÎŒŒŒLÎŒLLŒŒNMÌŒËÍÌWÍËŒÍŒŒÌÌLŒLÎLŒÌLŒMLŒMLŒLŒMLÌŒNMÌÍÌWÍŒLÌŒMLŒMÍŒŒÌNLŒÌŒNŒŒŒLÍŒŒNMÌKÍÌWÍKŒLŒŒÌÌLŒMÍLŒŽÌŒLŒŒŒLŒÌLŒNMÌ‹ÍÌWÍ‹ŒLÌŒÎŒLÍŒŒŒÎŒNÌŒÌÌŒLÌŒŒLMŒNMÌËÍÌWÍËŒLŒÍNŒMNLŒÍŒŒÌMŒMMŒNLÌŒMÌŒNMÌŽÍÌWÍŒLŒÌÎŒLÎLŒŒŒŒÌŒŒMŒLÍŒŒLŒNMÌŽKÍÌWÍKŒLŒÎŒMÎLŒÌLŒŽŒŒLNŒÌÍLŒLMÌŒNMÌÌÍÌWÍLŒLMLŒMÌŒŒŒŒŒŒŒMŒLŒMNŒLÌŒLŒLŒNMÌÌKÍÌWÍLKŒMMLŒÌLLŒNŒŒÎÌŒÌLŒMÌÌŒNLŒŒÌŒNMÌÌ‹ÍÌWÍL‹ŒMÍLŒŽŒŒŒLŒMŽŒNŒMMLŒNNŒNŒNMÌÌËÍÌWÍLËŒMLLŒMÎLLÌŒÍÌŒMÌŒÍŒMÌŒNMÌÍÍÌWÍMŒNLŒLÌŒŒÎLŒŒŽLŒŒŒŒLŒŒMŒŒNMÌÍKÍÌWÍMKŒMMLŒÎMŒŒNÌŒÎŒŒLLŒLÌŒNMŒŒNMÌÍ‹ÍÌWÍM‹ŒŒMLŒÌLŒŒÍLŒÍMŒMŒŒŒNLŒŽŒLÌŒŒNMÌÍËÍÌWÍMËŒŒLŒÌŒŒÌŒÍŒLŒÌLLŒMŒŽLLŒMŒŒNMÌÎÍÌWÍNŒLŒMŒŒŒŒŒŽMÌŒÌŒLŒÌŒMLŒMÌŒNMÌÎKÍÌWÍNKŒŒÌŒÍLŒŒÍLŒÍÌLŒŒÍŒÌŒLÌŒNMÍÍÌWÍŒŒLLŒLŒNLŒŽLMŒŒNLŒÌŒŒMŒNMÍKÍÌWÍŒKŒLŒÍLŒŒŒŒLMLŒMNLŒÍÌŒŒŒNLŒNMÍ‹ÍÌWÍŒ‹ŒÌLŒMŒŒŒŽŒNŒŒLŒŒŒŒÌÌLŒŒLŒNMÍËÍÌWÍŒËŒŽLŒŽŒŒLÌŒÌLMMÌŒNLŒLÌŒŒLŒNMÍÍÌWÍŒÌÌŒMŒŒÌŒÌÌŒŽLŒMÌÌŒŒŒLÌÌŒNMÍKÍÌWÍKŒŒLŒŒÍŒŒŒŽŒLÌLŒŽNŒŒÌŒNMÍ‹ÍÌWÍ‹ŒÌÌŒLŒŒÌLŒÍŒŒMÍLŒMŒNMÍËÍÌWÍËŒÌŒŒŒÎŒLŒŒŽNLLÌLŒLŒŒÎÌŒŒŒNMÍÍÌWÍŽŒŽLŒÍŒŒLÌŒŒMŒÌÌLLŒLLŒNLŒMLŒNMÍKÍÌWÍŽKŒÍMLŒNŒLLŒÍÌMLLŒLMŒÍŒŒMNŒNMÍLÍÌWÍÌŒÍMLŒLŒÌŒŒŒÌÎŒŽŒŒÌÌŒMŒŒNMÍLKÍÌWÍÌKŒÍMLŒNLŒŽLŒÌLÌMÌŒÍŒÍÎŒŒÌÌŒNMÍL‹ÍÌWÍÌ‹ŒÎLŒLŒŽMŒŒÌLMŒLŒŒŽÌŒŒMLŒNMÍLËÍÌWÍÌËŒÎŒLŒŒŒÍÌLŒŽLŒMMŒŽNLŒÍLŒNMÍMÍÌWÍÍŒÎÌŒŒÌŒŽMŒŒÎÌÌLŒŒŒÌÌŒMÌŒNMÍMKÍÌWÍÍKŒÍÍŒŒLŒŒÍŒŒŽLŒNMLŒMLŒÎŒŒNŒNMÍM‹ÍÌWÍÍ‹ÌŒŒŒÌÌŒÍLŒŒNŒNMŒŒLLŒNMÍMËÍÌWÍÍËMÌŒMÌLŒŽLŒMÌNMÌŒŒÍŒÍÎŒŒLŒNMÍNÍÌWÍÎMÌŒMŒŒÌMŒŒŽLŒLLLNLŒLÎLŒNMÍNKÍÌWÍÎKŒÎŒŒMÎŒŒMŒŒNLŒMLLŒŒÍLLŒŒŒNMÍŒÍÌWÎÎŒŒLŒÌNLŒNMŒNMÌŒMŽLŒÌŒŒMÍŒŒNMÍŒKÍÌWÎKŒŒNŒŒŽMLŒŽLMLŒÌÌŒŒÎLŒMŒLŒNMÍŒ‹ÍÌWÎ‹LŒÌLÌŒÌÌŒŒÍLÌLÍLŒMŒŒŒŒNŒŒNMÍŒËÍÌWÎËMŒÌMŒŒÌLÌŒŽNMŒÌŒŽLŒŒŒŒŒNMÍÍÌWÎÌLŒLÎŒÌŽŒLÌLŒLNLŒÍÌŒMŽŒNMÍKÍÌWÎKŒÍŒŒÌŒŽLŒÍÎLMÌŒŒLŒNÌŒÍLŒNMÍ‹ÍÌWÎ‹ŒLLŒÌŒÌŒÌÍŒLŒÌŒŒŒÍÌŒNMÍËÍÌWÎËŒNŒŽLŒŒÍMŒLLLŒLŒŒŒMŒŒNMÍŽÍÌWÎŒÍLLŒŒÌŒÌŒLMLLŒMLŒŽLÌŒÌŒŒNMÍŽKÍÌWÎKŒŒNLŒÍŒŒŒLLNŒLÍMŒÌLŒNMÍÌÍÌWÎLLŒLŒŒÍŒŒÌMÌLŒNMŒÎÌŒŒMLŒNMÍÌKÍÌWÎLKÎŒMLLŒÌŽLŒLMLÌŒNLŒMŒÌŒÎŒNMÍÌ‹ÍÌWÎL‹ŽLŒÍÌŒÍÎLŒŽÌNLŒŒNŒŒNLŒÍŒNMÍÌËÍÌWÎLËŒŒLLŒÍÍŒŒMÌMMŒŒMÎLŒŽŒÌLLŒNMÍÍÍÌWÎMŒÎŒŽLŒÌŽLŒŽNLŒŽLŒLŒÍÌÌŒŒLŒNMÍÍKÍÌWÎMKLŒÌŒÍŽLŒNÌŒŽŒŒNŒŒÌŒNMÍÍ‹ÍÌ—ÌLŒLLŒŒÌŒLŒŽLLŒNLŒÌŒLÌLŒŒÍLŒNMÍÍËÍÌ—ÌKLŒŒŽLŒLLŒÌMŒLLŒLNLLŒÌŒŒÍLŒLLŒNMÍÎÍÌ—Ì‹LŒŽLŒLŒŽNLLŒŒLLŒLÌLŒMMŒŽLLŒMÌŒNMÍÎKÍÌ—ÌËLŒÍÌŒMLÌŒÌŒŒLÌLŒMÎLLŒŒÍÌLŒŒMÌŒNMÎÍÌ—ÌLŒÌÌŒLŒÌŒŒMLŒLÍLŒÍLŒLŒLŒMLŒNMÎKÍÌ—ÌKLŒŽLŒLÌLŒÌLŒLLLŒLÍLLŒLŒŒÎLLLŒMŒŒNMÎ‹ÍÌ—Ì‹LŒÍLŒLLŒŽMŒLŒLLLŒÌÌLŒMLŒŒMŒLŒMMŒNMÎËÍÌ—ÌËLŒŽLLŒLŒŒŽMŒŒŽLLŒŒÎLLŒMLŒŒÎMLLŒŒÌŒNMÎÍÌ—ÌLŒNŒŒÌMLŒÌÌLŒLLŒŒNLŒŽLŒNMÌŒNMÎKÍÌ—ÌKLŒÎŒÎŒŽLLŒLLŒŒÍŒLŒLŽLŒÎŒLŒŒŒŒNMÎ‹ÍÌ—ÌLLŒŒÌŒMŒŒÌŒLLŒÌÌLŒMLLŒŽLÌLŒNLŒNMÎËÍÌ—ÌLKLŒÌÌŒMLŒÌÌŒÎLLŒLMÌŒÌÍŒLŒMLŒNMÎÍÌ—ÌL‹LŒÌŒMŒŒÌŒLŒLŒÍŒLŒLNŒÍNLLŒMLŒNMÎKÍÌ—ÌLËLŒŽLŒŒŒŒÌÍŒLLŒÌÌLŒMŒÌLŒLŒÌŒNMÎLÍÌ—ÌMLŒŽŒMÍŒŒÌÌÌŒLLŒÍNLŒMŒŒÍLLLŒLÎŒNMÎLKÍÌ—ÌMKLŒŽMLLŒMÌŒÌLŒŒLŒŒŒŒÎLLLŒÌÌŒNMÎL‹ÍÌ—ÌM‹LŒŽLŒMŒLŒÌÌŒLMŒLŒÍLLŒMŽLŒÍLŒLÍÌŒNMÎLËÍÌ—ÌMËLŒÌŒÌŒÌŒÌŒŒLŒÌLŒLŒLLLŒLLŒNMÎMÍÌ—ÌNLŒÌLLŒLLŒÌÌŒŒÌÌLŒÌÍÌLŒLŒÌÍŒLŒMŽŒNMÎMKÍÌ—ÌNKLŒŽNŒÌŒÍŒLŒŽLLŒÎŒMÌÎLLŒLŒNMÎM‹ÍÌ—ÌŒLŒÌLLŒLÌŒÌŽŒLŒÎLŒMLÌŒÌÌLŒÍLŒNMÎMËÍÌ—ÌŒKLŒLLŒLLŒÍÌŒLŒÌLŒÌMŒLŒŒLŒLLŒNMÎNÍÌ—ÌŒ‹LŒŽLŒLŒÍŒNLŒÍLLŒMŒÍÌŒLŒMÎLŒNMÎNKÍÌ—ÌŒËLŒŽMŒLŒŒŒŒÍLLŒÌLŒÌLLŒŽÌLLŒÍŒŒNNÍÌ—ÌLŒÌŒÌÌÌŒLLŒÌÍLŒLÌŒÍMÌLŒŒLŒNNKÍÌ—ÌKLLÌLMÎŒÍŒLŒLŒŒLŒLŒÌŒNN‹ÍÌ—Ì‹LŒÌMLŒMŒÌÍLŒLŒLŒÍÌLŒMÌŒLLŒŒŒNNËÍÌ—ÌËLŒÌMŒLŒŒÍÌÌLŒÌLŒŽMŒŒÌLŒLŒNNÍÌ—ÌŽLŒŽNŒLÍŒÍLŒLÌLŒŽŒLŒMLLŒLŒMLŒŒNNKÍÌ—ÌŽKLŒÌLLŒŽLŒÍŽLŒNLLŒŽŒŒÌŒŒNN‹ÍÌ—ÌÌLŒÌŒŒLLŒÌÎLŒNLŒNLŒLLŒMŒŒNNËÍÌ—ÌÌKLŒÌLŒŒÍÍÌLŒŒLŒLŒLÌÍŒŒLŒNNÍÌ—ÌÌ‹LŒÌLŒŒLŒÍNŒLLŒÌÌLŒÎŒÎLŒLŒNLŒŒNNKÍÌ—ÌÌËLŒÌNLŒÌŒÎŒŒLŒŽŒŒMŒŒŒNNLÍÌ—ÌÍLŒŽÌŒÌŒÍLŒŒLŒŽŒLŒŒLMLŒLŒNNLKÍÌ—ÌÍKLŒÌLŒÌLŒÎNLŒLLŒŒŒLŒMÌLŒLÌŒNNL‹ÍÌ—ÌÍ‹LŒŽMŒÌŒÍŒÌŒLLŒŒŒLŒLŽLŽLLŒLŒÌŒNNLËÍÌ—ÌÍËLŒÍÍLŒLÍÌLŒLŒLŒMŒŒŒLÌŒNNMÍÌ—ÌÎLŒLÌŒLŒÍÍŒÍÌLŒŒŒÌŒLÌŒŒNLŒNNMKÍÌ—ÌÎKLŒÌŒÌŒÍŒLLLŒÍŒLŒŒŽLŒMMŒŒNNM‹ÍÌ—ÍLŒMLŒLŒÎŒÍLLŒLLLŒLÍÌŒLŒLŒNNMËÍÌ—ÍKLŒŽLLŒŒÎLŒÎLŒMÍŒÌLŒLNŒNNNÍÌ—Í‹LŒÌÌŒŒŒÍÎŒŒLŒŒMÌLŒLŒLLŒŒLŒNNNKÍÌ—ÍËLŒŽLÌŒLŒNLŒLŒŒLŒLÍLLŒŒŽLLŒŒLŒNNŒÍÌ—ÍLŒMÎŒMLÌLŒŒLŒMLŒŒNMÌŒLLŒNNŒKÍÌ—ÍKLŒŒÌŒMLLŒLLLŒLÍLŒMŒLŒLŒŒNNŒ‹ÍÌ—Í‹LŒŒŒLÌŒÎNLŒLÌLŒŒLLŒŒMLŒMŒŒNNŒËÍÌ—ÍËLLŒLÌLLÌŒMLLŒMLŒŒŒÌŒŒLŒNNÍÌ—ÍLŒŒŒÌŒŒLÌLŒMŒLŒÌNLLŒŒNNKÍÌ—ÍKLŒŒLŒÌÌŒLŒLŒÎLLŒŒLŒMÌŒNN‹ÍÌ—ÍLLŒŒLŒŒLŒÎMŒŒŒÌLŒMÌLŒLŒLŽLŒŒNNËÍÌ—ÍLKLŒŒÌLŒNLŒŒLÌŒLŒMŒŒLŒŒŒÌŒŒLLŒNNŽÍÌ—ÍL‹LŒÌŒLLŒŒŒÎŒLLŒMÌÌLŒLÍLŒÌŒŒNNŽKÍÌ—ÍLËLŒŒÌŒŒŒMLLŒMLŒMNMŒLÌŒNNÌÍÌ—ÍMLŒŒLŒLNLŒŒÌLŒLŒŒLŒLMLÌLŒŒLŒNNÌKÍÌ—ÍMKLŒŒŒŒLŽLŒLNLŒNLŒŽLLŒLŒNNÌ‹ÍÌ—ÍM‹LŒMLŒLÌŒŽLŒLŒŒLŒLMŒŒÍÌŒNNÌËÍÌ—ÍMËLŒŒŒLMÌŒLÌLLŒLŒMLLŒŒŒNNÍÍÌ—ÍNLŒNMŒÎLŒLLLŒLLÌŒÌLÎŒÌÌŒNNÍKÍÌ—ÍNKLŒMMŒMŒŒMÍLLŒŒÌLŒLŒLŒLÌÌŒNNÍ‹ÍÌ—ÍŒLŒLÎŒMLŒÍLLŒŒŒÌŒLŒŒŒNNÍËÍÌ—ÍŒKLŒMÌŒŒMÌŒMÌLŒMŒLŒŒŽLŒLŒLŒNNÎÍÌ—ÍŒ‹LŒNŒLLNLŒLLŒŒŒŒMÍŒŒŒLŒNNÎKÍÌ—ÍŒËLŒMLÌŒNMLŒLLLŒÌLŒÌŒŒLLŒLŒNNÍÌ—ÍLŒÎLŒLŒÍÌLŒLLŒMŒŒŒŒŒNNKÍÌ—ÍKLŒNLŒLÍŒMÎLŒLŒÌNÌŒLNLŒNN‹ÍÌ—Í‹LŒLŽŒLŒŒLLŒMLŒÎLLŒMŒŒNNËÍÌ—ÍËŒLÌŒMÌLŒŒLÍÌLŒLŒÎÌŒŽLŒNNÍÌ—ÍŽLŒŒŒÌLŒNLLŒLMLŒLLNNLŒLŒNNKÍÌ—ÍŽKŒLŒLLŒŒLÍÌLŒŒŒLŒŽŒÍŒNN‹ÍÌ—ÍÌLŒÍŒŒLLMÌŒMŒŽLLŒÍŒNLŒŒŒNNËÍÌ—ÍÌKŒŒÌŒÌŒÎLŒÍÌLŒÌMÌŒÌLŒNNÍÌ—ÍÌ‹LŒÌŒÌLŒŒLÌŒNLLŒŽŒLŒLŒMLLŒNNKÍÌ—ÍÌËŒMÍÌŒŒŒŒÍÌLŒNLLÌLŒÌŒNNLÍÌ—ÍÍŒLLŒÌÍŒLŒLŒÎLŒÎMŒLLŒLŒNNLKÍÌ—ÍÍKŒNLLLŒLÌLMÌŒŒŒŒLŒŒNLLŒMŒŒNNL‹ÍÌ—ÍÍ‹ŒMLLŒÎÍŒŒMŒLÌÌLŒLÍMŒLŒLŒNNLËÍÌ—ÍÍËŒLLŒÌLŒŒLŒMLŒÌŒŒÌŒÎLŒNNMÍÌ—ÍÎLŒŒLŒŽŒÌŒLÌŒŒMLŒÌŽŒLŒŒNNMKÍÌ—ÍÎKŒNŒLLŒŒLŒŒLŒŒŒÌNMLŒLŒNNM‹ÍÌ—ÎŒŽŒMŒŒÎLLŒNŒŒNLŒLLÌLŒÌŒNNMËÍÌ—ÎKŒŒŒMÌLLŒLLŒLŒMŒNNŒÌŒNNNÍÌ—Î‹ŒÌLŒLLÌŒMŒLŒMŒLŒŽŒLÌLŒŽLŒNNNKÍÌ—ÎËŒŒNLŒŽLŒLŒÎLŒŒÎŒŒŒÌŒŒNLŒNNŒÍÌ—ÎŒNŒŽÌNŒMÍLŒLŒŒÌŒŒÍŒŒNNŒKÍÌ—ÎKŒMŒLŒLLŒÌŒNLŒŒŒŽŒŒLŒNNŒ‹ÍÌ—Î‹ŒLÍÌLŒÍÌŒŒŒŒŒŒŒMLLŒLŒLŒNNŒËÍÌ—ÎËŒŒŒŒŒŒŒŒŒNNÍÌ—ÎŒMLÌLŒLÌLŒNLŒŒLLLŒŒÍMŒÌŒNNKÍÌ—ÎKŒLŒŒLŒŒŒNLLŒLŒLÌŒŒNN‹ÍÌ—ÎLLŒÌLŒÍÌŒLŒLLŒŒŒNLŽLŒÍÌŒNNËÍÌ—ÎLKŒLÌŒLŒLLÌŒÌLŒŽMLLŒŒLLŒŒŒNNŽÍÌ—ÎL‹ŒLŒŒŽÌŒŽLŒMŒÎLMÌLŒMÌŒNNŽKÍÌ—ÎLËŒMŒLŒÍÌMÌŒÍÌŒŒŒŒŒÌMÎLŒMŒNNÌÍÌ—ÎMŒŽLŒÌLŒNŒÌŒŒŽMŒLÌŒNNÌKÍÌ—ÎMKŒŒLŒÍŒLŒLÌŒLŒŒLŒŒLŒÎMŒŽLŒNNÌ‹ÍÌ×ÌLŒŒŒÎMÌMÍLŒŒŽLLMÌŒŒÌÌLŒNNÌËÍÌ×ÌKLŒLLÎLLŒÍMŽMMŒLŒMÌŒÎÌŒNÌŒÌNŒNNÍÍÌ×Ì‹LŒŒŒLŒLŒLŒŒŒÌŒŒŒÌŒŒNNÍKÍÌ×ÌËLŒÌŒÍNŒÍÍLŽÎLLŒŒŒLŒŽLŒŒNLŒNNÍ‹ÍÌ×ÌLŒNŒLŽLŒŒNLŽŒŒŽLŒNNÍËÍÌ×ÌKLŒŒŽLÌMŒÍÌLŽŒLŒNLŒŒŒŒÍŒŒŒÌLLŒNNÎÍÌ×Ì‹LŒŒNMLŒÌLŒŒÍÍŒŒLŒMÌŒNNÎKÍÌ×ÌËLŒLLLŒÍŒŒÎMLŒÎLÌÌŒÌÌŒŒMLŒNNÍÌ×ÌLŒŒŒLÎLŒÎŒŒŽLLLÌŒŒÌŽLŒŒNNKÍÌ×ÌKLŒNÌŒÌÎLMLLŒŒLŒÍÍŒŒÌŒNLŒNN‹ÍÌ×ÌLLŒŒLÌÌMÌŒÍNLŒŒŒÍŒŒLÌŒÎŒNNËÍÌ×ÌLKLŒNLŒÌLÌŒNLLŒMÍLŒŽLŒÍLŒŒŒŒŒNNÍÌ×ÌL‹LŒÌŒŒŒÎMŒMŽLLŒNMÌŒÍŽLŒÎNLŒNLŒNNKÍÌ×ÌLËLŒNLMÌŒÍMÌLÌÌLŒŒŽLŒŽŒŒÍŒŒŒLŒNN‹ÍÌ×ÌMLŒŒMŒÍLŒÍMLMLŒLŒÍÌŒMÍŒMŒÌŒMÌŒNNËÍÌ×ÌMKLŒŒMÌŽLŒÌÎLLŒŽLLŒÌŒMŒŽLÌŒNNÍÌ×ÌM‹LŒŒŒŒMMŒŒÍLLMÌŒLLŒŒŒÌŒÌÌLŒŒLŒŒNNKÍÌ×ÌMËLŒNMŒLŒŒÌNŽLLŒŒÌÌŒÍÌŒÍŒLŒNÌŒNNLÍÌ×ÌNLŒŒÌŒŒÍLÌLŒŽMÌŒŒÌŒNNLŒNLŒNNLKÍÌ×ÌNKLŒNLMŒŒÌŒLÌLŒÌMÌŒLŒÍLŒÌŒNNL‹ÍÌ×ÌŒLŒŽŒÍŒÌLŒÍŒŒŒLŒMLŒLÌŒNNLËÍÌ×ÌŒKLŒŒÌÌŒÎLLŒÌLLŒÍNLLŒMLŒLŒÍÎŒŒŒNNMÍÌ×ÌŒ‹LŒMÍÍÌŒÌLŒÌLŒÌŒŒLLŒNŒLŒŒNNMKÍÌ×ÌŒËLŒNÌŒÌŒÌŒÌMŒÌLLŒŒMLŒŒŒŒLLŒNNM‹ÍÌ×ÌLŒNLLŒÌLŒÍŒŒLŒŽLŒŒLÌŒMLLŒÌŒNNMËÍÌ×ÌKLŒŒŒÌÎŒŽMŒÎLŒŽŒŒLŒÍÌŒMNLŒNNNÍÌ×Ì‹LŒMLŒÌŽŒÌÌÌŒÎMŒLŒNLŒLLŒLÌŒNLŒNNNKÍÌ×ÌËLŒMÍLŒÌÌŒÌÎŒMLLŒŒŒŒMLÌÌLŒLMLŒNNLÍÌ×ÌŽLŒMÍŒÌÍLŒÎŒŒLŒÌMLŒLŒÍÌŒŒNNLKÍÌ×ÌŽKLŒNLŒŒŽÌŒÍÎŒMMÌLŒMMÌŒÌÌŒLŒŒNNL‹ÍÌ×ÌÌLŒMŽLŒŽNŒŽÌŒÌŒLŒNŒNŒMŒLŒŒNNLËÍÌ×ÌÌKLŒMŒŒMÌŒÍLŒLŽLŒÌMŒMLŒŒŒMLŒŒNNLÍÌ×ÌÌ‹LŒNŒŒMÌŒÍÍŒŒŒŽLŒŽLŒMŒŒÌLLŒŒNNLKÍÌ×ÌÌËLŒNLŒŒLŒÍLLŒMLLLŒLŒŒLÌÌŒNLŒNNL‹ÍÌ×ÌÍLŒLÌLŒŒÍLŒÍŒŒŒNLÌLŒMÌŒŒLŒMLŒMÌŒNNLËÍÌ×ÌÍKLŒMLŒNMÌŒÍÌŒLLLŒLŒNLLŒŒLŒNNLÍÌ×ÌÍ‹LŒMMŒNÌŒÌÌŒNÌLŒÍÌLŒMŒŒMLŒÌŒNNLKÍÌ×ÌÍËLŒMLŒMNŒÌÍÌŒLŒŒÌŒLŒŒLMLLŒÌŒŒNNLLÍÌ×ÌÎLŒMŒÌŒMMŒŽMÌŒLÎLLŒNÌLŒÍŒŒLLŒNLŒNNLLKÍÌ×ÌÎKLŒNMŒŒMŒÌŒMLLŒŒLŒŒŒNLLLŒŒŒNNLL‹ÍÌ×ÍLŒLŒÎLŒÍLŒLMŒLŒMLLLŒŒÌÌLŒŒŒNNLLËÍÌ×ÍKLŒLLŒŒMŒŒÍLŒÌLŒLMLŒNŒÍŽLLŒMÌŒŒNNLMÍÌ×Í‹LŒLŒŒŒŒÍŒŒŒŒLŒNÌLŒMÌŒŒÎLLŒNMLŒNNLMKÍÌ×ÍËLŒLÍŒŒLMŒŒÌLÌŒÎLŒMMÌLŒMÎLLNLŒLMLŒNNLM‹ÍÌ×ÍLŒÍŒŒÎŒÎLŒNŒLŒNŒÍLÌLŒÌŒNNLMËÍÌ×ÍKLŒLŒLMŒŒÍÌÌLŒŒLŒMLLŒLŒLŒŽŒNNLNÍÌ×Í‹LŒŒŒŒMŒŒÍŒLŒLLŒMÌLŒMLŒŽMÌLŒŒÎLŒNNLNKÍÌ×ÍËLŒŒŒLLŒÌŒLŒŒLŒÌLŒLŒÌÎLŒŽMŒŒNNLŒÍÌ×ÍLŒLLLŒLŒÍÍLŒLLLŒMŒLŒNLNLŒÍMLŒNNLŒKÍÌ×ÍKLŒŒŒŒŒÍLŒLŒÌLŒÌLŒÌŽŒÎMŒLŒŽMÌŒNNLŒ‹ÍÌ×ÍLLŒŒLŒLÌŒLŒŒLŒŒLLŒŒŒŒNŒLŒMŒLŒNNLŒËÍÌ×ÍLKLŒLLŒMLLŒÎŒLLLLŒŽŒŽLLŒÍLŒNNLÍÌ×ÍL‹LŒŒLŒLŒÌÍŒLŒÌÌŒÌLŒLÍŒLŒÎŒNNLKÍÌ×ÍLËLŒLLŒŒŒÌÍLLŒLÍŒLŒŒÌLŒMLLŒLŒÍÍÌŒNNL‹ÍÌ×ÍMŒLÌLŒÌŒÌÌÌLŒLLŒMÌLŒŽÌŒŒŽLŒÍMLŒNNLËÍÌ×ÍMKLŒŽLLŒŒÍLŒMÌŒNŒLŒMLLÍLLŒÍŽŒNNLŽÍÌ×ÍM‹LŒŒLŒŒÌŒÌŒLŒŒŒLŒÌŒŒŒÍLÌLŒÍÍÌŒNNLŽKÍÌ×ÍMËLŒÌLLŒÌŒÎŒLŒŒŒŒLŒÍMLLMŒŒNNLÌÍÌ×ÍNŒÌŒLŒNMÌÌLŒÌŒMŒŒLŒÎMÌŒÍLŒLŒÌŒNNLÌKÍÌ×ÍNKŒÎLŒMÍLŒÎLŒŒŒLLLŒÎLLÍŒŒNNLÌ‹ÍÌ×ÍŒŒŒLŒŒŒÎNLŒÍÌÌLŒÌLŒÎLŒÍŒLLMLŒNNLÌËÍÌ×ÍŒKŒLLŒNMLŒÍLŒŽMŒŒLLLŒÍÌLŒÍŒLLLŒNNLÍÍÌ×ÍŒ‹ŒMÌLŒLLLLŒÍŽLŒLÎLÌŒŒÍLÍLŒNNLÍKÍÌ×ÍŒËŒŽLLŒŒÌŒÎLŒÎLŒÍLLŒÌŒÌÌLMÌŒNNLÍ‹ÍÌ×ÍŒLLŒŒLÌŒÎNLLŒÎÌŒÍLLLŒŒŽLLŒNNLÍËÍÌ×ÍKŒLLŒŒÌŒÍLLŒÎŒŒMŒLMLŒÍŒLŒŒŒNNLÎÍÌ×Í‹ŒLÌLŒŽLŒÎŒLŒÎNŒŽŒLŒÌMLŒÍŒLLŒŒŒNNLÎKÍÌ×ÍËŒŒLLŒÌŒŒÍÌÌLÌŒÌÌLLŒÎŒLLÌŒNNMÍÌ×ÍŽŒLÌLŒÌŒŒÎMŒLŒŒÎNLLLŒŽNLLMLŒNNMKÍÌ×ÍŽKŒLÌLŒÍLŒÍMŒLŒÌLÌLÌLŒÌÎLLLŽLŒNNM‹ÍÌ×ÍÌŒLÍÌLŒÌLÌLLLÌŒŽLLLMÎNLLŒÎLŒNNMËÍÌ×ÍÌKŒLÌLÌÌŒÎLLMLŒÎMLLLMLLLŒNNMÍÌ×ÍÌ‹ŒMÌŒLŒÍÌŒLÌŒŒLLLLÌLMLŒŒNNMKÍÌ×ÍÌËŒMLLLLLLLÍLLLŒNNM‹ÍÌ×ÍÍŒNÌLLÌLLLMÌLLLMNÌLŒŒNNMËÍÌ×ÍÍKŒMNLLÍÌŒÍÌLŒÍÌLMLLŒÎLŒNNMÍÌ×ÍÍ‹ŒŒLLŽŒLLLÌLŒÍŽLLÌŒLLŒÌŒNNMKÍÌ×ÍÍËŒNŒLMÌMŒLŒŽLŒŽNLLNLŒNLNŒŒNNMLÍÌ×ÍÎŒŒNLMMLLŽMŒÌÌLLLŒLŒÍŒNNMLKÍÌ×ÍÎKŒMÎLMŽLLÌLŒÌLLNLÌNÌLŒNNML‹ÍÌ×ÎŒŒÌÌLMÌŒÍLLŒLŒÌMLLŒÌLŽLŒNNMLËÍÌ×ÎKŒNMLLNLŒLÌNŒŒÌLŒŒLÌŒNNMMÍÌ×Î‹ŒŒLLMLŒLLŽÌŒÍÌLLMLÌLLÍŒNNMMKÍÌ×ÎËŒNÌLŒŒÎMÌLÌÌŒÎLLLLÌLÌÍŒNNMM‹ÍÌ×ÎŒŒLLŒLŒŒŒLÌLŒÍLLŒÍÌÌLÌLÍLŒNNMMËÍÌ×ÎKŒŒÌLÌLLLÎMLŒÍLNMLNMŒLÌŒŒNNMNÍÌ×Î‹ŒMLŽMÌLŽMÌŒÌÎLLÌÎLÌLÎNŒNNMNKÍÌ×ÎËŒŒŽLÌÍLÍÌLÌŒŒŒŽLÌLŽLMŒLLŽÌŒNNMŒÍÌ×ÎŒÎLLÌÎLMÌLŽNLŒÍÌLLÌLÎLÌŒNNMŒKÍÌ×ÎKŒMŒLÍÍŒÍLLŽLÌŒÌÍŒLÌMŒŒMÌLÌŒNNMŒ‹ÍÌ×ÎLŒÌLLÍŒLMLÌLŽLŒÍÍLÌÍŒLÎLLŽLŒNNMŒËÍÌ×ÎLKŒÌÌLÍÌLÍÌLŽLŽLŒÌŒLÌMŒÌLÍŒÌŒNNMÍÌ×ÎL‹ŒŽLLLŽLLŽLŽLŽLŒMÌŒLŽLLÍLŽÌÌŒNNMKÍÌ×ÎLËŒÍLŽLÍŒLŽŒLŒŒLLLÍLŒNNM‹ÍÌ×ÎMŒÌLLLŽNLŒLLŽLLLLÍLŽLLŽŒŒNNMËÍÌ×ÎMKŒÌÌLŽŒÎLLKŒMLŒŒÌLŽMMÌÌLŽMŒŒNNMŽÍÍÌLŒNMÌŒNMÌLŒMÌŒLŽLŒÌMŒLŒÍŒLŒÌŒÌLŒNNMŽKÍÍÌKLŒŒŒÍŒLŒMŒŒŽÌLŒMMŒLŒÍŒLŒNLŒMŒNNMÌÍÍÌ‹LŒMÍŒŒŒMÌLŒLMŒMÍŒLŒÌŒŒŒLŒLŒLŒNNMÌKÍÍÌËLŒMÍÌŒÍMLŒLLŒŒÌLŒŒLLŒLŒÌŒLŒMŒŒŒNNMÌ‹ÍÍÌLŒMŒÌLŒMMLŒMÍŒLŒŒMŒMLLŒMLŒLÌŒNNMÌËÍÍÌKLŒMŒŒŒÍÌŒLŒMMÌŒÌLLŒMŒLŒŒŒLŒNLŒLŒŒNNMÍÍÍÌ‹LŒMMŒŒŒLLLŒMŒŒNLLŒÌŒMŒLŒLMLLŒŽŒNNMÍKÍÍÌËLŒMÍŒŒÎLŒMÌŒŽLLLŒMLŒLŒÎLŒÌŒNNMÍ‹ÍÍÌLŒMNLŒŽLLŒMLŒLŒŽLÌŒLŒLŒMÎLLŒMŒŒNNMÍËÍÍÌKLŒMŒŒŒÌŒÌLŒMŒÌÌLŒMŒLŒŒLŒLÌLŒMLŒNNMÎÍÍÌLLŒMÌŒÌÍLLŒMÌŒLLŒMŒŒLLŒLLŒÍŒŒNNMÎKÍÍÌLKLŒMMÌŒÍLŒLŒMMLŒÌLŒLÎLLŒÌLŒÌLŒMŒŒNNNÍÍÌL‹LŒMŒŒÌÍÌLŒLÍÌŒŒÎLLŒÌŒMŒLŒMLŒŒŒNNNKÍÍÌLËLŒMLŒÌÍLŒMÌŒÌMLŒMÌŒMŒŒŒLŒLŒŒNNN‹ÍÍÌMLŒMMŒÌÌÌLŒLÌÌŒŽMLLŒÌMŒŒÍÌLŒLŒŒŒNNNËÍÍÌMKLŒLÍLŒÎLŒLÌŒŒÌLŒLÍÌŒLŒLŒÌLŒÍLŒNNNÍÍÌM‹LŒMŒLŒŽLŒMÌŒÌŒLŒÌÍLLŒÍÌŒLLŒLŒNNNKÍÍÌMËLŒLÎŒÌŒŒLŒÌŒÌLŒMÌÌŒLMÌŒÍLŒMŒNNN‹ÍÍÌNLŒMMLŒÌÌÌLŒLÌŒŽNLŒŒÌLŒLLŒÍLLŒLŽLŒNNNËÍÍÌNKLŒMŒŒÍLŒLLŒŒÌLŒLÍŒMŒLŒLLŒÍŒNNNÍÍÌŒLŒNŒÍMÌLŒMNŒÌŒŒLŒLÌLŒMŒŒLÌŒŒNNNKÍÍÌŒKLŒMMŒŒÌÌŒLŒMLLŒŽLLŒMLLŒMMŒLŒÌŒLŒNNNLÍÍÌŒ‹LŒLŒÌŒLŒLÌLŒÌŒLLŒLÌLŒLLŒNLŒÌLŒNNNLKÍÍÌŒËLŒLŒŒŒÌŒÌLŒLŒŒLŒLMŒNÌŒÌŒŒŒŒNNNL‹ÍÍÌLŒŒNLŽLŒLNLŒÍLLŒŒŒLNLŒLMŒLŒLŒŒNNNLËÍÍÌKLŒLÎLŒÌÌLŒLMÌŒŒLŒLŒMLŒŒŒMÌLŒŒÌŒÌŒNNNMÍÍÌ‹LŒMMÌŒÍLŒLLÌŒŽLŒŒMŒMŒŒÌLŒLÍŒNNNMKÍÍÌËLŒLÍÌŒÌLŒMLŒNMŒLŒMLŒMŒÍŒŒŒŒNNNM‹ÍÍÌŽLŒMLŒÎNLLŒLÎŒLÌLŒLÍLŒŒMLLŒMŒNNNMËÍÍÌŽKLŒLÌŒŽLLŒLŒLŒŒŒLŒLŒŒLŒŒÍÌŒŒŒNNNNÍÍÌÌLŒLÌŒÎŒLŒLŒŒÌÎLLŒLLŒLŒŒNLŒÎŒNNNNKÍÍÌÌKLŒMLŒÍLLLLŒLLŒMLŒLŒŒŒŒŒÍÍÌÌ‹LŒLÌLŒLŒLLŒLÌLŒMŒLŒLÌŒLŒŒÌŒŒKÍÍÌÌËLŒLMLŒŽLŒLLŒNLLŒLLŒMÎLŒŒLŒŒ‹ÍÍÌÍLŒMŒÍLLŒLŒŒŽNLLŒLŒLÌŒŒMÌLŒLÌŒŒËÍÍÌÍKLŒMÌŒÍÎLLŒLŒNÌLŒLÌLŒMMŒMLÌŒLÎŒŒÍÍÌÍ‹LŒLMŒÌNLLŒLŒŒŽLLŒMŒŒMNŒŒŽLŒLŒŒKÍÍÌÍËLŒLNLŒÌLŒLŒMÌŒŒŽLŒŒŒŒLLŒLÍLŒÎLŒŒ‹ÍÍÌÎLŒLLŒÎNLLŒŒŒÍMÌLŒÎLŒMNŒLŒŒÌLŒŒËÍÍÌÎKLŒLÌŒÎLLŒŒŒÌLÌLŒŒŒMŒŒMŒÌŒŒÍÍÍLŒLŒŒÌÌLŒÍŒŒLLŒLMŒŒLŒÍŒŒKÍÍÍKLŒLLŒÌŒÍŒLŒŒLŒŒÌLLŒŒŒŒLÍÍÍ‹LŒLLŒÌÌÌLŒNLŒŽLŒLŒLŒLÍŒŒNLŒŒŒLKÍÍÍËLŒLÌŒÌŽLLŒŒÌŒÎLŒŒŒŒŒLŒŒŒŒŒL‹ÍÍÍLŒŒŒLLŒŒNMŒLŒLŒNLŒNŒÍŒŒŒLËÍÍÍKLŒŒÌÌÌLŒLŒÌLŒÍŒLÌLŒLŒLŒŒŒŒMÍÍÍ‹LŒŽŒÍLLŒLŒŒÌLŒŒMŽŒMÌŒMÍŒŒŒMKÍÍÍËLŒŒÍÍÌLŒŒLŒÎŒLŒŒLŒNLŒLŒŒM‹ÍÍÍLŒLLŒÌMLLŒLŒŒLLŒMŒŒLNLŒŒÌŒLLŒŒMËÍÍÍKLŒLÌŒÌŽŒLLŒÌŒMLŒNMŒÌŒŒNÍÍÍLLŒLŒŒŽLŒŒLŒMÌŒŒÌŒMÌÌŒMLŒÍŒŒNKÍÍÍLKLŒNLŒÌÌLŒŒŒÌŒŒŒŒLŒŒMÌŒŒŒŒŒŒŒÍÍÍL‹LŒLŒÌLLŒŒNLÌLŒLŒMŽLŒNŒLŒŒŒKÍÍÍLËLŒMŒŒÌÌLŒÌLŒÌÌŒLÌŒLÌŒŒLŒŽŒŒŒ‹ÍÍÍMLŒŒŒŽLŒLÌŒLŒMLŒMÍŒMMŒŒÌŒŒŒËÍÍÍMKLŒŒŒÍŒLŒŒŒÌLÌŒLLŒNLŒNLŒŒŒŒÍÍÍM‹LŒŒŽMLŒLÌŒMÎŒÌLŒŽŒŒNMLŒMŒŒKÍÍÍMËLŒNLŒÍŒLŒLÌŒÌÎŒŒMÌŒLÍLŒŽŒŒ‹ÍÍÍNLŒÌŒNMŒŒŒŒLŒMŒŒLÎLŒMŒMÌŒŒËÍÍÍNKLŒÎŒÎLLŒLŒÌŒŒNLŒŒŒLŒNLÌŒŒŽÍÍÍŒLŒMŒŒŒŒŒŒŒŒLŒLŒŒLŒLLÌŒŒÌŒŒŽKÍÍÍŒKLŒLŒŽLŒLŒŒÍŒŒÌŒÍMLŒŒLÌŒMŒŒŒÌÍÍÍŒ‹ŒŒŒŒLŒŽLŒLÍŒŒLMŒŒMŒŒLMŒŒLŒŒÌKÍÍÍŒËLŒLŒŽLLŒÎŒÌŒLŒÍŒŒNLŒŒŒŒÌ‹ÍÍÍŒLŒŽLÌŒŒÌŒÌLŒÌÌŒŒŒŒŒŒÌŒŒŒŒŒÌËÍÍÍKLŒLŒÍMŒÌŒÌÍŒŒŒÍŒŒMŒNŒŒMŒŒŒÍÍÍÍ‹ŒÎŒÌŒŒÌŒŒÎLŒLLŒMÎLŒÍŒMNŒŒÍKÍÍÍËŒLÌŒÌŒÌŒMLLŒLŒÌŒŒŒÌŒŒLŒŒŒÍ‹ÍÍÍŽŒÌLŒŽLLŒŒŒLŒŒLÌŒŒŒLLŒLŒŒÍËÍÍÍŽKŒŒŒÌŒÍÌŒÍLŒNLŒŒMÍŒŒLLLŒŒŒÎÍÍÍÌŒÍLŒŒŒÌÍŒŒMŒLŒLÌŒLŒLÌŒŒÎKÍÍÍÌKŒMLŒŒNŒLLŒNLLŒÍLLŒŒNLŒLŒÍÌŒŒÍÍÍÌ‹ŒÍŒLŒLLLŒŽMŒÌÌMÌŒMÍŒLŒŒKÍÍÍÌËŒLŒÌŒŒŒŒŽLŒMŒMÎŒMÌŒŒŽŒŒ‹ÍÍÍÍŒÌŒÍÍLŒLMÌŒŒŒŒNLLŒŒMŒŒLŒŒŒËÍÍÍÍKŒÍÌŒŒÎLŒMŒLÌŒŒLŒŒMŒŒMŒŒLÌŒŒÍÍÍÍ‹ŒŒÌŒÍLŒLMŒLŒŒMMŒŒMLŒNŒŒKÍÍÍÍËŒÌŒŒŒNLŒLÌŒMÍŒŒNÌŒMÌŒÎMŒŒŒŒ‹ÍÍÍÎŒŒŒÌŒLŽŒŒNNLŒÍÌÌŒŒŒŒËÍÍÍÎKŒŒŒŒLMŒŒNLLŒMMŒŒMNLŒÎŒŒŒÌŒŒÍÍÎŒÌŒŒŒŒNŒŒÌŒÍMŒNÌMŒLŒMLŒŒKÍÍÎKŒÍLŒNLŒLLLŒŒŒŒŒLŒŒMŒMÌŒŒLÍÍÎ‹ŒLLŒLŒLLŒÌMÌŒLÌŒÌÌŒÍŒMŒŒLKÍÍÎËŒLÌŒÌŒLNŒŒÍŒŒNLŒÌLŒLŒŒL‹ÍÍÎŒLNLŒMŒŒMMŒŒŽLÌŒMÎLŒÌMÌŒŒŒLËÍÍÎKŒLŒŒÌŒŒMÌŒŒMÌŒŒLŒLŒLNŒŒMÍÍÎ‹ŒMŒŒMLŒMÍÌŒŽLŒŒLMŒŒŽLŒŒLŒLÎLŒŒMKÍÍÎËŒLŒŒÌŒMMLŒŽŒŒNŒMMLŒŒŒŒŒNŒŒM‹ÍÍÎŒLÌÌŒŒŒMÍÌŒLŒÌŒŒŒÍLŒŒŒMËÍÍÎKŒLÍŒŒMÌŒMÍLŒMŒÌMŒŒÍŒŽNŒÍŒŒNÍÍÎLŒNŒŒŒŒMŒÌŒLÍŒÌÌŒŒŽŒŒŒNKÍÍÎLKŒMŒLŒŒÌLŒMÎLŒÎŒÍNLŒŽLŒŽŒŒŒŒŒÍÍÎL‹ŒMÍÌŒMÍÌŒŒŒMÌLŒMLŒLŒŒLŒMLŒŒŒKÍÍÎLËŒMÌŒŽMLŒŒLŒŒŒŒŒÌMLŒMŒMLŒŒLLŒŒŒ‹ÍÍÎMŒNÌŒŒMÌŒŒÎŒŒÌÌLŒŒÍŒÍMŒŒŒŒËÍÍÎMKŒMŒLŒŽŒNNLŒÌÌŒÍMŒŒŽLŒÎLŒLŒŒŒÍÍWÌLŒŒÌŒÎMŒLÌŒŽLŒNLŒŒNLÍŒŒŒŒÌŒŒKÍÍWÌKLŒÌŒLŒŒLÎLÌÌŒŒŒMLLÍLŒLŒŒ‹ÍÍWÌ‹LŒÌŒLŒÌŒŽLLŒMŒŒŒLŒLŒLŒŒŒËÍÍWÌËLŒLMŒÌŒÍŒMÎLLŒMŒŒŒŽÍÍWÌLŒLLLÌŒŒÌÌLŒLŒŒŽMLLŒMÌŒLŒŒŽKÍÍWÌKLŒLLLMÌLÌLŒNŒŒMLLÍLŒLŒŒÌÍÍWÌ‹LŒLLŒLLŒÌÍLŒMŒŒŒMLNŒLŒŒÌKÍÍWÌËLŒŒLLŒÎNŒLŒMÎLLLNŒŒÌŒŒÌ‹ÍÍWÌŒLLNLLÌŒÌNLŒŒŒMMŒLŒŒMÌŒŒÌËÍÍWÌKLŒMLÌLLLŒŒŒŒLLŒLŒŒŒŒÍÍÍWÌLLŒÌŒÌŒLLŒLLŒNŒŒŒLMŒŒŒLLŒŒÍKÍÍWÌLKLŒMLÌÌLLŒŒÎŒLŒLŒŒMÌLÍŒŒLLLŒŒÍ‹ÍÍWÌL‹ŒÌÌLLLŒÌLŒMMÌŒŒLŒLŽŒNLLŒŒÍËÍÍWÌLËLŒLŒÎÌLÌŒÍMŒÍŒŒNLNŒŒLÌŒŒÎÍÍWÌMLŒŒLLŒŒÌÌLŒLŒÌLÌLŒŒLŒŒÎKÍÍWÌMKŒŒNLŒÍÌÌLŒÍŒŒÍLŒŽMŒLLÌŒLLŒŒŒÍÍWÌM‹ŒÌŒLNŒÎMŒLŒÍÌŒŒLLLMÌŒŒLÍLŒŒKÍÍWÌMËŒŽŒLÍLŒÍŒLÌŒÎLLLŒNÌŒŒ‹ÍÍWÌNLŒÌŒŒLŒŒÍŒÌLŒŒŒLLMLŒMŒŒŒËÍÍWÌNKLŒŒŒLLLŒÌÌLLŒŒŒŒLLÍŒMMLŒŒÍÍWÌŒLŒÎLLNŒÍÌÌLŒLŒŒLŒŒŒŒKÍÍWÌŒKLŒLŒŒÍLLÌŒŽMÌLŒÍŒŒLÌLÌŒNNŒŒ‹ÍÍWÌŒ‹LŒŒÍLŒÍLLŒMŒMLNŒLŒŒŒËÍÍWÌŒËLŒŒŒÍLLÍLŒLLŒÌLŒÌMÌLŒŒŒŒÍÍWÌLŒÌLŒÌLMÌŒÍLLLŒŒŒŒŒLLMŒŒLLÌŒŒKÍÍWÌKLŒÎŒÍLLLŒMLŒLLŒLMŒŒMŒŒLÍÍWÌ‹LŒLLÌLLMŒÍMLŒNŒŒŒLNLÌLŒMŒŒLKÍÍWÌËLŒŒÍŽLLÍLŒŒLŒÍLŒŽLLLŒŒLÍŒŒŒL‹ÍÍWÌŽLŒLÌLŒÌLLŒMŒLŒŒŽLÍLŒLŒŒLËÍÍWÌŽKLŒŒŒÍÌLMÌŒÌÌŒŒÌŒÍLŒŽLŒŒMÍÍWÌÌLŒŒNLLÎLŒÌNLLŒÎLŒNLNLÌŒÌÌŒŒMKÍÍWÌÌKLŒŽLŒÍLÌŒNMÌLŒŒŒŒLÌŒMŒŒM‹ÍÍWÌÌ‹LŒÌÌLLÌŒÍMLLŒÍŒNLLLMÎLŒÍÌŒŒMËÍÍWÌÌËLŒŒŒŒÌÌLŒLŒLŒÌÌLLÌŒŒMÌLŒŒNÍÍWÌÍLŒÍLŒLLÌŒŽLŒÍŒŒŒŽLLMÌŒMŒŒNKÍÍWÌÍKLŒÎLŒÍLNŒLŒLŒLLŒÎLŒMÍŒŒLÍÍWÌÍ‹LŒLLŒÎMLLMLŒÌÍŒLŒNŒLÎLŒŒŒŒŒLKÍÍWÌÍËLŒLŒÌÍLLLLŒŒÍŒŒMŒŒŒLMÌŒLŒŒL‹ÍÍWÌÎLŒMŒŒÍŒÌLLLŒÍÎLŒMÌŒMLLŒMÌŒLÍŒŒLËÍÍWÌÎKLŒÍÌŒÌÌŒLÍLŒŒŒŽLŒLŒMLŒŒLÍÍWÍŒŒŒÌLÌLÌŒÌMÌŒLŒLLLŒÎLŒLLŒŒLKÍÍWÍKŒŒŒŽLLÌŒÌLÌŒŒLŒLLLŒŒŒÌŒLÌÌŒŒL‹ÍÍWÍ‹ŒŒŒÍÌLÍŒLŒŒLŒŒŒNLŒÍŒŒMLLŒŒLËÍÍWÍËLŒMŒÌÌLLÌŒŒÌŒŽŒŒLLŒŒÌLLŒÌŒŒLÍÍWÍŒMŒÌLLLŒŒNŒŒŒŒŒLLŒÍÌŒLŒŒŒLKÍÍWÍKLŒLŒÍÎLLLLÌŒÌLŒNLŒLÌÌLŒÌŒÌŒMÌLŒŒLLÍÍWÍ‹ŒLŒÍLLLŒŽLŒLŒNLŒÌLŒMÌŒŒLLKÍÍWÍËLŒNŒÍÍLÌŒŒÍŒÌŒLÌÌŒMLÌLŒÍÎLŒMŒŒŒŒLL‹ÍÍWÍLŒÌŒÍŒLŽŒLÌŒÌLŒNMŒLŒÌŒLŒLŒŒLLËÍÍWÍKLŒŒŒŒÍÌŒLLŒŽÌLŒŒŒMŒLŒÍLŒŒLÍÌŒŒLMÍÍWÍLŒMŒŒŽLŒLŒÎLŒLŒŒŒLŒŒÍLŒŒÌLŒŒLMKÍÍWÍLKŒLŒÌÍŒLLÌŒŽÌŒLLŒMŒLŒÍŒÌÌŒŒLM‹ÍÍWÍL‹LŒÌŒÌÌLLŒŒÌŒÌŒNLŒÎŒMÍŒŒLMËÍÍWÍLËLŒMŒŒÌÌÌLŒÌLŒÎLŒÌŒLŒÍŒŒLŒŒLNÍÍWÍMLŒŒÌÌLLŒMÌŒLŒMMÌLŒÌŒÌŒMŒŒŒLNKÍÍWÍMKLŒŒLŒÍŒLLÌŒÍŒŒŒŽLŒŽLLŒÍÎŒŒŒLŒÍÍWÍM‹ŒLŒŒÌLÌŒŒÎLLŒŒŒŒMMŒLŒÌŒLŒŒŒŒLŒKÍÍWÍMËŒŒLŒÌÌLLLŒMÌŒLÌŒLŒLŒÌŒNMŒŒŒLŒ‹ÍÍWÍNŒŒŒÌÎLLÌŒŒŒLŒMÌLŒÍÌŒŒNŒŒLŒËÍÍWÍNKŒMŒÌLNŒNMÌŒÌÌÌŒLMÌLŒÍÌŒLLLŒŒLÍÍWÍŒŒÌŒÌLÍŒŒLLŒMŒŒLLLLŒÍŒŒLKÍÍWÍŒKŒLŒÌLLŒŒÎLŒMŒŒNLLŒŽLŒŒLŒŒL‹ÍÍWÍŒ‹ŒMŒNLLLŒŒMŒŒŒŒLŒLŒLÌŒŒŒŒLËÍÍWÍŒËŒŽŒÎLLŒÎŒŒMŒŒÎLÌŒLÌLŒÍMÌŒÌŒŒLŽÍÍWÍŒŒLŒMŒLŽŒŒŽLŒMÎŒLLŒÌLŒÌŒŒLŽKÍÍWÍKLŒLŒÌMLLLÌŒŒLŒLÌŒNLLŒÍÌŒŒŒLÌÍÍWÍ‹ŒÍŒŒLŒÎLÌŒŽMŒNLLŒŒLLŒÌMÌLŒNŒŒLÌKÍÍWÍËLŒMŒÌLÌŒMŒLŒLŒLŒŽLŒÎLŒŒLÌ‹ÍÍWÍŽŒNLŒNNLÌŒÍŒLLLŒLŒŽLŒŒLŒŒŒLÌËÍÍWÍŽKLŒŒŒŽLLLŒŒLŒŒŒLŒLLŒÌŒÎŒŒLÍÍÍWÍÌŒŒÍŒŒLŒÍŒŒŒMÌLŒÍLLŒŽLLŒMŒŒŒLÍKÍÍWÍÌKŒŒLŒLŽLÍŒNÌŒŽLŒŒLŒŒLLŒLŒŒLÍ‹ÍÍWÍÌ‹ŒÎŒŽÌLLŒŒLLŒLŒMŒLŒLÌŒLŒŒLÍËÍÍWÍÌËŒNŒMŒLŒŒŒNLŒLÌŒMŒLŒMLŒMÎLŒŒLÎÍÍWÍÍŒŒŒŽLLŒMLLŒŒŒLLŒNÌLŒLLÌŒŒLÎKÍÍWÍÍKLŒMŒŒLLŒÎLŒMLLŒÌŒLLLŒÌŒŒŒŒMÍÍWÍÍ‹ŒŒŒLLŒÎŒÌMÌLŒŒLŒLLLŒLLŒŒŒŒMKÍÍWÍÍËŒŒNLLLŒÌLŒMÌŒŽLŒŽLLŒÌÌLŒŽŒŒM‹ÍÍWÍÎŒLŒŒLŒÍŒŒMLŒŒŒLLŒŒŒLŒLŒŒMËÍÍWÍÎKŒNLŒMMŒLŒÍMLŒŒŒÍÌŒLNLŒÌÌŒMLŒŒMÍÍWÎŒLŒŽLŒÌNLŒLŽŒŒNŒLLÌLŒÌLŒÌLŒŒMKÍÍWÎKLŒLŒŒNLLLŒÌÌÌŒLLŒÍLŒLLŒŽŒLŒŒŒM‹ÍÍWÎ‹LŒMÌŒŒLLŒÎŒNŒŒŒŒŒLŒÌLŒLŒÌLŒŒÌŒŒMËÍÍWÎËLŒLMLLÌŒLÌŒŒMÌŒÍÌLŒMŒŒNÌŒŒMÍÍWÎLŒMÌŒMLLLŒÍŽŒNMLŒÌLŒÍLŒLÍŒÍÌŒŒMKÍÍWÎKLŒMLŒMŒŒLŒÍÍLŒŒŒŒÌŒLLLLŒMLŒMLŒŒMLÍÍWÎ‹ŒLŒNMŒLŒÍŒŒMLÌŒMLŒŒŒLŒNŒLŒŒŒMLKÍÍWÎËLŒLŒMŒLŒÎŒŒNLŒÌŒŒLŒLŒMÌŒLNLŒŒML‹ÍÍWÎŒLŒMÌLŒÌÎLŒNMLNLŒMŒLŒŒÌŒÌŒŒMLËÍÍWÎKŒŒLŒLÌŒLŒÍŒÌŒŒLŒLLŒLLŒLŒNNLŒŒMMÍÍWÎLŒÍŒŒŒLŒÌNLŒMLŒŒŒÌŒŒŒŽLŒÍŒŒMMKÍÍWÎLKŒŒŒŒMŒLŒÌŒNŒŒLŽLŒNLLŒLÍŒŒNMLŒŒMM‹ÍÍWÎL‹ŒLŒŒLMŒŒLLŒNLŒÍÍLŒLŒMŒMÌÌŒŒMMËÍÍWÎLËLŒŒMŒÌLŒÌŒŒMÌLLŒŒLŒÌŒŒŒŒMNÍÍWÎMŒLÍLŒLLŒŒŒLLŒŒLŒLLŒLŒLÌŒMŒŒMNKÍÍWÎMKLŒÌLŒMŒLŒÌÌŒMMLŒMMŒŒLLŒLŒŒŒŒŒMŒÍWÌÌŒÍLÌLŒÎLLŒÌLLŒLŒŒLLŒŒLLŒŒŒŒMŒKÍWÌÌKŒMÌLLŒLŒLLŒLÌŒŒÌŒLLLŒŒŒLLŒŒMŒ‹ÍWÌÌ‹ŒLŒÍŒÌLŒŒLŒÌLŒLÍÌŒMLLŒMLLLŒÌÍŒŒMŒËÍWÌÌËŒÎLLLŒLŒLÎŒLŒLŒLŒLŽŒŒMÍWÌÌŒÌŒŽLŒLLŒMLLŒŽLŒMŽLLŒLÌLŒÍŒÌŒŒMKÍWÌÌKŒLŒŒLŒLLŒLŒŒLÌŒÌLŒŒÌLŒÌÌÌŒŒM‹ÍWÌÌ‹ŒLŒMÍŒLŒLŒŒÍŒLŒŒLŒNŒLŒMŒÌLŒÍLÌŒŒMËÍWÌÌËŒÌŒŒÍÌÌLŒÌLŒLÍŒŒLŒLLŒLŒLŒLŒŒŒMŽÍWÌÌŒŒŒŽLÌLŒÌÌLŒŒLŒŒŒŒLŒÌÌLŒŽŒŒMŽKÍWÌÌKŒÌLŽLLŒŒLŒLŒÌŒÌÌŒMMÌLŒŒLLŒÎLŒŒMÌÍWÌÌLŒŽŒÍNLŒÌLLŒMÎLLŒÎLŒMŒLLŒLLŒÍLŒŒMÌKÍWÌÌLKŒLÌLŒŒLŒMLŒLŒŒLLLŒŒŒLŒŒŒMÌ‹ÍWÌÌL‹ŒŒŒŽÌLŒMÌLŒŒLLŒLŒNLLLŒLLLÌŒŒMÌËÍWÌÌLËŒÍŒŒÍÌŒLŒŒLŒNLLŒŒMŒLŒLLMLŒŒMÍÍWÌÌMŒNŒÌŒLŒŒŒLŒNMLŒÍLŒNLLŒLÍLŒŒMÍKÍWÌÌMKŒMŒÌŒŒLŒŒŒLŒŒMŒŒLNŒLÌÌŒŒLŒÍLŒŒMÍ‹ÍWÌÌM‹ŒMŒÎLLŒÍLŒÌŒÍÌŒŒLŒŒŒLŒÍŒŒMÍËÍWÌÌMËŒÍŒÎLLŒÍLŒMLŒLMŒŒNLŒÌLŒŒŒMÎÍWÌÌNŒLŒÎLŒLLŒLÍÌŒMLŒŒMLLŒMÌLŒÍŒŒŒMÎKÍWÌÌNKŒÌŒÍMÌLŒMLŒNLŒMMLŒŒNLŒŒLŒÌÍŒŒNÍWÌÌŒŒLŒÍŒLŒÌLŒMLŒŒŒÌŒLLŒŒNKÍWÌÌŒKŒLÌÌLŒLŒNLÌŒLÌŒŒŽŒLLŒLŒŒN‹ÍWÌÌŒ‹ŒŒÌŒLLŒŒLLŒMLÌŒŽŒMNLŒŒLLÌŒŒNËÍWÌÌŒËŒÌÌLLLŒMLLŒŒŽŒNNŒÌÌŒNLLŒÌLŒŒNÍWÌÌŒÍLŒÌLLŒÌÌLŒLŒLLLŒŒŒŒLLŒÌÍŒŒŒNKÍWÌÌKŒŽŒÌLLŒÍLLŒNLŒMÌŒÌLŒLŒLLŒŒLŒŒN‹ÍWÌÌ‹ŒŒŒŒŽMLLŒŒLŒŽLŒLÍÌŒŒŒŒLÌLLŒÍLŒŒNËÍWÌÌËŒNLŒÍÍLLŒMÌLŒNŒNLŒŒŽLLLŒLLŒÌLŒŒNÍWÌÌŽŒÍŒÌMŒLŒNLŒMŒŒÌŒŒMLLŒLŒÍŒŒNKÍWÌÌŽKŒŒŒÍLLŒLŒŒŒŒNMŒÍŒŒŒLŒÌŒŒNLÍWÌÌÌŒÍŒŽLLŒNLŒLÌŒLÍŒŒLLŒŒLLLŒŒNLKÍWÌÌÌKŒŒLŒÌÌLŒŒLŒNLLŒLÍŒŒLŒLLŒÌÌŒŒNL‹ÍWÌÌÌ‹ŒÌLŒÌMLŒNLLŒMMLŒMŒLŒÌŒLLŒÎLÌŒŒNLËÍWÌÌÌËŒÍŒÍLŒNLLŒNLÌŒLŒÌÌŒNLLŒÌŒŒŒNMÍWÌÌÍŒÍÌMMLŒŒLŒLLLŒMÌŒMŒÌŒNLÌLŒŒŒÌŒŒNMKÍWÌÌÍKŒNMÌLŒLLŒMŒŒŒLŒŒLŒLŒŒŽŒŒNM‹ÍWÌÌÍ‹ŒÍŒŒÌLŒLŒŒLŒLLŒMMÌŒŒÍLLŒMLŒŒÌŒŒNMËÍWÌÌÍËŒLŽLŒŒLŒMLŒŒMŒŒNŒŒLMLŒLŒŒNNÍWÌÌÎŒLŒÍLLŒLLŒLÌŒLÌŒŒŒLLŒNLLŒÌLÌŒŒNNKÍWÌÌÎKŒLLÌLŒMLŒLMLŒŒÌLŒŒÌŒNLŒŒMLŒŒŒÍWÌÍŒLŒÌŒNÌŒŒŒLŒLÎŒNLLŒLŒŒŒNLLLŒÍÌŒŒŒKÍWÌÍKŒLŒŒŽNŒŒÌLŒLNŒŽNLŒŒÍÌŒLŒLŒÍÎLŒŒŒ‹ÍWÌÍ‹ŒLŒŒÍÍLŒÌLLŒLÎŒŒLŒŒLÌŒŽMLLŒŽNŒŒŒËÍWÌÍËŒLŒÌÎLŒLŒLLŒŽLÌŒLLŒÍŒÌLŒÍŒŒŒŒÍWÌÍŒLÌŒNLÌŒÌLŒLÎLŒŒLŒŒÍÌŒLŒÌLŒÌNLŒŒŒKÍWÌÍKŒLLÌŒÌÎLŒŽLLŒLŒÎŒŒŒLŒÌLÌLŒLŒŒŒ‹ÍWÌÍ‹ŒMMŒŒŒŒÌLLŒŒÍLŒNNŒŽLŒNŒŒŒŒËÍWÌÍËŒMÌŒÌŒÌÌLŒLÌŒŽLŒŒMŒŽMÌLŒÌŒÌŒŒŒÍWÌÍŒLŒŒÌLŒŒŒLŒMMLŒŒŒŒŽLŒŽÌLŒÌŒŒŒKÍWÌÍKŒNÌŒŒLLŒNŒŒŽMŒÍÌLLŒŒŒLÍWÌÍLŒMLÌŒMŒLLLŒLLŒNLŒŒLÌŒŒÍLLŒŽMÌŒŒŒLKÍWÌÍLKŒMŒŒŒÌŒMÌLŒÎŒÍÌŒLŒLŒNÌLŒNŒŒŒL‹ÍWÌÍL‹ŒMLŒŒŒÌLŒÌŒLŒŒÌŒŒŽMLLŒÌŒŒŒŒLËÍWÌÍLËŒLLŒÍMŒLŒŽŒÌŒLŒLŒŽMŒLŒÌŒŒŒMÍWÌÍMŒNLLŒNNLŒLÌLŒMÌŒŒLŒMÎLŒŽLŒMLŒŒŒMKÍWÌÍMKŒMŒÌŒÌÌŒLÌLŒÌMŒŒNNŒMLŒŒLLŒŒŒM‹ÍWÌÍM‹ŒMÌŒÍÎŒMLŒMÌŒŽNLŒÌÌŒÌÌLŒŒŒŒŒŒMËÍWÌÍMËŒMLŒÌŒLMLLŒÎŒÌŽLŒÌŒÌÍLŒŽLŒŒŒNÍWÌÍNŒŒÌŒNLŒMŒLŒMLŒŽLŒŒLŒŒÎLLŒLŒŒŒŒNKÍWÌÍNKŒMÍLŒŒLNLLŒÍÌŒÎLLŒNMLŒŽÌLŒŽŒŒŒŒÍWÌÍŒŒMÌÌŒMÌLŒMMLŒLŒÌÎŒMLŒŽLŒMÌŒŒŒŒKÍWÌÍŒKŒMÍLNŒMŒLŒMÌŒÍŒLŒŒÌÌLLLŒŽŒŒŒŒŒ‹ÍWÌÍŒ‹ŒNMŒŒNLŒNMLLŒMŒÌŒMŒLÌLŒŒŒŒŒŒËÍWÌÍŒËŒNÌŒŒŒMÌŒLŒNLŒÌLŒNŒŒÌNLLŒŒŽŒŒŒÍWÌÍŒNÌŒŽŒŒŒŒŒLŒMŒŒÌLŒNLŒÌLŒLLLŒŒŒKÍWÌÍKŒNŒŒŽLŒŒŒLŒÎŒÍÌLŒNNLŒÍŒLŒLŒŒŒŒŒ‹ÍWÌÍ‹ŒŒLÌMLŒŒŒLŒMLLŒÌLŒŽMŒÌLŒÌŒŒŒËÍWÌÍËŒNMLŒŒÌŒŒMLLŒLLŒŒŒŒÌLLŒÌLŒŒŒŽÍWÌÍŽŒŒLŒÍŒŒŒŒNLŒLŒŒŒŒLÌŒÍLŒLŒLÌŒŒŒŒŽKÍWÌÍŽKŒNNŒÌŒŒMLLŒNŒÍMLŒŒŒŒLLLŒLÌŒŒŒÌÍWÌÍÌŒŒLLŒŒŒÌŒŒÍLŒŒÌÍLŒLÌLÌLŒŒÍLŒŒŒÌKÍWÌÍÌKŒŒNŒŒLŒŒMLLŒŒÌMLŒMŒÍLŒLŒLLŒŒŒÌ‹ÍWÌÍÌ‹ŒŒÌŒŒÍLŒŽLŒŒNŒÎLŒLŒÌÌLŒŒLŒŒŒÌËÍWÌÍÌËŒŒŽŒMMŒŒÍÌLŒŒŒÎŒNLÌÍLŒMŒŒŒŒÍÍWÌÍÍŒMŒLLŒŽÌŒLÌŒŒÍÌŒLMLMLLŒŽŒŒŒÍKÍWÌÍÍKŒŽLŒŒŒŒŽMŒLŒÍLŒLÌŒLŒÍŽLLŒNMLŒŒŒÍ‹ÍWÌÍÍ‹ŒLŒNLLŒŽLŒLŒÌŒÌŒŒLŒÌŒŒŒÍËÍWÌÍÍËŒŒÎLŒMÍŒŒŽLŒLŒLLLLŒŒÌŒÌÍŒLŒMLLŒŒŒÎÍWÌÍÎŒŒÌÌŒÎŒŽNŒŒÌŒLNLŒÌÌLŒŒŒŒŒŒÎKÍWÌÍÎKŒŒŒMLLŒÌŒLŒMÌŒÍÍÌŒŒŒŒŒÎÌLŒMŒŒŒÍWÌÎŒLŒŒŒÌLŒMMLÍÌŒŒÌÍÌLŒŒŒŒŒKÍWÌÎKŒŒÍLŒMŽŒÌÍÌLŒÍÌŒÌLŒŒLŒŒÌLŒÍŒŒ‹ÍWÌÎ‹ŒMLŒÍŒŒŒÍÌŒNLŒŽŒLŒŽLŒLÍŒŒŒËÍWÌÎËŒMÌŒŒŒÍÌŒMLŒÍNLŒŒÍŒÌŒLŒŒÍWÌÎŒLŒLLÌŒLŒŒÌŒŒŒŒMŒŒLŒNLŒŒKÍWÌÎKŒÌŒŒŒŒÍÍLŒŒNÌŒÍÌŒŒŒLŒLŒŒ‹ÍWÌÎ‹ŒÎLŒÍLLŒŒLNÌŒÌMLÌŒŒÌLŒŒËÍWÌÎËŒÌŒŒŒŒÎŒMÌŒÍLÌŒŽÌLLLLŒÌÌŒŒÍWÌÎŒLLŒNŒÌŒLŒNŒŒÎMŒŒLŒLŒLÌLŒŒKÍWÌÎKŒŽLŒŒÍLÍŒŒÌÌŒŒÌŒMLÌLŒÌÌŒŒLÍWÌÎLŒÌLŒŒNNLŒÌÌŒÌÎŒŒLLŒLŒŒLKÍWÌÎLKŒÌŒMÌŒÌÌŒÌÌMŒÌŒÎMŒŒLŒŒL‹ÍWÌÎL‹ŒŽLŒŒÌŒLŒÌMÌŒNLŒŽŒLŒŒLËÍWÌÎLËŒÌŒŒLLÌŒMÌLÌŒÍÍMŒMMŒŒMÍWÌÎMŒŽÌŒMÌLŒMÌŒÍŒLŒŽMŒŒÍÌŒŒMKÍWÌÎMKŒŽLÌŒŒMŒŒÍŒÌŒMŒŒLMLŒŒM‹ÍWÌWÌŒÌÌLLLŒÌÌŒÍŒŒLŒŒŒMŒŒLŒÌLŒŒLŒŒŒMËÍWÌWÌKŒMÌÌMÍLŒLŽLLŒLŒLMÌLŒMÌŒMLŒŒNÍWÌWÌ‹ŒMMLŒNLŒÍLLŒNŒMŽLŒŒŒÌÌŒŒNKÍWÌWÌËŒMÌNMLLŒŒNŒÌŒÌŒLŒMLŒÌŒŒŒŒÍWÌWÌŒNLÍLŒÎŒÍLŒLŒŒŒŒNLLŒÌLÌŒŒNŒŒŒKÍWÌWÌKŒNLNLLLŒÌÍŒMŒŒLLŒŽLŒLLÌŒŒŒ‹ÍWÌWÌ‹ŒMŒLŒLÌLLŒLÍÌŒMÌLŒMŽLŒÌLŒŒŒËÍWÌWÌËŒNLŒLLŒLÌŽLÌŒÌÌŒLMÌLŒLŒŒÍLŒŒÍWÌWÌŒŒÌÌLŒÍLMLLŒŒŒŒLŒMMŒÍLŒŒKÍWÌWÌKŒNLLLLLŒLMLMŒŒŒLŒNLŒÌŒÍÌŒŒ‹ÍWÌWÌLŒLŒNMLŒÍLNLŒLLŒLŒMLLŒÎLŒŒËÍWÌWÌLKŒNLÌŒLŒLÍÍÌŒMLŒMMÌLŒŒLŒMLŒŒŽÍWÌWÌL‹ŒMLÌLŒÍLŒMÍŒŒMLŒŽLŒÌŽŒŒŽKÍWÌWÌLËŒMÌLMLLŒLLMLŒMŒŒMŒLŒŒŒMŒŒÌÍWÌWÌMLŒMLLLÌLŒMLŒLMLLŒÌŒŒLÍŒLŒNŒÎMŒŒŒÌKÍWÌWÌMKŒNMÌŒÌLŒLLLŒLŒŒÍLLŒÌŒLŒŒÌ‹ÍWÌWÌM‹LŒŒÌŒŒÌLŒMŒLŽLŒMŒŒLLLŒŒÌLŒÍÌŒŒÌËÍWÌWÌMËŒŒÍŒLŒLLLLŒLLŒŒŒÌLLŒÍŒŒŒŒÍÍWÌWÌNLŒÌÌLÌÌLŒLÍŒLŒLŒÌŒLLLLŒNLŒÌŒŒŒÍKÍWÌWÌNKŒÍÌÍÍLŒLŒÎŒŽŒÌÌLŒŒÌLŒŒŒÍ‹ÍWÌWÌŒLŒLÌŒLŒLÍŒMLŒŒLŒLŒÌLŒÍÌŒÎLLŒŒÍËÍWÌWÌŒKŒMŒŒÎŒLŒLÌÍLŒÍŒŒŽLŒŒLÌŒŒÎÍWÌWÌŒ‹LŒMLLŒŒLŒMÌŒŒŒÌŒMŒLŒMÍÌŒÍNLŒŒÎKÍWÌWÌŒËŒMLÌLLŒMLLŒŒLLŒŽLŒLŒÌŒŒŒŽÍWÌWÌLŒŽLNLLŒLLÌŒLŒŒŒŒŒLLŒÌŒŽLŒŒŽKÍWÌWÌKŒMLŒÍLŒLLLŒŒLÌÌŒŽNLLŒÍLŒŒŒŽ‹ÍWÌWÌ‹LŒÍLNLLŒNLŒNLŒMLLLŒÌŒŒŒŒŽËÍWÌWÌËŒŒÌLLŒMŒLŒLŒŒÌŒŒLŒÌMŒŒŽÍWÌWÌŽLŒŒŒLLŒLŒMLNŒŒÎŒMŒLLŒLÌŒÎLŒŒŽKÍWÌWÌŽKŒMLŒLŒLÌŒLLŒŒŒÎLŒMLLLŒŒŒŽ‹ÍWÌWÌÌLŒŒMŒLMÌLŒÍŒMÍLŒLÍÌŒÌLŒLŒÌŒŒŽËÍWÌWÌÌKŒNÌŒÎÌLŒÌŒMÌŒMÌŒÎŒLŒÌLLLŒŒŽÍWÌWÌÌ‹LŒÌŒMLLŒMMMŒMŒLŽLŒLLŒŒÍÍŒŒŒŽKÍWÌWÌÌËŒNÌNLLŒNLÌLŒLMŒÌLÌLŒLLŽLŒŒŽLÍWÌWÌÍLŒÌLNLŒNŒŒŒLÌLŒŒÌLŒLŒŒÍŽLŒŒŽLKÍWÌWÌÍKŒMÌLŽLLLŒŒMŒŒŒÌMŒŒLŒMŒŒŽL‹ÍWÌWÌÍ‹ŒŒŒÎLŒÍŒŒŒLÍÌŒŒLÌLŒMŒLLŒŒŽLËÍWÌWÌÍËŒŒMLLŒLŒÍŒLŒŒLŒŒÌÌLŒNLLŒŒŽMÍWÌWÌÎŒŒÌLLŒMŒNLŒÍŒLŒŒLŽŒŒŽMKÍWÌWÌÎKŒNLÌLŒÌŽLŒLŒÌLLŒŒŒMŒŒŒŽM‹ÍWÌWÍŒŒLŒLŒLÌNNŒŒLŒŒLŒLŽLŒŒŽMËÍWÌWÍKŒŒÌLLŒLMŒŽMŒŽÌŒLNLŒŒŽNÍWÌWÍ‹ŒŽŒMŒLŒLŒÌLŒÎÌŒÌLŒÎŒŒŒŽNKÍWÌWÍËŒŒMLLMLŒŒÌÍÌŒŽMÌŒŒŒÌŽLŒŒÌÍWÌWÍŒMŒLŒÍÌŒMŒŒŒMŒÌÌŒLŒMŒŒÌKÍWÌWÍKŒŒLŒŒŽÌLŒÌÍÌŒŽŒŒMÍNŒŒÌ‹ÍWÌWÍ‹ŒÌLÌŒÍŒÌLŒÎÌŒÌÌŒLÍÌŒŒÌËÍWÌWÍËŒÌŽLÌŒŒÌÍLLŒÌÍŒÌÌLŒMŒLŒŒŒÌÍWÌWÍŒÎÍŒMŽŒŽŒÍLLŒMLNŒŒÌKÍWÌWÍKŒÌÌLŽLŒÌLÌÎŒÍLLŒÍŒŒŒŒŒŒÌ‹ÍWÌWÍLŒÍLLLŒLŒÌLŒÌLŒÍŒŒŒLÌŒŒÌËÍWÌWÍLKŒÌÍLÌŒLLÌLÌŒŒŒMNŒÍÌLŒŒÌÍWÌWÍL‹ŒÌLLŒÌÌÌŒÌŒŒÎMŒŒLÍÌŒŒÌKÍWÌWÍLËŒÌŽLŒŒNLŽNÌŒŽŒŒŒMLŒŒÌLÍWÌWÍMŒÌŒLÌÌŒŒLÌÍLŒÌŒŽŒLŒMÌLÌŒŒÌLKÍWÌWÍMKŒÍNLÍŒŒLŒÌNMÌŒÎŒLŒŒÌL‹ÍWÌWÍM‹ŒÍLŒLŽLŒÌŒŽMÌŒLŒŒÍLŒŒÌLËÍWÌWÍMËŒÌÌŒLŒŒLMLŽLÌÎLŒÌŒŒŒMÌŒÍLŒŒÌMÍWÌWÍNLÌÍŒMLŽMLŒÎLŒÌÌŒŒŒLMLŒŒÌMKÍWÌWÍNKÌLŒMŽÌŒŒLŒŒÌŽŒMŒŒŒŒÌM‹ÍWÌWÍŒŒÌŒŒŽŒNÎÌŒÎMŒŒÎLŒŒLLŒŒŒŒÌMËÍWÌWÍŒKNLŒMLÌŒLLŒÌÌLŒLÌÍÌŒŒÌNÍWÌWÍŒ‹LLŒÌŒNMŒÌŒŒŒÌŒMŒÎLŒŒÌNKÍWÌWÍŒËÎŒÎNŒMÍÌÍMÌŒŒÌŒÌŒMLLŒŒÌŒÍWÌWÍLLÌŒMŽÌÌŒÍŽLLŒMÌŽŒŒŒÌŒKÍWÌWÍKLŒŒŒMŽLÍŒLÍÌŒMÍŒŒÌŒ‹ÍWÌWÍ‹ŒÌMŒŽLŒŒMMÌŽNLMŒÍLŒLMŒLŒŒÌŒËÍWÌWÍËŒÍÍÌŒŒMŽMŽŒÍŒŒMÌLLŒŒÌÍWÌWÍŽÍÌŽLŒŒMLÍÍŽŒÍŒŒŒÌŒŽŒŒÌKÍWÌWÍŽKŒÎLŒŒMÍLŒÍMÌŒLMLŒŒÌ‹ÍWÌWÍÌLŒŒLÌÍÍŒLMŒŒÌŒŒMÌŒŒÌËÍWÌWÍÌKÍLŒÍÌŒŽLLLLŒÌNŒNŒŒÌÍLŒŒÌŽÍWÌWÍÌ‹ŒÎLŽMÍÌŒŒLLŽLÌMÌŒŽNŒÌÌŒÍNŒŒÌŽKÍWÌWÍÌËÎŒÎMŒŒÍLŽLLÎLŒÍŽŒÌLLMŒŒÌÌÍWÌWÍÍLŒLŒÍŒÍŒLŒÌŒÌŒLMLŒŒÌÌKÍWÌWÍÍKLÌŒŒÌLLŒŽLŽÌMNŒÍMŒÎLŒÍŒŒŒÌÌ‹ÍWÌWÍÍ‹LÍÌLŒÌNLÌÎLÌLŒNŒŒNMÌÌŒŒÌÌËÍWÌWÍÍËÍÎLŒŽLÎÌLNŒÍLŒMLÌŒŒÌÍÍWÌWÍÎLÌLŒÍŒLÍLÌNŒŽLLLŒŒÌÍKÍWÌWÍÎKMŽŒÌLŒŽÌŒMMÌŒÌÌŒŽLŒLŒŒÌÍ‹ÍWÌWÎLŒÌÌŒŒLŒÍÎŒLŒŽŒNMMMLŒŒÌÍËÍWÌWÎKLÌÍŒŽŒŽLNŒÌLLLLŒŒŒÌÎÍWÌWÎ‹NŒMŒŒÍŒÎŒÌŒŽÌŒÍMÌLÌŒŒŒÌÎKÍWÌWÎËMÍLŒÍMÌŒÍMŒŽLNMŒŒÌMÍÌŒŒÍÍWÌWÎŒŽMŒÌŽÌŒŒÌŒÎLÌMLÌLLŒŒÍKÍWÌWÎKŒŒŒŒŒŒŒŒŒŒÍ‹ÍWÌWÎ‹LNLŽLŒÍŽŽMŽŽÌŒÍŒŒÌLŒŒÍËÍWÌWÎËŒŒŒŒŒŒŒŒŒŒÍÍWÌWÎLŒNLÌŒŽŒÎŒÌŒÌÌLŒÌŒÌŒŒÍKÍWÌWÎKLLLŽLÌŒÌÌÌMLLLŒŒÍ‹ÍWÌWÎLŒLŒÍLŒÎLLŒŽÌMÌŒÍLLMNMLŒŒŒÍËÍWÌWÎLKŽMÌÍLŽLÌLŒÌŒŒÎLNŒŒŒÍÍWÌWÎL‹MLÌLŒŒNŒÌŒŒÎLMŒŒMÌÌŒŒÍKÍWÌWÎLËŒŒŒŒŒŒŒŒŒŒÍLÍWÌWÎMMÌLÌLŽLŒÌÎMŒMLŒŒŒÍLKÍWÌWÎMKÍLŒÌŽLŒŒŒÍLŒÌLÌÌŒŒÍL‹ÍWÌ—ÌLŒŒŒÌLŒMNŒÎLŒMÌŒŒLLŒÎNLŒÎŒŒÍLËÍWÌ—ÌKŒÍÌLŒNLLŒŒNLLŒŒMLŒŽMLLŒŒŒÍMÍWÌ—Ì‹LŒLÌŒLŒMŒMÌLŒMLLŒŽNLLŒÌÌŒŒŒŒÍMKÍWÌ—ÌËLŒLLLLLLŒMŒÌŒLŒLMÌŒŒMLLŒÍLŒŒÍM‹ÍWÌ—ÌŒLÌÍLŒMÍŒŒLŽLŒLŒŒMÎLŒŽLŒÌŒŒÍMËÍWÌ—ÌKŒLÌŒLŒMÎŒMLLŒÍŒŒŒLLŒÌÌLŒŒŒŒÍNÍWÌ—Ì‹ŒÎLÍÌLŒMŒŒŒMNLŒMŒŒÌÎLŒÌÌÌLŒMÎŒŒÍNKÍWÌ—ÌËŒMÌLLŒMÎLŒŒÌLŒLŒŒŒÌLLŒLÌLŒŒŒÍŒÍWÌ—ÌŒŒÎLLŒMLLŒMŒLŒMŒŒNLLŒÎŒŒŒÍŒKÍWÌ—ÌKŒÍÌÌLLŒMÌÌŒŒÎLŒLÍŒÌÌLŒŒÎLLŒMÌŒŒÍŒ‹ÍWÌ—ÌLLŒLLNLLŒNLÌŒNMÌLŒLLŒMNLLŒŽLLŒMÍLŒŒÍŒËÍWÌ—ÌLKLŒLLŒÌLŒŒLŒŒÌLŒLŒMÍÌLŒÌLŒNLŒŒÍÍWÌ—ÌL‹LŒŽLLŒLŒMÍÌLŒLŒNLLŒŽLŒŒLŒŒÍKÍWÌ—ÌLËŒÍLLŒLÍÌŒNLŒLŒŒMÌLŒNLLŒLÌŒŒÍ‹ÍWÌ—ÌMLŒLŒŒLŒŒLŒŒŒLLŒLLŒLŒÍÍŒŒŒŒÍËÍWÌ—ÌMKLŒÍLLLŒMLŒNLLŒLÌŒNLLŒNÌLŒLŒŒŒÍŽÍWÌ—ÌM‹ŒLLÍLŒMMÌŒLŒMÌŒMMLLŒLLŒLŒŒÍŽKÍWÌ—ÌMËŒLŒMÍLŒŒLLŒLŒÎNLLŒÌÍÌŒLŒŒÍÌÍWÌ—ÌNLŒLŒNLLŒMÌÌŒŒÍÌLŒMŒÌŒMŽLŒŽŒLŒLLŒŒÍÌKÍWÌ—ÌNKLŒÍMŒLŒNŒŒŒLLLŒŒŒŒNLLŒŒLŒÍŒŒÍÌ‹ÍWÌ—ÌŒŒÌLNLŒMÍLŒŒLLŒLŒŽLLŒŒÌŒLŒŒLŒŒÍÌËÍWÌ—ÌŒKŒŒLŒMÌÌŒŒLLŒŒÌLŒMÌÌLŒÍŒŒÍÍÍWÌ—ÌŒ‹LŒLLNLŒMNŒMLŒLLLŒMLLŒÍLŒLŒŒŒÍÍKÍWÌ—ÌŒËLŒLÌŒÎMÌLŒMLLŒNLLŒLŒŒÍŒLŒNŒŒMŒŒŒÍÍ‹ÍWÌ—ÌLŒLŒLMŒLŒMLŒŒMÌLŒMŽLŒMŒLŒŒŒLŒŒŒÍÍËÍWÌ—ÌKŒLŒÍÍŒLŒMLŒÎLLŒLŒÍMLMÌLLŒŒŒŒŒÍÎÍWÌ—Ì‹ŒLLŒŒLŒÌŒLŒŒŒLÍŒLŒÌLLŒÌŒŒÍÎKÍWÌ—ÌËŒLLŒÍÍŒLŒMMLŒŽLŒNŒŽLLŒŒŒLŒLŒŒÎÍWÌ—ÌŽŒNLLŒLÌŒŒMŒŒLŒMÌŒLŒLÌÌLŒÌŒŒÎKÍWÌ—ÌŽKŒŒÍŒLŒLMŒMŒŒÍLŒNLŒMŒŒÎ‹ÍWÌ—ÌÌŒÌÌMÌLŒMNŒŒÌŒLŒMMŒLŒŒMLLŒŒŒŒÎËÍWÌ—ÌÌKŒÌLŒÎLLŒMŽLŒŒNLŒLŒŒÌÌLŒNNLŒLLŒŒÎÍWÌ—ÌÌ‹ŒLLŒLŒMÎŒÌÌŒLŒŒLÌLŒNNLLŒMŒŒÎKÍWÌ—ÌÌËŒMŒŒÍŒLLŒMŒŒNMLŒÎŒLLŒMÌŒLŒÌŒŒÎ‹ÍWÌ—ÌÍŒLŒLÎLLŒLÎMNŒNŒŒMLŒŒLŒÎLŒŒÎËÍWÌ—ÌÍKŒŒŒMŒLŒLLŒÍÌLŒLÌŒÍLLŒMÌÌŒLLŒŒÎÍWÌ—ÌÍ‹ŒŽMÌLŒŒÌŒŽŒLÌŒLLŒNŒÎLŒŒÎKÍWÌ—ÌÍËŒÎŒLŒMLŒŒŒŒÌLŒŽŒLŒMÌLŒMLŒŒÎLÍWÌ—ÌÎŒMŒMNLŒMÌŒŒLŒÍŒŽLLLŒŒLŒŒMŒŒÎLKÍWÌ—ÌÎKŒŒŒLŽLLŒLÌŒLŒLÌŒÍLŒŒLLŒŒŒLŒŒÎL‹ÍWÌ—ÍŒLÌLŒLŒLLŒŒMLLŒÍŒŒNMLŒMLÌŒMŒŒŒÎLËÍWÌ—ÍKŒLÌÌŒÎLLŒLŒŒMŒŒNLÌŒŒÍLŒLŒŒLŒŒÎMÍWÌ—Í‹ŒLMŒLŒMŒLŒÍŒŒŒÎLŒMLŒŒŽŒŒÎMKÍWÌ—ÍËŒMÌLŒLÌŒŒÌŒŒMŒŒŽMLŒÌLŒŒŒÎM‹ÍWÌ—ÍŒŒÌLŒMMŒŒŒŒÍÌŒLLLŒMLŒŒŒŒÎMËÍWÌ—ÍKŒLMŒÍLLŒMŒÌŒŒŒLŒŒMÌLŒLLLŒLŒŒŒÎNÍWÌ—Í‹ŒLŒÌLÍŒLŒŒŒNÌŒÌŒŒŽLLŒLŒŒÌŒŒÎNKÍWÌ—ÍËŒLÌLMLŒLÌŒÌNŒNÌŒÍŒLŒŒLŒŒŒÍWÌ—ÍŒNLLŒŒÍÌŒMŒŒÌLŒŒÌLŒŒÍŒŒKÍWÌ—ÍKŒÌŽLŒLŽŒÌŒMMŒŒLLŒŒÌLŒŒŒ‹ÍWÌ—ÍLŒLÌŒMŒLŒLŽLŒŒMLŒLŒŒMŒLŒLŒŒŒLŒŒŒŒËÍWÌ—ÍLKŒMMÌLŒMLLŒÌNLŒŒŽŒNLŒLŒMŒŒÍWÌ—ÍL‹ŒLLLMŒLŒNŒŒÍŒŒLŒŒŽŒLŒLMÌŒLMLŒŒKÍWÌ—ÍLËŒLŒŒLŒLŒNŒÌÌŒŒŒÌŒMLŒNŒLŒŒ‹ÍWÌ—ÍMŒLŒMLLŒŒLŒMŒÌMLŒLÌŒMLŒŒËÍWÌ—ÍMKŒLÌLŒLŒMLŒÌÌŒŒŒŒŒŒŒLŒŒLŒÌŒŒÍWÌ—ÍM‹ŒMÌLÌLŒLŒÌŒÌŒÌÍŒÌLŒÍÌŒLÌŒŒKÍWÌ—ÍMËŒMÌMLLŒLMÌŒÌMÌŒŒŒŒMÌŒLŒŒLLŒŒŒLÍWÌ—ÍNŒMŒÌMLŒMŒŒÌŒŒÎMŒŒŒŒLŒŒŒŒMLŒŒLKÍWÌ—ÍNKŒMÌÌŒÌLŒÍLŒÌLŒÍŒLŒŒÎLŒÎŒŽLŒŒL‹ÍWÌ—ÍŒŒNÌLÍŒLŒÌÌŒLŒLŒLŒLŒLÌŒŒŒŒŒŒLËÍWÌ—ÍŒKŒMÌŒÌLŒÎLŒŽMÌŒÌŒLŒÌÌŒÌŒÎŒŒMÍWÌ—ÍŒ‹ŒLMLLŒLŒMÌŒŒMÌŒŒŒLLŒŒMKÍWÌ—ÍŒËŒLLLŒŒŒŽLŒÍŒLŒŽLŒÌŒŒÌŒŒM‹ÍWÌ—ÍŒMNLŒÍNLLŒŒŒNLŒŒŒLÍÌLŒÍŒŒLÍLŒŒMËÍWÌ—ÍKŒMÍLLLLŒMŒŽNLŒŽMLŒÌNLŒLŒNŒŒŒNÍWÌ—Í‹ŒŒLLLŒÍŒŒŽLÌŒÍLŒŒÍLŒÌŒMŒŒŒNKÍWÌ—ÍËŒŒŒŒÎLLLŒŒŒŽŒÍŒŒÍLLŒLŒMŒŒŒÍWÌ—ÍŽŒNMLŒLŒÌÌŒÌŒŒŒLŒŽLŒLŒLÍŒŒŒKÍWÌ—ÍŽKŒNMŒLŒÍLŒŽŒÌMÌŒÌMŒŒLNLŒŒŒ‹ÍWÌ—ÍÌŒŒMMÌLŒLŒÌMŒÍÍÌŒŒLŒÌŒMÌŒŒŒŒËÍWÌ—ÍÌKŒÌŒÍŒŒŒMŒŒŽLŒŒŒMŒŒŒÍWÌ—ÍÌ‹ŒŒÎŒŒÌŒLŒŒÌLÌŒÎŒLŒÌŒNLŒŒKÍWÌ—ÍÌËŒLLŒLŒÍŒLLŒÍŒÌŒŽMLŒÍÌŒŽÌŒŒ‹ÍWÌ—ÍÍŒŒMMŒLŒŒŒÌŒŒŒÌÌŒŒÌŒŒËÍWÌ—ÍÍKŒŒŒÎLLŒÍLŒÌŒÌLLŒŒNŒŒŒŽÍWÌ—ÍÍ‹ŒLŽŒŒŒÌŒŒŒÌÌŒLMLŒŒŒŒŒŽKÍWÌ—ÍÍËŒLŒÍNLLŒLŒŒŒŒÌMŒŒMÌŒMMLŒNLÌŒŒÌÍWÌ—ÍÎŒŒÌNŒŒÌŒÌMŒMLŒÌŒLŒŒŒÌKÍWÌ—ÍÎKŒŽŒÍÌŒÌŒÌŒÍÌŒÌŒÌŒNLŒŒŒMŒŒÌ‹ÍWÌ—ÎŒNLLLÌŒLŒÍŒLŒLÌŒLŒŽŒLŒŒŒÌËÍWÌ—ÎKŒŽŒÍŽLŒŒŒNMŒŒÎLŒŽŒMÌŒŒÍÍWÌ—Î‹ŒŽÌÌŒLŒŒŒLLŒŒLŒÎLŒÌŒŽLŒŒÍKÍWÌ—ÎËŒŽLŒÍÌÌŒŒÍÍŒŽNLŒŒLŒNNLŒŒÍ‹ÍWÌ—ÎŒÎÍŒŒÌLŒŽLŒÎNLŒÎŒŒMŒŒÍËÍWÌ—ÎKŒŽLŒÎŒŒÍÌŒŒNŽLŒLŒÌÌŒMŒŒŒÎÍWÌ—Î‹ŒÌNŒÎŒŒÎŒŽLÌLLŒÎLŒŒMŒÌŒŒÎKÍWÌ—ÎËŒÍŒŒÍŒŒNŒŒÌŒLŒÍÌÌMŒMLŒŒÍWÌ—ÎŒÍŽLLŒŽÌŒMÍÌŒÌÎLŒLLŒÎLŒŒKÍWÌ—ÎKŒÍLÌŒÍÎLŒŒŒÌŽLÌNLŒŒLŒNŒŒ‹ÍWÌ—ÎLLŒÎŒLLLŒÌLLŒMŒŒŒNNŒŒŒËÍWÌ—ÎLKŒÍŽLNŒMLŒLÌMŒÍŒMŒÎLŒŒÍWÌ—ÎL‹ŒÍÌŒÍÍŒŒMLŒŒLÌŒŒÌÍÌŒÌÌŒLÌŒŒKÍWÌ—ÎLËŒÌŒŒŒMLŒŒMLNLŒŒÌÌŒŒMLŒŒ‹ÍWÌ—ÎMŒÎŒÍMLŒLŽŒÍÌMÍLŒŽŒŽLŒLŒŒËÍWÌ—ÎMKŒÎÌŒÍŒŒŒŒŒŽÌLÌŒÌMŒÌŒLŒŒÍWÌ×ÌLLŒŒŽLÌŒÎLŒÌLLMÌŒMNLŒÍLLŒÌŒŒKÍWÌ×ÌKLÌŒLŒŒÍŽLŒNLŒŒŒLŒÌMLLŒNLŒŒLÍWÌ×Ì‹LLÌŒÎÌŒÍÌŒLLMŒMŒÌLŒLMÌŒŒLKÍWÌ×ÌËLNLÌŒÍŒŒŒMLLŒŒLŒLŒŒŒŒŒL‹ÍWÌ×ÌLLMÌŒŒŒÍÌŒLÌLMLŒNLŒÌÌŒLŒLNŒŒLËÍWÌ×ÌKLLŒMÍÌŒÍMŒŒŒNLLLŒŒLÌLŒMLŒŒMÍWÌ×Ì‹LNLLŒÍMÌŒNLLMÌÌŒNŒŒÌLŒLMLŒŒMKÍWÌ×ÌËLLLMŒÍLŒŒLLŒÌŒŒÎMLŒNLŒŒŒM‹ÍWÌ×ÌLÍLLŒÍMÌŒLŒMLŒŒŽŒÍÌLŒMŒŒMËÍWÌ×ÌKLLLMŽLŒÍÍÌŒMLŒLŒÌŒMŒLLLŒMNLŒŒNÍWÌ×ÌLLŽLLŒŒÎŒŒLÌLMŒMŽŒÌLLLŒMŒŒNKÍWÌ×ÌLKLÌÌLÍŒŒÍÌŒŒNLÌLLŒŒŽLŒLŒMŒLŒŒŒÍWÌ×ÌL‹LLÌÌŒŒÍÌŒŒNLLNLŒLLLŒÌŒLŒLLLŒŒŒKÍWÌ×ÌLËLÍLLŒŒÎÌŒLŒŒLLŒMLŽLŒMMLŒŒŒ‹ÍWÌ×ÌMLMÌLLŒÍÎŒÍLLŒŒLLŒÌÌÌLŒMÍŒŒŒËÍWÌ×ÌMKŒŒŒŒŒŒŒŒŒŒÍWÌ×ÌM‹LNÎLŒÍŒŒNLMŽLŒŒÌŒÌŽLŒÌŒŒŒKÍWÌ×ÌMËLLÍÌŽMŒÎÌŒMŒLÍÌŒMÍÌNLLŒNŒŒ‹ÍWÌ×ÌNLMMÌŽÌŒŒÍŒLŒÌÌLÎŒÌŒŽLLŒLÌŒŒŒËÍWÌ×ÌNKLMŒMÌLLŒLÌLLÌŒMÌÌÌLLŒŒŒŒŽÍWÌ×ÌŒLLLMLŒÎŒLMLLÌŒMÍÌŒÎŒLŒLÌÌŒŒŽKÍWÌ×ÌŒKLMŒLŒŒÌLLŒŒMÌLNLŒÍÌŒŒÌÍWÌ×ÌŒ‹LMLLŽŒÍÍŒMLŒLLÌŒNLŒÍŒLŒLLLŒŒÌKÍWÌ×ÌŒËLŒLŒŒLLŒÎMÌŒNMLŒŒLŒŒŒŒŒÌ‹ÍWÌ×ÌLŒŒMŒÌŒŽLLŒÌLNŒNŒÍNLŒÌŒŒÌËÍWÌ×ÌKLÎŽLLŒŒLÌÌLŒÎÌŒŒÌŒÎMÌŒŒŒÍÍWÌ×Ì‹LŽŒÍŒŒÍÍŒŒŒÍŒLNMŒMLÌŒÍŒLŒLŒŒÍKÍWÌ×ÌËLLÎLNŒLŒLLŒÍMLŒNLŒÌŒŒŒŒÍ‹ÍWÌ×ÌŽLLMŒŒÎLŒMŽLLŒÌŒNLŒLÌŒŒÍËÍWÌ×ÌŽKLÌLŒLŒÌŒLŒLÌŒŒÍŒŒÎÍWÌ×ÌÌLMŒŒLŒÎŒŒMÌŒLLÌŒŒŒŒŒÌLŒŒLLÌŒŒÎKÍWÌ×ÌÌKLŒÎŒMLMŒMLŒÌMŒŒÌŒŒŒÍÌŒŒÍWÌ×ÌÌ‹LŒMLÌŒMLLNŒLŒÌÍÌLŒMLŒŒKÍWÌ×ÌÌËLŒÎLLŒÌŒŒLŒLŒÌŒŒŒÍÌLÌŒÌLŒŒ‹ÍWÌ×ÌÍLŒÎMÌNŒŒLLLŒÎLŒŒŒŒŽLLŒMŒŒŒËÍWÌ×ÌÍKLŒÍNMŒLŒMLLŒŒŽLLŒÌLŒŒÍWÌ×ÌÍ‹LŒÎLŒŒŽÌŒÍŒŒŒNLLŒÎLŒŒLŒŒÌÌLŒŒŒŒKÍWÌ×ÌÍËLŒÍŒŒLŒLŒLŒÌŒŒŒŒÌLŒŒŒŒ‹ÍWÌ×ÌÎLŒÍMÌLÌŒMLŒÌŽŒŒLŒÍŒŒŒŒŒŒËÍWÌ×ÌÎKLŒÌŒÌŒŒŒLLLŒŒLÌŒLŒÎLŒŒÍWÌ×ÍLŒÍMLMŒLLLŒÌÌŒÌMŒNŒLŒMNLŒŒKÍWÌ×ÍKLŒÌŒŒŒŒÌŒMLÌLŒNÌŒMŒLŒLŒŒLÍWÌ×Í‹LŒÌLÌLNLŽMNŒLŒÌŒÎMLŒLŒLŒŒŒLKÍWÌ×ÍËLŒÌMÌMŒÌMLŒŒLŒŒÍLŒÎLÌÌŒÎŒŒL‹ÍWÌ×ÍLŒÌLLLLŒLMLLŒŒŒŒÌLŒLŒNŒŒLËÍWÌ×ÍKLÌÌLŒÎLŒŒLÌLŒMLŒŒŒÌÌLLŒLŒŒMÍWÌ×Í‹LŒÌLÌLŒLÌÌLŒŒÍÌŒÍŒŒÍŒLŒÌŒŒMKÍWÌ×ÍËLŒŽMÌMÎÌŒŒÌÌLŒMŒÌŒÌŒŒÌŒŒM‹ÍWÌ×ÍLŒMÌLŒLŒLŒMÍŒŒÌLÌLÌŒÌŒŒMËÍWÌ×ÍKLŒŽMLÎLŒŒMLŒÌŒÌÌLÌLŒNŒŒNÍWÌ×ÍLLŒLLŒŒMÌLŒŒMŒÌŒŒÍÎLŒLÌLŒŒNKÍWÌ×ÍLKLŒŒLLÌŒÌŒNLLŒLNLŒŒŒŒÌŒŒŒLÍWÌ×ÍL‹LŒŽŒLŒÎMLŒŒÌLŒNNLŒÌŒŒÌŒŒLMÌŒŒLKÍWÌ×ÍLËLŒLMMŒŒŒŒLŒLŒŒÍLÌLŒLŒMÌŒŒL‹ÍWÌ×ÍMLŒLŒÍÌŒLŽLLŒLÎŒÍŒŒŽLÌŒLMÌŒŒLËÍWÌ×ÍMKLŒŒÌLÌŒŒÎLLŒŒÌŒŒŒLLŒŒŒLÍWÌ×ÍM‹LŒŒÌMŒŒMLLŒMÎŒÎMÌŒÍÌŒÎŒŒLKÍWÌ×ÍMËLŒŒMŒMŽLÌŒNMÌLŒÌŒŽLŒLŽLŒÌŒŒL‹ÍWÌ×ÍNLŒNNLŽLÎLŒŒLLŒMLŒÍLŒÍÎLŒŒŒŒLËÍWÌ×ÍNKLŒMÎLÎLLŒŒŒŒŒLŒLÌLŒŽMLMÌŒŒMLŒŒLÍWÌ×ÍŒLŒMŽLLÍŒLÍŒLÍÌLŒMLŒŒÍLNŒLŒŒŒLKÍWÌ×ÍŒKLŒMMLMLLÍLŒŒMŒMLMMLŒŒŒŒLLÍWÌ×ÍŒ‹LŒLÍLLLŒLLLŒŒLŒŒÍLÌŒLŒŒLLKÍWÌ×ÍŒËLŒMÍLŒŒÎŒÌŒÍLLMÍŒÌŒŒLL‹ÍWÌ×ÍLŒLŒLÌÌŒMLŒLÍLŒŽNLŒMŒŒLLËÍWÌ×ÍKLŒMÌMŒLLÌŒÍMLŒÌŒÌMLMŒÌŒLŒŒŒLMÍWÌ×Í‹LŒLÍŒLLŒLMŒLŒMLÌŒÍŒŒÍŒŒÍŒŒLMKÍWÌ×ÍËLŒLŒÌLMÌMŒŒNLŒLŒŽMÌMÍLŒMÌŒŒLM‹ÍWÌ×ÍŽLŒLLŒÌLLLŒNNLLŒLŒLLLŒŽŒŒLMËÍWÌ×ÍŽKLŒŒMLÌŒÌLŒÍŒŒÌŽÌŒŒÌŒŒLNÍWÌ×ÍÌLŒÍLLLŒŒŒŒLÌLŒMÌŒLŒŒŽLŒŒMŒŒŒLNKÍWÌ×ÍÌKLŒÍÌMLLŒŽLŒNLŒŒLÌMLŒNŒŒLŒÍWÌ×ÍÌ‹LŒŒMLLLÍÌŒNLLŒÍŒÍÎÌŒLLŒŒLŒKÍWÌ×ÍÌËLŒÍLÍŒNŒNÌŒŒÌNLMÍŒÌŒŒLŒ‹ÍWÌ×ÍÍLŒLLMŒNLŒÌŒLŒLŒŒŒLÌŒÍŽLŒŒŒŒLŒËÍWÌ×ÍÍKLŒMÌŒLLŒLŒNÌŒÍÎMÌŒLÎLŒŒLÍWÌ×ÍÍ‹LŒŒLLLŒŒLŒŒÌŒŒÍLMŒŒÎŒŒLKÍWÌ×ÍÍËLŒMLŒLŒŒLŒMŒŒMLLŒŒMÌLŒŒL‹ÍWÌ×ÍÎLŒLMLŒLŒŽMŒŒÎLŒŒÌLÌŒÍÌŒŒLËÍWÌ×ÍÎKŒÌŒÍÍÌNLÌŒLŒLŒNMLÍÌŒLLŒMŒÌŒŒLŽÍWÌ×ÎŒÌŒŽLLLŒMLŒNLLŒŽLŒNŒLŒŒŒLŽKÍWÌ×ÎKŒMÌLŒMÌŒŒMÌLŒMŽŒLLŒŒLÌÍWÌ×Î‹ŒÌLŽLŒÍLŒNLÌŒŒÌLŒŽŒŒŒÍLŒŒLÌKÍWÌ×ÎËŒÍLŒÌŒLŽLŒŒLŒÍÌŒŒŒLŒŒŒLÌ‹ÍWÌ×ÎŒLLŒŒÌŒMLŒŒNLŒŒÌŒMŒLÌŒŒLÌËÍWÌ×ÎKŒMŒÎMÌŒLŒMMÌŒMLŒÍNŒŒMLŒŒLÍÍWÌ×Î‹ŒLÍŒŒÌLÌŒMŒLŒŽLLÌLŒMŒŒLÍKÍWÌ×ÎËŒLNLLŒŒÌŒŒŒŽMŒLŒÌŒLŒŒLÍ‹ÍWÌ×ÎŒMMŒÎLŒMŒŒLÍŒŒÌŒLŒŒMŽMŒÌŒŒLÍËÍWÌ×ÎKŒMLŒÎLÌŒÌŒMLŒÍŒLLMLŒLŒŒLÎÍWÌ×ÎLŒŒÍÌŒŒŽLŒLÌŒLŒŒŒŒLŒŽLLŒLMŒŒLÎKÍWÌ×ÎLKŒMŒÍŽŒŒLLLÌŒŒMŒÌŒÌŒŒMÍWÌ×ÎL‹ŒMNNŒÌŒMMŒŒÍŒŒMLÍÍŒŒMŽŒŒMKÍWÌ×ÎLËŒNLŒÍLLÎŒMÎŒÍLLŒMLMŒLŒŒŒŒM‹ÍWÌ×ÎMŒŒŒLŒŽŒLÌŒŒŒŒLÍMŒŒŒLŒŒMËÍWÌ×ÎMKŒŒÎLŒÌÌLLÌŒMLÌŒNŒŒÌŒÍNŒŒŒMÍWÍÌŒÎLÌLŒLŒLLŒLŒÌÌŒÍMŒŒLŒŒŒŒMKÍWÍÌKŒÍÍŒŒLLŒNLŒLŒŒÌÌŒÌÌLŒLŒŒŒM‹ÍWÍÌ‹ŒÎŒLŒŒLŒŽŒMLŒÍLŒÌLŒLŒŒMËÍWÍÌËŒÎMŒŒLŒLLŒŒMÌLŒŒÍLLŒMÍŒLŒMŒŒMÍWÍÌMLMŒMLŒLLŒŒÍÌŒÌÍLŒLLLLŒŒŒMKÍWÍÌKÌŒLŒÌLÌŒŽŒÎMŒÌŒNNLLŒLŒŒMLÍWÍÌ‹ŒÎLÌLÎŒLŒNLŒMÎŒÍÌLŒLÍLŒÌŒŒMLKÍWÍÌËŒÎNMLŒLÌŒŒÌŒŒÌLŒÌÍLŒMLLLŒLŒŒML‹ÍWÍÌŒÌŒLŒŒLÌŒŒÍŒŒÌÍÌLŒŒÌLŒŒŒŒMLËÍWÍÌKŒÎŒNŒLÌŒŒLŒÌŽLLŒNMÌLŒLŒŒŒMMÍWÍÌLLŒŒŒLŒMÌLŒLŒÌLŒLLLŒŒÌŒŒMMKÍWÍÌLKŒÎNNÌŒLLÌŒMÌŒÍMÌÍŒŒŒÎLŒŒŒŒMM‹ÍWÍÌL‹ŒÎŒŒLLŒLŒŒNŒMÌŒÍLLŒLLŒMŒŒMMËÍWÍÌLËŒÍÌÌMŽŒLLŒMŒÌŒŒÌÌLŒNLŒŒŒŒŒMNÍWÍÌMŒÍLMÎŒLŒŒNNLŒNŒÌÎLLŒŒLŒÌÌŒŒMNKÍWÍÌMKŒÎMNLŒLÌŒMÌÌŒÎMLLÌŒŽLŒŒŒMŒÍWÍÌM‹ŒÍŒLŒLŒŒÌŒŒŒŽLÌŒMŒŒŒŒMŒKÍWÍÌMËŒÍLNLÌŒLLŒNMŒŒÎMŒŒŒLLLŒŒÌŒŒMŒ‹ÍWÍÌNŒÍLŒŒŽLŒÌŒŒNLŒÌLLŒNLŒMÌŒŒMŒËÍWÍÌNKŒÍMÌMŒLMLŒMLŒÌÌŒMÍŒŒŒMÍWÍÌŒŒÍŒÌŒŒLLŒŒŒÌŒÌMLŒÍLŒLLLŒŒŒMKÍWÍÌŒKŒÍLLŒLŒÌŒLLŒŒÎMLŒÌŒŒŒŒŒM‹ÍWÍÌŒ‹ŒÌÎLNNLŒLŒNLŒNMLŒÎNLLŒŒŒLŒŒMËÍWÍÌŒËŒÍLŒŒLMLŒLÌLÌÌŒÎLŒLLŒÍLŒŒMŽÍWÍÌŒÍÍLŒNLŒÌŒÌŒŒÌÍÌŒÎŒŒNLŒÌŒŒMŽKÍWÍÌKŒÌLLŒLÌÌŒLÌÌŒÌÍÌNLŒLÍŒŒLŒŒMÌÍWÍÌ‹ŒÍLÌŒNLŒLŒŒÌŒÍŽŒÍÌLŒŒÌŒŒMÌKÍWÍÌËŒÍLLŒLÍŒŒMŒMÌLŒŒMŒŒŒŒMÌ‹ÍWÍÌŽŒÌÌÌMÌLŒŽLŒÌŒMŒÎŒŒŽLLŒÌŒŒMÌËÍWÍÌŽKŒÍNLLÎŒLLŒNLŒÎMÌŒÌÌŒŒÌÌŒMÌŒŒMÍÍWÍÌÌŒÍŒNLŒLŒŒŒNNLŒŽŒŒŒLŒÎŒŒMÍKÍWÍÌÌKŒÍŒŒÌŒMŒŒLŒÌŒÍÌŒMLLŒLŒŒMÍ‹ÍWÍÌÌ‹ŒÍÌLÎLŒLŒŒMŒÌŒŒÍÍŒMŽŒLÌÌŒŒMÍËÍWÍÌÌËŒÍÌŒÎŒLŒŽMÌLŒÌÍLŒŒŒŽŒŒMÎÍWÍÌÍŒÍLŒMŒŒLÌŒŒLÌŒÍÌŒŽLŒMÌŒŒŒŒMÎKÍWÍÌÍKŒÍLMLŒMŒŒMNLMLÌŒŒMÌŒLLŒŒNÍWÍÌÍ‹ŒÍLLLÌŒŒÌLŒLLŒÌÌŒNŒŒNKÍWÍÌÍËŒÍÌÌŒLÍŒŒNÌLŒÍLŒŽLLŒMÎLŒŒN‹ÍWÍÌÎŒÍNLLŒMNLŒŒÌÍŒÌŒÌNŒMÍLŒŒNËÍWÍÌÎKŒÍŒLŒMLŒŒNLNŒÍÍÌŒÌÌŒŒÎLŒŒNÍWÍÍŒÍÌÌLÌŒMNŒŒMŒMŒÌŒŽNLŒŽŒÍLŒŒNKÍWÍÍKŒÍŒMŒŒMÌLŒŒÌNÌŒÌÌŒÌŒŒŒN‹ÍWÍÍ‹ŒÍMÌŽŒMŒŒŒÌNLŒÍMŒŒMLŒŒŒNËÍWÍÍËŒÍLLLŒMŒŒNMŒMŒÌÌŒÍŽLŒLLŒŒNÍWÍÍŒÍŽÎŒMNLŒMÌMÌŒÍLÌŒLÌŒLLLŒŒNKÍWÍÍKŒÍLLNŒMŽLŒÌŒŒŒŒLŒŒMNLŒŒNLÍWÍÍ‹ŒÍŒÌNŒMÌLŒŒÌLLŒÎŒÌÌŒŒMÍŒŒŒNLKÍWÍÍËŒÍLŒMNLŒMÍÌŒŽLLÌŒŒŒÌMŒŒLŒŒŒNL‹ÍWÍÍŒÎLŒŒŒNLLŒŒŒŒŒÎŒÌÌŒLMŒŒNLËÍWÍÍKŒÍÌÌLŒLŒNŒÌLÌMŒLŒŒŒŒŒLMÌŒŒNMÍWÍÍLŒÎLÌŒMLŒŒŽNLLÌLÌŒNNLŒLŒÌŒŒNMKÍWÍÍLKŒÍŒŒLÌŒNLŒÌLŒLÎLŒLŒMÌŒŒLŒŒŒNM‹ÍWÍÍL‹ŒÍÍLMŒLLŒÌÌÌŒŒŒÌŒŒŽLŒMÎŒŒNMËÍWÍÍLËŒÍÌLMŒŒNNŒÌÌLŒÌLÌŒŒMŒŒMÎLŒŒNNÍWÍÍMŒÎLÌŒŒÌŒNŒMÌŒMŒŒŒŒŒŒNNLŒŒNNKÍWÍÍMKŒÍŒMŒŒMÌŒÌŒÌNŒŒŒÍŒŒLÌLŒŒŒÍWÍÍM‹ŒÎÌŒŒMÌŒLÍLÎLŒÌŽLŒLLŒMÍŒŒŒŒKÍWÍÍMËŒÍLŒŒŒŒŒÌLŽMÌŒÍLÌŒÌÌŒLŒŒŒŒ‹ÍWÍÍNŒÎLÌŽŒŒÌŒŒLÌÌŒÌMŒŒÌŽLŒŒÎŒŒŒËÍWÍÍNKŒÍÌLLŒŒŽLŒÍÌŒŒŒŽŒŒÌÌŒNŒŒŒŒÍWÍÍŒŒÎLLLŒLLŒŒÌŒÌŒMMŒÌÌŒŒÌŒŒŒKÍWÍÍŒKŒÍMŒÍŒŒÍÌŒÌLÌŒLŒÍMŒMLŒŒŒ‹ÍWÍÍŒ‹MŒŒÍŒŒÌŒNÍŒŒÌLŒŽŒŒMÌŒŒŒËÍWÍÍŒËŒÎLÌLŒLŒŽŒLŒŒŒŒÌNŒNÌŒŒŒÍWÍÍŒÎMÌÌŒÌLŽLÌÍLŒÍŒLŒŒŽLŒŒŒKÍWÍÍKŒÍLLMŒLŒÍÍÍLŒŽMŒÎLŒŒŽŒŒŒLÍWÍÍ‹ŒÎLŒŽŒÌLŒÌLÌŒÍLŒÍŒNŒŒŒŒLKÍWÍÍËŒÎLŒMLŒÍŒŒLŒÎLLŒLLŒŒŒL‹ÍWÍÍŽLŒÎLŒÌŒŒÎLŒÌŒÎŒÍÍŒŒNMÌŒŒŒLËÍWÍÍŽKŒÎLLNŒŽLŒŒLLŽLŒMÌŒMŒMLŒŒŒMÍWÍÍÌLŒÎLŒÌLŒŽMLNLŒŒÌŒÍLŒŒLŒŒŒŒMKÍWÍÍÌKLŒÎÌŒÌMÌŒNNÍLŒŒÌLŒÍŒÌŒLÌŒŒŒM‹ÍWÍÍÌ‹ŒÌŒŒÍŒÌŒÌŒÍÍŒÎÌŒMLLŒŒŒMËÍWÍÍÌËŒÍÌŒÌŒŽNŽMLŒMMŒÍŒŒÌLŒŒŒNÍWÍÍÍMLÌŒÌÌŒÌÍŒÌÌŒÍÌŒÎNLŒMÌLŒŒŒNKÍWÍÍÍKMLŒÍŒÌŒÍMŒŒLLÌŒLŒLŒMÍŒŒŒŒÍWÍÍÍ‹LÌÌŒÌLŒÍÌÎLŒLŒÍŒŒMÌŒŒŒŒKÍWÍÍÍËÍŒÍÎLŒÍŒMNŽŒŒÌÌLNŒÌLLŒŒŒŒ‹ÍWÍÍÎŒŒŒÍLŒÌLŒÎNLNLŒÍÌŒÎLŒLÎŒŒŒŒËÍWÍÍÎKLŽŒŽLŒÍLŒÌÎLŒLÍÌŽLÌŒŽŒŒŒÍWÍÎLŒÍMŒÍÌŒŽÌÌŽLŒŒLŒÎLŒMŽŒŒŒKÍWÍÎKŒLŒÎLÌŒÍŒŒÌLÌLŒÍÌÌMŒŒNŒŒŒ‹ÍWÍÎ‹ŒLŒÍÌŒÍŒŒŽÌÍŒÌŒMÎLŒÍÍŒLŒÌŒŒŒËÍWÍÎËŒÍMŒLÌŒÌMLÌŒŒŒÌLÌŒŽNŒŒŒŽÍWÍÎŒLŒÍÌŒÌŒÌŒŽLÌŒÍÌÌŒMLŒLŒŒŒÌŒŒŒŽKÍWÍÎKÍLŒŽMÌŒÌÎŒŒŒŽLLÎŒŒŒŒŒÌÍWÍÎ‹ŒÌLŒÌŽŒÌMŒLMÌŒMÍÌLÌŒŒŒŒÌKÍWÍÎËLŒÌLŒÍMÌŒŒÍÌŒÌŒŒŒÌLŒŽŒŒŒÌ‹ÍWÍÎÌŒŽŒÍÌŒŒŒÌŒNNŒNLNLŒLŒŒŒÌËÍWÍÎKŒÌŒLŒÍÌŒÌMLŒLŒMÌÌŒŒÌÌŒŒŒÍÍWÍÎLŒŒŽŒÍŒŒŒÌMNNLŒMÌÌŒŒŒŒŒÍKÍWÍÎLKÍÌŒLŒÍŒLŒÎLŒÎÌŒŽMŒŒŒÍ‹ÍWÍÎL‹ŒŽŒÍÍÌŒÌNLŒŒŒMŒŒŒŒŒŒLŒŒŒÍËÍWÍÎLËLŒÍŒÍÎLŒŽNŒÌŒMLŒŒÌŒŒŒÎÍWÍÎMŒŒŒŒNŒÎLŒŒŽMŒLÎLŒMLÌŒŒŒÍŽLŒŒŒÎKÍWÍÎMKÌLŒŽÌŒÎŒŒLŽŒŒŒŒLLŒŒÍWÍWÌŒŒŒÍNLŒŒŒŒÍŒŒŒŒŒŒŒNLLŒLŒŒŒŒŒKÍWÍWÌKŒŽÌNLŒLŒNÌŒŽÌŒÌLŒLÌLŒLŒŒŒ‹ÍWÍWÌ‹ŒŒŒŒÍMŒLŒMŒŒŒŒŒŒMÌLŒŒÌÌŒŒËÍWÍWÌËŒŒŒLLŒMMLŒÌŒLŒŒÎLŒLLŒLŒÌŒŒÍWÍWÌŒMLŒÍMÌLŒNLLŒŽMÌŒNLŒŒLLŒŒMŽŒŒKÍWÍWÌKŒŒÍÌMLŒŒÌŒÌŒŒLŒÌÌŒLÌŒŒ‹ÍWÍWÌ‹ŒŒÌÌŒÍNLLŒMŽLŒÌLŒŒÍLŒLŒÌLŒNLŒNMŒŒŒËÍWÍWÌËŒŒÍŒLŒMÍŒÌŒLŒLŒLLŒMŒŒŒŒÍWÍWÌŒNÌLŒMMŒŒÌÌŒŒŒLLŒLLŒNÌŒŒKÍWÍWÌKŒŒÎLÎLŒMÎMÌŒŽNLŒMŒLŒŒLŒMŒŒLÍWÍWÌLŒŒLŒŒLŒMNLŒÎŒNŒLŒŒLŒNLŒLÌÌŒŒLKÍWÍWÌLKŒLLLŒMÌŒŒÎMŒÍÌLŒMÌLŒLÌLŒMNLŒŒL‹ÍWÍWÌL‹ŒLÌLŒMÌŒÍLŒNNLŒÌLŒŒŒŒŒŒLËÍWÍWÌLËŒŒLŒMMLŒÍNLŒÎŒMŒLŒŒŒŒMLŒŒMÍWÍWÌMŒŒŒÌLŒLŒŒŒÌLLŒMÌLŒMŒLŒLŒÌŒLÌŒŒMKÍWÍWÌMKŒMLŒÎLLLŒÎLŒÎŒLŒNMÌLŒLŒLŽLŒŒM‹ÍWÍWÌM‹ŒLŒÌLŒNLLŒŒŒLŒLÌLŒNLŒMLŒŒMËÍWÍWÌMËŒŒMLŒMLÌLLŒŒŒLŒLŒŒŒNÍWÍWÌNŒŒÍŒLŒŒŒÍŒLŒÌLŒŒLŒŒLŒMÎŒŒNKÍWÍWÌNKŒŽLŒÎMLŒLÌŒÎÌŒÌÎŒNMLŒŒNMLŒŒŒÍWÍWÌŒŒÌŽLLŒMMLŒNMŒLLŒNŒMLŒŒŒKÍWÍWÌŒKŒLÎLŒMŒÍŒŒŒŒŒÌLŒLŒŒŒŒŒŒŒŒ‹ÍWÍWÌŒ‹ŒŒŒLMLŒLÍŒÌŒŒÍÌLŒÍŒLŒMLÌŒLÌŒŒŒŒËÍWÍWÌŒËŒÌÌŒÍÌÌLŒLÌLŒÍMÌŒÌLŒŒŒŒLŒLŒNŒŒŒÍWÍWÌŒŽLLLŒMŒÍŽLŒŒÍLŒŽLLŒMŒŒŒKÍWÍWÌKŒŽŒÍŽLLŒMLŒÍLÌŒŒŒMLŒÎŒLLŒŒ‹ÍWÍWÌ‹ŒŒŽLŒMLŒLŒÌNLŒLŒLÌLŒLŒŒŒŒËÍWÍWÌËŒŒLŒÌÍŒLŒÌŒŒÌÌŒÌŒÌLŒLŒLMÌŒLŒŒŽÍWÍWÌŽŒÌLLŒLŒLŒÍŒŒŒLŒMLŒMMŒMÎŒŒŽKÍWÍWÌŽKŒÌÌMLLŒLLŒŽMLÌŒŽLŒLLŒŒŒÌŒŒÌÍWÍWÌÌŒÌÌLŒLŒLLLÌŒŒMŒŒÍÌLŒMÎLŒLŒÌŒŒÌKÍWÍWÌÌKŒŽÌŒÍLLLŒLLŒÍÌLŒMŒŒŒŒŒLŒŒÌ‹ÍWÍWÌÌ‹ŒÌŒLŒŒŒÍLŒLŒMNLLŒLŽŒŒLŒŒÌËÍWÍWÌÌËŒŽLŒÌÌLLŒÌÌŒÌŒŒŒŽLŒŒŒÌŒLŒLŒŽÌŒŒÍÍWÍWÌÍŒMŒÎLŒNŒÌÍLŒNLLŒLÌŒŒÌŒŒÍKÍWÍWÌÍKŒŽLŒÎMLŒÎLŒÌÌŒLŒNNLŒLŒŒLŒŒŒÍ‹ÍWÍWÌÍ‹ŒŽŒÎMÌLŒMŽLŒŒÌŒÌLŒMMÌŒŽLŒŒÍËÍWÍWÌÍËŒÍÌŒÍLŒLŒMÌŒÌNŒNMLLŒŒŒŒLŒŒÎÍWÍWÌÎŒŒŒÌŒLŒMÌŒÌŒÍŒÌŒLLŒMMŒŒŒÌLŒŒÎKÍWÍWÌÎKŒŽLLLŒŒŒŒÎLLŒŒNLŒŒÌŒŒŒŒŽÍWÍWÍŒŒŒŒŒŒŒŒŒŒŽKÍWÍWÍKŒMLŽMÌŒMŒŒLÌÍÌŒMÌMŒŒMŒÌŒŒŽ‹ÍWÍWÍ‹LMÌŒMLŒÎŽLLŒLŒÎLŒŒMÌŒŒŽËÍWÍWÍËŒLNKŒÍŒŒÌŒŒÌÌŒÍLÌŒLLLŒŒŒÍLŒŒŽÍWÍWÍŒÌÌŒŒŒLLLŒLLŒÍLŒŽMŒMÌÌŒŒÌŒŒŽKÍWÍWÍKŒÌLŒLŒŒŒŒŽŒŒÌÌLŒMŒŒŒŽ‹ÍWÍWÍ‹ŒÌMÌŒÍMLŒŒÌŒÎMLÌLŒŒŒLNŒŒŽËÍWÍWÍËŒÌŒÎNLŒNLÌÍLŒLÌŒLLŒMŒŒŽÍWÍWÍŒLLŒLKŒÍŽLŒÎŒLÍÌLŒLMLŒŒŽKÍWÍWÍKŒÌŒÍŒLLÌŒLŒLLÌLŒŽMLŒŒŽLÍWÍWÍLŒÌŒLŒÍŒŒŒŒLŒŒÌLŒMLŒŒŽLKÍWÍWÍLKŒŒŒŒŒŒŒŒŒŒŽL‹ÍWÍWÍL‹ŒÍMÌŒÍÌŒÌMŽLŒŒŽLŽŒÌMŒŒŽLËÍWÍWÍLËŒÌNLŒŽLNŒLŒŒLLMLŒÍŒŒŒŒŽMÍWÍWÍMŒÌÌŒÎLŒŒÌŒÎŒLŒŒÍŒLŒNLŒŒŽMKÍWÍWÍMKŒÌLLŒMÌŒÎLLÌŒŒŒLLŒLŒÌŒŒŽM‹ÍWÍWÍM‹ŒÌŒÍMŒŒLŒÍŒŒŒŒŽŒŒŒÎÌŒŒŽMËÍWÍWÍMËŒŽMŒÍÌŒLNLLMÌÌŒMLŒÌŒŒŽNÍWÍWÍNŒÍLŒÌŒLŒŒŒÍLLŒŒŒŒNLŒMŒÌŒŒŽNKÍWÍWÍNKŒÌŽLŒÍNŒMŒŒÌŒNŒŒLŒÌNŒŒÌÍWÍWÍŒŒÌMŒŒÌÌŒMŒÍÎMÌŒMÍLÎŒŒLŒŒÌKÍWÍWÍŒKŒÌŒÎNLŒNLŒŒÍÌLŒŒÍÌÎLŒNÌŒŒÌ‹ÍWÍWÍŒ‹ŒÌÌÌŒNLŒNŒÌMÎŒMLNLŒMÌŒŒŒÌËÍWÍWÍŒËŒÌŒŒÍÌŒŒŽŒÍÍMŒLŒNŒÍMLŒŒÌÍWÍWÍŒÌŒŒÍÌŒŒMLÍŒŒŒNMÌMŒŒŒŒÌKÍWÍWÍKŒÌŒÌŒŒŒŒÍŒNMÌŒŒNŒŒÌ‹ÍWÍWÍ‹ŒÍŒÍÌŒŒLÌŒMMŒMÌŒÎLÌŒŒŒÌËÍWÍWÍËŒÌMLŒŒNLŒÍLMÌŒLŒÌÌŒLŒŒŒÌÍWÍWÍŽŒÌŒŒÌÌÌŒŒLLLŒLÍÌLLŒMMŒŒŒÌKÍWÍWÍŽKŒÌŒLŒÌMŒŒLŒÌÌŒÍŒLMÍŒŒLŒŒÌLÍWÍWÍÌŒÌÌÌŒÍNŒŒÌŒLŒMMLŒLMÌÌŒŒŒŒÌLKÍWÍWÍÌKŒÌÍLŒŽLŒŒŒŒŽLLŒŒLŽLŒŒÌŒŒÌL‹ÍWÍWÍÌ‹ŒÌÍŒÍŒÌLLNŒMÌŒŒÎMŒÍÌŒŒÌLËÍWÍWÍÌËŒÍMÌŒŒÌŒŒŽÌNLMŒÌŒLŒLŒÍŽŒŒÌMÍWÍWÍÍŒÍÌŒÍÌŒŒŽÍMLŒMÌMMÌŒŒNLŒŒÌMKÍWÍWÍÍKŒÍÌŒNMLŒÍŒÌŒŒŒLÍNŒLŒŒÌM‹ÍWÍWÍÍ‹ŒÍŒÍLŒÌLLMŒMŒŒŽŒŒLŒŒŒÌMËÍWÍWÍÍËŒÍLŒŒLŒÌŽLŒŒŒŒLLLŒŒÍLÌŒŒÌNÍWÍWÍÎŒÌÍŒÍÌŒÌMÌÌLŒMÎLLLŒŒŒŒÌNKÍWÍWÍÎKŒÍLŒŒÌŒŒÍLLŒÎLŒMMLŒÍNŒŒÌŒÍWÍWÎŒŒŒŒŒÍŒŒLMÎLŒŒLÌŒŒŒÌŒKÍWÍWÎKŒÌÌŒŒÌLŒÍŒNÌŒÍLŒŒMŒŒÌŒ‹ÍWÍWÎ‹ŒÍÌŒÌLŒŒÎMÌÍŒLŒŒÌŒÎŒÍŒŒÌŒËÍWÍWÎËŒÍLŒŒŽNLÌÌMLŒŽMLLÍŒŒÎŒŒŒÌÍWÍWÎŒÍŒŒÍŒŒŒÎNNLŒLLŒÍŒŒŒÌKÍWÍWÎKŒÍŒŽLÌŽNMŒÌŽLNÌŒÍŒŒŒÌ‹ÍWÍWÎ‹ŒÍMÌŒŽLÌÌMÌNMŒŒŒLNMÌŒÌÍLŒŒÌËÍWÍWÎËŒÍMŒŒŒŒÌÌŒÍÍÌLÍŒŒMLŒÌMŒŒÌŽÍWÍWÎŒÌÍŒŒÌÍÌLLNMMÌŒŽLŒÎNŒŒÌŽKÍWÍWÎKŒÍÌŒŒÌŒLLŒÍŒŒLÍŒŒNMNMŒŒŒÌÌÍWÍWÎLŒÎLLŒŽNLÌÌLNŒNÌŽŒŒŒÌÌKÍWÍWÎLKŒÎLŒŽLLLŒÌÌLNŒNLÌŒLŒÍŒŒÌÌ‹ÍWÍWÎL‹ŒÍŒÌŽLLÍÌÍLMŒÍLÎLLÌŒŒÌÌËÍWÍWÎLËŒÍMŒŒÌÎLMŒŒÍÍLLÍÌŒÌMÌNŒÌŒŒÌÍÍWÍWÎMŒŒŒŒŒŒŒŒŒŒÌÍKÍWÍWÎMKŒÍÌŒŽLLÌŒÍLŒŒÍÌŒNNLŒLÌŒ