TABLE TrkAlignStraw
0, 00_0_00, 0, 0, 0, 0, 0, 0, 0, 0
1, 00_0_01, 0, 0, 0, 0, 0, 0, 0, 0
2, 00_0_02, 0, 0, 0, 0, 0, 0, 0, 0
3, 00_0_03, 0, 0, 0, 0, 0, 0, 0, 0
4, 00_0_04, 0, 0, 0, 0, 0, 0, 0, 0
5, 00_0_05, 0, 0, 0, 0, 0, 0, 0, 0
6, 00_0_06, 0, 0, 0, 0, 0, 0, 0, 0
7, 00_0_07, 0, 0, 0, 0, 0, 0, 0, 0
8, 00_0_08, 0, 0, 0, 0, 0, 0, 0, 0
9, 00_0_09, 0, 0, 0, 0, 0, 0, 0, 0
10, 00_0_10, 0, 0, 0, 0, 0, 0, 0, 0
11, 00_0_11, 0, 0, 0, 0, 0, 0, 0, 0
12, 00_0_12, 0, 0, 0, 0, 0, 0, 0, 0
13, 00_0_13, 0, 0, 0, 0, 0, 0, 0, 0
14, 00_0_14, 0, 0, 0, 0, 0, 0, 0, 0
15, 00_0_15, 0, 0, 0, 0, 0, 0, 0, 0
16, 00_0_16, 0, 0, 0, 0, 0, 0, 0, 0
17, 00_0_17, 0, 0, 0, 0, 0, 0, 0, 0
18, 00_0_18, 0, 0, 0, 0, 0, 0, 0, 0
19, 00_0_19, 0, 0, 0, 0, 0, 0, 0, 0
20, 00_0_20, 0, 0, 0, 0, 0, 0, 0, 0
21, 00_0_21, 0, 0, 0, 0, 0, 0, 0, 0
22, 00_0_22, 0, 0, 0, 0, 0, 0, 0, 0
23, 00_0_23, 0, 0, 0, 0, 0, 0, 0, 0
24, 00_0_24, 0, 0, 0, 0, 0, 0, 0, 0
25, 00_0_25, 0, 0, 0, 0, 0, 0, 0, 0
26, 00_0_26, 0, 0, 0, 0, 0, 0, 0, 0
27, 00_0_27, 0, 0, 0, 0, 0, 0, 0, 0
28, 00_0_28, 0, 0, 0, 0, 0, 0, 0, 0
29, 00_0_29, 0, 0, 0, 0, 0, 0, 0, 0
30, 00_0_30, 0, 0, 0, 0, 0, 0, 0, 0
31, 00_0_31, 0, 0, 0, 0, 0, 0, 0, 0
32, 00_0_32, 0, 0, 0, 0, 0, 0, 0, 0
33, 00_0_33, 0, 0, 0, 0, 0, 0, 0, 0
34, 00_0_34, 0, 0, 0, 0, 0, 0, 0, 0
35, 00_0_35, 0, 0, 0, 0, 0, 0, 0, 0
36, 00_0_36, 0, 0, 0, 0, 0, 0, 0, 0
37, 00_0_37, 0, 0, 0, 0, 0, 0, 0, 0
38, 00_0_38, 0, 0, 0, 0, 0, 0, 0, 0
39, 00_0_39, 0, 0, 0, 0, 0, 0, 0, 0
40, 00_0_40, 0, 0, 0, 0, 0, 0, 0, 0
41, 00_0_41, 0, 0, 0, 0, 0, 0, 0, 0
42, 00_0_42, 0, 0, 0, 0, 0, 0, 0, 0
43, 00_0_43, 0, 0, 0, 0, 0, 0, 0, 0
44, 00_0_44, 0, 0, 0, 0, 0, 0, 0, 0
45, 00_0_45, 0, 0, 0, 0, 0, 0, 0, 0
46, 00_0_46, 0, 0, 0, 0, 0, 0, 0, 0
47, 00_0_47, 0, 0, 0, 0, 0, 0, 0, 0
48, 00_0_48, 0, 0, 0, 0, 0, 0, 0, 0
49, 00_0_49, 0, 0, 0, 0, 0, 0, 0, 0
50, 00_0_50, 0, 0, 0, 0, 0, 0, 0, 0
51, 00_0_51, 0, 0, 0, 0, 0, 0, 0, 0
52, 00_0_52, 0, 0, 0, 0, 0, 0, 0, 0
53, 00_0_53, 0, 0, 0, 0, 0, 0, 0, 0
54, 00_0_54, 0, 0, 0, 0, 0, 0, 0, 0
55, 00_0_55, 0, 0, 0, 0, 0, 0, 0, 0
56, 00_0_56, 0, 0, 0, 0, 0, 0, 0, 0
57, 00_0_57, 0, 0, 0, 0, 0, 0, 0, 0
58, 00_0_58, 0, 0, 0, 0, 0, 0, 0, 0
59, 00_0_59, 0, 0, 0, 0, 0, 0, 0, 0
60, 00_0_60, 0, 0, 0, 0, 0, 0, 0, 0
61, 00_0_61, 0, 0, 0, 0, 0, 0, 0, 0
62, 00_0_62, 0, 0, 0, 0, 0, 0, 0, 0
63, 00_0_63, 0, 0, 0, 0, 0, 0, 0, 0
64, 00_0_64, 0, 0, 0, 0, 0, 0, 0, 0
65, 00_0_65, 0, 0, 0, 0, 0, 0, 0, 0
66, 00_0_66, 0, 0, 0, 0, 0, 0, 0, 0
67, 00_0_67, 0, 0, 0, 0, 0, 0, 0, 0
68, 00_0_68, 0, 0, 0, 0, 0, 0, 0, 0
69, 00_0_69, 0, 0, 0, 0, 0, 0, 0, 0
70, 00_0_70, 0, 0, 0, 0, 0, 0, 0, 0
71, 00_0_71, 0, 0, 0, 0, 0, 0, 0, 0
72, 00_0_72, 0, 0, 0, 0, 0, 0, 0, 0
73, 00_0_73, 0, 0, 0, 0, 0, 0, 0, 0
74, 00_0_74, 0, 0, 0, 0, 0, 0, 0, 0
75, 00_0_75, 0, 0, 0, 0, 0, 0, 0, 0
76, 00_0_76, 0, 0, 0, 0, 0, 0, 0, 0
77, 00_0_77, 0, 0, 0, 0, 0, 0, 0, 0
78, 00_0_78, 0, 0, 0, 0, 0, 0, 0, 0
79, 00_0_79, 0, 0, 0, 0, 0, 0, 0, 0
80, 00_0_80, 0, 0, 0, 0, 0, 0, 0, 0
81, 00_0_81, 0, 0, 0, 0, 0, 0, 0, 0
82, 00_0_82, 0, 0, 0, 0, 0, 0, 0, 0
83, 00_0_83, 0, 0, 0, 0, 0, 0, 0, 0
84, 00_0_84, 0, 0, 0, 0, 0, 0, 0, 0
85, 00_0_85, 0, 0, 0, 0, 0, 0, 0, 0
86, 00_0_86, 0, 0, 0, 0, 0, 0, 0, 0
87, 00_0_87, 0, 0, 0, 0, 0, 0, 0, 0
88, 00_0_88, 0, 0, 0, 0, 0, 0, 0, 0
89, 00_0_89, 0, 0, 0, 0, 0, 0, 0, 0
90, 00_0_90, 0, 0, 0, 0, 0, 0, 0, 0
91, 00_0_91, 0, 0, 0, 0, 0, 0, 0, 0
92, 00_0_92, 0, 0, 0, 0, 0, 0, 0, 0
93, 00_0_93, 0, 0, 0, 0, 0, 0, 0, 0
94, 00_0_94, 0, 0, 0, 0, 0, 0, 0, 0
95, 00_0_95, 0, 0, 0, 0, 0, 0, 0, 0
96, 00_1_00, 0, 0, 0, 0, 0, 0, 0, 0
97, 00_1_01, 0, 0, 0, 0, 0, 0, 0, 0
98, 00_1_02, 0, 0, 0, 0, 0, 0, 0, 0
99, 00_1_03, 0, 0, 0, 0, 0, 0, 0, 0
100, 00_1_04, 0, 0, 0, 0, 0, 0, 0, 0
101, 00_1_05, 0, 0, 0, 0, 0, 0, 0, 0
102, 00_1_06, 0, 0, 0, 0, 0, 0, 0, 0
103, 00_1_07, 0, 0, 0, 0, 0, 0, 0, 0
104, 00_1_08, 0, 0, 0, 0, 0, 0, 0, 0
105, 00_1_09, 0, 0, 0, 0, 0, 0, 0, 0
106, 00_1_10, 0, 0, 0, 0, 0, 0, 0, 0
107, 00_1_11, 0, 0, 0, 0, 0, 0, 0, 0
108, 00_1_12, 0, 0, 0, 0, 0, 0, 0, 0
109, 00_1_13, 0, 0, 0, 0, 0, 0, 0, 0
110, 00_1_14, 0, 0, 0, 0, 0, 0, 0, 0
111, 00_1_15, 0, 0, 0, 0, 0, 0, 0, 0
112, 00_1_16, 0, 0, 0, 0, 0, 0, 0, 0
113, 00_1_17, 0, 0, 0, 0, 0, 0, 0, 0
114, 00_1_18, 0, 0, 0, 0, 0, 0, 0, 0
115, 00_1_19, 0, 0, 0, 0, 0, 0, 0, 0
116, 00_1_20, 0, 0, 0, 0, 0, 0, 0, 0
117, 00_1_21, 0, 0, 0, 0, 0, 0, 0, 0
118, 00_1_22, 0, 0, 0, 0, 0, 0, 0, 0
119, 00_1_23, 0, 0, 0, 0, 0, 0, 0, 0
120, 00_1_24, 0, 0, 0, 0, 0, 0, 0, 0
121, 00_1_25, 0, 0, 0, 0, 0, 0, 0, 0
122, 00_1_26, 0, 0, 0, 0, 0, 0, 0, 0
123, 00_1_27, 0, 0, 0, 0, 0, 0, 0, 0
124, 00_1_28, 0, 0, 0, 0, 0, 0, 0, 0
125, 00_1_29, 0, 0, 0, 0, 0, 0, 0, 0
126, 00_1_30, 0, 0, 0, 0, 0, 0, 0, 0
127, 00_1_31, 0, 0, 0, 0, 0, 0, 0, 0
128, 00_1_32, 0, 0, 0, 0, 0, 0, 0, 0
129, 00_1_33, 0, 0, 0, 0, 0, 0, 0, 0
130, 00_1_34, 0, 0, 0, 0, 0, 0, 0, 0
131, 00_1_35, 0, 0, 0, 0, 0, 0, 0, 0
132, 00_1_36, 0, 0, 0, 0, 0, 0, 0, 0
133, 00_1_37, 0, 0, 0, 0, 0, 0, 0, 0
134, 00_1_38, 0, 0, 0, 0, 0, 0, 0, 0
135, 00_1_39, 0, 0, 0, 0, 0, 0, 0, 0
136, 00_1_40, 0, 0, 0, 0, 0, 0, 0, 0
137, 00_1_41, 0, 0, 0, 0, 0, 0, 0, 0
138, 00_1_42, 0, 0, 0, 0, 0, 0, 0, 0
139, 00_1_43, 0, 0, 0, 0, 0, 0, 0, 0
140, 00_1_44, 0, 0, 0, 0, 0, 0, 0, 0
141, 00_1_45, 0, 0, 0, 0, 0, 0, 0, 0
142, 00_1_46, 0, 0, 0, 0, 0, 0, 0, 0
143, 00_1_47, 0, 0, 0, 0, 0, 0, 0, 0
144, 00_1_48, 0, 0, 0, 0, 0, 0, 0, 0
145, 00_1_49, 0, 0, 0, 0, 0, 0, 0, 0
146, 00_1_50, 0, 0, 0, 0, 0, 0, 0, 0
147, 00_1_51, 0, 0, 0, 0, 0, 0, 0, 0
148, 00_1_52, 0, 0, 0, 0, 0, 0, 0, 0
149, 00_1_53, 0, 0, 0, 0, 0, 0, 0, 0
150, 00_1_54, 0, 0, 0, 0, 0, 0, 0, 0
151, 00_1_55, 0, 0, 0, 0, 0, 0, 0, 0
152, 00_1_56, 0, 0, 0, 0, 0, 0, 0, 0
153, 00_1_57, 0, 0, 0, 0, 0, 0, 0, 0
154, 00_1_58, 0, 0, 0, 0, 0, 0, 0, 0
155, 00_1_59, 0, 0, 0, 0, 0, 0, 0, 0
156, 00_1_60, 0, 0, 0, 0, 0, 0, 0, 0
157, 00_1_61, 0, 0, 0, 0, 0, 0, 0, 0
158, 00_1_62, 0, 0, 0, 0, 0, 0, 0, 0
159, 00_1_63, 0, 0, 0, 0, 0, 0, 0, 0
160, 00_1_64, 0, 0, 0, 0, 0, 0, 0, 0
161, 00_1_65, 0, 0, 0, 0, 0, 0, 0, 0
162, 00_1_66, 0, 0, 0, 0, 0, 0, 0, 0
163, 00_1_67, 0, 0, 0, 0, 0, 0, 0, 0
164, 00_1_68, 0, 0, 0, 0, 0, 0, 0, 0
165, 00_1_69, 0, 0, 0, 0, 0, 0, 0, 0
166, 00_1_70, 0, 0, 0, 0, 0, 0, 0, 0
167, 00_1_71, 0, 0, 0, 0, 0, 0, 0, 0
168, 00_1_72, 0, 0, 0, 0, 0, 0, 0, 0
169, 00_1_73, 0, 0, 0, 0, 0, 0, 0, 0
170, 00_1_74, 0, 0, 0, 0, 0, 0, 0, 0
171, 00_1_75, 0, 0, 0, 0, 0, 0, 0, 0
172, 00_1_76, 0, 0, 0, 0, 0, 0, 0, 0
173, 00_1_77, 0, 0, 0, 0, 0, 0, 0, 0
174, 00_1_78, 0, 0, 0, 0, 0, 0, 0, 0
175, 00_1_79, 0, 0, 0, 0, 0, 0, 0, 0
176, 00_1_80, 0, 0, 0, 0, 0, 0, 0, 0
177, 00_1_81, 0, 0, 0, 0, 0, 0, 0, 0
178, 00_1_82, 0, 0, 0, 0, 0, 0, 0, 0
179, 00_1_83, 0, 0, 0, 0, 0, 0, 0, 0
180, 00_1_84, 0, 0, 0, 0, 0, 0, 0, 0
181, 00_1_85, 0, 0, 0, 0, 0, 0, 0, 0
182, 00_1_86, 0, 0, 0, 0, 0, 0, 0, 0
183, 00_1_87, 0, 0, 0, 0, 0, 0, 0, 0
184, 00_1_88, 0, 0, 0, 0, 0, 0, 0, 0
185, 00_1_89, 0, 0, 0, 0, 0, 0, 0, 0
186, 00_1_90, 0, 0, 0, 0, 0, 0, 0, 0
187, 00_1_91, 0, 0, 0, 0, 0, 0, 0, 0
188, 00_1_92, 0, 0, 0, 0, 0, 0, 0, 0
189, 00_1_93, 0, 0, 0, 0, 0, 0, 0, 0
190, 00_1_94, 0, 0, 0, 0, 0, 0, 0, 0
191, 00_1_95, 0, 0, 0, 0, 0, 0, 0, 0
192, 00_2_00, 0, 0, 0, 0, 0, 0, 0, 0
193, 00_2_01, 0, 0, 0, 0, 0, 0, 0, 0
194, 00_2_02, 0, 0, 0, 0, 0, 0, 0, 0
195, 00_2_03, 0, 0, 0, 0, 0, 0, 0, 0
196, 00_2_04, 0, 0, 0, 0, 0, 0, 0, 0
197, 00_2_05, 0, 0, 0, 0, 0, 0, 0, 0
198, 00_2_06, 0, 0, 0, 0, 0, 0, 0, 0
199, 00_2_07, 0, 0, 0, 0, 0, 0, 0, 0
200, 00_2_08, 0, 0, 0, 0, 0, 0, 0, 0
201, 00_2_09, 0, 0, 0, 0, 0, 0, 0, 0
202, 00_2_10, 0, 0, 0, 0, 0, 0, 0, 0
203, 00_2_11, 0, 0, 0, 0, 0, 0, 0, 0
204, 00_2_12, 0, 0, 0, 0, 0, 0, 0, 0
205, 00_2_13, 0, 0, 0, 0, 0, 0, 0, 0
206, 00_2_14, 0, 0, 0, 0, 0, 0, 0, 0
207, 00_2_15, 0, 0, 0, 0, 0, 0, 0, 0
208, 00_2_16, 0, 0, 0, 0, 0, 0, 0, 0
209, 00_2_17, 0, 0, 0, 0, 0, 0, 0, 0
210, 00_2_18, 0, 0, 0, 0, 0, 0, 0, 0
211, 00_2_19, 0, 0, 0, 0, 0, 0, 0, 0
212, 00_2_20, 0, 0, 0, 0, 0, 0, 0, 0
213, 00_2_21, 0, 0, 0, 0, 0, 0, 0, 0
214, 00_2_22, 0, 0, 0, 0, 0, 0, 0, 0
215, 00_2_23, 0, 0, 0, 0, 0, 0, 0, 0
216, 00_2_24, 0, 0, 0, 0, 0, 0, 0, 0
217, 00_2_25, 0, 0, 0, 0, 0, 0, 0, 0
218, 00_2_26, 0, 0, 0, 0, 0, 0, 0, 0
219, 00_2_27, 0, 0, 0, 0, 0, 0, 0, 0
220, 00_2_28, 0, 0, 0, 0, 0, 0, 0, 0
221, 00_2_29, 0, 0, 0, 0, 0, 0, 0, 0
222, 00_2_30, 0, 0, 0, 0, 0, 0, 0, 0
223, 00_2_31, 0, 0, 0, 0, 0, 0, 0, 0
224, 00_2_32, 0, 0, 0, 0, 0, 0, 0, 0
225, 00_2_33, 0, 0, 0, 0, 0, 0, 0, 0
226, 00_2_34, 0, 0, 0, 0, 0, 0, 0, 0
227, 00_2_35, 0, 0, 0, 0, 0, 0, 0, 0
228, 00_2_36, 0, 0, 0, 0, 0, 0, 0, 0
229, 00_2_37, 0, 0, 0, 0, 0, 0, 0, 0
230, 00_2_38, 0, 0, 0, 0, 0, 0, 0, 0
231, 00_2_39, 0, 0, 0, 0, 0, 0, 0, 0
232, 00_2_40, 0, 0, 0, 0, 0, 0, 0, 0
233, 00_2_41, 0, 0, 0, 0, 0, 0, 0, 0
234, 00_2_42, 0, 0, 0, 0, 0, 0, 0, 0
235, 00_2_43, 0, 0, 0, 0, 0, 0, 0, 0
236, 00_2_44, 0, 0, 0, 0, 0, 0, 0, 0
237, 00_2_45, 0, 0, 0, 0, 0, 0, 0, 0
238, 00_2_46, 0, 0, 0, 0, 0, 0, 0, 0
239, 00_2_47, 0, 0, 0, 0, 0, 0, 0, 0
240, 00_2_48, 0, 0, 0, 0, 0, 0, 0, 0
241, 00_2_49, 0, 0, 0, 0, 0, 0, 0, 0
242, 00_2_50, 0, 0, 0, 0, 0, 0, 0, 0
243, 00_2_51, 0, 0, 0, 0, 0, 0, 0, 0
244, 00_2_52, 0, 0, 0, 0, 0, 0, 0, 0
245, 00_2_53, 0, 0, 0, 0, 0, 0, 0, 0
246, 00_2_54, 0, 0, 0, 0, 0, 0, 0, 0
247, 00_2_55, 0, 0, 0, 0, 0, 0, 0, 0
248, 00_2_56, 0, 0, 0, 0, 0, 0, 0, 0
249, 00_2_57, 0, 0, 0, 0, 0, 0, 0, 0
250, 00_2_58, 0, 0, 0, 0, 0, 0, 0, 0
251, 00_2_59, 0, 0, 0, 0, 0, 0, 0, 0
252, 00_2_60, 0, 0, 0, 0, 0, 0, 0, 0
253, 00_2_61, 0, 0, 0, 0, 0, 0, 0, 0
254, 00_2_62, 0, 0, 0, 0, 0, 0, 0, 0
255, 00_2_63, 0, 0, 0, 0, 0, 0, 0, 0
256, 00_2_64, 0, 0, 0, 0, 0, 0, 0, 0
257, 00_2_65, 0, 0, 0, 0, 0, 0, 0, 0
258, 00_2_66, 0, 0, 0, 0, 0, 0, 0, 0
259, 00_2_67, 0, 0, 0, 0, 0, 0, 0, 0
260, 00_2_68, 0, 0, 0, 0, 0, 0, 0, 0
261, 00_2_69, 0, 0, 0, 0, 0, 0, 0, 0
262, 00_2_70, 0, 0, 0, 0, 0, 0, 0, 0
263, 00_2_71, 0, 0, 0, 0, 0, 0, 0, 0
264, 00_2_72, 0, 0, 0, 0, 0, 0, 0, 0
265, 00_2_73, 0, 0, 0, 0, 0, 0, 0, 0
266, 00_2_74, 0, 0, 0, 0, 0, 0, 0, 0
267, 00_2_75, 0, 0, 0, 0, 0, 0, 0, 0
268, 00_2_76, 0, 0, 0, 0, 0, 0, 0, 0
269, 00_2_77, 0, 0, 0, 0, 0, 0, 0, 0
270, 00_2_78, 0, 0, 0, 0, 0, 0, 0, 0
271, 00_2_79, 0, 0, 0, 0, 0, 0, 0, 0
272, 00_2_80, 0, 0, 0, 0, 0, 0, 0, 0
273, 00_2_81, 0, 0, 0, 0, 0, 0, 0, 0
274, 00_2_82, 0, 0, 0, 0, 0, 0, 0, 0
275, 00_2_83, 0, 0, 0, 0, 0, 0, 0, 0
276, 00_2_84, 0, 0, 0, 0, 0, 0, 0, 0
277, 00_2_85, 0, 0, 0, 0, 0, 0, 0, 0
278, 00_2_86, 0, 0, 0, 0, 0, 0, 0, 0
279, 00_2_87, 0, 0, 0, 0, 0, 0, 0, 0
280, 00_2_88, 0, 0, 0, 0, 0, 0, 0, 0
281, 00_2_89, 0, 0, 0, 0, 0, 0, 0, 0
282, 00_2_90, 0, 0, 0, 0, 0, 0, 0, 0
283, 00_2_91, 0, 0, 0, 0, 0, 0, 0, 0
284, 00_2_92, 0, 0, 0, 0, 0, 0, 0, 0
285, 00_2_93, 0, 0, 0, 0, 0, 0, 0, 0
286, 00_2_94, 0, 0, 0, 0, 0, 0, 0, 0
287, 00_2_95, 0, 0, 0, 0, 0, 0, 0, 0
288, 00_3_00, 0, 0, 0, 0, 0, 0, 0, 0
289, 00_3_01, 0, 0, 0, 0, 0, 0, 0, 0
290, 00_3_02, 0, 0, 0, 0, 0, 0, 0, 0
291, 00_3_03, 0, 0, 0, 0, 0, 0, 0, 0
292, 00_3_04, 0, 0, 0, 0, 0, 0, 0, 0
293, 00_3_05, 0, 0, 0, 0, 0, 0, 0, 0
294, 00_3_06, 0, 0, 0, 0, 0, 0, 0, 0
295, 00_3_07, 0, 0, 0, 0, 0, 0, 0, 0
296, 00_3_08, 0, 0, 0, 0, 0, 0, 0, 0
297, 00_3_09, 0, 0, 0, 0, 0, 0, 0, 0
298, 00_3_10, 0, 0, 0, 0, 0, 0, 0, 0
299, 00_3_11, 0, 0, 0, 0, 0, 0, 0, 0
300, 00_3_12, 0, 0, 0, 0, 0, 0, 0, 0
301, 00_3_13, 0, 0, 0, 0, 0, 0, 0, 0
302, 00_3_14, 0, 0, 0, 0, 0, 0, 0, 0
303, 00_3_15, 0, 0, 0, 0, 0, 0, 0, 0
304, 00_3_16, 0, 0, 0, 0, 0, 0, 0, 0
305, 00_3_17, 0, 0, 0, 0, 0, 0, 0, 0
306, 00_3_18, 0, 0, 0, 0, 0, 0, 0, 0
307, 00_3_19, 0, 0, 0, 0, 0, 0, 0, 0
308, 00_3_20, 0, 0, 0, 0, 0, 0, 0, 0
309, 00_3_21, 0, 0, 0, 0, 0, 0, 0, 0
310, 00_3_22, 0, 0, 0, 0, 0, 0, 0, 0
311, 00_3_23, 0, 0, 0, 0, 0, 0, 0, 0
312, 00_3_24, 0, 0, 0, 0, 0, 0, 0, 0
313, 00_3_25, 0, 0, 0, 0, 0, 0, 0, 0
314, 00_3_26, 0, 0, 0, 0, 0, 0, 0, 0
315, 00_3_27, 0, 0, 0, 0, 0, 0, 0, 0
316, 00_3_28, 0, 0, 0, 0, 0, 0, 0, 0
317, 00_3_29, 0, 0, 0, 0, 0, 0, 0, 0
318, 00_3_30, 0, 0, 0, 0, 0, 0, 0, 0
319, 00_3_31, 0, 0, 0, 0, 0, 0, 0, 0
320, 00_3_32, 0, 0, 0, 0, 0, 0, 0, 0
321, 00_3_33, 0, 0, 0, 0, 0, 0, 0, 0
322, 00_3_34, 0, 0, 0, 0, 0, 0, 0, 0
323, 00_3_35, 0, 0, 0, 0, 0, 0, 0, 0
324, 00_3_36, 0, 0, 0, 0, 0, 0, 0, 0
325, 00_3_37, 0, 0, 0, 0, 0, 0, 0, 0
326, 00_3_38, 0, 0, 0, 0, 0, 0, 0, 0
327, 00_3_39, 0, 0, 0, 0, 0, 0, 0, 0
328, 00_3_40, 0, 0, 0, 0, 0, 0, 0, 0
329, 00_3_41, 0, 0, 0, 0, 0, 0, 0, 0
330, 00_3_42, 0, 0, 0, 0, 0, 0, 0, 0
331, 00_3_43, 0, 0, 0, 0, 0, 0, 0, 0
332, 00_3_44, 0, 0, 0, 0, 0, 0, 0, 0
333, 00_3_45, 0, 0, 0, 0, 0, 0, 0, 0
334, 00_3_46, 0, 0, 0, 0, 0, 0, 0, 0
335, 00_3_47, 0, 0, 0, 0, 0, 0, 0, 0
336, 00_3_48, 0, 0, 0, 0, 0, 0, 0, 0
337, 00_3_49, 0, 0, 0, 0, 0, 0, 0, 0
338, 00_3_50, 0, 0, 0, 0, 0, 0, 0, 0
339, 00_3_51, 0, 0, 0, 0, 0, 0, 0, 0
340, 00_3_52, 0, 0, 0, 0, 0, 0, 0, 0
341, 00_3_53, 0, 0, 0, 0, 0, 0, 0, 0
342, 00_3_54, 0, 0, 0, 0, 0, 0, 0, 0
343, 00_3_55, 0, 0, 0, 0, 0, 0, 0, 0
344, 00_3_56, 0, 0, 0, 0, 0, 0, 0, 0
345, 00_3_57, 0, 0, 0, 0, 0, 0, 0, 0
346, 00_3_58, 0, 0, 0, 0, 0, 0, 0, 0
347, 00_3_59, 0, 0, 0, 0, 0, 0, 0, 0
348, 00_3_60, 0, 0, 0, 0, 0, 0, 0, 0
349, 00_3_61, 0, 0, 0, 0, 0, 0, 0, 0
350, 00_3_62, 0, 0, 0, 0, 0, 0, 0, 0
351, 00_3_63, 0, 0, 0, 0, 0, 0, 0, 0
352, 00_3_64, 0, 0, 0, 0, 0, 0, 0, 0
353, 00_3_65, 0, 0, 0, 0, 0, 0, 0, 0
354, 00_3_66, 0, 0, 0, 0, 0, 0, 0, 0
355, 00_3_67, 0, 0, 0, 0, 0, 0, 0, 0
356, 00_3_68, 0, 0, 0, 0, 0, 0, 0, 0
357, 00_3_69, 0, 0, 0, 0, 0, 0, 0, 0
358, 00_3_70, 0, 0, 0, 0, 0, 0, 0, 0
359, 00_3_71, 0, 0, 0, 0, 0, 0, 0, 0
360, 00_3_72, 0, 0, 0, 0, 0, 0, 0, 0
361, 00_3_73, 0, 0, 0, 0, 0, 0, 0, 0
362, 00_3_74, 0, 0, 0, 0, 0, 0, 0, 0
363, 00_3_75, 0, 0, 0, 0, 0, 0, 0, 0
364, 00_3_76, 0, 0, 0, 0, 0, 0, 0, 0
365, 00_3_77, 0, 0, 0, 0, 0, 0, 0, 0
366, 00_3_78, 0, 0, 0, 0, 0, 0, 0, 0
367, 00_3_79, 0, 0, 0, 0, 0, 0, 0, 0
368, 00_3_80, 0, 0, 0, 0, 0, 0, 0, 0
369, 00_3_81, 0, 0, 0, 0, 0, 0, 0, 0
370, 00_3_82, 0, 0, 0, 0, 0, 0, 0, 0
371, 00_3_83, 0, 0, 0, 0, 0, 0, 0, 0
372, 00_3_84, 0, 0, 0, 0, 0, 0, 0, 0
373, 00_3_85, 0, 0, 0, 0, 0, 0, 0, 0
374, 00_3_86, 0, 0, 0, 0, 0, 0, 0, 0
375, 00_3_87, 0, 0, 0, 0, 0, 0, 0, 0
376, 00_3_88, 0, 0, 0, 0, 0, 0, 0, 0
377, 00_3_89, 0, 0, 0, 0, 0, 0, 0, 0
378, 00_3_90, 0, 0, 0, 0, 0, 0, 0, 0
379, 00_3_91, 0, 0, 0, 0, 0, 0, 0, 0
380, 00_3_92, 0, 0, 0, 0, 0, 0, 0, 0
381, 00_3_93, 0, 0, 0, 0, 0, 0, 0, 0
382, 00_3_94, 0, 0, 0, 0, 0, 0, 0, 0
383, 00_3_95, 0, 0, 0, 0, 0, 0, 0, 0
384, 00_4_00, 0, 0, 0, 0, 0, 0, 0, 0
385, 00_4_01, 0, 0, 0, 0, 0, 0, 0, 0
386, 00_4_02, 0, 0, 0, 0, 0, 0, 0, 0
387, 00_4_03, 0, 0, 0, 0, 0, 0, 0, 0
388, 00_4_04, 0, 0, 0, 0, 0, 0, 0, 0
389, 00_4_05, 0, 0, 0, 0, 0, 0, 0, 0
390, 00_4_06, 0, 0, 0, 0, 0, 0, 0, 0
391, 00_4_07, 0, 0, 0, 0, 0, 0, 0, 0
392, 00_4_08, 0, 0, 0, 0, 0, 0, 0, 0
393, 00_4_09, 0, 0, 0, 0, 0, 0, 0, 0
394, 00_4_10, 0, 0, 0, 0, 0, 0, 0, 0
395, 00_4_11, 0, 0, 0, 0, 0, 0, 0, 0
396, 00_4_12, 0, 0, 0, 0, 0, 0, 0, 0
397, 00_4_13, 0, 0, 0, 0, 0, 0, 0, 0
398, 00_4_14, 0, 0, 0, 0, 0, 0, 0, 0
399, 00_4_15, 0, 0, 0, 0, 0, 0, 0, 0
400, 00_4_16, 0, 0, 0, 0, 0, 0, 0, 0
401, 00_4_17, 0, 0, 0, 0, 0, 0, 0, 0
402, 00_4_18, 0, 0, 0, 0, 0, 0, 0, 0
403, 00_4_19, 0, 0, 0, 0, 0, 0, 0, 0
404, 00_4_20, 0, 0, 0, 0, 0, 0, 0, 0
405, 00_4_21, 0, 0, 0, 0, 0, 0, 0, 0
406, 00_4_22, 0, 0, 0, 0, 0, 0, 0, 0
407, 00_4_23, 0, 0, 0, 0, 0, 0, 0, 0
408, 00_4_24, 0, 0, 0, 0, 0, 0, 0, 0
409, 00_4_25, 0, 0, 0, 0, 0, 0, 0, 0
410, 00_4_26, 0, 0, 0, 0, 0, 0, 0, 0
411, 00_4_27, 0, 0, 0, 0, 0, 0, 0, 0
412, 00_4_28, 0, 0, 0, 0, 0, 0, 0, 0
413, 00_4_29, 0, 0, 0, 0, 0, 0, 0, 0
414, 00_4_30, 0, 0, 0, 0, 0, 0, 0, 0
415, 00_4_31, 0, 0, 0, 0, 0, 0, 0, 0
416, 00_4_32, 0, 0, 0, 0, 0, 0, 0, 0
417, 00_4_33, 0, 0, 0, 0, 0, 0, 0, 0
418, 00_4_34, 0, 0, 0, 0, 0, 0, 0, 0
419, 00_4_35, 0, 0, 0, 0, 0, 0, 0, 0
420, 00_4_36, 0, 0, 0, 0, 0, 0, 0, 0
421, 00_4_37, 0, 0, 0, 0, 0, 0, 0, 0
422, 00_4_38, 0, 0, 0, 0, 0, 0, 0, 0
423, 00_4_39, 0, 0, 0, 0, 0, 0, 0, 0
424, 00_4_40, 0, 0, 0, 0, 0, 0, 0, 0
425, 00_4_41, 0, 0, 0, 0, 0, 0, 0, 0
426, 00_4_42, 0, 0, 0, 0, 0, 0, 0, 0
427, 00_4_43, 0, 0, 0, 0, 0, 0, 0, 0
428, 00_4_44, 0, 0, 0, 0, 0, 0, 0, 0
429, 00_4_45, 0, 0, 0, 0, 0, 0, 0, 0
430, 00_4_46, 0, 0, 0, 0, 0, 0, 0, 0
431, 00_4_47, 0, 0, 0, 0, 0, 0, 0, 0
432, 00_4_48, 0, 0, 0, 0, 0, 0, 0, 0
433, 00_4_49, 0, 0, 0, 0, 0, 0, 0, 0
434, 00_4_50, 0, 0, 0, 0, 0, 0, 0, 0
435, 00_4_51, 0, 0, 0, 0, 0, 0, 0, 0
436, 00_4_52, 0, 0, 0, 0, 0, 0, 0, 0
437, 00_4_53, 0, 0, 0, 0, 0, 0, 0, 0
438, 00_4_54, 0, 0, 0, 0, 0, 0, 0, 0
439, 00_4_55, 0, 0, 0, 0, 0, 0, 0, 0
440, 00_4_56, 0, 0, 0, 0, 0, 0, 0, 0
441, 00_4_57, 0, 0, 0, 0, 0, 0, 0, 0
442, 00_4_58, 0, 0, 0, 0, 0, 0, 0, 0
443, 00_4_59, 0, 0, 0, 0, 0, 0, 0, 0
444, 00_4_60, 0, 0, 0, 0, 0, 0, 0, 0
445, 00_4_61, 0, 0, 0, 0, 0, 0, 0, 0
446, 00_4_62, 0, 0, 0, 0, 0, 0, 0, 0
447, 00_4_63, 0, 0, 0, 0, 0, 0, 0, 0
448, 00_4_64, 0, 0, 0, 0, 0, 0, 0, 0
449, 00_4_65, 0, 0, 0, 0, 0, 0, 0, 0
450, 00_4_66, 0, 0, 0, 0, 0, 0, 0, 0
451, 00_4_67, 0, 0, 0, 0, 0, 0, 0, 0
452, 00_4_68, 0, 0, 0, 0, 0, 0, 0, 0
453, 00_4_69, 0, 0, 0, 0, 0, 0, 0, 0
454, 00_4_70, 0, 0, 0, 0, 0, 0, 0, 0
455, 00_4_71, 0, 0, 0, 0, 0, 0, 0, 0
456, 00_4_72, 0, 0, 0, 0, 0, 0, 0, 0
457, 00_4_73, 0, 0, 0, 0, 0, 0, 0, 0
458, 00_4_74, 0, 0, 0, 0, 0, 0, 0, 0
459, 00_4_75, 0, 0, 0, 0, 0, 0, 0, 0
460, 00_4_76, 0, 0, 0, 0, 0, 0, 0, 0
461, 00_4_77, 0, 0, 0, 0, 0, 0, 0, 0
462, 00_4_78, 0, 0, 0, 0, 0, 0, 0, 0
463, 00_4_79, 0, 0, 0, 0, 0, 0, 0, 0
464, 00_4_80, 0, 0, 0, 0, 0, 0, 0, 0
465, 00_4_81, 0, 0, 0, 0, 0, 0, 0, 0
466, 00_4_82, 0, 0, 0, 0, 0, 0, 0, 0
467, 00_4_83, 0, 0, 0, 0, 0, 0, 0, 0
468, 00_4_84, 0, 0, 0, 0, 0, 0, 0, 0
469, 00_4_85, 0, 0, 0, 0, 0, 0, 0, 0
470, 00_4_86, 0, 0, 0, 0, 0, 0, 0, 0
471, 00_4_87, 0, 0, 0, 0, 0, 0, 0, 0
472, 00_4_88, 0, 0, 0, 0, 0, 0, 0, 0
473, 00_4_89, 0, 0, 0, 0, 0, 0, 0, 0
474, 00_4_90, 0, 0, 0, 0, 0, 0, 0, 0
475, 00_4_91, 0, 0, 0, 0, 0, 0, 0, 0
476, 00_4_92, 0, 0, 0, 0, 0, 0, 0, 0
477, 00_4_93, 0, 0, 0, 0, 0, 0, 0, 0
478, 00_4_94, 0, 0, 0, 0, 0, 0, 0, 0
479, 00_4_95, 0, 0, 0, 0, 0, 0, 0, 0
480, 00_5_00, 0, 0, 0, 0, 0, 0, 0, 0
481, 00_5_01, 0, 0, 0, 0, 0, 0, 0, 0
482, 00_5_02, 0, 0, 0, 0, 0, 0, 0, 0
483, 00_5_03, 0, 0, 0, 0, 0, 0, 0, 0
484, 00_5_04, 0, 0, 0, 0, 0, 0, 0, 0
485, 00_5_05, 0, 0, 0, 0, 0, 0, 0, 0
486, 00_5_06, 0, 0, 0, 0, 0, 0, 0, 0
487, 00_5_07, 0, 0, 0, 0, 0, 0, 0, 0
488, 00_5_08, 0, 0, 0, 0, 0, 0, 0, 0
489, 00_5_09, 0, 0, 0, 0, 0, 0, 0, 0
490, 00_5_10, 0, 0, 0, 0, 0, 0, 0, 0
491, 00_5_11, 0, 0, 0, 0, 0, 0, 0, 0
492, 00_5_12, 0, 0, 0, 0, 0, 0, 0, 0
493, 00_5_13, 0, 0, 0, 0, 0, 0, 0, 0
494, 00_5_14, 0, 0, 0, 0, 0, 0, 0, 0
495, 00_5_15, 0, 0, 0, 0, 0, 0, 0, 0
496, 00_5_16, 0, 0, 0, 0, 0, 0, 0, 0
497, 00_5_17, 0, 0, 0, 0, 0, 0, 0, 0
498, 00_5_18, 0, 0, 0, 0, 0, 0, 0, 0
499, 00_5_19, 0, 0, 0, 0, 0, 0, 0, 0
500, 00_5_20, 0, 0, 0, 0, 0, 0, 0, 0
501, 00_5_21, 0, 0, 0, 0, 0, 0, 0, 0
502, 00_5_22, 0, 0, 0, 0, 0, 0, 0, 0
503, 00_5_23, 0, 0, 0, 0, 0, 0, 0, 0
504, 00_5_24, 0, 0, 0, 0, 0, 0, 0, 0
505, 00_5_25, 0, 0, 0, 0, 0, 0, 0, 0
506, 00_5_26, 0, 0, 0, 0, 0, 0, 0, 0
507, 00_5_27, 0, 0, 0, 0, 0, 0, 0, 0
508, 00_5_28, 0, 0, 0, 0, 0, 0, 0, 0
509, 00_5_29, 0, 0, 0, 0, 0, 0, 0, 0
510, 00_5_30, 0, 0, 0, 0, 0, 0, 0, 0
511, 00_5_31, 0, 0, 0, 0, 0, 0, 0, 0
512, 00_5_32, 0, 0, 0, 0, 0, 0, 0, 0
513, 00_5_33, 0, 0, 0, 0, 0, 0, 0, 0
514, 00_5_34, 0, 0, 0, 0, 0, 0, 0, 0
515, 00_5_35, 0, 0, 0, 0, 0, 0, 0, 0
516, 00_5_36, 0, 0, 0, 0, 0, 0, 0, 0
517, 00_5_37, 0, 0, 0, 0, 0, 0, 0, 0
518, 00_5_38, 0, 0, 0, 0, 0, 0, 0, 0
519, 00_5_39, 0, 0, 0, 0, 0, 0, 0, 0
520, 00_5_40, 0, 0, 0, 0, 0, 0, 0, 0
521, 00_5_41, 0, 0, 0, 0, 0, 0, 0, 0
522, 00_5_42, 0, 0, 0, 0, 0, 0, 0, 0
523, 00_5_43, 0, 0, 0, 0, 0, 0, 0, 0
524, 00_5_44, 0, 0, 0, 0, 0, 0, 0, 0
525, 00_5_45, 0, 0, 0, 0, 0, 0, 0, 0
526, 00_5_46, 0, 0, 0, 0, 0, 0, 0, 0
527, 00_5_47, 0, 0, 0, 0, 0, 0, 0, 0
528, 00_5_48, 0, 0, 0, 0, 0, 0, 0, 0
529, 00_5_49, 0, 0, 0, 0, 0, 0, 0, 0
530, 00_5_50, 0, 0, 0, 0, 0, 0, 0, 0
531, 00_5_51, 0, 0, 0, 0, 0, 0, 0, 0
532, 00_5_52, 0, 0, 0, 0, 0, 0, 0, 0
533, 00_5_53, 0, 0, 0, 0, 0, 0, 0, 0
534, 00_5_54, 0, 0, 0, 0, 0, 0, 0, 0
535, 00_5_55, 0, 0, 0, 0, 0, 0, 0, 0
536, 00_5_56, 0, 0, 0, 0, 0, 0, 0, 0
537, 00_5_57, 0, 0, 0, 0, 0, 0, 0, 0
538, 00_5_58, 0, 0, 0, 0, 0, 0, 0, 0
539, 00_5_59, 0, 0, 0, 0, 0, 0, 0, 0
540, 00_5_60, 0, 0, 0, 0, 0, 0, 0, 0
541, 00_5_61, 0, 0, 0, 0, 0, 0, 0, 0
542, 00_5_62, 0, 0, 0, 0, 0, 0, 0, 0
543, 00_5_63, 0, 0, 0, 0, 0, 0, 0, 0
544, 00_5_64, 0, 0, 0, 0, 0, 0, 0, 0
545, 00_5_65, 0, 0, 0, 0, 0, 0, 0, 0
546, 00_5_66, 0, 0, 0, 0, 0, 0, 0, 0
547, 00_5_67, 0, 0, 0, 0, 0, 0, 0, 0
548, 00_5_68, 0, 0, 0, 0, 0, 0, 0, 0
549, 00_5_69, 0, 0, 0, 0, 0, 0, 0, 0
550, 00_5_70, 0, 0, 0, 0, 0, 0, 0, 0
551, 00_5_71, 0, 0, 0, 0, 0, 0, 0, 0
552, 00_5_72, 0, 0, 0, 0, 0, 0, 0, 0
553, 00_5_73, 0, 0, 0, 0, 0, 0, 0, 0
554, 00_5_74, 0, 0, 0, 0, 0, 0, 0, 0
555, 00_5_75, 0, 0, 0, 0, 0, 0, 0, 0
556, 00_5_76, 0, 0, 0, 0, 0, 0, 0, 0
557, 00_5_77, 0, 0, 0, 0, 0, 0, 0, 0
558, 00_5_78, 0, 0, 0, 0, 0, 0, 0, 0
559, 00_5_79, 0, 0, 0, 0, 0, 0, 0, 0
560, 00_5_80, 0, 0, 0, 0, 0, 0, 0, 0
561, 00_5_81, 0, 0, 0, 0, 0, 0, 0, 0
562, 00_5_82, 0, 0, 0, 0, 0, 0, 0, 0
563, 00_5_83, 0, 0, 0, 0, 0, 0, 0, 0
564, 00_5_84, 0, 0, 0, 0, 0, 0, 0, 0
565, 00_5_85, 0, 0, 0, 0, 0, 0, 0, 0
566, 00_5_86, 0, 0, 0, 0, 0, 0, 0, 0
567, 00_5_87, 0, 0, 0, 0, 0, 0, 0, 0
568, 00_5_88, 0, 0, 0, 0, 0, 0, 0, 0
569, 00_5_89, 0, 0, 0, 0, 0, 0, 0, 0
570, 00_5_90, 0, 0, 0, 0, 0, 0, 0, 0
571, 00_5_91, 0, 0, 0, 0, 0, 0, 0, 0
572, 00_5_92, 0, 0, 0, 0, 0, 0, 0, 0
573, 00_5_93, 0, 0, 0, 0, 0, 0, 0, 0
574, 00_5_94, 0, 0, 0, 0, 0, 0, 0, 0
575, 00_5_95, 0, 0, 0, 0, 0, 0, 0, 0
576, 01_0_00, 0, 0, 0, 0, 0, 0, 0, 0
577, 01_0_01, 0, 0, 0, 0, 0, 0, 0, 0
578, 01_0_02, 0, 0, 0, 0, 0, 0, 0, 0
579, 01_0_03, 0, 0, 0, 0, 0, 0, 0, 0
580, 01_0_04, 0, 0, 0, 0, 0, 0, 0, 0
581, 01_0_05, 0, 0, 0, 0, 0, 0, 0, 0
582, 01_0_06, 0, 0, 0, 0, 0, 0, 0, 0
583, 01_0_07, 0, 0, 0, 0, 0, 0, 0, 0
584, 01_0_08, 0, 0, 0, 0, 0, 0, 0, 0
585, 01_0_09, 0, 0, 0, 0, 0, 0, 0, 0
586, 01_0_10, 0, 0, 0, 0, 0, 0, 0, 0
587, 01_0_11, 0, 0, 0, 0, 0, 0, 0, 0
588, 01_0_12, 0, 0, 0, 0, 0, 0, 0, 0
589, 01_0_13, 0, 0, 0, 0, 0, 0, 0, 0
590, 01_0_14, 0, 0, 0, 0, 0, 0, 0, 0
591, 01_0_15, 0, 0, 0, 0, 0, 0, 0, 0
592, 01_0_16, 0, 0, 0, 0, 0, 0, 0, 0
593, 01_0_17, 0, 0, 0, 0, 0, 0, 0, 0
594, 01_0_18, 0, 0, 0, 0, 0, 0, 0, 0
595, 01_0_19, 0, 0, 0, 0, 0, 0, 0, 0
596, 01_0_20, 0, 0, 0, 0, 0, 0, 0, 0
597, 01_0_21, 0, 0, 0, 0, 0, 0, 0, 0
598, 01_0_22, 0, 0, 0, 0, 0, 0, 0, 0
599, 01_0_23, 0, 0, 0, 0, 0, 0, 0, 0
600, 01_0_24, 0, 0, 0, 0, 0, 0, 0, 0
601, 01_0_25, 0, 0, 0, 0, 0, 0, 0, 0
602, 01_0_26, 0, 0, 0, 0, 0, 0, 0, 0
603, 01_0_27, 0, 0, 0, 0, 0, 0, 0, 0
604, 01_0_28, 0, 0, 0, 0, 0, 0, 0, 0
605, 01_0_29, 0, 0, 0, 0, 0, 0, 0, 0
606, 01_0_30, 0, 0, 0, 0, 0, 0, 0, 0
607, 01_0_31, 0, 0, 0, 0, 0, 0, 0, 0
608, 01_0_32, 0, 0, 0, 0, 0, 0, 0, 0
609, 01_0_33, 0, 0, 0, 0, 0, 0, 0, 0
610, 01_0_34, 0, 0, 0, 0, 0, 0, 0, 0
611, 01_0_35, 0, 0, 0, 0, 0, 0, 0, 0
612, 01_0_36, 0, 0, 0, 0, 0, 0, 0, 0
613, 01_0_37, 0, 0, 0, 0, 0, 0, 0, 0
614, 01_0_38, 0, 0, 0, 0, 0, 0, 0, 0
615, 01_0_39, 0, 0, 0, 0, 0, 0, 0, 0
616, 01_0_40, 0, 0, 0, 0, 0, 0, 0, 0
617, 01_0_41, 0, 0, 0, 0, 0, 0, 0, 0
618, 01_0_42, 0, 0, 0, 0, 0, 0, 0, 0
619, 01_0_43, 0, 0, 0, 0, 0, 0, 0, 0
620, 01_0_44, 0, 0, 0, 0, 0, 0, 0, 0
621, 01_0_45, 0, 0, 0, 0, 0, 0, 0, 0
622, 01_0_46, 0, 0, 0, 0, 0, 0, 0, 0
623, 01_0_47, 0, 0, 0, 0, 0, 0, 0, 0
624, 01_0_48, 0, 0, 0, 0, 0, 0, 0, 0
625, 01_0_49, 0, 0, 0, 0, 0, 0, 0, 0
626, 01_0_50, 0, 0, 0, 0, 0, 0, 0, 0
627, 01_0_51, 0, 0, 0, 0, 0, 0, 0, 0
628, 01_0_52, 0, 0, 0, 0, 0, 0, 0, 0
629, 01_0_53, 0, 0, 0, 0, 0, 0, 0, 0
630, 01_0_54, 0, 0, 0, 0, 0, 0, 0, 0
631, 01_0_55, 0, 0, 0, 0, 0, 0, 0, 0
632, 01_0_56, 0, 0, 0, 0, 0, 0, 0, 0
633, 01_0_57, 0, 0, 0, 0, 0, 0, 0, 0
634, 01_0_58, 0, 0, 0, 0, 0, 0, 0, 0
635, 01_0_59, 0, 0, 0, 0, 0, 0, 0, 0
636, 01_0_60, 0, 0, 0, 0, 0, 0, 0, 0
637, 01_0_61, 0, 0, 0, 0, 0, 0, 0, 0
638, 01_0_62, 0, 0, 0, 0, 0, 0, 0, 0
639, 01_0_63, 0, 0, 0, 0, 0, 0, 0, 0
640, 01_0_64, 0, 0, 0, 0, 0, 0, 0, 0
641, 01_0_65, 0, 0, 0, 0, 0, 0, 0, 0
642, 01_0_66, 0, 0, 0, 0, 0, 0, 0, 0
643, 01_0_67, 0, 0, 0, 0, 0, 0, 0, 0
644, 01_0_68, 0, 0, 0, 0, 0, 0, 0, 0
645, 01_0_69, 0, 0, 0, 0, 0, 0, 0, 0
646, 01_0_70, 0, 0, 0, 0, 0, 0, 0, 0
647, 01_0_71, 0, 0, 0, 0, 0, 0, 0, 0
648, 01_0_72, 0, 0, 0, 0, 0, 0, 0, 0
649, 01_0_73, 0, 0, 0, 0, 0, 0, 0, 0
650, 01_0_74, 0, 0, 0, 0, 0, 0, 0, 0
651, 01_0_75, 0, 0, 0, 0, 0, 0, 0, 0
652, 01_0_76, 0, 0, 0, 0, 0, 0, 0, 0
653, 01_0_77, 0, 0, 0, 0, 0, 0, 0, 0
654, 01_0_78, 0, 0, 0, 0, 0, 0, 0, 0
655, 01_0_79, 0, 0, 0, 0, 0, 0, 0, 0
656, 01_0_80, 0, 0, 0, 0, 0, 0, 0, 0
657, 01_0_81, 0, 0, 0, 0, 0, 0, 0, 0
658, 01_0_82, 0, 0, 0, 0, 0, 0, 0, 0
659, 01_0_83, 0, 0, 0, 0, 0, 0, 0, 0
660, 01_0_84, 0, 0, 0, 0, 0, 0, 0, 0
661, 01_0_85, 0, 0, 0, 0, 0, 0, 0, 0
662, 01_0_86, 0, 0, 0, 0, 0, 0, 0, 0
663, 01_0_87, 0, 0, 0, 0, 0, 0, 0, 0
664, 01_0_88, 0, 0, 0, 0, 0, 0, 0, 0
665, 01_0_89, 0, 0, 0, 0, 0, 0, 0, 0
666, 01_0_90, 0, 0, 0, 0, 0, 0, 0, 0
667, 01_0_91, 0, 0, 0, 0, 0, 0, 0, 0
668, 01_0_92, 0, 0, 0, 0, 0, 0, 0, 0
669, 01_0_93, 0, 0, 0, 0, 0, 0, 0, 0
670, 01_0_94, 0, 0, 0, 0, 0, 0, 0, 0
671, 01_0_95, 0, 0, 0, 0, 0, 0, 0, 0
672, 01_1_00, 0, 0, 0, 0, 0, 0, 0, 0
673, 01_1_01, 0, 0, 0, 0, 0, 0, 0, 0
674, 01_1_02, 0, 0, 0, 0, 0, 0, 0, 0
675, 01_1_03, 0, 0, 0, 0, 0, 0, 0, 0
676, 01_1_04, 0, 0, 0, 0, 0, 0, 0, 0
677, 01_1_05, 0, 0, 0, 0, 0, 0, 0, 0
678, 01_1_06, 0, 0, 0, 0, 0, 0, 0, 0
679, 01_1_07, 0, 0, 0, 0, 0, 0, 0, 0
680, 01_1_08, 0, 0, 0, 0, 0, 0, 0, 0
681, 01_1_09, 0, 0, 0, 0, 0, 0, 0, 0
682, 01_1_10, 0, 0, 0, 0, 0, 0, 0, 0
683, 01_1_11, 0, 0, 0, 0, 0, 0, 0, 0
684, 01_1_12, 0, 0, 0, 0, 0, 0, 0, 0
685, 01_1_13, 0, 0, 0, 0, 0, 0, 0, 0
686, 01_1_14, 0, 0, 0, 0, 0, 0, 0, 0
687, 01_1_15, 0, 0, 0, 0, 0, 0, 0, 0
688, 01_1_16, 0, 0, 0, 0, 0, 0, 0, 0
689, 01_1_17, 0, 0, 0, 0, 0, 0, 0, 0
690, 01_1_18, 0, 0, 0, 0, 0, 0, 0, 0
691, 01_1_19, 0, 0, 0, 0, 0, 0, 0, 0
692, 01_1_20, 0, 0, 0, 0, 0, 0, 0, 0
693, 01_1_21, 0, 0, 0, 0, 0, 0, 0, 0
694, 01_1_22, 0, 0, 0, 0, 0, 0, 0, 0
695, 01_1_23, 0, 0, 0, 0, 0, 0, 0, 0
696, 01_1_24, 0, 0, 0, 0, 0, 0, 0, 0
697, 01_1_25, 0, 0, 0, 0, 0, 0, 0, 0
698, 01_1_26, 0, 0, 0, 0, 0, 0, 0, 0
699, 01_1_27, 0, 0, 0, 0, 0, 0, 0, 0
700, 01_1_28, 0, 0, 0, 0, 0, 0, 0, 0
701, 01_1_29, 0, 0, 0, 0, 0, 0, 0, 0
702, 01_1_30, 0, 0, 0, 0, 0, 0, 0, 0
703, 01_1_31, 0, 0, 0, 0, 0, 0, 0, 0
704, 01_1_32, 0, 0, 0, 0, 0, 0, 0, 0
705, 01_1_33, 0, 0, 0, 0, 0, 0, 0, 0
706, 01_1_34, 0, 0, 0, 0, 0, 0, 0, 0
707, 01_1_35, 0, 0, 0, 0, 0, 0, 0, 0
708, 01_1_36, 0, 0, 0, 0, 0, 0, 0, 0
709, 01_1_37, 0, 0, 0, 0, 0, 0, 0, 0
710, 01_1_38, 0, 0, 0, 0, 0, 0, 0, 0
711, 01_1_39, 0, 0, 0, 0, 0, 0, 0, 0
712, 01_1_40, 0, 0, 0, 0, 0, 0, 0, 0
713, 01_1_41, 0, 0, 0, 0, 0, 0, 0, 0
714, 01_1_42, 0, 0, 0, 0, 0, 0, 0, 0
715, 01_1_43, 0, 0, 0, 0, 0, 0, 0, 0
716, 01_1_44, 0, 0, 0, 0, 0, 0, 0, 0
717, 01_1_45, 0, 0, 0, 0, 0, 0, 0, 0
718, 01_1_46, 0, 0, 0, 0, 0, 0, 0, 0
719, 01_1_47, 0, 0, 0, 0, 0, 0, 0, 0
720, 01_1_48, 0, 0, 0, 0, 0, 0, 0, 0
721, 01_1_49, 0, 0, 0, 0, 0, 0, 0, 0
722, 01_1_50, 0, 0, 0, 0, 0, 0, 0, 0
723, 01_1_51, 0, 0, 0, 0, 0, 0, 0, 0
724, 01_1_52, 0, 0, 0, 0, 0, 0, 0, 0
725, 01_1_53, 0, 0, 0, 0, 0, 0, 0, 0
726, 01_1_54, 0, 0, 0, 0, 0, 0, 0, 0
727, 01_1_55, 0, 0, 0, 0, 0, 0, 0, 0
728, 01_1_56, 0, 0, 0, 0, 0, 0, 0, 0
729, 01_1_57, 0, 0, 0, 0, 0, 0, 0, 0
730, 01_1_58, 0, 0, 0, 0, 0, 0, 0, 0
731, 01_1_59, 0, 0, 0, 0, 0, 0, 0, 0
732, 01_1_60, 0, 0, 0, 0, 0, 0, 0, 0
733, 01_1_61, 0, 0, 0, 0, 0, 0, 0, 0
734, 01_1_62, 0, 0, 0, 0, 0, 0, 0, 0
735, 01_1_63, 0, 0, 0, 0, 0, 0, 0, 0
736, 01_1_64, 0, 0, 0, 0, 0, 0, 0, 0
737, 01_1_65, 0, 0, 0, 0, 0, 0, 0, 0
738, 01_1_66, 0, 0, 0, 0, 0, 0, 0, 0
739, 01_1_67, 0, 0, 0, 0, 0, 0, 0, 0
740, 01_1_68, 0, 0, 0, 0, 0, 0, 0, 0
741, 01_1_69, 0, 0, 0, 0, 0, 0, 0, 0
742, 01_1_70, 0, 0, 0, 0, 0, 0, 0, 0
743, 01_1_71, 0, 0, 0, 0, 0, 0, 0, 0
744, 01_1_72, 0, 0, 0, 0, 0, 0, 0, 0
745, 01_1_73, 0, 0, 0, 0, 0, 0, 0, 0
746, 01_1_74, 0, 0, 0, 0, 0, 0, 0, 0
747, 01_1_75, 0, 0, 0, 0, 0, 0, 0, 0
748, 01_1_76, 0, 0, 0, 0, 0, 0, 0, 0
749, 01_1_77, 0, 0, 0, 0, 0, 0, 0, 0
750, 01_1_78, 0, 0, 0, 0, 0, 0, 0, 0
751, 01_1_79, 0, 0, 0, 0, 0, 0, 0, 0
752, 01_1_80, 0, 0, 0, 0, 0, 0, 0, 0
753, 01_1_81, 0, 0, 0, 0, 0, 0, 0, 0
754, 01_1_82, 0, 0, 0, 0, 0, 0, 0, 0
755, 01_1_83, 0, 0, 0, 0, 0, 0, 0, 0
756, 01_1_84, 0, 0, 0, 0, 0, 0, 0, 0
757, 01_1_85, 0, 0, 0, 0, 0, 0, 0, 0
758, 01_1_86, 0, 0, 0, 0, 0, 0, 0, 0
759, 01_1_87, 0, 0, 0, 0, 0, 0, 0, 0
760, 01_1_88, 0, 0, 0, 0, 0, 0, 0, 0
761, 01_1_89, 0, 0, 0, 0, 0, 0, 0, 0
762, 01_1_90, 0, 0, 0, 0, 0, 0, 0, 0
763, 01_1_91, 0, 0, 0, 0, 0, 0, 0, 0
764, 01_1_92, 0, 0, 0, 0, 0, 0, 0, 0
765, 01_1_93, 0, 0, 0, 0, 0, 0, 0, 0
766, 01_1_94, 0, 0, 0, 0, 0, 0, 0, 0
767, 01_1_95, 0, 0, 0, 0, 0, 0, 0, 0
768, 01_2_00, 0, 0, 0, 0, 0, 0, 0, 0
769, 01_2_01, 0, 0, 0, 0, 0, 0, 0, 0
770, 01_2_02, 0, 0, 0, 0, 0, 0, 0, 0
771, 01_2_03, 0, 0, 0, 0, 0, 0, 0, 0
772, 01_2_04, 0, 0, 0, 0, 0, 0, 0, 0
773, 01_2_05, 0, 0, 0, 0, 0, 0, 0, 0
774, 01_2_06, 0, 0, 0, 0, 0, 0, 0, 0
775, 01_2_07, 0, 0, 0, 0, 0, 0, 0, 0
776, 01_2_08, 0, 0, 0, 0, 0, 0, 0, 0
777, 01_2_09, 0, 0, 0, 0, 0, 0, 0, 0
778, 01_2_10, 0, 0, 0, 0, 0, 0, 0, 0
779, 01_2_11, 0, 0, 0, 0, 0, 0, 0, 0
780, 01_2_12, 0, 0, 0, 0, 0, 0, 0, 0
781, 01_2_13, 0, 0, 0, 0, 0, 0, 0, 0
782, 01_2_14, 0, 0, 0, 0, 0, 0, 0, 0
783, 01_2_15, 0, 0, 0, 0, 0, 0, 0, 0
784, 01_2_16, 0, 0, 0, 0, 0, 0, 0, 0
785, 01_2_17, 0, 0, 0, 0, 0, 0, 0, 0
786, 01_2_18, 0, 0, 0, 0, 0, 0, 0, 0
787, 01_2_19, 0, 0, 0, 0, 0, 0, 0, 0
788, 01_2_20, 0, 0, 0, 0, 0, 0, 0, 0
789, 01_2_21, 0, 0, 0, 0, 0, 0, 0, 0
790, 01_2_22, 0, 0, 0, 0, 0, 0, 0, 0
791, 01_2_23, 0, 0, 0, 0, 0, 0, 0, 0
792, 01_2_24, 0, 0, 0, 0, 0, 0, 0, 0
793, 01_2_25, 0, 0, 0, 0, 0, 0, 0, 0
794, 01_2_26, 0, 0, 0, 0, 0, 0, 0, 0
795, 01_2_27, 0, 0, 0, 0, 0, 0, 0, 0
796, 01_2_28, 0, 0, 0, 0, 0, 0, 0, 0
797, 01_2_29, 0, 0, 0, 0, 0, 0, 0, 0
798, 01_2_30, 0, 0, 0, 0, 0, 0, 0, 0
799, 01_2_31, 0, 0, 0, 0, 0, 0, 0, 0
800, 01_2_32, 0, 0, 0, 0, 0, 0, 0, 0
801, 01_2_33, 0, 0, 0, 0, 0, 0, 0, 0
802, 01_2_34, 0, 0, 0, 0, 0, 0, 0, 0
803, 01_2_35, 0, 0, 0, 0, 0, 0, 0, 0
804, 01_2_36, 0, 0, 0, 0, 0, 0, 0, 0
805, 01_2_37, 0, 0, 0, 0, 0, 0, 0, 0
806, 01_2_38, 0, 0, 0, 0, 0, 0, 0, 0
807, 01_2_39, 0, 0, 0, 0, 0, 0, 0, 0
808, 01_2_40, 0, 0, 0, 0, 0, 0, 0, 0
809, 01_2_41, 0, 0, 0, 0, 0, 0, 0, 0
810, 01_2_42, 0, 0, 0, 0, 0, 0, 0, 0
811, 01_2_43, 0, 0, 0, 0, 0, 0, 0, 0
812, 01_2_44, 0, 0, 0, 0, 0, 0, 0, 0
813, 01_2_45, 0, 0, 0, 0, 0, 0, 0, 0
814, 01_2_46, 0, 0, 0, 0, 0, 0, 0, 0
815, 01_2_47, 0, 0, 0, 0, 0, 0, 0, 0
816, 01_2_48, 0, 0, 0, 0, 0, 0, 0, 0
817, 01_2_49, 0, 0, 0, 0, 0, 0, 0, 0
818, 01_2_50, 0, 0, 0, 0, 0, 0, 0, 0
819, 01_2_51, 0, 0, 0, 0, 0, 0, 0, 0
820, 01_2_52, 0, 0, 0, 0, 0, 0, 0, 0
821, 01_2_53, 0, 0, 0, 0, 0, 0, 0, 0
822, 01_2_54, 0, 0, 0, 0, 0, 0, 0, 0
823, 01_2_55, 0, 0, 0, 0, 0, 0, 0, 0
824, 01_2_56, 0, 0, 0, 0, 0, 0, 0, 0
825, 01_2_57, 0, 0, 0, 0, 0, 0, 0, 0
826, 01_2_58, 0, 0, 0, 0, 0, 0, 0, 0
827, 01_2_59, 0, 0, 0, 0, 0, 0, 0, 0
828, 01_2_60, 0, 0, 0, 0, 0, 0, 0, 0
829, 01_2_61, 0, 0, 0, 0, 0, 0, 0, 0
830, 01_2_62, 0, 0, 0, 0, 0, 0, 0, 0
831, 01_2_63, 0, 0, 0, 0, 0, 0, 0, 0
832, 01_2_64, 0, 0, 0, 0, 0, 0, 0, 0
833, 01_2_65, 0, 0, 0, 0, 0, 0, 0, 0
834, 01_2_66, 0, 0, 0, 0, 0, 0, 0, 0
835, 01_2_67, 0, 0, 0, 0, 0, 0, 0, 0
836, 01_2_68, 0, 0, 0, 0, 0, 0, 0, 0
837, 01_2_69, 0, 0, 0, 0, 0, 0, 0, 0
838, 01_2_70, 0, 0, 0, 0, 0, 0, 0, 0
839, 01_2_71, 0, 0, 0, 0, 0, 0, 0, 0
840, 01_2_72, 0, 0, 0, 0, 0, 0, 0, 0
841, 01_2_73, 0, 0, 0, 0, 0, 0, 0, 0
842, 01_2_74, 0, 0, 0, 0, 0, 0, 0, 0
843, 01_2_75, 0, 0, 0, 0, 0, 0, 0, 0
844, 01_2_76, 0, 0, 0, 0, 0, 0, 0, 0
845, 01_2_77, 0, 0, 0, 0, 0, 0, 0, 0
846, 01_2_78, 0, 0, 0, 0, 0, 0, 0, 0
847, 01_2_79, 0, 0, 0, 0, 0, 0, 0, 0
848, 01_2_80, 0, 0, 0, 0, 0, 0, 0, 0
849, 01_2_81, 0, 0, 0, 0, 0, 0, 0, 0
850, 01_2_82, 0, 0, 0, 0, 0, 0, 0, 0
851, 01_2_83, 0, 0, 0, 0, 0, 0, 0, 0
852, 01_2_84, 0, 0, 0, 0, 0, 0, 0, 0
853, 01_2_85, 0, 0, 0, 0, 0, 0, 0, 0
854, 01_2_86, 0, 0, 0, 0, 0, 0, 0, 0
855, 01_2_87, 0, 0, 0, 0, 0, 0, 0, 0
856, 01_2_88, 0, 0, 0, 0, 0, 0, 0, 0
857, 01_2_89, 0, 0, 0, 0, 0, 0, 0, 0
858, 01_2_90, 0, 0, 0, 0, 0, 0, 0, 0
859, 01_2_91, 0, 0, 0, 0, 0, 0, 0, 0
860, 01_2_92, 0, 0, 0, 0, 0, 0, 0, 0
861, 01_2_93, 0, 0, 0, 0, 0, 0, 0, 0
862, 01_2_94, 0, 0, 0, 0, 0, 0, 0, 0
863, 01_2_95, 0, 0, 0, 0, 0, 0, 0, 0
864, 01_3_00, 0, 0, 0, 0, 0, 0, 0, 0
865, 01_3_01, 0, 0, 0, 0, 0, 0, 0, 0
866, 01_3_02, 0, 0, 0, 0, 0, 0, 0, 0
867, 01_3_03, 0, 0, 0, 0, 0, 0, 0, 0
868, 01_3_04, 0, 0, 0, 0, 0, 0, 0, 0
869, 01_3_05, 0, 0, 0, 0, 0, 0, 0, 0
870, 01_3_06, 0, 0, 0, 0, 0, 0, 0, 0
871, 01_3_07, 0, 0, 0, 0, 0, 0, 0, 0
872, 01_3_08, 0, 0, 0, 0, 0, 0, 0, 0
873, 01_3_09, 0, 0, 0, 0, 0, 0, 0, 0
874, 01_3_10, 0, 0, 0, 0, 0, 0, 0, 0
875, 01_3_11, 0, 0, 0, 0, 0, 0, 0, 0
876, 01_3_12, 0, 0, 0, 0, 0, 0, 0, 0
877, 01_3_13, 0, 0, 0, 0, 0, 0, 0, 0
878, 01_3_14, 0, 0, 0, 0, 0, 0, 0, 0
879, 01_3_15, 0, 0, 0, 0, 0, 0, 0, 0
880, 01_3_16, 0, 0, 0, 0, 0, 0, 0, 0
881, 01_3_17, 0, 0, 0, 0, 0, 0, 0, 0
882, 01_3_18, 0, 0, 0, 0, 0, 0, 0, 0
883, 01_3_19, 0, 0, 0, 0, 0, 0, 0, 0
884, 01_3_20, 0, 0, 0, 0, 0, 0, 0, 0
885, 01_3_21, 0, 0, 0, 0, 0, 0, 0, 0
886, 01_3_22, 0, 0, 0, 0, 0, 0, 0, 0
887, 01_3_23, 0, 0, 0, 0, 0, 0, 0, 0
888, 01_3_24, 0, 0, 0, 0, 0, 0, 0, 0
889, 01_3_25, 0, 0, 0, 0, 0, 0, 0, 0
890, 01_3_26, 0, 0, 0, 0, 0, 0, 0, 0
891, 01_3_27, 0, 0, 0, 0, 0, 0, 0, 0
892, 01_3_28, 0, 0, 0, 0, 0, 0, 0, 0
893, 01_3_29, 0, 0, 0, 0, 0, 0, 0, 0
894, 01_3_30, 0, 0, 0, 0, 0, 0, 0, 0
895, 01_3_31, 0, 0, 0, 0, 0, 0, 0, 0
896, 01_3_32, 0, 0, 0, 0, 0, 0, 0, 0
897, 01_3_33, 0, 0, 0, 0, 0, 0, 0, 0
898, 01_3_34, 0, 0, 0, 0, 0, 0, 0, 0
899, 01_3_35, 0, 0, 0, 0, 0, 0, 0, 0
900, 01_3_36, 0, 0, 0, 0, 0, 0, 0, 0
901, 01_3_37, 0, 0, 0, 0, 0, 0, 0, 0
902, 01_3_38, 0, 0, 0, 0, 0, 0, 0, 0
903, 01_3_39, 0, 0, 0, 0, 0, 0, 0, 0
904, 01_3_40, 0, 0, 0, 0, 0, 0, 0, 0
905, 01_3_41, 0, 0, 0, 0, 0, 0, 0, 0
906, 01_3_42, 0, 0, 0, 0, 0, 0, 0, 0
907, 01_3_43, 0, 0, 0, 0, 0, 0, 0, 0
908, 01_3_44, 0, 0, 0, 0, 0, 0, 0, 0
909, 01_3_45, 0, 0, 0, 0, 0, 0, 0, 0
910, 01_3_46, 0, 0, 0, 0, 0, 0, 0, 0
911, 01_3_47, 0, 0, 0, 0, 0, 0, 0, 0
912, 01_3_48, 0, 0, 0, 0, 0, 0, 0, 0
913, 01_3_49, 0, 0, 0, 0, 0, 0, 0, 0
914, 01_3_50, 0, 0, 0, 0, 0, 0, 0, 0
915, 01_3_51, 0, 0, 0, 0, 0, 0, 0, 0
916, 01_3_52, 0, 0, 0, 0, 0, 0, 0, 0
917, 01_3_53, 0, 0, 0, 0, 0, 0, 0, 0
918, 01_3_54, 0, 0, 0, 0, 0, 0, 0, 0
919, 01_3_55, 0, 0, 0, 0, 0, 0, 0, 0
920, 01_3_56, 0, 0, 0, 0, 0, 0, 0, 0
921, 01_3_57, 0, 0, 0, 0, 0, 0, 0, 0
922, 01_3_58, 0, 0, 0, 0, 0, 0, 0, 0
923, 01_3_59, 0, 0, 0, 0, 0, 0, 0, 0
924, 01_3_60, 0, 0, 0, 0, 0, 0, 0, 0
925, 01_3_61, 0, 0, 0, 0, 0, 0, 0, 0
926, 01_3_62, 0, 0, 0, 0, 0, 0, 0, 0
927, 01_3_63, 0, 0, 0, 0, 0, 0, 0, 0
928, 01_3_64, 0, 0, 0, 0, 0, 0, 0, 0
929, 01_3_65, 0, 0, 0, 0, 0, 0, 0, 0
930, 01_3_66, 0, 0, 0, 0, 0, 0, 0, 0
931, 01_3_67, 0, 0, 0, 0, 0, 0, 0, 0
932, 01_3_68, 0, 0, 0, 0, 0, 0, 0, 0
933, 01_3_69, 0, 0, 0, 0, 0, 0, 0, 0
934, 01_3_70, 0, 0, 0, 0, 0, 0, 0, 0
935, 01_3_71, 0, 0, 0, 0, 0, 0, 0, 0
936, 01_3_72, 0, 0, 0, 0, 0, 0, 0, 0
937, 01_3_73, 0, 0, 0, 0, 0, 0, 0, 0
938, 01_3_74, 0, 0, 0, 0, 0, 0, 0, 0
939, 01_3_75, 0, 0, 0, 0, 0, 0, 0, 0
940, 01_3_76, 0, 0, 0, 0, 0, 0, 0, 0
941, 01_3_77, 0, 0, 0, 0, 0, 0, 0, 0
942, 01_3_78, 0, 0, 0, 0, 0, 0, 0, 0
943, 01_3_79, 0, 0, 0, 0, 0, 0, 0, 0
944, 01_3_80, 0, 0, 0, 0, 0, 0, 0, 0
945, 01_3_81, 0, 0, 0, 0, 0, 0, 0, 0
946, 01_3_82, 0, 0, 0, 0, 0, 0, 0, 0
947, 01_3_83, 0, 0, 0, 0, 0, 0, 0, 0
948, 01_3_84, 0, 0, 0, 0, 0, 0, 0, 0
949, 01_3_85, 0, 0, 0, 0, 0, 0, 0, 0
950, 01_3_86, 0, 0, 0, 0, 0, 0, 0, 0
951, 01_3_87, 0, 0, 0, 0, 0, 0, 0, 0
952, 01_3_88, 0, 0, 0, 0, 0, 0, 0, 0
953, 01_3_89, 0, 0, 0, 0, 0, 0, 0, 0
954, 01_3_90, 0, 0, 0, 0, 0, 0, 0, 0
955, 01_3_91, 0, 0, 0, 0, 0, 0, 0, 0
956, 01_3_92, 0, 0, 0, 0, 0, 0, 0, 0
957, 01_3_93, 0, 0, 0, 0, 0, 0, 0, 0
958, 01_3_94, 0, 0, 0, 0, 0, 0, 0, 0
959, 01_3_95, 0, 0, 0, 0, 0, 0, 0, 0
960, 01_4_00, 0, 0, 0, 0, 0, 0, 0, 0
961, 01_4_01, 0, 0, 0, 0, 0, 0, 0, 0
962, 01_4_02, 0, 0, 0, 0, 0, 0, 0, 0
963, 01_4_03, 0, 0, 0, 0, 0, 0, 0, 0
964, 01_4_04, 0, 0, 0, 0, 0, 0, 0, 0
965, 01_4_05, 0, 0, 0, 0, 0, 0, 0, 0
966, 01_4_06, 0, 0, 0, 0, 0, 0, 0, 0
967, 01_4_07, 0, 0, 0, 0, 0, 0, 0, 0
968, 01_4_08, 0, 0, 0, 0, 0, 0, 0, 0
969, 01_4_09, 0, 0, 0, 0, 0, 0, 0, 0
970, 01_4_10, 0, 0, 0, 0, 0, 0, 0, 0
971, 01_4_11, 0, 0, 0, 0, 0, 0, 0, 0
972, 01_4_12, 0, 0, 0, 0, 0, 0, 0, 0
973, 01_4_13, 0, 0, 0, 0, 0, 0, 0, 0
974, 01_4_14, 0, 0, 0, 0, 0, 0, 0, 0
975, 01_4_15, 0, 0, 0, 0, 0, 0, 0, 0
976, 01_4_16, 0, 0, 0, 0, 0, 0, 0, 0
977, 01_4_17, 0, 0, 0, 0, 0, 0, 0, 0
978, 01_4_18, 0, 0, 0, 0, 0, 0, 0, 0
979, 01_4_19, 0, 0, 0, 0, 0, 0, 0, 0
980, 01_4_20, 0, 0, 0, 0, 0, 0, 0, 0
981, 01_4_21, 0, 0, 0, 0, 0, 0, 0, 0
982, 01_4_22, 0, 0, 0, 0, 0, 0, 0, 0
983, 01_4_23, 0, 0, 0, 0, 0, 0, 0, 0
984, 01_4_24, 0, 0, 0, 0, 0, 0, 0, 0
985, 01_4_25, 0, 0, 0, 0, 0, 0, 0, 0
986, 01_4_26, 0, 0, 0, 0, 0, 0, 0, 0
987, 01_4_27, 0, 0, 0, 0, 0, 0, 0, 0
988, 01_4_28, 0, 0, 0, 0, 0, 0, 0, 0
989, 01_4_29, 0, 0, 0, 0, 0, 0, 0, 0
990, 01_4_30, 0, 0, 0, 0, 0, 0, 0, 0
991, 01_4_31, 0, 0, 0, 0, 0, 0, 0, 0
992, 01_4_32, 0, 0, 0, 0, 0, 0, 0, 0
993, 01_4_33, 0, 0, 0, 0, 0, 0, 0, 0
994, 01_4_34, 0, 0, 0, 0, 0, 0, 0, 0
995, 01_4_35, 0, 0, 0, 0, 0, 0, 0, 0
996, 01_4_36, 0, 0, 0, 0, 0, 0, 0, 0
997, 01_4_37, 0, 0, 0, 0, 0, 0, 0, 0
998, 01_4_38, 0, 0, 0, 0, 0, 0, 0, 0
999, 01_4_39, 0, 0, 0, 0, 0, 0, 0, 0
1000, 01_4_40, 0, 0, 0, 0, 0, 0, 0, 0
1001, 01_4_41, 0, 0, 0, 0, 0, 0, 0, 0
1002, 01_4_42, 0, 0, 0, 0, 0, 0, 0, 0
1003, 01_4_43, 0, 0, 0, 0, 0, 0, 0, 0
1004, 01_4_44, 0, 0, 0, 0, 0, 0, 0, 0
1005, 01_4_45, 0, 0, 0, 0, 0, 0, 0, 0
1006, 01_4_46, 0, 0, 0, 0, 0, 0, 0, 0
1007, 01_4_47, 0, 0, 0, 0, 0, 0, 0, 0
1008, 01_4_48, 0, 0, 0, 0, 0, 0, 0, 0
1009, 01_4_49, 0, 0, 0, 0, 0, 0, 0, 0
1010, 01_4_50, 0, 0, 0, 0, 0, 0, 0, 0
1011, 01_4_51, 0, 0, 0, 0, 0, 0, 0, 0
1012, 01_4_52, 0, 0, 0, 0, 0, 0, 0, 0
1013, 01_4_53, 0, 0, 0, 0, 0, 0, 0, 0
1014, 01_4_54, 0, 0, 0, 0, 0, 0, 0, 0
1015, 01_4_55, 0, 0, 0, 0, 0, 0, 0, 0
1016, 01_4_56, 0, 0, 0, 0, 0, 0, 0, 0
1017, 01_4_57, 0, 0, 0, 0, 0, 0, 0, 0
1018, 01_4_58, 0, 0, 0, 0, 0, 0, 0, 0
1019, 01_4_59, 0, 0, 0, 0, 0, 0, 0, 0
1020, 01_4_60, 0, 0, 0, 0, 0, 0, 0, 0
1021, 01_4_61, 0, 0, 0, 0, 0, 0, 0, 0
1022, 01_4_62, 0, 0, 0, 0, 0, 0, 0, 0
1023, 01_4_63, 0, 0, 0, 0, 0, 0, 0, 0
1024, 01_4_64, 0, 0, 0, 0, 0, 0, 0, 0
1025, 01_4_65, 0, 0, 0, 0, 0, 0, 0, 0
1026, 01_4_66, 0, 0, 0, 0, 0, 0, 0, 0
1027, 01_4_67, 0, 0, 0, 0, 0, 0, 0, 0
1028, 01_4_68, 0, 0, 0, 0, 0, 0, 0, 0
1029, 01_4_69, 0, 0, 0, 0, 0, 0, 0, 0
1030, 01_4_70, 0, 0, 0, 0, 0, 0, 0, 0
1031, 01_4_71, 0, 0, 0, 0, 0, 0, 0, 0
1032, 01_4_72, 0, 0, 0, 0, 0, 0, 0, 0
1033, 01_4_73, 0, 0, 0, 0, 0, 0, 0, 0
1034, 01_4_74, 0, 0, 0, 0, 0, 0, 0, 0
1035, 01_4_75, 0, 0, 0, 0, 0, 0, 0, 0
1036, 01_4_76, 0, 0, 0, 0, 0, 0, 0, 0
1037, 01_4_77, 0, 0, 0, 0, 0, 0, 0, 0
1038, 01_4_78, 0, 0, 0, 0, 0, 0, 0, 0
1039, 01_4_79, 0, 0, 0, 0, 0, 0, 0, 0
1040, 01_4_80, 0, 0, 0, 0, 0, 0, 0, 0
1041, 01_4_81, 0, 0, 0, 0, 0, 0, 0, 0
1042, 01_4_82, 0, 0, 0, 0, 0, 0, 0, 0
1043, 01_4_83, 0, 0, 0, 0, 0, 0, 0, 0
1044, 01_4_84, 0, 0, 0, 0, 0, 0, 0, 0
1045, 01_4_85, 0, 0, 0, 0, 0, 0, 0, 0
1046, 01_4_86, 0, 0, 0, 0, 0, 0, 0, 0
1047, 01_4_87, 0, 0, 0, 0, 0, 0, 0, 0
1048, 01_4_88, 0, 0, 0, 0, 0, 0, 0, 0
1049, 01_4_89, 0, 0, 0, 0, 0, 0, 0, 0
1050, 01_4_90, 0, 0, 0, 0, 0, 0, 0, 0
1051, 01_4_91, 0, 0, 0, 0, 0, 0, 0, 0
1052, 01_4_92, 0, 0, 0, 0, 0, 0, 0, 0
1053, 01_4_93, 0, 0, 0, 0, 0, 0, 0, 0
1054, 01_4_94, 0, 0, 0, 0, 0, 0, 0, 0
1055, 01_4_95, 0, 0, 0, 0, 0, 0, 0, 0
1056, 01_5_00, 0, 0, 0, 0, 0, 0, 0, 0
1057, 01_5_01, 0, 0, 0, 0, 0, 0, 0, 0
1058, 01_5_02, 0, 0, 0, 0, 0, 0, 0, 0
1059, 01_5_03, 0, 0, 0, 0, 0, 0, 0, 0
1060, 01_5_04, 0, 0, 0, 0, 0, 0, 0, 0
1061, 01_5_05, 0, 0, 0, 0, 0, 0, 0, 0
1062, 01_5_06, 0, 0, 0, 0, 0, 0, 0, 0
1063, 01_5_07, 0, 0, 0, 0, 0, 0, 0, 0
1064, 01_5_08, 0, 0, 0, 0, 0, 0, 0, 0
1065, 01_5_09, 0, 0, 0, 0, 0, 0, 0, 0
1066, 01_5_10, 0, 0, 0, 0, 0, 0, 0, 0
1067, 01_5_11, 0, 0, 0, 0, 0, 0, 0, 0
1068, 01_5_12, 0, 0, 0, 0, 0, 0, 0, 0
1069, 01_5_13, 0, 0, 0, 0, 0, 0, 0, 0
1070, 01_5_14, 0, 0, 0, 0, 0, 0, 0, 0
1071, 01_5_15, 0, 0, 0, 0, 0, 0, 0, 0
1072, 01_5_16, 0, 0, 0, 0, 0, 0, 0, 0
1073, 01_5_17, 0, 0, 0, 0, 0, 0, 0, 0
1074, 01_5_18, 0, 0, 0, 0, 0, 0, 0, 0
1075, 01_5_19, 0, 0, 0, 0, 0, 0, 0, 0
1076, 01_5_20, 0, 0, 0, 0, 0, 0, 0, 0
1077, 01_5_21, 0, 0, 0, 0, 0, 0, 0, 0
1078, 01_5_22, 0, 0, 0, 0, 0, 0, 0, 0
1079, 01_5_23, 0, 0, 0, 0, 0, 0, 0, 0
1080, 01_5_24, 0, 0, 0, 0, 0, 0, 0, 0
1081, 01_5_25, 0, 0, 0, 0, 0, 0, 0, 0
1082, 01_5_26, 0, 0, 0, 0, 0, 0, 0, 0
1083, 01_5_27, 0, 0, 0, 0, 0, 0, 0, 0
1084, 01_5_28, 0, 0, 0, 0, 0, 0, 0, 0
1085, 01_5_29, 0, 0, 0, 0, 0, 0, 0, 0
1086, 01_5_30, 0, 0, 0, 0, 0, 0, 0, 0
1087, 01_5_31, 0, 0, 0, 0, 0, 0, 0, 0
1088, 01_5_32, 0, 0, 0, 0, 0, 0, 0, 0
1089, 01_5_33, 0, 0, 0, 0, 0, 0, 0, 0
1090, 01_5_34, 0, 0, 0, 0, 0, 0, 0, 0
1091, 01_5_35, 0, 0, 0, 0, 0, 0, 0, 0
1092, 01_5_36, 0, 0, 0, 0, 0, 0, 0, 0
1093, 01_5_37, 0, 0, 0, 0, 0, 0, 0, 0
1094, 01_5_38, 0, 0, 0, 0, 0, 0, 0, 0
1095, 01_5_39, 0, 0, 0, 0, 0, 0, 0, 0
1096, 01_5_40, 0, 0, 0, 0, 0, 0, 0, 0
1097, 01_5_41, 0, 0, 0, 0, 0, 0, 0, 0
1098, 01_5_42, 0, 0, 0, 0, 0, 0, 0, 0
1099, 01_5_43, 0, 0, 0, 0, 0, 0, 0, 0
1100, 01_5_44, 0, 0, 0, 0, 0, 0, 0, 0
1101, 01_5_45, 0, 0, 0, 0, 0, 0, 0, 0
1102, 01_5_46, 0, 0, 0, 0, 0, 0, 0, 0
1103, 01_5_47, 0, 0, 0, 0, 0, 0, 0, 0
1104, 01_5_48, 0, 0, 0, 0, 0, 0, 0, 0
1105, 01_5_49, 0, 0, 0, 0, 0, 0, 0, 0
1106, 01_5_50, 0, 0, 0, 0, 0, 0, 0, 0
1107, 01_5_51, 0, 0, 0, 0, 0, 0, 0, 0
1108, 01_5_52, 0, 0, 0, 0, 0, 0, 0, 0
1109, 01_5_53, 0, 0, 0, 0, 0, 0, 0, 0
1110, 01_5_54, 0, 0, 0, 0, 0, 0, 0, 0
1111, 01_5_55, 0, 0, 0, 0, 0, 0, 0, 0
1112, 01_5_56, 0, 0, 0, 0, 0, 0, 0, 0
1113, 01_5_57, 0, 0, 0, 0, 0, 0, 0, 0
1114, 01_5_58, 0, 0, 0, 0, 0, 0, 0, 0
1115, 01_5_59, 0, 0, 0, 0, 0, 0, 0, 0
1116, 01_5_60, 0, 0, 0, 0, 0, 0, 0, 0
1117, 01_5_61, 0, 0, 0, 0, 0, 0, 0, 0
1118, 01_5_62, 0, 0, 0, 0, 0, 0, 0, 0
1119, 01_5_63, 0, 0, 0, 0, 0, 0, 0, 0
1120, 01_5_64, 0, 0, 0, 0, 0, 0, 0, 0
1121, 01_5_65, 0, 0, 0, 0, 0, 0, 0, 0
1122, 01_5_66, 0, 0, 0, 0, 0, 0, 0, 0
1123, 01_5_67, 0, 0, 0, 0, 0, 0, 0, 0
1124, 01_5_68, 0, 0, 0, 0, 0, 0, 0, 0
1125, 01_5_69, 0, 0, 0, 0, 0, 0, 0, 0
1126, 01_5_70, 0, 0, 0, 0, 0, 0, 0, 0
1127, 01_5_71, 0, 0, 0, 0, 0, 0, 0, 0
1128, 01_5_72, 0, 0, 0, 0, 0, 0, 0, 0
1129, 01_5_73, 0, 0, 0, 0, 0, 0, 0, 0
1130, 01_5_74, 0, 0, 0, 0, 0, 0, 0, 0
1131, 01_5_75, 0, 0, 0, 0, 0, 0, 0, 0
1132, 01_5_76, 0, 0, 0, 0, 0, 0, 0, 0
1133, 01_5_77, 0, 0, 0, 0, 0, 0, 0, 0
1134, 01_5_78, 0, 0, 0, 0, 0, 0, 0, 0
1135, 01_5_79, 0, 0, 0, 0, 0, 0, 0, 0
1136, 01_5_80, 0, 0, 0, 0, 0, 0, 0, 0
1137, 01_5_81, 0, 0, 0, 0, 0, 0, 0, 0
1138, 01_5_82, 0, 0, 0, 0, 0, 0, 0, 0
1139, 01_5_83, 0, 0, 0, 0, 0, 0, 0, 0
1140, 01_5_84, 0, 0, 0, 0, 0, 0, 0, 0
1141, 01_5_85, 0, 0, 0, 0, 0, 0, 0, 0
1142, 01_5_86, 0, 0, 0, 0, 0, 0, 0, 0
1143, 01_5_87, 0, 0, 0, 0, 0, 0, 0, 0
1144, 01_5_88, 0, 0, 0, 0, 0, 0, 0, 0
1145, 01_5_89, 0, 0, 0, 0, 0, 0, 0, 0
1146, 01_5_90, 0, 0, 0, 0, 0, 0, 0, 0
1147, 01_5_91, 0, 0, 0, 0, 0, 0, 0, 0
1148, 01_5_92, 0, 0, 0, 0, 0, 0, 0, 0
1149, 01_5_93, 0, 0, 0, 0, 0, 0, 0, 0
1150, 01_5_94, 0, 0, 0, 0, 0, 0, 0, 0
1151, 01_5_95, 0, 0, 0, 0, 0, 0, 0, 0
1152, 02_0_00, 0, 0, 0, 0, 0, 0, 0, 0
1153, 02_0_01, 0, 0, 0, 0, 0, 0, 0, 0
1154, 02_0_02, 0, 0, 0, 0, 0, 0, 0, 0
1155, 02_0_03, 0, 0, 0, 0, 0, 0, 0, 0
1156, 02_0_04, 0, 0, 0, 0, 0, 0, 0, 0
1157, 02_0_05, 0, 0, 0, 0, 0, 0, 0, 0
1158, 02_0_06, 0, 0, 0, 0, 0, 0, 0, 0
1159, 02_0_07, 0, 0, 0, 0, 0, 0, 0, 0
1160, 02_0_08, 0, 0, 0, 0, 0, 0, 0, 0
1161, 02_0_09, 0, 0, 0, 0, 0, 0, 0, 0
1162, 02_0_10, 0, 0, 0, 0, 0, 0, 0, 0
1163, 02_0_11, 0, 0, 0, 0, 0, 0, 0, 0
1164, 02_0_12, 0, 0, 0, 0, 0, 0, 0, 0
1165, 02_0_13, 0, 0, 0, 0, 0, 0, 0, 0
1166, 02_0_14, 0, 0, 0, 0, 0, 0, 0, 0
1167, 02_0_15, 0, 0, 0, 0, 0, 0, 0, 0
1168, 02_0_16, 0, 0, 0, 0, 0, 0, 0, 0
1169, 02_0_17, 0, 0, 0, 0, 0, 0, 0, 0
1170, 02_0_18, 0, 0, 0, 0, 0, 0, 0, 0
1171, 02_0_19, 0, 0, 0, 0, 0, 0, 0, 0
1172, 02_0_20, 0, 0, 0, 0, 0, 0, 0, 0
1173, 02_0_21, 0, 0, 0, 0, 0, 0, 0, 0
1174, 02_0_22, 0, 0, 0, 0, 0, 0, 0, 0
1175, 02_0_23, 0, 0, 0, 0, 0, 0, 0, 0
1176, 02_0_24, 0, 0, 0, 0, 0, 0, 0, 0
1177, 02_0_25, 0, 0, 0, 0, 0, 0, 0, 0
1178, 02_0_26, 0, 0, 0, 0, 0, 0, 0, 0
1179, 02_0_27, 0, 0, 0, 0, 0, 0, 0, 0
1180, 02_0_28, 0, 0, 0, 0, 0, 0, 0, 0
1181, 02_0_29, 0, 0, 0, 0, 0, 0, 0, 0
1182, 02_0_30, 0, 0, 0, 0, 0, 0, 0, 0
1183, 02_0_31, 0, 0, 0, 0, 0, 0, 0, 0
1184, 02_0_32, 0, 0, 0, 0, 0, 0, 0, 0
1185, 02_0_33, 0, 0, 0, 0, 0, 0, 0, 0
1186, 02_0_34, 0, 0, 0, 0, 0, 0, 0, 0
1187, 02_0_35, 0, 0, 0, 0, 0, 0, 0, 0
1188, 02_0_36, 0, 0, 0, 0, 0, 0, 0, 0
1189, 02_0_37, 0, 0, 0, 0, 0, 0, 0, 0
1190, 02_0_38, 0, 0, 0, 0, 0, 0, 0, 0
1191, 02_0_39, 0, 0, 0, 0, 0, 0, 0, 0
1192, 02_0_40, 0, 0, 0, 0, 0, 0, 0, 0
1193, 02_0_41, 0, 0, 0, 0, 0, 0, 0, 0
1194, 02_0_42, 0, 0, 0, 0, 0, 0, 0, 0
1195, 02_0_43, 0, 0, 0, 0, 0, 0, 0, 0
1196, 02_0_44, 0, 0, 0, 0, 0, 0, 0, 0
1197, 02_0_45, 0, 0, 0, 0, 0, 0, 0, 0
1198, 02_0_46, 0, 0, 0, 0, 0, 0, 0, 0
1199, 02_0_47, 0, 0, 0, 0, 0, 0, 0, 0
1200, 02_0_48, 0, 0, 0, 0, 0, 0, 0, 0
1201, 02_0_49, 0, 0, 0, 0, 0, 0, 0, 0
1202, 02_0_50, 0, 0, 0, 0, 0, 0, 0, 0
1203, 02_0_51, 0, 0, 0, 0, 0, 0, 0, 0
1204, 02_0_52, 0, 0, 0, 0, 0, 0, 0, 0
1205, 02_0_53, 0, 0, 0, 0, 0, 0, 0, 0
1206, 02_0_54, 0, 0, 0, 0, 0, 0, 0, 0
1207, 02_0_55, 0, 0, 0, 0, 0, 0, 0, 0
1208, 02_0_56, 0, 0, 0, 0, 0, 0, 0, 0
1209, 02_0_57, 0, 0, 0, 0, 0, 0, 0, 0
1210, 02_0_58, 0, 0, 0, 0, 0, 0, 0, 0
1211, 02_0_59, 0, 0, 0, 0, 0, 0, 0, 0
1212, 02_0_60, 0, 0, 0, 0, 0, 0, 0, 0
1213, 02_0_61, 0, 0, 0, 0, 0, 0, 0, 0
1214, 02_0_62, 0, 0, 0, 0, 0, 0, 0, 0
1215, 02_0_63, 0, 0, 0, 0, 0, 0, 0, 0
1216, 02_0_64, 0, 0, 0, 0, 0, 0, 0, 0
1217, 02_0_65, 0, 0, 0, 0, 0, 0, 0, 0
1218, 02_0_66, 0, 0, 0, 0, 0, 0, 0, 0
1219, 02_0_67, 0, 0, 0, 0, 0, 0, 0, 0
1220, 02_0_68, 0, 0, 0, 0, 0, 0, 0, 0
1221, 02_0_69, 0, 0, 0, 0, 0, 0, 0, 0
1222, 02_0_70, 0, 0, 0, 0, 0, 0, 0, 0
1223, 02_0_71, 0, 0, 0, 0, 0, 0, 0, 0
1224, 02_0_72, 0, 0, 0, 0, 0, 0, 0, 0
1225, 02_0_73, 0, 0, 0, 0, 0, 0, 0, 0
1226, 02_0_74, 0, 0, 0, 0, 0, 0, 0, 0
1227, 02_0_75, 0, 0, 0, 0, 0, 0, 0, 0
1228, 02_0_76, 0, 0, 0, 0, 0, 0, 0, 0
1229, 02_0_77, 0, 0, 0, 0, 0, 0, 0, 0
1230, 02_0_78, 0, 0, 0, 0, 0, 0, 0, 0
1231, 02_0_79, 0, 0, 0, 0, 0, 0, 0, 0
1232, 02_0_80, 0, 0, 0, 0, 0, 0, 0, 0
1233, 02_0_81, 0, 0, 0, 0, 0, 0, 0, 0
1234, 02_0_82, 0, 0, 0, 0, 0, 0, 0, 0
1235, 02_0_83, 0, 0, 0, 0, 0, 0, 0, 0
1236, 02_0_84, 0, 0, 0, 0, 0, 0, 0, 0
1237, 02_0_85, 0, 0, 0, 0, 0, 0, 0, 0
1238, 02_0_86, 0, 0, 0, 0, 0, 0, 0, 0
1239, 02_0_87, 0, 0, 0, 0, 0, 0, 0, 0
1240, 02_0_88, 0, 0, 0, 0, 0, 0, 0, 0
1241, 02_0_89, 0, 0, 0, 0, 0, 0, 0, 0
1242, 02_0_90, 0, 0, 0, 0, 0, 0, 0, 0
1243, 02_0_91, 0, 0, 0, 0, 0, 0, 0, 0
1244, 02_0_92, 0, 0, 0, 0, 0, 0, 0, 0
1245, 02_0_93, 0, 0, 0, 0, 0, 0, 0, 0
1246, 02_0_94, 0, 0, 0, 0, 0, 0, 0, 0
1247, 02_0_95, 0, 0, 0, 0, 0, 0, 0, 0
1248, 02_1_00, 0, 0, 0, 0, 0, 0, 0, 0
1249, 02_1_01, 0, 0, 0, 0, 0, 0, 0, 0
1250, 02_1_02, 0, 0, 0, 0, 0, 0, 0, 0
1251, 02_1_03, 0, 0, 0, 0, 0, 0, 0, 0
1252, 02_1_04, 0, 0, 0, 0, 0, 0, 0, 0
1253, 02_1_05, 0, 0, 0, 0, 0, 0, 0, 0
1254, 02_1_06, 0, 0, 0, 0, 0, 0, 0, 0
1255, 02_1_07, 0, 0, 0, 0, 0, 0, 0, 0
1256, 02_1_08, 0, 0, 0, 0, 0, 0, 0, 0
1257, 02_1_09, 0, 0, 0, 0, 0, 0, 0, 0
1258, 02_1_10, 0, 0, 0, 0, 0, 0, 0, 0
1259, 02_1_11, 0, 0, 0, 0, 0, 0, 0, 0
1260, 02_1_12, 0, 0, 0, 0, 0, 0, 0, 0
1261, 02_1_13, 0, 0, 0, 0, 0, 0, 0, 0
1262, 02_1_14, 0, 0, 0, 0, 0, 0, 0, 0
1263, 02_1_15, 0, 0, 0, 0, 0, 0, 0, 0
1264, 02_1_16, 0, 0, 0, 0, 0, 0, 0, 0
1265, 02_1_17, 0, 0, 0, 0, 0, 0, 0, 0
1266, 02_1_18, 0, 0, 0, 0, 0, 0, 0, 0
1267, 02_1_19, 0, 0, 0, 0, 0, 0, 0, 0
1268, 02_1_20, 0, 0, 0, 0, 0, 0, 0, 0
1269, 02_1_21, 0, 0, 0, 0, 0, 0, 0, 0
1270, 02_1_22, 0, 0, 0, 0, 0, 0, 0, 0
1271, 02_1_23, 0, 0, 0, 0, 0, 0, 0, 0
1272, 02_1_24, 0, 0, 0, 0, 0, 0, 0, 0
1273, 02_1_25, 0, 0, 0, 0, 0, 0, 0, 0
1274, 02_1_26, 0, 0, 0, 0, 0, 0, 0, 0
1275, 02_1_27, 0, 0, 0, 0, 0, 0, 0, 0
1276, 02_1_28, 0, 0, 0, 0, 0, 0, 0, 0
1277, 02_1_29, 0, 0, 0, 0, 0, 0, 0, 0
1278, 02_1_30, 0, 0, 0, 0, 0, 0, 0, 0
1279, 02_1_31, 0, 0, 0, 0, 0, 0, 0, 0
1280, 02_1_32, 0, 0, 0, 0, 0, 0, 0, 0
1281, 02_1_33, 0, 0, 0, 0, 0, 0, 0, 0
1282, 02_1_34, 0, 0, 0, 0, 0, 0, 0, 0
1283, 02_1_35, 0, 0, 0, 0, 0, 0, 0, 0
1284, 02_1_36, 0, 0, 0, 0, 0, 0, 0, 0
1285, 02_1_37, 0, 0, 0, 0, 0, 0, 0, 0
1286, 02_1_38, 0, 0, 0, 0, 0, 0, 0, 0
1287, 02_1_39, 0, 0, 0, 0, 0, 0, 0, 0
1288, 02_1_40, 0, 0, 0, 0, 0, 0, 0, 0
1289, 02_1_41, 0, 0, 0, 0, 0, 0, 0, 0
1290, 02_1_42, 0, 0, 0, 0, 0, 0, 0, 0
1291, 02_1_43, 0, 0, 0, 0, 0, 0, 0, 0
1292, 02_1_44, 0, 0, 0, 0, 0, 0, 0, 0
1293, 02_1_45, 0, 0, 0, 0, 0, 0, 0, 0
1294, 02_1_46, 0, 0, 0, 0, 0, 0, 0, 0
1295, 02_1_47, 0, 0, 0, 0, 0, 0, 0, 0
1296, 02_1_48, 0, 0, 0, 0, 0, 0, 0, 0
1297, 02_1_49, 0, 0, 0, 0, 0, 0, 0, 0
1298, 02_1_50, 0, 0, 0, 0, 0, 0, 0, 0
1299, 02_1_51, 0, 0, 0, 0, 0, 0, 0, 0
1300, 02_1_52, 0, 0, 0, 0, 0, 0, 0, 0
1301, 02_1_53, 0, 0, 0, 0, 0, 0, 0, 0
1302, 02_1_54, 0, 0, 0, 0, 0, 0, 0, 0
1303, 02_1_55, 0, 0, 0, 0, 0, 0, 0, 0
1304, 02_1_56, 0, 0, 0, 0, 0, 0, 0, 0
1305, 02_1_57, 0, 0, 0, 0, 0, 0, 0, 0
1306, 02_1_58, 0, 0, 0, 0, 0, 0, 0, 0
1307, 02_1_59, 0, 0, 0, 0, 0, 0, 0, 0
1308, 02_1_60, 0, 0, 0, 0, 0, 0, 0, 0
1309, 02_1_61, 0, 0, 0, 0, 0, 0, 0, 0
1310, 02_1_62, 0, 0, 0, 0, 0, 0, 0, 0
1311, 02_1_63, 0, 0, 0, 0, 0, 0, 0, 0
1312, 02_1_64, 0, 0, 0, 0, 0, 0, 0, 0
1313, 02_1_65, 0, 0, 0, 0, 0, 0, 0, 0
1314, 02_1_66, 0, 0, 0, 0, 0, 0, 0, 0
1315, 02_1_67, 0, 0, 0, 0, 0, 0, 0, 0
1316, 02_1_68, 0, 0, 0, 0, 0, 0, 0, 0
1317, 02_1_69, 0, 0, 0, 0, 0, 0, 0, 0
1318, 02_1_70, 0, 0, 0, 0, 0, 0, 0, 0
1319, 02_1_71, 0, 0, 0, 0, 0, 0, 0, 0
1320, 02_1_72, 0, 0, 0, 0, 0, 0, 0, 0
1321, 02_1_73, 0, 0, 0, 0, 0, 0, 0, 0
1322, 02_1_74, 0, 0, 0, 0, 0, 0, 0, 0
1323, 02_1_75, 0, 0, 0, 0, 0, 0, 0, 0
1324, 02_1_76, 0, 0, 0, 0, 0, 0, 0, 0
1325, 02_1_77, 0, 0, 0, 0, 0, 0, 0, 0
1326, 02_1_78, 0, 0, 0, 0, 0, 0, 0, 0
1327, 02_1_79, 0, 0, 0, 0, 0, 0, 0, 0
1328, 02_1_80, 0, 0, 0, 0, 0, 0, 0, 0
1329, 02_1_81, 0, 0, 0, 0, 0, 0, 0, 0
1330, 02_1_82, 0, 0, 0, 0, 0, 0, 0, 0
1331, 02_1_83, 0, 0, 0, 0, 0, 0, 0, 0
1332, 02_1_84, 0, 0, 0, 0, 0, 0, 0, 0
1333, 02_1_85, 0, 0, 0, 0, 0, 0, 0, 0
1334, 02_1_86, 0, 0, 0, 0, 0, 0, 0, 0
1335, 02_1_87, 0, 0, 0, 0, 0, 0, 0, 0
1336, 02_1_88, 0, 0, 0, 0, 0, 0, 0, 0
1337, 02_1_89, 0, 0, 0, 0, 0, 0, 0, 0
1338, 02_1_90, 0, 0, 0, 0, 0, 0, 0, 0
1339, 02_1_91, 0, 0, 0, 0, 0, 0, 0, 0
1340, 02_1_92, 0, 0, 0, 0, 0, 0, 0, 0
1341, 02_1_93, 0, 0, 0, 0, 0, 0, 0, 0
1342, 02_1_94, 0, 0, 0, 0, 0, 0, 0, 0
1343, 02_1_95, 0, 0, 0, 0, 0, 0, 0, 0
1344, 02_2_00, 0, 0, 0, 0, 0, 0, 0, 0
1345, 02_2_01, 0, 0, 0, 0, 0, 0, 0, 0
1346, 02_2_02, 0, 0, 0, 0, 0, 0, 0, 0
1347, 02_2_03, 0, 0, 0, 0, 0, 0, 0, 0
1348, 02_2_04, 0, 0, 0, 0, 0, 0, 0, 0
1349, 02_2_05, 0, 0, 0, 0, 0, 0, 0, 0
1350, 02_2_06, 0, 0, 0, 0, 0, 0, 0, 0
1351, 02_2_07, 0, 0, 0, 0, 0, 0, 0, 0
1352, 02_2_08, 0, 0, 0, 0, 0, 0, 0, 0
1353, 02_2_09, 0, 0, 0, 0, 0, 0, 0, 0
1354, 02_2_10, 0, 0, 0, 0, 0, 0, 0, 0
1355, 02_2_11, 0, 0, 0, 0, 0, 0, 0, 0
1356, 02_2_12, 0, 0, 0, 0, 0, 0, 0, 0
1357, 02_2_13, 0, 0, 0, 0, 0, 0, 0, 0
1358, 02_2_14, 0, 0, 0, 0, 0, 0, 0, 0
1359, 02_2_15, 0, 0, 0, 0, 0, 0, 0, 0
1360, 02_2_16, 0, 0, 0, 0, 0, 0, 0, 0
1361, 02_2_17, 0, 0, 0, 0, 0, 0, 0, 0
1362, 02_2_18, 0, 0, 0, 0, 0, 0, 0, 0
1363, 02_2_19, 0, 0, 0, 0, 0, 0, 0, 0
1364, 02_2_20, 0, 0, 0, 0, 0, 0, 0, 0
1365, 02_2_21, 0, 0, 0, 0, 0, 0, 0, 0
1366, 02_2_22, 0, 0, 0, 0, 0, 0, 0, 0
1367, 02_2_23, 0, 0, 0, 0, 0, 0, 0, 0
1368, 02_2_24, 0, 0, 0, 0, 0, 0, 0, 0
1369, 02_2_25, 0, 0, 0, 0, 0, 0, 0, 0
1370, 02_2_26, 0, 0, 0, 0, 0, 0, 0, 0
1371, 02_2_27, 0, 0, 0, 0, 0, 0, 0, 0
1372, 02_2_28, 0, 0, 0, 0, 0, 0, 0, 0
1373, 02_2_29, 0, 0, 0, 0, 0, 0, 0, 0
1374, 02_2_30, 0, 0, 0, 0, 0, 0, 0, 0
1375, 02_2_31, 0, 0, 0, 0, 0, 0, 0, 0
1376, 02_2_32, 0, 0, 0, 0, 0, 0, 0, 0
1377, 02_2_33, 0, 0, 0, 0, 0, 0, 0, 0
1378, 02_2_34, 0, 0, 0, 0, 0, 0, 0, 0
1379, 02_2_35, 0, 0, 0, 0, 0, 0, 0, 0
1380, 02_2_36, 0, 0, 0, 0, 0, 0, 0, 0
1381, 02_2_37, 0, 0, 0, 0, 0, 0, 0, 0
1382, 02_2_38, 0, 0, 0, 0, 0, 0, 0, 0
1383, 02_2_39, 0, 0, 0, 0, 0, 0, 0, 0
1384, 02_2_40, 0, 0, 0, 0, 0, 0, 0, 0
1385, 02_2_41, 0, 0, 0, 0, 0, 0, 0, 0
1386, 02_2_42, 0, 0, 0, 0, 0, 0, 0, 0
1387, 02_2_43, 0, 0, 0, 0, 0, 0, 0, 0
1388, 02_2_44, 0, 0, 0, 0, 0, 0, 0, 0
1389, 02_2_45, 0, 0, 0, 0, 0, 0, 0, 0
1390, 02_2_46, 0, 0, 0, 0, 0, 0, 0, 0
1391, 02_2_47, 0, 0, 0, 0, 0, 0, 0, 0
1392, 02_2_48, 0, 0, 0, 0, 0, 0, 0, 0
1393, 02_2_49, 0, 0, 0, 0, 0, 0, 0, 0
1394, 02_2_50, 0, 0, 0, 0, 0, 0, 0, 0
1395, 02_2_51, 0, 0, 0, 0, 0, 0, 0, 0
1396, 02_2_52, 0, 0, 0, 0, 0, 0, 0, 0
1397, 02_2_53, 0, 0, 0, 0, 0, 0, 0, 0
1398, 02_2_54, 0, 0, 0, 0, 0, 0, 0, 0
1399, 02_2_55, 0, 0, 0, 0, 0, 0, 0, 0
1400, 02_2_56, 0, 0, 0, 0, 0, 0, 0, 0
1401, 02_2_57, 0, 0, 0, 0, 0, 0, 0, 0
1402, 02_2_58, 0, 0, 0, 0, 0, 0, 0, 0
1403, 02_2_59, 0, 0, 0, 0, 0, 0, 0, 0
1404, 02_2_60, 0, 0, 0, 0, 0, 0, 0, 0
1405, 02_2_61, 0, 0, 0, 0, 0, 0, 0, 0
1406, 02_2_62, 0, 0, 0, 0, 0, 0, 0, 0
1407, 02_2_63, 0, 0, 0, 0, 0, 0, 0, 0
1408, 02_2_64, 0, 0, 0, 0, 0, 0, 0, 0
1409, 02_2_65, 0, 0, 0, 0, 0, 0, 0, 0
1410, 02_2_66, 0, 0, 0, 0, 0, 0, 0, 0
1411, 02_2_67, 0, 0, 0, 0, 0, 0, 0, 0
1412, 02_2_68, 0, 0, 0, 0, 0, 0, 0, 0
1413, 02_2_69, 0, 0, 0, 0, 0, 0, 0, 0
1414, 02_2_70, 0, 0, 0, 0, 0, 0, 0, 0
1415, 02_2_71, 0, 0, 0, 0, 0, 0, 0, 0
1416, 02_2_72, 0, 0, 0, 0, 0, 0, 0, 0
1417, 02_2_73, 0, 0, 0, 0, 0, 0, 0, 0
1418, 02_2_74, 0, 0, 0, 0, 0, 0, 0, 0
1419, 02_2_75, 0, 0, 0, 0, 0, 0, 0, 0
1420, 02_2_76, 0, 0, 0, 0, 0, 0, 0, 0
1421, 02_2_77, 0, 0, 0, 0, 0, 0, 0, 0
1422, 02_2_78, 0, 0, 0, 0, 0, 0, 0, 0
1423, 02_2_79, 0, 0, 0, 0, 0, 0, 0, 0
1424, 02_2_80, 0, 0, 0, 0, 0, 0, 0, 0
1425, 02_2_81, 0, 0, 0, 0, 0, 0, 0, 0
1426, 02_2_82, 0, 0, 0, 0, 0, 0, 0, 0
1427, 02_2_83, 0, 0, 0, 0, 0, 0, 0, 0
1428, 02_2_84, 0, 0, 0, 0, 0, 0, 0, 0
1429, 02_2_85, 0, 0, 0, 0, 0, 0, 0, 0
1430, 02_2_86, 0, 0, 0, 0, 0, 0, 0, 0
1431, 02_2_87, 0, 0, 0, 0, 0, 0, 0, 0
1432, 02_2_88, 0, 0, 0, 0, 0, 0, 0, 0
1433, 02_2_89, 0, 0, 0, 0, 0, 0, 0, 0
1434, 02_2_90, 0, 0, 0, 0, 0, 0, 0, 0
1435, 02_2_91, 0, 0, 0, 0, 0, 0, 0, 0
1436, 02_2_92, 0, 0, 0, 0, 0, 0, 0, 0
1437, 02_2_93, 0, 0, 0, 0, 0, 0, 0, 0
1438, 02_2_94, 0, 0, 0, 0, 0, 0, 0, 0
1439, 02_2_95, 0, 0, 0, 0, 0, 0, 0, 0
1440, 02_3_00, 0, 0, 0, 0, 0, 0, 0, 0
1441, 02_3_01, 0, 0, 0, 0, 0, 0, 0, 0
1442, 02_3_02, 0, 0, 0, 0, 0, 0, 0, 0
1443, 02_3_03, 0, 0, 0, 0, 0, 0, 0, 0
1444, 02_3_04, 0, 0, 0, 0, 0, 0, 0, 0
1445, 02_3_05, 0, 0, 0, 0, 0, 0, 0, 0
1446, 02_3_06, 0, 0, 0, 0, 0, 0, 0, 0
1447, 02_3_07, 0, 0, 0, 0, 0, 0, 0, 0
1448, 02_3_08, 0, 0, 0, 0, 0, 0, 0, 0
1449, 02_3_09, 0, 0, 0, 0, 0, 0, 0, 0
1450, 02_3_10, 0, 0, 0, 0, 0, 0, 0, 0
1451, 02_3_11, 0, 0, 0, 0, 0, 0, 0, 0
1452, 02_3_12, 0, 0, 0, 0, 0, 0, 0, 0
1453, 02_3_13, 0, 0, 0, 0, 0, 0, 0, 0
1454, 02_3_14, 0, 0, 0, 0, 0, 0, 0, 0
1455, 02_3_15, 0, 0, 0, 0, 0, 0, 0, 0
1456, 02_3_16, 0, 0, 0, 0, 0, 0, 0, 0
1457, 02_3_17, 0, 0, 0, 0, 0, 0, 0, 0
1458, 02_3_18, 0, 0, 0, 0, 0, 0, 0, 0
1459, 02_3_19, 0, 0, 0, 0, 0, 0, 0, 0
1460, 02_3_20, 0, 0, 0, 0, 0, 0, 0, 0
1461, 02_3_21, 0, 0, 0, 0, 0, 0, 0, 0
1462, 02_3_22, 0, 0, 0, 0, 0, 0, 0, 0
1463, 02_3_23, 0, 0, 0, 0, 0, 0, 0, 0
1464, 02_3_24, 0, 0, 0, 0, 0, 0, 0, 0
1465, 02_3_25, 0, 0, 0, 0, 0, 0, 0, 0
1466, 02_3_26, 0, 0, 0, 0, 0, 0, 0, 0
1467, 02_3_27, 0, 0, 0, 0, 0, 0, 0, 0
1468, 02_3_28, 0, 0, 0, 0, 0, 0, 0, 0
1469, 02_3_29, 0, 0, 0, 0, 0, 0, 0, 0
1470, 02_3_30, 0, 0, 0, 0, 0, 0, 0, 0
1471, 02_3_31, 0, 0, 0, 0, 0, 0, 0, 0
1472, 02_3_32, 0, 0, 0, 0, 0, 0, 0, 0
1473, 02_3_33, 0, 0, 0, 0, 0, 0, 0, 0
1474, 02_3_34, 0, 0, 0, 0, 0, 0, 0, 0
1475, 02_3_35, 0, 0, 0, 0, 0, 0, 0, 0
1476, 02_3_36, 0, 0, 0, 0, 0, 0, 0, 0
1477, 02_3_37, 0, 0, 0, 0, 0, 0, 0, 0
1478, 02_3_38, 0, 0, 0, 0, 0, 0, 0, 0
1479, 02_3_39, 0, 0, 0, 0, 0, 0, 0, 0
1480, 02_3_40, 0, 0, 0, 0, 0, 0, 0, 0
1481, 02_3_41, 0, 0, 0, 0, 0, 0, 0, 0
1482, 02_3_42, 0, 0, 0, 0, 0, 0, 0, 0
1483, 02_3_43, 0, 0, 0, 0, 0, 0, 0, 0
1484, 02_3_44, 0, 0, 0, 0, 0, 0, 0, 0
1485, 02_3_45, 0, 0, 0, 0, 0, 0, 0, 0
1486, 02_3_46, 0, 0, 0, 0, 0, 0, 0, 0
1487, 02_3_47, 0, 0, 0, 0, 0, 0, 0, 0
1488, 02_3_48, 0, 0, 0, 0, 0, 0, 0, 0
1489, 02_3_49, 0, 0, 0, 0, 0, 0, 0, 0
1490, 02_3_50, 0, 0, 0, 0, 0, 0, 0, 0
1491, 02_3_51, 0, 0, 0, 0, 0, 0, 0, 0
1492, 02_3_52, 0, 0, 0, 0, 0, 0, 0, 0
1493, 02_3_53, 0, 0, 0, 0, 0, 0, 0, 0
1494, 02_3_54, 0, 0, 0, 0, 0, 0, 0, 0
1495, 02_3_55, 0, 0, 0, 0, 0, 0, 0, 0
1496, 02_3_56, 0, 0, 0, 0, 0, 0, 0, 0
1497, 02_3_57, 0, 0, 0, 0, 0, 0, 0, 0
1498, 02_3_58, 0, 0, 0, 0, 0, 0, 0, 0
1499, 02_3_59, 0, 0, 0, 0, 0, 0, 0, 0
1500, 02_3_60, 0, 0, 0, 0, 0, 0, 0, 0
1501, 02_3_61, 0, 0, 0, 0, 0, 0, 0, 0
1502, 02_3_62, 0, 0, 0, 0, 0, 0, 0, 0
1503, 02_3_63, 0, 0, 0, 0, 0, 0, 0, 0
1504, 02_3_64, 0, 0, 0, 0, 0, 0, 0, 0
1505, 02_3_65, 0, 0, 0, 0, 0, 0, 0, 0
1506, 02_3_66, 0, 0, 0, 0, 0, 0, 0, 0
1507, 02_3_67, 0, 0, 0, 0, 0, 0, 0, 0
1508, 02_3_68, 0, 0, 0, 0, 0, 0, 0, 0
1509, 02_3_69, 0, 0, 0, 0, 0, 0, 0, 0
1510, 02_3_70, 0, 0, 0, 0, 0, 0, 0, 0
1511, 02_3_71, 0, 0, 0, 0, 0, 0, 0, 0
1512, 02_3_72, 0, 0, 0, 0, 0, 0, 0, 0
1513, 02_3_73, 0, 0, 0, 0, 0, 0, 0, 0
1514, 02_3_74, 0, 0, 0, 0, 0, 0, 0, 0
1515, 02_3_75, 0, 0, 0, 0, 0, 0, 0, 0
1516, 02_3_76, 0, 0, 0, 0, 0, 0, 0, 0
1517, 02_3_77, 0, 0, 0, 0, 0, 0, 0, 0
1518, 02_3_78, 0, 0, 0, 0, 0, 0, 0, 0
1519, 02_3_79, 0, 0, 0, 0, 0, 0, 0, 0
1520, 02_3_80, 0, 0, 0, 0, 0, 0, 0, 0
1521, 02_3_81, 0, 0, 0, 0, 0, 0, 0, 0
1522, 02_3_82, 0, 0, 0, 0, 0, 0, 0, 0
1523, 02_3_83, 0, 0, 0, 0, 0, 0, 0, 0
1524, 02_3_84, 0, 0, 0, 0, 0, 0, 0, 0
1525, 02_3_85, 0, 0, 0, 0, 0, 0, 0, 0
1526, 02_3_86, 0, 0, 0, 0, 0, 0, 0, 0
1527, 02_3_87, 0, 0, 0, 0, 0, 0, 0, 0
1528, 02_3_88, 0, 0, 0, 0, 0, 0, 0, 0
1529, 02_3_89, 0, 0, 0, 0, 0, 0, 0, 0
1530, 02_3_90, 0, 0, 0, 0, 0, 0, 0, 0
1531, 02_3_91, 0, 0, 0, 0, 0, 0, 0, 0
1532, 02_3_92, 0, 0, 0, 0, 0, 0, 0, 0
1533, 02_3_93, 0, 0, 0, 0, 0, 0, 0, 0
1534, 02_3_94, 0, 0, 0, 0, 0, 0, 0, 0
1535, 02_3_95, 0, 0, 0, 0, 0, 0, 0, 0
1536, 02_4_00, 0, 0, 0, 0, 0, 0, 0, 0
1537, 02_4_01, 0, 0, 0, 0, 0, 0, 0, 0
1538, 02_4_02, 0, 0, 0, 0, 0, 0, 0, 0
1539, 02_4_03, 0, 0, 0, 0, 0, 0, 0, 0
1540, 02_4_04, 0, 0, 0, 0, 0, 0, 0, 0
1541, 02_4_05, 0, 0, 0, 0, 0, 0, 0, 0
1542, 02_4_06, 0, 0, 0, 0, 0, 0, 0, 0
1543, 02_4_07, 0, 0, 0, 0, 0, 0, 0, 0
1544, 02_4_08, 0, 0, 0, 0, 0, 0, 0, 0
1545, 02_4_09, 0, 0, 0, 0, 0, 0, 0, 0
1546, 02_4_10, 0, 0, 0, 0, 0, 0, 0, 0
1547, 02_4_11, 0, 0, 0, 0, 0, 0, 0, 0
1548, 02_4_12, 0, 0, 0, 0, 0, 0, 0, 0
1549, 02_4_13, 0, 0, 0, 0, 0, 0, 0, 0
1550, 02_4_14, 0, 0, 0, 0, 0, 0, 0, 0
1551, 02_4_15, 0, 0, 0, 0, 0, 0, 0, 0
1552, 02_4_16, 0, 0, 0, 0, 0, 0, 0, 0
1553, 02_4_17, 0, 0, 0, 0, 0, 0, 0, 0
1554, 02_4_18, 0, 0, 0, 0, 0, 0, 0, 0
1555, 02_4_19, 0, 0, 0, 0, 0, 0, 0, 0
1556, 02_4_20, 0, 0, 0, 0, 0, 0, 0, 0
1557, 02_4_21, 0, 0, 0, 0, 0, 0, 0, 0
1558, 02_4_22, 0, 0, 0, 0, 0, 0, 0, 0
1559, 02_4_23, 0, 0, 0, 0, 0, 0, 0, 0
1560, 02_4_24, 0, 0, 0, 0, 0, 0, 0, 0
1561, 02_4_25, 0, 0, 0, 0, 0, 0, 0, 0
1562, 02_4_26, 0, 0, 0, 0, 0, 0, 0, 0
1563, 02_4_27, 0, 0, 0, 0, 0, 0, 0, 0
1564, 02_4_28, 0, 0, 0, 0, 0, 0, 0, 0
1565, 02_4_29, 0, 0, 0, 0, 0, 0, 0, 0
1566, 02_4_30, 0, 0, 0, 0, 0, 0, 0, 0
1567, 02_4_31, 0, 0, 0, 0, 0, 0, 0, 0
1568, 02_4_32, 0, 0, 0, 0, 0, 0, 0, 0
1569, 02_4_33, 0, 0, 0, 0, 0, 0, 0, 0
1570, 02_4_34, 0, 0, 0, 0, 0, 0, 0, 0
1571, 02_4_35, 0, 0, 0, 0, 0, 0, 0, 0
1572, 02_4_36, 0, 0, 0, 0, 0, 0, 0, 0
1573, 02_4_37, 0, 0, 0, 0, 0, 0, 0, 0
1574, 02_4_38, 0, 0, 0, 0, 0, 0, 0, 0
1575, 02_4_39, 0, 0, 0, 0, 0, 0, 0, 0
1576, 02_4_40, 0, 0, 0, 0, 0, 0, 0, 0
1577, 02_4_41, 0, 0, 0, 0, 0, 0, 0, 0
1578, 02_4_42, 0, 0, 0, 0, 0, 0, 0, 0
1579, 02_4_43, 0, 0, 0, 0, 0, 0, 0, 0
1580, 02_4_44, 0, 0, 0, 0, 0, 0, 0, 0
1581, 02_4_45, 0, 0, 0, 0, 0, 0, 0, 0
1582, 02_4_46, 0, 0, 0, 0, 0, 0, 0, 0
1583, 02_4_47, 0, 0, 0, 0, 0, 0, 0, 0
1584, 02_4_48, 0, 0, 0, 0, 0, 0, 0, 0
1585, 02_4_49, 0, 0, 0, 0, 0, 0, 0, 0
1586, 02_4_50, 0, 0, 0, 0, 0, 0, 0, 0
1587, 02_4_51, 0, 0, 0, 0, 0, 0, 0, 0
1588, 02_4_52, 0, 0, 0, 0, 0, 0, 0, 0
1589, 02_4_53, 0, 0, 0, 0, 0, 0, 0, 0
1590, 02_4_54, 0, 0, 0, 0, 0, 0, 0, 0
1591, 02_4_55, 0, 0, 0, 0, 0, 0, 0, 0
1592, 02_4_56, 0, 0, 0, 0, 0, 0, 0, 0
1593, 02_4_57, 0, 0, 0, 0, 0, 0, 0, 0
1594, 02_4_58, 0, 0, 0, 0, 0, 0, 0, 0
1595, 02_4_59, 0, 0, 0, 0, 0, 0, 0, 0
1596, 02_4_60, 0, 0, 0, 0, 0, 0, 0, 0
1597, 02_4_61, 0, 0, 0, 0, 0, 0, 0, 0
1598, 02_4_62, 0, 0, 0, 0, 0, 0, 0, 0
1599, 02_4_63, 0, 0, 0, 0, 0, 0, 0, 0
1600, 02_4_64, 0, 0, 0, 0, 0, 0, 0, 0
1601, 02_4_65, 0, 0, 0, 0, 0, 0, 0, 0
1602, 02_4_66, 0, 0, 0, 0, 0, 0, 0, 0
1603, 02_4_67, 0, 0, 0, 0, 0, 0, 0, 0
1604, 02_4_68, 0, 0, 0, 0, 0, 0, 0, 0
1605, 02_4_69, 0, 0, 0, 0, 0, 0, 0, 0
1606, 02_4_70, 0, 0, 0, 0, 0, 0, 0, 0
1607, 02_4_71, 0, 0, 0, 0, 0, 0, 0, 0
1608, 02_4_72, 0, 0, 0, 0, 0, 0, 0, 0
1609, 02_4_73, 0, 0, 0, 0, 0, 0, 0, 0
1610, 02_4_74, 0, 0, 0, 0, 0, 0, 0, 0
1611, 02_4_75, 0, 0, 0, 0, 0, 0, 0, 0
1612, 02_4_76, 0, 0, 0, 0, 0, 0, 0, 0
1613, 02_4_77, 0, 0, 0, 0, 0, 0, 0, 0
1614, 02_4_78, 0, 0, 0, 0, 0, 0, 0, 0
1615, 02_4_79, 0, 0, 0, 0, 0, 0, 0, 0
1616, 02_4_80, 0, 0, 0, 0, 0, 0, 0, 0
1617, 02_4_81, 0, 0, 0, 0, 0, 0, 0, 0
1618, 02_4_82, 0, 0, 0, 0, 0, 0, 0, 0
1619, 02_4_83, 0, 0, 0, 0, 0, 0, 0, 0
1620, 02_4_84, 0, 0, 0, 0, 0, 0, 0, 0
1621, 02_4_85, 0, 0, 0, 0, 0, 0, 0, 0
1622, 02_4_86, 0, 0, 0, 0, 0, 0, 0, 0
1623, 02_4_87, 0, 0, 0, 0, 0, 0, 0, 0
1624, 02_4_88, 0, 0, 0, 0, 0, 0, 0, 0
1625, 02_4_89, 0, 0, 0, 0, 0, 0, 0, 0
1626, 02_4_90, 0, 0, 0, 0, 0, 0, 0, 0
1627, 02_4_91, 0, 0, 0, 0, 0, 0, 0, 0
1628, 02_4_92, 0, 0, 0, 0, 0, 0, 0, 0
1629, 02_4_93, 0, 0, 0, 0, 0, 0, 0, 0
1630, 02_4_94, 0, 0, 0, 0, 0, 0, 0, 0
1631, 02_4_95, 0, 0, 0, 0, 0, 0, 0, 0
1632, 02_5_00, 0, 0, 0, 0, 0, 0, 0, 0
1633, 02_5_01, 0, 0, 0, 0, 0, 0, 0, 0
1634, 02_5_02, 0, 0, 0, 0, 0, 0, 0, 0
1635, 02_5_03, 0, 0, 0, 0, 0, 0, 0, 0
1636, 02_5_04, 0, 0, 0, 0, 0, 0, 0, 0
1637, 02_5_05, 0, 0, 0, 0, 0, 0, 0, 0
1638, 02_5_06, 0, 0, 0, 0, 0, 0, 0, 0
1639, 02_5_07, 0, 0, 0, 0, 0, 0, 0, 0
1640, 02_5_08, 0, 0, 0, 0, 0, 0, 0, 0
1641, 02_5_09, 0, 0, 0, 0, 0, 0, 0, 0
1642, 02_5_10, 0, 0, 0, 0, 0, 0, 0, 0
1643, 02_5_11, 0, 0, 0, 0, 0, 0, 0, 0
1644, 02_5_12, 0, 0, 0, 0, 0, 0, 0, 0
1645, 02_5_13, 0, 0, 0, 0, 0, 0, 0, 0
1646, 02_5_14, 0, 0, 0, 0, 0, 0, 0, 0
1647, 02_5_15, 0, 0, 0, 0, 0, 0, 0, 0
1648, 02_5_16, 0, 0, 0, 0, 0, 0, 0, 0
1649, 02_5_17, 0, 0, 0, 0, 0, 0, 0, 0
1650, 02_5_18, 0, 0, 0, 0, 0, 0, 0, 0
1651, 02_5_19, 0, 0, 0, 0, 0, 0, 0, 0
1652, 02_5_20, 0, 0, 0, 0, 0, 0, 0, 0
1653, 02_5_21, 0, 0, 0, 0, 0, 0, 0, 0
1654, 02_5_22, 0, 0, 0, 0, 0, 0, 0, 0
1655, 02_5_23, 0, 0, 0, 0, 0, 0, 0, 0
1656, 02_5_24, 0, 0, 0, 0, 0, 0, 0, 0
1657, 02_5_25, 0, 0, 0, 0, 0, 0, 0, 0
1658, 02_5_26, 0, 0, 0, 0, 0, 0, 0, 0
1659, 02_5_27, 0, 0, 0, 0, 0, 0, 0, 0
1660, 02_5_28, 0, 0, 0, 0, 0, 0, 0, 0
1661, 02_5_29, 0, 0, 0, 0, 0, 0, 0, 0
1662, 02_5_30, 0, 0, 0, 0, 0, 0, 0, 0
1663, 02_5_31, 0, 0, 0, 0, 0, 0, 0, 0
1664, 02_5_32, 0, 0, 0, 0, 0, 0, 0, 0
1665, 02_5_33, 0, 0, 0, 0, 0, 0, 0, 0
1666, 02_5_34, 0, 0, 0, 0, 0, 0, 0, 0
1667, 02_5_35, 0, 0, 0, 0, 0, 0, 0, 0
1668, 02_5_36, 0, 0, 0, 0, 0, 0, 0, 0
1669, 02_5_37, 0, 0, 0, 0, 0, 0, 0, 0
1670, 02_5_38, 0, 0, 0, 0, 0, 0, 0, 0
1671, 02_5_39, 0, 0, 0, 0, 0, 0, 0, 0
1672, 02_5_40, 0, 0, 0, 0, 0, 0, 0, 0
1673, 02_5_41, 0, 0, 0, 0, 0, 0, 0, 0
1674, 02_5_42, 0, 0, 0, 0, 0, 0, 0, 0
1675, 02_5_43, 0, 0, 0, 0, 0, 0, 0, 0
1676, 02_5_44, 0, 0, 0, 0, 0, 0, 0, 0
1677, 02_5_45, 0, 0, 0, 0, 0, 0, 0, 0
1678, 02_5_46, 0, 0, 0, 0, 0, 0, 0, 0
1679, 02_5_47, 0, 0, 0, 0, 0, 0, 0, 0
1680, 02_5_48, 0, 0, 0, 0, 0, 0, 0, 0
1681, 02_5_49, 0, 0, 0, 0, 0, 0, 0, 0
1682, 02_5_50, 0, 0, 0, 0, 0, 0, 0, 0
1683, 02_5_51, 0, 0, 0, 0, 0, 0, 0, 0
1684, 02_5_52, 0, 0, 0, 0, 0, 0, 0, 0
1685, 02_5_53, 0, 0, 0, 0, 0, 0, 0, 0
1686, 02_5_54, 0, 0, 0, 0, 0, 0, 0, 0
1687, 02_5_55, 0, 0, 0, 0, 0, 0, 0, 0
1688, 02_5_56, 0, 0, 0, 0, 0, 0, 0, 0
1689, 02_5_57, 0, 0, 0, 0, 0, 0, 0, 0
1690, 02_5_58, 0, 0, 0, 0, 0, 0, 0, 0
1691, 02_5_59, 0, 0, 0, 0, 0, 0, 0, 0
1692, 02_5_60, 0, 0, 0, 0, 0, 0, 0, 0
1693, 02_5_61, 0, 0, 0, 0, 0, 0, 0, 0
1694, 02_5_62, 0, 0, 0, 0, 0, 0, 0, 0
1695, 02_5_63, 0, 0, 0, 0, 0, 0, 0, 0
1696, 02_5_64, 0, 0, 0, 0, 0, 0, 0, 0
1697, 02_5_65, 0, 0, 0, 0, 0, 0, 0, 0
1698, 02_5_66, 0, 0, 0, 0, 0, 0, 0, 0
1699, 02_5_67, 0, 0, 0, 0, 0, 0, 0, 0
1700, 02_5_68, 0, 0, 0, 0, 0, 0, 0, 0
1701, 02_5_69, 0, 0, 0, 0, 0, 0, 0, 0
1702, 02_5_70, 0, 0, 0, 0, 0, 0, 0, 0
1703, 02_5_71, 0, 0, 0, 0, 0, 0, 0, 0
1704, 02_5_72, 0, 0, 0, 0, 0, 0, 0, 0
1705, 02_5_73, 0, 0, 0, 0, 0, 0, 0, 0
1706, 02_5_74, 0, 0, 0, 0, 0, 0, 0, 0
1707, 02_5_75, 0, 0, 0, 0, 0, 0, 0, 0
1708, 02_5_76, 0, 0, 0, 0, 0, 0, 0, 0
1709, 02_5_77, 0, 0, 0, 0, 0, 0, 0, 0
1710, 02_5_78, 0, 0, 0, 0, 0, 0, 0, 0
1711, 02_5_79, 0, 0, 0, 0, 0, 0, 0, 0
1712, 02_5_80, 0, 0, 0, 0, 0, 0, 0, 0
1713, 02_5_81, 0, 0, 0, 0, 0, 0, 0, 0
1714, 02_5_82, 0, 0, 0, 0, 0, 0, 0, 0
1715, 02_5_83, 0, 0, 0, 0, 0, 0, 0, 0
1716, 02_5_84, 0, 0, 0, 0, 0, 0, 0, 0
1717, 02_5_85, 0, 0, 0, 0, 0, 0, 0, 0
1718, 02_5_86, 0, 0, 0, 0, 0, 0, 0, 0
1719, 02_5_87, 0, 0, 0, 0, 0, 0, 0, 0
1720, 02_5_88, 0, 0, 0, 0, 0, 0, 0, 0
1721, 02_5_89, 0, 0, 0, 0, 0, 0, 0, 0
1722, 02_5_90, 0, 0, 0, 0, 0, 0, 0, 0
1723, 02_5_91, 0, 0, 0, 0, 0, 0, 0, 0
1724, 02_5_92, 0, 0, 0, 0, 0, 0, 0, 0
1725, 02_5_93, 0, 0, 0, 0, 0, 0, 0, 0
1726, 02_5_94, 0, 0, 0, 0, 0, 0, 0, 0
1727, 02_5_95, 0, 0, 0, 0, 0, 0, 0, 0
1728, 03_0_00, 0, 0, 0, 0, 0, 0, 0, 0
1729, 03_0_01, 0, 0, 0, 0, 0, 0, 0, 0
1730, 03_0_02, 0, 0, 0, 0, 0, 0, 0, 0
1731, 03_0_03, 0, 0, 0, 0, 0, 0, 0, 0
1732, 03_0_04, 0, 0, 0, 0, 0, 0, 0, 0
1733, 03_0_05, 0, 0, 0, 0, 0, 0, 0, 0
1734, 03_0_06, 0, 0, 0, 0, 0, 0, 0, 0
1735, 03_0_07, 0, 0, 0, 0, 0, 0, 0, 0
1736, 03_0_08, 0, 0, 0, 0, 0, 0, 0, 0
1737, 03_0_09, 0, 0, 0, 0, 0, 0, 0, 0
1738, 03_0_10, 0, 0, 0, 0, 0, 0, 0, 0
1739, 03_0_11, 0, 0, 0, 0, 0, 0, 0, 0
1740, 03_0_12, 0, 0, 0, 0, 0, 0, 0, 0
1741, 03_0_13, 0, 0, 0, 0, 0, 0, 0, 0
1742, 03_0_14, 0, 0, 0, 0, 0, 0, 0, 0
1743, 03_0_15, 0, 0, 0, 0, 0, 0, 0, 0
1744, 03_0_16, 0, 0, 0, 0, 0, 0, 0, 0
1745, 03_0_17, 0, 0, 0, 0, 0, 0, 0, 0
1746, 03_0_18, 0, 0, 0, 0, 0, 0, 0, 0
1747, 03_0_19, 0, 0, 0, 0, 0, 0, 0, 0
1748, 03_0_20, 0, 0, 0, 0, 0, 0, 0, 0
1749, 03_0_21, 0, 0, 0, 0, 0, 0, 0, 0
1750, 03_0_22, 0, 0, 0, 0, 0, 0, 0, 0
1751, 03_0_23, 0, 0, 0, 0, 0, 0, 0, 0
1752, 03_0_24, 0, 0, 0, 0, 0, 0, 0, 0
1753, 03_0_25, 0, 0, 0, 0, 0, 0, 0, 0
1754, 03_0_26, 0, 0, 0, 0, 0, 0, 0, 0
1755, 03_0_27, 0, 0, 0, 0, 0, 0, 0, 0
1756, 03_0_28, 0, 0, 0, 0, 0, 0, 0, 0
1757, 03_0_29, 0, 0, 0, 0, 0, 0, 0, 0
1758, 03_0_30, 0, 0, 0, 0, 0, 0, 0, 0
1759, 03_0_31, 0, 0, 0, 0, 0, 0, 0, 0
1760, 03_0_32, 0, 0, 0, 0, 0, 0, 0, 0
1761, 03_0_33, 0, 0, 0, 0, 0, 0, 0, 0
1762, 03_0_34, 0, 0, 0, 0, 0, 0, 0, 0
1763, 03_0_35, 0, 0, 0, 0, 0, 0, 0, 0
1764, 03_0_36, 0, 0, 0, 0, 0, 0, 0, 0
1765, 03_0_37, 0, 0, 0, 0, 0, 0, 0, 0
1766, 03_0_38, 0, 0, 0, 0, 0, 0, 0, 0
1767, 03_0_39, 0, 0, 0, 0, 0, 0, 0, 0
1768, 03_0_40, 0, 0, 0, 0, 0, 0, 0, 0
1769, 03_0_41, 0, 0, 0, 0, 0, 0, 0, 0
1770, 03_0_42, 0, 0, 0, 0, 0, 0, 0, 0
1771, 03_0_43, 0, 0, 0, 0, 0, 0, 0, 0
1772, 03_0_44, 0, 0, 0, 0, 0, 0, 0, 0
1773, 03_0_45, 0, 0, 0, 0, 0, 0, 0, 0
1774, 03_0_46, 0, 0, 0, 0, 0, 0, 0, 0
1775, 03_0_47, 0, 0, 0, 0, 0, 0, 0, 0
1776, 03_0_48, 0, 0, 0, 0, 0, 0, 0, 0
1777, 03_0_49, 0, 0, 0, 0, 0, 0, 0, 0
1778, 03_0_50, 0, 0, 0, 0, 0, 0, 0, 0
1779, 03_0_51, 0, 0, 0, 0, 0, 0, 0, 0
1780, 03_0_52, 0, 0, 0, 0, 0, 0, 0, 0
1781, 03_0_53, 0, 0, 0, 0, 0, 0, 0, 0
1782, 03_0_54, 0, 0, 0, 0, 0, 0, 0, 0
1783, 03_0_55, 0, 0, 0, 0, 0, 0, 0, 0
1784, 03_0_56, 0, 0, 0, 0, 0, 0, 0, 0
1785, 03_0_57, 0, 0, 0, 0, 0, 0, 0, 0
1786, 03_0_58, 0, 0, 0, 0, 0, 0, 0, 0
1787, 03_0_59, 0, 0, 0, 0, 0, 0, 0, 0
1788, 03_0_60, 0, 0, 0, 0, 0, 0, 0, 0
1789, 03_0_61, 0, 0, 0, 0, 0, 0, 0, 0
1790, 03_0_62, 0, 0, 0, 0, 0, 0, 0, 0
1791, 03_0_63, 0, 0, 0, 0, 0, 0, 0, 0
1792, 03_0_64, 0, 0, 0, 0, 0, 0, 0, 0
1793, 03_0_65, 0, 0, 0, 0, 0, 0, 0, 0
1794, 03_0_66, 0, 0, 0, 0, 0, 0, 0, 0
1795, 03_0_67, 0, 0, 0, 0, 0, 0, 0, 0
1796, 03_0_68, 0, 0, 0, 0, 0, 0, 0, 0
1797, 03_0_69, 0, 0, 0, 0, 0, 0, 0, 0
1798, 03_0_70, 0, 0, 0, 0, 0, 0, 0, 0
1799, 03_0_71, 0, 0, 0, 0, 0, 0, 0, 0
1800, 03_0_72, 0, 0, 0, 0, 0, 0, 0, 0
1801, 03_0_73, 0, 0, 0, 0, 0, 0, 0, 0
1802, 03_0_74, 0, 0, 0, 0, 0, 0, 0, 0
1803, 03_0_75, 0, 0, 0, 0, 0, 0, 0, 0
1804, 03_0_76, 0, 0, 0, 0, 0, 0, 0, 0
1805, 03_0_77, 0, 0, 0, 0, 0, 0, 0, 0
1806, 03_0_78, 0, 0, 0, 0, 0, 0, 0, 0
1807, 03_0_79, 0, 0, 0, 0, 0, 0, 0, 0
1808, 03_0_80, 0, 0, 0, 0, 0, 0, 0, 0
1809, 03_0_81, 0, 0, 0, 0, 0, 0, 0, 0
1810, 03_0_82, 0, 0, 0, 0, 0, 0, 0, 0
1811, 03_0_83, 0, 0, 0, 0, 0, 0, 0, 0
1812, 03_0_84, 0, 0, 0, 0, 0, 0, 0, 0
1813, 03_0_85, 0, 0, 0, 0, 0, 0, 0, 0
1814, 03_0_86, 0, 0, 0, 0, 0, 0, 0, 0
1815, 03_0_87, 0, 0, 0, 0, 0, 0, 0, 0
1816, 03_0_88, 0, 0, 0, 0, 0, 0, 0, 0
1817, 03_0_89, 0, 0, 0, 0, 0, 0, 0, 0
1818, 03_0_90, 0, 0, 0, 0, 0, 0, 0, 0
1819, 03_0_91, 0, 0, 0, 0, 0, 0, 0, 0
1820, 03_0_92, 0, 0, 0, 0, 0, 0, 0, 0
1821, 03_0_93, 0, 0, 0, 0, 0, 0, 0, 0
1822, 03_0_94, 0, 0, 0, 0, 0, 0, 0, 0
1823, 03_0_95, 0, 0, 0, 0, 0, 0, 0, 0
1824, 03_1_00, 0, 0, 0, 0, 0, 0, 0, 0
1825, 03_1_01, 0, 0, 0, 0, 0, 0, 0, 0
1826, 03_1_02, 0, 0, 0, 0, 0, 0, 0, 0
1827, 03_1_03, 0, 0, 0, 0, 0, 0, 0, 0
1828, 03_1_04, 0, 0, 0, 0, 0, 0, 0, 0
1829, 03_1_05, 0, 0, 0, 0, 0, 0, 0, 0
1830, 03_1_06, 0, 0, 0, 0, 0, 0, 0, 0
1831, 03_1_07, 0, 0, 0, 0, 0, 0, 0, 0
1832, 03_1_08, 0, 0, 0, 0, 0, 0, 0, 0
1833, 03_1_09, 0, 0, 0, 0, 0, 0, 0, 0
1834, 03_1_10, 0, 0, 0, 0, 0, 0, 0, 0
1835, 03_1_11, 0, 0, 0, 0, 0, 0, 0, 0
1836, 03_1_12, 0, 0, 0, 0, 0, 0, 0, 0
1837, 03_1_13, 0, 0, 0, 0, 0, 0, 0, 0
1838, 03_1_14, 0, 0, 0, 0, 0, 0, 0, 0
1839, 03_1_15, 0, 0, 0, 0, 0, 0, 0, 0
1840, 03_1_16, 0, 0, 0, 0, 0, 0, 0, 0
1841, 03_1_17, 0, 0, 0, 0, 0, 0, 0, 0
1842, 03_1_18, 0, 0, 0, 0, 0, 0, 0, 0
1843, 03_1_19, 0, 0, 0, 0, 0, 0, 0, 0
1844, 03_1_20, 0, 0, 0, 0, 0, 0, 0, 0
1845, 03_1_21, 0, 0, 0, 0, 0, 0, 0, 0
1846, 03_1_22, 0, 0, 0, 0, 0, 0, 0, 0
1847, 03_1_23, 0, 0, 0, 0, 0, 0, 0, 0
1848, 03_1_24, 0, 0, 0, 0, 0, 0, 0, 0
1849, 03_1_25, 0, 0, 0, 0, 0, 0, 0, 0
1850, 03_1_26, 0, 0, 0, 0, 0, 0, 0, 0
1851, 03_1_27, 0, 0, 0, 0, 0, 0, 0, 0
1852, 03_1_28, 0, 0, 0, 0, 0, 0, 0, 0
1853, 03_1_29, 0, 0, 0, 0, 0, 0, 0, 0
1854, 03_1_30, 0, 0, 0, 0, 0, 0, 0, 0
1855, 03_1_31, 0, 0, 0, 0, 0, 0, 0, 0
1856, 03_1_32, 0, 0, 0, 0, 0, 0, 0, 0
1857, 03_1_33, 0, 0, 0, 0, 0, 0, 0, 0
1858, 03_1_34, 0, 0, 0, 0, 0, 0, 0, 0
1859, 03_1_35, 0, 0, 0, 0, 0, 0, 0, 0
1860, 03_1_36, 0, 0, 0, 0, 0, 0, 0, 0
1861, 03_1_37, 0, 0, 0, 0, 0, 0, 0, 0
1862, 03_1_38, 0, 0, 0, 0, 0, 0, 0, 0
1863, 03_1_39, 0, 0, 0, 0, 0, 0, 0, 0
1864, 03_1_40, 0, 0, 0, 0, 0, 0, 0, 0
1865, 03_1_41, 0, 0, 0, 0, 0, 0, 0, 0
1866, 03_1_42, 0, 0, 0, 0, 0, 0, 0, 0
1867, 03_1_43, 0, 0, 0, 0, 0, 0, 0, 0
1868, 03_1_44, 0, 0, 0, 0, 0, 0, 0, 0
1869, 03_1_45, 0, 0, 0, 0, 0, 0, 0, 0
1870, 03_1_46, 0, 0, 0, 0, 0, 0, 0, 0
1871, 03_1_47, 0, 0, 0, 0, 0, 0, 0, 0
1872, 03_1_48, 0, 0, 0, 0, 0, 0, 0, 0
1873, 03_1_49, 0, 0, 0, 0, 0, 0, 0, 0
1874, 03_1_50, 0, 0, 0, 0, 0, 0, 0, 0
1875, 03_1_51, 0, 0, 0, 0, 0, 0, 0, 0
1876, 03_1_52, 0, 0, 0, 0, 0, 0, 0, 0
1877, 03_1_53, 0, 0, 0, 0, 0, 0, 0, 0
1878, 03_1_54, 0, 0, 0, 0, 0, 0, 0, 0
1879, 03_1_55, 0, 0, 0, 0, 0, 0, 0, 0
1880, 03_1_56, 0, 0, 0, 0, 0, 0, 0, 0
1881, 03_1_57, 0, 0, 0, 0, 0, 0, 0, 0
1882, 03_1_58, 0, 0, 0, 0, 0, 0, 0, 0
1883, 03_1_59, 0, 0, 0, 0, 0, 0, 0, 0
1884, 03_1_60, 0, 0, 0, 0, 0, 0, 0, 0
1885, 03_1_61, 0, 0, 0, 0, 0, 0, 0, 0
1886, 03_1_62, 0, 0, 0, 0, 0, 0, 0, 0
1887, 03_1_63, 0, 0, 0, 0, 0, 0, 0, 0
1888, 03_1_64, 0, 0, 0, 0, 0, 0, 0, 0
1889, 03_1_65, 0, 0, 0, 0, 0, 0, 0, 0
1890, 03_1_66, 0, 0, 0, 0, 0, 0, 0, 0
1891, 03_1_67, 0, 0, 0, 0, 0, 0, 0, 0
1892, 03_1_68, 0, 0, 0, 0, 0, 0, 0, 0
1893, 03_1_69, 0, 0, 0, 0, 0, 0, 0, 0
1894, 03_1_70, 0, 0, 0, 0, 0, 0, 0, 0
1895, 03_1_71, 0, 0, 0, 0, 0, 0, 0, 0
1896, 03_1_72, 0, 0, 0, 0, 0, 0, 0, 0
1897, 03_1_73, 0, 0, 0, 0, 0, 0, 0, 0
1898, 03_1_74, 0, 0, 0, 0, 0, 0, 0, 0
1899, 03_1_75, 0, 0, 0, 0, 0, 0, 0, 0
1900, 03_1_76, 0, 0, 0, 0, 0, 0, 0, 0
1901, 03_1_77, 0, 0, 0, 0, 0, 0, 0, 0
1902, 03_1_78, 0, 0, 0, 0, 0, 0, 0, 0
1903, 03_1_79, 0, 0, 0, 0, 0, 0, 0, 0
1904, 03_1_80, 0, 0, 0, 0, 0, 0, 0, 0
1905, 03_1_81, 0, 0, 0, 0, 0, 0, 0, 0
1906, 03_1_82, 0, 0, 0, 0, 0, 0, 0, 0
1907, 03_1_83, 0, 0, 0, 0, 0, 0, 0, 0
1908, 03_1_84, 0, 0, 0, 0, 0, 0, 0, 0
1909, 03_1_85, 0, 0, 0, 0, 0, 0, 0, 0
1910, 03_1_86, 0, 0, 0, 0, 0, 0, 0, 0
1911, 03_1_87, 0, 0, 0, 0, 0, 0, 0, 0
1912, 03_1_88, 0, 0, 0, 0, 0, 0, 0, 0
1913, 03_1_89, 0, 0, 0, 0, 0, 0, 0, 0
1914, 03_1_90, 0, 0, 0, 0, 0, 0, 0, 0
1915, 03_1_91, 0, 0, 0, 0, 0, 0, 0, 0
1916, 03_1_92, 0, 0, 0, 0, 0, 0, 0, 0
1917, 03_1_93, 0, 0, 0, 0, 0, 0, 0, 0
1918, 03_1_94, 0, 0, 0, 0, 0, 0, 0, 0
1919, 03_1_95, 0, 0, 0, 0, 0, 0, 0, 0
1920, 03_2_00, 0, 0, 0, 0, 0, 0, 0, 0
1921, 03_2_01, 0, 0, 0, 0, 0, 0, 0, 0
1922, 03_2_02, 0, 0, 0, 0, 0, 0, 0, 0
1923, 03_2_03, 0, 0, 0, 0, 0, 0, 0, 0
1924, 03_2_04, 0, 0, 0, 0, 0, 0, 0, 0
1925, 03_2_05, 0, 0, 0, 0, 0, 0, 0, 0
1926, 03_2_06, 0, 0, 0, 0, 0, 0, 0, 0
1927, 03_2_07, 0, 0, 0, 0, 0, 0, 0, 0
1928, 03_2_08, 0, 0, 0, 0, 0, 0, 0, 0
1929, 03_2_09, 0, 0, 0, 0, 0, 0, 0, 0
1930, 03_2_10, 0, 0, 0, 0, 0, 0, 0, 0
1931, 03_2_11, 0, 0, 0, 0, 0, 0, 0, 0
1932, 03_2_12, 0, 0, 0, 0, 0, 0, 0, 0
1933, 03_2_13, 0, 0, 0, 0, 0, 0, 0, 0
1934, 03_2_14, 0, 0, 0, 0, 0, 0, 0, 0
1935, 03_2_15, 0, 0, 0, 0, 0, 0, 0, 0
1936, 03_2_16, 0, 0, 0, 0, 0, 0, 0, 0
1937, 03_2_17, 0, 0, 0, 0, 0, 0, 0, 0
1938, 03_2_18, 0, 0, 0, 0, 0, 0, 0, 0
1939, 03_2_19, 0, 0, 0, 0, 0, 0, 0, 0
1940, 03_2_20, 0, 0, 0, 0, 0, 0, 0, 0
1941, 03_2_21, 0, 0, 0, 0, 0, 0, 0, 0
1942, 03_2_22, 0, 0, 0, 0, 0, 0, 0, 0
1943, 03_2_23, 0, 0, 0, 0, 0, 0, 0, 0
1944, 03_2_24, 0, 0, 0, 0, 0, 0, 0, 0
1945, 03_2_25, 0, 0, 0, 0, 0, 0, 0, 0
1946, 03_2_26, 0, 0, 0, 0, 0, 0, 0, 0
1947, 03_2_27, 0, 0, 0, 0, 0, 0, 0, 0
1948, 03_2_28, 0, 0, 0, 0, 0, 0, 0, 0
1949, 03_2_29, 0, 0, 0, 0, 0, 0, 0, 0
1950, 03_2_30, 0, 0, 0, 0, 0, 0, 0, 0
1951, 03_2_31, 0, 0, 0, 0, 0, 0, 0, 0
1952, 03_2_32, 0, 0, 0, 0, 0, 0, 0, 0
1953, 03_2_33, 0, 0, 0, 0, 0, 0, 0, 0
1954, 03_2_34, 0, 0, 0, 0, 0, 0, 0, 0
1955, 03_2_35, 0, 0, 0, 0, 0, 0, 0, 0
1956, 03_2_36, 0, 0, 0, 0, 0, 0, 0, 0
1957, 03_2_37, 0, 0, 0, 0, 0, 0, 0, 0
1958, 03_2_38, 0, 0, 0, 0, 0, 0, 0, 0
1959, 03_2_39, 0, 0, 0, 0, 0, 0, 0, 0
1960, 03_2_40, 0, 0, 0, 0, 0, 0, 0, 0
1961, 03_2_41, 0, 0, 0, 0, 0, 0, 0, 0
1962, 03_2_42, 0, 0, 0, 0, 0, 0, 0, 0
1963, 03_2_43, 0, 0, 0, 0, 0, 0, 0, 0
1964, 03_2_44, 0, 0, 0, 0, 0, 0, 0, 0
1965, 03_2_45, 0, 0, 0, 0, 0, 0, 0, 0
1966, 03_2_46, 0, 0, 0, 0, 0, 0, 0, 0
1967, 03_2_47, 0, 0, 0, 0, 0, 0, 0, 0
1968, 03_2_48, 0, 0, 0, 0, 0, 0, 0, 0
1969, 03_2_49, 0, 0, 0, 0, 0, 0, 0, 0
1970, 03_2_50, 0, 0, 0, 0, 0, 0, 0, 0
1971, 03_2_51, 0, 0, 0, 0, 0, 0, 0, 0
1972, 03_2_52, 0, 0, 0, 0, 0, 0, 0, 0
1973, 03_2_53, 0, 0, 0, 0, 0, 0, 0, 0
1974, 03_2_54, 0, 0, 0, 0, 0, 0, 0, 0
1975, 03_2_55, 0, 0, 0, 0, 0, 0, 0, 0
1976, 03_2_56, 0, 0, 0, 0, 0, 0, 0, 0
1977, 03_2_57, 0, 0, 0, 0, 0, 0, 0, 0
1978, 03_2_58, 0, 0, 0, 0, 0, 0, 0, 0
1979, 03_2_59, 0, 0, 0, 0, 0, 0, 0, 0
1980, 03_2_60, 0, 0, 0, 0, 0, 0, 0, 0
1981, 03_2_61, 0, 0, 0, 0, 0, 0, 0, 0
1982, 03_2_62, 0, 0, 0, 0, 0, 0, 0, 0
1983, 03_2_63, 0, 0, 0, 0, 0, 0, 0, 0
1984, 03_2_64, 0, 0, 0, 0, 0, 0, 0, 0
1985, 03_2_65, 0, 0, 0, 0, 0, 0, 0, 0
1986, 03_2_66, 0, 0, 0, 0, 0, 0, 0, 0
1987, 03_2_67, 0, 0, 0, 0, 0, 0, 0, 0
1988, 03_2_68, 0, 0, 0, 0, 0, 0, 0, 0
1989, 03_2_69, 0, 0, 0, 0, 0, 0, 0, 0
1990, 03_2_70, 0, 0, 0, 0, 0, 0, 0, 0
1991, 03_2_71, 0, 0, 0, 0, 0, 0, 0, 0
1992, 03_2_72, 0, 0, 0, 0, 0, 0, 0, 0
1993, 03_2_73, 0, 0, 0, 0, 0, 0, 0, 0
1994, 03_2_74, 0, 0, 0, 0, 0, 0, 0, 0
1995, 03_2_75, 0, 0, 0, 0, 0, 0, 0, 0
1996, 03_2_76, 0, 0, 0, 0, 0, 0, 0, 0
1997, 03_2_77, 0, 0, 0, 0, 0, 0, 0, 0
1998, 03_2_78, 0, 0, 0, 0, 0, 0, 0, 0
1999, 03_2_79, 0, 0, 0, 0, 0, 0, 0, 0
2000, 03_2_80, 0, 0, 0, 0, 0, 0, 0, 0
2001, 03_2_81, 0, 0, 0, 0, 0, 0, 0, 0
2002, 03_2_82, 0, 0, 0, 0, 0, 0, 0, 0
2003, 03_2_83, 0, 0, 0, 0, 0, 0, 0, 0
2004, 03_2_84, 0, 0, 0, 0, 0, 0, 0, 0
2005, 03_2_85, 0, 0, 0, 0, 0, 0, 0, 0
2006, 03_2_86, 0, 0, 0, 0, 0, 0, 0, 0
2007, 03_2_87, 0, 0, 0, 0, 0, 0, 0, 0
2008, 03_2_88, 0, 0, 0, 0, 0, 0, 0, 0
2009, 03_2_89, 0, 0, 0, 0, 0, 0, 0, 0
2010, 03_2_90, 0, 0, 0, 0, 0, 0, 0, 0
2011, 03_2_91, 0, 0, 0, 0, 0, 0, 0, 0
2012, 03_2_92, 0, 0, 0, 0, 0, 0, 0, 0
2013, 03_2_93, 0, 0, 0, 0, 0, 0, 0, 0
2014, 03_2_94, 0, 0, 0, 0, 0, 0, 0, 0
2015, 03_2_95, 0, 0, 0, 0, 0, 0, 0, 0
2016, 03_3_00, 0, 0, 0, 0, 0, 0, 0, 0
2017, 03_3_01, 0, 0, 0, 0, 0, 0, 0, 0
2018, 03_3_02, 0, 0, 0, 0, 0, 0, 0, 0
2019, 03_3_03, 0, 0, 0, 0, 0, 0, 0, 0
2020, 03_3_04, 0, 0, 0, 0, 0, 0, 0, 0
2021, 03_3_05, 0, 0, 0, 0, 0, 0, 0, 0
2022, 03_3_06, 0, 0, 0, 0, 0, 0, 0, 0
2023, 03_3_07, 0, 0, 0, 0, 0, 0, 0, 0
2024, 03_3_08, 0, 0, 0, 0, 0, 0, 0, 0
2025, 03_3_09, 0, 0, 0, 0, 0, 0, 0, 0
2026, 03_3_10, 0, 0, 0, 0, 0, 0, 0, 0
2027, 03_3_11, 0, 0, 0, 0, 0, 0, 0, 0
2028, 03_3_12, 0, 0, 0, 0, 0, 0, 0, 0
2029, 03_3_13, 0, 0, 0, 0, 0, 0, 0, 0
2030, 03_3_14, 0, 0, 0, 0, 0, 0, 0, 0
2031, 03_3_15, 0, 0, 0, 0, 0, 0, 0, 0
2032, 03_3_16, 0, 0, 0, 0, 0, 0, 0, 0
2033, 03_3_17, 0, 0, 0, 0, 0, 0, 0, 0
2034, 03_3_18, 0, 0, 0, 0, 0, 0, 0, 0
2035, 03_3_19, 0, 0, 0, 0, 0, 0, 0, 0
2036, 03_3_20, 0, 0, 0, 0, 0, 0, 0, 0
2037, 03_3_21, 0, 0, 0, 0, 0, 0, 0, 0
2038, 03_3_22, 0, 0, 0, 0, 0, 0, 0, 0
2039, 03_3_23, 0, 0, 0, 0, 0, 0, 0, 0
2040, 03_3_24, 0, 0, 0, 0, 0, 0, 0, 0
2041, 03_3_25, 0, 0, 0, 0, 0, 0, 0, 0
2042, 03_3_26, 0, 0, 0, 0, 0, 0, 0, 0
2043, 03_3_27, 0, 0, 0, 0, 0, 0, 0, 0
2044, 03_3_28, 0, 0, 0, 0, 0, 0, 0, 0
2045, 03_3_29, 0, 0, 0, 0, 0, 0, 0, 0
2046, 03_3_30, 0, 0, 0, 0, 0, 0, 0, 0
2047, 03_3_31, 0, 0, 0, 0, 0, 0, 0, 0
2048, 03_3_32, 0, 0, 0, 0, 0, 0, 0, 0
2049, 03_3_33, 0, 0, 0, 0, 0, 0, 0, 0
2050, 03_3_34, 0, 0, 0, 0, 0, 0, 0, 0
2051, 03_3_35, 0, 0, 0, 0, 0, 0, 0, 0
2052, 03_3_36, 0, 0, 0, 0, 0, 0, 0, 0
2053, 03_3_37, 0, 0, 0, 0, 0, 0, 0, 0
2054, 03_3_38, 0, 0, 0, 0, 0, 0, 0, 0
2055, 03_3_39, 0, 0, 0, 0, 0, 0, 0, 0
2056, 03_3_40, 0, 0, 0, 0, 0, 0, 0, 0
2057, 03_3_41, 0, 0, 0, 0, 0, 0, 0, 0
2058, 03_3_42, 0, 0, 0, 0, 0, 0, 0, 0
2059, 03_3_43, 0, 0, 0, 0, 0, 0, 0, 0
2060, 03_3_44, 0, 0, 0, 0, 0, 0, 0, 0
2061, 03_3_45, 0, 0, 0, 0, 0, 0, 0, 0
2062, 03_3_46, 0, 0, 0, 0, 0, 0, 0, 0
2063, 03_3_47, 0, 0, 0, 0, 0, 0, 0, 0
2064, 03_3_48, 0, 0, 0, 0, 0, 0, 0, 0
2065, 03_3_49, 0, 0, 0, 0, 0, 0, 0, 0
2066, 03_3_50, 0, 0, 0, 0, 0, 0, 0, 0
2067, 03_3_51, 0, 0, 0, 0, 0, 0, 0, 0
2068, 03_3_52, 0, 0, 0, 0, 0, 0, 0, 0
2069, 03_3_53, 0, 0, 0, 0, 0, 0, 0, 0
2070, 03_3_54, 0, 0, 0, 0, 0, 0, 0, 0
2071, 03_3_55, 0, 0, 0, 0, 0, 0, 0, 0
2072, 03_3_56, 0, 0, 0, 0, 0, 0, 0, 0
2073, 03_3_57, 0, 0, 0, 0, 0, 0, 0, 0
2074, 03_3_58, 0, 0, 0, 0, 0, 0, 0, 0
2075, 03_3_59, 0, 0, 0, 0, 0, 0, 0, 0
2076, 03_3_60, 0, 0, 0, 0, 0, 0, 0, 0
2077, 03_3_61, 0, 0, 0, 0, 0, 0, 0, 0
2078, 03_3_62, 0, 0, 0, 0, 0, 0, 0, 0
2079, 03_3_63, 0, 0, 0, 0, 0, 0, 0, 0
2080, 03_3_64, 0, 0, 0, 0, 0, 0, 0, 0
2081, 03_3_65, 0, 0, 0, 0, 0, 0, 0, 0
2082, 03_3_66, 0, 0, 0, 0, 0, 0, 0, 0
2083, 03_3_67, 0, 0, 0, 0, 0, 0, 0, 0
2084, 03_3_68, 0, 0, 0, 0, 0, 0, 0, 0
2085, 03_3_69, 0, 0, 0, 0, 0, 0, 0, 0
2086, 03_3_70, 0, 0, 0, 0, 0, 0, 0, 0
2087, 03_3_71, 0, 0, 0, 0, 0, 0, 0, 0
2088, 03_3_72, 0, 0, 0, 0, 0, 0, 0, 0
2089, 03_3_73, 0, 0, 0, 0, 0, 0, 0, 0
2090, 03_3_74, 0, 0, 0, 0, 0, 0, 0, 0
2091, 03_3_75, 0, 0, 0, 0, 0, 0, 0, 0
2092, 03_3_76, 0, 0, 0, 0, 0, 0, 0, 0
2093, 03_3_77, 0, 0, 0, 0, 0, 0, 0, 0
2094, 03_3_78, 0, 0, 0, 0, 0, 0, 0, 0
2095, 03_3_79, 0, 0, 0, 0, 0, 0, 0, 0
2096, 03_3_80, 0, 0, 0, 0, 0, 0, 0, 0
2097, 03_3_81, 0, 0, 0, 0, 0, 0, 0, 0
2098, 03_3_82, 0, 0, 0, 0, 0, 0, 0, 0
2099, 03_3_83, 0, 0, 0, 0, 0, 0, 0, 0
2100, 03_3_84, 0, 0, 0, 0, 0, 0, 0, 0
2101, 03_3_85, 0, 0, 0, 0, 0, 0, 0, 0
2102, 03_3_86, 0, 0, 0, 0, 0, 0, 0, 0
2103, 03_3_87, 0, 0, 0, 0, 0, 0, 0, 0
2104, 03_3_88, 0, 0, 0, 0, 0, 0, 0, 0
2105, 03_3_89, 0, 0, 0, 0, 0, 0, 0, 0
2106, 03_3_90, 0, 0, 0, 0, 0, 0, 0, 0
2107, 03_3_91, 0, 0, 0, 0, 0, 0, 0, 0
2108, 03_3_92, 0, 0, 0, 0, 0, 0, 0, 0
2109, 03_3_93, 0, 0, 0, 0, 0, 0, 0, 0
2110, 03_3_94, 0, 0, 0, 0, 0, 0, 0, 0
2111, 03_3_95, 0, 0, 0, 0, 0, 0, 0, 0
2112, 03_4_00, 0, 0, 0, 0, 0, 0, 0, 0
2113, 03_4_01, 0, 0, 0, 0, 0, 0, 0, 0
2114, 03_4_02, 0, 0, 0, 0, 0, 0, 0, 0
2115, 03_4_03, 0, 0, 0, 0, 0, 0, 0, 0
2116, 03_4_04, 0, 0, 0, 0, 0, 0, 0, 0
2117, 03_4_05, 0, 0, 0, 0, 0, 0, 0, 0
2118, 03_4_06, 0, 0, 0, 0, 0, 0, 0, 0
2119, 03_4_07, 0, 0, 0, 0, 0, 0, 0, 0
2120, 03_4_08, 0, 0, 0, 0, 0, 0, 0, 0
2121, 03_4_09, 0, 0, 0, 0, 0, 0, 0, 0
2122, 03_4_10, 0, 0, 0, 0, 0, 0, 0, 0
2123, 03_4_11, 0, 0, 0, 0, 0, 0, 0, 0
2124, 03_4_12, 0, 0, 0, 0, 0, 0, 0, 0
2125, 03_4_13, 0, 0, 0, 0, 0, 0, 0, 0
2126, 03_4_14, 0, 0, 0, 0, 0, 0, 0, 0
2127, 03_4_15, 0, 0, 0, 0, 0, 0, 0, 0
2128, 03_4_16, 0, 0, 0, 0, 0, 0, 0, 0
2129, 03_4_17, 0, 0, 0, 0, 0, 0, 0, 0
2130, 03_4_18, 0, 0, 0, 0, 0, 0, 0, 0
2131, 03_4_19, 0, 0, 0, 0, 0, 0, 0, 0
2132, 03_4_20, 0, 0, 0, 0, 0, 0, 0, 0
2133, 03_4_21, 0, 0, 0, 0, 0, 0, 0, 0
2134, 03_4_22, 0, 0, 0, 0, 0, 0, 0, 0
2135, 03_4_23, 0, 0, 0, 0, 0, 0, 0, 0
2136, 03_4_24, 0, 0, 0, 0, 0, 0, 0, 0
2137, 03_4_25, 0, 0, 0, 0, 0, 0, 0, 0
2138, 03_4_26, 0, 0, 0, 0, 0, 0, 0, 0
2139, 03_4_27, 0, 0, 0, 0, 0, 0, 0, 0
2140, 03_4_28, 0, 0, 0, 0, 0, 0, 0, 0
2141, 03_4_29, 0, 0, 0, 0, 0, 0, 0, 0
2142, 03_4_30, 0, 0, 0, 0, 0, 0, 0, 0
2143, 03_4_31, 0, 0, 0, 0, 0, 0, 0, 0
2144, 03_4_32, 0, 0, 0, 0, 0, 0, 0, 0
2145, 03_4_33, 0, 0, 0, 0, 0, 0, 0, 0
2146, 03_4_34, 0, 0, 0, 0, 0, 0, 0, 0
2147, 03_4_35, 0, 0, 0, 0, 0, 0, 0, 0
2148, 03_4_36, 0, 0, 0, 0, 0, 0, 0, 0
2149, 03_4_37, 0, 0, 0, 0, 0, 0, 0, 0
2150, 03_4_38, 0, 0, 0, 0, 0, 0, 0, 0
2151, 03_4_39, 0, 0, 0, 0, 0, 0, 0, 0
2152, 03_4_40, 0, 0, 0, 0, 0, 0, 0, 0
2153, 03_4_41, 0, 0, 0, 0, 0, 0, 0, 0
2154, 03_4_42, 0, 0, 0, 0, 0, 0, 0, 0
2155, 03_4_43, 0, 0, 0, 0, 0, 0, 0, 0
2156, 03_4_44, 0, 0, 0, 0, 0, 0, 0, 0
2157, 03_4_45, 0, 0, 0, 0, 0, 0, 0, 0
2158, 03_4_46, 0, 0, 0, 0, 0, 0, 0, 0
2159, 03_4_47, 0, 0, 0, 0, 0, 0, 0, 0
2160, 03_4_48, 0, 0, 0, 0, 0, 0, 0, 0
2161, 03_4_49, 0, 0, 0, 0, 0, 0, 0, 0
2162, 03_4_50, 0, 0, 0, 0, 0, 0, 0, 0
2163, 03_4_51, 0, 0, 0, 0, 0, 0, 0, 0
2164, 03_4_52, 0, 0, 0, 0, 0, 0, 0, 0
2165, 03_4_53, 0, 0, 0, 0, 0, 0, 0, 0
2166, 03_4_54, 0, 0, 0, 0, 0, 0, 0, 0
2167, 03_4_55, 0, 0, 0, 0, 0, 0, 0, 0
2168, 03_4_56, 0, 0, 0, 0, 0, 0, 0, 0
2169, 03_4_57, 0, 0, 0, 0, 0, 0, 0, 0
2170, 03_4_58, 0, 0, 0, 0, 0, 0, 0, 0
2171, 03_4_59, 0, 0, 0, 0, 0, 0, 0, 0
2172, 03_4_60, 0, 0, 0, 0, 0, 0, 0, 0
2173, 03_4_61, 0, 0, 0, 0, 0, 0, 0, 0
2174, 03_4_62, 0, 0, 0, 0, 0, 0, 0, 0
2175, 03_4_63, 0, 0, 0, 0, 0, 0, 0, 0
2176, 03_4_64, 0, 0, 0, 0, 0, 0, 0, 0
2177, 03_4_65, 0, 0, 0, 0, 0, 0, 0, 0
2178, 03_4_66, 0, 0, 0, 0, 0, 0, 0, 0
2179, 03_4_67, 0, 0, 0, 0, 0, 0, 0, 0
2180, 03_4_68, 0, 0, 0, 0, 0, 0, 0, 0
2181, 03_4_69, 0, 0, 0, 0, 0, 0, 0, 0
2182, 03_4_70, 0, 0, 0, 0, 0, 0, 0, 0
2183, 03_4_71, 0, 0, 0, 0, 0, 0, 0, 0
2184, 03_4_72, 0, 0, 0, 0, 0, 0, 0, 0
2185, 03_4_73, 0, 0, 0, 0, 0, 0, 0, 0
2186, 03_4_74, 0, 0, 0, 0, 0, 0, 0, 0
2187, 03_4_75, 0, 0, 0, 0, 0, 0, 0, 0
2188, 03_4_76, 0, 0, 0, 0, 0, 0, 0, 0
2189, 03_4_77, 0, 0, 0, 0, 0, 0, 0, 0
2190, 03_4_78, 0, 0, 0, 0, 0, 0, 0, 0
2191, 03_4_79, 0, 0, 0, 0, 0, 0, 0, 0
2192, 03_4_80, 0, 0, 0, 0, 0, 0, 0, 0
2193, 03_4_81, 0, 0, 0, 0, 0, 0, 0, 0
2194, 03_4_82, 0, 0, 0, 0, 0, 0, 0, 0
2195, 03_4_83, 0, 0, 0, 0, 0, 0, 0, 0
2196, 03_4_84, 0, 0, 0, 0, 0, 0, 0, 0
2197, 03_4_85, 0, 0, 0, 0, 0, 0, 0, 0
2198, 03_4_86, 0, 0, 0, 0, 0, 0, 0, 0
2199, 03_4_87, 0, 0, 0, 0, 0, 0, 0, 0
2200, 03_4_88, 0, 0, 0, 0, 0, 0, 0, 0
2201, 03_4_89, 0, 0, 0, 0, 0, 0, 0, 0
2202, 03_4_90, 0, 0, 0, 0, 0, 0, 0, 0
2203, 03_4_91, 0, 0, 0, 0, 0, 0, 0, 0
2204, 03_4_92, 0, 0, 0, 0, 0, 0, 0, 0
2205, 03_4_93, 0, 0, 0, 0, 0, 0, 0, 0
2206, 03_4_94, 0, 0, 0, 0, 0, 0, 0, 0
2207, 03_4_95, 0, 0, 0, 0, 0, 0, 0, 0
2208, 03_5_00, 0, 0, 0, 0, 0, 0, 0, 0
2209, 03_5_01, 0, 0, 0, 0, 0, 0, 0, 0
2210, 03_5_02, 0, 0, 0, 0, 0, 0, 0, 0
2211, 03_5_03, 0, 0, 0, 0, 0, 0, 0, 0
2212, 03_5_04, 0, 0, 0, 0, 0, 0, 0, 0
2213, 03_5_05, 0, 0, 0, 0, 0, 0, 0, 0
2214, 03_5_06, 0, 0, 0, 0, 0, 0, 0, 0
2215, 03_5_07, 0, 0, 0, 0, 0, 0, 0, 0
2216, 03_5_08, 0, 0, 0, 0, 0, 0, 0, 0
2217, 03_5_09, 0, 0, 0, 0, 0, 0, 0, 0
2218, 03_5_10, 0, 0, 0, 0, 0, 0, 0, 0
2219, 03_5_11, 0, 0, 0, 0, 0, 0, 0, 0
2220, 03_5_12, 0, 0, 0, 0, 0, 0, 0, 0
2221, 03_5_13, 0, 0, 0, 0, 0, 0, 0, 0
2222, 03_5_14, 0, 0, 0, 0, 0, 0, 0, 0
2223, 03_5_15, 0, 0, 0, 0, 0, 0, 0, 0
2224, 03_5_16, 0, 0, 0, 0, 0, 0, 0, 0
2225, 03_5_17, 0, 0, 0, 0, 0, 0, 0, 0
2226, 03_5_18, 0, 0, 0, 0, 0, 0, 0, 0
2227, 03_5_19, 0, 0, 0, 0, 0, 0, 0, 0
2228, 03_5_20, 0, 0, 0, 0, 0, 0, 0, 0
2229, 03_5_21, 0, 0, 0, 0, 0, 0, 0, 0
2230, 03_5_22, 0, 0, 0, 0, 0, 0, 0, 0
2231, 03_5_23, 0, 0, 0, 0, 0, 0, 0, 0
2232, 03_5_24, 0, 0, 0, 0, 0, 0, 0, 0
2233, 03_5_25, 0, 0, 0, 0, 0, 0, 0, 0
2234, 03_5_26, 0, 0, 0, 0, 0, 0, 0, 0
2235, 03_5_27, 0, 0, 0, 0, 0, 0, 0, 0
2236, 03_5_28, 0, 0, 0, 0, 0, 0, 0, 0
2237, 03_5_29, 0, 0, 0, 0, 0, 0, 0, 0
2238, 03_5_30, 0, 0, 0, 0, 0, 0, 0, 0
2239, 03_5_31, 0, 0, 0, 0, 0, 0, 0, 0
2240, 03_5_32, 0, 0, 0, 0, 0, 0, 0, 0
2241, 03_5_33, 0, 0, 0, 0, 0, 0, 0, 0
2242, 03_5_34, 0, 0, 0, 0, 0, 0, 0, 0
2243, 03_5_35, 0, 0, 0, 0, 0, 0, 0, 0
2244, 03_5_36, 0, 0, 0, 0, 0, 0, 0, 0
2245, 03_5_37, 0, 0, 0, 0, 0, 0, 0, 0
2246, 03_5_38, 0, 0, 0, 0, 0, 0, 0, 0
2247, 03_5_39, 0, 0, 0, 0, 0, 0, 0, 0
2248, 03_5_40, 0, 0, 0, 0, 0, 0, 0, 0
2249, 03_5_41, 0, 0, 0, 0, 0, 0, 0, 0
2250, 03_5_42, 0, 0, 0, 0, 0, 0, 0, 0
2251, 03_5_43, 0, 0, 0, 0, 0, 0, 0, 0
2252, 03_5_44, 0, 0, 0, 0, 0, 0, 0, 0
2253, 03_5_45, 0, 0, 0, 0, 0, 0, 0, 0
2254, 03_5_46, 0, 0, 0, 0, 0, 0, 0, 0
2255, 03_5_47, 0, 0, 0, 0, 0, 0, 0, 0
2256, 03_5_48, 0, 0, 0, 0, 0, 0, 0, 0
2257, 03_5_49, 0, 0, 0, 0, 0, 0, 0, 0
2258, 03_5_50, 0, 0, 0, 0, 0, 0, 0, 0
2259, 03_5_51, 0, 0, 0, 0, 0, 0, 0, 0
2260, 03_5_52, 0, 0, 0, 0, 0, 0, 0, 0
2261, 03_5_53, 0, 0, 0, 0, 0, 0, 0, 0
2262, 03_5_54, 0, 0, 0, 0, 0, 0, 0, 0
2263, 03_5_55, 0, 0, 0, 0, 0, 0, 0, 0
2264, 03_5_56, 0, 0, 0, 0, 0, 0, 0, 0
2265, 03_5_57, 0, 0, 0, 0, 0, 0, 0, 0
2266, 03_5_58, 0, 0, 0, 0, 0, 0, 0, 0
2267, 03_5_59, 0, 0, 0, 0, 0, 0, 0, 0
2268, 03_5_60, 0, 0, 0, 0, 0, 0, 0, 0
2269, 03_5_61, 0, 0, 0, 0, 0, 0, 0, 0
2270, 03_5_62, 0, 0, 0, 0, 0, 0, 0, 0
2271, 03_5_63, 0, 0, 0, 0, 0, 0, 0, 0
2272, 03_5_64, 0, 0, 0, 0, 0, 0, 0, 0
2273, 03_5_65, 0, 0, 0, 0, 0, 0, 0, 0
2274, 03_5_66, 0, 0, 0, 0, 0, 0, 0, 0
2275, 03_5_67, 0, 0, 0, 0, 0, 0, 0, 0
2276, 03_5_68, 0, 0, 0, 0, 0, 0, 0, 0
2277, 03_5_69, 0, 0, 0, 0, 0, 0, 0, 0
2278, 03_5_70, 0, 0, 0, 0, 0, 0, 0, 0
2279, 03_5_71, 0, 0, 0, 0, 0, 0, 0, 0
2280, 03_5_72, 0, 0, 0, 0, 0, 0, 0, 0
2281, 03_5_73, 0, 0, 0, 0, 0, 0, 0, 0
2282, 03_5_74, 0, 0, 0, 0, 0, 0, 0, 0
2283, 03_5_75, 0, 0, 0, 0, 0, 0, 0, 0
2284, 03_5_76, 0, 0, 0, 0, 0, 0, 0, 0
2285, 03_5_77, 0, 0, 0, 0, 0, 0, 0, 0
2286, 03_5_78, 0, 0, 0, 0, 0, 0, 0, 0
2287, 03_5_79, 0, 0, 0, 0, 0, 0, 0, 0
2288, 03_5_80, 0, 0, 0, 0, 0, 0, 0, 0
2289, 03_5_81, 0, 0, 0, 0, 0, 0, 0, 0
2290, 03_5_82, 0, 0, 0, 0, 0, 0, 0, 0
2291, 03_5_83, 0, 0, 0, 0, 0, 0, 0, 0
2292, 03_5_84, 0, 0, 0, 0, 0, 0, 0, 0
2293, 03_5_85, 0, 0, 0, 0, 0, 0, 0, 0
2294, 03_5_86, 0, 0, 0, 0, 0, 0, 0, 0
2295, 03_5_87, 0, 0, 0, 0, 0, 0, 0, 0
2296, 03_5_88, 0, 0, 0, 0, 0, 0, 0, 0
2297, 03_5_89, 0, 0, 0, 0, 0, 0, 0, 0
2298, 03_5_90, 0, 0, 0, 0, 0, 0, 0, 0
2299, 03_5_91, 0, 0, 0, 0, 0, 0, 0, 0
2300, 03_5_92, 0, 0, 0, 0, 0, 0, 0, 0
2301, 03_5_93, 0, 0, 0, 0, 0, 0, 0, 0
2302, 03_5_94, 0, 0, 0, 0, 0, 0, 0, 0
2303, 03_5_95, 0, 0, 0, 0, 0, 0, 0, 0
2304, 04_0_00, 0, 0, 0, 0, 0, 0, 0, 0
2305, 04_0_01, 0, 0, 0, 0, 0, 0, 0, 0
2306, 04_0_02, 0, 0, 0, 0, 0, 0, 0, 0
2307, 04_0_03, 0, 0, 0, 0, 0, 0, 0, 0
2308, 04_0_04, 0, 0, 0, 0, 0, 0, 0, 0
2309, 04_0_05, 0, 0, 0, 0, 0, 0, 0, 0
2310, 04_0_06, 0, 0, 0, 0, 0, 0, 0, 0
2311, 04_0_07, 0, 0, 0, 0, 0, 0, 0, 0
2312, 04_0_08, 0, 0, 0, 0, 0, 0, 0, 0
2313, 04_0_09, 0, 0, 0, 0, 0, 0, 0, 0
2314, 04_0_10, 0, 0, 0, 0, 0, 0, 0, 0
2315, 04_0_11, 0, 0, 0, 0, 0, 0, 0, 0
2316, 04_0_12, 0, 0, 0, 0, 0, 0, 0, 0
2317, 04_0_13, 0, 0, 0, 0, 0, 0, 0, 0
2318, 04_0_14, 0, 0, 0, 0, 0, 0, 0, 0
2319, 04_0_15, 0, 0, 0, 0, 0, 0, 0, 0
2320, 04_0_16, 0, 0, 0, 0, 0, 0, 0, 0
2321, 04_0_17, 0, 0, 0, 0, 0, 0, 0, 0
2322, 04_0_18, 0, 0, 0, 0, 0, 0, 0, 0
2323, 04_0_19, 0, 0, 0, 0, 0, 0, 0, 0
2324, 04_0_20, 0, 0, 0, 0, 0, 0, 0, 0
2325, 04_0_21, 0, 0, 0, 0, 0, 0, 0, 0
2326, 04_0_22, 0, 0, 0, 0, 0, 0, 0, 0
2327, 04_0_23, 0, 0, 0, 0, 0, 0, 0, 0
2328, 04_0_24, 0, 0, 0, 0, 0, 0, 0, 0
2329, 04_0_25, 0, 0, 0, 0, 0, 0, 0, 0
2330, 04_0_26, 0, 0, 0, 0, 0, 0, 0, 0
2331, 04_0_27, 0, 0, 0, 0, 0, 0, 0, 0
2332, 04_0_28, 0, 0, 0, 0, 0, 0, 0, 0
2333, 04_0_29, 0, 0, 0, 0, 0, 0, 0, 0
2334, 04_0_30, 0, 0, 0, 0, 0, 0, 0, 0
2335, 04_0_31, 0, 0, 0, 0, 0, 0, 0, 0
2336, 04_0_32, 0, 0, 0, 0, 0, 0, 0, 0
2337, 04_0_33, 0, 0, 0, 0, 0, 0, 0, 0
2338, 04_0_34, 0, 0, 0, 0, 0, 0, 0, 0
2339, 04_0_35, 0, 0, 0, 0, 0, 0, 0, 0
2340, 04_0_36, 0, 0, 0, 0, 0, 0, 0, 0
2341, 04_0_37, 0, 0, 0, 0, 0, 0, 0, 0
2342, 04_0_38, 0, 0, 0, 0, 0, 0, 0, 0
2343, 04_0_39, 0, 0, 0, 0, 0, 0, 0, 0
2344, 04_0_40, 0, 0, 0, 0, 0, 0, 0, 0
2345, 04_0_41, 0, 0, 0, 0, 0, 0, 0, 0
2346, 04_0_42, 0, 0, 0, 0, 0, 0, 0, 0
2347, 04_0_43, 0, 0, 0, 0, 0, 0, 0, 0
2348, 04_0_44, 0, 0, 0, 0, 0, 0, 0, 0
2349, 04_0_45, 0, 0, 0, 0, 0, 0, 0, 0
2350, 04_0_46, 0, 0, 0, 0, 0, 0, 0, 0
2351, 04_0_47, 0, 0, 0, 0, 0, 0, 0, 0
2352, 04_0_48, 0, 0, 0, 0, 0, 0, 0, 0
2353, 04_0_49, 0, 0, 0, 0, 0, 0, 0, 0
2354, 04_0_50, 0, 0, 0, 0, 0, 0, 0, 0
2355, 04_0_51, 0, 0, 0, 0, 0, 0, 0, 0
2356, 04_0_52, 0, 0, 0, 0, 0, 0, 0, 0
2357, 04_0_53, 0, 0, 0, 0, 0, 0, 0, 0
2358, 04_0_54, 0, 0, 0, 0, 0, 0, 0, 0
2359, 04_0_55, 0, 0, 0, 0, 0, 0, 0, 0
2360, 04_0_56, 0, 0, 0, 0, 0, 0, 0, 0
2361, 04_0_57, 0, 0, 0, 0, 0, 0, 0, 0
2362, 04_0_58, 0, 0, 0, 0, 0, 0, 0, 0
2363, 04_0_59, 0, 0, 0, 0, 0, 0, 0, 0
2364, 04_0_60, 0, 0, 0, 0, 0, 0, 0, 0
2365, 04_0_61, 0, 0, 0, 0, 0, 0, 0, 0
2366, 04_0_62, 0, 0, 0, 0, 0, 0, 0, 0
2367, 04_0_63, 0, 0, 0, 0, 0, 0, 0, 0
2368, 04_0_64, 0, 0, 0, 0, 0, 0, 0, 0
2369, 04_0_65, 0, 0, 0, 0, 0, 0, 0, 0
2370, 04_0_66, 0, 0, 0, 0, 0, 0, 0, 0
2371, 04_0_67, 0, 0, 0, 0, 0, 0, 0, 0
2372, 04_0_68, 0, 0, 0, 0, 0, 0, 0, 0
2373, 04_0_69, 0, 0, 0, 0, 0, 0, 0, 0
2374, 04_0_70, 0, 0, 0, 0, 0, 0, 0, 0
2375, 04_0_71, 0, 0, 0, 0, 0, 0, 0, 0
2376, 04_0_72, 0, 0, 0, 0, 0, 0, 0, 0
2377, 04_0_73, 0, 0, 0, 0, 0, 0, 0, 0
2378, 04_0_74, 0, 0, 0, 0, 0, 0, 0, 0
2379, 04_0_75, 0, 0, 0, 0, 0, 0, 0, 0
2380, 04_0_76, 0, 0, 0, 0, 0, 0, 0, 0
2381, 04_0_77, 0, 0, 0, 0, 0, 0, 0, 0
2382, 04_0_78, 0, 0, 0, 0, 0, 0, 0, 0
2383, 04_0_79, 0, 0, 0, 0, 0, 0, 0, 0
2384, 04_0_80, 0, 0, 0, 0, 0, 0, 0, 0
2385, 04_0_81, 0, 0, 0, 0, 0, 0, 0, 0
2386, 04_0_82, 0, 0, 0, 0, 0, 0, 0, 0
2387, 04_0_83, 0, 0, 0, 0, 0, 0, 0, 0
2388, 04_0_84, 0, 0, 0, 0, 0, 0, 0, 0
2389, 04_0_85, 0, 0, 0, 0, 0, 0, 0, 0
2390, 04_0_86, 0, 0, 0, 0, 0, 0, 0, 0
2391, 04_0_87, 0, 0, 0, 0, 0, 0, 0, 0
2392, 04_0_88, 0, 0, 0, 0, 0, 0, 0, 0
2393, 04_0_89, 0, 0, 0, 0, 0, 0, 0, 0
2394, 04_0_90, 0, 0, 0, 0, 0, 0, 0, 0
2395, 04_0_91, 0, 0, 0, 0, 0, 0, 0, 0
2396, 04_0_92, 0, 0, 0, 0, 0, 0, 0, 0
2397, 04_0_93, 0, 0, 0, 0, 0, 0, 0, 0
2398, 04_0_94, 0, 0, 0, 0, 0, 0, 0, 0
2399, 04_0_95, 0, 0, 0, 0, 0, 0, 0, 0
2400, 04_1_00, 0, 0, 0, 0, 0, 0, 0, 0
2401, 04_1_01, 0, 0, 0, 0, 0, 0, 0, 0
2402, 04_1_02, 0, 0, 0, 0, 0, 0, 0, 0
2403, 04_1_03, 0, 0, 0, 0, 0, 0, 0, 0
2404, 04_1_04, 0, 0, 0, 0, 0, 0, 0, 0
2405, 04_1_05, 0, 0, 0, 0, 0, 0, 0, 0
2406, 04_1_06, 0, 0, 0, 0, 0, 0, 0, 0
2407, 04_1_07, 0, 0, 0, 0, 0, 0, 0, 0
2408, 04_1_08, 0, 0, 0, 0, 0, 0, 0, 0
2409, 04_1_09, 0, 0, 0, 0, 0, 0, 0, 0
2410, 04_1_10, 0, 0, 0, 0, 0, 0, 0, 0
2411, 04_1_11, 0, 0, 0, 0, 0, 0, 0, 0
2412, 04_1_12, 0, 0, 0, 0, 0, 0, 0, 0
2413, 04_1_13, 0, 0, 0, 0, 0, 0, 0, 0
2414, 04_1_14, 0, 0, 0, 0, 0, 0, 0, 0
2415, 04_1_15, 0, 0, 0, 0, 0, 0, 0, 0
2416, 04_1_16, 0, 0, 0, 0, 0, 0, 0, 0
2417, 04_1_17, 0, 0, 0, 0, 0, 0, 0, 0
2418, 04_1_18, 0, 0, 0, 0, 0, 0, 0, 0
2419, 04_1_19, 0, 0, 0, 0, 0, 0, 0, 0
2420, 04_1_20, 0, 0, 0, 0, 0, 0, 0, 0
2421, 04_1_21, 0, 0, 0, 0, 0, 0, 0, 0
2422, 04_1_22, 0, 0, 0, 0, 0, 0, 0, 0
2423, 04_1_23, 0, 0, 0, 0, 0, 0, 0, 0
2424, 04_1_24, 0, 0, 0, 0, 0, 0, 0, 0
2425, 04_1_25, 0, 0, 0, 0, 0, 0, 0, 0
2426, 04_1_26, 0, 0, 0, 0, 0, 0, 0, 0
2427, 04_1_27, 0, 0, 0, 0, 0, 0, 0, 0
2428, 04_1_28, 0, 0, 0, 0, 0, 0, 0, 0
2429, 04_1_29, 0, 0, 0, 0, 0, 0, 0, 0
2430, 04_1_30, 0, 0, 0, 0, 0, 0, 0, 0
2431, 04_1_31, 0, 0, 0, 0, 0, 0, 0, 0
2432, 04_1_32, 0, 0, 0, 0, 0, 0, 0, 0
2433, 04_1_33, 0, 0, 0, 0, 0, 0, 0, 0
2434, 04_1_34, 0, 0, 0, 0, 0, 0, 0, 0
2435, 04_1_35, 0, 0, 0, 0, 0, 0, 0, 0
2436, 04_1_36, 0, 0, 0, 0, 0, 0, 0, 0
2437, 04_1_37, 0, 0, 0, 0, 0, 0, 0, 0
2438, 04_1_38, 0, 0, 0, 0, 0, 0, 0, 0
2439, 04_1_39, 0, 0, 0, 0, 0, 0, 0, 0
2440, 04_1_40, 0, 0, 0, 0, 0, 0, 0, 0
2441, 04_1_41, 0, 0, 0, 0, 0, 0, 0, 0
2442, 04_1_42, 0, 0, 0, 0, 0, 0, 0, 0
2443, 04_1_43, 0, 0, 0, 0, 0, 0, 0, 0
2444, 04_1_44, 0, 0, 0, 0, 0, 0, 0, 0
2445, 04_1_45, 0, 0, 0, 0, 0, 0, 0, 0
2446, 04_1_46, 0, 0, 0, 0, 0, 0, 0, 0
2447, 04_1_47, 0, 0, 0, 0, 0, 0, 0, 0
2448, 04_1_48, 0, 0, 0, 0, 0, 0, 0, 0
2449, 04_1_49, 0, 0, 0, 0, 0, 0, 0, 0
2450, 04_1_50, 0, 0, 0, 0, 0, 0, 0, 0
2451, 04_1_51, 0, 0, 0, 0, 0, 0, 0, 0
2452, 04_1_52, 0, 0, 0, 0, 0, 0, 0, 0
2453, 04_1_53, 0, 0, 0, 0, 0, 0, 0, 0
2454, 04_1_54, 0, 0, 0, 0, 0, 0, 0, 0
2455, 04_1_55, 0, 0, 0, 0, 0, 0, 0, 0
2456, 04_1_56, 0, 0, 0, 0, 0, 0, 0, 0
2457, 04_1_57, 0, 0, 0, 0, 0, 0, 0, 0
2458, 04_1_58, 0, 0, 0, 0, 0, 0, 0, 0
2459, 04_1_59, 0, 0, 0, 0, 0, 0, 0, 0
2460, 04_1_60, 0, 0, 0, 0, 0, 0, 0, 0
2461, 04_1_61, 0, 0, 0, 0, 0, 0, 0, 0
2462, 04_1_62, 0, 0, 0, 0, 0, 0, 0, 0
2463, 04_1_63, 0, 0, 0, 0, 0, 0, 0, 0
2464, 04_1_64, 0, 0, 0, 0, 0, 0, 0, 0
2465, 04_1_65, 0, 0, 0, 0, 0, 0, 0, 0
2466, 04_1_66, 0, 0, 0, 0, 0, 0, 0, 0
2467, 04_1_67, 0, 0, 0, 0, 0, 0, 0, 0
2468, 04_1_68, 0, 0, 0, 0, 0, 0, 0, 0
2469, 04_1_69, 0, 0, 0, 0, 0, 0, 0, 0
2470, 04_1_70, 0, 0, 0, 0, 0, 0, 0, 0
2471, 04_1_71, 0, 0, 0, 0, 0, 0, 0, 0
2472, 04_1_72, 0, 0, 0, 0, 0, 0, 0, 0
2473, 04_1_73, 0, 0, 0, 0, 0, 0, 0, 0
2474, 04_1_74, 0, 0, 0, 0, 0, 0, 0, 0
2475, 04_1_75, 0, 0, 0, 0, 0, 0, 0, 0
2476, 04_1_76, 0, 0, 0, 0, 0, 0, 0, 0
2477, 04_1_77, 0, 0, 0, 0, 0, 0, 0, 0
2478, 04_1_78, 0, 0, 0, 0, 0, 0, 0, 0
2479, 04_1_79, 0, 0, 0, 0, 0, 0, 0, 0
2480, 04_1_80, 0, 0, 0, 0, 0, 0, 0, 0
2481, 04_1_81, 0, 0, 0, 0, 0, 0, 0, 0
2482, 04_1_82, 0, 0, 0, 0, 0, 0, 0, 0
2483, 04_1_83, 0, 0, 0, 0, 0, 0, 0, 0
2484, 04_1_84, 0, 0, 0, 0, 0, 0, 0, 0
2485, 04_1_85, 0, 0, 0, 0, 0, 0, 0, 0
2486, 04_1_86, 0, 0, 0, 0, 0, 0, 0, 0
2487, 04_1_87, 0, 0, 0, 0, 0, 0, 0, 0
2488, 04_1_88, 0, 0, 0, 0, 0, 0, 0, 0
2489, 04_1_89, 0, 0, 0, 0, 0, 0, 0, 0
2490, 04_1_90, 0, 0, 0, 0, 0, 0, 0, 0
2491, 04_1_91, 0, 0, 0, 0, 0, 0, 0, 0
2492, 04_1_92, 0, 0, 0, 0, 0, 0, 0, 0
2493, 04_1_93, 0, 0, 0, 0, 0, 0, 0, 0
2494, 04_1_94, 0, 0, 0, 0, 0, 0, 0, 0
2495, 04_1_95, 0, 0, 0, 0, 0, 0, 0, 0
2496, 04_2_00, 0, 0, 0, 0, 0, 0, 0, 0
2497, 04_2_01, 0, 0, 0, 0, 0, 0, 0, 0
2498, 04_2_02, 0, 0, 0, 0, 0, 0, 0, 0
2499, 04_2_03, 0, 0, 0, 0, 0, 0, 0, 0
2500, 04_2_04, 0, 0, 0, 0, 0, 0, 0, 0
2501, 04_2_05, 0, 0, 0, 0, 0, 0, 0, 0
2502, 04_2_06, 0, 0, 0, 0, 0, 0, 0, 0
2503, 04_2_07, 0, 0, 0, 0, 0, 0, 0, 0
2504, 04_2_08, 0, 0, 0, 0, 0, 0, 0, 0
2505, 04_2_09, 0, 0, 0, 0, 0, 0, 0, 0
2506, 04_2_10, 0, 0, 0, 0, 0, 0, 0, 0
2507, 04_2_11, 0, 0, 0, 0, 0, 0, 0, 0
2508, 04_2_12, 0, 0, 0, 0, 0, 0, 0, 0
2509, 04_2_13, 0, 0, 0, 0, 0, 0, 0, 0
2510, 04_2_14, 0, 0, 0, 0, 0, 0, 0, 0
2511, 04_2_15, 0, 0, 0, 0, 0, 0, 0, 0
2512, 04_2_16, 0, 0, 0, 0, 0, 0, 0, 0
2513, 04_2_17, 0, 0, 0, 0, 0, 0, 0, 0
2514, 04_2_18, 0, 0, 0, 0, 0, 0, 0, 0
2515, 04_2_19, 0, 0, 0, 0, 0, 0, 0, 0
2516, 04_2_20, 0, 0, 0, 0, 0, 0, 0, 0
2517, 04_2_21, 0, 0, 0, 0, 0, 0, 0, 0
2518, 04_2_22, 0, 0, 0, 0, 0, 0, 0, 0
2519, 04_2_23, 0, 0, 0, 0, 0, 0, 0, 0
2520, 04_2_24, 0, 0, 0, 0, 0, 0, 0, 0
2521, 04_2_25, 0, 0, 0, 0, 0, 0, 0, 0
2522, 04_2_26, 0, 0, 0, 0, 0, 0, 0, 0
2523, 04_2_27, 0, 0, 0, 0, 0, 0, 0, 0
2524, 04_2_28, 0, 0, 0, 0, 0, 0, 0, 0
2525, 04_2_29, 0, 0, 0, 0, 0, 0, 0, 0
2526, 04_2_30, 0, 0, 0, 0, 0, 0, 0, 0
2527, 04_2_31, 0, 0, 0, 0, 0, 0, 0, 0
2528, 04_2_32, 0, 0, 0, 0, 0, 0, 0, 0
2529, 04_2_33, 0, 0, 0, 0, 0, 0, 0, 0
2530, 04_2_34, 0, 0, 0, 0, 0, 0, 0, 0
2531, 04_2_35, 0, 0, 0, 0, 0, 0, 0, 0
2532, 04_2_36, 0, 0, 0, 0, 0, 0, 0, 0
2533, 04_2_37, 0, 0, 0, 0, 0, 0, 0, 0
2534, 04_2_38, 0, 0, 0, 0, 0, 0, 0, 0
2535, 04_2_39, 0, 0, 0, 0, 0, 0, 0, 0
2536, 04_2_40, 0, 0, 0, 0, 0, 0, 0, 0
2537, 04_2_41, 0, 0, 0, 0, 0, 0, 0, 0
2538, 04_2_42, 0, 0, 0, 0, 0, 0, 0, 0
2539, 04_2_43, 0, 0, 0, 0, 0, 0, 0, 0
2540, 04_2_44, 0, 0, 0, 0, 0, 0, 0, 0
2541, 04_2_45, 0, 0, 0, 0, 0, 0, 0, 0
2542, 04_2_46, 0, 0, 0, 0, 0, 0, 0, 0
2543, 04_2_47, 0, 0, 0, 0, 0, 0, 0, 0
2544, 04_2_48, 0, 0, 0, 0, 0, 0, 0, 0
2545, 04_2_49, 0, 0, 0, 0, 0, 0, 0, 0
2546, 04_2_50, 0, 0, 0, 0, 0, 0, 0, 0
2547, 04_2_51, 0, 0, 0, 0, 0, 0, 0, 0
2548, 04_2_52, 0, 0, 0, 0, 0, 0, 0, 0
2549, 04_2_53, 0, 0, 0, 0, 0, 0, 0, 0
2550, 04_2_54, 0, 0, 0, 0, 0, 0, 0, 0
2551, 04_2_55, 0, 0, 0, 0, 0, 0, 0, 0
2552, 04_2_56, 0, 0, 0, 0, 0, 0, 0, 0
2553, 04_2_57, 0, 0, 0, 0, 0, 0, 0, 0
2554, 04_2_58, 0, 0, 0, 0, 0, 0, 0, 0
2555, 04_2_59, 0, 0, 0, 0, 0, 0, 0, 0
2556, 04_2_60, 0, 0, 0, 0, 0, 0, 0, 0
2557, 04_2_61, 0, 0, 0, 0, 0, 0, 0, 0
2558, 04_2_62, 0, 0, 0, 0, 0, 0, 0, 0
2559, 04_2_63, 0, 0, 0, 0, 0, 0, 0, 0
2560, 04_2_64, 0, 0, 0, 0, 0, 0, 0, 0
2561, 04_2_65, 0, 0, 0, 0, 0, 0, 0, 0
2562, 04_2_66, 0, 0, 0, 0, 0, 0, 0, 0
2563, 04_2_67, 0, 0, 0, 0, 0, 0, 0, 0
2564, 04_2_68, 0, 0, 0, 0, 0, 0, 0, 0
2565, 04_2_69, 0, 0, 0, 0, 0, 0, 0, 0
2566, 04_2_70, 0, 0, 0, 0, 0, 0, 0, 0
2567, 04_2_71, 0, 0, 0, 0, 0, 0, 0, 0
2568, 04_2_72, 0, 0, 0, 0, 0, 0, 0, 0
2569, 04_2_73, 0, 0, 0, 0, 0, 0, 0, 0
2570, 04_2_74, 0, 0, 0, 0, 0, 0, 0, 0
2571, 04_2_75, 0, 0, 0, 0, 0, 0, 0, 0
2572, 04_2_76, 0, 0, 0, 0, 0, 0, 0, 0
2573, 04_2_77, 0, 0, 0, 0, 0, 0, 0, 0
2574, 04_2_78, 0, 0, 0, 0, 0, 0, 0, 0
2575, 04_2_79, 0, 0, 0, 0, 0, 0, 0, 0
2576, 04_2_80, 0, 0, 0, 0, 0, 0, 0, 0
2577, 04_2_81, 0, 0, 0, 0, 0, 0, 0, 0
2578, 04_2_82, 0, 0, 0, 0, 0, 0, 0, 0
2579, 04_2_83, 0, 0, 0, 0, 0, 0, 0, 0
2580, 04_2_84, 0, 0, 0, 0, 0, 0, 0, 0
2581, 04_2_85, 0, 0, 0, 0, 0, 0, 0, 0
2582, 04_2_86, 0, 0, 0, 0, 0, 0, 0, 0
2583, 04_2_87, 0, 0, 0, 0, 0, 0, 0, 0
2584, 04_2_88, 0, 0, 0, 0, 0, 0, 0, 0
2585, 04_2_89, 0, 0, 0, 0, 0, 0, 0, 0
2586, 04_2_90, 0, 0, 0, 0, 0, 0, 0, 0
2587, 04_2_91, 0, 0, 0, 0, 0, 0, 0, 0
2588, 04_2_92, 0, 0, 0, 0, 0, 0, 0, 0
2589, 04_2_93, 0, 0, 0, 0, 0, 0, 0, 0
2590, 04_2_94, 0, 0, 0, 0, 0, 0, 0, 0
2591, 04_2_95, 0, 0, 0, 0, 0, 0, 0, 0
2592, 04_3_00, 0, 0, 0, 0, 0, 0, 0, 0
2593, 04_3_01, 0, 0, 0, 0, 0, 0, 0, 0
2594, 04_3_02, 0, 0, 0, 0, 0, 0, 0, 0
2595, 04_3_03, 0, 0, 0, 0, 0, 0, 0, 0
2596, 04_3_04, 0, 0, 0, 0, 0, 0, 0, 0
2597, 04_3_05, 0, 0, 0, 0, 0, 0, 0, 0
2598, 04_3_06, 0, 0, 0, 0, 0, 0, 0, 0
2599, 04_3_07, 0, 0, 0, 0, 0, 0, 0, 0
2600, 04_3_08, 0, 0, 0, 0, 0, 0, 0, 0
2601, 04_3_09, 0, 0, 0, 0, 0, 0, 0, 0
2602, 04_3_10, 0, 0, 0, 0, 0, 0, 0, 0
2603, 04_3_11, 0, 0, 0, 0, 0, 0, 0, 0
2604, 04_3_12, 0, 0, 0, 0, 0, 0, 0, 0
2605, 04_3_13, 0, 0, 0, 0, 0, 0, 0, 0
2606, 04_3_14, 0, 0, 0, 0, 0, 0, 0, 0
2607, 04_3_15, 0, 0, 0, 0, 0, 0, 0, 0
2608, 04_3_16, 0, 0, 0, 0, 0, 0, 0, 0
2609, 04_3_17, 0, 0, 0, 0, 0, 0, 0, 0
2610, 04_3_18, 0, 0, 0, 0, 0, 0, 0, 0
2611, 04_3_19, 0, 0, 0, 0, 0, 0, 0, 0
2612, 04_3_20, 0, 0, 0, 0, 0, 0, 0, 0
2613, 04_3_21, 0, 0, 0, 0, 0, 0, 0, 0
2614, 04_3_22, 0, 0, 0, 0, 0, 0, 0, 0
2615, 04_3_23, 0, 0, 0, 0, 0, 0, 0, 0
2616, 04_3_24, 0, 0, 0, 0, 0, 0, 0, 0
2617, 04_3_25, 0, 0, 0, 0, 0, 0, 0, 0
2618, 04_3_26, 0, 0, 0, 0, 0, 0, 0, 0
2619, 04_3_27, 0, 0, 0, 0, 0, 0, 0, 0
2620, 04_3_28, 0, 0, 0, 0, 0, 0, 0, 0
2621, 04_3_29, 0, 0, 0, 0, 0, 0, 0, 0
2622, 04_3_30, 0, 0, 0, 0, 0, 0, 0, 0
2623, 04_3_31, 0, 0, 0, 0, 0, 0, 0, 0
2624, 04_3_32, 0, 0, 0, 0, 0, 0, 0, 0
2625, 04_3_33, 0, 0, 0, 0, 0, 0, 0, 0
2626, 04_3_34, 0, 0, 0, 0, 0, 0, 0, 0
2627, 04_3_35, 0, 0, 0, 0, 0, 0, 0, 0
2628, 04_3_36, 0, 0, 0, 0, 0, 0, 0, 0
2629, 04_3_37, 0, 0, 0, 0, 0, 0, 0, 0
2630, 04_3_38, 0, 0, 0, 0, 0, 0, 0, 0
2631, 04_3_39, 0, 0, 0, 0, 0, 0, 0, 0
2632, 04_3_40, 0, 0, 0, 0, 0, 0, 0, 0
2633, 04_3_41, 0, 0, 0, 0, 0, 0, 0, 0
2634, 04_3_42, 0, 0, 0, 0, 0, 0, 0, 0
2635, 04_3_43, 0, 0, 0, 0, 0, 0, 0, 0
2636, 04_3_44, 0, 0, 0, 0, 0, 0, 0, 0
2637, 04_3_45, 0, 0, 0, 0, 0, 0, 0, 0
2638, 04_3_46, 0, 0, 0, 0, 0, 0, 0, 0
2639, 04_3_47, 0, 0, 0, 0, 0, 0, 0, 0
2640, 04_3_48, 0, 0, 0, 0, 0, 0, 0, 0
2641, 04_3_49, 0, 0, 0, 0, 0, 0, 0, 0
2642, 04_3_50, 0, 0, 0, 0, 0, 0, 0, 0
2643, 04_3_51, 0, 0, 0, 0, 0, 0, 0, 0
2644, 04_3_52, 0, 0, 0, 0, 0, 0, 0, 0
2645, 04_3_53, 0, 0, 0, 0, 0, 0, 0, 0
2646, 04_3_54, 0, 0, 0, 0, 0, 0, 0, 0
2647, 04_3_55, 0, 0, 0, 0, 0, 0, 0, 0
2648, 04_3_56, 0, 0, 0, 0, 0, 0, 0, 0
2649, 04_3_57, 0, 0, 0, 0, 0, 0, 0, 0
2650, 04_3_58, 0, 0, 0, 0, 0, 0, 0, 0
2651, 04_3_59, 0, 0, 0, 0, 0, 0, 0, 0
2652, 04_3_60, 0, 0, 0, 0, 0, 0, 0, 0
2653, 04_3_61, 0, 0, 0, 0, 0, 0, 0, 0
2654, 04_3_62, 0, 0, 0, 0, 0, 0, 0, 0
2655, 04_3_63, 0, 0, 0, 0, 0, 0, 0, 0
2656, 04_3_64, 0, 0, 0, 0, 0, 0, 0, 0
2657, 04_3_65, 0, 0, 0, 0, 0, 0, 0, 0
2658, 04_3_66, 0, 0, 0, 0, 0, 0, 0, 0
2659, 04_3_67, 0, 0, 0, 0, 0, 0, 0, 0
2660, 04_3_68, 0, 0, 0, 0, 0, 0, 0, 0
2661, 04_3_69, 0, 0, 0, 0, 0, 0, 0, 0
2662, 04_3_70, 0, 0, 0, 0, 0, 0, 0, 0
2663, 04_3_71, 0, 0, 0, 0, 0, 0, 0, 0
2664, 04_3_72, 0, 0, 0, 0, 0, 0, 0, 0
2665, 04_3_73, 0, 0, 0, 0, 0, 0, 0, 0
2666, 04_3_74, 0, 0, 0, 0, 0, 0, 0, 0
2667, 04_3_75, 0, 0, 0, 0, 0, 0, 0, 0
2668, 04_3_76, 0, 0, 0, 0, 0, 0, 0, 0
2669, 04_3_77, 0, 0, 0, 0, 0, 0, 0, 0
2670, 04_3_78, 0, 0, 0, 0, 0, 0, 0, 0
2671, 04_3_79, 0, 0, 0, 0, 0, 0, 0, 0
2672, 04_3_80, 0, 0, 0, 0, 0, 0, 0, 0
2673, 04_3_81, 0, 0, 0, 0, 0, 0, 0, 0
2674, 04_3_82, 0, 0, 0, 0, 0, 0, 0, 0
2675, 04_3_83, 0, 0, 0, 0, 0, 0, 0, 0
2676, 04_3_84, 0, 0, 0, 0, 0, 0, 0, 0
2677, 04_3_85, 0, 0, 0, 0, 0, 0, 0, 0
2678, 04_3_86, 0, 0, 0, 0, 0, 0, 0, 0
2679, 04_3_87, 0, 0, 0, 0, 0, 0, 0, 0
2680, 04_3_88, 0, 0, 0, 0, 0, 0, 0, 0
2681, 04_3_89, 0, 0, 0, 0, 0, 0, 0, 0
2682, 04_3_90, 0, 0, 0, 0, 0, 0, 0, 0
2683, 04_3_91, 0, 0, 0, 0, 0, 0, 0, 0
2684, 04_3_92, 0, 0, 0, 0, 0, 0, 0, 0
2685, 04_3_93, 0, 0, 0, 0, 0, 0, 0, 0
2686, 04_3_94, 0, 0, 0, 0, 0, 0, 0, 0
2687, 04_3_95, 0, 0, 0, 0, 0, 0, 0, 0
2688, 04_4_00, 0, 0, 0, 0, 0, 0, 0, 0
2689, 04_4_01, 0, 0, 0, 0, 0, 0, 0, 0
2690, 04_4_02, 0, 0, 0, 0, 0, 0, 0, 0
2691, 04_4_03, 0, 0, 0, 0, 0, 0, 0, 0
2692, 04_4_04, 0, 0, 0, 0, 0, 0, 0, 0
2693, 04_4_05, 0, 0, 0, 0, 0, 0, 0, 0
2694, 04_4_06, 0, 0, 0, 0, 0, 0, 0, 0
2695, 04_4_07, 0, 0, 0, 0, 0, 0, 0, 0
2696, 04_4_08, 0, 0, 0, 0, 0, 0, 0, 0
2697, 04_4_09, 0, 0, 0, 0, 0, 0, 0, 0
2698, 04_4_10, 0, 0, 0, 0, 0, 0, 0, 0
2699, 04_4_11, 0, 0, 0, 0, 0, 0, 0, 0
2700, 04_4_12, 0, 0, 0, 0, 0, 0, 0, 0
2701, 04_4_13, 0, 0, 0, 0, 0, 0, 0, 0
2702, 04_4_14, 0, 0, 0, 0, 0, 0, 0, 0
2703, 04_4_15, 0, 0, 0, 0, 0, 0, 0, 0
2704, 04_4_16, 0, 0, 0, 0, 0, 0, 0, 0
2705, 04_4_17, 0, 0, 0, 0, 0, 0, 0, 0
2706, 04_4_18, 0, 0, 0, 0, 0, 0, 0, 0
2707, 04_4_19, 0, 0, 0, 0, 0, 0, 0, 0
2708, 04_4_20, 0, 0, 0, 0, 0, 0, 0, 0
2709, 04_4_21, 0, 0, 0, 0, 0, 0, 0, 0
2710, 04_4_22, 0, 0, 0, 0, 0, 0, 0, 0
2711, 04_4_23, 0, 0, 0, 0, 0, 0, 0, 0
2712, 04_4_24, 0, 0, 0, 0, 0, 0, 0, 0
2713, 04_4_25, 0, 0, 0, 0, 0, 0, 0, 0
2714, 04_4_26, 0, 0, 0, 0, 0, 0, 0, 0
2715, 04_4_27, 0, 0, 0, 0, 0, 0, 0, 0
2716, 04_4_28, 0, 0, 0, 0, 0, 0, 0, 0
2717, 04_4_29, 0, 0, 0, 0, 0, 0, 0, 0
2718, 04_4_30, 0, 0, 0, 0, 0, 0, 0, 0
2719, 04_4_31, 0, 0, 0, 0, 0, 0, 0, 0
2720, 04_4_32, 0, 0, 0, 0, 0, 0, 0, 0
2721, 04_4_33, 0, 0, 0, 0, 0, 0, 0, 0
2722, 04_4_34, 0, 0, 0, 0, 0, 0, 0, 0
2723, 04_4_35, 0, 0, 0, 0, 0, 0, 0, 0
2724, 04_4_36, 0, 0, 0, 0, 0, 0, 0, 0
2725, 04_4_37, 0, 0, 0, 0, 0, 0, 0, 0
2726, 04_4_38, 0, 0, 0, 0, 0, 0, 0, 0
2727, 04_4_39, 0, 0, 0, 0, 0, 0, 0, 0
2728, 04_4_40, 0, 0, 0, 0, 0, 0, 0, 0
2729, 04_4_41, 0, 0, 0, 0, 0, 0, 0, 0
2730, 04_4_42, 0, 0, 0, 0, 0, 0, 0, 0
2731, 04_4_43, 0, 0, 0, 0, 0, 0, 0, 0
2732, 04_4_44, 0, 0, 0, 0, 0, 0, 0, 0
2733, 04_4_45, 0, 0, 0, 0, 0, 0, 0, 0
2734, 04_4_46, 0, 0, 0, 0, 0, 0, 0, 0
2735, 04_4_47, 0, 0, 0, 0, 0, 0, 0, 0
2736, 04_4_48, 0, 0, 0, 0, 0, 0, 0, 0
2737, 04_4_49, 0, 0, 0, 0, 0, 0, 0, 0
2738, 04_4_50, 0, 0, 0, 0, 0, 0, 0, 0
2739, 04_4_51, 0, 0, 0, 0, 0, 0, 0, 0
2740, 04_4_52, 0, 0, 0, 0, 0, 0, 0, 0
2741, 04_4_53, 0, 0, 0, 0, 0, 0, 0, 0
2742, 04_4_54, 0, 0, 0, 0, 0, 0, 0, 0
2743, 04_4_55, 0, 0, 0, 0, 0, 0, 0, 0
2744, 04_4_56, 0, 0, 0, 0, 0, 0, 0, 0
2745, 04_4_57, 0, 0, 0, 0, 0, 0, 0, 0
2746, 04_4_58, 0, 0, 0, 0, 0, 0, 0, 0
2747, 04_4_59, 0, 0, 0, 0, 0, 0, 0, 0
2748, 04_4_60, 0, 0, 0, 0, 0, 0, 0, 0
2749, 04_4_61, 0, 0, 0, 0, 0, 0, 0, 0
2750, 04_4_62, 0, 0, 0, 0, 0, 0, 0, 0
2751, 04_4_63, 0, 0, 0, 0, 0, 0, 0, 0
2752, 04_4_64, 0, 0, 0, 0, 0, 0, 0, 0
2753, 04_4_65, 0, 0, 0, 0, 0, 0, 0, 0
2754, 04_4_66, 0, 0, 0, 0, 0, 0, 0, 0
2755, 04_4_67, 0, 0, 0, 0, 0, 0, 0, 0
2756, 04_4_68, 0, 0, 0, 0, 0, 0, 0, 0
2757, 04_4_69, 0, 0, 0, 0, 0, 0, 0, 0
2758, 04_4_70, 0, 0, 0, 0, 0, 0, 0, 0
2759, 04_4_71, 0, 0, 0, 0, 0, 0, 0, 0
2760, 04_4_72, 0, 0, 0, 0, 0, 0, 0, 0
2761, 04_4_73, 0, 0, 0, 0, 0, 0, 0, 0
2762, 04_4_74, 0, 0, 0, 0, 0, 0, 0, 0
2763, 04_4_75, 0, 0, 0, 0, 0, 0, 0, 0
2764, 04_4_76, 0, 0, 0, 0, 0, 0, 0, 0
2765, 04_4_77, 0, 0, 0, 0, 0, 0, 0, 0
2766, 04_4_78, 0, 0, 0, 0, 0, 0, 0, 0
2767, 04_4_79, 0, 0, 0, 0, 0, 0, 0, 0
2768, 04_4_80, 0, 0, 0, 0, 0, 0, 0, 0
2769, 04_4_81, 0, 0, 0, 0, 0, 0, 0, 0
2770, 04_4_82, 0, 0, 0, 0, 0, 0, 0, 0
2771, 04_4_83, 0, 0, 0, 0, 0, 0, 0, 0
2772, 04_4_84, 0, 0, 0, 0, 0, 0, 0, 0
2773, 04_4_85, 0, 0, 0, 0, 0, 0, 0, 0
2774, 04_4_86, 0, 0, 0, 0, 0, 0, 0, 0
2775, 04_4_87, 0, 0, 0, 0, 0, 0, 0, 0
2776, 04_4_88, 0, 0, 0, 0, 0, 0, 0, 0
2777, 04_4_89, 0, 0, 0, 0, 0, 0, 0, 0
2778, 04_4_90, 0, 0, 0, 0, 0, 0, 0, 0
2779, 04_4_91, 0, 0, 0, 0, 0, 0, 0, 0
2780, 04_4_92, 0, 0, 0, 0, 0, 0, 0, 0
2781, 04_4_93, 0, 0, 0, 0, 0, 0, 0, 0
2782, 04_4_94, 0, 0, 0, 0, 0, 0, 0, 0
2783, 04_4_95, 0, 0, 0, 0, 0, 0, 0, 0
2784, 04_5_00, 0, 0, 0, 0, 0, 0, 0, 0
2785, 04_5_01, 0, 0, 0, 0, 0, 0, 0, 0
2786, 04_5_02, 0, 0, 0, 0, 0, 0, 0, 0
2787, 04_5_03, 0, 0, 0, 0, 0, 0, 0, 0
2788, 04_5_04, 0, 0, 0, 0, 0, 0, 0, 0
2789, 04_5_05, 0, 0, 0, 0, 0, 0, 0, 0
2790, 04_5_06, 0, 0, 0, 0, 0, 0, 0, 0
2791, 04_5_07, 0, 0, 0, 0, 0, 0, 0, 0
2792, 04_5_08, 0, 0, 0, 0, 0, 0, 0, 0
2793, 04_5_09, 0, 0, 0, 0, 0, 0, 0, 0
2794, 04_5_10, 0, 0, 0, 0, 0, 0, 0, 0
2795, 04_5_11, 0, 0, 0, 0, 0, 0, 0, 0
2796, 04_5_12, 0, 0, 0, 0, 0, 0, 0, 0
2797, 04_5_13, 0, 0, 0, 0, 0, 0, 0, 0
2798, 04_5_14, 0, 0, 0, 0, 0, 0, 0, 0
2799, 04_5_15, 0, 0, 0, 0, 0, 0, 0, 0
2800, 04_5_16, 0, 0, 0, 0, 0, 0, 0, 0
2801, 04_5_17, 0, 0, 0, 0, 0, 0, 0, 0
2802, 04_5_18, 0, 0, 0, 0, 0, 0, 0, 0
2803, 04_5_19, 0, 0, 0, 0, 0, 0, 0, 0
2804, 04_5_20, 0, 0, 0, 0, 0, 0, 0, 0
2805, 04_5_21, 0, 0, 0, 0, 0, 0, 0, 0
2806, 04_5_22, 0, 0, 0, 0, 0, 0, 0, 0
2807, 04_5_23, 0, 0, 0, 0, 0, 0, 0, 0
2808, 04_5_24, 0, 0, 0, 0, 0, 0, 0, 0
2809, 04_5_25, 0, 0, 0, 0, 0, 0, 0, 0
2810, 04_5_26, 0, 0, 0, 0, 0, 0, 0, 0
2811, 04_5_27, 0, 0, 0, 0, 0, 0, 0, 0
2812, 04_5_28, 0, 0, 0, 0, 0, 0, 0, 0
2813, 04_5_29, 0, 0, 0, 0, 0, 0, 0, 0
2814, 04_5_30, 0, 0, 0, 0, 0, 0, 0, 0
2815, 04_5_31, 0, 0, 0, 0, 0, 0, 0, 0
2816, 04_5_32, 0, 0, 0, 0, 0, 0, 0, 0
2817, 04_5_33, 0, 0, 0, 0, 0, 0, 0, 0
2818, 04_5_34, 0, 0, 0, 0, 0, 0, 0, 0
2819, 04_5_35, 0, 0, 0, 0, 0, 0, 0, 0
2820, 04_5_36, 0, 0, 0, 0, 0, 0, 0, 0
2821, 04_5_37, 0, 0, 0, 0, 0, 0, 0, 0
2822, 04_5_38, 0, 0, 0, 0, 0, 0, 0, 0
2823, 04_5_39, 0, 0, 0, 0, 0, 0, 0, 0
2824, 04_5_40, 0, 0, 0, 0, 0, 0, 0, 0
2825, 04_5_41, 0, 0, 0, 0, 0, 0, 0, 0
2826, 04_5_42, 0, 0, 0, 0, 0, 0, 0, 0
2827, 04_5_43, 0, 0, 0, 0, 0, 0, 0, 0
2828, 04_5_44, 0, 0, 0, 0, 0, 0, 0, 0
2829, 04_5_45, 0, 0, 0, 0, 0, 0, 0, 0
2830, 04_5_46, 0, 0, 0, 0, 0, 0, 0, 0
2831, 04_5_47, 0, 0, 0, 0, 0, 0, 0, 0
2832, 04_5_48, 0, 0, 0, 0, 0, 0, 0, 0
2833, 04_5_49, 0, 0, 0, 0, 0, 0, 0, 0
2834, 04_5_50, 0, 0, 0, 0, 0, 0, 0, 0
2835, 04_5_51, 0, 0, 0, 0, 0, 0, 0, 0
2836, 04_5_52, 0, 0, 0, 0, 0, 0, 0, 0
2837, 04_5_53, 0, 0, 0, 0, 0, 0, 0, 0
2838, 04_5_54, 0, 0, 0, 0, 0, 0, 0, 0
2839, 04_5_55, 0, 0, 0, 0, 0, 0, 0, 0
2840, 04_5_56, 0, 0, 0, 0, 0, 0, 0, 0
2841, 04_5_57, 0, 0, 0, 0, 0, 0, 0, 0
2842, 04_5_58, 0, 0, 0, 0, 0, 0, 0, 0
2843, 04_5_59, 0, 0, 0, 0, 0, 0, 0, 0
2844, 04_5_60, 0, 0, 0, 0, 0, 0, 0, 0
2845, 04_5_61, 0, 0, 0, 0, 0, 0, 0, 0
2846, 04_5_62, 0, 0, 0, 0, 0, 0, 0, 0
2847, 04_5_63, 0, 0, 0, 0, 0, 0, 0, 0
2848, 04_5_64, 0, 0, 0, 0, 0, 0, 0, 0
2849, 04_5_65, 0, 0, 0, 0, 0, 0, 0, 0
2850, 04_5_66, 0, 0, 0, 0, 0, 0, 0, 0
2851, 04_5_67, 0, 0, 0, 0, 0, 0, 0, 0
2852, 04_5_68, 0, 0, 0, 0, 0, 0, 0, 0
2853, 04_5_69, 0, 0, 0, 0, 0, 0, 0, 0
2854, 04_5_70, 0, 0, 0, 0, 0, 0, 0, 0
2855, 04_5_71, 0, 0, 0, 0, 0, 0, 0, 0
2856, 04_5_72, 0, 0, 0, 0, 0, 0, 0, 0
2857, 04_5_73, 0, 0, 0, 0, 0, 0, 0, 0
2858, 04_5_74, 0, 0, 0, 0, 0, 0, 0, 0
2859, 04_5_75, 0, 0, 0, 0, 0, 0, 0, 0
2860, 04_5_76, 0, 0, 0, 0, 0, 0, 0, 0
2861, 04_5_77, 0, 0, 0, 0, 0, 0, 0, 0
2862, 04_5_78, 0, 0, 0, 0, 0, 0, 0, 0
2863, 04_5_79, 0, 0, 0, 0, 0, 0, 0, 0
2864, 04_5_80, 0, 0, 0, 0, 0, 0, 0, 0
2865, 04_5_81, 0, 0, 0, 0, 0, 0, 0, 0
2866, 04_5_82, 0, 0, 0, 0, 0, 0, 0, 0
2867, 04_5_83, 0, 0, 0, 0, 0, 0, 0, 0
2868, 04_5_84, 0, 0, 0, 0, 0, 0, 0, 0
2869, 04_5_85, 0, 0, 0, 0, 0, 0, 0, 0
2870, 04_5_86, 0, 0, 0, 0, 0, 0, 0, 0
2871, 04_5_87, 0, 0, 0, 0, 0, 0, 0, 0
2872, 04_5_88, 0, 0, 0, 0, 0, 0, 0, 0
2873, 04_5_89, 0, 0, 0, 0, 0, 0, 0, 0
2874, 04_5_90, 0, 0, 0, 0, 0, 0, 0, 0
2875, 04_5_91, 0, 0, 0, 0, 0, 0, 0, 0
2876, 04_5_92, 0, 0, 0, 0, 0, 0, 0, 0
2877, 04_5_93, 0, 0, 0, 0, 0, 0, 0, 0
2878, 04_5_94, 0, 0, 0, 0, 0, 0, 0, 0
2879, 04_5_95, 0, 0, 0, 0, 0, 0, 0, 0
2880, 05_0_00, 0, 0, 0, 0, 0, 0, 0, 0
2881, 05_0_01, 0, 0, 0, 0, 0, 0, 0, 0
2882, 05_0_02, 0, 0, 0, 0, 0, 0, 0, 0
2883, 05_0_03, 0, 0, 0, 0, 0, 0, 0, 0
2884, 05_0_04, 0, 0, 0, 0, 0, 0, 0, 0
2885, 05_0_05, 0, 0, 0, 0, 0, 0, 0, 0
2886, 05_0_06, 0, 0, 0, 0, 0, 0, 0, 0
2887, 05_0_07, 0, 0, 0, 0, 0, 0, 0, 0
2888, 05_0_08, 0, 0, 0, 0, 0, 0, 0, 0
2889, 05_0_09, 0, 0, 0, 0, 0, 0, 0, 0
2890, 05_0_10, 0, 0, 0, 0, 0, 0, 0, 0
2891, 05_0_11, 0, 0, 0, 0, 0, 0, 0, 0
2892, 05_0_12, 0, 0, 0, 0, 0, 0, 0, 0
2893, 05_0_13, 0, 0, 0, 0, 0, 0, 0, 0
2894, 05_0_14, 0, 0, 0, 0, 0, 0, 0, 0
2895, 05_0_15, 0, 0, 0, 0, 0, 0, 0, 0
2896, 05_0_16, 0, 0, 0, 0, 0, 0, 0, 0
2897, 05_0_17, 0, 0, 0, 0, 0, 0, 0, 0
2898, 05_0_18, 0, 0, 0, 0, 0, 0, 0, 0
2899, 05_0_19, 0, 0, 0, 0, 0, 0, 0, 0
2900, 05_0_20, 0, 0, 0, 0, 0, 0, 0, 0
2901, 05_0_21, 0, 0, 0, 0, 0, 0, 0, 0
2902, 05_0_22, 0, 0, 0, 0, 0, 0, 0, 0
2903, 05_0_23, 0, 0, 0, 0, 0, 0, 0, 0
2904, 05_0_24, 0, 0, 0, 0, 0, 0, 0, 0
2905, 05_0_25, 0, 0, 0, 0, 0, 0, 0, 0
2906, 05_0_26, 0, 0, 0, 0, 0, 0, 0, 0
2907, 05_0_27, 0, 0, 0, 0, 0, 0, 0, 0
2908, 05_0_28, 0, 0, 0, 0, 0, 0, 0, 0
2909, 05_0_29, 0, 0, 0, 0, 0, 0, 0, 0
2910, 05_0_30, 0, 0, 0, 0, 0, 0, 0, 0
2911, 05_0_31, 0, 0, 0, 0, 0, 0, 0, 0
2912, 05_0_32, 0, 0, 0, 0, 0, 0, 0, 0
2913, 05_0_33, 0, 0, 0, 0, 0, 0, 0, 0
2914, 05_0_34, 0, 0, 0, 0, 0, 0, 0, 0
2915, 05_0_35, 0, 0, 0, 0, 0, 0, 0, 0
2916, 05_0_36, 0, 0, 0, 0, 0, 0, 0, 0
2917, 05_0_37, 0, 0, 0, 0, 0, 0, 0, 0
2918, 05_0_38, 0, 0, 0, 0, 0, 0, 0, 0
2919, 05_0_39, 0, 0, 0, 0, 0, 0, 0, 0
2920, 05_0_40, 0, 0, 0, 0, 0, 0, 0, 0
2921, 05_0_41, 0, 0, 0, 0, 0, 0, 0, 0
2922, 05_0_42, 0, 0, 0, 0, 0, 0, 0, 0
2923, 05_0_43, 0, 0, 0, 0, 0, 0, 0, 0
2924, 05_0_44, 0, 0, 0, 0, 0, 0, 0, 0
2925, 05_0_45, 0, 0, 0, 0, 0, 0, 0, 0
2926, 05_0_46, 0, 0, 0, 0, 0, 0, 0, 0
2927, 05_0_47, 0, 0, 0, 0, 0, 0, 0, 0
2928, 05_0_48, 0, 0, 0, 0, 0, 0, 0, 0
2929, 05_0_49, 0, 0, 0, 0, 0, 0, 0, 0
2930, 05_0_50, 0, 0, 0, 0, 0, 0, 0, 0
2931, 05_0_51, 0, 0, 0, 0, 0, 0, 0, 0
2932, 05_0_52, 0, 0, 0, 0, 0, 0, 0, 0
2933, 05_0_53, 0, 0, 0, 0, 0, 0, 0, 0
2934, 05_0_54, 0, 0, 0, 0, 0, 0, 0, 0
2935, 05_0_55, 0, 0, 0, 0, 0, 0, 0, 0
2936, 05_0_56, 0, 0, 0, 0, 0, 0, 0, 0
2937, 05_0_57, 0, 0, 0, 0, 0, 0, 0, 0
2938, 05_0_58, 0, 0, 0, 0, 0, 0, 0, 0
2939, 05_0_59, 0, 0, 0, 0, 0, 0, 0, 0
2940, 05_0_60, 0, 0, 0, 0, 0, 0, 0, 0
2941, 05_0_61, 0, 0, 0, 0, 0, 0, 0, 0
2942, 05_0_62, 0, 0, 0, 0, 0, 0, 0, 0
2943, 05_0_63, 0, 0, 0, 0, 0, 0, 0, 0
2944, 05_0_64, 0, 0, 0, 0, 0, 0, 0, 0
2945, 05_0_65, 0, 0, 0, 0, 0, 0, 0, 0
2946, 05_0_66, 0, 0, 0, 0, 0, 0, 0, 0
2947, 05_0_67, 0, 0, 0, 0, 0, 0, 0, 0
2948, 05_0_68, 0, 0, 0, 0, 0, 0, 0, 0
2949, 05_0_69, 0, 0, 0, 0, 0, 0, 0, 0
2950, 05_0_70, 0, 0, 0, 0, 0, 0, 0, 0
2951, 05_0_71, 0, 0, 0, 0, 0, 0, 0, 0
2952, 05_0_72, 0, 0, 0, 0, 0, 0, 0, 0
2953, 05_0_73, 0, 0, 0, 0, 0, 0, 0, 0
2954, 05_0_74, 0, 0, 0, 0, 0, 0, 0, 0
2955, 05_0_75, 0, 0, 0, 0, 0, 0, 0, 0
2956, 05_0_76, 0, 0, 0, 0, 0, 0, 0, 0
2957, 05_0_77, 0, 0, 0, 0, 0, 0, 0, 0
2958, 05_0_78, 0, 0, 0, 0, 0, 0, 0, 0
2959, 05_0_79, 0, 0, 0, 0, 0, 0, 0, 0
2960, 05_0_80, 0, 0, 0, 0, 0, 0, 0, 0
2961, 05_0_81, 0, 0, 0, 0, 0, 0, 0, 0
2962, 05_0_82, 0, 0, 0, 0, 0, 0, 0, 0
2963, 05_0_83, 0, 0, 0, 0, 0, 0, 0, 0
2964, 05_0_84, 0, 0, 0, 0, 0, 0, 0, 0
2965, 05_0_85, 0, 0, 0, 0, 0, 0, 0, 0
2966, 05_0_86, 0, 0, 0, 0, 0, 0, 0, 0
2967, 05_0_87, 0, 0, 0, 0, 0, 0, 0, 0
2968, 05_0_88, 0, 0, 0, 0, 0, 0, 0, 0
2969, 05_0_89, 0, 0, 0, 0, 0, 0, 0, 0
2970, 05_0_90, 0, 0, 0, 0, 0, 0, 0, 0
2971, 05_0_91, 0, 0, 0, 0, 0, 0, 0, 0
2972, 05_0_92, 0, 0, 0, 0, 0, 0, 0, 0
2973, 05_0_93, 0, 0, 0, 0, 0, 0, 0, 0
2974, 05_0_94, 0, 0, 0, 0, 0, 0, 0, 0
2975, 05_0_95, 0, 0, 0, 0, 0, 0, 0, 0
2976, 05_1_00, 0, 0, 0, 0, 0, 0, 0, 0
2977, 05_1_01, 0, 0, 0, 0, 0, 0, 0, 0
2978, 05_1_02, 0, 0, 0, 0, 0, 0, 0, 0
2979, 05_1_03, 0, 0, 0, 0, 0, 0, 0, 0
2980, 05_1_04, 0, 0, 0, 0, 0, 0, 0, 0
2981, 05_1_05, 0, 0, 0, 0, 0, 0, 0, 0
2982, 05_1_06, 0, 0, 0, 0, 0, 0, 0, 0
2983, 05_1_07, 0, 0, 0, 0, 0, 0, 0, 0
2984, 05_1_08, 0, 0, 0, 0, 0, 0, 0, 0
2985, 05_1_09, 0, 0, 0, 0, 0, 0, 0, 0
2986, 05_1_10, 0, 0, 0, 0, 0, 0, 0, 0
2987, 05_1_11, 0, 0, 0, 0, 0, 0, 0, 0
2988, 05_1_12, 0, 0, 0, 0, 0, 0, 0, 0
2989, 05_1_13, 0, 0, 0, 0, 0, 0, 0, 0
2990, 05_1_14, 0, 0, 0, 0, 0, 0, 0, 0
2991, 05_1_15, 0, 0, 0, 0, 0, 0, 0, 0
2992, 05_1_16, 0, 0, 0, 0, 0, 0, 0, 0
2993, 05_1_17, 0, 0, 0, 0, 0, 0, 0, 0
2994, 05_1_18, 0, 0, 0, 0, 0, 0, 0, 0
2995, 05_1_19, 0, 0, 0, 0, 0, 0, 0, 0
2996, 05_1_20, 0, 0, 0, 0, 0, 0, 0, 0
2997, 05_1_21, 0, 0, 0, 0, 0, 0, 0, 0
2998, 05_1_22, 0, 0, 0, 0, 0, 0, 0, 0
2999, 05_1_23, 0, 0, 0, 0, 0, 0, 0, 0
3000, 05_1_24, 0, 0, 0, 0, 0, 0, 0, 0
3001, 05_1_25, 0, 0, 0, 0, 0, 0, 0, 0
3002, 05_1_26, 0, 0, 0, 0, 0, 0, 0, 0
3003, 05_1_27, 0, 0, 0, 0, 0, 0, 0, 0
3004, 05_1_28, 0, 0, 0, 0, 0, 0, 0, 0
3005, 05_1_29, 0, 0, 0, 0, 0, 0, 0, 0
3006, 05_1_30, 0, 0, 0, 0, 0, 0, 0, 0
3007, 05_1_31, 0, 0, 0, 0, 0, 0, 0, 0
3008, 05_1_32, 0, 0, 0, 0, 0, 0, 0, 0
3009, 05_1_33, 0, 0, 0, 0, 0, 0, 0, 0
3010, 05_1_34, 0, 0, 0, 0, 0, 0, 0, 0
3011, 05_1_35, 0, 0, 0, 0, 0, 0, 0, 0
3012, 05_1_36, 0, 0, 0, 0, 0, 0, 0, 0
3013, 05_1_37, 0, 0, 0, 0, 0, 0, 0, 0
3014, 05_1_38, 0, 0, 0, 0, 0, 0, 0, 0
3015, 05_1_39, 0, 0, 0, 0, 0, 0, 0, 0
3016, 05_1_40, 0, 0, 0, 0, 0, 0, 0, 0
3017, 05_1_41, 0, 0, 0, 0, 0, 0, 0, 0
3018, 05_1_42, 0, 0, 0, 0, 0, 0, 0, 0
3019, 05_1_43, 0, 0, 0, 0, 0, 0, 0, 0
3020, 05_1_44, 0, 0, 0, 0, 0, 0, 0, 0
3021, 05_1_45, 0, 0, 0, 0, 0, 0, 0, 0
3022, 05_1_46, 0, 0, 0, 0, 0, 0, 0, 0
3023, 05_1_47, 0, 0, 0, 0, 0, 0, 0, 0
3024, 05_1_48, 0, 0, 0, 0, 0, 0, 0, 0
3025, 05_1_49, 0, 0, 0, 0, 0, 0, 0, 0
3026, 05_1_50, 0, 0, 0, 0, 0, 0, 0, 0
3027, 05_1_51, 0, 0, 0, 0, 0, 0, 0, 0
3028, 05_1_52, 0, 0, 0, 0, 0, 0, 0, 0
3029, 05_1_53, 0, 0, 0, 0, 0, 0, 0, 0
3030, 05_1_54, 0, 0, 0, 0, 0, 0, 0, 0
3031, 05_1_55, 0, 0, 0, 0, 0, 0, 0, 0
3032, 05_1_56, 0, 0, 0, 0, 0, 0, 0, 0
3033, 05_1_57, 0, 0, 0, 0, 0, 0, 0, 0
3034, 05_1_58, 0, 0, 0, 0, 0, 0, 0, 0
3035, 05_1_59, 0, 0, 0, 0, 0, 0, 0, 0
3036, 05_1_60, 0, 0, 0, 0, 0, 0, 0, 0
3037, 05_1_61, 0, 0, 0, 0, 0, 0, 0, 0
3038, 05_1_62, 0, 0, 0, 0, 0, 0, 0, 0
3039, 05_1_63, 0, 0, 0, 0, 0, 0, 0, 0
3040, 05_1_64, 0, 0, 0, 0, 0, 0, 0, 0
3041, 05_1_65, 0, 0, 0, 0, 0, 0, 0, 0
3042, 05_1_66, 0, 0, 0, 0, 0, 0, 0, 0
3043, 05_1_67, 0, 0, 0, 0, 0, 0, 0, 0
3044, 05_1_68, 0, 0, 0, 0, 0, 0, 0, 0
3045, 05_1_69, 0, 0, 0, 0, 0, 0, 0, 0
3046, 05_1_70, 0, 0, 0, 0, 0, 0, 0, 0
3047, 05_1_71, 0, 0, 0, 0, 0, 0, 0, 0
3048, 05_1_72, 0, 0, 0, 0, 0, 0, 0, 0
3049, 05_1_73, 0, 0, 0, 0, 0, 0, 0, 0
3050, 05_1_74, 0, 0, 0, 0, 0, 0, 0, 0
3051, 05_1_75, 0, 0, 0, 0, 0, 0, 0, 0
3052, 05_1_76, 0, 0, 0, 0, 0, 0, 0, 0
3053, 05_1_77, 0, 0, 0, 0, 0, 0, 0, 0
3054, 05_1_78, 0, 0, 0, 0, 0, 0, 0, 0
3055, 05_1_79, 0, 0, 0, 0, 0, 0, 0, 0
3056, 05_1_80, 0, 0, 0, 0, 0, 0, 0, 0
3057, 05_1_81, 0, 0, 0, 0, 0, 0, 0, 0
3058, 05_1_82, 0, 0, 0, 0, 0, 0, 0, 0
3059, 05_1_83, 0, 0, 0, 0, 0, 0, 0, 0
3060, 05_1_84, 0, 0, 0, 0, 0, 0, 0, 0
3061, 05_1_85, 0, 0, 0, 0, 0, 0, 0, 0
3062, 05_1_86, 0, 0, 0, 0, 0, 0, 0, 0
3063, 05_1_87, 0, 0, 0, 0, 0, 0, 0, 0
3064, 05_1_88, 0, 0, 0, 0, 0, 0, 0, 0
3065, 05_1_89, 0, 0, 0, 0, 0, 0, 0, 0
3066, 05_1_90, 0, 0, 0, 0, 0, 0, 0, 0
3067, 05_1_91, 0, 0, 0, 0, 0, 0, 0, 0
3068, 05_1_92, 0, 0, 0, 0, 0, 0, 0, 0
3069, 05_1_93, 0, 0, 0, 0, 0, 0, 0, 0
3070, 05_1_94, 0, 0, 0, 0, 0, 0, 0, 0
3071, 05_1_95, 0, 0, 0, 0, 0, 0, 0, 0
3072, 05_2_00, 0, 0, 0, 0, 0, 0, 0, 0
3073, 05_2_01, 0, 0, 0, 0, 0, 0, 0, 0
3074, 05_2_02, 0, 0, 0, 0, 0, 0, 0, 0
3075, 05_2_03, 0, 0, 0, 0, 0, 0, 0, 0
3076, 05_2_04, 0, 0, 0, 0, 0, 0, 0, 0
3077, 05_2_05, 0, 0, 0, 0, 0, 0, 0, 0
3078, 05_2_06, 0, 0, 0, 0, 0, 0, 0, 0
3079, 05_2_07, 0, 0, 0, 0, 0, 0, 0, 0
3080, 05_2_08, 0, 0, 0, 0, 0, 0, 0, 0
3081, 05_2_09, 0, 0, 0, 0, 0, 0, 0, 0
3082, 05_2_10, 0, 0, 0, 0, 0, 0, 0, 0
3083, 05_2_11, 0, 0, 0, 0, 0, 0, 0, 0
3084, 05_2_12, 0, 0, 0, 0, 0, 0, 0, 0
3085, 05_2_13, 0, 0, 0, 0, 0, 0, 0, 0
3086, 05_2_14, 0, 0, 0, 0, 0, 0, 0, 0
3087, 05_2_15, 0, 0, 0, 0, 0, 0, 0, 0
3088, 05_2_16, 0, 0, 0, 0, 0, 0, 0, 0
3089, 05_2_17, 0, 0, 0, 0, 0, 0, 0, 0
3090, 05_2_18, 0, 0, 0, 0, 0, 0, 0, 0
3091, 05_2_19, 0, 0, 0, 0, 0, 0, 0, 0
3092, 05_2_20, 0, 0, 0, 0, 0, 0, 0, 0
3093, 05_2_21, 0, 0, 0, 0, 0, 0, 0, 0
3094, 05_2_22, 0, 0, 0, 0, 0, 0, 0, 0
3095, 05_2_23, 0, 0, 0, 0, 0, 0, 0, 0
3096, 05_2_24, 0, 0, 0, 0, 0, 0, 0, 0
3097, 05_2_25, 0, 0, 0, 0, 0, 0, 0, 0
3098, 05_2_26, 0, 0, 0, 0, 0, 0, 0, 0
3099, 05_2_27, 0, 0, 0, 0, 0, 0, 0, 0
3100, 05_2_28, 0, 0, 0, 0, 0, 0, 0, 0
3101, 05_2_29, 0, 0, 0, 0, 0, 0, 0, 0
3102, 05_2_30, 0, 0, 0, 0, 0, 0, 0, 0
3103, 05_2_31, 0, 0, 0, 0, 0, 0, 0, 0
3104, 05_2_32, 0, 0, 0, 0, 0, 0, 0, 0
3105, 05_2_33, 0, 0, 0, 0, 0, 0, 0, 0
3106, 05_2_34, 0, 0, 0, 0, 0, 0, 0, 0
3107, 05_2_35, 0, 0, 0, 0, 0, 0, 0, 0
3108, 05_2_36, 0, 0, 0, 0, 0, 0, 0, 0
3109, 05_2_37, 0, 0, 0, 0, 0, 0, 0, 0
3110, 05_2_38, 0, 0, 0, 0, 0, 0, 0, 0
3111, 05_2_39, 0, 0, 0, 0, 0, 0, 0, 0
3112, 05_2_40, 0, 0, 0, 0, 0, 0, 0, 0
3113, 05_2_41, 0, 0, 0, 0, 0, 0, 0, 0
3114, 05_2_42, 0, 0, 0, 0, 0, 0, 0, 0
3115, 05_2_43, 0, 0, 0, 0, 0, 0, 0, 0
3116, 05_2_44, 0, 0, 0, 0, 0, 0, 0, 0
3117, 05_2_45, 0, 0, 0, 0, 0, 0, 0, 0
3118, 05_2_46, 0, 0, 0, 0, 0, 0, 0, 0
3119, 05_2_47, 0, 0, 0, 0, 0, 0, 0, 0
3120, 05_2_48, 0, 0, 0, 0, 0, 0, 0, 0
3121, 05_2_49, 0, 0, 0, 0, 0, 0, 0, 0
3122, 05_2_50, 0, 0, 0, 0, 0, 0, 0, 0
3123, 05_2_51, 0, 0, 0, 0, 0, 0, 0, 0
3124, 05_2_52, 0, 0, 0, 0, 0, 0, 0, 0
3125, 05_2_53, 0, 0, 0, 0, 0, 0, 0, 0
3126, 05_2_54, 0, 0, 0, 0, 0, 0, 0, 0
3127, 05_2_55, 0, 0, 0, 0, 0, 0, 0, 0
3128, 05_2_56, 0, 0, 0, 0, 0, 0, 0, 0
3129, 05_2_57, 0, 0, 0, 0, 0, 0, 0, 0
3130, 05_2_58, 0, 0, 0, 0, 0, 0, 0, 0
3131, 05_2_59, 0, 0, 0, 0, 0, 0, 0, 0
3132, 05_2_60, 0, 0, 0, 0, 0, 0, 0, 0
3133, 05_2_61, 0, 0, 0, 0, 0, 0, 0, 0
3134, 05_2_62, 0, 0, 0, 0, 0, 0, 0, 0
3135, 05_2_63, 0, 0, 0, 0, 0, 0, 0, 0
3136, 05_2_64, 0, 0, 0, 0, 0, 0, 0, 0
3137, 05_2_65, 0, 0, 0, 0, 0, 0, 0, 0
3138, 05_2_66, 0, 0, 0, 0, 0, 0, 0, 0
3139, 05_2_67, 0, 0, 0, 0, 0, 0, 0, 0
3140, 05_2_68, 0, 0, 0, 0, 0, 0, 0, 0
3141, 05_2_69, 0, 0, 0, 0, 0, 0, 0, 0
3142, 05_2_70, 0, 0, 0, 0, 0, 0, 0, 0
3143, 05_2_71, 0, 0, 0, 0, 0, 0, 0, 0
3144, 05_2_72, 0, 0, 0, 0, 0, 0, 0, 0
3145, 05_2_73, 0, 0, 0, 0, 0, 0, 0, 0
3146, 05_2_74, 0, 0, 0, 0, 0, 0, 0, 0
3147, 05_2_75, 0, 0, 0, 0, 0, 0, 0, 0
3148, 05_2_76, 0, 0, 0, 0, 0, 0, 0, 0
3149, 05_2_77, 0, 0, 0, 0, 0, 0, 0, 0
3150, 05_2_78, 0, 0, 0, 0, 0, 0, 0, 0
3151, 05_2_79, 0, 0, 0, 0, 0, 0, 0, 0
3152, 05_2_80, 0, 0, 0, 0, 0, 0, 0, 0
3153, 05_2_81, 0, 0, 0, 0, 0, 0, 0, 0
3154, 05_2_82, 0, 0, 0, 0, 0, 0, 0, 0
3155, 05_2_83, 0, 0, 0, 0, 0, 0, 0, 0
3156, 05_2_84, 0, 0, 0, 0, 0, 0, 0, 0
3157, 05_2_85, 0, 0, 0, 0, 0, 0, 0, 0
3158, 05_2_86, 0, 0, 0, 0, 0, 0, 0, 0
3159, 05_2_87, 0, 0, 0, 0, 0, 0, 0, 0
3160, 05_2_88, 0, 0, 0, 0, 0, 0, 0, 0
3161, 05_2_89, 0, 0, 0, 0, 0, 0, 0, 0
3162, 05_2_90, 0, 0, 0, 0, 0, 0, 0, 0
3163, 05_2_91, 0, 0, 0, 0, 0, 0, 0, 0
3164, 05_2_92, 0, 0, 0, 0, 0, 0, 0, 0
3165, 05_2_93, 0, 0, 0, 0, 0, 0, 0, 0
3166, 05_2_94, 0, 0, 0, 0, 0, 0, 0, 0
3167, 05_2_95, 0, 0, 0, 0, 0, 0, 0, 0
3168, 05_3_00, 0, 0, 0, 0, 0, 0, 0, 0
3169, 05_3_01, 0, 0, 0, 0, 0, 0, 0, 0
3170, 05_3_02, 0, 0, 0, 0, 0, 0, 0, 0
3171, 05_3_03, 0, 0, 0, 0, 0, 0, 0, 0
3172, 05_3_04, 0, 0, 0, 0, 0, 0, 0, 0
3173, 05_3_05, 0, 0, 0, 0, 0, 0, 0, 0
3174, 05_3_06, 0, 0, 0, 0, 0, 0, 0, 0
3175, 05_3_07, 0, 0, 0, 0, 0, 0, 0, 0
3176, 05_3_08, 0, 0, 0, 0, 0, 0, 0, 0
3177, 05_3_09, 0, 0, 0, 0, 0, 0, 0, 0
3178, 05_3_10, 0, 0, 0, 0, 0, 0, 0, 0
3179, 05_3_11, 0, 0, 0, 0, 0, 0, 0, 0
3180, 05_3_12, 0, 0, 0, 0, 0, 0, 0, 0
3181, 05_3_13, 0, 0, 0, 0, 0, 0, 0, 0
3182, 05_3_14, 0, 0, 0, 0, 0, 0, 0, 0
3183, 05_3_15, 0, 0, 0, 0, 0, 0, 0, 0
3184, 05_3_16, 0, 0, 0, 0, 0, 0, 0, 0
3185, 05_3_17, 0, 0, 0, 0, 0, 0, 0, 0
3186, 05_3_18, 0, 0, 0, 0, 0, 0, 0, 0
3187, 05_3_19, 0, 0, 0, 0, 0, 0, 0, 0
3188, 05_3_20, 0, 0, 0, 0, 0, 0, 0, 0
3189, 05_3_21, 0, 0, 0, 0, 0, 0, 0, 0
3190, 05_3_22, 0, 0, 0, 0, 0, 0, 0, 0
3191, 05_3_23, 0, 0, 0, 0, 0, 0, 0, 0
3192, 05_3_24, 0, 0, 0, 0, 0, 0, 0, 0
3193, 05_3_25, 0, 0, 0, 0, 0, 0, 0, 0
3194, 05_3_26, 0, 0, 0, 0, 0, 0, 0, 0
3195, 05_3_27, 0, 0, 0, 0, 0, 0, 0, 0
3196, 05_3_28, 0, 0, 0, 0, 0, 0, 0, 0
3197, 05_3_29, 0, 0, 0, 0, 0, 0, 0, 0
3198, 05_3_30, 0, 0, 0, 0, 0, 0, 0, 0
3199, 05_3_31, 0, 0, 0, 0, 0, 0, 0, 0
3200, 05_3_32, 0, 0, 0, 0, 0, 0, 0, 0
3201, 05_3_33, 0, 0, 0, 0, 0, 0, 0, 0
3202, 05_3_34, 0, 0, 0, 0, 0, 0, 0, 0
3203, 05_3_35, 0, 0, 0, 0, 0, 0, 0, 0
3204, 05_3_36, 0, 0, 0, 0, 0, 0, 0, 0
3205, 05_3_37, 0, 0, 0, 0, 0, 0, 0, 0
3206, 05_3_38, 0, 0, 0, 0, 0, 0, 0, 0
3207, 05_3_39, 0, 0, 0, 0, 0, 0, 0, 0
3208, 05_3_40, 0, 0, 0, 0, 0, 0, 0, 0
3209, 05_3_41, 0, 0, 0, 0, 0, 0, 0, 0
3210, 05_3_42, 0, 0, 0, 0, 0, 0, 0, 0
3211, 05_3_43, 0, 0, 0, 0, 0, 0, 0, 0
3212, 05_3_44, 0, 0, 0, 0, 0, 0, 0, 0
3213, 05_3_45, 0, 0, 0, 0, 0, 0, 0, 0
3214, 05_3_46, 0, 0, 0, 0, 0, 0, 0, 0
3215, 05_3_47, 0, 0, 0, 0, 0, 0, 0, 0
3216, 05_3_48, 0, 0, 0, 0, 0, 0, 0, 0
3217, 05_3_49, 0, 0, 0, 0, 0, 0, 0, 0
3218, 05_3_50, 0, 0, 0, 0, 0, 0, 0, 0
3219, 05_3_51, 0, 0, 0, 0, 0, 0, 0, 0
3220, 05_3_52, 0, 0, 0, 0, 0, 0, 0, 0
3221, 05_3_53, 0, 0, 0, 0, 0, 0, 0, 0
3222, 05_3_54, 0, 0, 0, 0, 0, 0, 0, 0
3223, 05_3_55, 0, 0, 0, 0, 0, 0, 0, 0
3224, 05_3_56, 0, 0, 0, 0, 0, 0, 0, 0
3225, 05_3_57, 0, 0, 0, 0, 0, 0, 0, 0
3226, 05_3_58, 0, 0, 0, 0, 0, 0, 0, 0
3227, 05_3_59, 0, 0, 0, 0, 0, 0, 0, 0
3228, 05_3_60, 0, 0, 0, 0, 0, 0, 0, 0
3229, 05_3_61, 0, 0, 0, 0, 0, 0, 0, 0
3230, 05_3_62, 0, 0, 0, 0, 0, 0, 0, 0
3231, 05_3_63, 0, 0, 0, 0, 0, 0, 0, 0
3232, 05_3_64, 0, 0, 0, 0, 0, 0, 0, 0
3233, 05_3_65, 0, 0, 0, 0, 0, 0, 0, 0
3234, 05_3_66, 0, 0, 0, 0, 0, 0, 0, 0
3235, 05_3_67, 0, 0, 0, 0, 0, 0, 0, 0
3236, 05_3_68, 0, 0, 0, 0, 0, 0, 0, 0
3237, 05_3_69, 0, 0, 0, 0, 0, 0, 0, 0
3238, 05_3_70, 0, 0, 0, 0, 0, 0, 0, 0
3239, 05_3_71, 0, 0, 0, 0, 0, 0, 0, 0
3240, 05_3_72, 0, 0, 0, 0, 0, 0, 0, 0
3241, 05_3_73, 0, 0, 0, 0, 0, 0, 0, 0
3242, 05_3_74, 0, 0, 0, 0, 0, 0, 0, 0
3243, 05_3_75, 0, 0, 0, 0, 0, 0, 0, 0
3244, 05_3_76, 0, 0, 0, 0, 0, 0, 0, 0
3245, 05_3_77, 0, 0, 0, 0, 0, 0, 0, 0
3246, 05_3_78, 0, 0, 0, 0, 0, 0, 0, 0
3247, 05_3_79, 0, 0, 0, 0, 0, 0, 0, 0
3248, 05_3_80, 0, 0, 0, 0, 0, 0, 0, 0
3249, 05_3_81, 0, 0, 0, 0, 0, 0, 0, 0
3250, 05_3_82, 0, 0, 0, 0, 0, 0, 0, 0
3251, 05_3_83, 0, 0, 0, 0, 0, 0, 0, 0
3252, 05_3_84, 0, 0, 0, 0, 0, 0, 0, 0
3253, 05_3_85, 0, 0, 0, 0, 0, 0, 0, 0
3254, 05_3_86, 0, 0, 0, 0, 0, 0, 0, 0
3255, 05_3_87, 0, 0, 0, 0, 0, 0, 0, 0
3256, 05_3_88, 0, 0, 0, 0, 0, 0, 0, 0
3257, 05_3_89, 0, 0, 0, 0, 0, 0, 0, 0
3258, 05_3_90, 0, 0, 0, 0, 0, 0, 0, 0
3259, 05_3_91, 0, 0, 0, 0, 0, 0, 0, 0
3260, 05_3_92, 0, 0, 0, 0, 0, 0, 0, 0
3261, 05_3_93, 0, 0, 0, 0, 0, 0, 0, 0
3262, 05_3_94, 0, 0, 0, 0, 0, 0, 0, 0
3263, 05_3_95, 0, 0, 0, 0, 0, 0, 0, 0
3264, 05_4_00, 0, 0, 0, 0, 0, 0, 0, 0
3265, 05_4_01, 0, 0, 0, 0, 0, 0, 0, 0
3266, 05_4_02, 0, 0, 0, 0, 0, 0, 0, 0
3267, 05_4_03, 0, 0, 0, 0, 0, 0, 0, 0
3268, 05_4_04, 0, 0, 0, 0, 0, 0, 0, 0
3269, 05_4_05, 0, 0, 0, 0, 0, 0, 0, 0
3270, 05_4_06, 0, 0, 0, 0, 0, 0, 0, 0
3271, 05_4_07, 0, 0, 0, 0, 0, 0, 0, 0
3272, 05_4_08, 0, 0, 0, 0, 0, 0, 0, 0
3273, 05_4_09, 0, 0, 0, 0, 0, 0, 0, 0
3274, 05_4_10, 0, 0, 0, 0, 0, 0, 0, 0
3275, 05_4_11, 0, 0, 0, 0, 0, 0, 0, 0
3276, 05_4_12, 0, 0, 0, 0, 0, 0, 0, 0
3277, 05_4_13, 0, 0, 0, 0, 0, 0, 0, 0
3278, 05_4_14, 0, 0, 0, 0, 0, 0, 0, 0
3279, 05_4_15, 0, 0, 0, 0, 0, 0, 0, 0
3280, 05_4_16, 0, 0, 0, 0, 0, 0, 0, 0
3281, 05_4_17, 0, 0, 0, 0, 0, 0, 0, 0
3282, 05_4_18, 0, 0, 0, 0, 0, 0, 0, 0
3283, 05_4_19, 0, 0, 0, 0, 0, 0, 0, 0
3284, 05_4_20, 0, 0, 0, 0, 0, 0, 0, 0
3285, 05_4_21, 0, 0, 0, 0, 0, 0, 0, 0
3286, 05_4_22, 0, 0, 0, 0, 0, 0, 0, 0
3287, 05_4_23, 0, 0, 0, 0, 0, 0, 0, 0
3288, 05_4_24, 0, 0, 0, 0, 0, 0, 0, 0
3289, 05_4_25, 0, 0, 0, 0, 0, 0, 0, 0
3290, 05_4_26, 0, 0, 0, 0, 0, 0, 0, 0
3291, 05_4_27, 0, 0, 0, 0, 0, 0, 0, 0
3292, 05_4_28, 0, 0, 0, 0, 0, 0, 0, 0
3293, 05_4_29, 0, 0, 0, 0, 0, 0, 0, 0
3294, 05_4_30, 0, 0, 0, 0, 0, 0, 0, 0
3295, 05_4_31, 0, 0, 0, 0, 0, 0, 0, 0
3296, 05_4_32, 0, 0, 0, 0, 0, 0, 0, 0
3297, 05_4_33, 0, 0, 0, 0, 0, 0, 0, 0
3298, 05_4_34, 0, 0, 0, 0, 0, 0, 0, 0
3299, 05_4_35, 0, 0, 0, 0, 0, 0, 0, 0
3300, 05_4_36, 0, 0, 0, 0, 0, 0, 0, 0
3301, 05_4_37, 0, 0, 0, 0, 0, 0, 0, 0
3302, 05_4_38, 0, 0, 0, 0, 0, 0, 0, 0
3303, 05_4_39, 0, 0, 0, 0, 0, 0, 0, 0
3304, 05_4_40, 0, 0, 0, 0, 0, 0, 0, 0
3305, 05_4_41, 0, 0, 0, 0, 0, 0, 0, 0
3306, 05_4_42, 0, 0, 0, 0, 0, 0, 0, 0
3307, 05_4_43, 0, 0, 0, 0, 0, 0, 0, 0
3308, 05_4_44, 0, 0, 0, 0, 0, 0, 0, 0
3309, 05_4_45, 0, 0, 0, 0, 0, 0, 0, 0
3310, 05_4_46, 0, 0, 0, 0, 0, 0, 0, 0
3311, 05_4_47, 0, 0, 0, 0, 0, 0, 0, 0
3312, 05_4_48, 0, 0, 0, 0, 0, 0, 0, 0
3313, 05_4_49, 0, 0, 0, 0, 0, 0, 0, 0
3314, 05_4_50, 0, 0, 0, 0, 0, 0, 0, 0
3315, 05_4_51, 0, 0, 0, 0, 0, 0, 0, 0
3316, 05_4_52, 0, 0, 0, 0, 0, 0, 0, 0
3317, 05_4_53, 0, 0, 0, 0, 0, 0, 0, 0
3318, 05_4_54, 0, 0, 0, 0, 0, 0, 0, 0
3319, 05_4_55, 0, 0, 0, 0, 0, 0, 0, 0
3320, 05_4_56, 0, 0, 0, 0, 0, 0, 0, 0
3321, 05_4_57, 0, 0, 0, 0, 0, 0, 0, 0
3322, 05_4_58, 0, 0, 0, 0, 0, 0, 0, 0
3323, 05_4_59, 0, 0, 0, 0, 0, 0, 0, 0
3324, 05_4_60, 0, 0, 0, 0, 0, 0, 0, 0
3325, 05_4_61, 0, 0, 0, 0, 0, 0, 0, 0
3326, 05_4_62, 0, 0, 0, 0, 0, 0, 0, 0
3327, 05_4_63, 0, 0, 0, 0, 0, 0, 0, 0
3328, 05_4_64, 0, 0, 0, 0, 0, 0, 0, 0
3329, 05_4_65, 0, 0, 0, 0, 0, 0, 0, 0
3330, 05_4_66, 0, 0, 0, 0, 0, 0, 0, 0
3331, 05_4_67, 0, 0, 0, 0, 0, 0, 0, 0
3332, 05_4_68, 0, 0, 0, 0, 0, 0, 0, 0
3333, 05_4_69, 0, 0, 0, 0, 0, 0, 0, 0
3334, 05_4_70, 0, 0, 0, 0, 0, 0, 0, 0
3335, 05_4_71, 0, 0, 0, 0, 0, 0, 0, 0
3336, 05_4_72, 0, 0, 0, 0, 0, 0, 0, 0
3337, 05_4_73, 0, 0, 0, 0, 0, 0, 0, 0
3338, 05_4_74, 0, 0, 0, 0, 0, 0, 0, 0
3339, 05_4_75, 0, 0, 0, 0, 0, 0, 0, 0
3340, 05_4_76, 0, 0, 0, 0, 0, 0, 0, 0
3341, 05_4_77, 0, 0, 0, 0, 0, 0, 0, 0
3342, 05_4_78, 0, 0, 0, 0, 0, 0, 0, 0
3343, 05_4_79, 0, 0, 0, 0, 0, 0, 0, 0
3344, 05_4_80, 0, 0, 0, 0, 0, 0, 0, 0
3345, 05_4_81, 0, 0, 0, 0, 0, 0, 0, 0
3346, 05_4_82, 0, 0, 0, 0, 0, 0, 0, 0
3347, 05_4_83, 0, 0, 0, 0, 0, 0, 0, 0
3348, 05_4_84, 0, 0, 0, 0, 0, 0, 0, 0
3349, 05_4_85, 0, 0, 0, 0, 0, 0, 0, 0
3350, 05_4_86, 0, 0, 0, 0, 0, 0, 0, 0
3351, 05_4_87, 0, 0, 0, 0, 0, 0, 0, 0
3352, 05_4_88, 0, 0, 0, 0, 0, 0, 0, 0
3353, 05_4_89, 0, 0, 0, 0, 0, 0, 0, 0
3354, 05_4_90, 0, 0, 0, 0, 0, 0, 0, 0
3355, 05_4_91, 0, 0, 0, 0, 0, 0, 0, 0
3356, 05_4_92, 0, 0, 0, 0, 0, 0, 0, 0
3357, 05_4_93, 0, 0, 0, 0, 0, 0, 0, 0
3358, 05_4_94, 0, 0, 0, 0, 0, 0, 0, 0
3359, 05_4_95, 0, 0, 0, 0, 0, 0, 0, 0
3360, 05_5_00, 0, 0, 0, 0, 0, 0, 0, 0
3361, 05_5_01, 0, 0, 0, 0, 0, 0, 0, 0
3362, 05_5_02, 0, 0, 0, 0, 0, 0, 0, 0
3363, 05_5_03, 0, 0, 0, 0, 0, 0, 0, 0
3364, 05_5_04, 0, 0, 0, 0, 0, 0, 0, 0
3365, 05_5_05, 0, 0, 0, 0, 0, 0, 0, 0
3366, 05_5_06, 0, 0, 0, 0, 0, 0, 0, 0
3367, 05_5_07, 0, 0, 0, 0, 0, 0, 0, 0
3368, 05_5_08, 0, 0, 0, 0, 0, 0, 0, 0
3369, 05_5_09, 0, 0, 0, 0, 0, 0, 0, 0
3370, 05_5_10, 0, 0, 0, 0, 0, 0, 0, 0
3371, 05_5_11, 0, 0, 0, 0, 0, 0, 0, 0
3372, 05_5_12, 0, 0, 0, 0, 0, 0, 0, 0
3373, 05_5_13, 0, 0, 0, 0, 0, 0, 0, 0
3374, 05_5_14, 0, 0, 0, 0, 0, 0, 0, 0
3375, 05_5_15, 0, 0, 0, 0, 0, 0, 0, 0
3376, 05_5_16, 0, 0, 0, 0, 0, 0, 0, 0
3377, 05_5_17, 0, 0, 0, 0, 0, 0, 0, 0
3378, 05_5_18, 0, 0, 0, 0, 0, 0, 0, 0
3379, 05_5_19, 0, 0, 0, 0, 0, 0, 0, 0
3380, 05_5_20, 0, 0, 0, 0, 0, 0, 0, 0
3381, 05_5_21, 0, 0, 0, 0, 0, 0, 0, 0
3382, 05_5_22, 0, 0, 0, 0, 0, 0, 0, 0
3383, 05_5_23, 0, 0, 0, 0, 0, 0, 0, 0
3384, 05_5_24, 0, 0, 0, 0, 0, 0, 0, 0
3385, 05_5_25, 0, 0, 0, 0, 0, 0, 0, 0
3386, 05_5_26, 0, 0, 0, 0, 0, 0, 0, 0
3387, 05_5_27, 0, 0, 0, 0, 0, 0, 0, 0
3388, 05_5_28, 0, 0, 0, 0, 0, 0, 0, 0
3389, 05_5_29, 0, 0, 0, 0, 0, 0, 0, 0
3390, 05_5_30, 0, 0, 0, 0, 0, 0, 0, 0
3391, 05_5_31, 0, 0, 0, 0, 0, 0, 0, 0
3392, 05_5_32, 0, 0, 0, 0, 0, 0, 0, 0
3393, 05_5_33, 0, 0, 0, 0, 0, 0, 0, 0
3394, 05_5_34, 0, 0, 0, 0, 0, 0, 0, 0
3395, 05_5_35, 0, 0, 0, 0, 0, 0, 0, 0
3396, 05_5_36, 0, 0, 0, 0, 0, 0, 0, 0
3397, 05_5_37, 0, 0, 0, 0, 0, 0, 0, 0
3398, 05_5_38, 0, 0, 0, 0, 0, 0, 0, 0
3399, 05_5_39, 0, 0, 0, 0, 0, 0, 0, 0
3400, 05_5_40, 0, 0, 0, 0, 0, 0, 0, 0
3401, 05_5_41, 0, 0, 0, 0, 0, 0, 0, 0
3402, 05_5_42, 0, 0, 0, 0, 0, 0, 0, 0
3403, 05_5_43, 0, 0, 0, 0, 0, 0, 0, 0
3404, 05_5_44, 0, 0, 0, 0, 0, 0, 0, 0
3405, 05_5_45, 0, 0, 0, 0, 0, 0, 0, 0
3406, 05_5_46, 0, 0, 0, 0, 0, 0, 0, 0
3407, 05_5_47, 0, 0, 0, 0, 0, 0, 0, 0
3408, 05_5_48, 0, 0, 0, 0, 0, 0, 0, 0
3409, 05_5_49, 0, 0, 0, 0, 0, 0, 0, 0
3410, 05_5_50, 0, 0, 0, 0, 0, 0, 0, 0
3411, 05_5_51, 0, 0, 0, 0, 0, 0, 0, 0
3412, 05_5_52, 0, 0, 0, 0, 0, 0, 0, 0
3413, 05_5_53, 0, 0, 0, 0, 0, 0, 0, 0
3414, 05_5_54, 0, 0, 0, 0, 0, 0, 0, 0
3415, 05_5_55, 0, 0, 0, 0, 0, 0, 0, 0
3416, 05_5_56, 0, 0, 0, 0, 0, 0, 0, 0
3417, 05_5_57, 0, 0, 0, 0, 0, 0, 0, 0
3418, 05_5_58, 0, 0, 0, 0, 0, 0, 0, 0
3419, 05_5_59, 0, 0, 0, 0, 0, 0, 0, 0
3420, 05_5_60, 0, 0, 0, 0, 0, 0, 0, 0
3421, 05_5_61, 0, 0, 0, 0, 0, 0, 0, 0
3422, 05_5_62, 0, 0, 0, 0, 0, 0, 0, 0
3423, 05_5_63, 0, 0, 0, 0, 0, 0, 0, 0
3424, 05_5_64, 0, 0, 0, 0, 0, 0, 0, 0
3425, 05_5_65, 0, 0, 0, 0, 0, 0, 0, 0
3426, 05_5_66, 0, 0, 0, 0, 0, 0, 0, 0
3427, 05_5_67, 0, 0, 0, 0, 0, 0, 0, 0
3428, 05_5_68, 0, 0, 0, 0, 0, 0, 0, 0
3429, 05_5_69, 0, 0, 0, 0, 0, 0, 0, 0
3430, 05_5_70, 0, 0, 0, 0, 0, 0, 0, 0
3431, 05_5_71, 0, 0, 0, 0, 0, 0, 0, 0
3432, 05_5_72, 0, 0, 0, 0, 0, 0, 0, 0
3433, 05_5_73, 0, 0, 0, 0, 0, 0, 0, 0
3434, 05_5_74, 0, 0, 0, 0, 0, 0, 0, 0
3435, 05_5_75, 0, 0, 0, 0, 0, 0, 0, 0
3436, 05_5_76, 0, 0, 0, 0, 0, 0, 0, 0
3437, 05_5_77, 0, 0, 0, 0, 0, 0, 0, 0
3438, 05_5_78, 0, 0, 0, 0, 0, 0, 0, 0
3439, 05_5_79, 0, 0, 0, 0, 0, 0, 0, 0
3440, 05_5_80, 0, 0, 0, 0, 0, 0, 0, 0
3441, 05_5_81, 0, 0, 0, 0, 0, 0, 0, 0
3442, 05_5_82, 0, 0, 0, 0, 0, 0, 0, 0
3443, 05_5_83, 0, 0, 0, 0, 0, 0, 0, 0
3444, 05_5_84, 0, 0, 0, 0, 0, 0, 0, 0
3445, 05_5_85, 0, 0, 0, 0, 0, 0, 0, 0
3446, 05_5_86, 0, 0, 0, 0, 0, 0, 0, 0
3447, 05_5_87, 0, 0, 0, 0, 0, 0, 0, 0
3448, 05_5_88, 0, 0, 0, 0, 0, 0, 0, 0
3449, 05_5_89, 0, 0, 0, 0, 0, 0, 0, 0
3450, 05_5_90, 0, 0, 0, 0, 0, 0, 0, 0
3451, 05_5_91, 0, 0, 0, 0, 0, 0, 0, 0
3452, 05_5_92, 0, 0, 0, 0, 0, 0, 0, 0
3453, 05_5_93, 0, 0, 0, 0, 0, 0, 0, 0
3454, 05_5_94, 0, 0, 0, 0, 0, 0, 0, 0
3455, 05_5_95, 0, 0, 0, 0, 0, 0, 0, 0
3456, 06_0_00, 0, 0, 0, 0, 0, 0, 0, 0
3457, 06_0_01, 0, 0, 0, 0, 0, 0, 0, 0
3458, 06_0_02, 0, 0, 0, 0, 0, 0, 0, 0
3459, 06_0_03, 0, 0, 0, 0, 0, 0, 0, 0
3460, 06_0_04, 0, 0, 0, 0, 0, 0, 0, 0
3461, 06_0_05, 0, 0, 0, 0, 0, 0, 0, 0
3462, 06_0_06, 0, 0, 0, 0, 0, 0, 0, 0
3463, 06_0_07, 0, 0, 0, 0, 0, 0, 0, 0
3464, 06_0_08, 0, 0, 0, 0, 0, 0, 0, 0
3465, 06_0_09, 0, 0, 0, 0, 0, 0, 0, 0
3466, 06_0_10, 0, 0, 0, 0, 0, 0, 0, 0
3467, 06_0_11, 0, 0, 0, 0, 0, 0, 0, 0
3468, 06_0_12, 0, 0, 0, 0, 0, 0, 0, 0
3469, 06_0_13, 0, 0, 0, 0, 0, 0, 0, 0
3470, 06_0_14, 0, 0, 0, 0, 0, 0, 0, 0
3471, 06_0_15, 0, 0, 0, 0, 0, 0, 0, 0
3472, 06_0_16, 0, 0, 0, 0, 0, 0, 0, 0
3473, 06_0_17, 0, 0, 0, 0, 0, 0, 0, 0
3474, 06_0_18, 0, 0, 0, 0, 0, 0, 0, 0
3475, 06_0_19, 0, 0, 0, 0, 0, 0, 0, 0
3476, 06_0_20, 0, 0, 0, 0, 0, 0, 0, 0
3477, 06_0_21, 0, 0, 0, 0, 0, 0, 0, 0
3478, 06_0_22, 0, 0, 0, 0, 0, 0, 0, 0
3479, 06_0_23, 0, 0, 0, 0, 0, 0, 0, 0
3480, 06_0_24, 0, 0, 0, 0, 0, 0, 0, 0
3481, 06_0_25, 0, 0, 0, 0, 0, 0, 0, 0
3482, 06_0_26, 0, 0, 0, 0, 0, 0, 0, 0
3483, 06_0_27, 0, 0, 0, 0, 0, 0, 0, 0
3484, 06_0_28, 0, 0, 0, 0, 0, 0, 0, 0
3485, 06_0_29, 0, 0, 0, 0, 0, 0, 0, 0
3486, 06_0_30, 0, 0, 0, 0, 0, 0, 0, 0
3487, 06_0_31, 0, 0, 0, 0, 0, 0, 0, 0
3488, 06_0_32, 0, 0, 0, 0, 0, 0, 0, 0
3489, 06_0_33, 0, 0, 0, 0, 0, 0, 0, 0
3490, 06_0_34, 0, 0, 0, 0, 0, 0, 0, 0
3491, 06_0_35, 0, 0, 0, 0, 0, 0, 0, 0
3492, 06_0_36, 0, 0, 0, 0, 0, 0, 0, 0
3493, 06_0_37, 0, 0, 0, 0, 0, 0, 0, 0
3494, 06_0_38, 0, 0, 0, 0, 0, 0, 0, 0
3495, 06_0_39, 0, 0, 0, 0, 0, 0, 0, 0
3496, 06_0_40, 0, 0, 0, 0, 0, 0, 0, 0
3497, 06_0_41, 0, 0, 0, 0, 0, 0, 0, 0
3498, 06_0_42, 0, 0, 0, 0, 0, 0, 0, 0
3499, 06_0_43, 0, 0, 0, 0, 0, 0, 0, 0
3500, 06_0_44, 0, 0, 0, 0, 0, 0, 0, 0
3501, 06_0_45, 0, 0, 0, 0, 0, 0, 0, 0
3502, 06_0_46, 0, 0, 0, 0, 0, 0, 0, 0
3503, 06_0_47, 0, 0, 0, 0, 0, 0, 0, 0
3504, 06_0_48, 0, 0, 0, 0, 0, 0, 0, 0
3505, 06_0_49, 0, 0, 0, 0, 0, 0, 0, 0
3506, 06_0_50, 0, 0, 0, 0, 0, 0, 0, 0
3507, 06_0_51, 0, 0, 0, 0, 0, 0, 0, 0
3508, 06_0_52, 0, 0, 0, 0, 0, 0, 0, 0
3509, 06_0_53, 0, 0, 0, 0, 0, 0, 0, 0
3510, 06_0_54, 0, 0, 0, 0, 0, 0, 0, 0
3511, 06_0_55, 0, 0, 0, 0, 0, 0, 0, 0
3512, 06_0_56, 0, 0, 0, 0, 0, 0, 0, 0
3513, 06_0_57, 0, 0, 0, 0, 0, 0, 0, 0
3514, 06_0_58, 0, 0, 0, 0, 0, 0, 0, 0
3515, 06_0_59, 0, 0, 0, 0, 0, 0, 0, 0
3516, 06_0_60, 0, 0, 0, 0, 0, 0, 0, 0
3517, 06_0_61, 0, 0, 0, 0, 0, 0, 0, 0
3518, 06_0_62, 0, 0, 0, 0, 0, 0, 0, 0
3519, 06_0_63, 0, 0, 0, 0, 0, 0, 0, 0
3520, 06_0_64, 0, 0, 0, 0, 0, 0, 0, 0
3521, 06_0_65, 0, 0, 0, 0, 0, 0, 0, 0
3522, 06_0_66, 0, 0, 0, 0, 0, 0, 0, 0
3523, 06_0_67, 0, 0, 0, 0, 0, 0, 0, 0
3524, 06_0_68, 0, 0, 0, 0, 0, 0, 0, 0
3525, 06_0_69, 0, 0, 0, 0, 0, 0, 0, 0
3526, 06_0_70, 0, 0, 0, 0, 0, 0, 0, 0
3527, 06_0_71, 0, 0, 0, 0, 0, 0, 0, 0
3528, 06_0_72, 0, 0, 0, 0, 0, 0, 0, 0
3529, 06_0_73, 0, 0, 0, 0, 0, 0, 0, 0
3530, 06_0_74, 0, 0, 0, 0, 0, 0, 0, 0
3531, 06_0_75, 0, 0, 0, 0, 0, 0, 0, 0
3532, 06_0_76, 0, 0, 0, 0, 0, 0, 0, 0
3533, 06_0_77, 0, 0, 0, 0, 0, 0, 0, 0
3534, 06_0_78, 0, 0, 0, 0, 0, 0, 0, 0
3535, 06_0_79, 0, 0, 0, 0, 0, 0, 0, 0
3536, 06_0_80, 0, 0, 0, 0, 0, 0, 0, 0
3537, 06_0_81, 0, 0, 0, 0, 0, 0, 0, 0
3538, 06_0_82, 0, 0, 0, 0, 0, 0, 0, 0
3539, 06_0_83, 0, 0, 0, 0, 0, 0, 0, 0
3540, 06_0_84, 0, 0, 0, 0, 0, 0, 0, 0
3541, 06_0_85, 0, 0, 0, 0, 0, 0, 0, 0
3542, 06_0_86, 0, 0, 0, 0, 0, 0, 0, 0
3543, 06_0_87, 0, 0, 0, 0, 0, 0, 0, 0
3544, 06_0_88, 0, 0, 0, 0, 0, 0, 0, 0
3545, 06_0_89, 0, 0, 0, 0, 0, 0, 0, 0
3546, 06_0_90, 0, 0, 0, 0, 0, 0, 0, 0
3547, 06_0_91, 0, 0, 0, 0, 0, 0, 0, 0
3548, 06_0_92, 0, 0, 0, 0, 0, 0, 0, 0
3549, 06_0_93, 0, 0, 0, 0, 0, 0, 0, 0
3550, 06_0_94, 0, 0, 0, 0, 0, 0, 0, 0
3551, 06_0_95, 0, 0, 0, 0, 0, 0, 0, 0
3552, 06_1_00, 0, 0, 0, 0, 0, 0, 0, 0
3553, 06_1_01, 0, 0, 0, 0, 0, 0, 0, 0
3554, 06_1_02, 0, 0, 0, 0, 0, 0, 0, 0
3555, 06_1_03, 0, 0, 0, 0, 0, 0, 0, 0
3556, 06_1_04, 0, 0, 0, 0, 0, 0, 0, 0
3557, 06_1_05, 0, 0, 0, 0, 0, 0, 0, 0
3558, 06_1_06, 0, 0, 0, 0, 0, 0, 0, 0
3559, 06_1_07, 0, 0, 0, 0, 0, 0, 0, 0
3560, 06_1_08, 0, 0, 0, 0, 0, 0, 0, 0
3561, 06_1_09, 0, 0, 0, 0, 0, 0, 0, 0
3562, 06_1_10, 0, 0, 0, 0, 0, 0, 0, 0
3563, 06_1_11, 0, 0, 0, 0, 0, 0, 0, 0
3564, 06_1_12, 0, 0, 0, 0, 0, 0, 0, 0
3565, 06_1_13, 0, 0, 0, 0, 0, 0, 0, 0
3566, 06_1_14, 0, 0, 0, 0, 0, 0, 0, 0
3567, 06_1_15, 0, 0, 0, 0, 0, 0, 0, 0
3568, 06_1_16, 0, 0, 0, 0, 0, 0, 0, 0
3569, 06_1_17, 0, 0, 0, 0, 0, 0, 0, 0
3570, 06_1_18, 0, 0, 0, 0, 0, 0, 0, 0
3571, 06_1_19, 0, 0, 0, 0, 0, 0, 0, 0
3572, 06_1_20, 0, 0, 0, 0, 0, 0, 0, 0
3573, 06_1_21, 0, 0, 0, 0, 0, 0, 0, 0
3574, 06_1_22, 0, 0, 0, 0, 0, 0, 0, 0
3575, 06_1_23, 0, 0, 0, 0, 0, 0, 0, 0
3576, 06_1_24, 0, 0, 0, 0, 0, 0, 0, 0
3577, 06_1_25, 0, 0, 0, 0, 0, 0, 0, 0
3578, 06_1_26, 0, 0, 0, 0, 0, 0, 0, 0
3579, 06_1_27, 0, 0, 0, 0, 0, 0, 0, 0
3580, 06_1_28, 0, 0, 0, 0, 0, 0, 0, 0
3581, 06_1_29, 0, 0, 0, 0, 0, 0, 0, 0
3582, 06_1_30, 0, 0, 0, 0, 0, 0, 0, 0
3583, 06_1_31, 0, 0, 0, 0, 0, 0, 0, 0
3584, 06_1_32, 0, 0, 0, 0, 0, 0, 0, 0
3585, 06_1_33, 0, 0, 0, 0, 0, 0, 0, 0
3586, 06_1_34, 0, 0, 0, 0, 0, 0, 0, 0
3587, 06_1_35, 0, 0, 0, 0, 0, 0, 0, 0
3588, 06_1_36, 0, 0, 0, 0, 0, 0, 0, 0
3589, 06_1_37, 0, 0, 0, 0, 0, 0, 0, 0
3590, 06_1_38, 0, 0, 0, 0, 0, 0, 0, 0
3591, 06_1_39, 0, 0, 0, 0, 0, 0, 0, 0
3592, 06_1_40, 0, 0, 0, 0, 0, 0, 0, 0
3593, 06_1_41, 0, 0, 0, 0, 0, 0, 0, 0
3594, 06_1_42, 0, 0, 0, 0, 0, 0, 0, 0
3595, 06_1_43, 0, 0, 0, 0, 0, 0, 0, 0
3596, 06_1_44, 0, 0, 0, 0, 0, 0, 0, 0
3597, 06_1_45, 0, 0, 0, 0, 0, 0, 0, 0
3598, 06_1_46, 0, 0, 0, 0, 0, 0, 0, 0
3599, 06_1_47, 0, 0, 0, 0, 0, 0, 0, 0
3600, 06_1_48, 0, 0, 0, 0, 0, 0, 0, 0
3601, 06_1_49, 0, 0, 0, 0, 0, 0, 0, 0
3602, 06_1_50, 0, 0, 0, 0, 0, 0, 0, 0
3603, 06_1_51, 0, 0, 0, 0, 0, 0, 0, 0
3604, 06_1_52, 0, 0, 0, 0, 0, 0, 0, 0
3605, 06_1_53, 0, 0, 0, 0, 0, 0, 0, 0
3606, 06_1_54, 0, 0, 0, 0, 0, 0, 0, 0
3607, 06_1_55, 0, 0, 0, 0, 0, 0, 0, 0
3608, 06_1_56, 0, 0, 0, 0, 0, 0, 0, 0
3609, 06_1_57, 0, 0, 0, 0, 0, 0, 0, 0
3610, 06_1_58, 0, 0, 0, 0, 0, 0, 0, 0
3611, 06_1_59, 0, 0, 0, 0, 0, 0, 0, 0
3612, 06_1_60, 0, 0, 0, 0, 0, 0, 0, 0
3613, 06_1_61, 0, 0, 0, 0, 0, 0, 0, 0
3614, 06_1_62, 0, 0, 0, 0, 0, 0, 0, 0
3615, 06_1_63, 0, 0, 0, 0, 0, 0, 0, 0
3616, 06_1_64, 0, 0, 0, 0, 0, 0, 0, 0
3617, 06_1_65, 0, 0, 0, 0, 0, 0, 0, 0
3618, 06_1_66, 0, 0, 0, 0, 0, 0, 0, 0
3619, 06_1_67, 0, 0, 0, 0, 0, 0, 0, 0
3620, 06_1_68, 0, 0, 0, 0, 0, 0, 0, 0
3621, 06_1_69, 0, 0, 0, 0, 0, 0, 0, 0
3622, 06_1_70, 0, 0, 0, 0, 0, 0, 0, 0
3623, 06_1_71, 0, 0, 0, 0, 0, 0, 0, 0
3624, 06_1_72, 0, 0, 0, 0, 0, 0, 0, 0
3625, 06_1_73, 0, 0, 0, 0, 0, 0, 0, 0
3626, 06_1_74, 0, 0, 0, 0, 0, 0, 0, 0
3627, 06_1_75, 0, 0, 0, 0, 0, 0, 0, 0
3628, 06_1_76, 0, 0, 0, 0, 0, 0, 0, 0
3629, 06_1_77, 0, 0, 0, 0, 0, 0, 0, 0
3630, 06_1_78, 0, 0, 0, 0, 0, 0, 0, 0
3631, 06_1_79, 0, 0, 0, 0, 0, 0, 0, 0
3632, 06_1_80, 0, 0, 0, 0, 0, 0, 0, 0
3633, 06_1_81, 0, 0, 0, 0, 0, 0, 0, 0
3634, 06_1_82, 0, 0, 0, 0, 0, 0, 0, 0
3635, 06_1_83, 0, 0, 0, 0, 0, 0, 0, 0
3636, 06_1_84, 0, 0, 0, 0, 0, 0, 0, 0
3637, 06_1_85, 0, 0, 0, 0, 0, 0, 0, 0
3638, 06_1_86, 0, 0, 0, 0, 0, 0, 0, 0
3639, 06_1_87, 0, 0, 0, 0, 0, 0, 0, 0
3640, 06_1_88, 0, 0, 0, 0, 0, 0, 0, 0
3641, 06_1_89, 0, 0, 0, 0, 0, 0, 0, 0
3642, 06_1_90, 0, 0, 0, 0, 0, 0, 0, 0
3643, 06_1_91, 0, 0, 0, 0, 0, 0, 0, 0
3644, 06_1_92, 0, 0, 0, 0, 0, 0, 0, 0
3645, 06_1_93, 0, 0, 0, 0, 0, 0, 0, 0
3646, 06_1_94, 0, 0, 0, 0, 0, 0, 0, 0
3647, 06_1_95, 0, 0, 0, 0, 0, 0, 0, 0
3648, 06_2_00, 0, 0, 0, 0, 0, 0, 0, 0
3649, 06_2_01, 0, 0, 0, 0, 0, 0, 0, 0
3650, 06_2_02, 0, 0, 0, 0, 0, 0, 0, 0
3651, 06_2_03, 0, 0, 0, 0, 0, 0, 0, 0
3652, 06_2_04, 0, 0, 0, 0, 0, 0, 0, 0
3653, 06_2_05, 0, 0, 0, 0, 0, 0, 0, 0
3654, 06_2_06, 0, 0, 0, 0, 0, 0, 0, 0
3655, 06_2_07, 0, 0, 0, 0, 0, 0, 0, 0
3656, 06_2_08, 0, 0, 0, 0, 0, 0, 0, 0
3657, 06_2_09, 0, 0, 0, 0, 0, 0, 0, 0
3658, 06_2_10, 0, 0, 0, 0, 0, 0, 0, 0
3659, 06_2_11, 0, 0, 0, 0, 0, 0, 0, 0
3660, 06_2_12, 0, 0, 0, 0, 0, 0, 0, 0
3661, 06_2_13, 0, 0, 0, 0, 0, 0, 0, 0
3662, 06_2_14, 0, 0, 0, 0, 0, 0, 0, 0
3663, 06_2_15, 0, 0, 0, 0, 0, 0, 0, 0
3664, 06_2_16, 0, 0, 0, 0, 0, 0, 0, 0
3665, 06_2_17, 0, 0, 0, 0, 0, 0, 0, 0
3666, 06_2_18, 0, 0, 0, 0, 0, 0, 0, 0
3667, 06_2_19, 0, 0, 0, 0, 0, 0, 0, 0
3668, 06_2_20, 0, 0, 0, 0, 0, 0, 0, 0
3669, 06_2_21, 0, 0, 0, 0, 0, 0, 0, 0
3670, 06_2_22, 0, 0, 0, 0, 0, 0, 0, 0
3671, 06_2_23, 0, 0, 0, 0, 0, 0, 0, 0
3672, 06_2_24, 0, 0, 0, 0, 0, 0, 0, 0
3673, 06_2_25, 0, 0, 0, 0, 0, 0, 0, 0
3674, 06_2_26, 0, 0, 0, 0, 0, 0, 0, 0
3675, 06_2_27, 0, 0, 0, 0, 0, 0, 0, 0
3676, 06_2_28, 0, 0, 0, 0, 0, 0, 0, 0
3677, 06_2_29, 0, 0, 0, 0, 0, 0, 0, 0
3678, 06_2_30, 0, 0, 0, 0, 0, 0, 0, 0
3679, 06_2_31, 0, 0, 0, 0, 0, 0, 0, 0
3680, 06_2_32, 0, 0, 0, 0, 0, 0, 0, 0
3681, 06_2_33, 0, 0, 0, 0, 0, 0, 0, 0
3682, 06_2_34, 0, 0, 0, 0, 0, 0, 0, 0
3683, 06_2_35, 0, 0, 0, 0, 0, 0, 0, 0
3684, 06_2_36, 0, 0, 0, 0, 0, 0, 0, 0
3685, 06_2_37, 0, 0, 0, 0, 0, 0, 0, 0
3686, 06_2_38, 0, 0, 0, 0, 0, 0, 0, 0
3687, 06_2_39, 0, 0, 0, 0, 0, 0, 0, 0
3688, 06_2_40, 0, 0, 0, 0, 0, 0, 0, 0
3689, 06_2_41, 0, 0, 0, 0, 0, 0, 0, 0
3690, 06_2_42, 0, 0, 0, 0, 0, 0, 0, 0
3691, 06_2_43, 0, 0, 0, 0, 0, 0, 0, 0
3692, 06_2_44, 0, 0, 0, 0, 0, 0, 0, 0
3693, 06_2_45, 0, 0, 0, 0, 0, 0, 0, 0
3694, 06_2_46, 0, 0, 0, 0, 0, 0, 0, 0
3695, 06_2_47, 0, 0, 0, 0, 0, 0, 0, 0
3696, 06_2_48, 0, 0, 0, 0, 0, 0, 0, 0
3697, 06_2_49, 0, 0, 0, 0, 0, 0, 0, 0
3698, 06_2_50, 0, 0, 0, 0, 0, 0, 0, 0
3699, 06_2_51, 0, 0, 0, 0, 0, 0, 0, 0
3700, 06_2_52, 0, 0, 0, 0, 0, 0, 0, 0
3701, 06_2_53, 0, 0, 0, 0, 0, 0, 0, 0
3702, 06_2_54, 0, 0, 0, 0, 0, 0, 0, 0
3703, 06_2_55, 0, 0, 0, 0, 0, 0, 0, 0
3704, 06_2_56, 0, 0, 0, 0, 0, 0, 0, 0
3705, 06_2_57, 0, 0, 0, 0, 0, 0, 0, 0
3706, 06_2_58, 0, 0, 0, 0, 0, 0, 0, 0
3707, 06_2_59, 0, 0, 0, 0, 0, 0, 0, 0
3708, 06_2_60, 0, 0, 0, 0, 0, 0, 0, 0
3709, 06_2_61, 0, 0, 0, 0, 0, 0, 0, 0
3710, 06_2_62, 0, 0, 0, 0, 0, 0, 0, 0
3711, 06_2_63, 0, 0, 0, 0, 0, 0, 0, 0
3712, 06_2_64, 0, 0, 0, 0, 0, 0, 0, 0
3713, 06_2_65, 0, 0, 0, 0, 0, 0, 0, 0
3714, 06_2_66, 0, 0, 0, 0, 0, 0, 0, 0
3715, 06_2_67, 0, 0, 0, 0, 0, 0, 0, 0
3716, 06_2_68, 0, 0, 0, 0, 0, 0, 0, 0
3717, 06_2_69, 0, 0, 0, 0, 0, 0, 0, 0
3718, 06_2_70, 0, 0, 0, 0, 0, 0, 0, 0
3719, 06_2_71, 0, 0, 0, 0, 0, 0, 0, 0
3720, 06_2_72, 0, 0, 0, 0, 0, 0, 0, 0
3721, 06_2_73, 0, 0, 0, 0, 0, 0, 0, 0
3722, 06_2_74, 0, 0, 0, 0, 0, 0, 0, 0
3723, 06_2_75, 0, 0, 0, 0, 0, 0, 0, 0
3724, 06_2_76, 0, 0, 0, 0, 0, 0, 0, 0
3725, 06_2_77, 0, 0, 0, 0, 0, 0, 0, 0
3726, 06_2_78, 0, 0, 0, 0, 0, 0, 0, 0
3727, 06_2_79, 0, 0, 0, 0, 0, 0, 0, 0
3728, 06_2_80, 0, 0, 0, 0, 0, 0, 0, 0
3729, 06_2_81, 0, 0, 0, 0, 0, 0, 0, 0
3730, 06_2_82, 0, 0, 0, 0, 0, 0, 0, 0
3731, 06_2_83, 0, 0, 0, 0, 0, 0, 0, 0
3732, 06_2_84, 0, 0, 0, 0, 0, 0, 0, 0
3733, 06_2_85, 0, 0, 0, 0, 0, 0, 0, 0
3734, 06_2_86, 0, 0, 0, 0, 0, 0, 0, 0
3735, 06_2_87, 0, 0, 0, 0, 0, 0, 0, 0
3736, 06_2_88, 0, 0, 0, 0, 0, 0, 0, 0
3737, 06_2_89, 0, 0, 0, 0, 0, 0, 0, 0
3738, 06_2_90, 0, 0, 0, 0, 0, 0, 0, 0
3739, 06_2_91, 0, 0, 0, 0, 0, 0, 0, 0
3740, 06_2_92, 0, 0, 0, 0, 0, 0, 0, 0
3741, 06_2_93, 0, 0, 0, 0, 0, 0, 0, 0
3742, 06_2_94, 0, 0, 0, 0, 0, 0, 0, 0
3743, 06_2_95, 0, 0, 0, 0, 0, 0, 0, 0
3744, 06_3_00, 0, 0, 0, 0, 0, 0, 0, 0
3745, 06_3_01, 0, 0, 0, 0, 0, 0, 0, 0
3746, 06_3_02, 0, 0, 0, 0, 0, 0, 0, 0
3747, 06_3_03, 0, 0, 0, 0, 0, 0, 0, 0
3748, 06_3_04, 0, 0, 0, 0, 0, 0, 0, 0
3749, 06_3_05, 0, 0, 0, 0, 0, 0, 0, 0
3750, 06_3_06, 0, 0, 0, 0, 0, 0, 0, 0
3751, 06_3_07, 0, 0, 0, 0, 0, 0, 0, 0
3752, 06_3_08, 0, 0, 0, 0, 0, 0, 0, 0
3753, 06_3_09, 0, 0, 0, 0, 0, 0, 0, 0
3754, 06_3_10, 0, 0, 0, 0, 0, 0, 0, 0
3755, 06_3_11, 0, 0, 0, 0, 0, 0, 0, 0
3756, 06_3_12, 0, 0, 0, 0, 0, 0, 0, 0
3757, 06_3_13, 0, 0, 0, 0, 0, 0, 0, 0
3758, 06_3_14, 0, 0, 0, 0, 0, 0, 0, 0
3759, 06_3_15, 0, 0, 0, 0, 0, 0, 0, 0
3760, 06_3_16, 0, 0, 0, 0, 0, 0, 0, 0
3761, 06_3_17, 0, 0, 0, 0, 0, 0, 0, 0
3762, 06_3_18, 0, 0, 0, 0, 0, 0, 0, 0
3763, 06_3_19, 0, 0, 0, 0, 0, 0, 0, 0
3764, 06_3_20, 0, 0, 0, 0, 0, 0, 0, 0
3765, 06_3_21, 0, 0, 0, 0, 0, 0, 0, 0
3766, 06_3_22, 0, 0, 0, 0, 0, 0, 0, 0
3767, 06_3_23, 0, 0, 0, 0, 0, 0, 0, 0
3768, 06_3_24, 0, 0, 0, 0, 0, 0, 0, 0
3769, 06_3_25, 0, 0, 0, 0, 0, 0, 0, 0
3770, 06_3_26, 0, 0, 0, 0, 0, 0, 0, 0
3771, 06_3_27, 0, 0, 0, 0, 0, 0, 0, 0
3772, 06_3_28, 0, 0, 0, 0, 0, 0, 0, 0
3773, 06_3_29, 0, 0, 0, 0, 0, 0, 0, 0
3774, 06_3_30, 0, 0, 0, 0, 0, 0, 0, 0
3775, 06_3_31, 0, 0, 0, 0, 0, 0, 0, 0
3776, 06_3_32, 0, 0, 0, 0, 0, 0, 0, 0
3777, 06_3_33, 0, 0, 0, 0, 0, 0, 0, 0
3778, 06_3_34, 0, 0, 0, 0, 0, 0, 0, 0
3779, 06_3_35, 0, 0, 0, 0, 0, 0, 0, 0
3780, 06_3_36, 0, 0, 0, 0, 0, 0, 0, 0
3781, 06_3_37, 0, 0, 0, 0, 0, 0, 0, 0
3782, 06_3_38, 0, 0, 0, 0, 0, 0, 0, 0
3783, 06_3_39, 0, 0, 0, 0, 0, 0, 0, 0
3784, 06_3_40, 0, 0, 0, 0, 0, 0, 0, 0
3785, 06_3_41, 0, 0, 0, 0, 0, 0, 0, 0
3786, 06_3_42, 0, 0, 0, 0, 0, 0, 0, 0
3787, 06_3_43, 0, 0, 0, 0, 0, 0, 0, 0
3788, 06_3_44, 0, 0, 0, 0, 0, 0, 0, 0
3789, 06_3_45, 0, 0, 0, 0, 0, 0, 0, 0
3790, 06_3_46, 0, 0, 0, 0, 0, 0, 0, 0
3791, 06_3_47, 0, 0, 0, 0, 0, 0, 0, 0
3792, 06_3_48, 0, 0, 0, 0, 0, 0, 0, 0
3793, 06_3_49, 0, 0, 0, 0, 0, 0, 0, 0
3794, 06_3_50, 0, 0, 0, 0, 0, 0, 0, 0
3795, 06_3_51, 0, 0, 0, 0, 0, 0, 0, 0
3796, 06_3_52, 0, 0, 0, 0, 0, 0, 0, 0
3797, 06_3_53, 0, 0, 0, 0, 0, 0, 0, 0
3798, 06_3_54, 0, 0, 0, 0, 0, 0, 0, 0
3799, 06_3_55, 0, 0, 0, 0, 0, 0, 0, 0
3800, 06_3_56, 0, 0, 0, 0, 0, 0, 0, 0
3801, 06_3_57, 0, 0, 0, 0, 0, 0, 0, 0
3802, 06_3_58, 0, 0, 0, 0, 0, 0, 0, 0
3803, 06_3_59, 0, 0, 0, 0, 0, 0, 0, 0
3804, 06_3_60, 0, 0, 0, 0, 0, 0, 0, 0
3805, 06_3_61, 0, 0, 0, 0, 0, 0, 0, 0
3806, 06_3_62, 0, 0, 0, 0, 0, 0, 0, 0
3807, 06_3_63, 0, 0, 0, 0, 0, 0, 0, 0
3808, 06_3_64, 0, 0, 0, 0, 0, 0, 0, 0
3809, 06_3_65, 0, 0, 0, 0, 0, 0, 0, 0
3810, 06_3_66, 0, 0, 0, 0, 0, 0, 0, 0
3811, 06_3_67, 0, 0, 0, 0, 0, 0, 0, 0
3812, 06_3_68, 0, 0, 0, 0, 0, 0, 0, 0
3813, 06_3_69, 0, 0, 0, 0, 0, 0, 0, 0
3814, 06_3_70, 0, 0, 0, 0, 0, 0, 0, 0
3815, 06_3_71, 0, 0, 0, 0, 0, 0, 0, 0
3816, 06_3_72, 0, 0, 0, 0, 0, 0, 0, 0
3817, 06_3_73, 0, 0, 0, 0, 0, 0, 0, 0
3818, 06_3_74, 0, 0, 0, 0, 0, 0, 0, 0
3819, 06_3_75, 0, 0, 0, 0, 0, 0, 0, 0
3820, 06_3_76, 0, 0, 0, 0, 0, 0, 0, 0
3821, 06_3_77, 0, 0, 0, 0, 0, 0, 0, 0
3822, 06_3_78, 0, 0, 0, 0, 0, 0, 0, 0
3823, 06_3_79, 0, 0, 0, 0, 0, 0, 0, 0
3824, 06_3_80, 0, 0, 0, 0, 0, 0, 0, 0
3825, 06_3_81, 0, 0, 0, 0, 0, 0, 0, 0
3826, 06_3_82, 0, 0, 0, 0, 0, 0, 0, 0
3827, 06_3_83, 0, 0, 0, 0, 0, 0, 0, 0
3828, 06_3_84, 0, 0, 0, 0, 0, 0, 0, 0
3829, 06_3_85, 0, 0, 0, 0, 0, 0, 0, 0
3830, 06_3_86, 0, 0, 0, 0, 0, 0, 0, 0
3831, 06_3_87, 0, 0, 0, 0, 0, 0, 0, 0
3832, 06_3_88, 0, 0, 0, 0, 0, 0, 0, 0
3833, 06_3_89, 0, 0, 0, 0, 0, 0, 0, 0
3834, 06_3_90, 0, 0, 0, 0, 0, 0, 0, 0
3835, 06_3_91, 0, 0, 0, 0, 0, 0, 0, 0
3836, 06_3_92, 0, 0, 0, 0, 0, 0, 0, 0
3837, 06_3_93, 0, 0, 0, 0, 0, 0, 0, 0
3838, 06_3_94, 0, 0, 0, 0, 0, 0, 0, 0
3839, 06_3_95, 0, 0, 0, 0, 0, 0, 0, 0
3840, 06_4_00, 0, 0, 0, 0, 0, 0, 0, 0
3841, 06_4_01, 0, 0, 0, 0, 0, 0, 0, 0
3842, 06_4_02, 0, 0, 0, 0, 0, 0, 0, 0
3843, 06_4_03, 0, 0, 0, 0, 0, 0, 0, 0
3844, 06_4_04, 0, 0, 0, 0, 0, 0, 0, 0
3845, 06_4_05, 0, 0, 0, 0, 0, 0, 0, 0
3846, 06_4_06, 0, 0, 0, 0, 0, 0, 0, 0
3847, 06_4_07, 0, 0, 0, 0, 0, 0, 0, 0
3848, 06_4_08, 0, 0, 0, 0, 0, 0, 0, 0
3849, 06_4_09, 0, 0, 0, 0, 0, 0, 0, 0
3850, 06_4_10, 0, 0, 0, 0, 0, 0, 0, 0
3851, 06_4_11, 0, 0, 0, 0, 0, 0, 0, 0
3852, 06_4_12, 0, 0, 0, 0, 0, 0, 0, 0
3853, 06_4_13, 0, 0, 0, 0, 0, 0, 0, 0
3854, 06_4_14, 0, 0, 0, 0, 0, 0, 0, 0
3855, 06_4_15, 0, 0, 0, 0, 0, 0, 0, 0
3856, 06_4_16, 0, 0, 0, 0, 0, 0, 0, 0
3857, 06_4_17, 0, 0, 0, 0, 0, 0, 0, 0
3858, 06_4_18, 0, 0, 0, 0, 0, 0, 0, 0
3859, 06_4_19, 0, 0, 0, 0, 0, 0, 0, 0
3860, 06_4_20, 0, 0, 0, 0, 0, 0, 0, 0
3861, 06_4_21, 0, 0, 0, 0, 0, 0, 0, 0
3862, 06_4_22, 0, 0, 0, 0, 0, 0, 0, 0
3863, 06_4_23, 0, 0, 0, 0, 0, 0, 0, 0
3864, 06_4_24, 0, 0, 0, 0, 0, 0, 0, 0
3865, 06_4_25, 0, 0, 0, 0, 0, 0, 0, 0
3866, 06_4_26, 0, 0, 0, 0, 0, 0, 0, 0
3867, 06_4_27, 0, 0, 0, 0, 0, 0, 0, 0
3868, 06_4_28, 0, 0, 0, 0, 0, 0, 0, 0
3869, 06_4_29, 0, 0, 0, 0, 0, 0, 0, 0
3870, 06_4_30, 0, 0, 0, 0, 0, 0, 0, 0
3871, 06_4_31, 0, 0, 0, 0, 0, 0, 0, 0
3872, 06_4_32, 0, 0, 0, 0, 0, 0, 0, 0
3873, 06_4_33, 0, 0, 0, 0, 0, 0, 0, 0
3874, 06_4_34, 0, 0, 0, 0, 0, 0, 0, 0
3875, 06_4_35, 0, 0, 0, 0, 0, 0, 0, 0
3876, 06_4_36, 0, 0, 0, 0, 0, 0, 0, 0
3877, 06_4_37, 0, 0, 0, 0, 0, 0, 0, 0
3878, 06_4_38, 0, 0, 0, 0, 0, 0, 0, 0
3879, 06_4_39, 0, 0, 0, 0, 0, 0, 0, 0
3880, 06_4_40, 0, 0, 0, 0, 0, 0, 0, 0
3881, 06_4_41, 0, 0, 0, 0, 0, 0, 0, 0
3882, 06_4_42, 0, 0, 0, 0, 0, 0, 0, 0
3883, 06_4_43, 0, 0, 0, 0, 0, 0, 0, 0
3884, 06_4_44, 0, 0, 0, 0, 0, 0, 0, 0
3885, 06_4_45, 0, 0, 0, 0, 0, 0, 0, 0
3886, 06_4_46, 0, 0, 0, 0, 0, 0, 0, 0
3887, 06_4_47, 0, 0, 0, 0, 0, 0, 0, 0
3888, 06_4_48, 0, 0, 0, 0, 0, 0, 0, 0
3889, 06_4_49, 0, 0, 0, 0, 0, 0, 0, 0
3890, 06_4_50, 0, 0, 0, 0, 0, 0, 0, 0
3891, 06_4_51, 0, 0, 0, 0, 0, 0, 0, 0
3892, 06_4_52, 0, 0, 0, 0, 0, 0, 0, 0
3893, 06_4_53, 0, 0, 0, 0, 0, 0, 0, 0
3894, 06_4_54, 0, 0, 0, 0, 0, 0, 0, 0
3895, 06_4_55, 0, 0, 0, 0, 0, 0, 0, 0
3896, 06_4_56, 0, 0, 0, 0, 0, 0, 0, 0
3897, 06_4_57, 0, 0, 0, 0, 0, 0, 0, 0
3898, 06_4_58, 0, 0, 0, 0, 0, 0, 0, 0
3899, 06_4_59, 0, 0, 0, 0, 0, 0, 0, 0
3900, 06_4_60, 0, 0, 0, 0, 0, 0, 0, 0
3901, 06_4_61, 0, 0, 0, 0, 0, 0, 0, 0
3902, 06_4_62, 0, 0, 0, 0, 0, 0, 0, 0
3903, 06_4_63, 0, 0, 0, 0, 0, 0, 0, 0
3904, 06_4_64, 0, 0, 0, 0, 0, 0, 0, 0
3905, 06_4_65, 0, 0, 0, 0, 0, 0, 0, 0
3906, 06_4_66, 0, 0, 0, 0, 0, 0, 0, 0
3907, 06_4_67, 0, 0, 0, 0, 0, 0, 0, 0
3908, 06_4_68, 0, 0, 0, 0, 0, 0, 0, 0
3909, 06_4_69, 0, 0, 0, 0, 0, 0, 0, 0
3910, 06_4_70, 0, 0, 0, 0, 0, 0, 0, 0
3911, 06_4_71, 0, 0, 0, 0, 0, 0, 0, 0
3912, 06_4_72, 0, 0, 0, 0, 0, 0, 0, 0
3913, 06_4_73, 0, 0, 0, 0, 0, 0, 0, 0
3914, 06_4_74, 0, 0, 0, 0, 0, 0, 0, 0
3915, 06_4_75, 0, 0, 0, 0, 0, 0, 0, 0
3916, 06_4_76, 0, 0, 0, 0, 0, 0, 0, 0
3917, 06_4_77, 0, 0, 0, 0, 0, 0, 0, 0
3918, 06_4_78, 0, 0, 0, 0, 0, 0, 0, 0
3919, 06_4_79, 0, 0, 0, 0, 0, 0, 0, 0
3920, 06_4_80, 0, 0, 0, 0, 0, 0, 0, 0
3921, 06_4_81, 0, 0, 0, 0, 0, 0, 0, 0
3922, 06_4_82, 0, 0, 0, 0, 0, 0, 0, 0
3923, 06_4_83, 0, 0, 0, 0, 0, 0, 0, 0
3924, 06_4_84, 0, 0, 0, 0, 0, 0, 0, 0
3925, 06_4_85, 0, 0, 0, 0, 0, 0, 0, 0
3926, 06_4_86, 0, 0, 0, 0, 0, 0, 0, 0
3927, 06_4_87, 0, 0, 0, 0, 0, 0, 0, 0
3928, 06_4_88, 0, 0, 0, 0, 0, 0, 0, 0
3929, 06_4_89, 0, 0, 0, 0, 0, 0, 0, 0
3930, 06_4_90, 0, 0, 0, 0, 0, 0, 0, 0
3931, 06_4_91, 0, 0, 0, 0, 0, 0, 0, 0
3932, 06_4_92, 0, 0, 0, 0, 0, 0, 0, 0
3933, 06_4_93, 0, 0, 0, 0, 0, 0, 0, 0
3934, 06_4_94, 0, 0, 0, 0, 0, 0, 0, 0
3935, 06_4_95, 0, 0, 0, 0, 0, 0, 0, 0
3936, 06_5_00, 0, 0, 0, 0, 0, 0, 0, 0
3937, 06_5_01, 0, 0, 0, 0, 0, 0, 0, 0
3938, 06_5_02, 0, 0, 0, 0, 0, 0, 0, 0
3939, 06_5_03, 0, 0, 0, 0, 0, 0, 0, 0
3940, 06_5_04, 0, 0, 0, 0, 0, 0, 0, 0
3941, 06_5_05, 0, 0, 0, 0, 0, 0, 0, 0
3942, 06_5_06, 0, 0, 0, 0, 0, 0, 0, 0
3943, 06_5_07, 0, 0, 0, 0, 0, 0, 0, 0
3944, 06_5_08, 0, 0, 0, 0, 0, 0, 0, 0
3945, 06_5_09, 0, 0, 0, 0, 0, 0, 0, 0
3946, 06_5_10, 0, 0, 0, 0, 0, 0, 0, 0
3947, 06_5_11, 0, 0, 0, 0, 0, 0, 0, 0
3948, 06_5_12, 0, 0, 0, 0, 0, 0, 0, 0
3949, 06_5_13, 0, 0, 0, 0, 0, 0, 0, 0
3950, 06_5_14, 0, 0, 0, 0, 0, 0, 0, 0
3951, 06_5_15, 0, 0, 0, 0, 0, 0, 0, 0
3952, 06_5_16, 0, 0, 0, 0, 0, 0, 0, 0
3953, 06_5_17, 0, 0, 0, 0, 0, 0, 0, 0
3954, 06_5_18, 0, 0, 0, 0, 0, 0, 0, 0
3955, 06_5_19, 0, 0, 0, 0, 0, 0, 0, 0
3956, 06_5_20, 0, 0, 0, 0, 0, 0, 0, 0
3957, 06_5_21, 0, 0, 0, 0, 0, 0, 0, 0
3958, 06_5_22, 0, 0, 0, 0, 0, 0, 0, 0
3959, 06_5_23, 0, 0, 0, 0, 0, 0, 0, 0
3960, 06_5_24, 0, 0, 0, 0, 0, 0, 0, 0
3961, 06_5_25, 0, 0, 0, 0, 0, 0, 0, 0
3962, 06_5_26, 0, 0, 0, 0, 0, 0, 0, 0
3963, 06_5_27, 0, 0, 0, 0, 0, 0, 0, 0
3964, 06_5_28, 0, 0, 0, 0, 0, 0, 0, 0
3965, 06_5_29, 0, 0, 0, 0, 0, 0, 0, 0
3966, 06_5_30, 0, 0, 0, 0, 0, 0, 0, 0
3967, 06_5_31, 0, 0, 0, 0, 0, 0, 0, 0
3968, 06_5_32, 0, 0, 0, 0, 0, 0, 0, 0
3969, 06_5_33, 0, 0, 0, 0, 0, 0, 0, 0
3970, 06_5_34, 0, 0, 0, 0, 0, 0, 0, 0
3971, 06_5_35, 0, 0, 0, 0, 0, 0, 0, 0
3972, 06_5_36, 0, 0, 0, 0, 0, 0, 0, 0
3973, 06_5_37, 0, 0, 0, 0, 0, 0, 0, 0
3974, 06_5_38, 0, 0, 0, 0, 0, 0, 0, 0
3975, 06_5_39, 0, 0, 0, 0, 0, 0, 0, 0
3976, 06_5_40, 0, 0, 0, 0, 0, 0, 0, 0
3977, 06_5_41, 0, 0, 0, 0, 0, 0, 0, 0
3978, 06_5_42, 0, 0, 0, 0, 0, 0, 0, 0
3979, 06_5_43, 0, 0, 0, 0, 0, 0, 0, 0
3980, 06_5_44, 0, 0, 0, 0, 0, 0, 0, 0
3981, 06_5_45, 0, 0, 0, 0, 0, 0, 0, 0
3982, 06_5_46, 0, 0, 0, 0, 0, 0, 0, 0
3983, 06_5_47, 0, 0, 0, 0, 0, 0, 0, 0
3984, 06_5_48, 0, 0, 0, 0, 0, 0, 0, 0
3985, 06_5_49, 0, 0, 0, 0, 0, 0, 0, 0
3986, 06_5_50, 0, 0, 0, 0, 0, 0, 0, 0
3987, 06_5_51, 0, 0, 0, 0, 0, 0, 0, 0
3988, 06_5_52, 0, 0, 0, 0, 0, 0, 0, 0
3989, 06_5_53, 0, 0, 0, 0, 0, 0, 0, 0
3990, 06_5_54, 0, 0, 0, 0, 0, 0, 0, 0
3991, 06_5_55, 0, 0, 0, 0, 0, 0, 0, 0
3992, 06_5_56, 0, 0, 0, 0, 0, 0, 0, 0
3993, 06_5_57, 0, 0, 0, 0, 0, 0, 0, 0
3994, 06_5_58, 0, 0, 0, 0, 0, 0, 0, 0
3995, 06_5_59, 0, 0, 0, 0, 0, 0, 0, 0
3996, 06_5_60, 0, 0, 0, 0, 0, 0, 0, 0
3997, 06_5_61, 0, 0, 0, 0, 0, 0, 0, 0
3998, 06_5_62, 0, 0, 0, 0, 0, 0, 0, 0
3999, 06_5_63, 0, 0, 0, 0, 0, 0, 0, 0
4000, 06_5_64, 0, 0, 0, 0, 0, 0, 0, 0
4001, 06_5_65, 0, 0, 0, 0, 0, 0, 0, 0
4002, 06_5_66, 0, 0, 0, 0, 0, 0, 0, 0
4003, 06_5_67, 0, 0, 0, 0, 0, 0, 0, 0
4004, 06_5_68, 0, 0, 0, 0, 0, 0, 0, 0
4005, 06_5_69, 0, 0, 0, 0, 0, 0, 0, 0
4006, 06_5_70, 0, 0, 0, 0, 0, 0, 0, 0
4007, 06_5_71, 0, 0, 0, 0, 0, 0, 0, 0
4008, 06_5_72, 0, 0, 0, 0, 0, 0, 0, 0
4009, 06_5_73, 0, 0, 0, 0, 0, 0, 0, 0
4010, 06_5_74, 0, 0, 0, 0, 0, 0, 0, 0
4011, 06_5_75, 0, 0, 0, 0, 0, 0, 0, 0
4012, 06_5_76, 0, 0, 0, 0, 0, 0, 0, 0
4013, 06_5_77, 0, 0, 0, 0, 0, 0, 0, 0
4014, 06_5_78, 0, 0, 0, 0, 0, 0, 0, 0
4015, 06_5_79, 0, 0, 0, 0, 0, 0, 0, 0
4016, 06_5_80, 0, 0, 0, 0, 0, 0, 0, 0
4017, 06_5_81, 0, 0, 0, 0, 0, 0, 0, 0
4018, 06_5_82, 0, 0, 0, 0, 0, 0, 0, 0
4019, 06_5_83, 0, 0, 0, 0, 0, 0, 0, 0
4020, 06_5_84, 0, 0, 0, 0, 0, 0, 0, 0
4021, 06_5_85, 0, 0, 0, 0, 0, 0, 0, 0
4022, 06_5_86, 0, 0, 0, 0, 0, 0, 0, 0
4023, 06_5_87, 0, 0, 0, 0, 0, 0, 0, 0
4024, 06_5_88, 0, 0, 0, 0, 0, 0, 0, 0
4025, 06_5_89, 0, 0, 0, 0, 0, 0, 0, 0
4026, 06_5_90, 0, 0, 0, 0, 0, 0, 0, 0
4027, 06_5_91, 0, 0, 0, 0, 0, 0, 0, 0
4028, 06_5_92, 0, 0, 0, 0, 0, 0, 0, 0
4029, 06_5_93, 0, 0, 0, 0, 0, 0, 0, 0
4030, 06_5_94, 0, 0, 0, 0, 0, 0, 0, 0
4031, 06_5_95, 0, 0, 0, 0, 0, 0, 0, 0
4032, 07_0_00, 0, 0, 0, 0, 0, 0, 0, 0
4033, 07_0_01, 0, 0, 0, 0, 0, 0, 0, 0
4034, 07_0_02, 0, 0, 0, 0, 0, 0, 0, 0
4035, 07_0_03, 0, 0, 0, 0, 0, 0, 0, 0
4036, 07_0_04, 0, 0, 0, 0, 0, 0, 0, 0
4037, 07_0_05, 0, 0, 0, 0, 0, 0, 0, 0
4038, 07_0_06, 0, 0, 0, 0, 0, 0, 0, 0
4039, 07_0_07, 0, 0, 0, 0, 0, 0, 0, 0
4040, 07_0_08, 0, 0, 0, 0, 0, 0, 0, 0
4041, 07_0_09, 0, 0, 0, 0, 0, 0, 0, 0
4042, 07_0_10, 0, 0, 0, 0, 0, 0, 0, 0
4043, 07_0_11, 0, 0, 0, 0, 0, 0, 0, 0
4044, 07_0_12, 0, 0, 0, 0, 0, 0, 0, 0
4045, 07_0_13, 0, 0, 0, 0, 0, 0, 0, 0
4046, 07_0_14, 0, 0, 0, 0, 0, 0, 0, 0
4047, 07_0_15, 0, 0, 0, 0, 0, 0, 0, 0
4048, 07_0_16, 0, 0, 0, 0, 0, 0, 0, 0
4049, 07_0_17, 0, 0, 0, 0, 0, 0, 0, 0
4050, 07_0_18, 0, 0, 0, 0, 0, 0, 0, 0
4051, 07_0_19, 0, 0, 0, 0, 0, 0, 0, 0
4052, 07_0_20, 0, 0, 0, 0, 0, 0, 0, 0
4053, 07_0_21, 0, 0, 0, 0, 0, 0, 0, 0
4054, 07_0_22, 0, 0, 0, 0, 0, 0, 0, 0
4055, 07_0_23, 0, 0, 0, 0, 0, 0, 0, 0
4056, 07_0_24, 0, 0, 0, 0, 0, 0, 0, 0
4057, 07_0_25, 0, 0, 0, 0, 0, 0, 0, 0
4058, 07_0_26, 0, 0, 0, 0, 0, 0, 0, 0
4059, 07_0_27, 0, 0, 0, 0, 0, 0, 0, 0
4060, 07_0_28, 0, 0, 0, 0, 0, 0, 0, 0
4061, 07_0_29, 0, 0, 0, 0, 0, 0, 0, 0
4062, 07_0_30, 0, 0, 0, 0, 0, 0, 0, 0
4063, 07_0_31, 0, 0, 0, 0, 0, 0, 0, 0
4064, 07_0_32, 0, 0, 0, 0, 0, 0, 0, 0
4065, 07_0_33, 0, 0, 0, 0, 0, 0, 0, 0
4066, 07_0_34, 0, 0, 0, 0, 0, 0, 0, 0
4067, 07_0_35, 0, 0, 0, 0, 0, 0, 0, 0
4068, 07_0_36, 0, 0, 0, 0, 0, 0, 0, 0
4069, 07_0_37, 0, 0, 0, 0, 0, 0, 0, 0
4070, 07_0_38, 0, 0, 0, 0, 0, 0, 0, 0
4071, 07_0_39, 0, 0, 0, 0, 0, 0, 0, 0
4072, 07_0_40, 0, 0, 0, 0, 0, 0, 0, 0
4073, 07_0_41, 0, 0, 0, 0, 0, 0, 0, 0
4074, 07_0_42, 0, 0, 0, 0, 0, 0, 0, 0
4075, 07_0_43, 0, 0, 0, 0, 0, 0, 0, 0
4076, 07_0_44, 0, 0, 0, 0, 0, 0, 0, 0
4077, 07_0_45, 0, 0, 0, 0, 0, 0, 0, 0
4078, 07_0_46, 0, 0, 0, 0, 0, 0, 0, 0
4079, 07_0_47, 0, 0, 0, 0, 0, 0, 0, 0
4080, 07_0_48, 0, 0, 0, 0, 0, 0, 0, 0
4081, 07_0_49, 0, 0, 0, 0, 0, 0, 0, 0
4082, 07_0_50, 0, 0, 0, 0, 0, 0, 0, 0
4083, 07_0_51, 0, 0, 0, 0, 0, 0, 0, 0
4084, 07_0_52, 0, 0, 0, 0, 0, 0, 0, 0
4085, 07_0_53, 0, 0, 0, 0, 0, 0, 0, 0
4086, 07_0_54, 0, 0, 0, 0, 0, 0, 0, 0
4087, 07_0_55, 0, 0, 0, 0, 0, 0, 0, 0
4088, 07_0_56, 0, 0, 0, 0, 0, 0, 0, 0
4089, 07_0_57, 0, 0, 0, 0, 0, 0, 0, 0
4090, 07_0_58, 0, 0, 0, 0, 0, 0, 0, 0
4091, 07_0_59, 0, 0, 0, 0, 0, 0, 0, 0
4092, 07_0_60, 0, 0, 0, 0, 0, 0, 0, 0
4093, 07_0_61, 0, 0, 0, 0, 0, 0, 0, 0
4094, 07_0_62, 0, 0, 0, 0, 0, 0, 0, 0
4095, 07_0_63, 0, 0, 0, 0, 0, 0, 0, 0
4096, 07_0_64, 0, 0, 0, 0, 0, 0, 0, 0
4097, 07_0_65, 0, 0, 0, 0, 0, 0, 0, 0
4098, 07_0_66, 0, 0, 0, 0, 0, 0, 0, 0
4099, 07_0_67, 0, 0, 0, 0, 0, 0, 0, 0
4100, 07_0_68, 0, 0, 0, 0, 0, 0, 0, 0
4101, 07_0_69, 0, 0, 0, 0, 0, 0, 0, 0
4102, 07_0_70, 0, 0, 0, 0, 0, 0, 0, 0
4103, 07_0_71, 0, 0, 0, 0, 0, 0, 0, 0
4104, 07_0_72, 0, 0, 0, 0, 0, 0, 0, 0
4105, 07_0_73, 0, 0, 0, 0, 0, 0, 0, 0
4106, 07_0_74, 0, 0, 0, 0, 0, 0, 0, 0
4107, 07_0_75, 0, 0, 0, 0, 0, 0, 0, 0
4108, 07_0_76, 0, 0, 0, 0, 0, 0, 0, 0
4109, 07_0_77, 0, 0, 0, 0, 0, 0, 0, 0
4110, 07_0_78, 0, 0, 0, 0, 0, 0, 0, 0
4111, 07_0_79, 0, 0, 0, 0, 0, 0, 0, 0
4112, 07_0_80, 0, 0, 0, 0, 0, 0, 0, 0
4113, 07_0_81, 0, 0, 0, 0, 0, 0, 0, 0
4114, 07_0_82, 0, 0, 0, 0, 0, 0, 0, 0
4115, 07_0_83, 0, 0, 0, 0, 0, 0, 0, 0
4116, 07_0_84, 0, 0, 0, 0, 0, 0, 0, 0
4117, 07_0_85, 0, 0, 0, 0, 0, 0, 0, 0
4118, 07_0_86, 0, 0, 0, 0, 0, 0, 0, 0
4119, 07_0_87, 0, 0, 0, 0, 0, 0, 0, 0
4120, 07_0_88, 0, 0, 0, 0, 0, 0, 0, 0
4121, 07_0_89, 0, 0, 0, 0, 0, 0, 0, 0
4122, 07_0_90, 0, 0, 0, 0, 0, 0, 0, 0
4123, 07_0_91, 0, 0, 0, 0, 0, 0, 0, 0
4124, 07_0_92, 0, 0, 0, 0, 0, 0, 0, 0
4125, 07_0_93, 0, 0, 0, 0, 0, 0, 0, 0
4126, 07_0_94, 0, 0, 0, 0, 0, 0, 0, 0
4127, 07_0_95, 0, 0, 0, 0, 0, 0, 0, 0
4128, 07_1_00, 0, 0, 0, 0, 0, 0, 0, 0
4129, 07_1_01, 0, 0, 0, 0, 0, 0, 0, 0
4130, 07_1_02, 0, 0, 0, 0, 0, 0, 0, 0
4131, 07_1_03, 0, 0, 0, 0, 0, 0, 0, 0
4132, 07_1_04, 0, 0, 0, 0, 0, 0, 0, 0
4133, 07_1_05, 0, 0, 0, 0, 0, 0, 0, 0
4134, 07_1_06, 0, 0, 0, 0, 0, 0, 0, 0
4135, 07_1_07, 0, 0, 0, 0, 0, 0, 0, 0
4136, 07_1_08, 0, 0, 0, 0, 0, 0, 0, 0
4137, 07_1_09, 0, 0, 0, 0, 0, 0, 0, 0
4138, 07_1_10, 0, 0, 0, 0, 0, 0, 0, 0
4139, 07_1_11, 0, 0, 0, 0, 0, 0, 0, 0
4140, 07_1_12, 0, 0, 0, 0, 0, 0, 0, 0
4141, 07_1_13, 0, 0, 0, 0, 0, 0, 0, 0
4142, 07_1_14, 0, 0, 0, 0, 0, 0, 0, 0
4143, 07_1_15, 0, 0, 0, 0, 0, 0, 0, 0
4144, 07_1_16, 0, 0, 0, 0, 0, 0, 0, 0
4145, 07_1_17, 0, 0, 0, 0, 0, 0, 0, 0
4146, 07_1_18, 0, 0, 0, 0, 0, 0, 0, 0
4147, 07_1_19, 0, 0, 0, 0, 0, 0, 0, 0
4148, 07_1_20, 0, 0, 0, 0, 0, 0, 0, 0
4149, 07_1_21, 0, 0, 0, 0, 0, 0, 0, 0
4150, 07_1_22, 0, 0, 0, 0, 0, 0, 0, 0
4151, 07_1_23, 0, 0, 0, 0, 0, 0, 0, 0
4152, 07_1_24, 0, 0, 0, 0, 0, 0, 0, 0
4153, 07_1_25, 0, 0, 0, 0, 0, 0, 0, 0
4154, 07_1_26, 0, 0, 0, 0, 0, 0, 0, 0
4155, 07_1_27, 0, 0, 0, 0, 0, 0, 0, 0
4156, 07_1_28, 0, 0, 0, 0, 0, 0, 0, 0
4157, 07_1_29, 0, 0, 0, 0, 0, 0, 0, 0
4158, 07_1_30, 0, 0, 0, 0, 0, 0, 0, 0
4159, 07_1_31, 0, 0, 0, 0, 0, 0, 0, 0
4160, 07_1_32, 0, 0, 0, 0, 0, 0, 0, 0
4161, 07_1_33, 0, 0, 0, 0, 0, 0, 0, 0
4162, 07_1_34, 0, 0, 0, 0, 0, 0, 0, 0
4163, 07_1_35, 0, 0, 0, 0, 0, 0, 0, 0
4164, 07_1_36, 0, 0, 0, 0, 0, 0, 0, 0
4165, 07_1_37, 0, 0, 0, 0, 0, 0, 0, 0
4166, 07_1_38, 0, 0, 0, 0, 0, 0, 0, 0
4167, 07_1_39, 0, 0, 0, 0, 0, 0, 0, 0
4168, 07_1_40, 0, 0, 0, 0, 0, 0, 0, 0
4169, 07_1_41, 0, 0, 0, 0, 0, 0, 0, 0
4170, 07_1_42, 0, 0, 0, 0, 0, 0, 0, 0
4171, 07_1_43, 0, 0, 0, 0, 0, 0, 0, 0
4172, 07_1_44, 0, 0, 0, 0, 0, 0, 0, 0
4173, 07_1_45, 0, 0, 0, 0, 0, 0, 0, 0
4174, 07_1_46, 0, 0, 0, 0, 0, 0, 0, 0
4175, 07_1_47, 0, 0, 0, 0, 0, 0, 0, 0
4176, 07_1_48, 0, 0, 0, 0, 0, 0, 0, 0
4177, 07_1_49, 0, 0, 0, 0, 0, 0, 0, 0
4178, 07_1_50, 0, 0, 0, 0, 0, 0, 0, 0
4179, 07_1_51, 0, 0, 0, 0, 0, 0, 0, 0
4180, 07_1_52, 0, 0, 0, 0, 0, 0, 0, 0
4181, 07_1_53, 0, 0, 0, 0, 0, 0, 0, 0
4182, 07_1_54, 0, 0, 0, 0, 0, 0, 0, 0
4183, 07_1_55, 0, 0, 0, 0, 0, 0, 0, 0
4184, 07_1_56, 0, 0, 0, 0, 0, 0, 0, 0
4185, 07_1_57, 0, 0, 0, 0, 0, 0, 0, 0
4186, 07_1_58, 0, 0, 0, 0, 0, 0, 0, 0
4187, 07_1_59, 0, 0, 0, 0, 0, 0, 0, 0
4188, 07_1_60, 0, 0, 0, 0, 0, 0, 0, 0
4189, 07_1_61, 0, 0, 0, 0, 0, 0, 0, 0
4190, 07_1_62, 0, 0, 0, 0, 0, 0, 0, 0
4191, 07_1_63, 0, 0, 0, 0, 0, 0, 0, 0
4192, 07_1_64, 0, 0, 0, 0, 0, 0, 0, 0
4193, 07_1_65, 0, 0, 0, 0, 0, 0, 0, 0
4194, 07_1_66, 0, 0, 0, 0, 0, 0, 0, 0
4195, 07_1_67, 0, 0, 0, 0, 0, 0, 0, 0
4196, 07_1_68, 0, 0, 0, 0, 0, 0, 0, 0
4197, 07_1_69, 0, 0, 0, 0, 0, 0, 0, 0
4198, 07_1_70, 0, 0, 0, 0, 0, 0, 0, 0
4199, 07_1_71, 0, 0, 0, 0, 0, 0, 0, 0
4200, 07_1_72, 0, 0, 0, 0, 0, 0, 0, 0
4201, 07_1_73, 0, 0, 0, 0, 0, 0, 0, 0
4202, 07_1_74, 0, 0, 0, 0, 0, 0, 0, 0
4203, 07_1_75, 0, 0, 0, 0, 0, 0, 0, 0
4204, 07_1_76, 0, 0, 0, 0, 0, 0, 0, 0
4205, 07_1_77, 0, 0, 0, 0, 0, 0, 0, 0
4206, 07_1_78, 0, 0, 0, 0, 0, 0, 0, 0
4207, 07_1_79, 0, 0, 0, 0, 0, 0, 0, 0
4208, 07_1_80, 0, 0, 0, 0, 0, 0, 0, 0
4209, 07_1_81, 0, 0, 0, 0, 0, 0, 0, 0
4210, 07_1_82, 0, 0, 0, 0, 0, 0, 0, 0
4211, 07_1_83, 0, 0, 0, 0, 0, 0, 0, 0
4212, 07_1_84, 0, 0, 0, 0, 0, 0, 0, 0
4213, 07_1_85, 0, 0, 0, 0, 0, 0, 0, 0
4214, 07_1_86, 0, 0, 0, 0, 0, 0, 0, 0
4215, 07_1_87, 0, 0, 0, 0, 0, 0, 0, 0
4216, 07_1_88, 0, 0, 0, 0, 0, 0, 0, 0
4217, 07_1_89, 0, 0, 0, 0, 0, 0, 0, 0
4218, 07_1_90, 0, 0, 0, 0, 0, 0, 0, 0
4219, 07_1_91, 0, 0, 0, 0, 0, 0, 0, 0
4220, 07_1_92, 0, 0, 0, 0, 0, 0, 0, 0
4221, 07_1_93, 0, 0, 0, 0, 0, 0, 0, 0
4222, 07_1_94, 0, 0, 0, 0, 0, 0, 0, 0
4223, 07_1_95, 0, 0, 0, 0, 0, 0, 0, 0
4224, 07_2_00, 0, 0, 0, 0, 0, 0, 0, 0
4225, 07_2_01, 0, 0, 0, 0, 0, 0, 0, 0
4226, 07_2_02, 0, 0, 0, 0, 0, 0, 0, 0
4227, 07_2_03, 0, 0, 0, 0, 0, 0, 0, 0
4228, 07_2_04, 0, 0, 0, 0, 0, 0, 0, 0
4229, 07_2_05, 0, 0, 0, 0, 0, 0, 0, 0
4230, 07_2_06, 0, 0, 0, 0, 0, 0, 0, 0
4231, 07_2_07, 0, 0, 0, 0, 0, 0, 0, 0
4232, 07_2_08, 0, 0, 0, 0, 0, 0, 0, 0
4233, 07_2_09, 0, 0, 0, 0, 0, 0, 0, 0
4234, 07_2_10, 0, 0, 0, 0, 0, 0, 0, 0
4235, 07_2_11, 0, 0, 0, 0, 0, 0, 0, 0
4236, 07_2_12, 0, 0, 0, 0, 0, 0, 0, 0
4237, 07_2_13, 0, 0, 0, 0, 0, 0, 0, 0
4238, 07_2_14, 0, 0, 0, 0, 0, 0, 0, 0
4239, 07_2_15, 0, 0, 0, 0, 0, 0, 0, 0
4240, 07_2_16, 0, 0, 0, 0, 0, 0, 0, 0
4241, 07_2_17, 0, 0, 0, 0, 0, 0, 0, 0
4242, 07_2_18, 0, 0, 0, 0, 0, 0, 0, 0
4243, 07_2_19, 0, 0, 0, 0, 0, 0, 0, 0
4244, 07_2_20, 0, 0, 0, 0, 0, 0, 0, 0
4245, 07_2_21, 0, 0, 0, 0, 0, 0, 0, 0
4246, 07_2_22, 0, 0, 0, 0, 0, 0, 0, 0
4247, 07_2_23, 0, 0, 0, 0, 0, 0, 0, 0
4248, 07_2_24, 0, 0, 0, 0, 0, 0, 0, 0
4249, 07_2_25, 0, 0, 0, 0, 0, 0, 0, 0
4250, 07_2_26, 0, 0, 0, 0, 0, 0, 0, 0
4251, 07_2_27, 0, 0, 0, 0, 0, 0, 0, 0
4252, 07_2_28, 0, 0, 0, 0, 0, 0, 0, 0
4253, 07_2_29, 0, 0, 0, 0, 0, 0, 0, 0
4254, 07_2_30, 0, 0, 0, 0, 0, 0, 0, 0
4255, 07_2_31, 0, 0, 0, 0, 0, 0, 0, 0
4256, 07_2_32, 0, 0, 0, 0, 0, 0, 0, 0
4257, 07_2_33, 0, 0, 0, 0, 0, 0, 0, 0
4258, 07_2_34, 0, 0, 0, 0, 0, 0, 0, 0
4259, 07_2_35, 0, 0, 0, 0, 0, 0, 0, 0
4260, 07_2_36, 0, 0, 0, 0, 0, 0, 0, 0
4261, 07_2_37, 0, 0, 0, 0, 0, 0, 0, 0
4262, 07_2_38, 0, 0, 0, 0, 0, 0, 0, 0
4263, 07_2_39, 0, 0, 0, 0, 0, 0, 0, 0
4264, 07_2_40, 0, 0, 0, 0, 0, 0, 0, 0
4265, 07_2_41, 0, 0, 0, 0, 0, 0, 0, 0
4266, 07_2_42, 0, 0, 0, 0, 0, 0, 0, 0
4267, 07_2_43, 0, 0, 0, 0, 0, 0, 0, 0
4268, 07_2_44, 0, 0, 0, 0, 0, 0, 0, 0
4269, 07_2_45, 0, 0, 0, 0, 0, 0, 0, 0
4270, 07_2_46, 0, 0, 0, 0, 0, 0, 0, 0
4271, 07_2_47, 0, 0, 0, 0, 0, 0, 0, 0
4272, 07_2_48, 0, 0, 0, 0, 0, 0, 0, 0
4273, 07_2_49, 0, 0, 0, 0, 0, 0, 0, 0
4274, 07_2_50, 0, 0, 0, 0, 0, 0, 0, 0
4275, 07_2_51, 0, 0, 0, 0, 0, 0, 0, 0
4276, 07_2_52, 0, 0, 0, 0, 0, 0, 0, 0
4277, 07_2_53, 0, 0, 0, 0, 0, 0, 0, 0
4278, 07_2_54, 0, 0, 0, 0, 0, 0, 0, 0
4279, 07_2_55, 0, 0, 0, 0, 0, 0, 0, 0
4280, 07_2_56, 0, 0, 0, 0, 0, 0, 0, 0
4281, 07_2_57, 0, 0, 0, 0, 0, 0, 0, 0
4282, 07_2_58, 0, 0, 0, 0, 0, 0, 0, 0
4283, 07_2_59, 0, 0, 0, 0, 0, 0, 0, 0
4284, 07_2_60, 0, 0, 0, 0, 0, 0, 0, 0
4285, 07_2_61, 0, 0, 0, 0, 0, 0, 0, 0
4286, 07_2_62, 0, 0, 0, 0, 0, 0, 0, 0
4287, 07_2_63, 0, 0, 0, 0, 0, 0, 0, 0
4288, 07_2_64, 0, 0, 0, 0, 0, 0, 0, 0
4289, 07_2_65, 0, 0, 0, 0, 0, 0, 0, 0
4290, 07_2_66, 0, 0, 0, 0, 0, 0, 0, 0
4291, 07_2_67, 0, 0, 0, 0, 0, 0, 0, 0
4292, 07_2_68, 0, 0, 0, 0, 0, 0, 0, 0
4293, 07_2_69, 0, 0, 0, 0, 0, 0, 0, 0
4294, 07_2_70, 0, 0, 0, 0, 0, 0, 0, 0
4295, 07_2_71, 0, 0, 0, 0, 0, 0, 0, 0
4296, 07_2_72, 0, 0, 0, 0, 0, 0, 0, 0
4297, 07_2_73, 0, 0, 0, 0, 0, 0, 0, 0
4298, 07_2_74, 0, 0, 0, 0, 0, 0, 0, 0
4299, 07_2_75, 0, 0, 0, 0, 0, 0, 0, 0
4300, 07_2_76, 0, 0, 0, 0, 0, 0, 0, 0
4301, 07_2_77, 0, 0, 0, 0, 0, 0, 0, 0
4302, 07_2_78, 0, 0, 0, 0, 0, 0, 0, 0
4303, 07_2_79, 0, 0, 0, 0, 0, 0, 0, 0
4304, 07_2_80, 0, 0, 0, 0, 0, 0, 0, 0
4305, 07_2_81, 0, 0, 0, 0, 0, 0, 0, 0
4306, 07_2_82, 0, 0, 0, 0, 0, 0, 0, 0
4307, 07_2_83, 0, 0, 0, 0, 0, 0, 0, 0
4308, 07_2_84, 0, 0, 0, 0, 0, 0, 0, 0
4309, 07_2_85, 0, 0, 0, 0, 0, 0, 0, 0
4310, 07_2_86, 0, 0, 0, 0, 0, 0, 0, 0
4311, 07_2_87, 0, 0, 0, 0, 0, 0, 0, 0
4312, 07_2_88, 0, 0, 0, 0, 0, 0, 0, 0
4313, 07_2_89, 0, 0, 0, 0, 0, 0, 0, 0
4314, 07_2_90, 0, 0, 0, 0, 0, 0, 0, 0
4315, 07_2_91, 0, 0, 0, 0, 0, 0, 0, 0
4316, 07_2_92, 0, 0, 0, 0, 0, 0, 0, 0
4317, 07_2_93, 0, 0, 0, 0, 0, 0, 0, 0
4318, 07_2_94, 0, 0, 0, 0, 0, 0, 0, 0
4319, 07_2_95, 0, 0, 0, 0, 0, 0, 0, 0
4320, 07_3_00, 0, 0, 0, 0, 0, 0, 0, 0
4321, 07_3_01, 0, 0, 0, 0, 0, 0, 0, 0
4322, 07_3_02, 0, 0, 0, 0, 0, 0, 0, 0
4323, 07_3_03, 0, 0, 0, 0, 0, 0, 0, 0
4324, 07_3_04, 0, 0, 0, 0, 0, 0, 0, 0
4325, 07_3_05, 0, 0, 0, 0, 0, 0, 0, 0
4326, 07_3_06, 0, 0, 0, 0, 0, 0, 0, 0
4327, 07_3_07, 0, 0, 0, 0, 0, 0, 0, 0
4328, 07_3_08, 0, 0, 0, 0, 0, 0, 0, 0
4329, 07_3_09, 0, 0, 0, 0, 0, 0, 0, 0
4330, 07_3_10, 0, 0, 0, 0, 0, 0, 0, 0
4331, 07_3_11, 0, 0, 0, 0, 0, 0, 0, 0
4332, 07_3_12, 0, 0, 0, 0, 0, 0, 0, 0
4333, 07_3_13, 0, 0, 0, 0, 0, 0, 0, 0
4334, 07_3_14, 0, 0, 0, 0, 0, 0, 0, 0
4335, 07_3_15, 0, 0, 0, 0, 0, 0, 0, 0
4336, 07_3_16, 0, 0, 0, 0, 0, 0, 0, 0
4337, 07_3_17, 0, 0, 0, 0, 0, 0, 0, 0
4338, 07_3_18, 0, 0, 0, 0, 0, 0, 0, 0
4339, 07_3_19, 0, 0, 0, 0, 0, 0, 0, 0
4340, 07_3_20, 0, 0, 0, 0, 0, 0, 0, 0
4341, 07_3_21, 0, 0, 0, 0, 0, 0, 0, 0
4342, 07_3_22, 0, 0, 0, 0, 0, 0, 0, 0
4343, 07_3_23, 0, 0, 0, 0, 0, 0, 0, 0
4344, 07_3_24, 0, 0, 0, 0, 0, 0, 0, 0
4345, 07_3_25, 0, 0, 0, 0, 0, 0, 0, 0
4346, 07_3_26, 0, 0, 0, 0, 0, 0, 0, 0
4347, 07_3_27, 0, 0, 0, 0, 0, 0, 0, 0
4348, 07_3_28, 0, 0, 0, 0, 0, 0, 0, 0
4349, 07_3_29, 0, 0, 0, 0, 0, 0, 0, 0
4350, 07_3_30, 0, 0, 0, 0, 0, 0, 0, 0
4351, 07_3_31, 0, 0, 0, 0, 0, 0, 0, 0
4352, 07_3_32, 0, 0, 0, 0, 0, 0, 0, 0
4353, 07_3_33, 0, 0, 0, 0, 0, 0, 0, 0
4354, 07_3_34, 0, 0, 0, 0, 0, 0, 0, 0
4355, 07_3_35, 0, 0, 0, 0, 0, 0, 0, 0
4356, 07_3_36, 0, 0, 0, 0, 0, 0, 0, 0
4357, 07_3_37, 0, 0, 0, 0, 0, 0, 0, 0
4358, 07_3_38, 0, 0, 0, 0, 0, 0, 0, 0
4359, 07_3_39, 0, 0, 0, 0, 0, 0, 0, 0
4360, 07_3_40, 0, 0, 0, 0, 0, 0, 0, 0
4361, 07_3_41, 0, 0, 0, 0, 0, 0, 0, 0
4362, 07_3_42, 0, 0, 0, 0, 0, 0, 0, 0
4363, 07_3_43, 0, 0, 0, 0, 0, 0, 0, 0
4364, 07_3_44, 0, 0, 0, 0, 0, 0, 0, 0
4365, 07_3_45, 0, 0, 0, 0, 0, 0, 0, 0
4366, 07_3_46, 0, 0, 0, 0, 0, 0, 0, 0
4367, 07_3_47, 0, 0, 0, 0, 0, 0, 0, 0
4368, 07_3_48, 0, 0, 0, 0, 0, 0, 0, 0
4369, 07_3_49, 0, 0, 0, 0, 0, 0, 0, 0
4370, 07_3_50, 0, 0, 0, 0, 0, 0, 0, 0
4371, 07_3_51, 0, 0, 0, 0, 0, 0, 0, 0
4372, 07_3_52, 0, 0, 0, 0, 0, 0, 0, 0
4373, 07_3_53, 0, 0, 0, 0, 0, 0, 0, 0
4374, 07_3_54, 0, 0, 0, 0, 0, 0, 0, 0
4375, 07_3_55, 0, 0, 0, 0, 0, 0, 0, 0
4376, 07_3_56, 0, 0, 0, 0, 0, 0, 0, 0
4377, 07_3_57, 0, 0, 0, 0, 0, 0, 0, 0
4378, 07_3_58, 0, 0, 0, 0, 0, 0, 0, 0
4379, 07_3_59, 0, 0, 0, 0, 0, 0, 0, 0
4380, 07_3_60, 0, 0, 0, 0, 0, 0, 0, 0
4381, 07_3_61, 0, 0, 0, 0, 0, 0, 0, 0
4382, 07_3_62, 0, 0, 0, 0, 0, 0, 0, 0
4383, 07_3_63, 0, 0, 0, 0, 0, 0, 0, 0
4384, 07_3_64, 0, 0, 0, 0, 0, 0, 0, 0
4385, 07_3_65, 0, 0, 0, 0, 0, 0, 0, 0
4386, 07_3_66, 0, 0, 0, 0, 0, 0, 0, 0
4387, 07_3_67, 0, 0, 0, 0, 0, 0, 0, 0
4388, 07_3_68, 0, 0, 0, 0, 0, 0, 0, 0
4389, 07_3_69, 0, 0, 0, 0, 0, 0, 0, 0
4390, 07_3_70, 0, 0, 0, 0, 0, 0, 0, 0
4391, 07_3_71, 0, 0, 0, 0, 0, 0, 0, 0
4392, 07_3_72, 0, 0, 0, 0, 0, 0, 0, 0
4393, 07_3_73, 0, 0, 0, 0, 0, 0, 0, 0
4394, 07_3_74, 0, 0, 0, 0, 0, 0, 0, 0
4395, 07_3_75, 0, 0, 0, 0, 0, 0, 0, 0
4396, 07_3_76, 0, 0, 0, 0, 0, 0, 0, 0
4397, 07_3_77, 0, 0, 0, 0, 0, 0, 0, 0
4398, 07_3_78, 0, 0, 0, 0, 0, 0, 0, 0
4399, 07_3_79, 0, 0, 0, 0, 0, 0, 0, 0
4400, 07_3_80, 0, 0, 0, 0, 0, 0, 0, 0
4401, 07_3_81, 0, 0, 0, 0, 0, 0, 0, 0
4402, 07_3_82, 0, 0, 0, 0, 0, 0, 0, 0
4403, 07_3_83, 0, 0, 0, 0, 0, 0, 0, 0
4404, 07_3_84, 0, 0, 0, 0, 0, 0, 0, 0
4405, 07_3_85, 0, 0, 0, 0, 0, 0, 0, 0
4406, 07_3_86, 0, 0, 0, 0, 0, 0, 0, 0
4407, 07_3_87, 0, 0, 0, 0, 0, 0, 0, 0
4408, 07_3_88, 0, 0, 0, 0, 0, 0, 0, 0
4409, 07_3_89, 0, 0, 0, 0, 0, 0, 0, 0
4410, 07_3_90, 0, 0, 0, 0, 0, 0, 0, 0
4411, 07_3_91, 0, 0, 0, 0, 0, 0, 0, 0
4412, 07_3_92, 0, 0, 0, 0, 0, 0, 0, 0
4413, 07_3_93, 0, 0, 0, 0, 0, 0, 0, 0
4414, 07_3_94, 0, 0, 0, 0, 0, 0, 0, 0
4415, 07_3_95, 0, 0, 0, 0, 0, 0, 0, 0
4416, 07_4_00, 0, 0, 0, 0, 0, 0, 0, 0
4417, 07_4_01, 0, 0, 0, 0, 0, 0, 0, 0
4418, 07_4_02, 0, 0, 0, 0, 0, 0, 0, 0
4419, 07_4_03, 0, 0, 0, 0, 0, 0, 0, 0
4420, 07_4_04, 0, 0, 0, 0, 0, 0, 0, 0
4421, 07_4_05, 0, 0, 0, 0, 0, 0, 0, 0
4422, 07_4_06, 0, 0, 0, 0, 0, 0, 0, 0
4423, 07_4_07, 0, 0, 0, 0, 0, 0, 0, 0
4424, 07_4_08, 0, 0, 0, 0, 0, 0, 0, 0
4425, 07_4_09, 0, 0, 0, 0, 0, 0, 0, 0
4426, 07_4_10, 0, 0, 0, 0, 0, 0, 0, 0
4427, 07_4_11, 0, 0, 0, 0, 0, 0, 0, 0
4428, 07_4_12, 0, 0, 0, 0, 0, 0, 0, 0
4429, 07_4_13, 0, 0, 0, 0, 0, 0, 0, 0
4430, 07_4_14, 0, 0, 0, 0, 0, 0, 0, 0
4431, 07_4_15, 0, 0, 0, 0, 0, 0, 0, 0
4432, 07_4_16, 0, 0, 0, 0, 0, 0, 0, 0
4433, 07_4_17, 0, 0, 0, 0, 0, 0, 0, 0
4434, 07_4_18, 0, 0, 0, 0, 0, 0, 0, 0
4435, 07_4_19, 0, 0, 0, 0, 0, 0, 0, 0
4436, 07_4_20, 0, 0, 0, 0, 0, 0, 0, 0
4437, 07_4_21, 0, 0, 0, 0, 0, 0, 0, 0
4438, 07_4_22, 0, 0, 0, 0, 0, 0, 0, 0
4439, 07_4_23, 0, 0, 0, 0, 0, 0, 0, 0
4440, 07_4_24, 0, 0, 0, 0, 0, 0, 0, 0
4441, 07_4_25, 0, 0, 0, 0, 0, 0, 0, 0
4442, 07_4_26, 0, 0, 0, 0, 0, 0, 0, 0
4443, 07_4_27, 0, 0, 0, 0, 0, 0, 0, 0
4444, 07_4_28, 0, 0, 0, 0, 0, 0, 0, 0
4445, 07_4_29, 0, 0, 0, 0, 0, 0, 0, 0
4446, 07_4_30, 0, 0, 0, 0, 0, 0, 0, 0
4447, 07_4_31, 0, 0, 0, 0, 0, 0, 0, 0
4448, 07_4_32, 0, 0, 0, 0, 0, 0, 0, 0
4449, 07_4_33, 0, 0, 0, 0, 0, 0, 0, 0
4450, 07_4_34, 0, 0, 0, 0, 0, 0, 0, 0
4451, 07_4_35, 0, 0, 0, 0, 0, 0, 0, 0
4452, 07_4_36, 0, 0, 0, 0, 0, 0, 0, 0
4453, 07_4_37, 0, 0, 0, 0, 0, 0, 0, 0
4454, 07_4_38, 0, 0, 0, 0, 0, 0, 0, 0
4455, 07_4_39, 0, 0, 0, 0, 0, 0, 0, 0
4456, 07_4_40, 0, 0, 0, 0, 0, 0, 0, 0
4457, 07_4_41, 0, 0, 0, 0, 0, 0, 0, 0
4458, 07_4_42, 0, 0, 0, 0, 0, 0, 0, 0
4459, 07_4_43, 0, 0, 0, 0, 0, 0, 0, 0
4460, 07_4_44, 0, 0, 0, 0, 0, 0, 0, 0
4461, 07_4_45, 0, 0, 0, 0, 0, 0, 0, 0
4462, 07_4_46, 0, 0, 0, 0, 0, 0, 0, 0
4463, 07_4_47, 0, 0, 0, 0, 0, 0, 0, 0
4464, 07_4_48, 0, 0, 0, 0, 0, 0, 0, 0
4465, 07_4_49, 0, 0, 0, 0, 0, 0, 0, 0
4466, 07_4_50, 0, 0, 0, 0, 0, 0, 0, 0
4467, 07_4_51, 0, 0, 0, 0, 0, 0, 0, 0
4468, 07_4_52, 0, 0, 0, 0, 0, 0, 0, 0
4469, 07_4_53, 0, 0, 0, 0, 0, 0, 0, 0
4470, 07_4_54, 0, 0, 0, 0, 0, 0, 0, 0
4471, 07_4_55, 0, 0, 0, 0, 0, 0, 0, 0
4472, 07_4_56, 0, 0, 0, 0, 0, 0, 0, 0
4473, 07_4_57, 0, 0, 0, 0, 0, 0, 0, 0
4474, 07_4_58, 0, 0, 0, 0, 0, 0, 0, 0
4475, 07_4_59, 0, 0, 0, 0, 0, 0, 0, 0
4476, 07_4_60, 0, 0, 0, 0, 0, 0, 0, 0
4477, 07_4_61, 0, 0, 0, 0, 0, 0, 0, 0
4478, 07_4_62, 0, 0, 0, 0, 0, 0, 0, 0
4479, 07_4_63, 0, 0, 0, 0, 0, 0, 0, 0
4480, 07_4_64, 0, 0, 0, 0, 0, 0, 0, 0
4481, 07_4_65, 0, 0, 0, 0, 0, 0, 0, 0
4482, 07_4_66, 0, 0, 0, 0, 0, 0, 0, 0
4483, 07_4_67, 0, 0, 0, 0, 0, 0, 0, 0
4484, 07_4_68, 0, 0, 0, 0, 0, 0, 0, 0
4485, 07_4_69, 0, 0, 0, 0, 0, 0, 0, 0
4486, 07_4_70, 0, 0, 0, 0, 0, 0, 0, 0
4487, 07_4_71, 0, 0, 0, 0, 0, 0, 0, 0
4488, 07_4_72, 0, 0, 0, 0, 0, 0, 0, 0
4489, 07_4_73, 0, 0, 0, 0, 0, 0, 0, 0
4490, 07_4_74, 0, 0, 0, 0, 0, 0, 0, 0
4491, 07_4_75, 0, 0, 0, 0, 0, 0, 0, 0
4492, 07_4_76, 0, 0, 0, 0, 0, 0, 0, 0
4493, 07_4_77, 0, 0, 0, 0, 0, 0, 0, 0
4494, 07_4_78, 0, 0, 0, 0, 0, 0, 0, 0
4495, 07_4_79, 0, 0, 0, 0, 0, 0, 0, 0
4496, 07_4_80, 0, 0, 0, 0, 0, 0, 0, 0
4497, 07_4_81, 0, 0, 0, 0, 0, 0, 0, 0
4498, 07_4_82, 0, 0, 0, 0, 0, 0, 0, 0
4499, 07_4_83, 0, 0, 0, 0, 0, 0, 0, 0
4500, 07_4_84, 0, 0, 0, 0, 0, 0, 0, 0
4501, 07_4_85, 0, 0, 0, 0, 0, 0, 0, 0
4502, 07_4_86, 0, 0, 0, 0, 0, 0, 0, 0
4503, 07_4_87, 0, 0, 0, 0, 0, 0, 0, 0
4504, 07_4_88, 0, 0, 0, 0, 0, 0, 0, 0
4505, 07_4_89, 0, 0, 0, 0, 0, 0, 0, 0
4506, 07_4_90, 0, 0, 0, 0, 0, 0, 0, 0
4507, 07_4_91, 0, 0, 0, 0, 0, 0, 0, 0
4508, 07_4_92, 0, 0, 0, 0, 0, 0, 0, 0
4509, 07_4_93, 0, 0, 0, 0, 0, 0, 0, 0
4510, 07_4_94, 0, 0, 0, 0, 0, 0, 0, 0
4511, 07_4_95, 0, 0, 0, 0, 0, 0, 0, 0
4512, 07_5_00, 0, 0, 0, 0, 0, 0, 0, 0
4513, 07_5_01, 0, 0, 0, 0, 0, 0, 0, 0
4514, 07_5_02, 0, 0, 0, 0, 0, 0, 0, 0
4515, 07_5_03, 0, 0, 0, 0, 0, 0, 0, 0
4516, 07_5_04, 0, 0, 0, 0, 0, 0, 0, 0
4517, 07_5_05, 0, 0, 0, 0, 0, 0, 0, 0
4518, 07_5_06, 0, 0, 0, 0, 0, 0, 0, 0
4519, 07_5_07, 0, 0, 0, 0, 0, 0, 0, 0
4520, 07_5_08, 0, 0, 0, 0, 0, 0, 0, 0
4521, 07_5_09, 0, 0, 0, 0, 0, 0, 0, 0
4522, 07_5_10, 0, 0, 0, 0, 0, 0, 0, 0
4523, 07_5_11, 0, 0, 0, 0, 0, 0, 0, 0
4524, 07_5_12, 0, 0, 0, 0, 0, 0, 0, 0
4525, 07_5_13, 0, 0, 0, 0, 0, 0, 0, 0
4526, 07_5_14, 0, 0, 0, 0, 0, 0, 0, 0
4527, 07_5_15, 0, 0, 0, 0, 0, 0, 0, 0
4528, 07_5_16, 0, 0, 0, 0, 0, 0, 0, 0
4529, 07_5_17, 0, 0, 0, 0, 0, 0, 0, 0
4530, 07_5_18, 0, 0, 0, 0, 0, 0, 0, 0
4531, 07_5_19, 0, 0, 0, 0, 0, 0, 0, 0
4532, 07_5_20, 0, 0, 0, 0, 0, 0, 0, 0
4533, 07_5_21, 0, 0, 0, 0, 0, 0, 0, 0
4534, 07_5_22, 0, 0, 0, 0, 0, 0, 0, 0
4535, 07_5_23, 0, 0, 0, 0, 0, 0, 0, 0
4536, 07_5_24, 0, 0, 0, 0, 0, 0, 0, 0
4537, 07_5_25, 0, 0, 0, 0, 0, 0, 0, 0
4538, 07_5_26, 0, 0, 0, 0, 0, 0, 0, 0
4539, 07_5_27, 0, 0, 0, 0, 0, 0, 0, 0
4540, 07_5_28, 0, 0, 0, 0, 0, 0, 0, 0
4541, 07_5_29, 0, 0, 0, 0, 0, 0, 0, 0
4542, 07_5_30, 0, 0, 0, 0, 0, 0, 0, 0
4543, 07_5_31, 0, 0, 0, 0, 0, 0, 0, 0
4544, 07_5_32, 0, 0, 0, 0, 0, 0, 0, 0
4545, 07_5_33, 0, 0, 0, 0, 0, 0, 0, 0
4546, 07_5_34, 0, 0, 0, 0, 0, 0, 0, 0
4547, 07_5_35, 0, 0, 0, 0, 0, 0, 0, 0
4548, 07_5_36, 0, 0, 0, 0, 0, 0, 0, 0
4549, 07_5_37, 0, 0, 0, 0, 0, 0, 0, 0
4550, 07_5_38, 0, 0, 0, 0, 0, 0, 0, 0
4551, 07_5_39, 0, 0, 0, 0, 0, 0, 0, 0
4552, 07_5_40, 0, 0, 0, 0, 0, 0, 0, 0
4553, 07_5_41, 0, 0, 0, 0, 0, 0, 0, 0
4554, 07_5_42, 0, 0, 0, 0, 0, 0, 0, 0
4555, 07_5_43, 0, 0, 0, 0, 0, 0, 0, 0
4556, 07_5_44, 0, 0, 0, 0, 0, 0, 0, 0
4557, 07_5_45, 0, 0, 0, 0, 0, 0, 0, 0
4558, 07_5_46, 0, 0, 0, 0, 0, 0, 0, 0
4559, 07_5_47, 0, 0, 0, 0, 0, 0, 0, 0
4560, 07_5_48, 0, 0, 0, 0, 0, 0, 0, 0
4561, 07_5_49, 0, 0, 0, 0, 0, 0, 0, 0
4562, 07_5_50, 0, 0, 0, 0, 0, 0, 0, 0
4563, 07_5_51, 0, 0, 0, 0, 0, 0, 0, 0
4564, 07_5_52, 0, 0, 0, 0, 0, 0, 0, 0
4565, 07_5_53, 0, 0, 0, 0, 0, 0, 0, 0
4566, 07_5_54, 0, 0, 0, 0, 0, 0, 0, 0
4567, 07_5_55, 0, 0, 0, 0, 0, 0, 0, 0
4568, 07_5_56, 0, 0, 0, 0, 0, 0, 0, 0
4569, 07_5_57, 0, 0, 0, 0, 0, 0, 0, 0
4570, 07_5_58, 0, 0, 0, 0, 0, 0, 0, 0
4571, 07_5_59, 0, 0, 0, 0, 0, 0, 0, 0
4572, 07_5_60, 0, 0, 0, 0, 0, 0, 0, 0
4573, 07_5_61, 0, 0, 0, 0, 0, 0, 0, 0
4574, 07_5_62, 0, 0, 0, 0, 0, 0, 0, 0
4575, 07_5_63, 0, 0, 0, 0, 0, 0, 0, 0
4576, 07_5_64, 0, 0, 0, 0, 0, 0, 0, 0
4577, 07_5_65, 0, 0, 0, 0, 0, 0, 0, 0
4578, 07_5_66, 0, 0, 0, 0, 0, 0, 0, 0
4579, 07_5_67, 0, 0, 0, 0, 0, 0, 0, 0
4580, 07_5_68, 0, 0, 0, 0, 0, 0, 0, 0
4581, 07_5_69, 0, 0, 0, 0, 0, 0, 0, 0
4582, 07_5_70, 0, 0, 0, 0, 0, 0, 0, 0
4583, 07_5_71, 0, 0, 0, 0, 0, 0, 0, 0
4584, 07_5_72, 0, 0, 0, 0, 0, 0, 0, 0
4585, 07_5_73, 0, 0, 0, 0, 0, 0, 0, 0
4586, 07_5_74, 0, 0, 0, 0, 0, 0, 0, 0
4587, 07_5_75, 0, 0, 0, 0, 0, 0, 0, 0
4588, 07_5_76, 0, 0, 0, 0, 0, 0, 0, 0
4589, 07_5_77, 0, 0, 0, 0, 0, 0, 0, 0
4590, 07_5_78, 0, 0, 0, 0, 0, 0, 0, 0
4591, 07_5_79, 0, 0, 0, 0, 0, 0, 0, 0
4592, 07_5_80, 0, 0, 0, 0, 0, 0, 0, 0
4593, 07_5_81, 0, 0, 0, 0, 0, 0, 0, 0
4594, 07_5_82, 0, 0, 0, 0, 0, 0, 0, 0
4595, 07_5_83, 0, 0, 0, 0, 0, 0, 0, 0
4596, 07_5_84, 0, 0, 0, 0, 0, 0, 0, 0
4597, 07_5_85, 0, 0, 0, 0, 0, 0, 0, 0
4598, 07_5_86, 0, 0, 0, 0, 0, 0, 0, 0
4599, 07_5_87, 0, 0, 0, 0, 0, 0, 0, 0
4600, 07_5_88, 0, 0, 0, 0, 0, 0, 0, 0
4601, 07_5_89, 0, 0, 0, 0, 0, 0, 0, 0
4602, 07_5_90, 0, 0, 0, 0, 0, 0, 0, 0
4603, 07_5_91, 0, 0, 0, 0, 0, 0, 0, 0
4604, 07_5_92, 0, 0, 0, 0, 0, 0, 0, 0
4605, 07_5_93, 0, 0, 0, 0, 0, 0, 0, 0
4606, 07_5_94, 0, 0, 0, 0, 0, 0, 0, 0
4607, 07_5_95, 0, 0, 0, 0, 0, 0, 0, 0
4608, 08_0_00, 0, 0, 0, 0, 0, 0, 0, 0
4609, 08_0_01, 0, 0, 0, 0, 0, 0, 0, 0
4610, 08_0_02, 0, 0, 0, 0, 0, 0, 0, 0
4611, 08_0_03, 0, 0, 0, 0, 0, 0, 0, 0
4612, 08_0_04, 0, 0, 0, 0, 0, 0, 0, 0
4613, 08_0_05, 0, 0, 0, 0, 0, 0, 0, 0
4614, 08_0_06, 0, 0, 0, 0, 0, 0, 0, 0
4615, 08_0_07, 0, 0, 0, 0, 0, 0, 0, 0
4616, 08_0_08, 0, 0, 0, 0, 0, 0, 0, 0
4617, 08_0_09, 0, 0, 0, 0, 0, 0, 0, 0
4618, 08_0_10, 0, 0, 0, 0, 0, 0, 0, 0
4619, 08_0_11, 0, 0, 0, 0, 0, 0, 0, 0
4620, 08_0_12, 0, 0, 0, 0, 0, 0, 0, 0
4621, 08_0_13, 0, 0, 0, 0, 0, 0, 0, 0
4622, 08_0_14, 0, 0, 0, 0, 0, 0, 0, 0
4623, 08_0_15, 0, 0, 0, 0, 0, 0, 0, 0
4624, 08_0_16, 0, 0, 0, 0, 0, 0, 0, 0
4625, 08_0_17, 0, 0, 0, 0, 0, 0, 0, 0
4626, 08_0_18, 0, 0, 0, 0, 0, 0, 0, 0
4627, 08_0_19, 0, 0, 0, 0, 0, 0, 0, 0
4628, 08_0_20, 0, 0, 0, 0, 0, 0, 0, 0
4629, 08_0_21, 0, 0, 0, 0, 0, 0, 0, 0
4630, 08_0_22, 0, 0, 0, 0, 0, 0, 0, 0
4631, 08_0_23, 0, 0, 0, 0, 0, 0, 0, 0
4632, 08_0_24, 0, 0, 0, 0, 0, 0, 0, 0
4633, 08_0_25, 0, 0, 0, 0, 0, 0, 0, 0
4634, 08_0_26, 0, 0, 0, 0, 0, 0, 0, 0
4635, 08_0_27, 0, 0, 0, 0, 0, 0, 0, 0
4636, 08_0_28, 0, 0, 0, 0, 0, 0, 0, 0
4637, 08_0_29, 0, 0, 0, 0, 0, 0, 0, 0
4638, 08_0_30, 0, 0, 0, 0, 0, 0, 0, 0
4639, 08_0_31, 0, 0, 0, 0, 0, 0, 0, 0
4640, 08_0_32, 0, 0, 0, 0, 0, 0, 0, 0
4641, 08_0_33, 0, 0, 0, 0, 0, 0, 0, 0
4642, 08_0_34, 0, 0, 0, 0, 0, 0, 0, 0
4643, 08_0_35, 0, 0, 0, 0, 0, 0, 0, 0
4644, 08_0_36, 0, 0, 0, 0, 0, 0, 0, 0
4645, 08_0_37, 0, 0, 0, 0, 0, 0, 0, 0
4646, 08_0_38, 0, 0, 0, 0, 0, 0, 0, 0
4647, 08_0_39, 0, 0, 0, 0, 0, 0, 0, 0
4648, 08_0_40, 0, 0, 0, 0, 0, 0, 0, 0
4649, 08_0_41, 0, 0, 0, 0, 0, 0, 0, 0
4650, 08_0_42, 0, 0, 0, 0, 0, 0, 0, 0
4651, 08_0_43, 0, 0, 0, 0, 0, 0, 0, 0
4652, 08_0_44, 0, 0, 0, 0, 0, 0, 0, 0
4653, 08_0_45, 0, 0, 0, 0, 0, 0, 0, 0
4654, 08_0_46, 0, 0, 0, 0, 0, 0, 0, 0
4655, 08_0_47, 0, 0, 0, 0, 0, 0, 0, 0
4656, 08_0_48, 0, 0, 0, 0, 0, 0, 0, 0
4657, 08_0_49, 0, 0, 0, 0, 0, 0, 0, 0
4658, 08_0_50, 0, 0, 0, 0, 0, 0, 0, 0
4659, 08_0_51, 0, 0, 0, 0, 0, 0, 0, 0
4660, 08_0_52, 0, 0, 0, 0, 0, 0, 0, 0
4661, 08_0_53, 0, 0, 0, 0, 0, 0, 0, 0
4662, 08_0_54, 0, 0, 0, 0, 0, 0, 0, 0
4663, 08_0_55, 0, 0, 0, 0, 0, 0, 0, 0
4664, 08_0_56, 0, 0, 0, 0, 0, 0, 0, 0
4665, 08_0_57, 0, 0, 0, 0, 0, 0, 0, 0
4666, 08_0_58, 0, 0, 0, 0, 0, 0, 0, 0
4667, 08_0_59, 0, 0, 0, 0, 0, 0, 0, 0
4668, 08_0_60, 0, 0, 0, 0, 0, 0, 0, 0
4669, 08_0_61, 0, 0, 0, 0, 0, 0, 0, 0
4670, 08_0_62, 0, 0, 0, 0, 0, 0, 0, 0
4671, 08_0_63, 0, 0, 0, 0, 0, 0, 0, 0
4672, 08_0_64, 0, 0, 0, 0, 0, 0, 0, 0
4673, 08_0_65, 0, 0, 0, 0, 0, 0, 0, 0
4674, 08_0_66, 0, 0, 0, 0, 0, 0, 0, 0
4675, 08_0_67, 0, 0, 0, 0, 0, 0, 0, 0
4676, 08_0_68, 0, 0, 0, 0, 0, 0, 0, 0
4677, 08_0_69, 0, 0, 0, 0, 0, 0, 0, 0
4678, 08_0_70, 0, 0, 0, 0, 0, 0, 0, 0
4679, 08_0_71, 0, 0, 0, 0, 0, 0, 0, 0
4680, 08_0_72, 0, 0, 0, 0, 0, 0, 0, 0
4681, 08_0_73, 0, 0, 0, 0, 0, 0, 0, 0
4682, 08_0_74, 0, 0, 0, 0, 0, 0, 0, 0
4683, 08_0_75, 0, 0, 0, 0, 0, 0, 0, 0
4684, 08_0_76, 0, 0, 0, 0, 0, 0, 0, 0
4685, 08_0_77, 0, 0, 0, 0, 0, 0, 0, 0
4686, 08_0_78, 0, 0, 0, 0, 0, 0, 0, 0
4687, 08_0_79, 0, 0, 0, 0, 0, 0, 0, 0
4688, 08_0_80, 0, 0, 0, 0, 0, 0, 0, 0
4689, 08_0_81, 0, 0, 0, 0, 0, 0, 0, 0
4690, 08_0_82, 0, 0, 0, 0, 0, 0, 0, 0
4691, 08_0_83, 0, 0, 0, 0, 0, 0, 0, 0
4692, 08_0_84, 0, 0, 0, 0, 0, 0, 0, 0
4693, 08_0_85, 0, 0, 0, 0, 0, 0, 0, 0
4694, 08_0_86, 0, 0, 0, 0, 0, 0, 0, 0
4695, 08_0_87, 0, 0, 0, 0, 0, 0, 0, 0
4696, 08_0_88, 0, 0, 0, 0, 0, 0, 0, 0
4697, 08_0_89, 0, 0, 0, 0, 0, 0, 0, 0
4698, 08_0_90, 0, 0, 0, 0, 0, 0, 0, 0
4699, 08_0_91, 0, 0, 0, 0, 0, 0, 0, 0
4700, 08_0_92, 0, 0, 0, 0, 0, 0, 0, 0
4701, 08_0_93, 0, 0, 0, 0, 0, 0, 0, 0
4702, 08_0_94, 0, 0, 0, 0, 0, 0, 0, 0
4703, 08_0_95, 0, 0, 0, 0, 0, 0, 0, 0
4704, 08_1_00, 0, 0, 0, 0, 0, 0, 0, 0
4705, 08_1_01, 0, 0, 0, 0, 0, 0, 0, 0
4706, 08_1_02, 0, 0, 0, 0, 0, 0, 0, 0
4707, 08_1_03, 0, 0, 0, 0, 0, 0, 0, 0
4708, 08_1_04, 0, 0, 0, 0, 0, 0, 0, 0
4709, 08_1_05, 0, 0, 0, 0, 0, 0, 0, 0
4710, 08_1_06, 0, 0, 0, 0, 0, 0, 0, 0
4711, 08_1_07, 0, 0, 0, 0, 0, 0, 0, 0
4712, 08_1_08, 0, 0, 0, 0, 0, 0, 0, 0
4713, 08_1_09, 0, 0, 0, 0, 0, 0, 0, 0
4714, 08_1_10, 0, 0, 0, 0, 0, 0, 0, 0
4715, 08_1_11, 0, 0, 0, 0, 0, 0, 0, 0
4716, 08_1_12, 0, 0, 0, 0, 0, 0, 0, 0
4717, 08_1_13, 0, 0, 0, 0, 0, 0, 0, 0
4718, 08_1_14, 0, 0, 0, 0, 0, 0, 0, 0
4719, 08_1_15, 0, 0, 0, 0, 0, 0, 0, 0
4720, 08_1_16, 0, 0, 0, 0, 0, 0, 0, 0
4721, 08_1_17, 0, 0, 0, 0, 0, 0, 0, 0
4722, 08_1_18, 0, 0, 0, 0, 0, 0, 0, 0
4723, 08_1_19, 0, 0, 0, 0, 0, 0, 0, 0
4724, 08_1_20, 0, 0, 0, 0, 0, 0, 0, 0
4725, 08_1_21, 0, 0, 0, 0, 0, 0, 0, 0
4726, 08_1_22, 0, 0, 0, 0, 0, 0, 0, 0
4727, 08_1_23, 0, 0, 0, 0, 0, 0, 0, 0
4728, 08_1_24, 0, 0, 0, 0, 0, 0, 0, 0
4729, 08_1_25, 0, 0, 0, 0, 0, 0, 0, 0
4730, 08_1_26, 0, 0, 0, 0, 0, 0, 0, 0
4731, 08_1_27, 0, 0, 0, 0, 0, 0, 0, 0
4732, 08_1_28, 0, 0, 0, 0, 0, 0, 0, 0
4733, 08_1_29, 0, 0, 0, 0, 0, 0, 0, 0
4734, 08_1_30, 0, 0, 0, 0, 0, 0, 0, 0
4735, 08_1_31, 0, 0, 0, 0, 0, 0, 0, 0
4736, 08_1_32, 0, 0, 0, 0, 0, 0, 0, 0
4737, 08_1_33, 0, 0, 0, 0, 0, 0, 0, 0
4738, 08_1_34, 0, 0, 0, 0, 0, 0, 0, 0
4739, 08_1_35, 0, 0, 0, 0, 0, 0, 0, 0
4740, 08_1_36, 0, 0, 0, 0, 0, 0, 0, 0
4741, 08_1_37, 0, 0, 0, 0, 0, 0, 0, 0
4742, 08_1_38, 0, 0, 0, 0, 0, 0, 0, 0
4743, 08_1_39, 0, 0, 0, 0, 0, 0, 0, 0
4744, 08_1_40, 0, 0, 0, 0, 0, 0, 0, 0
4745, 08_1_41, 0, 0, 0, 0, 0, 0, 0, 0
4746, 08_1_42, 0, 0, 0, 0, 0, 0, 0, 0
4747, 08_1_43, 0, 0, 0, 0, 0, 0, 0, 0
4748, 08_1_44, 0, 0, 0, 0, 0, 0, 0, 0
4749, 08_1_45, 0, 0, 0, 0, 0, 0, 0, 0
4750, 08_1_46, 0, 0, 0, 0, 0, 0, 0, 0
4751, 08_1_47, 0, 0, 0, 0, 0, 0, 0, 0
4752, 08_1_48, 0, 0, 0, 0, 0, 0, 0, 0
4753, 08_1_49, 0, 0, 0, 0, 0, 0, 0, 0
4754, 08_1_50, 0, 0, 0, 0, 0, 0, 0, 0
4755, 08_1_51, 0, 0, 0, 0, 0, 0, 0, 0
4756, 08_1_52, 0, 0, 0, 0, 0, 0, 0, 0
4757, 08_1_53, 0, 0, 0, 0, 0, 0, 0, 0
4758, 08_1_54, 0, 0, 0, 0, 0, 0, 0, 0
4759, 08_1_55, 0, 0, 0, 0, 0, 0, 0, 0
4760, 08_1_56, 0, 0, 0, 0, 0, 0, 0, 0
4761, 08_1_57, 0, 0, 0, 0, 0, 0, 0, 0
4762, 08_1_58, 0, 0, 0, 0, 0, 0, 0, 0
4763, 08_1_59, 0, 0, 0, 0, 0, 0, 0, 0
4764, 08_1_60, 0, 0, 0, 0, 0, 0, 0, 0
4765, 08_1_61, 0, 0, 0, 0, 0, 0, 0, 0
4766, 08_1_62, 0, 0, 0, 0, 0, 0, 0, 0
4767, 08_1_63, 0, 0, 0, 0, 0, 0, 0, 0
4768, 08_1_64, 0, 0, 0, 0, 0, 0, 0, 0
4769, 08_1_65, 0, 0, 0, 0, 0, 0, 0, 0
4770, 08_1_66, 0, 0, 0, 0, 0, 0, 0, 0
4771, 08_1_67, 0, 0, 0, 0, 0, 0, 0, 0
4772, 08_1_68, 0, 0, 0, 0, 0, 0, 0, 0
4773, 08_1_69, 0, 0, 0, 0, 0, 0, 0, 0
4774, 08_1_70, 0, 0, 0, 0, 0, 0, 0, 0
4775, 08_1_71, 0, 0, 0, 0, 0, 0, 0, 0
4776, 08_1_72, 0, 0, 0, 0, 0, 0, 0, 0
4777, 08_1_73, 0, 0, 0, 0, 0, 0, 0, 0
4778, 08_1_74, 0, 0, 0, 0, 0, 0, 0, 0
4779, 08_1_75, 0, 0, 0, 0, 0, 0, 0, 0
4780, 08_1_76, 0, 0, 0, 0, 0, 0, 0, 0
4781, 08_1_77, 0, 0, 0, 0, 0, 0, 0, 0
4782, 08_1_78, 0, 0, 0, 0, 0, 0, 0, 0
4783, 08_1_79, 0, 0, 0, 0, 0, 0, 0, 0
4784, 08_1_80, 0, 0, 0, 0, 0, 0, 0, 0
4785, 08_1_81, 0, 0, 0, 0, 0, 0, 0, 0
4786, 08_1_82, 0, 0, 0, 0, 0, 0, 0, 0
4787, 08_1_83, 0, 0, 0, 0, 0, 0, 0, 0
4788, 08_1_84, 0, 0, 0, 0, 0, 0, 0, 0
4789, 08_1_85, 0, 0, 0, 0, 0, 0, 0, 0
4790, 08_1_86, 0, 0, 0, 0, 0, 0, 0, 0
4791, 08_1_87, 0, 0, 0, 0, 0, 0, 0, 0
4792, 08_1_88, 0, 0, 0, 0, 0, 0, 0, 0
4793, 08_1_89, 0, 0, 0, 0, 0, 0, 0, 0
4794, 08_1_90, 0, 0, 0, 0, 0, 0, 0, 0
4795, 08_1_91, 0, 0, 0, 0, 0, 0, 0, 0
4796, 08_1_92, 0, 0, 0, 0, 0, 0, 0, 0
4797, 08_1_93, 0, 0, 0, 0, 0, 0, 0, 0
4798, 08_1_94, 0, 0, 0, 0, 0, 0, 0, 0
4799, 08_1_95, 0, 0, 0, 0, 0, 0, 0, 0
4800, 08_2_00, 0, 0, 0, 0, 0, 0, 0, 0
4801, 08_2_01, 0, 0, 0, 0, 0, 0, 0, 0
4802, 08_2_02, 0, 0, 0, 0, 0, 0, 0, 0
4803, 08_2_03, 0, 0, 0, 0, 0, 0, 0, 0
4804, 08_2_04, 0, 0, 0, 0, 0, 0, 0, 0
4805, 08_2_05, 0, 0, 0, 0, 0, 0, 0, 0
4806, 08_2_06, 0, 0, 0, 0, 0, 0, 0, 0
4807, 08_2_07, 0, 0, 0, 0, 0, 0, 0, 0
4808, 08_2_08, 0, 0, 0, 0, 0, 0, 0, 0
4809, 08_2_09, 0, 0, 0, 0, 0, 0, 0, 0
4810, 08_2_10, 0, 0, 0, 0, 0, 0, 0, 0
4811, 08_2_11, 0, 0, 0, 0, 0, 0, 0, 0
4812, 08_2_12, 0, 0, 0, 0, 0, 0, 0, 0
4813, 08_2_13, 0, 0, 0, 0, 0, 0, 0, 0
4814, 08_2_14, 0, 0, 0, 0, 0, 0, 0, 0
4815, 08_2_15, 0, 0, 0, 0, 0, 0, 0, 0
4816, 08_2_16, 0, 0, 0, 0, 0, 0, 0, 0
4817, 08_2_17, 0, 0, 0, 0, 0, 0, 0, 0
4818, 08_2_18, 0, 0, 0, 0, 0, 0, 0, 0
4819, 08_2_19, 0, 0, 0, 0, 0, 0, 0, 0
4820, 08_2_20, 0, 0, 0, 0, 0, 0, 0, 0
4821, 08_2_21, 0, 0, 0, 0, 0, 0, 0, 0
4822, 08_2_22, 0, 0, 0, 0, 0, 0, 0, 0
4823, 08_2_23, 0, 0, 0, 0, 0, 0, 0, 0
4824, 08_2_24, 0, 0, 0, 0, 0, 0, 0, 0
4825, 08_2_25, 0, 0, 0, 0, 0, 0, 0, 0
4826, 08_2_26, 0, 0, 0, 0, 0, 0, 0, 0
4827, 08_2_27, 0, 0, 0, 0, 0, 0, 0, 0
4828, 08_2_28, 0, 0, 0, 0, 0, 0, 0, 0
4829, 08_2_29, 0, 0, 0, 0, 0, 0, 0, 0
4830, 08_2_30, 0, 0, 0, 0, 0, 0, 0, 0
4831, 08_2_31, 0, 0, 0, 0, 0, 0, 0, 0
4832, 08_2_32, 0, 0, 0, 0, 0, 0, 0, 0
4833, 08_2_33, 0, 0, 0, 0, 0, 0, 0, 0
4834, 08_2_34, 0, 0, 0, 0, 0, 0, 0, 0
4835, 08_2_35, 0, 0, 0, 0, 0, 0, 0, 0
4836, 08_2_36, 0, 0, 0, 0, 0, 0, 0, 0
4837, 08_2_37, 0, 0, 0, 0, 0, 0, 0, 0
4838, 08_2_38, 0, 0, 0, 0, 0, 0, 0, 0
4839, 08_2_39, 0, 0, 0, 0, 0, 0, 0, 0
4840, 08_2_40, 0, 0, 0, 0, 0, 0, 0, 0
4841, 08_2_41, 0, 0, 0, 0, 0, 0, 0, 0
4842, 08_2_42, 0, 0, 0, 0, 0, 0, 0, 0
4843, 08_2_43, 0, 0, 0, 0, 0, 0, 0, 0
4844, 08_2_44, 0, 0, 0, 0, 0, 0, 0, 0
4845, 08_2_45, 0, 0, 0, 0, 0, 0, 0, 0
4846, 08_2_46, 0, 0, 0, 0, 0, 0, 0, 0
4847, 08_2_47, 0, 0, 0, 0, 0, 0, 0, 0
4848, 08_2_48, 0, 0, 0, 0, 0, 0, 0, 0
4849, 08_2_49, 0, 0, 0, 0, 0, 0, 0, 0
4850, 08_2_50, 0, 0, 0, 0, 0, 0, 0, 0
4851, 08_2_51, 0, 0, 0, 0, 0, 0, 0, 0
4852, 08_2_52, 0, 0, 0, 0, 0, 0, 0, 0
4853, 08_2_53, 0, 0, 0, 0, 0, 0, 0, 0
4854, 08_2_54, 0, 0, 0, 0, 0, 0, 0, 0
4855, 08_2_55, 0, 0, 0, 0, 0, 0, 0, 0
4856, 08_2_56, 0, 0, 0, 0, 0, 0, 0, 0
4857, 08_2_57, 0, 0, 0, 0, 0, 0, 0, 0
4858, 08_2_58, 0, 0, 0, 0, 0, 0, 0, 0
4859, 08_2_59, 0, 0, 0, 0, 0, 0, 0, 0
4860, 08_2_60, 0, 0, 0, 0, 0, 0, 0, 0
4861, 08_2_61, 0, 0, 0, 0, 0, 0, 0, 0
4862, 08_2_62, 0, 0, 0, 0, 0, 0, 0, 0
4863, 08_2_63, 0, 0, 0, 0, 0, 0, 0, 0
4864, 08_2_64, 0, 0, 0, 0, 0, 0, 0, 0
4865, 08_2_65, 0, 0, 0, 0, 0, 0, 0, 0
4866, 08_2_66, 0, 0, 0, 0, 0, 0, 0, 0
4867, 08_2_67, 0, 0, 0, 0, 0, 0, 0, 0
4868, 08_2_68, 0, 0, 0, 0, 0, 0, 0, 0
4869, 08_2_69, 0, 0, 0, 0, 0, 0, 0, 0
4870, 08_2_70, 0, 0, 0, 0, 0, 0, 0, 0
4871, 08_2_71, 0, 0, 0, 0, 0, 0, 0, 0
4872, 08_2_72, 0, 0, 0, 0, 0, 0, 0, 0
4873, 08_2_73, 0, 0, 0, 0, 0, 0, 0, 0
4874, 08_2_74, 0, 0, 0, 0, 0, 0, 0, 0
4875, 08_2_75, 0, 0, 0, 0, 0, 0, 0, 0
4876, 08_2_76, 0, 0, 0, 0, 0, 0, 0, 0
4877, 08_2_77, 0, 0, 0, 0, 0, 0, 0, 0
4878, 08_2_78, 0, 0, 0, 0, 0, 0, 0, 0
4879, 08_2_79, 0, 0, 0, 0, 0, 0, 0, 0
4880, 08_2_80, 0, 0, 0, 0, 0, 0, 0, 0
4881, 08_2_81, 0, 0, 0, 0, 0, 0, 0, 0
4882, 08_2_82, 0, 0, 0, 0, 0, 0, 0, 0
4883, 08_2_83, 0, 0, 0, 0, 0, 0, 0, 0
4884, 08_2_84, 0, 0, 0, 0, 0, 0, 0, 0
4885, 08_2_85, 0, 0, 0, 0, 0, 0, 0, 0
4886, 08_2_86, 0, 0, 0, 0, 0, 0, 0, 0
4887, 08_2_87, 0, 0, 0, 0, 0, 0, 0, 0
4888, 08_2_88, 0, 0, 0, 0, 0, 0, 0, 0
4889, 08_2_89, 0, 0, 0, 0, 0, 0, 0, 0
4890, 08_2_90, 0, 0, 0, 0, 0, 0, 0, 0
4891, 08_2_91, 0, 0, 0, 0, 0, 0, 0, 0
4892, 08_2_92, 0, 0, 0, 0, 0, 0, 0, 0
4893, 08_2_93, 0, 0, 0, 0, 0, 0, 0, 0
4894, 08_2_94, 0, 0, 0, 0, 0, 0, 0, 0
4895, 08_2_95, 0, 0, 0, 0, 0, 0, 0, 0
4896, 08_3_00, 0, 0, 0, 0, 0, 0, 0, 0
4897, 08_3_01, 0, 0, 0, 0, 0, 0, 0, 0
4898, 08_3_02, 0, 0, 0, 0, 0, 0, 0, 0
4899, 08_3_03, 0, 0, 0, 0, 0, 0, 0, 0
4900, 08_3_04, 0, 0, 0, 0, 0, 0, 0, 0
4901, 08_3_05, 0, 0, 0, 0, 0, 0, 0, 0
4902, 08_3_06, 0, 0, 0, 0, 0, 0, 0, 0
4903, 08_3_07, 0, 0, 0, 0, 0, 0, 0, 0
4904, 08_3_08, 0, 0, 0, 0, 0, 0, 0, 0
4905, 08_3_09, 0, 0, 0, 0, 0, 0, 0, 0
4906, 08_3_10, 0, 0, 0, 0, 0, 0, 0, 0
4907, 08_3_11, 0, 0, 0, 0, 0, 0, 0, 0
4908, 08_3_12, 0, 0, 0, 0, 0, 0, 0, 0
4909, 08_3_13, 0, 0, 0, 0, 0, 0, 0, 0
4910, 08_3_14, 0, 0, 0, 0, 0, 0, 0, 0
4911, 08_3_15, 0, 0, 0, 0, 0, 0, 0, 0
4912, 08_3_16, 0, 0, 0, 0, 0, 0, 0, 0
4913, 08_3_17, 0, 0, 0, 0, 0, 0, 0, 0
4914, 08_3_18, 0, 0, 0, 0, 0, 0, 0, 0
4915, 08_3_19, 0, 0, 0, 0, 0, 0, 0, 0
4916, 08_3_20, 0, 0, 0, 0, 0, 0, 0, 0
4917, 08_3_21, 0, 0, 0, 0, 0, 0, 0, 0
4918, 08_3_22, 0, 0, 0, 0, 0, 0, 0, 0
4919, 08_3_23, 0, 0, 0, 0, 0, 0, 0, 0
4920, 08_3_24, 0, 0, 0, 0, 0, 0, 0, 0
4921, 08_3_25, 0, 0, 0, 0, 0, 0, 0, 0
4922, 08_3_26, 0, 0, 0, 0, 0, 0, 0, 0
4923, 08_3_27, 0, 0, 0, 0, 0, 0, 0, 0
4924, 08_3_28, 0, 0, 0, 0, 0, 0, 0, 0
4925, 08_3_29, 0, 0, 0, 0, 0, 0, 0, 0
4926, 08_3_30, 0, 0, 0, 0, 0, 0, 0, 0
4927, 08_3_31, 0, 0, 0, 0, 0, 0, 0, 0
4928, 08_3_32, 0, 0, 0, 0, 0, 0, 0, 0
4929, 08_3_33, 0, 0, 0, 0, 0, 0, 0, 0
4930, 08_3_34, 0, 0, 0, 0, 0, 0, 0, 0
4931, 08_3_35, 0, 0, 0, 0, 0, 0, 0, 0
4932, 08_3_36, 0, 0, 0, 0, 0, 0, 0, 0
4933, 08_3_37, 0, 0, 0, 0, 0, 0, 0, 0
4934, 08_3_38, 0, 0, 0, 0, 0, 0, 0, 0
4935, 08_3_39, 0, 0, 0, 0, 0, 0, 0, 0
4936, 08_3_40, 0, 0, 0, 0, 0, 0, 0, 0
4937, 08_3_41, 0, 0, 0, 0, 0, 0, 0, 0
4938, 08_3_42, 0, 0, 0, 0, 0, 0, 0, 0
4939, 08_3_43, 0, 0, 0, 0, 0, 0, 0, 0
4940, 08_3_44, 0, 0, 0, 0, 0, 0, 0, 0
4941, 08_3_45, 0, 0, 0, 0, 0, 0, 0, 0
4942, 08_3_46, 0, 0, 0, 0, 0, 0, 0, 0
4943, 08_3_47, 0, 0, 0, 0, 0, 0, 0, 0
4944, 08_3_48, 0, 0, 0, 0, 0, 0, 0, 0
4945, 08_3_49, 0, 0, 0, 0, 0, 0, 0, 0
4946, 08_3_50, 0, 0, 0, 0, 0, 0, 0, 0
4947, 08_3_51, 0, 0, 0, 0, 0, 0, 0, 0
4948, 08_3_52, 0, 0, 0, 0, 0, 0, 0, 0
4949, 08_3_53, 0, 0, 0, 0, 0, 0, 0, 0
4950, 08_3_54, 0, 0, 0, 0, 0, 0, 0, 0
4951, 08_3_55, 0, 0, 0, 0, 0, 0, 0, 0
4952, 08_3_56, 0, 0, 0, 0, 0, 0, 0, 0
4953, 08_3_57, 0, 0, 0, 0, 0, 0, 0, 0
4954, 08_3_58, 0, 0, 0, 0, 0, 0, 0, 0
4955, 08_3_59, 0, 0, 0, 0, 0, 0, 0, 0
4956, 08_3_60, 0, 0, 0, 0, 0, 0, 0, 0
4957, 08_3_61, 0, 0, 0, 0, 0, 0, 0, 0
4958, 08_3_62, 0, 0, 0, 0, 0, 0, 0, 0
4959, 08_3_63, 0, 0, 0, 0, 0, 0, 0, 0
4960, 08_3_64, 0, 0, 0, 0, 0, 0, 0, 0
4961, 08_3_65, 0, 0, 0, 0, 0, 0, 0, 0
4962, 08_3_66, 0, 0, 0, 0, 0, 0, 0, 0
4963, 08_3_67, 0, 0, 0, 0, 0, 0, 0, 0
4964, 08_3_68, 0, 0, 0, 0, 0, 0, 0, 0
4965, 08_3_69, 0, 0, 0, 0, 0, 0, 0, 0
4966, 08_3_70, 0, 0, 0, 0, 0, 0, 0, 0
4967, 08_3_71, 0, 0, 0, 0, 0, 0, 0, 0
4968, 08_3_72, 0, 0, 0, 0, 0, 0, 0, 0
4969, 08_3_73, 0, 0, 0, 0, 0, 0, 0, 0
4970, 08_3_74, 0, 0, 0, 0, 0, 0, 0, 0
4971, 08_3_75, 0, 0, 0, 0, 0, 0, 0, 0
4972, 08_3_76, 0, 0, 0, 0, 0, 0, 0, 0
4973, 08_3_77, 0, 0, 0, 0, 0, 0, 0, 0
4974, 08_3_78, 0, 0, 0, 0, 0, 0, 0, 0
4975, 08_3_79, 0, 0, 0, 0, 0, 0, 0, 0
4976, 08_3_80, 0, 0, 0, 0, 0, 0, 0, 0
4977, 08_3_81, 0, 0, 0, 0, 0, 0, 0, 0
4978, 08_3_82, 0, 0, 0, 0, 0, 0, 0, 0
4979, 08_3_83, 0, 0, 0, 0, 0, 0, 0, 0
4980, 08_3_84, 0, 0, 0, 0, 0, 0, 0, 0
4981, 08_3_85, 0, 0, 0, 0, 0, 0, 0, 0
4982, 08_3_86, 0, 0, 0, 0, 0, 0, 0, 0
4983, 08_3_87, 0, 0, 0, 0, 0, 0, 0, 0
4984, 08_3_88, 0, 0, 0, 0, 0, 0, 0, 0
4985, 08_3_89, 0, 0, 0, 0, 0, 0, 0, 0
4986, 08_3_90, 0, 0, 0, 0, 0, 0, 0, 0
4987, 08_3_91, 0, 0, 0, 0, 0, 0, 0, 0
4988, 08_3_92, 0, 0, 0, 0, 0, 0, 0, 0
4989, 08_3_93, 0, 0, 0, 0, 0, 0, 0, 0
4990, 08_3_94, 0, 0, 0, 0, 0, 0, 0, 0
4991, 08_3_95, 0, 0, 0, 0, 0, 0, 0, 0
4992, 08_4_00, 0, 0, 0, 0, 0, 0, 0, 0
4993, 08_4_01, 0, 0, 0, 0, 0, 0, 0, 0
4994, 08_4_02, 0, 0, 0, 0, 0, 0, 0, 0
4995, 08_4_03, 0, 0, 0, 0, 0, 0, 0, 0
4996, 08_4_04, 0, 0, 0, 0, 0, 0, 0, 0
4997, 08_4_05, 0, 0, 0, 0, 0, 0, 0, 0
4998, 08_4_06, 0, 0, 0, 0, 0, 0, 0, 0
4999, 08_4_07, 0, 0, 0, 0, 0, 0, 0, 0
5000, 08_4_08, 0, 0, 0, 0, 0, 0, 0, 0
5001, 08_4_09, 0, 0, 0, 0, 0, 0, 0, 0
5002, 08_4_10, 0, 0, 0, 0, 0, 0, 0, 0
5003, 08_4_11, 0, 0, 0, 0, 0, 0, 0, 0
5004, 08_4_12, 0, 0, 0, 0, 0, 0, 0, 0
5005, 08_4_13, 0, 0, 0, 0, 0, 0, 0, 0
5006, 08_4_14, 0, 0, 0, 0, 0, 0, 0, 0
5007, 08_4_15, 0, 0, 0, 0, 0, 0, 0, 0
5008, 08_4_16, 0, 0, 0, 0, 0, 0, 0, 0
5009, 08_4_17, 0, 0, 0, 0, 0, 0, 0, 0
5010, 08_4_18, 0, 0, 0, 0, 0, 0, 0, 0
5011, 08_4_19, 0, 0, 0, 0, 0, 0, 0, 0
5012, 08_4_20, 0, 0, 0, 0, 0, 0, 0, 0
5013, 08_4_21, 0, 0, 0, 0, 0, 0, 0, 0
5014, 08_4_22, 0, 0, 0, 0, 0, 0, 0, 0
5015, 08_4_23, 0, 0, 0, 0, 0, 0, 0, 0
5016, 08_4_24, 0, 0, 0, 0, 0, 0, 0, 0
5017, 08_4_25, 0, 0, 0, 0, 0, 0, 0, 0
5018, 08_4_26, 0, 0, 0, 0, 0, 0, 0, 0
5019, 08_4_27, 0, 0, 0, 0, 0, 0, 0, 0
5020, 08_4_28, 0, 0, 0, 0, 0, 0, 0, 0
5021, 08_4_29, 0, 0, 0, 0, 0, 0, 0, 0
5022, 08_4_30, 0, 0, 0, 0, 0, 0, 0, 0
5023, 08_4_31, 0, 0, 0, 0, 0, 0, 0, 0
5024, 08_4_32, 0, 0, 0, 0, 0, 0, 0, 0
5025, 08_4_33, 0, 0, 0, 0, 0, 0, 0, 0
5026, 08_4_34, 0, 0, 0, 0, 0, 0, 0, 0
5027, 08_4_35, 0, 0, 0, 0, 0, 0, 0, 0
5028, 08_4_36, 0, 0, 0, 0, 0, 0, 0, 0
5029, 08_4_37, 0, 0, 0, 0, 0, 0, 0, 0
5030, 08_4_38, 0, 0, 0, 0, 0, 0, 0, 0
5031, 08_4_39, 0, 0, 0, 0, 0, 0, 0, 0
5032, 08_4_40, 0, 0, 0, 0, 0, 0, 0, 0
5033, 08_4_41, 0, 0, 0, 0, 0, 0, 0, 0
5034, 08_4_42, 0, 0, 0, 0, 0, 0, 0, 0
5035, 08_4_43, 0, 0, 0, 0, 0, 0, 0, 0
5036, 08_4_44, 0, 0, 0, 0, 0, 0, 0, 0
5037, 08_4_45, 0, 0, 0, 0, 0, 0, 0, 0
5038, 08_4_46, 0, 0, 0, 0, 0, 0, 0, 0
5039, 08_4_47, 0, 0, 0, 0, 0, 0, 0, 0
5040, 08_4_48, 0, 0, 0, 0, 0, 0, 0, 0
5041, 08_4_49, 0, 0, 0, 0, 0, 0, 0, 0
5042, 08_4_50, 0, 0, 0, 0, 0, 0, 0, 0
5043, 08_4_51, 0, 0, 0, 0, 0, 0, 0, 0
5044, 08_4_52, 0, 0, 0, 0, 0, 0, 0, 0
5045, 08_4_53, 0, 0, 0, 0, 0, 0, 0, 0
5046, 08_4_54, 0, 0, 0, 0, 0, 0, 0, 0
5047, 08_4_55, 0, 0, 0, 0, 0, 0, 0, 0
5048, 08_4_56, 0, 0, 0, 0, 0, 0, 0, 0
5049, 08_4_57, 0, 0, 0, 0, 0, 0, 0, 0
5050, 08_4_58, 0, 0, 0, 0, 0, 0, 0, 0
5051, 08_4_59, 0, 0, 0, 0, 0, 0, 0, 0
5052, 08_4_60, 0, 0, 0, 0, 0, 0, 0, 0
5053, 08_4_61, 0, 0, 0, 0, 0, 0, 0, 0
5054, 08_4_62, 0, 0, 0, 0, 0, 0, 0, 0
5055, 08_4_63, 0, 0, 0, 0, 0, 0, 0, 0
5056, 08_4_64, 0, 0, 0, 0, 0, 0, 0, 0
5057, 08_4_65, 0, 0, 0, 0, 0, 0, 0, 0
5058, 08_4_66, 0, 0, 0, 0, 0, 0, 0, 0
5059, 08_4_67, 0, 0, 0, 0, 0, 0, 0, 0
5060, 08_4_68, 0, 0, 0, 0, 0, 0, 0, 0
5061, 08_4_69, 0, 0, 0, 0, 0, 0, 0, 0
5062, 08_4_70, 0, 0, 0, 0, 0, 0, 0, 0
5063, 08_4_71, 0, 0, 0, 0, 0, 0, 0, 0
5064, 08_4_72, 0, 0, 0, 0, 0, 0, 0, 0
5065, 08_4_73, 0, 0, 0, 0, 0, 0, 0, 0
5066, 08_4_74, 0, 0, 0, 0, 0, 0, 0, 0
5067, 08_4_75, 0, 0, 0, 0, 0, 0, 0, 0
5068, 08_4_76, 0, 0, 0, 0, 0, 0, 0, 0
5069, 08_4_77, 0, 0, 0, 0, 0, 0, 0, 0
5070, 08_4_78, 0, 0, 0, 0, 0, 0, 0, 0
5071, 08_4_79, 0, 0, 0, 0, 0, 0, 0, 0
5072, 08_4_80, 0, 0, 0, 0, 0, 0, 0, 0
5073, 08_4_81, 0, 0, 0, 0, 0, 0, 0, 0
5074, 08_4_82, 0, 0, 0, 0, 0, 0, 0, 0
5075, 08_4_83, 0, 0, 0, 0, 0, 0, 0, 0
5076, 08_4_84, 0, 0, 0, 0, 0, 0, 0, 0
5077, 08_4_85, 0, 0, 0, 0, 0, 0, 0, 0
5078, 08_4_86, 0, 0, 0, 0, 0, 0, 0, 0
5079, 08_4_87, 0, 0, 0, 0, 0, 0, 0, 0
5080, 08_4_88, 0, 0, 0, 0, 0, 0, 0, 0
5081, 08_4_89, 0, 0, 0, 0, 0, 0, 0, 0
5082, 08_4_90, 0, 0, 0, 0, 0, 0, 0, 0
5083, 08_4_91, 0, 0, 0, 0, 0, 0, 0, 0
5084, 08_4_92, 0, 0, 0, 0, 0, 0, 0, 0
5085, 08_4_93, 0, 0, 0, 0, 0, 0, 0, 0
5086, 08_4_94, 0, 0, 0, 0, 0, 0, 0, 0
5087, 08_4_95, 0, 0, 0, 0, 0, 0, 0, 0
5088, 08_5_00, 0, 0, 0, 0, 0, 0, 0, 0
5089, 08_5_01, 0, 0, 0, 0, 0, 0, 0, 0
5090, 08_5_02, 0, 0, 0, 0, 0, 0, 0, 0
5091, 08_5_03, 0, 0, 0, 0, 0, 0, 0, 0
5092, 08_5_04, 0, 0, 0, 0, 0, 0, 0, 0
5093, 08_5_05, 0, 0, 0, 0, 0, 0, 0, 0
5094, 08_5_06, 0, 0, 0, 0, 0, 0, 0, 0
5095, 08_5_07, 0, 0, 0, 0, 0, 0, 0, 0
5096, 08_5_08, 0, 0, 0, 0, 0, 0, 0, 0
5097, 08_5_09, 0, 0, 0, 0, 0, 0, 0, 0
5098, 08_5_10, 0, 0, 0, 0, 0, 0, 0, 0
5099, 08_5_11, 0, 0, 0, 0, 0, 0, 0, 0
5100, 08_5_12, 0, 0, 0, 0, 0, 0, 0, 0
5101, 08_5_13, 0, 0, 0, 0, 0, 0, 0, 0
5102, 08_5_14, 0, 0, 0, 0, 0, 0, 0, 0
5103, 08_5_15, 0, 0, 0, 0, 0, 0, 0, 0
5104, 08_5_16, 0, 0, 0, 0, 0, 0, 0, 0
5105, 08_5_17, 0, 0, 0, 0, 0, 0, 0, 0
5106, 08_5_18, 0, 0, 0, 0, 0, 0, 0, 0
5107, 08_5_19, 0, 0, 0, 0, 0, 0, 0, 0
5108, 08_5_20, 0, 0, 0, 0, 0, 0, 0, 0
5109, 08_5_21, 0, 0, 0, 0, 0, 0, 0, 0
5110, 08_5_22, 0, 0, 0, 0, 0, 0, 0, 0
5111, 08_5_23, 0, 0, 0, 0, 0, 0, 0, 0
5112, 08_5_24, 0, 0, 0, 0, 0, 0, 0, 0
5113, 08_5_25, 0, 0, 0, 0, 0, 0, 0, 0
5114, 08_5_26, 0, 0, 0, 0, 0, 0, 0, 0
5115, 08_5_27, 0, 0, 0, 0, 0, 0, 0, 0
5116, 08_5_28, 0, 0, 0, 0, 0, 0, 0, 0
5117, 08_5_29, 0, 0, 0, 0, 0, 0, 0, 0
5118, 08_5_30, 0, 0, 0, 0, 0, 0, 0, 0
5119, 08_5_31, 0, 0, 0, 0, 0, 0, 0, 0
5120, 08_5_32, 0, 0, 0, 0, 0, 0, 0, 0
5121, 08_5_33, 0, 0, 0, 0, 0, 0, 0, 0
5122, 08_5_34, 0, 0, 0, 0, 0, 0, 0, 0
5123, 08_5_35, 0, 0, 0, 0, 0, 0, 0, 0
5124, 08_5_36, 0, 0, 0, 0, 0, 0, 0, 0
5125, 08_5_37, 0, 0, 0, 0, 0, 0, 0, 0
5126, 08_5_38, 0, 0, 0, 0, 0, 0, 0, 0
5127, 08_5_39, 0, 0, 0, 0, 0, 0, 0, 0
5128, 08_5_40, 0, 0, 0, 0, 0, 0, 0, 0
5129, 08_5_41, 0, 0, 0, 0, 0, 0, 0, 0
5130, 08_5_42, 0, 0, 0, 0, 0, 0, 0, 0
5131, 08_5_43, 0, 0, 0, 0, 0, 0, 0, 0
5132, 08_5_44, 0, 0, 0, 0, 0, 0, 0, 0
5133, 08_5_45, 0, 0, 0, 0, 0, 0, 0, 0
5134, 08_5_46, 0, 0, 0, 0, 0, 0, 0, 0
5135, 08_5_47, 0, 0, 0, 0, 0, 0, 0, 0
5136, 08_5_48, 0, 0, 0, 0, 0, 0, 0, 0
5137, 08_5_49, 0, 0, 0, 0, 0, 0, 0, 0
5138, 08_5_50, 0, 0, 0, 0, 0, 0, 0, 0
5139, 08_5_51, 0, 0, 0, 0, 0, 0, 0, 0
5140, 08_5_52, 0, 0, 0, 0, 0, 0, 0, 0
5141, 08_5_53, 0, 0, 0, 0, 0, 0, 0, 0
5142, 08_5_54, 0, 0, 0, 0, 0, 0, 0, 0
5143, 08_5_55, 0, 0, 0, 0, 0, 0, 0, 0
5144, 08_5_56, 0, 0, 0, 0, 0, 0, 0, 0
5145, 08_5_57, 0, 0, 0, 0, 0, 0, 0, 0
5146, 08_5_58, 0, 0, 0, 0, 0, 0, 0, 0
5147, 08_5_59, 0, 0, 0, 0, 0, 0, 0, 0
5148, 08_5_60, 0, 0, 0, 0, 0, 0, 0, 0
5149, 08_5_61, 0, 0, 0, 0, 0, 0, 0, 0
5150, 08_5_62, 0, 0, 0, 0, 0, 0, 0, 0
5151, 08_5_63, 0, 0, 0, 0, 0, 0, 0, 0
5152, 08_5_64, 0, 0, 0, 0, 0, 0, 0, 0
5153, 08_5_65, 0, 0, 0, 0, 0, 0, 0, 0
5154, 08_5_66, 0, 0, 0, 0, 0, 0, 0, 0
5155, 08_5_67, 0, 0, 0, 0, 0, 0, 0, 0
5156, 08_5_68, 0, 0, 0, 0, 0, 0, 0, 0
5157, 08_5_69, 0, 0, 0, 0, 0, 0, 0, 0
5158, 08_5_70, 0, 0, 0, 0, 0, 0, 0, 0
5159, 08_5_71, 0, 0, 0, 0, 0, 0, 0, 0
5160, 08_5_72, 0, 0, 0, 0, 0, 0, 0, 0
5161, 08_5_73, 0, 0, 0, 0, 0, 0, 0, 0
5162, 08_5_74, 0, 0, 0, 0, 0, 0, 0, 0
5163, 08_5_75, 0, 0, 0, 0, 0, 0, 0, 0
5164, 08_5_76, 0, 0, 0, 0, 0, 0, 0, 0
5165, 08_5_77, 0, 0, 0, 0, 0, 0, 0, 0
5166, 08_5_78, 0, 0, 0, 0, 0, 0, 0, 0
5167, 08_5_79, 0, 0, 0, 0, 0, 0, 0, 0
5168, 08_5_80, 0, 0, 0, 0, 0, 0, 0, 0
5169, 08_5_81, 0, 0, 0, 0, 0, 0, 0, 0
5170, 08_5_82, 0, 0, 0, 0, 0, 0, 0, 0
5171, 08_5_83, 0, 0, 0, 0, 0, 0, 0, 0
5172, 08_5_84, 0, 0, 0, 0, 0, 0, 0, 0
5173, 08_5_85, 0, 0, 0, 0, 0, 0, 0, 0
5174, 08_5_86, 0, 0, 0, 0, 0, 0, 0, 0
5175, 08_5_87, 0, 0, 0, 0, 0, 0, 0, 0
5176, 08_5_88, 0, 0, 0, 0, 0, 0, 0, 0
5177, 08_5_89, 0, 0, 0, 0, 0, 0, 0, 0
5178, 08_5_90, 0, 0, 0, 0, 0, 0, 0, 0
5179, 08_5_91, 0, 0, 0, 0, 0, 0, 0, 0
5180, 08_5_92, 0, 0, 0, 0, 0, 0, 0, 0
5181, 08_5_93, 0, 0, 0, 0, 0, 0, 0, 0
5182, 08_5_94, 0, 0, 0, 0, 0, 0, 0, 0
5183, 08_5_95, 0, 0, 0, 0, 0, 0, 0, 0
5184, 09_0_00, 0, 0, 0, 0, 0, 0, 0, 0
5185, 09_0_01, 0, 0, 0, 0, 0, 0, 0, 0
5186, 09_0_02, 0, 0, 0, 0, 0, 0, 0, 0
5187, 09_0_03, 0, 0, 0, 0, 0, 0, 0, 0
5188, 09_0_04, 0, 0, 0, 0, 0, 0, 0, 0
5189, 09_0_05, 0, 0, 0, 0, 0, 0, 0, 0
5190, 09_0_06, 0, 0, 0, 0, 0, 0, 0, 0
5191, 09_0_07, 0, 0, 0, 0, 0, 0, 0, 0
5192, 09_0_08, 0, 0, 0, 0, 0, 0, 0, 0
5193, 09_0_09, 0, 0, 0, 0, 0, 0, 0, 0
5194, 09_0_10, 0, 0, 0, 0, 0, 0, 0, 0
5195, 09_0_11, 0, 0, 0, 0, 0, 0, 0, 0
5196, 09_0_12, 0, 0, 0, 0, 0, 0, 0, 0
5197, 09_0_13, 0, 0, 0, 0, 0, 0, 0, 0
5198, 09_0_14, 0, 0, 0, 0, 0, 0, 0, 0
5199, 09_0_15, 0, 0, 0, 0, 0, 0, 0, 0
5200, 09_0_16, 0, 0, 0, 0, 0, 0, 0, 0
5201, 09_0_17, 0, 0, 0, 0, 0, 0, 0, 0
5202, 09_0_18, 0, 0, 0, 0, 0, 0, 0, 0
5203, 09_0_19, 0, 0, 0, 0, 0, 0, 0, 0
5204, 09_0_20, 0, 0, 0, 0, 0, 0, 0, 0
5205, 09_0_21, 0, 0, 0, 0, 0, 0, 0, 0
5206, 09_0_22, 0, 0, 0, 0, 0, 0, 0, 0
5207, 09_0_23, 0, 0, 0, 0, 0, 0, 0, 0
5208, 09_0_24, 0, 0, 0, 0, 0, 0, 0, 0
5209, 09_0_25, 0, 0, 0, 0, 0, 0, 0, 0
5210, 09_0_26, 0, 0, 0, 0, 0, 0, 0, 0
5211, 09_0_27, 0, 0, 0, 0, 0, 0, 0, 0
5212, 09_0_28, 0, 0, 0, 0, 0, 0, 0, 0
5213, 09_0_29, 0, 0, 0, 0, 0, 0, 0, 0
5214, 09_0_30, 0, 0, 0, 0, 0, 0, 0, 0
5215, 09_0_31, 0, 0, 0, 0, 0, 0, 0, 0
5216, 09_0_32, 0, 0, 0, 0, 0, 0, 0, 0
5217, 09_0_33, 0, 0, 0, 0, 0, 0, 0, 0
5218, 09_0_34, 0, 0, 0, 0, 0, 0, 0, 0
5219, 09_0_35, 0, 0, 0, 0, 0, 0, 0, 0
5220, 09_0_36, 0, 0, 0, 0, 0, 0, 0, 0
5221, 09_0_37, 0, 0, 0, 0, 0, 0, 0, 0
5222, 09_0_38, 0, 0, 0, 0, 0, 0, 0, 0
5223, 09_0_39, 0, 0, 0, 0, 0, 0, 0, 0
5224, 09_0_40, 0, 0, 0, 0, 0, 0, 0, 0
5225, 09_0_41, 0, 0, 0, 0, 0, 0, 0, 0
5226, 09_0_42, 0, 0, 0, 0, 0, 0, 0, 0
5227, 09_0_43, 0, 0, 0, 0, 0, 0, 0, 0
5228, 09_0_44, 0, 0, 0, 0, 0, 0, 0, 0
5229, 09_0_45, 0, 0, 0, 0, 0, 0, 0, 0
5230, 09_0_46, 0, 0, 0, 0, 0, 0, 0, 0
5231, 09_0_47, 0, 0, 0, 0, 0, 0, 0, 0
5232, 09_0_48, 0, 0, 0, 0, 0, 0, 0, 0
5233, 09_0_49, 0, 0, 0, 0, 0, 0, 0, 0
5234, 09_0_50, 0, 0, 0, 0, 0, 0, 0, 0
5235, 09_0_51, 0, 0, 0, 0, 0, 0, 0, 0
5236, 09_0_52, 0, 0, 0, 0, 0, 0, 0, 0
5237, 09_0_53, 0, 0, 0, 0, 0, 0, 0, 0
5238, 09_0_54, 0, 0, 0, 0, 0, 0, 0, 0
5239, 09_0_55, 0, 0, 0, 0, 0, 0, 0, 0
5240, 09_0_56, 0, 0, 0, 0, 0, 0, 0, 0
5241, 09_0_57, 0, 0, 0, 0, 0, 0, 0, 0
5242, 09_0_58, 0, 0, 0, 0, 0, 0, 0, 0
5243, 09_0_59, 0, 0, 0, 0, 0, 0, 0, 0
5244, 09_0_60, 0, 0, 0, 0, 0, 0, 0, 0
5245, 09_0_61, 0, 0, 0, 0, 0, 0, 0, 0
5246, 09_0_62, 0, 0, 0, 0, 0, 0, 0, 0
5247, 09_0_63, 0, 0, 0, 0, 0, 0, 0, 0
5248, 09_0_64, 0, 0, 0, 0, 0, 0, 0, 0
5249, 09_0_65, 0, 0, 0, 0, 0, 0, 0, 0
5250, 09_0_66, 0, 0, 0, 0, 0, 0, 0, 0
5251, 09_0_67, 0, 0, 0, 0, 0, 0, 0, 0
5252, 09_0_68, 0, 0, 0, 0, 0, 0, 0, 0
5253, 09_0_69, 0, 0, 0, 0, 0, 0, 0, 0
5254, 09_0_70, 0, 0, 0, 0, 0, 0, 0, 0
5255, 09_0_71, 0, 0, 0, 0, 0, 0, 0, 0
5256, 09_0_72, 0, 0, 0, 0, 0, 0, 0, 0
5257, 09_0_73, 0, 0, 0, 0, 0, 0, 0, 0
5258, 09_0_74, 0, 0, 0, 0, 0, 0, 0, 0
5259, 09_0_75, 0, 0, 0, 0, 0, 0, 0, 0
5260, 09_0_76, 0, 0, 0, 0, 0, 0, 0, 0
5261, 09_0_77, 0, 0, 0, 0, 0, 0, 0, 0
5262, 09_0_78, 0, 0, 0, 0, 0, 0, 0, 0
5263, 09_0_79, 0, 0, 0, 0, 0, 0, 0, 0
5264, 09_0_80, 0, 0, 0, 0, 0, 0, 0, 0
5265, 09_0_81, 0, 0, 0, 0, 0, 0, 0, 0
5266, 09_0_82, 0, 0, 0, 0, 0, 0, 0, 0
5267, 09_0_83, 0, 0, 0, 0, 0, 0, 0, 0
5268, 09_0_84, 0, 0, 0, 0, 0, 0, 0, 0
5269, 09_0_85, 0, 0, 0, 0, 0, 0, 0, 0
5270, 09_0_86, 0, 0, 0, 0, 0, 0, 0, 0
5271, 09_0_87, 0, 0, 0, 0, 0, 0, 0, 0
5272, 09_0_88, 0, 0, 0, 0, 0, 0, 0, 0
5273, 09_0_89, 0, 0, 0, 0, 0, 0, 0, 0
5274, 09_0_90, 0, 0, 0, 0, 0, 0, 0, 0
5275, 09_0_91, 0, 0, 0, 0, 0, 0, 0, 0
5276, 09_0_92, 0, 0, 0, 0, 0, 0, 0, 0
5277, 09_0_93, 0, 0, 0, 0, 0, 0, 0, 0
5278, 09_0_94, 0, 0, 0, 0, 0, 0, 0, 0
5279, 09_0_95, 0, 0, 0, 0, 0, 0, 0, 0
5280, 09_1_00, 0, 0, 0, 0, 0, 0, 0, 0
5281, 09_1_01, 0, 0, 0, 0, 0, 0, 0, 0
5282, 09_1_02, 0, 0, 0, 0, 0, 0, 0, 0
5283, 09_1_03, 0, 0, 0, 0, 0, 0, 0, 0
5284, 09_1_04, 0, 0, 0, 0, 0, 0, 0, 0
5285, 09_1_05, 0, 0, 0, 0, 0, 0, 0, 0
5286, 09_1_06, 0, 0, 0, 0, 0, 0, 0, 0
5287, 09_1_07, 0, 0, 0, 0, 0, 0, 0, 0
5288, 09_1_08, 0, 0, 0, 0, 0, 0, 0, 0
5289, 09_1_09, 0, 0, 0, 0, 0, 0, 0, 0
5290, 09_1_10, 0, 0, 0, 0, 0, 0, 0, 0
5291, 09_1_11, 0, 0, 0, 0, 0, 0, 0, 0
5292, 09_1_12, 0, 0, 0, 0, 0, 0, 0, 0
5293, 09_1_13, 0, 0, 0, 0, 0, 0, 0, 0
5294, 09_1_14, 0, 0, 0, 0, 0, 0, 0, 0
5295, 09_1_15, 0, 0, 0, 0, 0, 0, 0, 0
5296, 09_1_16, 0, 0, 0, 0, 0, 0, 0, 0
5297, 09_1_17, 0, 0, 0, 0, 0, 0, 0, 0
5298, 09_1_18, 0, 0, 0, 0, 0, 0, 0, 0
5299, 09_1_19, 0, 0, 0, 0, 0, 0, 0, 0
5300, 09_1_20, 0, 0, 0, 0, 0, 0, 0, 0
5301, 09_1_21, 0, 0, 0, 0, 0, 0, 0, 0
5302, 09_1_22, 0, 0, 0, 0, 0, 0, 0, 0
5303, 09_1_23, 0, 0, 0, 0, 0, 0, 0, 0
5304, 09_1_24, 0, 0, 0, 0, 0, 0, 0, 0
5305, 09_1_25, 0, 0, 0, 0, 0, 0, 0, 0
5306, 09_1_26, 0, 0, 0, 0, 0, 0, 0, 0
5307, 09_1_27, 0, 0, 0, 0, 0, 0, 0, 0
5308, 09_1_28, 0, 0, 0, 0, 0, 0, 0, 0
5309, 09_1_29, 0, 0, 0, 0, 0, 0, 0, 0
5310, 09_1_30, 0, 0, 0, 0, 0, 0, 0, 0
5311, 09_1_31, 0, 0, 0, 0, 0, 0, 0, 0
5312, 09_1_32, 0, 0, 0, 0, 0, 0, 0, 0
5313, 09_1_33, 0, 0, 0, 0, 0, 0, 0, 0
5314, 09_1_34, 0, 0, 0, 0, 0, 0, 0, 0
5315, 09_1_35, 0, 0, 0, 0, 0, 0, 0, 0
5316, 09_1_36, 0, 0, 0, 0, 0, 0, 0, 0
5317, 09_1_37, 0, 0, 0, 0, 0, 0, 0, 0
5318, 09_1_38, 0, 0, 0, 0, 0, 0, 0, 0
5319, 09_1_39, 0, 0, 0, 0, 0, 0, 0, 0
5320, 09_1_40, 0, 0, 0, 0, 0, 0, 0, 0
5321, 09_1_41, 0, 0, 0, 0, 0, 0, 0, 0
5322, 09_1_42, 0, 0, 0, 0, 0, 0, 0, 0
5323, 09_1_43, 0, 0, 0, 0, 0, 0, 0, 0
5324, 09_1_44, 0, 0, 0, 0, 0, 0, 0, 0
5325, 09_1_45, 0, 0, 0, 0, 0, 0, 0, 0
5326, 09_1_46, 0, 0, 0, 0, 0, 0, 0, 0
5327, 09_1_47, 0, 0, 0, 0, 0, 0, 0, 0
5328, 09_1_48, 0, 0, 0, 0, 0, 0, 0, 0
5329, 09_1_49, 0, 0, 0, 0, 0, 0, 0, 0
5330, 09_1_50, 0, 0, 0, 0, 0, 0, 0, 0
5331, 09_1_51, 0, 0, 0, 0, 0, 0, 0, 0
5332, 09_1_52, 0, 0, 0, 0, 0, 0, 0, 0
5333, 09_1_53, 0, 0, 0, 0, 0, 0, 0, 0
5334, 09_1_54, 0, 0, 0, 0, 0, 0, 0, 0
5335, 09_1_55, 0, 0, 0, 0, 0, 0, 0, 0
5336, 09_1_56, 0, 0, 0, 0, 0, 0, 0, 0
5337, 09_1_57, 0, 0, 0, 0, 0, 0, 0, 0
5338, 09_1_58, 0, 0, 0, 0, 0, 0, 0, 0
5339, 09_1_59, 0, 0, 0, 0, 0, 0, 0, 0
5340, 09_1_60, 0, 0, 0, 0, 0, 0, 0, 0
5341, 09_1_61, 0, 0, 0, 0, 0, 0, 0, 0
5342, 09_1_62, 0, 0, 0, 0, 0, 0, 0, 0
5343, 09_1_63, 0, 0, 0, 0, 0, 0, 0, 0
5344, 09_1_64, 0, 0, 0, 0, 0, 0, 0, 0
5345, 09_1_65, 0, 0, 0, 0, 0, 0, 0, 0
5346, 09_1_66, 0, 0, 0, 0, 0, 0, 0, 0
5347, 09_1_67, 0, 0, 0, 0, 0, 0, 0, 0
5348, 09_1_68, 0, 0, 0, 0, 0, 0, 0, 0
5349, 09_1_69, 0, 0, 0, 0, 0, 0, 0, 0
5350, 09_1_70, 0, 0, 0, 0, 0, 0, 0, 0
5351, 09_1_71, 0, 0, 0, 0, 0, 0, 0, 0
5352, 09_1_72, 0, 0, 0, 0, 0, 0, 0, 0
5353, 09_1_73, 0, 0, 0, 0, 0, 0, 0, 0
5354, 09_1_74, 0, 0, 0, 0, 0, 0, 0, 0
5355, 09_1_75, 0, 0, 0, 0, 0, 0, 0, 0
5356, 09_1_76, 0, 0, 0, 0, 0, 0, 0, 0
5357, 09_1_77, 0, 0, 0, 0, 0, 0, 0, 0
5358, 09_1_78, 0, 0, 0, 0, 0, 0, 0, 0
5359, 09_1_79, 0, 0, 0, 0, 0, 0, 0, 0
5360, 09_1_80, 0, 0, 0, 0, 0, 0, 0, 0
5361, 09_1_81, 0, 0, 0, 0, 0, 0, 0, 0
5362, 09_1_82, 0, 0, 0, 0, 0, 0, 0, 0
5363, 09_1_83, 0, 0, 0, 0, 0, 0, 0, 0
5364, 09_1_84, 0, 0, 0, 0, 0, 0, 0, 0
5365, 09_1_85, 0, 0, 0, 0, 0, 0, 0, 0
5366, 09_1_86, 0, 0, 0, 0, 0, 0, 0, 0
5367, 09_1_87, 0, 0, 0, 0, 0, 0, 0, 0
5368, 09_1_88, 0, 0, 0, 0, 0, 0, 0, 0
5369, 09_1_89, 0, 0, 0, 0, 0, 0, 0, 0
5370, 09_1_90, 0, 0, 0, 0, 0, 0, 0, 0
5371, 09_1_91, 0, 0, 0, 0, 0, 0, 0, 0
5372, 09_1_92, 0, 0, 0, 0, 0, 0, 0, 0
5373, 09_1_93, 0, 0, 0, 0, 0, 0, 0, 0
5374, 09_1_94, 0, 0, 0, 0, 0, 0, 0, 0
5375, 09_1_95, 0, 0, 0, 0, 0, 0, 0, 0
5376, 09_2_00, 0, 0, 0, 0, 0, 0, 0, 0
5377, 09_2_01, 0, 0, 0, 0, 0, 0, 0, 0
5378, 09_2_02, 0, 0, 0, 0, 0, 0, 0, 0
5379, 09_2_03, 0, 0, 0, 0, 0, 0, 0, 0
5380, 09_2_04, 0, 0, 0, 0, 0, 0, 0, 0
5381, 09_2_05, 0, 0, 0, 0, 0, 0, 0, 0
5382, 09_2_06, 0, 0, 0, 0, 0, 0, 0, 0
5383, 09_2_07, 0, 0, 0, 0, 0, 0, 0, 0
5384, 09_2_08, 0, 0, 0, 0, 0, 0, 0, 0
5385, 09_2_09, 0, 0, 0, 0, 0, 0, 0, 0
5386, 09_2_10, 0, 0, 0, 0, 0, 0, 0, 0
5387, 09_2_11, 0, 0, 0, 0, 0, 0, 0, 0
5388, 09_2_12, 0, 0, 0, 0, 0, 0, 0, 0
5389, 09_2_13, 0, 0, 0, 0, 0, 0, 0, 0
5390, 09_2_14, 0, 0, 0, 0, 0, 0, 0, 0
5391, 09_2_15, 0, 0, 0, 0, 0, 0, 0, 0
5392, 09_2_16, 0, 0, 0, 0, 0, 0, 0, 0
5393, 09_2_17, 0, 0, 0, 0, 0, 0, 0, 0
5394, 09_2_18, 0, 0, 0, 0, 0, 0, 0, 0
5395, 09_2_19, 0, 0, 0, 0, 0, 0, 0, 0
5396, 09_2_20, 0, 0, 0, 0, 0, 0, 0, 0
5397, 09_2_21, 0, 0, 0, 0, 0, 0, 0, 0
5398, 09_2_22, 0, 0, 0, 0, 0, 0, 0, 0
5399, 09_2_23, 0, 0, 0, 0, 0, 0, 0, 0
5400, 09_2_24, 0, 0, 0, 0, 0, 0, 0, 0
5401, 09_2_25, 0, 0, 0, 0, 0, 0, 0, 0
5402, 09_2_26, 0, 0, 0, 0, 0, 0, 0, 0
5403, 09_2_27, 0, 0, 0, 0, 0, 0, 0, 0
5404, 09_2_28, 0, 0, 0, 0, 0, 0, 0, 0
5405, 09_2_29, 0, 0, 0, 0, 0, 0, 0, 0
5406, 09_2_30, 0, 0, 0, 0, 0, 0, 0, 0
5407, 09_2_31, 0, 0, 0, 0, 0, 0, 0, 0
5408, 09_2_32, 0, 0, 0, 0, 0, 0, 0, 0
5409, 09_2_33, 0, 0, 0, 0, 0, 0, 0, 0
5410, 09_2_34, 0, 0, 0, 0, 0, 0, 0, 0
5411, 09_2_35, 0, 0, 0, 0, 0, 0, 0, 0
5412, 09_2_36, 0, 0, 0, 0, 0, 0, 0, 0
5413, 09_2_37, 0, 0, 0, 0, 0, 0, 0, 0
5414, 09_2_38, 0, 0, 0, 0, 0, 0, 0, 0
5415, 09_2_39, 0, 0, 0, 0, 0, 0, 0, 0
5416, 09_2_40, 0, 0, 0, 0, 0, 0, 0, 0
5417, 09_2_41, 0, 0, 0, 0, 0, 0, 0, 0
5418, 09_2_42, 0, 0, 0, 0, 0, 0, 0, 0
5419, 09_2_43, 0, 0, 0, 0, 0, 0, 0, 0
5420, 09_2_44, 0, 0, 0, 0, 0, 0, 0, 0
5421, 09_2_45, 0, 0, 0, 0, 0, 0, 0, 0
5422, 09_2_46, 0, 0, 0, 0, 0, 0, 0, 0
5423, 09_2_47, 0, 0, 0, 0, 0, 0, 0, 0
5424, 09_2_48, 0, 0, 0, 0, 0, 0, 0, 0
5425, 09_2_49, 0, 0, 0, 0, 0, 0, 0, 0
5426, 09_2_50, 0, 0, 0, 0, 0, 0, 0, 0
5427, 09_2_51, 0, 0, 0, 0, 0, 0, 0, 0
5428, 09_2_52, 0, 0, 0, 0, 0, 0, 0, 0
5429, 09_2_53, 0, 0, 0, 0, 0, 0, 0, 0
5430, 09_2_54, 0, 0, 0, 0, 0, 0, 0, 0
5431, 09_2_55, 0, 0, 0, 0, 0, 0, 0, 0
5432, 09_2_56, 0, 0, 0, 0, 0, 0, 0, 0
5433, 09_2_57, 0, 0, 0, 0, 0, 0, 0, 0
5434, 09_2_58, 0, 0, 0, 0, 0, 0, 0, 0
5435, 09_2_59, 0, 0, 0, 0, 0, 0, 0, 0
5436, 09_2_60, 0, 0, 0, 0, 0, 0, 0, 0
5437, 09_2_61, 0, 0, 0, 0, 0, 0, 0, 0
5438, 09_2_62, 0, 0, 0, 0, 0, 0, 0, 0
5439, 09_2_63, 0, 0, 0, 0, 0, 0, 0, 0
5440, 09_2_64, 0, 0, 0, 0, 0, 0, 0, 0
5441, 09_2_65, 0, 0, 0, 0, 0, 0, 0, 0
5442, 09_2_66, 0, 0, 0, 0, 0, 0, 0, 0
5443, 09_2_67, 0, 0, 0, 0, 0, 0, 0, 0
5444, 09_2_68, 0, 0, 0, 0, 0, 0, 0, 0
5445, 09_2_69, 0, 0, 0, 0, 0, 0, 0, 0
5446, 09_2_70, 0, 0, 0, 0, 0, 0, 0, 0
5447, 09_2_71, 0, 0, 0, 0, 0, 0, 0, 0
5448, 09_2_72, 0, 0, 0, 0, 0, 0, 0, 0
5449, 09_2_73, 0, 0, 0, 0, 0, 0, 0, 0
5450, 09_2_74, 0, 0, 0, 0, 0, 0, 0, 0
5451, 09_2_75, 0, 0, 0, 0, 0, 0, 0, 0
5452, 09_2_76, 0, 0, 0, 0, 0, 0, 0, 0
5453, 09_2_77, 0, 0, 0, 0, 0, 0, 0, 0
5454, 09_2_78, 0, 0, 0, 0, 0, 0, 0, 0
5455, 09_2_79, 0, 0, 0, 0, 0, 0, 0, 0
5456, 09_2_80, 0, 0, 0, 0, 0, 0, 0, 0
5457, 09_2_81, 0, 0, 0, 0, 0, 0, 0, 0
5458, 09_2_82, 0, 0, 0, 0, 0, 0, 0, 0
5459, 09_2_83, 0, 0, 0, 0, 0, 0, 0, 0
5460, 09_2_84, 0, 0, 0, 0, 0, 0, 0, 0
5461, 09_2_85, 0, 0, 0, 0, 0, 0, 0, 0
5462, 09_2_86, 0, 0, 0, 0, 0, 0, 0, 0
5463, 09_2_87, 0, 0, 0, 0, 0, 0, 0, 0
5464, 09_2_88, 0, 0, 0, 0, 0, 0, 0, 0
5465, 09_2_89, 0, 0, 0, 0, 0, 0, 0, 0
5466, 09_2_90, 0, 0, 0, 0, 0, 0, 0, 0
5467, 09_2_91, 0, 0, 0, 0, 0, 0, 0, 0
5468, 09_2_92, 0, 0, 0, 0, 0, 0, 0, 0
5469, 09_2_93, 0, 0, 0, 0, 0, 0, 0, 0
5470, 09_2_94, 0, 0, 0, 0, 0, 0, 0, 0
5471, 09_2_95, 0, 0, 0, 0, 0, 0, 0, 0
5472, 09_3_00, 0, 0, 0, 0, 0, 0, 0, 0
5473, 09_3_01, 0, 0, 0, 0, 0, 0, 0, 0
5474, 09_3_02, 0, 0, 0, 0, 0, 0, 0, 0
5475, 09_3_03, 0, 0, 0, 0, 0, 0, 0, 0
5476, 09_3_04, 0, 0, 0, 0, 0, 0, 0, 0
5477, 09_3_05, 0, 0, 0, 0, 0, 0, 0, 0
5478, 09_3_06, 0, 0, 0, 0, 0, 0, 0, 0
5479, 09_3_07, 0, 0, 0, 0, 0, 0, 0, 0
5480, 09_3_08, 0, 0, 0, 0, 0, 0, 0, 0
5481, 09_3_09, 0, 0, 0, 0, 0, 0, 0, 0
5482, 09_3_10, 0, 0, 0, 0, 0, 0, 0, 0
5483, 09_3_11, 0, 0, 0, 0, 0, 0, 0, 0
5484, 09_3_12, 0, 0, 0, 0, 0, 0, 0, 0
5485, 09_3_13, 0, 0, 0, 0, 0, 0, 0, 0
5486, 09_3_14, 0, 0, 0, 0, 0, 0, 0, 0
5487, 09_3_15, 0, 0, 0, 0, 0, 0, 0, 0
5488, 09_3_16, 0, 0, 0, 0, 0, 0, 0, 0
5489, 09_3_17, 0, 0, 0, 0, 0, 0, 0, 0
5490, 09_3_18, 0, 0, 0, 0, 0, 0, 0, 0
5491, 09_3_19, 0, 0, 0, 0, 0, 0, 0, 0
5492, 09_3_20, 0, 0, 0, 0, 0, 0, 0, 0
5493, 09_3_21, 0, 0, 0, 0, 0, 0, 0, 0
5494, 09_3_22, 0, 0, 0, 0, 0, 0, 0, 0
5495, 09_3_23, 0, 0, 0, 0, 0, 0, 0, 0
5496, 09_3_24, 0, 0, 0, 0, 0, 0, 0, 0
5497, 09_3_25, 0, 0, 0, 0, 0, 0, 0, 0
5498, 09_3_26, 0, 0, 0, 0, 0, 0, 0, 0
5499, 09_3_27, 0, 0, 0, 0, 0, 0, 0, 0
5500, 09_3_28, 0, 0, 0, 0, 0, 0, 0, 0
5501, 09_3_29, 0, 0, 0, 0, 0, 0, 0, 0
5502, 09_3_30, 0, 0, 0, 0, 0, 0, 0, 0
5503, 09_3_31, 0, 0, 0, 0, 0, 0, 0, 0
5504, 09_3_32, 0, 0, 0, 0, 0, 0, 0, 0
5505, 09_3_33, 0, 0, 0, 0, 0, 0, 0, 0
5506, 09_3_34, 0, 0, 0, 0, 0, 0, 0, 0
5507, 09_3_35, 0, 0, 0, 0, 0, 0, 0, 0
5508, 09_3_36, 0, 0, 0, 0, 0, 0, 0, 0
5509, 09_3_37, 0, 0, 0, 0, 0, 0, 0, 0
5510, 09_3_38, 0, 0, 0, 0, 0, 0, 0, 0
5511, 09_3_39, 0, 0, 0, 0, 0, 0, 0, 0
5512, 09_3_40, 0, 0, 0, 0, 0, 0, 0, 0
5513, 09_3_41, 0, 0, 0, 0, 0, 0, 0, 0
5514, 09_3_42, 0, 0, 0, 0, 0, 0, 0, 0
5515, 09_3_43, 0, 0, 0, 0, 0, 0, 0, 0
5516, 09_3_44, 0, 0, 0, 0, 0, 0, 0, 0
5517, 09_3_45, 0, 0, 0, 0, 0, 0, 0, 0
5518, 09_3_46, 0, 0, 0, 0, 0, 0, 0, 0
5519, 09_3_47, 0, 0, 0, 0, 0, 0, 0, 0
5520, 09_3_48, 0, 0, 0, 0, 0, 0, 0, 0
5521, 09_3_49, 0, 0, 0, 0, 0, 0, 0, 0
5522, 09_3_50, 0, 0, 0, 0, 0, 0, 0, 0
5523, 09_3_51, 0, 0, 0, 0, 0, 0, 0, 0
5524, 09_3_52, 0, 0, 0, 0, 0, 0, 0, 0
5525, 09_3_53, 0, 0, 0, 0, 0, 0, 0, 0
5526, 09_3_54, 0, 0, 0, 0, 0, 0, 0, 0
5527, 09_3_55, 0, 0, 0, 0, 0, 0, 0, 0
5528, 09_3_56, 0, 0, 0, 0, 0, 0, 0, 0
5529, 09_3_57, 0, 0, 0, 0, 0, 0, 0, 0
5530, 09_3_58, 0, 0, 0, 0, 0, 0, 0, 0
5531, 09_3_59, 0, 0, 0, 0, 0, 0, 0, 0
5532, 09_3_60, 0, 0, 0, 0, 0, 0, 0, 0
5533, 09_3_61, 0, 0, 0, 0, 0, 0, 0, 0
5534, 09_3_62, 0, 0, 0, 0, 0, 0, 0, 0
5535, 09_3_63, 0, 0, 0, 0, 0, 0, 0, 0
5536, 09_3_64, 0, 0, 0, 0, 0, 0, 0, 0
5537, 09_3_65, 0, 0, 0, 0, 0, 0, 0, 0
5538, 09_3_66, 0, 0, 0, 0, 0, 0, 0, 0
5539, 09_3_67, 0, 0, 0, 0, 0, 0, 0, 0
5540, 09_3_68, 0, 0, 0, 0, 0, 0, 0, 0
5541, 09_3_69, 0, 0, 0, 0, 0, 0, 0, 0
5542, 09_3_70, 0, 0, 0, 0, 0, 0, 0, 0
5543, 09_3_71, 0, 0, 0, 0, 0, 0, 0, 0
5544, 09_3_72, 0, 0, 0, 0, 0, 0, 0, 0
5545, 09_3_73, 0, 0, 0, 0, 0, 0, 0, 0
5546, 09_3_74, 0, 0, 0, 0, 0, 0, 0, 0
5547, 09_3_75, 0, 0, 0, 0, 0, 0, 0, 0
5548, 09_3_76, 0, 0, 0, 0, 0, 0, 0, 0
5549, 09_3_77, 0, 0, 0, 0, 0, 0, 0, 0
5550, 09_3_78, 0, 0, 0, 0, 0, 0, 0, 0
5551, 09_3_79, 0, 0, 0, 0, 0, 0, 0, 0
5552, 09_3_80, 0, 0, 0, 0, 0, 0, 0, 0
5553, 09_3_81, 0, 0, 0, 0, 0, 0, 0, 0
5554, 09_3_82, 0, 0, 0, 0, 0, 0, 0, 0
5555, 09_3_83, 0, 0, 0, 0, 0, 0, 0, 0
5556, 09_3_84, 0, 0, 0, 0, 0, 0, 0, 0
5557, 09_3_85, 0, 0, 0, 0, 0, 0, 0, 0
5558, 09_3_86, 0, 0, 0, 0, 0, 0, 0, 0
5559, 09_3_87, 0, 0, 0, 0, 0, 0, 0, 0
5560, 09_3_88, 0, 0, 0, 0, 0, 0, 0, 0
5561, 09_3_89, 0, 0, 0, 0, 0, 0, 0, 0
5562, 09_3_90, 0, 0, 0, 0, 0, 0, 0, 0
5563, 09_3_91, 0, 0, 0, 0, 0, 0, 0, 0
5564, 09_3_92, 0, 0, 0, 0, 0, 0, 0, 0
5565, 09_3_93, 0, 0, 0, 0, 0, 0, 0, 0
5566, 09_3_94, 0, 0, 0, 0, 0, 0, 0, 0
5567, 09_3_95, 0, 0, 0, 0, 0, 0, 0, 0
5568, 09_4_00, 0, 0, 0, 0, 0, 0, 0, 0
5569, 09_4_01, 0, 0, 0, 0, 0, 0, 0, 0
5570, 09_4_02, 0, 0, 0, 0, 0, 0, 0, 0
5571, 09_4_03, 0, 0, 0, 0, 0, 0, 0, 0
5572, 09_4_04, 0, 0, 0, 0, 0, 0, 0, 0
5573, 09_4_05, 0, 0, 0, 0, 0, 0, 0, 0
5574, 09_4_06, 0, 0, 0, 0, 0, 0, 0, 0
5575, 09_4_07, 0, 0, 0, 0, 0, 0, 0, 0
5576, 09_4_08, 0, 0, 0, 0, 0, 0, 0, 0
5577, 09_4_09, 0, 0, 0, 0, 0, 0, 0, 0
5578, 09_4_10, 0, 0, 0, 0, 0, 0, 0, 0
5579, 09_4_11, 0, 0, 0, 0, 0, 0, 0, 0
5580, 09_4_12, 0, 0, 0, 0, 0, 0, 0, 0
5581, 09_4_13, 0, 0, 0, 0, 0, 0, 0, 0
5582, 09_4_14, 0, 0, 0, 0, 0, 0, 0, 0
5583, 09_4_15, 0, 0, 0, 0, 0, 0, 0, 0
5584, 09_4_16, 0, 0, 0, 0, 0, 0, 0, 0
5585, 09_4_17, 0, 0, 0, 0, 0, 0, 0, 0
5586, 09_4_18, 0, 0, 0, 0, 0, 0, 0, 0
5587, 09_4_19, 0, 0, 0, 0, 0, 0, 0, 0
5588, 09_4_20, 0, 0, 0, 0, 0, 0, 0, 0
5589, 09_4_21, 0, 0, 0, 0, 0, 0, 0, 0
5590, 09_4_22, 0, 0, 0, 0, 0, 0, 0, 0
5591, 09_4_23, 0, 0, 0, 0, 0, 0, 0, 0
5592, 09_4_24, 0, 0, 0, 0, 0, 0, 0, 0
5593, 09_4_25, 0, 0, 0, 0, 0, 0, 0, 0
5594, 09_4_26, 0, 0, 0, 0, 0, 0, 0, 0
5595, 09_4_27, 0, 0, 0, 0, 0, 0, 0, 0
5596, 09_4_28, 0, 0, 0, 0, 0, 0, 0, 0
5597, 09_4_29, 0, 0, 0, 0, 0, 0, 0, 0
5598, 09_4_30, 0, 0, 0, 0, 0, 0, 0, 0
5599, 09_4_31, 0, 0, 0, 0, 0, 0, 0, 0
5600, 09_4_32, 0, 0, 0, 0, 0, 0, 0, 0
5601, 09_4_33, 0, 0, 0, 0, 0, 0, 0, 0
5602, 09_4_34, 0, 0, 0, 0, 0, 0, 0, 0
5603, 09_4_35, 0, 0, 0, 0, 0, 0, 0, 0
5604, 09_4_36, 0, 0, 0, 0, 0, 0, 0, 0
5605, 09_4_37, 0, 0, 0, 0, 0, 0, 0, 0
5606, 09_4_38, 0, 0, 0, 0, 0, 0, 0, 0
5607, 09_4_39, 0, 0, 0, 0, 0, 0, 0, 0
5608, 09_4_40, 0, 0, 0, 0, 0, 0, 0, 0
5609, 09_4_41, 0, 0, 0, 0, 0, 0, 0, 0
5610, 09_4_42, 0, 0, 0, 0, 0, 0, 0, 0
5611, 09_4_43, 0, 0, 0, 0, 0, 0, 0, 0
5612, 09_4_44, 0, 0, 0, 0, 0, 0, 0, 0
5613, 09_4_45, 0, 0, 0, 0, 0, 0, 0, 0
5614, 09_4_46, 0, 0, 0, 0, 0, 0, 0, 0
5615, 09_4_47, 0, 0, 0, 0, 0, 0, 0, 0
5616, 09_4_48, 0, 0, 0, 0, 0, 0, 0, 0
5617, 09_4_49, 0, 0, 0, 0, 0, 0, 0, 0
5618, 09_4_50, 0, 0, 0, 0, 0, 0, 0, 0
5619, 09_4_51, 0, 0, 0, 0, 0, 0, 0, 0
5620, 09_4_52, 0, 0, 0, 0, 0, 0, 0, 0
5621, 09_4_53, 0, 0, 0, 0, 0, 0, 0, 0
5622, 09_4_54, 0, 0, 0, 0, 0, 0, 0, 0
5623, 09_4_55, 0, 0, 0, 0, 0, 0, 0, 0
5624, 09_4_56, 0, 0, 0, 0, 0, 0, 0, 0
5625, 09_4_57, 0, 0, 0, 0, 0, 0, 0, 0
5626, 09_4_58, 0, 0, 0, 0, 0, 0, 0, 0
5627, 09_4_59, 0, 0, 0, 0, 0, 0, 0, 0
5628, 09_4_60, 0, 0, 0, 0, 0, 0, 0, 0
5629, 09_4_61, 0, 0, 0, 0, 0, 0, 0, 0
5630, 09_4_62, 0, 0, 0, 0, 0, 0, 0, 0
5631, 09_4_63, 0, 0, 0, 0, 0, 0, 0, 0
5632, 09_4_64, 0, 0, 0, 0, 0, 0, 0, 0
5633, 09_4_65, 0, 0, 0, 0, 0, 0, 0, 0
5634, 09_4_66, 0, 0, 0, 0, 0, 0, 0, 0
5635, 09_4_67, 0, 0, 0, 0, 0, 0, 0, 0
5636, 09_4_68, 0, 0, 0, 0, 0, 0, 0, 0
5637, 09_4_69, 0, 0, 0, 0, 0, 0, 0, 0
5638, 09_4_70, 0, 0, 0, 0, 0, 0, 0, 0
5639, 09_4_71, 0, 0, 0, 0, 0, 0, 0, 0
5640, 09_4_72, 0, 0, 0, 0, 0, 0, 0, 0
5641, 09_4_73, 0, 0, 0, 0, 0, 0, 0, 0
5642, 09_4_74, 0, 0, 0, 0, 0, 0, 0, 0
5643, 09_4_75, 0, 0, 0, 0, 0, 0, 0, 0
5644, 09_4_76, 0, 0, 0, 0, 0, 0, 0, 0
5645, 09_4_77, 0, 0, 0, 0, 0, 0, 0, 0
5646, 09_4_78, 0, 0, 0, 0, 0, 0, 0, 0
5647, 09_4_79, 0, 0, 0, 0, 0, 0, 0, 0
5648, 09_4_80, 0, 0, 0, 0, 0, 0, 0, 0
5649, 09_4_81, 0, 0, 0, 0, 0, 0, 0, 0
5650, 09_4_82, 0, 0, 0, 0, 0, 0, 0, 0
5651, 09_4_83, 0, 0, 0, 0, 0, 0, 0, 0
5652, 09_4_84, 0, 0, 0, 0, 0, 0, 0, 0
5653, 09_4_85, 0, 0, 0, 0, 0, 0, 0, 0
5654, 09_4_86, 0, 0, 0, 0, 0, 0, 0, 0
5655, 09_4_87, 0, 0, 0, 0, 0, 0, 0, 0
5656, 09_4_88, 0, 0, 0, 0, 0, 0, 0, 0
5657, 09_4_89, 0, 0, 0, 0, 0, 0, 0, 0
5658, 09_4_90, 0, 0, 0, 0, 0, 0, 0, 0
5659, 09_4_91, 0, 0, 0, 0, 0, 0, 0, 0
5660, 09_4_92, 0, 0, 0, 0, 0, 0, 0, 0
5661, 09_4_93, 0, 0, 0, 0, 0, 0, 0, 0
5662, 09_4_94, 0, 0, 0, 0, 0, 0, 0, 0
5663, 09_4_95, 0, 0, 0, 0, 0, 0, 0, 0
5664, 09_5_00, 0, 0, 0, 0, 0, 0, 0, 0
5665, 09_5_01, 0, 0, 0, 0, 0, 0, 0, 0
5666, 09_5_02, 0, 0, 0, 0, 0, 0, 0, 0
5667, 09_5_03, 0, 0, 0, 0, 0, 0, 0, 0
5668, 09_5_04, 0, 0, 0, 0, 0, 0, 0, 0
5669, 09_5_05, 0, 0, 0, 0, 0, 0, 0, 0
5670, 09_5_06, 0, 0, 0, 0, 0, 0, 0, 0
5671, 09_5_07, 0, 0, 0, 0, 0, 0, 0, 0
5672, 09_5_08, 0, 0, 0, 0, 0, 0, 0, 0
5673, 09_5_09, 0, 0, 0, 0, 0, 0, 0, 0
5674, 09_5_10, 0, 0, 0, 0, 0, 0, 0, 0
5675, 09_5_11, 0, 0, 0, 0, 0, 0, 0, 0
5676, 09_5_12, 0, 0, 0, 0, 0, 0, 0, 0
5677, 09_5_13, 0, 0, 0, 0, 0, 0, 0, 0
5678, 09_5_14, 0, 0, 0, 0, 0, 0, 0, 0
5679, 09_5_15, 0, 0, 0, 0, 0, 0, 0, 0
5680, 09_5_16, 0, 0, 0, 0, 0, 0, 0, 0
5681, 09_5_17, 0, 0, 0, 0, 0, 0, 0, 0
5682, 09_5_18, 0, 0, 0, 0, 0, 0, 0, 0
5683, 09_5_19, 0, 0, 0, 0, 0, 0, 0, 0
5684, 09_5_20, 0, 0, 0, 0, 0, 0, 0, 0
5685, 09_5_21, 0, 0, 0, 0, 0, 0, 0, 0
5686, 09_5_22, 0, 0, 0, 0, 0, 0, 0, 0
5687, 09_5_23, 0, 0, 0, 0, 0, 0, 0, 0
5688, 09_5_24, 0, 0, 0, 0, 0, 0, 0, 0
5689, 09_5_25, 0, 0, 0, 0, 0, 0, 0, 0
5690, 09_5_26, 0, 0, 0, 0, 0, 0, 0, 0
5691, 09_5_27, 0, 0, 0, 0, 0, 0, 0, 0
5692, 09_5_28, 0, 0, 0, 0, 0, 0, 0, 0
5693, 09_5_29, 0, 0, 0, 0, 0, 0, 0, 0
5694, 09_5_30, 0, 0, 0, 0, 0, 0, 0, 0
5695, 09_5_31, 0, 0, 0, 0, 0, 0, 0, 0
5696, 09_5_32, 0, 0, 0, 0, 0, 0, 0, 0
5697, 09_5_33, 0, 0, 0, 0, 0, 0, 0, 0
5698, 09_5_34, 0, 0, 0, 0, 0, 0, 0, 0
5699, 09_5_35, 0, 0, 0, 0, 0, 0, 0, 0
5700, 09_5_36, 0, 0, 0, 0, 0, 0, 0, 0
5701, 09_5_37, 0, 0, 0, 0, 0, 0, 0, 0
5702, 09_5_38, 0, 0, 0, 0, 0, 0, 0, 0
5703, 09_5_39, 0, 0, 0, 0, 0, 0, 0, 0
5704, 09_5_40, 0, 0, 0, 0, 0, 0, 0, 0
5705, 09_5_41, 0, 0, 0, 0, 0, 0, 0, 0
5706, 09_5_42, 0, 0, 0, 0, 0, 0, 0, 0
5707, 09_5_43, 0, 0, 0, 0, 0, 0, 0, 0
5708, 09_5_44, 0, 0, 0, 0, 0, 0, 0, 0
5709, 09_5_45, 0, 0, 0, 0, 0, 0, 0, 0
5710, 09_5_46, 0, 0, 0, 0, 0, 0, 0, 0
5711, 09_5_47, 0, 0, 0, 0, 0, 0, 0, 0
5712, 09_5_48, 0, 0, 0, 0, 0, 0, 0, 0
5713, 09_5_49, 0, 0, 0, 0, 0, 0, 0, 0
5714, 09_5_50, 0, 0, 0, 0, 0, 0, 0, 0
5715, 09_5_51, 0, 0, 0, 0, 0, 0, 0, 0
5716, 09_5_52, 0, 0, 0, 0, 0, 0, 0, 0
5717, 09_5_53, 0, 0, 0, 0, 0, 0, 0, 0
5718, 09_5_54, 0, 0, 0, 0, 0, 0, 0, 0
5719, 09_5_55, 0, 0, 0, 0, 0, 0, 0, 0
5720, 09_5_56, 0, 0, 0, 0, 0, 0, 0, 0
5721, 09_5_57, 0, 0, 0, 0, 0, 0, 0, 0
5722, 09_5_58, 0, 0, 0, 0, 0, 0, 0, 0
5723, 09_5_59, 0, 0, 0, 0, 0, 0, 0, 0
5724, 09_5_60, 0, 0, 0, 0, 0, 0, 0, 0
5725, 09_5_61, 0, 0, 0, 0, 0, 0, 0, 0
5726, 09_5_62, 0, 0, 0, 0, 0, 0, 0, 0
5727, 09_5_63, 0, 0, 0, 0, 0, 0, 0, 0
5728, 09_5_64, 0, 0, 0, 0, 0, 0, 0, 0
5729, 09_5_65, 0, 0, 0, 0, 0, 0, 0, 0
5730, 09_5_66, 0, 0, 0, 0, 0, 0, 0, 0
5731, 09_5_67, 0, 0, 0, 0, 0, 0, 0, 0
5732, 09_5_68, 0, 0, 0, 0, 0, 0, 0, 0
5733, 09_5_69, 0, 0, 0, 0, 0, 0, 0, 0
5734, 09_5_70, 0, 0, 0, 0, 0, 0, 0, 0
5735, 09_5_71, 0, 0, 0, 0, 0, 0, 0, 0
5736, 09_5_72, 0, 0, 0, 0, 0, 0, 0, 0
5737, 09_5_73, 0, 0, 0, 0, 0, 0, 0, 0
5738, 09_5_74, 0, 0, 0, 0, 0, 0, 0, 0
5739, 09_5_75, 0, 0, 0, 0, 0, 0, 0, 0
5740, 09_5_76, 0, 0, 0, 0, 0, 0, 0, 0
5741, 09_5_77, 0, 0, 0, 0, 0, 0, 0, 0
5742, 09_5_78, 0, 0, 0, 0, 0, 0, 0, 0
5743, 09_5_79, 0, 0, 0, 0, 0, 0, 0, 0
5744, 09_5_80, 0, 0, 0, 0, 0, 0, 0, 0
5745, 09_5_81, 0, 0, 0, 0, 0, 0, 0, 0
5746, 09_5_82, 0, 0, 0, 0, 0, 0, 0, 0
5747, 09_5_83, 0, 0, 0, 0, 0, 0, 0, 0
5748, 09_5_84, 0, 0, 0, 0, 0, 0, 0, 0
5749, 09_5_85, 0, 0, 0, 0, 0, 0, 0, 0
5750, 09_5_86, 0, 0, 0, 0, 0, 0, 0, 0
5751, 09_5_87, 0, 0, 0, 0, 0, 0, 0, 0
5752, 09_5_88, 0, 0, 0, 0, 0, 0, 0, 0
5753, 09_5_89, 0, 0, 0, 0, 0, 0, 0, 0
5754, 09_5_90, 0, 0, 0, 0, 0, 0, 0, 0
5755, 09_5_91, 0, 0, 0, 0, 0, 0, 0, 0
5756, 09_5_92, 0, 0, 0, 0, 0, 0, 0, 0
5757, 09_5_93, 0, 0, 0, 0, 0, 0, 0, 0
5758, 09_5_94, 0, 0, 0, 0, 0, 0, 0, 0
5759, 09_5_95, 0, 0, 0, 0, 0, 0, 0, 0
5760, 10_0_00, 0, 0, 0, 0, 0, 0, 0, 0
5761, 10_0_01, 0, 0, 0, 0, 0, 0, 0, 0
5762, 10_0_02, 0, 0, 0, 0, 0, 0, 0, 0
5763, 10_0_03, 0, 0, 0, 0, 0, 0, 0, 0
5764, 10_0_04, 0, 0, 0, 0, 0, 0, 0, 0
5765, 10_0_05, 0, 0, 0, 0, 0, 0, 0, 0
5766, 10_0_06, 0, 0, 0, 0, 0, 0, 0, 0
5767, 10_0_07, 0, 0, 0, 0, 0, 0, 0, 0
5768, 10_0_08, 0, 0, 0, 0, 0, 0, 0, 0
5769, 10_0_09, 0, 0, 0, 0, 0, 0, 0, 0
5770, 10_0_10, 0, 0, 0, 0, 0, 0, 0, 0
5771, 10_0_11, 0, 0, 0, 0, 0, 0, 0, 0
5772, 10_0_12, 0, 0, 0, 0, 0, 0, 0, 0
5773, 10_0_13, 0, 0, 0, 0, 0, 0, 0, 0
5774, 10_0_14, 0, 0, 0, 0, 0, 0, 0, 0
5775, 10_0_15, 0, 0, 0, 0, 0, 0, 0, 0
5776, 10_0_16, 0, 0, 0, 0, 0, 0, 0, 0
5777, 10_0_17, 0, 0, 0, 0, 0, 0, 0, 0
5778, 10_0_18, 0, 0, 0, 0, 0, 0, 0, 0
5779, 10_0_19, 0, 0, 0, 0, 0, 0, 0, 0
5780, 10_0_20, 0, 0, 0, 0, 0, 0, 0, 0
5781, 10_0_21, 0, 0, 0, 0, 0, 0, 0, 0
5782, 10_0_22, 0, 0, 0, 0, 0, 0, 0, 0
5783, 10_0_23, 0, 0, 0, 0, 0, 0, 0, 0
5784, 10_0_24, 0, 0, 0, 0, 0, 0, 0, 0
5785, 10_0_25, 0, 0, 0, 0, 0, 0, 0, 0
5786, 10_0_26, 0, 0, 0, 0, 0, 0, 0, 0
5787, 10_0_27, 0, 0, 0, 0, 0, 0, 0, 0
5788, 10_0_28, 0, 0, 0, 0, 0, 0, 0, 0
5789, 10_0_29, 0, 0, 0, 0, 0, 0, 0, 0
5790, 10_0_30, 0, 0, 0, 0, 0, 0, 0, 0
5791, 10_0_31, 0, 0, 0, 0, 0, 0, 0, 0
5792, 10_0_32, 0, 0, 0, 0, 0, 0, 0, 0
5793, 10_0_33, 0, 0, 0, 0, 0, 0, 0, 0
5794, 10_0_34, 0, 0, 0, 0, 0, 0, 0, 0
5795, 10_0_35, 0, 0, 0, 0, 0, 0, 0, 0
5796, 10_0_36, 0, 0, 0, 0, 0, 0, 0, 0
5797, 10_0_37, 0, 0, 0, 0, 0, 0, 0, 0
5798, 10_0_38, 0, 0, 0, 0, 0, 0, 0, 0
5799, 10_0_39, 0, 0, 0, 0, 0, 0, 0, 0
5800, 10_0_40, 0, 0, 0, 0, 0, 0, 0, 0
5801, 10_0_41, 0, 0, 0, 0, 0, 0, 0, 0
5802, 10_0_42, 0, 0, 0, 0, 0, 0, 0, 0
5803, 10_0_43, 0, 0, 0, 0, 0, 0, 0, 0
5804, 10_0_44, 0, 0, 0, 0, 0, 0, 0, 0
5805, 10_0_45, 0, 0, 0, 0, 0, 0, 0, 0
5806, 10_0_46, 0, 0, 0, 0, 0, 0, 0, 0
5807, 10_0_47, 0, 0, 0, 0, 0, 0, 0, 0
5808, 10_0_48, 0, 0, 0, 0, 0, 0, 0, 0
5809, 10_0_49, 0, 0, 0, 0, 0, 0, 0, 0
5810, 10_0_50, 0, 0, 0, 0, 0, 0, 0, 0
5811, 10_0_51, 0, 0, 0, 0, 0, 0, 0, 0
5812, 10_0_52, 0, 0, 0, 0, 0, 0, 0, 0
5813, 10_0_53, 0, 0, 0, 0, 0, 0, 0, 0
5814, 10_0_54, 0, 0, 0, 0, 0, 0, 0, 0
5815, 10_0_55, 0, 0, 0, 0, 0, 0, 0, 0
5816, 10_0_56, 0, 0, 0, 0, 0, 0, 0, 0
5817, 10_0_57, 0, 0, 0, 0, 0, 0, 0, 0
5818, 10_0_58, 0, 0, 0, 0, 0, 0, 0, 0
5819, 10_0_59, 0, 0, 0, 0, 0, 0, 0, 0
5820, 10_0_60, 0, 0, 0, 0, 0, 0, 0, 0
5821, 10_0_61, 0, 0, 0, 0, 0, 0, 0, 0
5822, 10_0_62, 0, 0, 0, 0, 0, 0, 0, 0
5823, 10_0_63, 0, 0, 0, 0, 0, 0, 0, 0
5824, 10_0_64, 0, 0, 0, 0, 0, 0, 0, 0
5825, 10_0_65, 0, 0, 0, 0, 0, 0, 0, 0
5826, 10_0_66, 0, 0, 0, 0, 0, 0, 0, 0
5827, 10_0_67, 0, 0, 0, 0, 0, 0, 0, 0
5828, 10_0_68, 0, 0, 0, 0, 0, 0, 0, 0
5829, 10_0_69, 0, 0, 0, 0, 0, 0, 0, 0
5830, 10_0_70, 0, 0, 0, 0, 0, 0, 0, 0
5831, 10_0_71, 0, 0, 0, 0, 0, 0, 0, 0
5832, 10_0_72, 0, 0, 0, 0, 0, 0, 0, 0
5833, 10_0_73, 0, 0, 0, 0, 0, 0, 0, 0
5834, 10_0_74, 0, 0, 0, 0, 0, 0, 0, 0
5835, 10_0_75, 0, 0, 0, 0, 0, 0, 0, 0
5836, 10_0_76, 0, 0, 0, 0, 0, 0, 0, 0
5837, 10_0_77, 0, 0, 0, 0, 0, 0, 0, 0
5838, 10_0_78, 0, 0, 0, 0, 0, 0, 0, 0
5839, 10_0_79, 0, 0, 0, 0, 0, 0, 0, 0
5840, 10_0_80, 0, 0, 0, 0, 0, 0, 0, 0
5841, 10_0_81, 0, 0, 0, 0, 0, 0, 0, 0
5842, 10_0_82, 0, 0, 0, 0, 0, 0, 0, 0
5843, 10_0_83, 0, 0, 0, 0, 0, 0, 0, 0
5844, 10_0_84, 0, 0, 0, 0, 0, 0, 0, 0
5845, 10_0_85, 0, 0, 0, 0, 0, 0, 0, 0
5846, 10_0_86, 0, 0, 0, 0, 0, 0, 0, 0
5847, 10_0_87, 0, 0, 0, 0, 0, 0, 0, 0
5848, 10_0_88, 0, 0, 0, 0, 0, 0, 0, 0
5849, 10_0_89, 0, 0, 0, 0, 0, 0, 0, 0
5850, 10_0_90, 0, 0, 0, 0, 0, 0, 0, 0
5851, 10_0_91, 0, 0, 0, 0, 0, 0, 0, 0
5852, 10_0_92, 0, 0, 0, 0, 0, 0, 0, 0
5853, 10_0_93, 0, 0, 0, 0, 0, 0, 0, 0
5854, 10_0_94, 0, 0, 0, 0, 0, 0, 0, 0
5855, 10_0_95, 0, 0, 0, 0, 0, 0, 0, 0
5856, 10_1_00, 0, 0, 0, 0, 0, 0, 0, 0
5857, 10_1_01, 0, 0, 0, 0, 0, 0, 0, 0
5858, 10_1_02, 0, 0, 0, 0, 0, 0, 0, 0
5859, 10_1_03, 0, 0, 0, 0, 0, 0, 0, 0
5860, 10_1_04, 0, 0, 0, 0, 0, 0, 0, 0
5861, 10_1_05, 0, 0, 0, 0, 0, 0, 0, 0
5862, 10_1_06, 0, 0, 0, 0, 0, 0, 0, 0
5863, 10_1_07, 0, 0, 0, 0, 0, 0, 0, 0
5864, 10_1_08, 0, 0, 0, 0, 0, 0, 0, 0
5865, 10_1_09, 0, 0, 0, 0, 0, 0, 0, 0
5866, 10_1_10, 0, 0, 0, 0, 0, 0, 0, 0
5867, 10_1_11, 0, 0, 0, 0, 0, 0, 0, 0
5868, 10_1_12, 0, 0, 0, 0, 0, 0, 0, 0
5869, 10_1_13, 0, 0, 0, 0, 0, 0, 0, 0
5870, 10_1_14, 0, 0, 0, 0, 0, 0, 0, 0
5871, 10_1_15, 0, 0, 0, 0, 0, 0, 0, 0
5872, 10_1_16, 0, 0, 0, 0, 0, 0, 0, 0
5873, 10_1_17, 0, 0, 0, 0, 0, 0, 0, 0
5874, 10_1_18, 0, 0, 0, 0, 0, 0, 0, 0
5875, 10_1_19, 0, 0, 0, 0, 0, 0, 0, 0
5876, 10_1_20, 0, 0, 0, 0, 0, 0, 0, 0
5877, 10_1_21, 0, 0, 0, 0, 0, 0, 0, 0
5878, 10_1_22, 0, 0, 0, 0, 0, 0, 0, 0
5879, 10_1_23, 0, 0, 0, 0, 0, 0, 0, 0
5880, 10_1_24, 0, 0, 0, 0, 0, 0, 0, 0
5881, 10_1_25, 0, 0, 0, 0, 0, 0, 0, 0
5882, 10_1_26, 0, 0, 0, 0, 0, 0, 0, 0
5883, 10_1_27, 0, 0, 0, 0, 0, 0, 0, 0
5884, 10_1_28, 0, 0, 0, 0, 0, 0, 0, 0
5885, 10_1_29, 0, 0, 0, 0, 0, 0, 0, 0
5886, 10_1_30, 0, 0, 0, 0, 0, 0, 0, 0
5887, 10_1_31, 0, 0, 0, 0, 0, 0, 0, 0
5888, 10_1_32, 0, 0, 0, 0, 0, 0, 0, 0
5889, 10_1_33, 0, 0, 0, 0, 0, 0, 0, 0
5890, 10_1_34, 0, 0, 0, 0, 0, 0, 0, 0
5891, 10_1_35, 0, 0, 0, 0, 0, 0, 0, 0
5892, 10_1_36, 0, 0, 0, 0, 0, 0, 0, 0
5893, 10_1_37, 0, 0, 0, 0, 0, 0, 0, 0
5894, 10_1_38, 0, 0, 0, 0, 0, 0, 0, 0
5895, 10_1_39, 0, 0, 0, 0, 0, 0, 0, 0
5896, 10_1_40, 0, 0, 0, 0, 0, 0, 0, 0
5897, 10_1_41, 0, 0, 0, 0, 0, 0, 0, 0
5898, 10_1_42, 0, 0, 0, 0, 0, 0, 0, 0
5899, 10_1_43, 0, 0, 0, 0, 0, 0, 0, 0
5900, 10_1_44, 0, 0, 0, 0, 0, 0, 0, 0
5901, 10_1_45, 0, 0, 0, 0, 0, 0, 0, 0
5902, 10_1_46, 0, 0, 0, 0, 0, 0, 0, 0
5903, 10_1_47, 0, 0, 0, 0, 0, 0, 0, 0
5904, 10_1_48, 0, 0, 0, 0, 0, 0, 0, 0
5905, 10_1_49, 0, 0, 0, 0, 0, 0, 0, 0
5906, 10_1_50, 0, 0, 0, 0, 0, 0, 0, 0
5907, 10_1_51, 0, 0, 0, 0, 0, 0, 0, 0
5908, 10_1_52, 0, 0, 0, 0, 0, 0, 0, 0
5909, 10_1_53, 0, 0, 0, 0, 0, 0, 0, 0
5910, 10_1_54, 0, 0, 0, 0, 0, 0, 0, 0
5911, 10_1_55, 0, 0, 0, 0, 0, 0, 0, 0
5912, 10_1_56, 0, 0, 0, 0, 0, 0, 0, 0
5913, 10_1_57, 0, 0, 0, 0, 0, 0, 0, 0
5914, 10_1_58, 0, 0, 0, 0, 0, 0, 0, 0
5915, 10_1_59, 0, 0, 0, 0, 0, 0, 0, 0
5916, 10_1_60, 0, 0, 0, 0, 0, 0, 0, 0
5917, 10_1_61, 0, 0, 0, 0, 0, 0, 0, 0
5918, 10_1_62, 0, 0, 0, 0, 0, 0, 0, 0
5919, 10_1_63, 0, 0, 0, 0, 0, 0, 0, 0
5920, 10_1_64, 0, 0, 0, 0, 0, 0, 0, 0
5921, 10_1_65, 0, 0, 0, 0, 0, 0, 0, 0
5922, 10_1_66, 0, 0, 0, 0, 0, 0, 0, 0
5923, 10_1_67, 0, 0, 0, 0, 0, 0, 0, 0
5924, 10_1_68, 0, 0, 0, 0, 0, 0, 0, 0
5925, 10_1_69, 0, 0, 0, 0, 0, 0, 0, 0
5926, 10_1_70, 0, 0, 0, 0, 0, 0, 0, 0
5927, 10_1_71, 0, 0, 0, 0, 0, 0, 0, 0
5928, 10_1_72, 0, 0, 0, 0, 0, 0, 0, 0
5929, 10_1_73, 0, 0, 0, 0, 0, 0, 0, 0
5930, 10_1_74, 0, 0, 0, 0, 0, 0, 0, 0
5931, 10_1_75, 0, 0, 0, 0, 0, 0, 0, 0
5932, 10_1_76, 0, 0, 0, 0, 0, 0, 0, 0
5933, 10_1_77, 0, 0, 0, 0, 0, 0, 0, 0
5934, 10_1_78, 0, 0, 0, 0, 0, 0, 0, 0
5935, 10_1_79, 0, 0, 0, 0, 0, 0, 0, 0
5936, 10_1_80, 0, 0, 0, 0, 0, 0, 0, 0
5937, 10_1_81, 0, 0, 0, 0, 0, 0, 0, 0
5938, 10_1_82, 0, 0, 0, 0, 0, 0, 0, 0
5939, 10_1_83, 0, 0, 0, 0, 0, 0, 0, 0
5940, 10_1_84, 0, 0, 0, 0, 0, 0, 0, 0
5941, 10_1_85, 0, 0, 0, 0, 0, 0, 0, 0
5942, 10_1_86, 0, 0, 0, 0, 0, 0, 0, 0
5943, 10_1_87, 0, 0, 0, 0, 0, 0, 0, 0
5944, 10_1_88, 0, 0, 0, 0, 0, 0, 0, 0
5945, 10_1_89, 0, 0, 0, 0, 0, 0, 0, 0
5946, 10_1_90, 0, 0, 0, 0, 0, 0, 0, 0
5947, 10_1_91, 0, 0, 0, 0, 0, 0, 0, 0
5948, 10_1_92, 0, 0, 0, 0, 0, 0, 0, 0
5949, 10_1_93, 0, 0, 0, 0, 0, 0, 0, 0
5950, 10_1_94, 0, 0, 0, 0, 0, 0, 0, 0
5951, 10_1_95, 0, 0, 0, 0, 0, 0, 0, 0
5952, 10_2_00, 0, 0, 0, 0, 0, 0, 0, 0
5953, 10_2_01, 0, 0, 0, 0, 0, 0, 0, 0
5954, 10_2_02, 0, 0, 0, 0, 0, 0, 0, 0
5955, 10_2_03, 0, 0, 0, 0, 0, 0, 0, 0
5956, 10_2_04, 0, 0, 0, 0, 0, 0, 0, 0
5957, 10_2_05, 0, 0, 0, 0, 0, 0, 0, 0
5958, 10_2_06, 0, 0, 0, 0, 0, 0, 0, 0
5959, 10_2_07, 0, 0, 0, 0, 0, 0, 0, 0
5960, 10_2_08, 0, 0, 0, 0, 0, 0, 0, 0
5961, 10_2_09, 0, 0, 0, 0, 0, 0, 0, 0
5962, 10_2_10, 0, 0, 0, 0, 0, 0, 0, 0
5963, 10_2_11, 0, 0, 0, 0, 0, 0, 0, 0
5964, 10_2_12, 0, 0, 0, 0, 0, 0, 0, 0
5965, 10_2_13, 0, 0, 0, 0, 0, 0, 0, 0
5966, 10_2_14, 0, 0, 0, 0, 0, 0, 0, 0
5967, 10_2_15, 0, 0, 0, 0, 0, 0, 0, 0
5968, 10_2_16, 0, 0, 0, 0, 0, 0, 0, 0
5969, 10_2_17, 0, 0, 0, 0, 0, 0, 0, 0
5970, 10_2_18, 0, 0, 0, 0, 0, 0, 0, 0
5971, 10_2_19, 0, 0, 0, 0, 0, 0, 0, 0
5972, 10_2_20, 0, 0, 0, 0, 0, 0, 0, 0
5973, 10_2_21, 0, 0, 0, 0, 0, 0, 0, 0
5974, 10_2_22, 0, 0, 0, 0, 0, 0, 0, 0
5975, 10_2_23, 0, 0, 0, 0, 0, 0, 0, 0
5976, 10_2_24, 0, 0, 0, 0, 0, 0, 0, 0
5977, 10_2_25, 0, 0, 0, 0, 0, 0, 0, 0
5978, 10_2_26, 0, 0, 0, 0, 0, 0, 0, 0
5979, 10_2_27, 0, 0, 0, 0, 0, 0, 0, 0
5980, 10_2_28, 0, 0, 0, 0, 0, 0, 0, 0
5981, 10_2_29, 0, 0, 0, 0, 0, 0, 0, 0
5982, 10_2_30, 0, 0, 0, 0, 0, 0, 0, 0
5983, 10_2_31, 0, 0, 0, 0, 0, 0, 0, 0
5984, 10_2_32, 0, 0, 0, 0, 0, 0, 0, 0
5985, 10_2_33, 0, 0, 0, 0, 0, 0, 0, 0
5986, 10_2_34, 0, 0, 0, 0, 0, 0, 0, 0
5987, 10_2_35, 0, 0, 0, 0, 0, 0, 0, 0
5988, 10_2_36, 0, 0, 0, 0, 0, 0, 0, 0
5989, 10_2_37, 0, 0, 0, 0, 0, 0, 0, 0
5990, 10_2_38, 0, 0, 0, 0, 0, 0, 0, 0
5991, 10_2_39, 0, 0, 0, 0, 0, 0, 0, 0
5992, 10_2_40, 0, 0, 0, 0, 0, 0, 0, 0
5993, 10_2_41, 0, 0, 0, 0, 0, 0, 0, 0
5994, 10_2_42, 0, 0, 0, 0, 0, 0, 0, 0
5995, 10_2_43, 0, 0, 0, 0, 0, 0, 0, 0
5996, 10_2_44, 0, 0, 0, 0, 0, 0, 0, 0
5997, 10_2_45, 0, 0, 0, 0, 0, 0, 0, 0
5998, 10_2_46, 0, 0, 0, 0, 0, 0, 0, 0
5999, 10_2_47, 0, 0, 0, 0, 0, 0, 0, 0
6000, 10_2_48, 0, 0, 0, 0, 0, 0, 0, 0
6001, 10_2_49, 0, 0, 0, 0, 0, 0, 0, 0
6002, 10_2_50, 0, 0, 0, 0, 0, 0, 0, 0
6003, 10_2_51, 0, 0, 0, 0, 0, 0, 0, 0
6004, 10_2_52, 0, 0, 0, 0, 0, 0, 0, 0
6005, 10_2_53, 0, 0, 0, 0, 0, 0, 0, 0
6006, 10_2_54, 0, 0, 0, 0, 0, 0, 0, 0
6007, 10_2_55, 0, 0, 0, 0, 0, 0, 0, 0
6008, 10_2_56, 0, 0, 0, 0, 0, 0, 0, 0
6009, 10_2_57, 0, 0, 0, 0, 0, 0, 0, 0
6010, 10_2_58, 0, 0, 0, 0, 0, 0, 0, 0
6011, 10_2_59, 0, 0, 0, 0, 0, 0, 0, 0
6012, 10_2_60, 0, 0, 0, 0, 0, 0, 0, 0
6013, 10_2_61, 0, 0, 0, 0, 0, 0, 0, 0
6014, 10_2_62, 0, 0, 0, 0, 0, 0, 0, 0
6015, 10_2_63, 0, 0, 0, 0, 0, 0, 0, 0
6016, 10_2_64, 0, 0, 0, 0, 0, 0, 0, 0
6017, 10_2_65, 0, 0, 0, 0, 0, 0, 0, 0
6018, 10_2_66, 0, 0, 0, 0, 0, 0, 0, 0
6019, 10_2_67, 0, 0, 0, 0, 0, 0, 0, 0
6020, 10_2_68, 0, 0, 0, 0, 0, 0, 0, 0
6021, 10_2_69, 0, 0, 0, 0, 0, 0, 0, 0
6022, 10_2_70, 0, 0, 0, 0, 0, 0, 0, 0
6023, 10_2_71, 0, 0, 0, 0, 0, 0, 0, 0
6024, 10_2_72, 0, 0, 0, 0, 0, 0, 0, 0
6025, 10_2_73, 0, 0, 0, 0, 0, 0, 0, 0
6026, 10_2_74, 0, 0, 0, 0, 0, 0, 0, 0
6027, 10_2_75, 0, 0, 0, 0, 0, 0, 0, 0
6028, 10_2_76, 0, 0, 0, 0, 0, 0, 0, 0
6029, 10_2_77, 0, 0, 0, 0, 0, 0, 0, 0
6030, 10_2_78, 0, 0, 0, 0, 0, 0, 0, 0
6031, 10_2_79, 0, 0, 0, 0, 0, 0, 0, 0
6032, 10_2_80, 0, 0, 0, 0, 0, 0, 0, 0
6033, 10_2_81, 0, 0, 0, 0, 0, 0, 0, 0
6034, 10_2_82, 0, 0, 0, 0, 0, 0, 0, 0
6035, 10_2_83, 0, 0, 0, 0, 0, 0, 0, 0
6036, 10_2_84, 0, 0, 0, 0, 0, 0, 0, 0
6037, 10_2_85, 0, 0, 0, 0, 0, 0, 0, 0
6038, 10_2_86, 0, 0, 0, 0, 0, 0, 0, 0
6039, 10_2_87, 0, 0, 0, 0, 0, 0, 0, 0
6040, 10_2_88, 0, 0, 0, 0, 0, 0, 0, 0
6041, 10_2_89, 0, 0, 0, 0, 0, 0, 0, 0
6042, 10_2_90, 0, 0, 0, 0, 0, 0, 0, 0
6043, 10_2_91, 0, 0, 0, 0, 0, 0, 0, 0
6044, 10_2_92, 0, 0, 0, 0, 0, 0, 0, 0
6045, 10_2_93, 0, 0, 0, 0, 0, 0, 0, 0
6046, 10_2_94, 0, 0, 0, 0, 0, 0, 0, 0
6047, 10_2_95, 0, 0, 0, 0, 0, 0, 0, 0
6048, 10_3_00, 0, 0, 0, 0, 0, 0, 0, 0
6049, 10_3_01, 0, 0, 0, 0, 0, 0, 0, 0
6050, 10_3_02, 0, 0, 0, 0, 0, 0, 0, 0
6051, 10_3_03, 0, 0, 0, 0, 0, 0, 0, 0
6052, 10_3_04, 0, 0, 0, 0, 0, 0, 0, 0
6053, 10_3_05, 0, 0, 0, 0, 0, 0, 0, 0
6054, 10_3_06, 0, 0, 0, 0, 0, 0, 0, 0
6055, 10_3_07, 0, 0, 0, 0, 0, 0, 0, 0
6056, 10_3_08, 0, 0, 0, 0, 0, 0, 0, 0
6057, 10_3_09, 0, 0, 0, 0, 0, 0, 0, 0
6058, 10_3_10, 0, 0, 0, 0, 0, 0, 0, 0
6059, 10_3_11, 0, 0, 0, 0, 0, 0, 0, 0
6060, 10_3_12, 0, 0, 0, 0, 0, 0, 0, 0
6061, 10_3_13, 0, 0, 0, 0, 0, 0, 0, 0
6062, 10_3_14, 0, 0, 0, 0, 0, 0, 0, 0
6063, 10_3_15, 0, 0, 0, 0, 0, 0, 0, 0
6064, 10_3_16, 0, 0, 0, 0, 0, 0, 0, 0
6065, 10_3_17, 0, 0, 0, 0, 0, 0, 0, 0
6066, 10_3_18, 0, 0, 0, 0, 0, 0, 0, 0
6067, 10_3_19, 0, 0, 0, 0, 0, 0, 0, 0
6068, 10_3_20, 0, 0, 0, 0, 0, 0, 0, 0
6069, 10_3_21, 0, 0, 0, 0, 0, 0, 0, 0
6070, 10_3_22, 0, 0, 0, 0, 0, 0, 0, 0
6071, 10_3_23, 0, 0, 0, 0, 0, 0, 0, 0
6072, 10_3_24, 0, 0, 0, 0, 0, 0, 0, 0
6073, 10_3_25, 0, 0, 0, 0, 0, 0, 0, 0
6074, 10_3_26, 0, 0, 0, 0, 0, 0, 0, 0
6075, 10_3_27, 0, 0, 0, 0, 0, 0, 0, 0
6076, 10_3_28, 0, 0, 0, 0, 0, 0, 0, 0
6077, 10_3_29, 0, 0, 0, 0, 0, 0, 0, 0
6078, 10_3_30, 0, 0, 0, 0, 0, 0, 0, 0
6079, 10_3_31, 0, 0, 0, 0, 0, 0, 0, 0
6080, 10_3_32, 0, 0, 0, 0, 0, 0, 0, 0
6081, 10_3_33, 0, 0, 0, 0, 0, 0, 0, 0
6082, 10_3_34, 0, 0, 0, 0, 0, 0, 0, 0
6083, 10_3_35, 0, 0, 0, 0, 0, 0, 0, 0
6084, 10_3_36, 0, 0, 0, 0, 0, 0, 0, 0
6085, 10_3_37, 0, 0, 0, 0, 0, 0, 0, 0
6086, 10_3_38, 0, 0, 0, 0, 0, 0, 0, 0
6087, 10_3_39, 0, 0, 0, 0, 0, 0, 0, 0
6088, 10_3_40, 0, 0, 0, 0, 0, 0, 0, 0
6089, 10_3_41, 0, 0, 0, 0, 0, 0, 0, 0
6090, 10_3_42, 0, 0, 0, 0, 0, 0, 0, 0
6091, 10_3_43, 0, 0, 0, 0, 0, 0, 0, 0
6092, 10_3_44, 0, 0, 0, 0, 0, 0, 0, 0
6093, 10_3_45, 0, 0, 0, 0, 0, 0, 0, 0
6094, 10_3_46, 0, 0, 0, 0, 0, 0, 0, 0
6095, 10_3_47, 0, 0, 0, 0, 0, 0, 0, 0
6096, 10_3_48, 0, 0, 0, 0, 0, 0, 0, 0
6097, 10_3_49, 0, 0, 0, 0, 0, 0, 0, 0
6098, 10_3_50, 0, 0, 0, 0, 0, 0, 0, 0
6099, 10_3_51, 0, 0, 0, 0, 0, 0, 0, 0
6100, 10_3_52, 0, 0, 0, 0, 0, 0, 0, 0
6101, 10_3_53, 0, 0, 0, 0, 0, 0, 0, 0
6102, 10_3_54, 0, 0, 0, 0, 0, 0, 0, 0
6103, 10_3_55, 0, 0, 0, 0, 0, 0, 0, 0
6104, 10_3_56, 0, 0, 0, 0, 0, 0, 0, 0
6105, 10_3_57, 0, 0, 0, 0, 0, 0, 0, 0
6106, 10_3_58, 0, 0, 0, 0, 0, 0, 0, 0
6107, 10_3_59, 0, 0, 0, 0, 0, 0, 0, 0
6108, 10_3_60, 0, 0, 0, 0, 0, 0, 0, 0
6109, 10_3_61, 0, 0, 0, 0, 0, 0, 0, 0
6110, 10_3_62, 0, 0, 0, 0, 0, 0, 0, 0
6111, 10_3_63, 0, 0, 0, 0, 0, 0, 0, 0
6112, 10_3_64, 0, 0, 0, 0, 0, 0, 0, 0
6113, 10_3_65, 0, 0, 0, 0, 0, 0, 0, 0
6114, 10_3_66, 0, 0, 0, 0, 0, 0, 0, 0
6115, 10_3_67, 0, 0, 0, 0, 0, 0, 0, 0
6116, 10_3_68, 0, 0, 0, 0, 0, 0, 0, 0
6117, 10_3_69, 0, 0, 0, 0, 0, 0, 0, 0
6118, 10_3_70, 0, 0, 0, 0, 0, 0, 0, 0
6119, 10_3_71, 0, 0, 0, 0, 0, 0, 0, 0
6120, 10_3_72, 0, 0, 0, 0, 0, 0, 0, 0
6121, 10_3_73, 0, 0, 0, 0, 0, 0, 0, 0
6122, 10_3_74, 0, 0, 0, 0, 0, 0, 0, 0
6123, 10_3_75, 0, 0, 0, 0, 0, 0, 0, 0
6124, 10_3_76, 0, 0, 0, 0, 0, 0, 0, 0
6125, 10_3_77, 0, 0, 0, 0, 0, 0, 0, 0
6126, 10_3_78, 0, 0, 0, 0, 0, 0, 0, 0
6127, 10_3_79, 0, 0, 0, 0, 0, 0, 0, 0
6128, 10_3_80, 0, 0, 0, 0, 0, 0, 0, 0
6129, 10_3_81, 0, 0, 0, 0, 0, 0, 0, 0
6130, 10_3_82, 0, 0, 0, 0, 0, 0, 0, 0
6131, 10_3_83, 0, 0, 0, 0, 0, 0, 0, 0
6132, 10_3_84, 0, 0, 0, 0, 0, 0, 0, 0
6133, 10_3_85, 0, 0, 0, 0, 0, 0, 0, 0
6134, 10_3_86, 0, 0, 0, 0, 0, 0, 0, 0
6135, 10_3_87, 0, 0, 0, 0, 0, 0, 0, 0
6136, 10_3_88, 0, 0, 0, 0, 0, 0, 0, 0
6137, 10_3_89, 0, 0, 0, 0, 0, 0, 0, 0
6138, 10_3_90, 0, 0, 0, 0, 0, 0, 0, 0
6139, 10_3_91, 0, 0, 0, 0, 0, 0, 0, 0
6140, 10_3_92, 0, 0, 0, 0, 0, 0, 0, 0
6141, 10_3_93, 0, 0, 0, 0, 0, 0, 0, 0
6142, 10_3_94, 0, 0, 0, 0, 0, 0, 0, 0
6143, 10_3_95, 0, 0, 0, 0, 0, 0, 0, 0
6144, 10_4_00, 0, 0, 0, 0, 0, 0, 0, 0
6145, 10_4_01, 0, 0, 0, 0, 0, 0, 0, 0
6146, 10_4_02, 0, 0, 0, 0, 0, 0, 0, 0
6147, 10_4_03, 0, 0, 0, 0, 0, 0, 0, 0
6148, 10_4_04, 0, 0, 0, 0, 0, 0, 0, 0
6149, 10_4_05, 0, 0, 0, 0, 0, 0, 0, 0
6150, 10_4_06, 0, 0, 0, 0, 0, 0, 0, 0
6151, 10_4_07, 0, 0, 0, 0, 0, 0, 0, 0
6152, 10_4_08, 0, 0, 0, 0, 0, 0, 0, 0
6153, 10_4_09, 0, 0, 0, 0, 0, 0, 0, 0
6154, 10_4_10, 0, 0, 0, 0, 0, 0, 0, 0
6155, 10_4_11, 0, 0, 0, 0, 0, 0, 0, 0
6156, 10_4_12, 0, 0, 0, 0, 0, 0, 0, 0
6157, 10_4_13, 0, 0, 0, 0, 0, 0, 0, 0
6158, 10_4_14, 0, 0, 0, 0, 0, 0, 0, 0
6159, 10_4_15, 0, 0, 0, 0, 0, 0, 0, 0
6160, 10_4_16, 0, 0, 0, 0, 0, 0, 0, 0
6161, 10_4_17, 0, 0, 0, 0, 0, 0, 0, 0
6162, 10_4_18, 0, 0, 0, 0, 0, 0, 0, 0
6163, 10_4_19, 0, 0, 0, 0, 0, 0, 0, 0
6164, 10_4_20, 0, 0, 0, 0, 0, 0, 0, 0
6165, 10_4_21, 0, 0, 0, 0, 0, 0, 0, 0
6166, 10_4_22, 0, 0, 0, 0, 0, 0, 0, 0
6167, 10_4_23, 0, 0, 0, 0, 0, 0, 0, 0
6168, 10_4_24, 0, 0, 0, 0, 0, 0, 0, 0
6169, 10_4_25, 0, 0, 0, 0, 0, 0, 0, 0
6170, 10_4_26, 0, 0, 0, 0, 0, 0, 0, 0
6171, 10_4_27, 0, 0, 0, 0, 0, 0, 0, 0
6172, 10_4_28, 0, 0, 0, 0, 0, 0, 0, 0
6173, 10_4_29, 0, 0, 0, 0, 0, 0, 0, 0
6174, 10_4_30, 0, 0, 0, 0, 0, 0, 0, 0
6175, 10_4_31, 0, 0, 0, 0, 0, 0, 0, 0
6176, 10_4_32, 0, 0, 0, 0, 0, 0, 0, 0
6177, 10_4_33, 0, 0, 0, 0, 0, 0, 0, 0
6178, 10_4_34, 0, 0, 0, 0, 0, 0, 0, 0
6179, 10_4_35, 0, 0, 0, 0, 0, 0, 0, 0
6180, 10_4_36, 0, 0, 0, 0, 0, 0, 0, 0
6181, 10_4_37, 0, 0, 0, 0, 0, 0, 0, 0
6182, 10_4_38, 0, 0, 0, 0, 0, 0, 0, 0
6183, 10_4_39, 0, 0, 0, 0, 0, 0, 0, 0
6184, 10_4_40, 0, 0, 0, 0, 0, 0, 0, 0
6185, 10_4_41, 0, 0, 0, 0, 0, 0, 0, 0
6186, 10_4_42, 0, 0, 0, 0, 0, 0, 0, 0
6187, 10_4_43, 0, 0, 0, 0, 0, 0, 0, 0
6188, 10_4_44, 0, 0, 0, 0, 0, 0, 0, 0
6189, 10_4_45, 0, 0, 0, 0, 0, 0, 0, 0
6190, 10_4_46, 0, 0, 0, 0, 0, 0, 0, 0
6191, 10_4_47, 0, 0, 0, 0, 0, 0, 0, 0
6192, 10_4_48, 0, 0, 0, 0, 0, 0, 0, 0
6193, 10_4_49, 0, 0, 0, 0, 0, 0, 0, 0
6194, 10_4_50, 0, 0, 0, 0, 0, 0, 0, 0
6195, 10_4_51, 0, 0, 0, 0, 0, 0, 0, 0
6196, 10_4_52, 0, 0, 0, 0, 0, 0, 0, 0
6197, 10_4_53, 0, 0, 0, 0, 0, 0, 0, 0
6198, 10_4_54, 0, 0, 0, 0, 0, 0, 0, 0
6199, 10_4_55, 0, 0, 0, 0, 0, 0, 0, 0
6200, 10_4_56, 0, 0, 0, 0, 0, 0, 0, 0
6201, 10_4_57, 0, 0, 0, 0, 0, 0, 0, 0
6202, 10_4_58, 0, 0, 0, 0, 0, 0, 0, 0
6203, 10_4_59, 0, 0, 0, 0, 0, 0, 0, 0
6204, 10_4_60, 0, 0, 0, 0, 0, 0, 0, 0
6205, 10_4_61, 0, 0, 0, 0, 0, 0, 0, 0
6206, 10_4_62, 0, 0, 0, 0, 0, 0, 0, 0
6207, 10_4_63, 0, 0, 0, 0, 0, 0, 0, 0
6208, 10_4_64, 0, 0, 0, 0, 0, 0, 0, 0
6209, 10_4_65, 0, 0, 0, 0, 0, 0, 0, 0
6210, 10_4_66, 0, 0, 0, 0, 0, 0, 0, 0
6211, 10_4_67, 0, 0, 0, 0, 0, 0, 0, 0
6212, 10_4_68, 0, 0, 0, 0, 0, 0, 0, 0
6213, 10_4_69, 0, 0, 0, 0, 0, 0, 0, 0
6214, 10_4_70, 0, 0, 0, 0, 0, 0, 0, 0
6215, 10_4_71, 0, 0, 0, 0, 0, 0, 0, 0
6216, 10_4_72, 0, 0, 0, 0, 0, 0, 0, 0
6217, 10_4_73, 0, 0, 0, 0, 0, 0, 0, 0
6218, 10_4_74, 0, 0, 0, 0, 0, 0, 0, 0
6219, 10_4_75, 0, 0, 0, 0, 0, 0, 0, 0
6220, 10_4_76, 0, 0, 0, 0, 0, 0, 0, 0
6221, 10_4_77, 0, 0, 0, 0, 0, 0, 0, 0
6222, 10_4_78, 0, 0, 0, 0, 0, 0, 0, 0
6223, 10_4_79, 0, 0, 0, 0, 0, 0, 0, 0
6224, 10_4_80, 0, 0, 0, 0, 0, 0, 0, 0
6225, 10_4_81, 0, 0, 0, 0, 0, 0, 0, 0
6226, 10_4_82, 0, 0, 0, 0, 0, 0, 0, 0
6227, 10_4_83, 0, 0, 0, 0, 0, 0, 0, 0
6228, 10_4_84, 0, 0, 0, 0, 0, 0, 0, 0
6229, 10_4_85, 0, 0, 0, 0, 0, 0, 0, 0
6230, 10_4_86, 0, 0, 0, 0, 0, 0, 0, 0
6231, 10_4_87, 0, 0, 0, 0, 0, 0, 0, 0
6232, 10_4_88, 0, 0, 0, 0, 0, 0, 0, 0
6233, 10_4_89, 0, 0, 0, 0, 0, 0, 0, 0
6234, 10_4_90, 0, 0, 0, 0, 0, 0, 0, 0
6235, 10_4_91, 0, 0, 0, 0, 0, 0, 0, 0
6236, 10_4_92, 0, 0, 0, 0, 0, 0, 0, 0
6237, 10_4_93, 0, 0, 0, 0, 0, 0, 0, 0
6238, 10_4_94, 0, 0, 0, 0, 0, 0, 0, 0
6239, 10_4_95, 0, 0, 0, 0, 0, 0, 0, 0
6240, 10_5_00, 0, 0, 0, 0, 0, 0, 0, 0
6241, 10_5_01, 0, 0, 0, 0, 0, 0, 0, 0
6242, 10_5_02, 0, 0, 0, 0, 0, 0, 0, 0
6243, 10_5_03, 0, 0, 0, 0, 0, 0, 0, 0
6244, 10_5_04, 0, 0, 0, 0, 0, 0, 0, 0
6245, 10_5_05, 0, 0, 0, 0, 0, 0, 0, 0
6246, 10_5_06, 0, 0, 0, 0, 0, 0, 0, 0
6247, 10_5_07, 0, 0, 0, 0, 0, 0, 0, 0
6248, 10_5_08, 0, 0, 0, 0, 0, 0, 0, 0
6249, 10_5_09, 0, 0, 0, 0, 0, 0, 0, 0
6250, 10_5_10, 0, 0, 0, 0, 0, 0, 0, 0
6251, 10_5_11, 0, 0, 0, 0, 0, 0, 0, 0
6252, 10_5_12, 0, 0, 0, 0, 0, 0, 0, 0
6253, 10_5_13, 0, 0, 0, 0, 0, 0, 0, 0
6254, 10_5_14, 0, 0, 0, 0, 0, 0, 0, 0
6255, 10_5_15, 0, 0, 0, 0, 0, 0, 0, 0
6256, 10_5_16, 0, 0, 0, 0, 0, 0, 0, 0
6257, 10_5_17, 0, 0, 0, 0, 0, 0, 0, 0
6258, 10_5_18, 0, 0, 0, 0, 0, 0, 0, 0
6259, 10_5_19, 0, 0, 0, 0, 0, 0, 0, 0
6260, 10_5_20, 0, 0, 0, 0, 0, 0, 0, 0
6261, 10_5_21, 0, 0, 0, 0, 0, 0, 0, 0
6262, 10_5_22, 0, 0, 0, 0, 0, 0, 0, 0
6263, 10_5_23, 0, 0, 0, 0, 0, 0, 0, 0
6264, 10_5_24, 0, 0, 0, 0, 0, 0, 0, 0
6265, 10_5_25, 0, 0, 0, 0, 0, 0, 0, 0
6266, 10_5_26, 0, 0, 0, 0, 0, 0, 0, 0
6267, 10_5_27, 0, 0, 0, 0, 0, 0, 0, 0
6268, 10_5_28, 0, 0, 0, 0, 0, 0, 0, 0
6269, 10_5_29, 0, 0, 0, 0, 0, 0, 0, 0
6270, 10_5_30, 0, 0, 0, 0, 0, 0, 0, 0
6271, 10_5_31, 0, 0, 0, 0, 0, 0, 0, 0
6272, 10_5_32, 0, 0, 0, 0, 0, 0, 0, 0
6273, 10_5_33, 0, 0, 0, 0, 0, 0, 0, 0
6274, 10_5_34, 0, 0, 0, 0, 0, 0, 0, 0
6275, 10_5_35, 0, 0, 0, 0, 0, 0, 0, 0
6276, 10_5_36, 0, 0, 0, 0, 0, 0, 0, 0
6277, 10_5_37, 0, 0, 0, 0, 0, 0, 0, 0
6278, 10_5_38, 0, 0, 0, 0, 0, 0, 0, 0
6279, 10_5_39, 0, 0, 0, 0, 0, 0, 0, 0
6280, 10_5_40, 0, 0, 0, 0, 0, 0, 0, 0
6281, 10_5_41, 0, 0, 0, 0, 0, 0, 0, 0
6282, 10_5_42, 0, 0, 0, 0, 0, 0, 0, 0
6283, 10_5_43, 0, 0, 0, 0, 0, 0, 0, 0
6284, 10_5_44, 0, 0, 0, 0, 0, 0, 0, 0
6285, 10_5_45, 0, 0, 0, 0, 0, 0, 0, 0
6286, 10_5_46, 0, 0, 0, 0, 0, 0, 0, 0
6287, 10_5_47, 0, 0, 0, 0, 0, 0, 0, 0
6288, 10_5_48, 0, 0, 0, 0, 0, 0, 0, 0
6289, 10_5_49, 0, 0, 0, 0, 0, 0, 0, 0
6290, 10_5_50, 0, 0, 0, 0, 0, 0, 0, 0
6291, 10_5_51, 0, 0, 0, 0, 0, 0, 0, 0
6292, 10_5_52, 0, 0, 0, 0, 0, 0, 0, 0
6293, 10_5_53, 0, 0, 0, 0, 0, 0, 0, 0
6294, 10_5_54, 0, 0, 0, 0, 0, 0, 0, 0
6295, 10_5_55, 0, 0, 0, 0, 0, 0, 0, 0
6296, 10_5_56, 0, 0, 0, 0, 0, 0, 0, 0
6297, 10_5_57, 0, 0, 0, 0, 0, 0, 0, 0
6298, 10_5_58, 0, 0, 0, 0, 0, 0, 0, 0
6299, 10_5_59, 0, 0, 0, 0, 0, 0, 0, 0
6300, 10_5_60, 0, 0, 0, 0, 0, 0, 0, 0
6301, 10_5_61, 0, 0, 0, 0, 0, 0, 0, 0
6302, 10_5_62, 0, 0, 0, 0, 0, 0, 0, 0
6303, 10_5_63, 0, 0, 0, 0, 0, 0, 0, 0
6304, 10_5_64, 0, 0, 0, 0, 0, 0, 0, 0
6305, 10_5_65, 0, 0, 0, 0, 0, 0, 0, 0
6306, 10_5_66, 0, 0, 0, 0, 0, 0, 0, 0
6307, 10_5_67, 0, 0, 0, 0, 0, 0, 0, 0
6308, 10_5_68, 0, 0, 0, 0, 0, 0, 0, 0
6309, 10_5_69, 0, 0, 0, 0, 0, 0, 0, 0
6310, 10_5_70, 0, 0, 0, 0, 0, 0, 0, 0
6311, 10_5_71, 0, 0, 0, 0, 0, 0, 0, 0
6312, 10_5_72, 0, 0, 0, 0, 0, 0, 0, 0
6313, 10_5_73, 0, 0, 0, 0, 0, 0, 0, 0
6314, 10_5_74, 0, 0, 0, 0, 0, 0, 0, 0
6315, 10_5_75, 0, 0, 0, 0, 0, 0, 0, 0
6316, 10_5_76, 0, 0, 0, 0, 0, 0, 0, 0
6317, 10_5_77, 0, 0, 0, 0, 0, 0, 0, 0
6318, 10_5_78, 0, 0, 0, 0, 0, 0, 0, 0
6319, 10_5_79, 0, 0, 0, 0, 0, 0, 0, 0
6320, 10_5_80, 0, 0, 0, 0, 0, 0, 0, 0
6321, 10_5_81, 0, 0, 0, 0, 0, 0, 0, 0
6322, 10_5_82, 0, 0, 0, 0, 0, 0, 0, 0
6323, 10_5_83, 0, 0, 0, 0, 0, 0, 0, 0
6324, 10_5_84, 0, 0, 0, 0, 0, 0, 0, 0
6325, 10_5_85, 0, 0, 0, 0, 0, 0, 0, 0
6326, 10_5_86, 0, 0, 0, 0, 0, 0, 0, 0
6327, 10_5_87, 0, 0, 0, 0, 0, 0, 0, 0
6328, 10_5_88, 0, 0, 0, 0, 0, 0, 0, 0
6329, 10_5_89, 0, 0, 0, 0, 0, 0, 0, 0
6330, 10_5_90, 0, 0, 0, 0, 0, 0, 0, 0
6331, 10_5_91, 0, 0, 0, 0, 0, 0, 0, 0
6332, 10_5_92, 0, 0, 0, 0, 0, 0, 0, 0
6333, 10_5_93, 0, 0, 0, 0, 0, 0, 0, 0
6334, 10_5_94, 0, 0, 0, 0, 0, 0, 0, 0
6335, 10_5_95, 0, 0, 0, 0, 0, 0, 0, 0
6336, 11_0_00, 0, 0, 0, 0, 0, 0, 0, 0
6337, 11_0_01, 0, 0, 0, 0, 0, 0, 0, 0
6338, 11_0_02, 0, 0, 0, 0, 0, 0, 0, 0
6339, 11_0_03, 0, 0, 0, 0, 0, 0, 0, 0
6340, 11_0_04, 0, 0, 0, 0, 0, 0, 0, 0
6341, 11_0_05, 0, 0, 0, 0, 0, 0, 0, 0
6342, 11_0_06, 0, 0, 0, 0, 0, 0, 0, 0
6343, 11_0_07, 0, 0, 0, 0, 0, 0, 0, 0
6344, 11_0_08, 0, 0, 0, 0, 0, 0, 0, 0
6345, 11_0_09, 0, 0, 0, 0, 0, 0, 0, 0
6346, 11_0_10, 0, 0, 0, 0, 0, 0, 0, 0
6347, 11_0_11, 0, 0, 0, 0, 0, 0, 0, 0
6348, 11_0_12, 0, 0, 0, 0, 0, 0, 0, 0
6349, 11_0_13, 0, 0, 0, 0, 0, 0, 0, 0
6350, 11_0_14, 0, 0, 0, 0, 0, 0, 0, 0
6351, 11_0_15, 0, 0, 0, 0, 0, 0, 0, 0
6352, 11_0_16, 0, 0, 0, 0, 0, 0, 0, 0
6353, 11_0_17, 0, 0, 0, 0, 0, 0, 0, 0
6354, 11_0_18, 0, 0, 0, 0, 0, 0, 0, 0
6355, 11_0_19, 0, 0, 0, 0, 0, 0, 0, 0
6356, 11_0_20, 0, 0, 0, 0, 0, 0, 0, 0
6357, 11_0_21, 0, 0, 0, 0, 0, 0, 0, 0
6358, 11_0_22, 0, 0, 0, 0, 0, 0, 0, 0
6359, 11_0_23, 0, 0, 0, 0, 0, 0, 0, 0
6360, 11_0_24, 0, 0, 0, 0, 0, 0, 0, 0
6361, 11_0_25, 0, 0, 0, 0, 0, 0, 0, 0
6362, 11_0_26, 0, 0, 0, 0, 0, 0, 0, 0
6363, 11_0_27, 0, 0, 0, 0, 0, 0, 0, 0
6364, 11_0_28, 0, 0, 0, 0, 0, 0, 0, 0
6365, 11_0_29, 0, 0, 0, 0, 0, 0, 0, 0
6366, 11_0_30, 0, 0, 0, 0, 0, 0, 0, 0
6367, 11_0_31, 0, 0, 0, 0, 0, 0, 0, 0
6368, 11_0_32, 0, 0, 0, 0, 0, 0, 0, 0
6369, 11_0_33, 0, 0, 0, 0, 0, 0, 0, 0
6370, 11_0_34, 0, 0, 0, 0, 0, 0, 0, 0
6371, 11_0_35, 0, 0, 0, 0, 0, 0, 0, 0
6372, 11_0_36, 0, 0, 0, 0, 0, 0, 0, 0
6373, 11_0_37, 0, 0, 0, 0, 0, 0, 0, 0
6374, 11_0_38, 0, 0, 0, 0, 0, 0, 0, 0
6375, 11_0_39, 0, 0, 0, 0, 0, 0, 0, 0
6376, 11_0_40, 0, 0, 0, 0, 0, 0, 0, 0
6377, 11_0_41, 0, 0, 0, 0, 0, 0, 0, 0
6378, 11_0_42, 0, 0, 0, 0, 0, 0, 0, 0
6379, 11_0_43, 0, 0, 0, 0, 0, 0, 0, 0
6380, 11_0_44, 0, 0, 0, 0, 0, 0, 0, 0
6381, 11_0_45, 0, 0, 0, 0, 0, 0, 0, 0
6382, 11_0_46, 0, 0, 0, 0, 0, 0, 0, 0
6383, 11_0_47, 0, 0, 0, 0, 0, 0, 0, 0
6384, 11_0_48, 0, 0, 0, 0, 0, 0, 0, 0
6385, 11_0_49, 0, 0, 0, 0, 0, 0, 0, 0
6386, 11_0_50, 0, 0, 0, 0, 0, 0, 0, 0
6387, 11_0_51, 0, 0, 0, 0, 0, 0, 0, 0
6388, 11_0_52, 0, 0, 0, 0, 0, 0, 0, 0
6389, 11_0_53, 0, 0, 0, 0, 0, 0, 0, 0
6390, 11_0_54, 0, 0, 0, 0, 0, 0, 0, 0
6391, 11_0_55, 0, 0, 0, 0, 0, 0, 0, 0
6392, 11_0_56, 0, 0, 0, 0, 0, 0, 0, 0
6393, 11_0_57, 0, 0, 0, 0, 0, 0, 0, 0
6394, 11_0_58, 0, 0, 0, 0, 0, 0, 0, 0
6395, 11_0_59, 0, 0, 0, 0, 0, 0, 0, 0
6396, 11_0_60, 0, 0, 0, 0, 0, 0, 0, 0
6397, 11_0_61, 0, 0, 0, 0, 0, 0, 0, 0
6398, 11_0_62, 0, 0, 0, 0, 0, 0, 0, 0
6399, 11_0_63, 0, 0, 0, 0, 0, 0, 0, 0
6400, 11_0_64, 0, 0, 0, 0, 0, 0, 0, 0
6401, 11_0_65, 0, 0, 0, 0, 0, 0, 0, 0
6402, 11_0_66, 0, 0, 0, 0, 0, 0, 0, 0
6403, 11_0_67, 0, 0, 0, 0, 0, 0, 0, 0
6404, 11_0_68, 0, 0, 0, 0, 0, 0, 0, 0
6405, 11_0_69, 0, 0, 0, 0, 0, 0, 0, 0
6406, 11_0_70, 0, 0, 0, 0, 0, 0, 0, 0
6407, 11_0_71, 0, 0, 0, 0, 0, 0, 0, 0
6408, 11_0_72, 0, 0, 0, 0, 0, 0, 0, 0
6409, 11_0_73, 0, 0, 0, 0, 0, 0, 0, 0
6410, 11_0_74, 0, 0, 0, 0, 0, 0, 0, 0
6411, 11_0_75, 0, 0, 0, 0, 0, 0, 0, 0
6412, 11_0_76, 0, 0, 0, 0, 0, 0, 0, 0
6413, 11_0_77, 0, 0, 0, 0, 0, 0, 0, 0
6414, 11_0_78, 0, 0, 0, 0, 0, 0, 0, 0
6415, 11_0_79, 0, 0, 0, 0, 0, 0, 0, 0
6416, 11_0_80, 0, 0, 0, 0, 0, 0, 0, 0
6417, 11_0_81, 0, 0, 0, 0, 0, 0, 0, 0
6418, 11_0_82, 0, 0, 0, 0, 0, 0, 0, 0
6419, 11_0_83, 0, 0, 0, 0, 0, 0, 0, 0
6420, 11_0_84, 0, 0, 0, 0, 0, 0, 0, 0
6421, 11_0_85, 0, 0, 0, 0, 0, 0, 0, 0
6422, 11_0_86, 0, 0, 0, 0, 0, 0, 0, 0
6423, 11_0_87, 0, 0, 0, 0, 0, 0, 0, 0
6424, 11_0_88, 0, 0, 0, 0, 0, 0, 0, 0
6425, 11_0_89, 0, 0, 0, 0, 0, 0, 0, 0
6426, 11_0_90, 0, 0, 0, 0, 0, 0, 0, 0
6427, 11_0_91, 0, 0, 0, 0, 0, 0, 0, 0
6428, 11_0_92, 0, 0, 0, 0, 0, 0, 0, 0
6429, 11_0_93, 0, 0, 0, 0, 0, 0, 0, 0
6430, 11_0_94, 0, 0, 0, 0, 0, 0, 0, 0
6431, 11_0_95, 0, 0, 0, 0, 0, 0, 0, 0
6432, 11_1_00, 0, 0, 0, 0, 0, 0, 0, 0
6433, 11_1_01, 0, 0, 0, 0, 0, 0, 0, 0
6434, 11_1_02, 0, 0, 0, 0, 0, 0, 0, 0
6435, 11_1_03, 0, 0, 0, 0, 0, 0, 0, 0
6436, 11_1_04, 0, 0, 0, 0, 0, 0, 0, 0
6437, 11_1_05, 0, 0, 0, 0, 0, 0, 0, 0
6438, 11_1_06, 0, 0, 0, 0, 0, 0, 0, 0
6439, 11_1_07, 0, 0, 0, 0, 0, 0, 0, 0
6440, 11_1_08, 0, 0, 0, 0, 0, 0, 0, 0
6441, 11_1_09, 0, 0, 0, 0, 0, 0, 0, 0
6442, 11_1_10, 0, 0, 0, 0, 0, 0, 0, 0
6443, 11_1_11, 0, 0, 0, 0, 0, 0, 0, 0
6444, 11_1_12, 0, 0, 0, 0, 0, 0, 0, 0
6445, 11_1_13, 0, 0, 0, 0, 0, 0, 0, 0
6446, 11_1_14, 0, 0, 0, 0, 0, 0, 0, 0
6447, 11_1_15, 0, 0, 0, 0, 0, 0, 0, 0
6448, 11_1_16, 0, 0, 0, 0, 0, 0, 0, 0
6449, 11_1_17, 0, 0, 0, 0, 0, 0, 0, 0
6450, 11_1_18, 0, 0, 0, 0, 0, 0, 0, 0
6451, 11_1_19, 0, 0, 0, 0, 0, 0, 0, 0
6452, 11_1_20, 0, 0, 0, 0, 0, 0, 0, 0
6453, 11_1_21, 0, 0, 0, 0, 0, 0, 0, 0
6454, 11_1_22, 0, 0, 0, 0, 0, 0, 0, 0
6455, 11_1_23, 0, 0, 0, 0, 0, 0, 0, 0
6456, 11_1_24, 0, 0, 0, 0, 0, 0, 0, 0
6457, 11_1_25, 0, 0, 0, 0, 0, 0, 0, 0
6458, 11_1_26, 0, 0, 0, 0, 0, 0, 0, 0
6459, 11_1_27, 0, 0, 0, 0, 0, 0, 0, 0
6460, 11_1_28, 0, 0, 0, 0, 0, 0, 0, 0
6461, 11_1_29, 0, 0, 0, 0, 0, 0, 0, 0
6462, 11_1_30, 0, 0, 0, 0, 0, 0, 0, 0
6463, 11_1_31, 0, 0, 0, 0, 0, 0, 0, 0
6464, 11_1_32, 0, 0, 0, 0, 0, 0, 0, 0
6465, 11_1_33, 0, 0, 0, 0, 0, 0, 0, 0
6466, 11_1_34, 0, 0, 0, 0, 0, 0, 0, 0
6467, 11_1_35, 0, 0, 0, 0, 0, 0, 0, 0
6468, 11_1_36, 0, 0, 0, 0, 0, 0, 0, 0
6469, 11_1_37, 0, 0, 0, 0, 0, 0, 0, 0
6470, 11_1_38, 0, 0, 0, 0, 0, 0, 0, 0
6471, 11_1_39, 0, 0, 0, 0, 0, 0, 0, 0
6472, 11_1_40, 0, 0, 0, 0, 0, 0, 0, 0
6473, 11_1_41, 0, 0, 0, 0, 0, 0, 0, 0
6474, 11_1_42, 0, 0, 0, 0, 0, 0, 0, 0
6475, 11_1_43, 0, 0, 0, 0, 0, 0, 0, 0
6476, 11_1_44, 0, 0, 0, 0, 0, 0, 0, 0
6477, 11_1_45, 0, 0, 0, 0, 0, 0, 0, 0
6478, 11_1_46, 0, 0, 0, 0, 0, 0, 0, 0
6479, 11_1_47, 0, 0, 0, 0, 0, 0, 0, 0
6480, 11_1_48, 0, 0, 0, 0, 0, 0, 0, 0
6481, 11_1_49, 0, 0, 0, 0, 0, 0, 0, 0
6482, 11_1_50, 0, 0, 0, 0, 0, 0, 0, 0
6483, 11_1_51, 0, 0, 0, 0, 0, 0, 0, 0
6484, 11_1_52, 0, 0, 0, 0, 0, 0, 0, 0
6485, 11_1_53, 0, 0, 0, 0, 0, 0, 0, 0
6486, 11_1_54, 0, 0, 0, 0, 0, 0, 0, 0
6487, 11_1_55, 0, 0, 0, 0, 0, 0, 0, 0
6488, 11_1_56, 0, 0, 0, 0, 0, 0, 0, 0
6489, 11_1_57, 0, 0, 0, 0, 0, 0, 0, 0
6490, 11_1_58, 0, 0, 0, 0, 0, 0, 0, 0
6491, 11_1_59, 0, 0, 0, 0, 0, 0, 0, 0
6492, 11_1_60, 0, 0, 0, 0, 0, 0, 0, 0
6493, 11_1_61, 0, 0, 0, 0, 0, 0, 0, 0
6494, 11_1_62, 0, 0, 0, 0, 0, 0, 0, 0
6495, 11_1_63, 0, 0, 0, 0, 0, 0, 0, 0
6496, 11_1_64, 0, 0, 0, 0, 0, 0, 0, 0
6497, 11_1_65, 0, 0, 0, 0, 0, 0, 0, 0
6498, 11_1_66, 0, 0, 0, 0, 0, 0, 0, 0
6499, 11_1_67, 0, 0, 0, 0, 0, 0, 0, 0
6500, 11_1_68, 0, 0, 0, 0, 0, 0, 0, 0
6501, 11_1_69, 0, 0, 0, 0, 0, 0, 0, 0
6502, 11_1_70, 0, 0, 0, 0, 0, 0, 0, 0
6503, 11_1_71, 0, 0, 0, 0, 0, 0, 0, 0
6504, 11_1_72, 0, 0, 0, 0, 0, 0, 0, 0
6505, 11_1_73, 0, 0, 0, 0, 0, 0, 0, 0
6506, 11_1_74, 0, 0, 0, 0, 0, 0, 0, 0
6507, 11_1_75, 0, 0, 0, 0, 0, 0, 0, 0
6508, 11_1_76, 0, 0, 0, 0, 0, 0, 0, 0
6509, 11_1_77, 0, 0, 0, 0, 0, 0, 0, 0
6510, 11_1_78, 0, 0, 0, 0, 0, 0, 0, 0
6511, 11_1_79, 0, 0, 0, 0, 0, 0, 0, 0
6512, 11_1_80, 0, 0, 0, 0, 0, 0, 0, 0
6513, 11_1_81, 0, 0, 0, 0, 0, 0, 0, 0
6514, 11_1_82, 0, 0, 0, 0, 0, 0, 0, 0
6515, 11_1_83, 0, 0, 0, 0, 0, 0, 0, 0
6516, 11_1_84, 0, 0, 0, 0, 0, 0, 0, 0
6517, 11_1_85, 0, 0, 0, 0, 0, 0, 0, 0
6518, 11_1_86, 0, 0, 0, 0, 0, 0, 0, 0
6519, 11_1_87, 0, 0, 0, 0, 0, 0, 0, 0
6520, 11_1_88, 0, 0, 0, 0, 0, 0, 0, 0
6521, 11_1_89, 0, 0, 0, 0, 0, 0, 0, 0
6522, 11_1_90, 0, 0, 0, 0, 0, 0, 0, 0
6523, 11_1_91, 0, 0, 0, 0, 0, 0, 0, 0
6524, 11_1_92, 0, 0, 0, 0, 0, 0, 0, 0
6525, 11_1_93, 0, 0, 0, 0, 0, 0, 0, 0
6526, 11_1_94, 0, 0, 0, 0, 0, 0, 0, 0
6527, 11_1_95, 0, 0, 0, 0, 0, 0, 0, 0
6528, 11_2_00, 0, 0, 0, 0, 0, 0, 0, 0
6529, 11_2_01, 0, 0, 0, 0, 0, 0, 0, 0
6530, 11_2_02, 0, 0, 0, 0, 0, 0, 0, 0
6531, 11_2_03, 0, 0, 0, 0, 0, 0, 0, 0
6532, 11_2_04, 0, 0, 0, 0, 0, 0, 0, 0
6533, 11_2_05, 0, 0, 0, 0, 0, 0, 0, 0
6534, 11_2_06, 0, 0, 0, 0, 0, 0, 0, 0
6535, 11_2_07, 0, 0, 0, 0, 0, 0, 0, 0
6536, 11_2_08, 0, 0, 0, 0, 0, 0, 0, 0
6537, 11_2_09, 0, 0, 0, 0, 0, 0, 0, 0
6538, 11_2_10, 0, 0, 0, 0, 0, 0, 0, 0
6539, 11_2_11, 0, 0, 0, 0, 0, 0, 0, 0
6540, 11_2_12, 0, 0, 0, 0, 0, 0, 0, 0
6541, 11_2_13, 0, 0, 0, 0, 0, 0, 0, 0
6542, 11_2_14, 0, 0, 0, 0, 0, 0, 0, 0
6543, 11_2_15, 0, 0, 0, 0, 0, 0, 0, 0
6544, 11_2_16, 0, 0, 0, 0, 0, 0, 0, 0
6545, 11_2_17, 0, 0, 0, 0, 0, 0, 0, 0
6546, 11_2_18, 0, 0, 0, 0, 0, 0, 0, 0
6547, 11_2_19, 0, 0, 0, 0, 0, 0, 0, 0
6548, 11_2_20, 0, 0, 0, 0, 0, 0, 0, 0
6549, 11_2_21, 0, 0, 0, 0, 0, 0, 0, 0
6550, 11_2_22, 0, 0, 0, 0, 0, 0, 0, 0
6551, 11_2_23, 0, 0, 0, 0, 0, 0, 0, 0
6552, 11_2_24, 0, 0, 0, 0, 0, 0, 0, 0
6553, 11_2_25, 0, 0, 0, 0, 0, 0, 0, 0
6554, 11_2_26, 0, 0, 0, 0, 0, 0, 0, 0
6555, 11_2_27, 0, 0, 0, 0, 0, 0, 0, 0
6556, 11_2_28, 0, 0, 0, 0, 0, 0, 0, 0
6557, 11_2_29, 0, 0, 0, 0, 0, 0, 0, 0
6558, 11_2_30, 0, 0, 0, 0, 0, 0, 0, 0
6559, 11_2_31, 0, 0, 0, 0, 0, 0, 0, 0
6560, 11_2_32, 0, 0, 0, 0, 0, 0, 0, 0
6561, 11_2_33, 0, 0, 0, 0, 0, 0, 0, 0
6562, 11_2_34, 0, 0, 0, 0, 0, 0, 0, 0
6563, 11_2_35, 0, 0, 0, 0, 0, 0, 0, 0
6564, 11_2_36, 0, 0, 0, 0, 0, 0, 0, 0
6565, 11_2_37, 0, 0, 0, 0, 0, 0, 0, 0
6566, 11_2_38, 0, 0, 0, 0, 0, 0, 0, 0
6567, 11_2_39, 0, 0, 0, 0, 0, 0, 0, 0
6568, 11_2_40, 0, 0, 0, 0, 0, 0, 0, 0
6569, 11_2_41, 0, 0, 0, 0, 0, 0, 0, 0
6570, 11_2_42, 0, 0, 0, 0, 0, 0, 0, 0
6571, 11_2_43, 0, 0, 0, 0, 0, 0, 0, 0
6572, 11_2_44, 0, 0, 0, 0, 0, 0, 0, 0
6573, 11_2_45, 0, 0, 0, 0, 0, 0, 0, 0
6574, 11_2_46, 0, 0, 0, 0, 0, 0, 0, 0
6575, 11_2_47, 0, 0, 0, 0, 0, 0, 0, 0
6576, 11_2_48, 0, 0, 0, 0, 0, 0, 0, 0
6577, 11_2_49, 0, 0, 0, 0, 0, 0, 0, 0
6578, 11_2_50, 0, 0, 0, 0, 0, 0, 0, 0
6579, 11_2_51, 0, 0, 0, 0, 0, 0, 0, 0
6580, 11_2_52, 0, 0, 0, 0, 0, 0, 0, 0
6581, 11_2_53, 0, 0, 0, 0, 0, 0, 0, 0
6582, 11_2_54, 0, 0, 0, 0, 0, 0, 0, 0
6583, 11_2_55, 0, 0, 0, 0, 0, 0, 0, 0
6584, 11_2_56, 0, 0, 0, 0, 0, 0, 0, 0
6585, 11_2_57, 0, 0, 0, 0, 0, 0, 0, 0
6586, 11_2_58, 0, 0, 0, 0, 0, 0, 0, 0
6587, 11_2_59, 0, 0, 0, 0, 0, 0, 0, 0
6588, 11_2_60, 0, 0, 0, 0, 0, 0, 0, 0
6589, 11_2_61, 0, 0, 0, 0, 0, 0, 0, 0
6590, 11_2_62, 0, 0, 0, 0, 0, 0, 0, 0
6591, 11_2_63, 0, 0, 0, 0, 0, 0, 0, 0
6592, 11_2_64, 0, 0, 0, 0, 0, 0, 0, 0
6593, 11_2_65, 0, 0, 0, 0, 0, 0, 0, 0
6594, 11_2_66, 0, 0, 0, 0, 0, 0, 0, 0
6595, 11_2_67, 0, 0, 0, 0, 0, 0, 0, 0
6596, 11_2_68, 0, 0, 0, 0, 0, 0, 0, 0
6597, 11_2_69, 0, 0, 0, 0, 0, 0, 0, 0
6598, 11_2_70, 0, 0, 0, 0, 0, 0, 0, 0
6599, 11_2_71, 0, 0, 0, 0, 0, 0, 0, 0
6600, 11_2_72, 0, 0, 0, 0, 0, 0, 0, 0
6601, 11_2_73, 0, 0, 0, 0, 0, 0, 0, 0
6602, 11_2_74, 0, 0, 0, 0, 0, 0, 0, 0
6603, 11_2_75, 0, 0, 0, 0, 0, 0, 0, 0
6604, 11_2_76, 0, 0, 0, 0, 0, 0, 0, 0
6605, 11_2_77, 0, 0, 0, 0, 0, 0, 0, 0
6606, 11_2_78, 0, 0, 0, 0, 0, 0, 0, 0
6607, 11_2_79, 0, 0, 0, 0, 0, 0, 0, 0
6608, 11_2_80, 0, 0, 0, 0, 0, 0, 0, 0
6609, 11_2_81, 0, 0, 0, 0, 0, 0, 0, 0
6610, 11_2_82, 0, 0, 0, 0, 0, 0, 0, 0
6611, 11_2_83, 0, 0, 0, 0, 0, 0, 0, 0
6612, 11_2_84, 0, 0, 0, 0, 0, 0, 0, 0
6613, 11_2_85, 0, 0, 0, 0, 0, 0, 0, 0
6614, 11_2_86, 0, 0, 0, 0, 0, 0, 0, 0
6615, 11_2_87, 0, 0, 0, 0, 0, 0, 0, 0
6616, 11_2_88, 0, 0, 0, 0, 0, 0, 0, 0
6617, 11_2_89, 0, 0, 0, 0, 0, 0, 0, 0
6618, 11_2_90, 0, 0, 0, 0, 0, 0, 0, 0
6619, 11_2_91, 0, 0, 0, 0, 0, 0, 0, 0
6620, 11_2_92, 0, 0, 0, 0, 0, 0, 0, 0
6621, 11_2_93, 0, 0, 0, 0, 0, 0, 0, 0
6622, 11_2_94, 0, 0, 0, 0, 0, 0, 0, 0
6623, 11_2_95, 0, 0, 0, 0, 0, 0, 0, 0
6624, 11_3_00, 0, 0, 0, 0, 0, 0, 0, 0
6625, 11_3_01, 0, 0, 0, 0, 0, 0, 0, 0
6626, 11_3_02, 0, 0, 0, 0, 0, 0, 0, 0
6627, 11_3_03, 0, 0, 0, 0, 0, 0, 0, 0
6628, 11_3_04, 0, 0, 0, 0, 0, 0, 0, 0
6629, 11_3_05, 0, 0, 0, 0, 0, 0, 0, 0
6630, 11_3_06, 0, 0, 0, 0, 0, 0, 0, 0
6631, 11_3_07, 0, 0, 0, 0, 0, 0, 0, 0
6632, 11_3_08, 0, 0, 0, 0, 0, 0, 0, 0
6633, 11_3_09, 0, 0, 0, 0, 0, 0, 0, 0
6634, 11_3_10, 0, 0, 0, 0, 0, 0, 0, 0
6635, 11_3_11, 0, 0, 0, 0, 0, 0, 0, 0
6636, 11_3_12, 0, 0, 0, 0, 0, 0, 0, 0
6637, 11_3_13, 0, 0, 0, 0, 0, 0, 0, 0
6638, 11_3_14, 0, 0, 0, 0, 0, 0, 0, 0
6639, 11_3_15, 0, 0, 0, 0, 0, 0, 0, 0
6640, 11_3_16, 0, 0, 0, 0, 0, 0, 0, 0
6641, 11_3_17, 0, 0, 0, 0, 0, 0, 0, 0
6642, 11_3_18, 0, 0, 0, 0, 0, 0, 0, 0
6643, 11_3_19, 0, 0, 0, 0, 0, 0, 0, 0
6644, 11_3_20, 0, 0, 0, 0, 0, 0, 0, 0
6645, 11_3_21, 0, 0, 0, 0, 0, 0, 0, 0
6646, 11_3_22, 0, 0, 0, 0, 0, 0, 0, 0
6647, 11_3_23, 0, 0, 0, 0, 0, 0, 0, 0
6648, 11_3_24, 0, 0, 0, 0, 0, 0, 0, 0
6649, 11_3_25, 0, 0, 0, 0, 0, 0, 0, 0
6650, 11_3_26, 0, 0, 0, 0, 0, 0, 0, 0
6651, 11_3_27, 0, 0, 0, 0, 0, 0, 0, 0
6652, 11_3_28, 0, 0, 0, 0, 0, 0, 0, 0
6653, 11_3_29, 0, 0, 0, 0, 0, 0, 0, 0
6654, 11_3_30, 0, 0, 0, 0, 0, 0, 0, 0
6655, 11_3_31, 0, 0, 0, 0, 0, 0, 0, 0
6656, 11_3_32, 0, 0, 0, 0, 0, 0, 0, 0
6657, 11_3_33, 0, 0, 0, 0, 0, 0, 0, 0
6658, 11_3_34, 0, 0, 0, 0, 0, 0, 0, 0
6659, 11_3_35, 0, 0, 0, 0, 0, 0, 0, 0
6660, 11_3_36, 0, 0, 0, 0, 0, 0, 0, 0
6661, 11_3_37, 0, 0, 0, 0, 0, 0, 0, 0
6662, 11_3_38, 0, 0, 0, 0, 0, 0, 0, 0
6663, 11_3_39, 0, 0, 0, 0, 0, 0, 0, 0
6664, 11_3_40, 0, 0, 0, 0, 0, 0, 0, 0
6665, 11_3_41, 0, 0, 0, 0, 0, 0, 0, 0
6666, 11_3_42, 0, 0, 0, 0, 0, 0, 0, 0
6667, 11_3_43, 0, 0, 0, 0, 0, 0, 0, 0
6668, 11_3_44, 0, 0, 0, 0, 0, 0, 0, 0
6669, 11_3_45, 0, 0, 0, 0, 0, 0, 0, 0
6670, 11_3_46, 0, 0, 0, 0, 0, 0, 0, 0
6671, 11_3_47, 0, 0, 0, 0, 0, 0, 0, 0
6672, 11_3_48, 0, 0, 0, 0, 0, 0, 0, 0
6673, 11_3_49, 0, 0, 0, 0, 0, 0, 0, 0
6674, 11_3_50, 0, 0, 0, 0, 0, 0, 0, 0
6675, 11_3_51, 0, 0, 0, 0, 0, 0, 0, 0
6676, 11_3_52, 0, 0, 0, 0, 0, 0, 0, 0
6677, 11_3_53, 0, 0, 0, 0, 0, 0, 0, 0
6678, 11_3_54, 0, 0, 0, 0, 0, 0, 0, 0
6679, 11_3_55, 0, 0, 0, 0, 0, 0, 0, 0
6680, 11_3_56, 0, 0, 0, 0, 0, 0, 0, 0
6681, 11_3_57, 0, 0, 0, 0, 0, 0, 0, 0
6682, 11_3_58, 0, 0, 0, 0, 0, 0, 0, 0
6683, 11_3_59, 0, 0, 0, 0, 0, 0, 0, 0
6684, 11_3_60, 0, 0, 0, 0, 0, 0, 0, 0
6685, 11_3_61, 0, 0, 0, 0, 0, 0, 0, 0
6686, 11_3_62, 0, 0, 0, 0, 0, 0, 0, 0
6687, 11_3_63, 0, 0, 0, 0, 0, 0, 0, 0
6688, 11_3_64, 0, 0, 0, 0, 0, 0, 0, 0
6689, 11_3_65, 0, 0, 0, 0, 0, 0, 0, 0
6690, 11_3_66, 0, 0, 0, 0, 0, 0, 0, 0
6691, 11_3_67, 0, 0, 0, 0, 0, 0, 0, 0
6692, 11_3_68, 0, 0, 0, 0, 0, 0, 0, 0
6693, 11_3_69, 0, 0, 0, 0, 0, 0, 0, 0
6694, 11_3_70, 0, 0, 0, 0, 0, 0, 0, 0
6695, 11_3_71, 0, 0, 0, 0, 0, 0, 0, 0
6696, 11_3_72, 0, 0, 0, 0, 0, 0, 0, 0
6697, 11_3_73, 0, 0, 0, 0, 0, 0, 0, 0
6698, 11_3_74, 0, 0, 0, 0, 0, 0, 0, 0
6699, 11_3_75, 0, 0, 0, 0, 0, 0, 0, 0
6700, 11_3_76, 0, 0, 0, 0, 0, 0, 0, 0
6701, 11_3_77, 0, 0, 0, 0, 0, 0, 0, 0
6702, 11_3_78, 0, 0, 0, 0, 0, 0, 0, 0
6703, 11_3_79, 0, 0, 0, 0, 0, 0, 0, 0
6704, 11_3_80, 0, 0, 0, 0, 0, 0, 0, 0
6705, 11_3_81, 0, 0, 0, 0, 0, 0, 0, 0
6706, 11_3_82, 0, 0, 0, 0, 0, 0, 0, 0
6707, 11_3_83, 0, 0, 0, 0, 0, 0, 0, 0
6708, 11_3_84, 0, 0, 0, 0, 0, 0, 0, 0
6709, 11_3_85, 0, 0, 0, 0, 0, 0, 0, 0
6710, 11_3_86, 0, 0, 0, 0, 0, 0, 0, 0
6711, 11_3_87, 0, 0, 0, 0, 0, 0, 0, 0
6712, 11_3_88, 0, 0, 0, 0, 0, 0, 0, 0
6713, 11_3_89, 0, 0, 0, 0, 0, 0, 0, 0
6714, 11_3_90, 0, 0, 0, 0, 0, 0, 0, 0
6715, 11_3_91, 0, 0, 0, 0, 0, 0, 0, 0
6716, 11_3_92, 0, 0, 0, 0, 0, 0, 0, 0
6717, 11_3_93, 0, 0, 0, 0, 0, 0, 0, 0
6718, 11_3_94, 0, 0, 0, 0, 0, 0, 0, 0
6719, 11_3_95, 0, 0, 0, 0, 0, 0, 0, 0
6720, 11_4_00, 0, 0, 0, 0, 0, 0, 0, 0
6721, 11_4_01, 0, 0, 0, 0, 0, 0, 0, 0
6722, 11_4_02, 0, 0, 0, 0, 0, 0, 0, 0
6723, 11_4_03, 0, 0, 0, 0, 0, 0, 0, 0
6724, 11_4_04, 0, 0, 0, 0, 0, 0, 0, 0
6725, 11_4_05, 0, 0, 0, 0, 0, 0, 0, 0
6726, 11_4_06, 0, 0, 0, 0, 0, 0, 0, 0
6727, 11_4_07, 0, 0, 0, 0, 0, 0, 0, 0
6728, 11_4_08, 0, 0, 0, 0, 0, 0, 0, 0
6729, 11_4_09, 0, 0, 0, 0, 0, 0, 0, 0
6730, 11_4_10, 0, 0, 0, 0, 0, 0, 0, 0
6731, 11_4_11, 0, 0, 0, 0, 0, 0, 0, 0
6732, 11_4_12, 0, 0, 0, 0, 0, 0, 0, 0
6733, 11_4_13, 0, 0, 0, 0, 0, 0, 0, 0
6734, 11_4_14, 0, 0, 0, 0, 0, 0, 0, 0
6735, 11_4_15, 0, 0, 0, 0, 0, 0, 0, 0
6736, 11_4_16, 0, 0, 0, 0, 0, 0, 0, 0
6737, 11_4_17, 0, 0, 0, 0, 0, 0, 0, 0
6738, 11_4_18, 0, 0, 0, 0, 0, 0, 0, 0
6739, 11_4_19, 0, 0, 0, 0, 0, 0, 0, 0
6740, 11_4_20, 0, 0, 0, 0, 0, 0, 0, 0
6741, 11_4_21, 0, 0, 0, 0, 0, 0, 0, 0
6742, 11_4_22, 0, 0, 0, 0, 0, 0, 0, 0
6743, 11_4_23, 0, 0, 0, 0, 0, 0, 0, 0
6744, 11_4_24, 0, 0, 0, 0, 0, 0, 0, 0
6745, 11_4_25, 0, 0, 0, 0, 0, 0, 0, 0
6746, 11_4_26, 0, 0, 0, 0, 0, 0, 0, 0
6747, 11_4_27, 0, 0, 0, 0, 0, 0, 0, 0
6748, 11_4_28, 0, 0, 0, 0, 0, 0, 0, 0
6749, 11_4_29, 0, 0, 0, 0, 0, 0, 0, 0
6750, 11_4_30, 0, 0, 0, 0, 0, 0, 0, 0
6751, 11_4_31, 0, 0, 0, 0, 0, 0, 0, 0
6752, 11_4_32, 0, 0, 0, 0, 0, 0, 0, 0
6753, 11_4_33, 0, 0, 0, 0, 0, 0, 0, 0
6754, 11_4_34, 0, 0, 0, 0, 0, 0, 0, 0
6755, 11_4_35, 0, 0, 0, 0, 0, 0, 0, 0
6756, 11_4_36, 0, 0, 0, 0, 0, 0, 0, 0
6757, 11_4_37, 0, 0, 0, 0, 0, 0, 0, 0
6758, 11_4_38, 0, 0, 0, 0, 0, 0, 0, 0
6759, 11_4_39, 0, 0, 0, 0, 0, 0, 0, 0
6760, 11_4_40, 0, 0, 0, 0, 0, 0, 0, 0
6761, 11_4_41, 0, 0, 0, 0, 0, 0, 0, 0
6762, 11_4_42, 0, 0, 0, 0, 0, 0, 0, 0
6763, 11_4_43, 0, 0, 0, 0, 0, 0, 0, 0
6764, 11_4_44, 0, 0, 0, 0, 0, 0, 0, 0
6765, 11_4_45, 0, 0, 0, 0, 0, 0, 0, 0
6766, 11_4_46, 0, 0, 0, 0, 0, 0, 0, 0
6767, 11_4_47, 0, 0, 0, 0, 0, 0, 0, 0
6768, 11_4_48, 0, 0, 0, 0, 0, 0, 0, 0
6769, 11_4_49, 0, 0, 0, 0, 0, 0, 0, 0
6770, 11_4_50, 0, 0, 0, 0, 0, 0, 0, 0
6771, 11_4_51, 0, 0, 0, 0, 0, 0, 0, 0
6772, 11_4_52, 0, 0, 0, 0, 0, 0, 0, 0
6773, 11_4_53, 0, 0, 0, 0, 0, 0, 0, 0
6774, 11_4_54, 0, 0, 0, 0, 0, 0, 0, 0
6775, 11_4_55, 0, 0, 0, 0, 0, 0, 0, 0
6776, 11_4_56, 0, 0, 0, 0, 0, 0, 0, 0
6777, 11_4_57, 0, 0, 0, 0, 0, 0, 0, 0
6778, 11_4_58, 0, 0, 0, 0, 0, 0, 0, 0
6779, 11_4_59, 0, 0, 0, 0, 0, 0, 0, 0
6780, 11_4_60, 0, 0, 0, 0, 0, 0, 0, 0
6781, 11_4_61, 0, 0, 0, 0, 0, 0, 0, 0
6782, 11_4_62, 0, 0, 0, 0, 0, 0, 0, 0
6783, 11_4_63, 0, 0, 0, 0, 0, 0, 0, 0
6784, 11_4_64, 0, 0, 0, 0, 0, 0, 0, 0
6785, 11_4_65, 0, 0, 0, 0, 0, 0, 0, 0
6786, 11_4_66, 0, 0, 0, 0, 0, 0, 0, 0
6787, 11_4_67, 0, 0, 0, 0, 0, 0, 0, 0
6788, 11_4_68, 0, 0, 0, 0, 0, 0, 0, 0
6789, 11_4_69, 0, 0, 0, 0, 0, 0, 0, 0
6790, 11_4_70, 0, 0, 0, 0, 0, 0, 0, 0
6791, 11_4_71, 0, 0, 0, 0, 0, 0, 0, 0
6792, 11_4_72, 0, 0, 0, 0, 0, 0, 0, 0
6793, 11_4_73, 0, 0, 0, 0, 0, 0, 0, 0
6794, 11_4_74, 0, 0, 0, 0, 0, 0, 0, 0
6795, 11_4_75, 0, 0, 0, 0, 0, 0, 0, 0
6796, 11_4_76, 0, 0, 0, 0, 0, 0, 0, 0
6797, 11_4_77, 0, 0, 0, 0, 0, 0, 0, 0
6798, 11_4_78, 0, 0, 0, 0, 0, 0, 0, 0
6799, 11_4_79, 0, 0, 0, 0, 0, 0, 0, 0
6800, 11_4_80, 0, 0, 0, 0, 0, 0, 0, 0
6801, 11_4_81, 0, 0, 0, 0, 0, 0, 0, 0
6802, 11_4_82, 0, 0, 0, 0, 0, 0, 0, 0
6803, 11_4_83, 0, 0, 0, 0, 0, 0, 0, 0
6804, 11_4_84, 0, 0, 0, 0, 0, 0, 0, 0
6805, 11_4_85, 0, 0, 0, 0, 0, 0, 0, 0
6806, 11_4_86, 0, 0, 0, 0, 0, 0, 0, 0
6807, 11_4_87, 0, 0, 0, 0, 0, 0, 0, 0
6808, 11_4_88, 0, 0, 0, 0, 0, 0, 0, 0
6809, 11_4_89, 0, 0, 0, 0, 0, 0, 0, 0
6810, 11_4_90, 0, 0, 0, 0, 0, 0, 0, 0
6811, 11_4_91, 0, 0, 0, 0, 0, 0, 0, 0
6812, 11_4_92, 0, 0, 0, 0, 0, 0, 0, 0
6813, 11_4_93, 0, 0, 0, 0, 0, 0, 0, 0
6814, 11_4_94, 0, 0, 0, 0, 0, 0, 0, 0
6815, 11_4_95, 0, 0, 0, 0, 0, 0, 0, 0
6816, 11_5_00, 0, 0, 0, 0, 0, 0, 0, 0
6817, 11_5_01, 0, 0, 0, 0, 0, 0, 0, 0
6818, 11_5_02, 0, 0, 0, 0, 0, 0, 0, 0
6819, 11_5_03, 0, 0, 0, 0, 0, 0, 0, 0
6820, 11_5_04, 0, 0, 0, 0, 0, 0, 0, 0
6821, 11_5_05, 0, 0, 0, 0, 0, 0, 0, 0
6822, 11_5_06, 0, 0, 0, 0, 0, 0, 0, 0
6823, 11_5_07, 0, 0, 0, 0, 0, 0, 0, 0
6824, 11_5_08, 0, 0, 0, 0, 0, 0, 0, 0
6825, 11_5_09, 0, 0, 0, 0, 0, 0, 0, 0
6826, 11_5_10, 0, 0, 0, 0, 0, 0, 0, 0
6827, 11_5_11, 0, 0, 0, 0, 0, 0, 0, 0
6828, 11_5_12, 0, 0, 0, 0, 0, 0, 0, 0
6829, 11_5_13, 0, 0, 0, 0, 0, 0, 0, 0
6830, 11_5_14, 0, 0, 0, 0, 0, 0, 0, 0
6831, 11_5_15, 0, 0, 0, 0, 0, 0, 0, 0
6832, 11_5_16, 0, 0, 0, 0, 0, 0, 0, 0
6833, 11_5_17, 0, 0, 0, 0, 0, 0, 0, 0
6834, 11_5_18, 0, 0, 0, 0, 0, 0, 0, 0
6835, 11_5_19, 0, 0, 0, 0, 0, 0, 0, 0
6836, 11_5_20, 0, 0, 0, 0, 0, 0, 0, 0
6837, 11_5_21, 0, 0, 0, 0, 0, 0, 0, 0
6838, 11_5_22, 0, 0, 0, 0, 0, 0, 0, 0
6839, 11_5_23, 0, 0, 0, 0, 0, 0, 0, 0
6840, 11_5_24, 0, 0, 0, 0, 0, 0, 0, 0
6841, 11_5_25, 0, 0, 0, 0, 0, 0, 0, 0
6842, 11_5_26, 0, 0, 0, 0, 0, 0, 0, 0
6843, 11_5_27, 0, 0, 0, 0, 0, 0, 0, 0
6844, 11_5_28, 0, 0, 0, 0, 0, 0, 0, 0
6845, 11_5_29, 0, 0, 0, 0, 0, 0, 0, 0
6846, 11_5_30, 0, 0, 0, 0, 0, 0, 0, 0
6847, 11_5_31, 0, 0, 0, 0, 0, 0, 0, 0
6848, 11_5_32, 0, 0, 0, 0, 0, 0, 0, 0
6849, 11_5_33, 0, 0, 0, 0, 0, 0, 0, 0
6850, 11_5_34, 0, 0, 0, 0, 0, 0, 0, 0
6851, 11_5_35, 0, 0, 0, 0, 0, 0, 0, 0
6852, 11_5_36, 0, 0, 0, 0, 0, 0, 0, 0
6853, 11_5_37, 0, 0, 0, 0, 0, 0, 0, 0
6854, 11_5_38, 0, 0, 0, 0, 0, 0, 0, 0
6855, 11_5_39, 0, 0, 0, 0, 0, 0, 0, 0
6856, 11_5_40, 0, 0, 0, 0, 0, 0, 0, 0
6857, 11_5_41, 0, 0, 0, 0, 0, 0, 0, 0
6858, 11_5_42, 0, 0, 0, 0, 0, 0, 0, 0
6859, 11_5_43, 0, 0, 0, 0, 0, 0, 0, 0
6860, 11_5_44, 0, 0, 0, 0, 0, 0, 0, 0
6861, 11_5_45, 0, 0, 0, 0, 0, 0, 0, 0
6862, 11_5_46, 0, 0, 0, 0, 0, 0, 0, 0
6863, 11_5_47, 0, 0, 0, 0, 0, 0, 0, 0
6864, 11_5_48, 0, 0, 0, 0, 0, 0, 0, 0
6865, 11_5_49, 0, 0, 0, 0, 0, 0, 0, 0
6866, 11_5_50, 0, 0, 0, 0, 0, 0, 0, 0
6867, 11_5_51, 0, 0, 0, 0, 0, 0, 0, 0
6868, 11_5_52, 0, 0, 0, 0, 0, 0, 0, 0
6869, 11_5_53, 0, 0, 0, 0, 0, 0, 0, 0
6870, 11_5_54, 0, 0, 0, 0, 0, 0, 0, 0
6871, 11_5_55, 0, 0, 0, 0, 0, 0, 0, 0
6872, 11_5_56, 0, 0, 0, 0, 0, 0, 0, 0
6873, 11_5_57, 0, 0, 0, 0, 0, 0, 0, 0
6874, 11_5_58, 0, 0, 0, 0, 0, 0, 0, 0
6875, 11_5_59, 0, 0, 0, 0, 0, 0, 0, 0
6876, 11_5_60, 0, 0, 0, 0, 0, 0, 0, 0
6877, 11_5_61, 0, 0, 0, 0, 0, 0, 0, 0
6878, 11_5_62, 0, 0, 0, 0, 0, 0, 0, 0
6879, 11_5_63, 0, 0, 0, 0, 0, 0, 0, 0
6880, 11_5_64, 0, 0, 0, 0, 0, 0, 0, 0
6881, 11_5_65, 0, 0, 0, 0, 0, 0, 0, 0
6882, 11_5_66, 0, 0, 0, 0, 0, 0, 0, 0
6883, 11_5_67, 0, 0, 0, 0, 0, 0, 0, 0
6884, 11_5_68, 0, 0, 0, 0, 0, 0, 0, 0
6885, 11_5_69, 0, 0, 0, 0, 0, 0, 0, 0
6886, 11_5_70, 0, 0, 0, 0, 0, 0, 0, 0
6887, 11_5_71, 0, 0, 0, 0, 0, 0, 0, 0
6888, 11_5_72, 0, 0, 0, 0, 0, 0, 0, 0
6889, 11_5_73, 0, 0, 0, 0, 0, 0, 0, 0
6890, 11_5_74, 0, 0, 0, 0, 0, 0, 0, 0
6891, 11_5_75, 0, 0, 0, 0, 0, 0, 0, 0
6892, 11_5_76, 0, 0, 0, 0, 0, 0, 0, 0
6893, 11_5_77, 0, 0, 0, 0, 0, 0, 0, 0
6894, 11_5_78, 0, 0, 0, 0, 0, 0, 0, 0
6895, 11_5_79, 0, 0, 0, 0, 0, 0, 0, 0
6896, 11_5_80, 0, 0, 0, 0, 0, 0, 0, 0
6897, 11_5_81, 0, 0, 0, 0, 0, 0, 0, 0
6898, 11_5_82, 0, 0, 0, 0, 0, 0, 0, 0
6899, 11_5_83, 0, 0, 0, 0, 0, 0, 0, 0
6900, 11_5_84, 0, 0, 0, 0, 0, 0, 0, 0
6901, 11_5_85, 0, 0, 0, 0, 0, 0, 0, 0
6902, 11_5_86, 0, 0, 0, 0, 0, 0, 0, 0
6903, 11_5_87, 0, 0, 0, 0, 0, 0, 0, 0
6904, 11_5_88, 0, 0, 0, 0, 0, 0, 0, 0
6905, 11_5_89, 0, 0, 0, 0, 0, 0, 0, 0
6906, 11_5_90, 0, 0, 0, 0, 0, 0, 0, 0
6907, 11_5_91, 0, 0, 0, 0, 0, 0, 0, 0
6908, 11_5_92, 0, 0, 0, 0, 0, 0, 0, 0
6909, 11_5_93, 0, 0, 0, 0, 0, 0, 0, 0
6910, 11_5_94, 0, 0, 0, 0, 0, 0, 0, 0
6911, 11_5_95, 0, 0, 0, 0, 0, 0, 0, 0
6912, 12_0_00, 0, 0, 0, 0, 0, 0, 0, 0
6913, 12_0_01, 0, 0, 0, 0, 0, 0, 0, 0
6914, 12_0_02, 0, 0, 0, 0, 0, 0, 0, 0
6915, 12_0_03, 0, 0, 0, 0, 0, 0, 0, 0
6916, 12_0_04, 0, 0, 0, 0, 0, 0, 0, 0
6917, 12_0_05, 0, 0, 0, 0, 0, 0, 0, 0
6918, 12_0_06, 0, 0, 0, 0, 0, 0, 0, 0
6919, 12_0_07, 0, 0, 0, 0, 0, 0, 0, 0
6920, 12_0_08, 0, 0, 0, 0, 0, 0, 0, 0
6921, 12_0_09, 0, 0, 0, 0, 0, 0, 0, 0
6922, 12_0_10, 0, 0, 0, 0, 0, 0, 0, 0
6923, 12_0_11, 0, 0, 0, 0, 0, 0, 0, 0
6924, 12_0_12, 0, 0, 0, 0, 0, 0, 0, 0
6925, 12_0_13, 0, 0, 0, 0, 0, 0, 0, 0
6926, 12_0_14, 0, 0, 0, 0, 0, 0, 0, 0
6927, 12_0_15, 0, 0, 0, 0, 0, 0, 0, 0
6928, 12_0_16, 0, 0, 0, 0, 0, 0, 0, 0
6929, 12_0_17, 0, 0, 0, 0, 0, 0, 0, 0
6930, 12_0_18, 0, 0, 0, 0, 0, 0, 0, 0
6931, 12_0_19, 0, 0, 0, 0, 0, 0, 0, 0
6932, 12_0_20, 0, 0, 0, 0, 0, 0, 0, 0
6933, 12_0_21, 0, 0, 0, 0, 0, 0, 0, 0
6934, 12_0_22, 0, 0, 0, 0, 0, 0, 0, 0
6935, 12_0_23, 0, 0, 0, 0, 0, 0, 0, 0
6936, 12_0_24, 0, 0, 0, 0, 0, 0, 0, 0
6937, 12_0_25, 0, 0, 0, 0, 0, 0, 0, 0
6938, 12_0_26, 0, 0, 0, 0, 0, 0, 0, 0
6939, 12_0_27, 0, 0, 0, 0, 0, 0, 0, 0
6940, 12_0_28, 0, 0, 0, 0, 0, 0, 0, 0
6941, 12_0_29, 0, 0, 0, 0, 0, 0, 0, 0
6942, 12_0_30, 0, 0, 0, 0, 0, 0, 0, 0
6943, 12_0_31, 0, 0, 0, 0, 0, 0, 0, 0
6944, 12_0_32, 0, 0, 0, 0, 0, 0, 0, 0
6945, 12_0_33, 0, 0, 0, 0, 0, 0, 0, 0
6946, 12_0_34, 0, 0, 0, 0, 0, 0, 0, 0
6947, 12_0_35, 0, 0, 0, 0, 0, 0, 0, 0
6948, 12_0_36, 0, 0, 0, 0, 0, 0, 0, 0
6949, 12_0_37, 0, 0, 0, 0, 0, 0, 0, 0
6950, 12_0_38, 0, 0, 0, 0, 0, 0, 0, 0
6951, 12_0_39, 0, 0, 0, 0, 0, 0, 0, 0
6952, 12_0_40, 0, 0, 0, 0, 0, 0, 0, 0
6953, 12_0_41, 0, 0, 0, 0, 0, 0, 0, 0
6954, 12_0_42, 0, 0, 0, 0, 0, 0, 0, 0
6955, 12_0_43, 0, 0, 0, 0, 0, 0, 0, 0
6956, 12_0_44, 0, 0, 0, 0, 0, 0, 0, 0
6957, 12_0_45, 0, 0, 0, 0, 0, 0, 0, 0
6958, 12_0_46, 0, 0, 0, 0, 0, 0, 0, 0
6959, 12_0_47, 0, 0, 0, 0, 0, 0, 0, 0
6960, 12_0_48, 0, 0, 0, 0, 0, 0, 0, 0
6961, 12_0_49, 0, 0, 0, 0, 0, 0, 0, 0
6962, 12_0_50, 0, 0, 0, 0, 0, 0, 0, 0
6963, 12_0_51, 0, 0, 0, 0, 0, 0, 0, 0
6964, 12_0_52, 0, 0, 0, 0, 0, 0, 0, 0
6965, 12_0_53, 0, 0, 0, 0, 0, 0, 0, 0
6966, 12_0_54, 0, 0, 0, 0, 0, 0, 0, 0
6967, 12_0_55, 0, 0, 0, 0, 0, 0, 0, 0
6968, 12_0_56, 0, 0, 0, 0, 0, 0, 0, 0
6969, 12_0_57, 0, 0, 0, 0, 0, 0, 0, 0
6970, 12_0_58, 0, 0, 0, 0, 0, 0, 0, 0
6971, 12_0_59, 0, 0, 0, 0, 0, 0, 0, 0
6972, 12_0_60, 0, 0, 0, 0, 0, 0, 0, 0
6973, 12_0_61, 0, 0, 0, 0, 0, 0, 0, 0
6974, 12_0_62, 0, 0, 0, 0, 0, 0, 0, 0
6975, 12_0_63, 0, 0, 0, 0, 0, 0, 0, 0
6976, 12_0_64, 0, 0, 0, 0, 0, 0, 0, 0
6977, 12_0_65, 0, 0, 0, 0, 0, 0, 0, 0
6978, 12_0_66, 0, 0, 0, 0, 0, 0, 0, 0
6979, 12_0_67, 0, 0, 0, 0, 0, 0, 0, 0
6980, 12_0_68, 0, 0, 0, 0, 0, 0, 0, 0
6981, 12_0_69, 0, 0, 0, 0, 0, 0, 0, 0
6982, 12_0_70, 0, 0, 0, 0, 0, 0, 0, 0
6983, 12_0_71, 0, 0, 0, 0, 0, 0, 0, 0
6984, 12_0_72, 0, 0, 0, 0, 0, 0, 0, 0
6985, 12_0_73, 0, 0, 0, 0, 0, 0, 0, 0
6986, 12_0_74, 0, 0, 0, 0, 0, 0, 0, 0
6987, 12_0_75, 0, 0, 0, 0, 0, 0, 0, 0
6988, 12_0_76, 0, 0, 0, 0, 0, 0, 0, 0
6989, 12_0_77, 0, 0, 0, 0, 0, 0, 0, 0
6990, 12_0_78, 0, 0, 0, 0, 0, 0, 0, 0
6991, 12_0_79, 0, 0, 0, 0, 0, 0, 0, 0
6992, 12_0_80, 0, 0, 0, 0, 0, 0, 0, 0
6993, 12_0_81, 0, 0, 0, 0, 0, 0, 0, 0
6994, 12_0_82, 0, 0, 0, 0, 0, 0, 0, 0
6995, 12_0_83, 0, 0, 0, 0, 0, 0, 0, 0
6996, 12_0_84, 0, 0, 0, 0, 0, 0, 0, 0
6997, 12_0_85, 0, 0, 0, 0, 0, 0, 0, 0
6998, 12_0_86, 0, 0, 0, 0, 0, 0, 0, 0
6999, 12_0_87, 0, 0, 0, 0, 0, 0, 0, 0
7000, 12_0_88, 0, 0, 0, 0, 0, 0, 0, 0
7001, 12_0_89, 0, 0, 0, 0, 0, 0, 0, 0
7002, 12_0_90, 0, 0, 0, 0, 0, 0, 0, 0
7003, 12_0_91, 0, 0, 0, 0, 0, 0, 0, 0
7004, 12_0_92, 0, 0, 0, 0, 0, 0, 0, 0
7005, 12_0_93, 0, 0, 0, 0, 0, 0, 0, 0
7006, 12_0_94, 0, 0, 0, 0, 0, 0, 0, 0
7007, 12_0_95, 0, 0, 0, 0, 0, 0, 0, 0
7008, 12_1_00, 0, 0, 0, 0, 0, 0, 0, 0
7009, 12_1_01, 0, 0, 0, 0, 0, 0, 0, 0
7010, 12_1_02, 0, 0, 0, 0, 0, 0, 0, 0
7011, 12_1_03, 0, 0, 0, 0, 0, 0, 0, 0
7012, 12_1_04, 0, 0, 0, 0, 0, 0, 0, 0
7013, 12_1_05, 0, 0, 0, 0, 0, 0, 0, 0
7014, 12_1_06, 0, 0, 0, 0, 0, 0, 0, 0
7015, 12_1_07, 0, 0, 0, 0, 0, 0, 0, 0
7016, 12_1_08, 0, 0, 0, 0, 0, 0, 0, 0
7017, 12_1_09, 0, 0, 0, 0, 0, 0, 0, 0
7018, 12_1_10, 0, 0, 0, 0, 0, 0, 0, 0
7019, 12_1_11, 0, 0, 0, 0, 0, 0, 0, 0
7020, 12_1_12, 0, 0, 0, 0, 0, 0, 0, 0
7021, 12_1_13, 0, 0, 0, 0, 0, 0, 0, 0
7022, 12_1_14, 0, 0, 0, 0, 0, 0, 0, 0
7023, 12_1_15, 0, 0, 0, 0, 0, 0, 0, 0
7024, 12_1_16, 0, 0, 0, 0, 0, 0, 0, 0
7025, 12_1_17, 0, 0, 0, 0, 0, 0, 0, 0
7026, 12_1_18, 0, 0, 0, 0, 0, 0, 0, 0
7027, 12_1_19, 0, 0, 0, 0, 0, 0, 0, 0
7028, 12_1_20, 0, 0, 0, 0, 0, 0, 0, 0
7029, 12_1_21, 0, 0, 0, 0, 0, 0, 0, 0
7030, 12_1_22, 0, 0, 0, 0, 0, 0, 0, 0
7031, 12_1_23, 0, 0, 0, 0, 0, 0, 0, 0
7032, 12_1_24, 0, 0, 0, 0, 0, 0, 0, 0
7033, 12_1_25, 0, 0, 0, 0, 0, 0, 0, 0
7034, 12_1_26, 0, 0, 0, 0, 0, 0, 0, 0
7035, 12_1_27, 0, 0, 0, 0, 0, 0, 0, 0
7036, 12_1_28, 0, 0, 0, 0, 0, 0, 0, 0
7037, 12_1_29, 0, 0, 0, 0, 0, 0, 0, 0
7038, 12_1_30, 0, 0, 0, 0, 0, 0, 0, 0
7039, 12_1_31, 0, 0, 0, 0, 0, 0, 0, 0
7040, 12_1_32, 0, 0, 0, 0, 0, 0, 0, 0
7041, 12_1_33, 0, 0, 0, 0, 0, 0, 0, 0
7042, 12_1_34, 0, 0, 0, 0, 0, 0, 0, 0
7043, 12_1_35, 0, 0, 0, 0, 0, 0, 0, 0
7044, 12_1_36, 0, 0, 0, 0, 0, 0, 0, 0
7045, 12_1_37, 0, 0, 0, 0, 0, 0, 0, 0
7046, 12_1_38, 0, 0, 0, 0, 0, 0, 0, 0
7047, 12_1_39, 0, 0, 0, 0, 0, 0, 0, 0
7048, 12_1_40, 0, 0, 0, 0, 0, 0, 0, 0
7049, 12_1_41, 0, 0, 0, 0, 0, 0, 0, 0
7050, 12_1_42, 0, 0, 0, 0, 0, 0, 0, 0
7051, 12_1_43, 0, 0, 0, 0, 0, 0, 0, 0
7052, 12_1_44, 0, 0, 0, 0, 0, 0, 0, 0
7053, 12_1_45, 0, 0, 0, 0, 0, 0, 0, 0
7054, 12_1_46, 0, 0, 0, 0, 0, 0, 0, 0
7055, 12_1_47, 0, 0, 0, 0, 0, 0, 0, 0
7056, 12_1_48, 0, 0, 0, 0, 0, 0, 0, 0
7057, 12_1_49, 0, 0, 0, 0, 0, 0, 0, 0
7058, 12_1_50, 0, 0, 0, 0, 0, 0, 0, 0
7059, 12_1_51, 0, 0, 0, 0, 0, 0, 0, 0
7060, 12_1_52, 0, 0, 0, 0, 0, 0, 0, 0
7061, 12_1_53, 0, 0, 0, 0, 0, 0, 0, 0
7062, 12_1_54, 0, 0, 0, 0, 0, 0, 0, 0
7063, 12_1_55, 0, 0, 0, 0, 0, 0, 0, 0
7064, 12_1_56, 0, 0, 0, 0, 0, 0, 0, 0
7065, 12_1_57, 0, 0, 0, 0, 0, 0, 0, 0
7066, 12_1_58, 0, 0, 0, 0, 0, 0, 0, 0
7067, 12_1_59, 0, 0, 0, 0, 0, 0, 0, 0
7068, 12_1_60, 0, 0, 0, 0, 0, 0, 0, 0
7069, 12_1_61, 0, 0, 0, 0, 0, 0, 0, 0
7070, 12_1_62, 0, 0, 0, 0, 0, 0, 0, 0
7071, 12_1_63, 0, 0, 0, 0, 0, 0, 0, 0
7072, 12_1_64, 0, 0, 0, 0, 0, 0, 0, 0
7073, 12_1_65, 0, 0, 0, 0, 0, 0, 0, 0
7074, 12_1_66, 0, 0, 0, 0, 0, 0, 0, 0
7075, 12_1_67, 0, 0, 0, 0, 0, 0, 0, 0
7076, 12_1_68, 0, 0, 0, 0, 0, 0, 0, 0
7077, 12_1_69, 0, 0, 0, 0, 0, 0, 0, 0
7078, 12_1_70, 0, 0, 0, 0, 0, 0, 0, 0
7079, 12_1_71, 0, 0, 0, 0, 0, 0, 0, 0
7080, 12_1_72, 0, 0, 0, 0, 0, 0, 0, 0
7081, 12_1_73, 0, 0, 0, 0, 0, 0, 0, 0
7082, 12_1_74, 0, 0, 0, 0, 0, 0, 0, 0
7083, 12_1_75, 0, 0, 0, 0, 0, 0, 0, 0
7084, 12_1_76, 0, 0, 0, 0, 0, 0, 0, 0
7085, 12_1_77, 0, 0, 0, 0, 0, 0, 0, 0
7086, 12_1_78, 0, 0, 0, 0, 0, 0, 0, 0
7087, 12_1_79, 0, 0, 0, 0, 0, 0, 0, 0
7088, 12_1_80, 0, 0, 0, 0, 0, 0, 0, 0
7089, 12_1_81, 0, 0, 0, 0, 0, 0, 0, 0
7090, 12_1_82, 0, 0, 0, 0, 0, 0, 0, 0
7091, 12_1_83, 0, 0, 0, 0, 0, 0, 0, 0
7092, 12_1_84, 0, 0, 0, 0, 0, 0, 0, 0
7093, 12_1_85, 0, 0, 0, 0, 0, 0, 0, 0
7094, 12_1_86, 0, 0, 0, 0, 0, 0, 0, 0
7095, 12_1_87, 0, 0, 0, 0, 0, 0, 0, 0
7096, 12_1_88, 0, 0, 0, 0, 0, 0, 0, 0
7097, 12_1_89, 0, 0, 0, 0, 0, 0, 0, 0
7098, 12_1_90, 0, 0, 0, 0, 0, 0, 0, 0
7099, 12_1_91, 0, 0, 0, 0, 0, 0, 0, 0
7100, 12_1_92, 0, 0, 0, 0, 0, 0, 0, 0
7101, 12_1_93, 0, 0, 0, 0, 0, 0, 0, 0
7102, 12_1_94, 0, 0, 0, 0, 0, 0, 0, 0
7103, 12_1_95, 0, 0, 0, 0, 0, 0, 0, 0
7104, 12_2_00, 0, 0, 0, 0, 0, 0, 0, 0
7105, 12_2_01, 0, 0, 0, 0, 0, 0, 0, 0
7106, 12_2_02, 0, 0, 0, 0, 0, 0, 0, 0
7107, 12_2_03, 0, 0, 0, 0, 0, 0, 0, 0
7108, 12_2_04, 0, 0, 0, 0, 0, 0, 0, 0
7109, 12_2_05, 0, 0, 0, 0, 0, 0, 0, 0
7110, 12_2_06, 0, 0, 0, 0, 0, 0, 0, 0
7111, 12_2_07, 0, 0, 0, 0, 0, 0, 0, 0
7112, 12_2_08, 0, 0, 0, 0, 0, 0, 0, 0
7113, 12_2_09, 0, 0, 0, 0, 0, 0, 0, 0
7114, 12_2_10, 0, 0, 0, 0, 0, 0, 0, 0
7115, 12_2_11, 0, 0, 0, 0, 0, 0, 0, 0
7116, 12_2_12, 0, 0, 0, 0, 0, 0, 0, 0
7117, 12_2_13, 0, 0, 0, 0, 0, 0, 0, 0
7118, 12_2_14, 0, 0, 0, 0, 0, 0, 0, 0
7119, 12_2_15, 0, 0, 0, 0, 0, 0, 0, 0
7120, 12_2_16, 0, 0, 0, 0, 0, 0, 0, 0
7121, 12_2_17, 0, 0, 0, 0, 0, 0, 0, 0
7122, 12_2_18, 0, 0, 0, 0, 0, 0, 0, 0
7123, 12_2_19, 0, 0, 0, 0, 0, 0, 0, 0
7124, 12_2_20, 0, 0, 0, 0, 0, 0, 0, 0
7125, 12_2_21, 0, 0, 0, 0, 0, 0, 0, 0
7126, 12_2_22, 0, 0, 0, 0, 0, 0, 0, 0
7127, 12_2_23, 0, 0, 0, 0, 0, 0, 0, 0
7128, 12_2_24, 0, 0, 0, 0, 0, 0, 0, 0
7129, 12_2_25, 0, 0, 0, 0, 0, 0, 0, 0
7130, 12_2_26, 0, 0, 0, 0, 0, 0, 0, 0
7131, 12_2_27, 0, 0, 0, 0, 0, 0, 0, 0
7132, 12_2_28, 0, 0, 0, 0, 0, 0, 0, 0
7133, 12_2_29, 0, 0, 0, 0, 0, 0, 0, 0
7134, 12_2_30, 0, 0, 0, 0, 0, 0, 0, 0
7135, 12_2_31, 0, 0, 0, 0, 0, 0, 0, 0
7136, 12_2_32, 0, 0, 0, 0, 0, 0, 0, 0
7137, 12_2_33, 0, 0, 0, 0, 0, 0, 0, 0
7138, 12_2_34, 0, 0, 0, 0, 0, 0, 0, 0
7139, 12_2_35, 0, 0, 0, 0, 0, 0, 0, 0
7140, 12_2_36, 0, 0, 0, 0, 0, 0, 0, 0
7141, 12_2_37, 0, 0, 0, 0, 0, 0, 0, 0
7142, 12_2_38, 0, 0, 0, 0, 0, 0, 0, 0
7143, 12_2_39, 0, 0, 0, 0, 0, 0, 0, 0
7144, 12_2_40, 0, 0, 0, 0, 0, 0, 0, 0
7145, 12_2_41, 0, 0, 0, 0, 0, 0, 0, 0
7146, 12_2_42, 0, 0, 0, 0, 0, 0, 0, 0
7147, 12_2_43, 0, 0, 0, 0, 0, 0, 0, 0
7148, 12_2_44, 0, 0, 0, 0, 0, 0, 0, 0
7149, 12_2_45, 0, 0, 0, 0, 0, 0, 0, 0
7150, 12_2_46, 0, 0, 0, 0, 0, 0, 0, 0
7151, 12_2_47, 0, 0, 0, 0, 0, 0, 0, 0
7152, 12_2_48, 0, 0, 0, 0, 0, 0, 0, 0
7153, 12_2_49, 0, 0, 0, 0, 0, 0, 0, 0
7154, 12_2_50, 0, 0, 0, 0, 0, 0, 0, 0
7155, 12_2_51, 0, 0, 0, 0, 0, 0, 0, 0
7156, 12_2_52, 0, 0, 0, 0, 0, 0, 0, 0
7157, 12_2_53, 0, 0, 0, 0, 0, 0, 0, 0
7158, 12_2_54, 0, 0, 0, 0, 0, 0, 0, 0
7159, 12_2_55, 0, 0, 0, 0, 0, 0, 0, 0
7160, 12_2_56, 0, 0, 0, 0, 0, 0, 0, 0
7161, 12_2_57, 0, 0, 0, 0, 0, 0, 0, 0
7162, 12_2_58, 0, 0, 0, 0, 0, 0, 0, 0
7163, 12_2_59, 0, 0, 0, 0, 0, 0, 0, 0
7164, 12_2_60, 0, 0, 0, 0, 0, 0, 0, 0
7165, 12_2_61, 0, 0, 0, 0, 0, 0, 0, 0
7166, 12_2_62, 0, 0, 0, 0, 0, 0, 0, 0
7167, 12_2_63, 0, 0, 0, 0, 0, 0, 0, 0
7168, 12_2_64, 0, 0, 0, 0, 0, 0, 0, 0
7169, 12_2_65, 0, 0, 0, 0, 0, 0, 0, 0
7170, 12_2_66, 0, 0, 0, 0, 0, 0, 0, 0
7171, 12_2_67, 0, 0, 0, 0, 0, 0, 0, 0
7172, 12_2_68, 0, 0, 0, 0, 0, 0, 0, 0
7173, 12_2_69, 0, 0, 0, 0, 0, 0, 0, 0
7174, 12_2_70, 0, 0, 0, 0, 0, 0, 0, 0
7175, 12_2_71, 0, 0, 0, 0, 0, 0, 0, 0
7176, 12_2_72, 0, 0, 0, 0, 0, 0, 0, 0
7177, 12_2_73, 0, 0, 0, 0, 0, 0, 0, 0
7178, 12_2_74, 0, 0, 0, 0, 0, 0, 0, 0
7179, 12_2_75, 0, 0, 0, 0, 0, 0, 0, 0
7180, 12_2_76, 0, 0, 0, 0, 0, 0, 0, 0
7181, 12_2_77, 0, 0, 0, 0, 0, 0, 0, 0
7182, 12_2_78, 0, 0, 0, 0, 0, 0, 0, 0
7183, 12_2_79, 0, 0, 0, 0, 0, 0, 0, 0
7184, 12_2_80, 0, 0, 0, 0, 0, 0, 0, 0
7185, 12_2_81, 0, 0, 0, 0, 0, 0, 0, 0
7186, 12_2_82, 0, 0, 0, 0, 0, 0, 0, 0
7187, 12_2_83, 0, 0, 0, 0, 0, 0, 0, 0
7188, 12_2_84, 0, 0, 0, 0, 0, 0, 0, 0
7189, 12_2_85, 0, 0, 0, 0, 0, 0, 0, 0
7190, 12_2_86, 0, 0, 0, 0, 0, 0, 0, 0
7191, 12_2_87, 0, 0, 0, 0, 0, 0, 0, 0
7192, 12_2_88, 0, 0, 0, 0, 0, 0, 0, 0
7193, 12_2_89, 0, 0, 0, 0, 0, 0, 0, 0
7194, 12_2_90, 0, 0, 0, 0, 0, 0, 0, 0
7195, 12_2_91, 0, 0, 0, 0, 0, 0, 0, 0
7196, 12_2_92, 0, 0, 0, 0, 0, 0, 0, 0
7197, 12_2_93, 0, 0, 0, 0, 0, 0, 0, 0
7198, 12_2_94, 0, 0, 0, 0, 0, 0, 0, 0
7199, 12_2_95, 0, 0, 0, 0, 0, 0, 0, 0
7200, 12_3_00, 0, 0, 0, 0, 0, 0, 0, 0
7201, 12_3_01, 0, 0, 0, 0, 0, 0, 0, 0
7202, 12_3_02, 0, 0, 0, 0, 0, 0, 0, 0
7203, 12_3_03, 0, 0, 0, 0, 0, 0, 0, 0
7204, 12_3_04, 0, 0, 0, 0, 0, 0, 0, 0
7205, 12_3_05, 0, 0, 0, 0, 0, 0, 0, 0
7206, 12_3_06, 0, 0, 0, 0, 0, 0, 0, 0
7207, 12_3_07, 0, 0, 0, 0, 0, 0, 0, 0
7208, 12_3_08, 0, 0, 0, 0, 0, 0, 0, 0
7209, 12_3_09, 0, 0, 0, 0, 0, 0, 0, 0
7210, 12_3_10, 0, 0, 0, 0, 0, 0, 0, 0
7211, 12_3_11, 0, 0, 0, 0, 0, 0, 0, 0
7212, 12_3_12, 0, 0, 0, 0, 0, 0, 0, 0
7213, 12_3_13, 0, 0, 0, 0, 0, 0, 0, 0
7214, 12_3_14, 0, 0, 0, 0, 0, 0, 0, 0
7215, 12_3_15, 0, 0, 0, 0, 0, 0, 0, 0
7216, 12_3_16, 0, 0, 0, 0, 0, 0, 0, 0
7217, 12_3_17, 0, 0, 0, 0, 0, 0, 0, 0
7218, 12_3_18, 0, 0, 0, 0, 0, 0, 0, 0
7219, 12_3_19, 0, 0, 0, 0, 0, 0, 0, 0
7220, 12_3_20, 0, 0, 0, 0, 0, 0, 0, 0
7221, 12_3_21, 0, 0, 0, 0, 0, 0, 0, 0
7222, 12_3_22, 0, 0, 0, 0, 0, 0, 0, 0
7223, 12_3_23, 0, 0, 0, 0, 0, 0, 0, 0
7224, 12_3_24, 0, 0, 0, 0, 0, 0, 0, 0
7225, 12_3_25, 0, 0, 0, 0, 0, 0, 0, 0
7226, 12_3_26, 0, 0, 0, 0, 0, 0, 0, 0
7227, 12_3_27, 0, 0, 0, 0, 0, 0, 0, 0
7228, 12_3_28, 0, 0, 0, 0, 0, 0, 0, 0
7229, 12_3_29, 0, 0, 0, 0, 0, 0, 0, 0
7230, 12_3_30, 0, 0, 0, 0, 0, 0, 0, 0
7231, 12_3_31, 0, 0, 0, 0, 0, 0, 0, 0
7232, 12_3_32, 0, 0, 0, 0, 0, 0, 0, 0
7233, 12_3_33, 0, 0, 0, 0, 0, 0, 0, 0
7234, 12_3_34, 0, 0, 0, 0, 0, 0, 0, 0
7235, 12_3_35, 0, 0, 0, 0, 0, 0, 0, 0
7236, 12_3_36, 0, 0, 0, 0, 0, 0, 0, 0
7237, 12_3_37, 0, 0, 0, 0, 0, 0, 0, 0
7238, 12_3_38, 0, 0, 0, 0, 0, 0, 0, 0
7239, 12_3_39, 0, 0, 0, 0, 0, 0, 0, 0
7240, 12_3_40, 0, 0, 0, 0, 0, 0, 0, 0
7241, 12_3_41, 0, 0, 0, 0, 0, 0, 0, 0
7242, 12_3_42, 0, 0, 0, 0, 0, 0, 0, 0
7243, 12_3_43, 0, 0, 0, 0, 0, 0, 0, 0
7244, 12_3_44, 0, 0, 0, 0, 0, 0, 0, 0
7245, 12_3_45, 0, 0, 0, 0, 0, 0, 0, 0
7246, 12_3_46, 0, 0, 0, 0, 0, 0, 0, 0
7247, 12_3_47, 0, 0, 0, 0, 0, 0, 0, 0
7248, 12_3_48, 0, 0, 0, 0, 0, 0, 0, 0
7249, 12_3_49, 0, 0, 0, 0, 0, 0, 0, 0
7250, 12_3_50, 0, 0, 0, 0, 0, 0, 0, 0
7251, 12_3_51, 0, 0, 0, 0, 0, 0, 0, 0
7252, 12_3_52, 0, 0, 0, 0, 0, 0, 0, 0
7253, 12_3_53, 0, 0, 0, 0, 0, 0, 0, 0
7254, 12_3_54, 0, 0, 0, 0, 0, 0, 0, 0
7255, 12_3_55, 0, 0, 0, 0, 0, 0, 0, 0
7256, 12_3_56, 0, 0, 0, 0, 0, 0, 0, 0
7257, 12_3_57, 0, 0, 0, 0, 0, 0, 0, 0
7258, 12_3_58, 0, 0, 0, 0, 0, 0, 0, 0
7259, 12_3_59, 0, 0, 0, 0, 0, 0, 0, 0
7260, 12_3_60, 0, 0, 0, 0, 0, 0, 0, 0
7261, 12_3_61, 0, 0, 0, 0, 0, 0, 0, 0
7262, 12_3_62, 0, 0, 0, 0, 0, 0, 0, 0
7263, 12_3_63, 0, 0, 0, 0, 0, 0, 0, 0
7264, 12_3_64, 0, 0, 0, 0, 0, 0, 0, 0
7265, 12_3_65, 0, 0, 0, 0, 0, 0, 0, 0
7266, 12_3_66, 0, 0, 0, 0, 0, 0, 0, 0
7267, 12_3_67, 0, 0, 0, 0, 0, 0, 0, 0
7268, 12_3_68, 0, 0, 0, 0, 0, 0, 0, 0
7269, 12_3_69, 0, 0, 0, 0, 0, 0, 0, 0
7270, 12_3_70, 0, 0, 0, 0, 0, 0, 0, 0
7271, 12_3_71, 0, 0, 0, 0, 0, 0, 0, 0
7272, 12_3_72, 0, 0, 0, 0, 0, 0, 0, 0
7273, 12_3_73, 0, 0, 0, 0, 0, 0, 0, 0
7274, 12_3_74, 0, 0, 0, 0, 0, 0, 0, 0
7275, 12_3_75, 0, 0, 0, 0, 0, 0, 0, 0
7276, 12_3_76, 0, 0, 0, 0, 0, 0, 0, 0
7277, 12_3_77, 0, 0, 0, 0, 0, 0, 0, 0
7278, 12_3_78, 0, 0, 0, 0, 0, 0, 0, 0
7279, 12_3_79, 0, 0, 0, 0, 0, 0, 0, 0
7280, 12_3_80, 0, 0, 0, 0, 0, 0, 0, 0
7281, 12_3_81, 0, 0, 0, 0, 0, 0, 0, 0
7282, 12_3_82, 0, 0, 0, 0, 0, 0, 0, 0
7283, 12_3_83, 0, 0, 0, 0, 0, 0, 0, 0
7284, 12_3_84, 0, 0, 0, 0, 0, 0, 0, 0
7285, 12_3_85, 0, 0, 0, 0, 0, 0, 0, 0
7286, 12_3_86, 0, 0, 0, 0, 0, 0, 0, 0
7287, 12_3_87, 0, 0, 0, 0, 0, 0, 0, 0
7288, 12_3_88, 0, 0, 0, 0, 0, 0, 0, 0
7289, 12_3_89, 0, 0, 0, 0, 0, 0, 0, 0
7290, 12_3_90, 0, 0, 0, 0, 0, 0, 0, 0
7291, 12_3_91, 0, 0, 0, 0, 0, 0, 0, 0
7292, 12_3_92, 0, 0, 0, 0, 0, 0, 0, 0
7293, 12_3_93, 0, 0, 0, 0, 0, 0, 0, 0
7294, 12_3_94, 0, 0, 0, 0, 0, 0, 0, 0
7295, 12_3_95, 0, 0, 0, 0, 0, 0, 0, 0
7296, 12_4_00, 0, 0, 0, 0, 0, 0, 0, 0
7297, 12_4_01, 0, 0, 0, 0, 0, 0, 0, 0
7298, 12_4_02, 0, 0, 0, 0, 0, 0, 0, 0
7299, 12_4_03, 0, 0, 0, 0, 0, 0, 0, 0
7300, 12_4_04, 0, 0, 0, 0, 0, 0, 0, 0
7301, 12_4_05, 0, 0, 0, 0, 0, 0, 0, 0
7302, 12_4_06, 0, 0, 0, 0, 0, 0, 0, 0
7303, 12_4_07, 0, 0, 0, 0, 0, 0, 0, 0
7304, 12_4_08, 0, 0, 0, 0, 0, 0, 0, 0
7305, 12_4_09, 0, 0, 0, 0, 0, 0, 0, 0
7306, 12_4_10, 0, 0, 0, 0, 0, 0, 0, 0
7307, 12_4_11, 0, 0, 0, 0, 0, 0, 0, 0
7308, 12_4_12, 0, 0, 0, 0, 0, 0, 0, 0
7309, 12_4_13, 0, 0, 0, 0, 0, 0, 0, 0
7310, 12_4_14, 0, 0, 0, 0, 0, 0, 0, 0
7311, 12_4_15, 0, 0, 0, 0, 0, 0, 0, 0
7312, 12_4_16, 0, 0, 0, 0, 0, 0, 0, 0
7313, 12_4_17, 0, 0, 0, 0, 0, 0, 0, 0
7314, 12_4_18, 0, 0, 0, 0, 0, 0, 0, 0
7315, 12_4_19, 0, 0, 0, 0, 0, 0, 0, 0
7316, 12_4_20, 0, 0, 0, 0, 0, 0, 0, 0
7317, 12_4_21, 0, 0, 0, 0, 0, 0, 0, 0
7318, 12_4_22, 0, 0, 0, 0, 0, 0, 0, 0
7319, 12_4_23, 0, 0, 0, 0, 0, 0, 0, 0
7320, 12_4_24, 0, 0, 0, 0, 0, 0, 0, 0
7321, 12_4_25, 0, 0, 0, 0, 0, 0, 0, 0
7322, 12_4_26, 0, 0, 0, 0, 0, 0, 0, 0
7323, 12_4_27, 0, 0, 0, 0, 0, 0, 0, 0
7324, 12_4_28, 0, 0, 0, 0, 0, 0, 0, 0
7325, 12_4_29, 0, 0, 0, 0, 0, 0, 0, 0
7326, 12_4_30, 0, 0, 0, 0, 0, 0, 0, 0
7327, 12_4_31, 0, 0, 0, 0, 0, 0, 0, 0
7328, 12_4_32, 0, 0, 0, 0, 0, 0, 0, 0
7329, 12_4_33, 0, 0, 0, 0, 0, 0, 0, 0
7330, 12_4_34, 0, 0, 0, 0, 0, 0, 0, 0
7331, 12_4_35, 0, 0, 0, 0, 0, 0, 0, 0
7332, 12_4_36, 0, 0, 0, 0, 0, 0, 0, 0
7333, 12_4_37, 0, 0, 0, 0, 0, 0, 0, 0
7334, 12_4_38, 0, 0, 0, 0, 0, 0, 0, 0
7335, 12_4_39, 0, 0, 0, 0, 0, 0, 0, 0
7336, 12_4_40, 0, 0, 0, 0, 0, 0, 0, 0
7337, 12_4_41, 0, 0, 0, 0, 0, 0, 0, 0
7338, 12_4_42, 0, 0, 0, 0, 0, 0, 0, 0
7339, 12_4_43, 0, 0, 0, 0, 0, 0, 0, 0
7340, 12_4_44, 0, 0, 0, 0, 0, 0, 0, 0
7341, 12_4_45, 0, 0, 0, 0, 0, 0, 0, 0
7342, 12_4_46, 0, 0, 0, 0, 0, 0, 0, 0
7343, 12_4_47, 0, 0, 0, 0, 0, 0, 0, 0
7344, 12_4_48, 0, 0, 0, 0, 0, 0, 0, 0
7345, 12_4_49, 0, 0, 0, 0, 0, 0, 0, 0
7346, 12_4_50, 0, 0, 0, 0, 0, 0, 0, 0
7347, 12_4_51, 0, 0, 0, 0, 0, 0, 0, 0
7348, 12_4_52, 0, 0, 0, 0, 0, 0, 0, 0
7349, 12_4_53, 0, 0, 0, 0, 0, 0, 0, 0
7350, 12_4_54, 0, 0, 0, 0, 0, 0, 0, 0
7351, 12_4_55, 0, 0, 0, 0, 0, 0, 0, 0
7352, 12_4_56, 0, 0, 0, 0, 0, 0, 0, 0
7353, 12_4_57, 0, 0, 0, 0, 0, 0, 0, 0
7354, 12_4_58, 0, 0, 0, 0, 0, 0, 0, 0
7355, 12_4_59, 0, 0, 0, 0, 0, 0, 0, 0
7356, 12_4_60, 0, 0, 0, 0, 0, 0, 0, 0
7357, 12_4_61, 0, 0, 0, 0, 0, 0, 0, 0
7358, 12_4_62, 0, 0, 0, 0, 0, 0, 0, 0
7359, 12_4_63, 0, 0, 0, 0, 0, 0, 0, 0
7360, 12_4_64, 0, 0, 0, 0, 0, 0, 0, 0
7361, 12_4_65, 0, 0, 0, 0, 0, 0, 0, 0
7362, 12_4_66, 0, 0, 0, 0, 0, 0, 0, 0
7363, 12_4_67, 0, 0, 0, 0, 0, 0, 0, 0
7364, 12_4_68, 0, 0, 0, 0, 0, 0, 0, 0
7365, 12_4_69, 0, 0, 0, 0, 0, 0, 0, 0
7366, 12_4_70, 0, 0, 0, 0, 0, 0, 0, 0
7367, 12_4_71, 0, 0, 0, 0, 0, 0, 0, 0
7368, 12_4_72, 0, 0, 0, 0, 0, 0, 0, 0
7369, 12_4_73, 0, 0, 0, 0, 0, 0, 0, 0
7370, 12_4_74, 0, 0, 0, 0, 0, 0, 0, 0
7371, 12_4_75, 0, 0, 0, 0, 0, 0, 0, 0
7372, 12_4_76, 0, 0, 0, 0, 0, 0, 0, 0
7373, 12_4_77, 0, 0, 0, 0, 0, 0, 0, 0
7374, 12_4_78, 0, 0, 0, 0, 0, 0, 0, 0
7375, 12_4_79, 0, 0, 0, 0, 0, 0, 0, 0
7376, 12_4_80, 0, 0, 0, 0, 0, 0, 0, 0
7377, 12_4_81, 0, 0, 0, 0, 0, 0, 0, 0
7378, 12_4_82, 0, 0, 0, 0, 0, 0, 0, 0
7379, 12_4_83, 0, 0, 0, 0, 0, 0, 0, 0
7380, 12_4_84, 0, 0, 0, 0, 0, 0, 0, 0
7381, 12_4_85, 0, 0, 0, 0, 0, 0, 0, 0
7382, 12_4_86, 0, 0, 0, 0, 0, 0, 0, 0
7383, 12_4_87, 0, 0, 0, 0, 0, 0, 0, 0
7384, 12_4_88, 0, 0, 0, 0, 0, 0, 0, 0
7385, 12_4_89, 0, 0, 0, 0, 0, 0, 0, 0
7386, 12_4_90, 0, 0, 0, 0, 0, 0, 0, 0
7387, 12_4_91, 0, 0, 0, 0, 0, 0, 0, 0
7388, 12_4_92, 0, 0, 0, 0, 0, 0, 0, 0
7389, 12_4_93, 0, 0, 0, 0, 0, 0, 0, 0
7390, 12_4_94, 0, 0, 0, 0, 0, 0, 0, 0
7391, 12_4_95, 0, 0, 0, 0, 0, 0, 0, 0
7392, 12_5_00, 0, 0, 0, 0, 0, 0, 0, 0
7393, 12_5_01, 0, 0, 0, 0, 0, 0, 0, 0
7394, 12_5_02, 0, 0, 0, 0, 0, 0, 0, 0
7395, 12_5_03, 0, 0, 0, 0, 0, 0, 0, 0
7396, 12_5_04, 0, 0, 0, 0, 0, 0, 0, 0
7397, 12_5_05, 0, 0, 0, 0, 0, 0, 0, 0
7398, 12_5_06, 0, 0, 0, 0, 0, 0, 0, 0
7399, 12_5_07, 0, 0, 0, 0, 0, 0, 0, 0
7400, 12_5_08, 0, 0, 0, 0, 0, 0, 0, 0
7401, 12_5_09, 0, 0, 0, 0, 0, 0, 0, 0
7402, 12_5_10, 0, 0, 0, 0, 0, 0, 0, 0
7403, 12_5_11, 0, 0, 0, 0, 0, 0, 0, 0
7404, 12_5_12, 0, 0, 0, 0, 0, 0, 0, 0
7405, 12_5_13, 0, 0, 0, 0, 0, 0, 0, 0
7406, 12_5_14, 0, 0, 0, 0, 0, 0, 0, 0
7407, 12_5_15, 0, 0, 0, 0, 0, 0, 0, 0
7408, 12_5_16, 0, 0, 0, 0, 0, 0, 0, 0
7409, 12_5_17, 0, 0, 0, 0, 0, 0, 0, 0
7410, 12_5_18, 0, 0, 0, 0, 0, 0, 0, 0
7411, 12_5_19, 0, 0, 0, 0, 0, 0, 0, 0
7412, 12_5_20, 0, 0, 0, 0, 0, 0, 0, 0
7413, 12_5_21, 0, 0, 0, 0, 0, 0, 0, 0
7414, 12_5_22, 0, 0, 0, 0, 0, 0, 0, 0
7415, 12_5_23, 0, 0, 0, 0, 0, 0, 0, 0
7416, 12_5_24, 0, 0, 0, 0, 0, 0, 0, 0
7417, 12_5_25, 0, 0, 0, 0, 0, 0, 0, 0
7418, 12_5_26, 0, 0, 0, 0, 0, 0, 0, 0
7419, 12_5_27, 0, 0, 0, 0, 0, 0, 0, 0
7420, 12_5_28, 0, 0, 0, 0, 0, 0, 0, 0
7421, 12_5_29, 0, 0, 0, 0, 0, 0, 0, 0
7422, 12_5_30, 0, 0, 0, 0, 0, 0, 0, 0
7423, 12_5_31, 0, 0, 0, 0, 0, 0, 0, 0
7424, 12_5_32, 0, 0, 0, 0, 0, 0, 0, 0
7425, 12_5_33, 0, 0, 0, 0, 0, 0, 0, 0
7426, 12_5_34, 0, 0, 0, 0, 0, 0, 0, 0
7427, 12_5_35, 0, 0, 0, 0, 0, 0, 0, 0
7428, 12_5_36, 0, 0, 0, 0, 0, 0, 0, 0
7429, 12_5_37, 0, 0, 0, 0, 0, 0, 0, 0
7430, 12_5_38, 0, 0, 0, 0, 0, 0, 0, 0
7431, 12_5_39, 0, 0, 0, 0, 0, 0, 0, 0
7432, 12_5_40, 0, 0, 0, 0, 0, 0, 0, 0
7433, 12_5_41, 0, 0, 0, 0, 0, 0, 0, 0
7434, 12_5_42, 0, 0, 0, 0, 0, 0, 0, 0
7435, 12_5_43, 0, 0, 0, 0, 0, 0, 0, 0
7436, 12_5_44, 0, 0, 0, 0, 0, 0, 0, 0
7437, 12_5_45, 0, 0, 0, 0, 0, 0, 0, 0
7438, 12_5_46, 0, 0, 0, 0, 0, 0, 0, 0
7439, 12_5_47, 0, 0, 0, 0, 0, 0, 0, 0
7440, 12_5_48, 0, 0, 0, 0, 0, 0, 0, 0
7441, 12_5_49, 0, 0, 0, 0, 0, 0, 0, 0
7442, 12_5_50, 0, 0, 0, 0, 0, 0, 0, 0
7443, 12_5_51, 0, 0, 0, 0, 0, 0, 0, 0
7444, 12_5_52, 0, 0, 0, 0, 0, 0, 0, 0
7445, 12_5_53, 0, 0, 0, 0, 0, 0, 0, 0
7446, 12_5_54, 0, 0, 0, 0, 0, 0, 0, 0
7447, 12_5_55, 0, 0, 0, 0, 0, 0, 0, 0
7448, 12_5_56, 0, 0, 0, 0, 0, 0, 0, 0
7449, 12_5_57, 0, 0, 0, 0, 0, 0, 0, 0
7450, 12_5_58, 0, 0, 0, 0, 0, 0, 0, 0
7451, 12_5_59, 0, 0, 0, 0, 0, 0, 0, 0
7452, 12_5_60, 0, 0, 0, 0, 0, 0, 0, 0
7453, 12_5_61, 0, 0, 0, 0, 0, 0, 0, 0
7454, 12_5_62, 0, 0, 0, 0, 0, 0, 0, 0
7455, 12_5_63, 0, 0, 0, 0, 0, 0, 0, 0
7456, 12_5_64, 0, 0, 0, 0, 0, 0, 0, 0
7457, 12_5_65, 0, 0, 0, 0, 0, 0, 0, 0
7458, 12_5_66, 0, 0, 0, 0, 0, 0, 0, 0
7459, 12_5_67, 0, 0, 0, 0, 0, 0, 0, 0
7460, 12_5_68, 0, 0, 0, 0, 0, 0, 0, 0
7461, 12_5_69, 0, 0, 0, 0, 0, 0, 0, 0
7462, 12_5_70, 0, 0, 0, 0, 0, 0, 0, 0
7463, 12_5_71, 0, 0, 0, 0, 0, 0, 0, 0
7464, 12_5_72, 0, 0, 0, 0, 0, 0, 0, 0
7465, 12_5_73, 0, 0, 0, 0, 0, 0, 0, 0
7466, 12_5_74, 0, 0, 0, 0, 0, 0, 0, 0
7467, 12_5_75, 0, 0, 0, 0, 0, 0, 0, 0
7468, 12_5_76, 0, 0, 0, 0, 0, 0, 0, 0
7469, 12_5_77, 0, 0, 0, 0, 0, 0, 0, 0
7470, 12_5_78, 0, 0, 0, 0, 0, 0, 0, 0
7471, 12_5_79, 0, 0, 0, 0, 0, 0, 0, 0
7472, 12_5_80, 0, 0, 0, 0, 0, 0, 0, 0
7473, 12_5_81, 0, 0, 0, 0, 0, 0, 0, 0
7474, 12_5_82, 0, 0, 0, 0, 0, 0, 0, 0
7475, 12_5_83, 0, 0, 0, 0, 0, 0, 0, 0
7476, 12_5_84, 0, 0, 0, 0, 0, 0, 0, 0
7477, 12_5_85, 0, 0, 0, 0, 0, 0, 0, 0
7478, 12_5_86, 0, 0, 0, 0, 0, 0, 0, 0
7479, 12_5_87, 0, 0, 0, 0, 0, 0, 0, 0
7480, 12_5_88, 0, 0, 0, 0, 0, 0, 0, 0
7481, 12_5_89, 0, 0, 0, 0, 0, 0, 0, 0
7482, 12_5_90, 0, 0, 0, 0, 0, 0, 0, 0
7483, 12_5_91, 0, 0, 0, 0, 0, 0, 0, 0
7484, 12_5_92, 0, 0, 0, 0, 0, 0, 0, 0
7485, 12_5_93, 0, 0, 0, 0, 0, 0, 0, 0
7486, 12_5_94, 0, 0, 0, 0, 0, 0, 0, 0
7487, 12_5_95, 0, 0, 0, 0, 0, 0, 0, 0
7488, 13_0_00, 0, 0, 0, 0, 0, 0, 0, 0
7489, 13_0_01, 0, 0, 0, 0, 0, 0, 0, 0
7490, 13_0_02, 0, 0, 0, 0, 0, 0, 0, 0
7491, 13_0_03, 0, 0, 0, 0, 0, 0, 0, 0
7492, 13_0_04, 0, 0, 0, 0, 0, 0, 0, 0
7493, 13_0_05, 0, 0, 0, 0, 0, 0, 0, 0
7494, 13_0_06, 0, 0, 0, 0, 0, 0, 0, 0
7495, 13_0_07, 0, 0, 0, 0, 0, 0, 0, 0
7496, 13_0_08, 0, 0, 0, 0, 0, 0, 0, 0
7497, 13_0_09, 0, 0, 0, 0, 0, 0, 0, 0
7498, 13_0_10, 0, 0, 0, 0, 0, 0, 0, 0
7499, 13_0_11, 0, 0, 0, 0, 0, 0, 0, 0
7500, 13_0_12, 0, 0, 0, 0, 0, 0, 0, 0
7501, 13_0_13, 0, 0, 0, 0, 0, 0, 0, 0
7502, 13_0_14, 0, 0, 0, 0, 0, 0, 0, 0
7503, 13_0_15, 0, 0, 0, 0, 0, 0, 0, 0
7504, 13_0_16, 0, 0, 0, 0, 0, 0, 0, 0
7505, 13_0_17, 0, 0, 0, 0, 0, 0, 0, 0
7506, 13_0_18, 0, 0, 0, 0, 0, 0, 0, 0
7507, 13_0_19, 0, 0, 0, 0, 0, 0, 0, 0
7508, 13_0_20, 0, 0, 0, 0, 0, 0, 0, 0
7509, 13_0_21, 0, 0, 0, 0, 0, 0, 0, 0
7510, 13_0_22, 0, 0, 0, 0, 0, 0, 0, 0
7511, 13_0_23, 0, 0, 0, 0, 0, 0, 0, 0
7512, 13_0_24, 0, 0, 0, 0, 0, 0, 0, 0
7513, 13_0_25, 0, 0, 0, 0, 0, 0, 0, 0
7514, 13_0_26, 0, 0, 0, 0, 0, 0, 0, 0
7515, 13_0_27, 0, 0, 0, 0, 0, 0, 0, 0
7516, 13_0_28, 0, 0, 0, 0, 0, 0, 0, 0
7517, 13_0_29, 0, 0, 0, 0, 0, 0, 0, 0
7518, 13_0_30, 0, 0, 0, 0, 0, 0, 0, 0
7519, 13_0_31, 0, 0, 0, 0, 0, 0, 0, 0
7520, 13_0_32, 0, 0, 0, 0, 0, 0, 0, 0
7521, 13_0_33, 0, 0, 0, 0, 0, 0, 0, 0
7522, 13_0_34, 0, 0, 0, 0, 0, 0, 0, 0
7523, 13_0_35, 0, 0, 0, 0, 0, 0, 0, 0
7524, 13_0_36, 0, 0, 0, 0, 0, 0, 0, 0
7525, 13_0_37, 0, 0, 0, 0, 0, 0, 0, 0
7526, 13_0_38, 0, 0, 0, 0, 0, 0, 0, 0
7527, 13_0_39, 0, 0, 0, 0, 0, 0, 0, 0
7528, 13_0_40, 0, 0, 0, 0, 0, 0, 0, 0
7529, 13_0_41, 0, 0, 0, 0, 0, 0, 0, 0
7530, 13_0_42, 0, 0, 0, 0, 0, 0, 0, 0
7531, 13_0_43, 0, 0, 0, 0, 0, 0, 0, 0
7532, 13_0_44, 0, 0, 0, 0, 0, 0, 0, 0
7533, 13_0_45, 0, 0, 0, 0, 0, 0, 0, 0
7534, 13_0_46, 0, 0, 0, 0, 0, 0, 0, 0
7535, 13_0_47, 0, 0, 0, 0, 0, 0, 0, 0
7536, 13_0_48, 0, 0, 0, 0, 0, 0, 0, 0
7537, 13_0_49, 0, 0, 0, 0, 0, 0, 0, 0
7538, 13_0_50, 0, 0, 0, 0, 0, 0, 0, 0
7539, 13_0_51, 0, 0, 0, 0, 0, 0, 0, 0
7540, 13_0_52, 0, 0, 0, 0, 0, 0, 0, 0
7541, 13_0_53, 0, 0, 0, 0, 0, 0, 0, 0
7542, 13_0_54, 0, 0, 0, 0, 0, 0, 0, 0
7543, 13_0_55, 0, 0, 0, 0, 0, 0, 0, 0
7544, 13_0_56, 0, 0, 0, 0, 0, 0, 0, 0
7545, 13_0_57, 0, 0, 0, 0, 0, 0, 0, 0
7546, 13_0_58, 0, 0, 0, 0, 0, 0, 0, 0
7547, 13_0_59, 0, 0, 0, 0, 0, 0, 0, 0
7548, 13_0_60, 0, 0, 0, 0, 0, 0, 0, 0
7549, 13_0_61, 0, 0, 0, 0, 0, 0, 0, 0
7550, 13_0_62, 0, 0, 0, 0, 0, 0, 0, 0
7551, 13_0_63, 0, 0, 0, 0, 0, 0, 0, 0
7552, 13_0_64, 0, 0, 0, 0, 0, 0, 0, 0
7553, 13_0_65, 0, 0, 0, 0, 0, 0, 0, 0
7554, 13_0_66, 0, 0, 0, 0, 0, 0, 0, 0
7555, 13_0_67, 0, 0, 0, 0, 0, 0, 0, 0
7556, 13_0_68, 0, 0, 0, 0, 0, 0, 0, 0
7557, 13_0_69, 0, 0, 0, 0, 0, 0, 0, 0
7558, 13_0_70, 0, 0, 0, 0, 0, 0, 0, 0
7559, 13_0_71, 0, 0, 0, 0, 0, 0, 0, 0
7560, 13_0_72, 0, 0, 0, 0, 0, 0, 0, 0
7561, 13_0_73, 0, 0, 0, 0, 0, 0, 0, 0
7562, 13_0_74, 0, 0, 0, 0, 0, 0, 0, 0
7563, 13_0_75, 0, 0, 0, 0, 0, 0, 0, 0
7564, 13_0_76, 0, 0, 0, 0, 0, 0, 0, 0
7565, 13_0_77, 0, 0, 0, 0, 0, 0, 0, 0
7566, 13_0_78, 0, 0, 0, 0, 0, 0, 0, 0
7567, 13_0_79, 0, 0, 0, 0, 0, 0, 0, 0
7568, 13_0_80, 0, 0, 0, 0, 0, 0, 0, 0
7569, 13_0_81, 0, 0, 0, 0, 0, 0, 0, 0
7570, 13_0_82, 0, 0, 0, 0, 0, 0, 0, 0
7571, 13_0_83, 0, 0, 0, 0, 0, 0, 0, 0
7572, 13_0_84, 0, 0, 0, 0, 0, 0, 0, 0
7573, 13_0_85, 0, 0, 0, 0, 0, 0, 0, 0
7574, 13_0_86, 0, 0, 0, 0, 0, 0, 0, 0
7575, 13_0_87, 0, 0, 0, 0, 0, 0, 0, 0
7576, 13_0_88, 0, 0, 0, 0, 0, 0, 0, 0
7577, 13_0_89, 0, 0, 0, 0, 0, 0, 0, 0
7578, 13_0_90, 0, 0, 0, 0, 0, 0, 0, 0
7579, 13_0_91, 0, 0, 0, 0, 0, 0, 0, 0
7580, 13_0_92, 0, 0, 0, 0, 0, 0, 0, 0
7581, 13_0_93, 0, 0, 0, 0, 0, 0, 0, 0
7582, 13_0_94, 0, 0, 0, 0, 0, 0, 0, 0
7583, 13_0_95, 0, 0, 0, 0, 0, 0, 0, 0
7584, 13_1_00, 0, 0, 0, 0, 0, 0, 0, 0
7585, 13_1_01, 0, 0, 0, 0, 0, 0, 0, 0
7586, 13_1_02, 0, 0, 0, 0, 0, 0, 0, 0
7587, 13_1_03, 0, 0, 0, 0, 0, 0, 0, 0
7588, 13_1_04, 0, 0, 0, 0, 0, 0, 0, 0
7589, 13_1_05, 0, 0, 0, 0, 0, 0, 0, 0
7590, 13_1_06, 0, 0, 0, 0, 0, 0, 0, 0
7591, 13_1_07, 0, 0, 0, 0, 0, 0, 0, 0
7592, 13_1_08, 0, 0, 0, 0, 0, 0, 0, 0
7593, 13_1_09, 0, 0, 0, 0, 0, 0, 0, 0
7594, 13_1_10, 0, 0, 0, 0, 0, 0, 0, 0
7595, 13_1_11, 0, 0, 0, 0, 0, 0, 0, 0
7596, 13_1_12, 0, 0, 0, 0, 0, 0, 0, 0
7597, 13_1_13, 0, 0, 0, 0, 0, 0, 0, 0
7598, 13_1_14, 0, 0, 0, 0, 0, 0, 0, 0
7599, 13_1_15, 0, 0, 0, 0, 0, 0, 0, 0
7600, 13_1_16, 0, 0, 0, 0, 0, 0, 0, 0
7601, 13_1_17, 0, 0, 0, 0, 0, 0, 0, 0
7602, 13_1_18, 0, 0, 0, 0, 0, 0, 0, 0
7603, 13_1_19, 0, 0, 0, 0, 0, 0, 0, 0
7604, 13_1_20, 0, 0, 0, 0, 0, 0, 0, 0
7605, 13_1_21, 0, 0, 0, 0, 0, 0, 0, 0
7606, 13_1_22, 0, 0, 0, 0, 0, 0, 0, 0
7607, 13_1_23, 0, 0, 0, 0, 0, 0, 0, 0
7608, 13_1_24, 0, 0, 0, 0, 0, 0, 0, 0
7609, 13_1_25, 0, 0, 0, 0, 0, 0, 0, 0
7610, 13_1_26, 0, 0, 0, 0, 0, 0, 0, 0
7611, 13_1_27, 0, 0, 0, 0, 0, 0, 0, 0
7612, 13_1_28, 0, 0, 0, 0, 0, 0, 0, 0
7613, 13_1_29, 0, 0, 0, 0, 0, 0, 0, 0
7614, 13_1_30, 0, 0, 0, 0, 0, 0, 0, 0
7615, 13_1_31, 0, 0, 0, 0, 0, 0, 0, 0
7616, 13_1_32, 0, 0, 0, 0, 0, 0, 0, 0
7617, 13_1_33, 0, 0, 0, 0, 0, 0, 0, 0
7618, 13_1_34, 0, 0, 0, 0, 0, 0, 0, 0
7619, 13_1_35, 0, 0, 0, 0, 0, 0, 0, 0
7620, 13_1_36, 0, 0, 0, 0, 0, 0, 0, 0
7621, 13_1_37, 0, 0, 0, 0, 0, 0, 0, 0
7622, 13_1_38, 0, 0, 0, 0, 0, 0, 0, 0
7623, 13_1_39, 0, 0, 0, 0, 0, 0, 0, 0
7624, 13_1_40, 0, 0, 0, 0, 0, 0, 0, 0
7625, 13_1_41, 0, 0, 0, 0, 0, 0, 0, 0
7626, 13_1_42, 0, 0, 0, 0, 0, 0, 0, 0
7627, 13_1_43, 0, 0, 0, 0, 0, 0, 0, 0
7628, 13_1_44, 0, 0, 0, 0, 0, 0, 0, 0
7629, 13_1_45, 0, 0, 0, 0, 0, 0, 0, 0
7630, 13_1_46, 0, 0, 0, 0, 0, 0, 0, 0
7631, 13_1_47, 0, 0, 0, 0, 0, 0, 0, 0
7632, 13_1_48, 0, 0, 0, 0, 0, 0, 0, 0
7633, 13_1_49, 0, 0, 0, 0, 0, 0, 0, 0
7634, 13_1_50, 0, 0, 0, 0, 0, 0, 0, 0
7635, 13_1_51, 0, 0, 0, 0, 0, 0, 0, 0
7636, 13_1_52, 0, 0, 0, 0, 0, 0, 0, 0
7637, 13_1_53, 0, 0, 0, 0, 0, 0, 0, 0
7638, 13_1_54, 0, 0, 0, 0, 0, 0, 0, 0
7639, 13_1_55, 0, 0, 0, 0, 0, 0, 0, 0
7640, 13_1_56, 0, 0, 0, 0, 0, 0, 0, 0
7641, 13_1_57, 0, 0, 0, 0, 0, 0, 0, 0
7642, 13_1_58, 0, 0, 0, 0, 0, 0, 0, 0
7643, 13_1_59, 0, 0, 0, 0, 0, 0, 0, 0
7644, 13_1_60, 0, 0, 0, 0, 0, 0, 0, 0
7645, 13_1_61, 0, 0, 0, 0, 0, 0, 0, 0
7646, 13_1_62, 0, 0, 0, 0, 0, 0, 0, 0
7647, 13_1_63, 0, 0, 0, 0, 0, 0, 0, 0
7648, 13_1_64, 0, 0, 0, 0, 0, 0, 0, 0
7649, 13_1_65, 0, 0, 0, 0, 0, 0, 0, 0
7650, 13_1_66, 0, 0, 0, 0, 0, 0, 0, 0
7651, 13_1_67, 0, 0, 0, 0, 0, 0, 0, 0
7652, 13_1_68, 0, 0, 0, 0, 0, 0, 0, 0
7653, 13_1_69, 0, 0, 0, 0, 0, 0, 0, 0
7654, 13_1_70, 0, 0, 0, 0, 0, 0, 0, 0
7655, 13_1_71, 0, 0, 0, 0, 0, 0, 0, 0
7656, 13_1_72, 0, 0, 0, 0, 0, 0, 0, 0
7657, 13_1_73, 0, 0, 0, 0, 0, 0, 0, 0
7658, 13_1_74, 0, 0, 0, 0, 0, 0, 0, 0
7659, 13_1_75, 0, 0, 0, 0, 0, 0, 0, 0
7660, 13_1_76, 0, 0, 0, 0, 0, 0, 0, 0
7661, 13_1_77, 0, 0, 0, 0, 0, 0, 0, 0
7662, 13_1_78, 0, 0, 0, 0, 0, 0, 0, 0
7663, 13_1_79, 0, 0, 0, 0, 0, 0, 0, 0
7664, 13_1_80, 0, 0, 0, 0, 0, 0, 0, 0
7665, 13_1_81, 0, 0, 0, 0, 0, 0, 0, 0
7666, 13_1_82, 0, 0, 0, 0, 0, 0, 0, 0
7667, 13_1_83, 0, 0, 0, 0, 0, 0, 0, 0
7668, 13_1_84, 0, 0, 0, 0, 0, 0, 0, 0
7669, 13_1_85, 0, 0, 0, 0, 0, 0, 0, 0
7670, 13_1_86, 0, 0, 0, 0, 0, 0, 0, 0
7671, 13_1_87, 0, 0, 0, 0, 0, 0, 0, 0
7672, 13_1_88, 0, 0, 0, 0, 0, 0, 0, 0
7673, 13_1_89, 0, 0, 0, 0, 0, 0, 0, 0
7674, 13_1_90, 0, 0, 0, 0, 0, 0, 0, 0
7675, 13_1_91, 0, 0, 0, 0, 0, 0, 0, 0
7676, 13_1_92, 0, 0, 0, 0, 0, 0, 0, 0
7677, 13_1_93, 0, 0, 0, 0, 0, 0, 0, 0
7678, 13_1_94, 0, 0, 0, 0, 0, 0, 0, 0
7679, 13_1_95, 0, 0, 0, 0, 0, 0, 0, 0
7680, 13_2_00, 0, 0, 0, 0, 0, 0, 0, 0
7681, 13_2_01, 0, 0, 0, 0, 0, 0, 0, 0
7682, 13_2_02, 0, 0, 0, 0, 0, 0, 0, 0
7683, 13_2_03, 0, 0, 0, 0, 0, 0, 0, 0
7684, 13_2_04, 0, 0, 0, 0, 0, 0, 0, 0
7685, 13_2_05, 0, 0, 0, 0, 0, 0, 0, 0
7686, 13_2_06, 0, 0, 0, 0, 0, 0, 0, 0
7687, 13_2_07, 0, 0, 0, 0, 0, 0, 0, 0
7688, 13_2_08, 0, 0, 0, 0, 0, 0, 0, 0
7689, 13_2_09, 0, 0, 0, 0, 0, 0, 0, 0
7690, 13_2_10, 0, 0, 0, 0, 0, 0, 0, 0
7691, 13_2_11, 0, 0, 0, 0, 0, 0, 0, 0
7692, 13_2_12, 0, 0, 0, 0, 0, 0, 0, 0
7693, 13_2_13, 0, 0, 0, 0, 0, 0, 0, 0
7694, 13_2_14, 0, 0, 0, 0, 0, 0, 0, 0
7695, 13_2_15, 0, 0, 0, 0, 0, 0, 0, 0
7696, 13_2_16, 0, 0, 0, 0, 0, 0, 0, 0
7697, 13_2_17, 0, 0, 0, 0, 0, 0, 0, 0
7698, 13_2_18, 0, 0, 0, 0, 0, 0, 0, 0
7699, 13_2_19, 0, 0, 0, 0, 0, 0, 0, 0
7700, 13_2_20, 0, 0, 0, 0, 0, 0, 0, 0
7701, 13_2_21, 0, 0, 0, 0, 0, 0, 0, 0
7702, 13_2_22, 0, 0, 0, 0, 0, 0, 0, 0
7703, 13_2_23, 0, 0, 0, 0, 0, 0, 0, 0
7704, 13_2_24, 0, 0, 0, 0, 0, 0, 0, 0
7705, 13_2_25, 0, 0, 0, 0, 0, 0, 0, 0
7706, 13_2_26, 0, 0, 0, 0, 0, 0, 0, 0
7707, 13_2_27, 0, 0, 0, 0, 0, 0, 0, 0
7708, 13_2_28, 0, 0, 0, 0, 0, 0, 0, 0
7709, 13_2_29, 0, 0, 0, 0, 0, 0, 0, 0
7710, 13_2_30, 0, 0, 0, 0, 0, 0, 0, 0
7711, 13_2_31, 0, 0, 0, 0, 0, 0, 0, 0
7712, 13_2_32, 0, 0, 0, 0, 0, 0, 0, 0
7713, 13_2_33, 0, 0, 0, 0, 0, 0, 0, 0
7714, 13_2_34, 0, 0, 0, 0, 0, 0, 0, 0
7715, 13_2_35, 0, 0, 0, 0, 0, 0, 0, 0
7716, 13_2_36, 0, 0, 0, 0, 0, 0, 0, 0
7717, 13_2_37, 0, 0, 0, 0, 0, 0, 0, 0
7718, 13_2_38, 0, 0, 0, 0, 0, 0, 0, 0
7719, 13_2_39, 0, 0, 0, 0, 0, 0, 0, 0
7720, 13_2_40, 0, 0, 0, 0, 0, 0, 0, 0
7721, 13_2_41, 0, 0, 0, 0, 0, 0, 0, 0
7722, 13_2_42, 0, 0, 0, 0, 0, 0, 0, 0
7723, 13_2_43, 0, 0, 0, 0, 0, 0, 0, 0
7724, 13_2_44, 0, 0, 0, 0, 0, 0, 0, 0
7725, 13_2_45, 0, 0, 0, 0, 0, 0, 0, 0
7726, 13_2_46, 0, 0, 0, 0, 0, 0, 0, 0
7727, 13_2_47, 0, 0, 0, 0, 0, 0, 0, 0
7728, 13_2_48, 0, 0, 0, 0, 0, 0, 0, 0
7729, 13_2_49, 0, 0, 0, 0, 0, 0, 0, 0
7730, 13_2_50, 0, 0, 0, 0, 0, 0, 0, 0
7731, 13_2_51, 0, 0, 0, 0, 0, 0, 0, 0
7732, 13_2_52, 0, 0, 0, 0, 0, 0, 0, 0
7733, 13_2_53, 0, 0, 0, 0, 0, 0, 0, 0
7734, 13_2_54, 0, 0, 0, 0, 0, 0, 0, 0
7735, 13_2_55, 0, 0, 0, 0, 0, 0, 0, 0
7736, 13_2_56, 0, 0, 0, 0, 0, 0, 0, 0
7737, 13_2_57, 0, 0, 0, 0, 0, 0, 0, 0
7738, 13_2_58, 0, 0, 0, 0, 0, 0, 0, 0
7739, 13_2_59, 0, 0, 0, 0, 0, 0, 0, 0
7740, 13_2_60, 0, 0, 0, 0, 0, 0, 0, 0
7741, 13_2_61, 0, 0, 0, 0, 0, 0, 0, 0
7742, 13_2_62, 0, 0, 0, 0, 0, 0, 0, 0
7743, 13_2_63, 0, 0, 0, 0, 0, 0, 0, 0
7744, 13_2_64, 0, 0, 0, 0, 0, 0, 0, 0
7745, 13_2_65, 0, 0, 0, 0, 0, 0, 0, 0
7746, 13_2_66, 0, 0, 0, 0, 0, 0, 0, 0
7747, 13_2_67, 0, 0, 0, 0, 0, 0, 0, 0
7748, 13_2_68, 0, 0, 0, 0, 0, 0, 0, 0
7749, 13_2_69, 0, 0, 0, 0, 0, 0, 0, 0
7750, 13_2_70, 0, 0, 0, 0, 0, 0, 0, 0
7751, 13_2_71, 0, 0, 0, 0, 0, 0, 0, 0
7752, 13_2_72, 0, 0, 0, 0, 0, 0, 0, 0
7753, 13_2_73, 0, 0, 0, 0, 0, 0, 0, 0
7754, 13_2_74, 0, 0, 0, 0, 0, 0, 0, 0
7755, 13_2_75, 0, 0, 0, 0, 0, 0, 0, 0
7756, 13_2_76, 0, 0, 0, 0, 0, 0, 0, 0
7757, 13_2_77, 0, 0, 0, 0, 0, 0, 0, 0
7758, 13_2_78, 0, 0, 0, 0, 0, 0, 0, 0
7759, 13_2_79, 0, 0, 0, 0, 0, 0, 0, 0
7760, 13_2_80, 0, 0, 0, 0, 0, 0, 0, 0
7761, 13_2_81, 0, 0, 0, 0, 0, 0, 0, 0
7762, 13_2_82, 0, 0, 0, 0, 0, 0, 0, 0
7763, 13_2_83, 0, 0, 0, 0, 0, 0, 0, 0
7764, 13_2_84, 0, 0, 0, 0, 0, 0, 0, 0
7765, 13_2_85, 0, 0, 0, 0, 0, 0, 0, 0
7766, 13_2_86, 0, 0, 0, 0, 0, 0, 0, 0
7767, 13_2_87, 0, 0, 0, 0, 0, 0, 0, 0
7768, 13_2_88, 0, 0, 0, 0, 0, 0, 0, 0
7769, 13_2_89, 0, 0, 0, 0, 0, 0, 0, 0
7770, 13_2_90, 0, 0, 0, 0, 0, 0, 0, 0
7771, 13_2_91, 0, 0, 0, 0, 0, 0, 0, 0
7772, 13_2_92, 0, 0, 0, 0, 0, 0, 0, 0
7773, 13_2_93, 0, 0, 0, 0, 0, 0, 0, 0
7774, 13_2_94, 0, 0, 0, 0, 0, 0, 0, 0
7775, 13_2_95, 0, 0, 0, 0, 0, 0, 0, 0
7776, 13_3_00, 0, 0, 0, 0, 0, 0, 0, 0
7777, 13_3_01, 0, 0, 0, 0, 0, 0, 0, 0
7778, 13_3_02, 0, 0, 0, 0, 0, 0, 0, 0
7779, 13_3_03, 0, 0, 0, 0, 0, 0, 0, 0
7780, 13_3_04, 0, 0, 0, 0, 0, 0, 0, 0
7781, 13_3_05, 0, 0, 0, 0, 0, 0, 0, 0
7782, 13_3_06, 0, 0, 0, 0, 0, 0, 0, 0
7783, 13_3_07, 0, 0, 0, 0, 0, 0, 0, 0
7784, 13_3_08, 0, 0, 0, 0, 0, 0, 0, 0
7785, 13_3_09, 0, 0, 0, 0, 0, 0, 0, 0
7786, 13_3_10, 0, 0, 0, 0, 0, 0, 0, 0
7787, 13_3_11, 0, 0, 0, 0, 0, 0, 0, 0
7788, 13_3_12, 0, 0, 0, 0, 0, 0, 0, 0
7789, 13_3_13, 0, 0, 0, 0, 0, 0, 0, 0
7790, 13_3_14, 0, 0, 0, 0, 0, 0, 0, 0
7791, 13_3_15, 0, 0, 0, 0, 0, 0, 0, 0
7792, 13_3_16, 0, 0, 0, 0, 0, 0, 0, 0
7793, 13_3_17, 0, 0, 0, 0, 0, 0, 0, 0
7794, 13_3_18, 0, 0, 0, 0, 0, 0, 0, 0
7795, 13_3_19, 0, 0, 0, 0, 0, 0, 0, 0
7796, 13_3_20, 0, 0, 0, 0, 0, 0, 0, 0
7797, 13_3_21, 0, 0, 0, 0, 0, 0, 0, 0
7798, 13_3_22, 0, 0, 0, 0, 0, 0, 0, 0
7799, 13_3_23, 0, 0, 0, 0, 0, 0, 0, 0
7800, 13_3_24, 0, 0, 0, 0, 0, 0, 0, 0
7801, 13_3_25, 0, 0, 0, 0, 0, 0, 0, 0
7802, 13_3_26, 0, 0, 0, 0, 0, 0, 0, 0
7803, 13_3_27, 0, 0, 0, 0, 0, 0, 0, 0
7804, 13_3_28, 0, 0, 0, 0, 0, 0, 0, 0
7805, 13_3_29, 0, 0, 0, 0, 0, 0, 0, 0
7806, 13_3_30, 0, 0, 0, 0, 0, 0, 0, 0
7807, 13_3_31, 0, 0, 0, 0, 0, 0, 0, 0
7808, 13_3_32, 0, 0, 0, 0, 0, 0, 0, 0
7809, 13_3_33, 0, 0, 0, 0, 0, 0, 0, 0
7810, 13_3_34, 0, 0, 0, 0, 0, 0, 0, 0
7811, 13_3_35, 0, 0, 0, 0, 0, 0, 0, 0
7812, 13_3_36, 0, 0, 0, 0, 0, 0, 0, 0
7813, 13_3_37, 0, 0, 0, 0, 0, 0, 0, 0
7814, 13_3_38, 0, 0, 0, 0, 0, 0, 0, 0
7815, 13_3_39, 0, 0, 0, 0, 0, 0, 0, 0
7816, 13_3_40, 0, 0, 0, 0, 0, 0, 0, 0
7817, 13_3_41, 0, 0, 0, 0, 0, 0, 0, 0
7818, 13_3_42, 0, 0, 0, 0, 0, 0, 0, 0
7819, 13_3_43, 0, 0, 0, 0, 0, 0, 0, 0
7820, 13_3_44, 0, 0, 0, 0, 0, 0, 0, 0
7821, 13_3_45, 0, 0, 0, 0, 0, 0, 0, 0
7822, 13_3_46, 0, 0, 0, 0, 0, 0, 0, 0
7823, 13_3_47, 0, 0, 0, 0, 0, 0, 0, 0
7824, 13_3_48, 0, 0, 0, 0, 0, 0, 0, 0
7825, 13_3_49, 0, 0, 0, 0, 0, 0, 0, 0
7826, 13_3_50, 0, 0, 0, 0, 0, 0, 0, 0
7827, 13_3_51, 0, 0, 0, 0, 0, 0, 0, 0
7828, 13_3_52, 0, 0, 0, 0, 0, 0, 0, 0
7829, 13_3_53, 0, 0, 0, 0, 0, 0, 0, 0
7830, 13_3_54, 0, 0, 0, 0, 0, 0, 0, 0
7831, 13_3_55, 0, 0, 0, 0, 0, 0, 0, 0
7832, 13_3_56, 0, 0, 0, 0, 0, 0, 0, 0
7833, 13_3_57, 0, 0, 0, 0, 0, 0, 0, 0
7834, 13_3_58, 0, 0, 0, 0, 0, 0, 0, 0
7835, 13_3_59, 0, 0, 0, 0, 0, 0, 0, 0
7836, 13_3_60, 0, 0, 0, 0, 0, 0, 0, 0
7837, 13_3_61, 0, 0, 0, 0, 0, 0, 0, 0
7838, 13_3_62, 0, 0, 0, 0, 0, 0, 0, 0
7839, 13_3_63, 0, 0, 0, 0, 0, 0, 0, 0
7840, 13_3_64, 0, 0, 0, 0, 0, 0, 0, 0
7841, 13_3_65, 0, 0, 0, 0, 0, 0, 0, 0
7842, 13_3_66, 0, 0, 0, 0, 0, 0, 0, 0
7843, 13_3_67, 0, 0, 0, 0, 0, 0, 0, 0
7844, 13_3_68, 0, 0, 0, 0, 0, 0, 0, 0
7845, 13_3_69, 0, 0, 0, 0, 0, 0, 0, 0
7846, 13_3_70, 0, 0, 0, 0, 0, 0, 0, 0
7847, 13_3_71, 0, 0, 0, 0, 0, 0, 0, 0
7848, 13_3_72, 0, 0, 0, 0, 0, 0, 0, 0
7849, 13_3_73, 0, 0, 0, 0, 0, 0, 0, 0
7850, 13_3_74, 0, 0, 0, 0, 0, 0, 0, 0
7851, 13_3_75, 0, 0, 0, 0, 0, 0, 0, 0
7852, 13_3_76, 0, 0, 0, 0, 0, 0, 0, 0
7853, 13_3_77, 0, 0, 0, 0, 0, 0, 0, 0
7854, 13_3_78, 0, 0, 0, 0, 0, 0, 0, 0
7855, 13_3_79, 0, 0, 0, 0, 0, 0, 0, 0
7856, 13_3_80, 0, 0, 0, 0, 0, 0, 0, 0
7857, 13_3_81, 0, 0, 0, 0, 0, 0, 0, 0
7858, 13_3_82, 0, 0, 0, 0, 0, 0, 0, 0
7859, 13_3_83, 0, 0, 0, 0, 0, 0, 0, 0
7860, 13_3_84, 0, 0, 0, 0, 0, 0, 0, 0
7861, 13_3_85, 0, 0, 0, 0, 0, 0, 0, 0
7862, 13_3_86, 0, 0, 0, 0, 0, 0, 0, 0
7863, 13_3_87, 0, 0, 0, 0, 0, 0, 0, 0
7864, 13_3_88, 0, 0, 0, 0, 0, 0, 0, 0
7865, 13_3_89, 0, 0, 0, 0, 0, 0, 0, 0
7866, 13_3_90, 0, 0, 0, 0, 0, 0, 0, 0
7867, 13_3_91, 0, 0, 0, 0, 0, 0, 0, 0
7868, 13_3_92, 0, 0, 0, 0, 0, 0, 0, 0
7869, 13_3_93, 0, 0, 0, 0, 0, 0, 0, 0
7870, 13_3_94, 0, 0, 0, 0, 0, 0, 0, 0
7871, 13_3_95, 0, 0, 0, 0, 0, 0, 0, 0
7872, 13_4_00, 0, 0, 0, 0, 0, 0, 0, 0
7873, 13_4_01, 0, 0, 0, 0, 0, 0, 0, 0
7874, 13_4_02, 0, 0, 0, 0, 0, 0, 0, 0
7875, 13_4_03, 0, 0, 0, 0, 0, 0, 0, 0
7876, 13_4_04, 0, 0, 0, 0, 0, 0, 0, 0
7877, 13_4_05, 0, 0, 0, 0, 0, 0, 0, 0
7878, 13_4_06, 0, 0, 0, 0, 0, 0, 0, 0
7879, 13_4_07, 0, 0, 0, 0, 0, 0, 0, 0
7880, 13_4_08, 0, 0, 0, 0, 0, 0, 0, 0
7881, 13_4_09, 0, 0, 0, 0, 0, 0, 0, 0
7882, 13_4_10, 0, 0, 0, 0, 0, 0, 0, 0
7883, 13_4_11, 0, 0, 0, 0, 0, 0, 0, 0
7884, 13_4_12, 0, 0, 0, 0, 0, 0, 0, 0
7885, 13_4_13, 0, 0, 0, 0, 0, 0, 0, 0
7886, 13_4_14, 0, 0, 0, 0, 0, 0, 0, 0
7887, 13_4_15, 0, 0, 0, 0, 0, 0, 0, 0
7888, 13_4_16, 0, 0, 0, 0, 0, 0, 0, 0
7889, 13_4_17, 0, 0, 0, 0, 0, 0, 0, 0
7890, 13_4_18, 0, 0, 0, 0, 0, 0, 0, 0
7891, 13_4_19, 0, 0, 0, 0, 0, 0, 0, 0
7892, 13_4_20, 0, 0, 0, 0, 0, 0, 0, 0
7893, 13_4_21, 0, 0, 0, 0, 0, 0, 0, 0
7894, 13_4_22, 0, 0, 0, 0, 0, 0, 0, 0
7895, 13_4_23, 0, 0, 0, 0, 0, 0, 0, 0
7896, 13_4_24, 0, 0, 0, 0, 0, 0, 0, 0
7897, 13_4_25, 0, 0, 0, 0, 0, 0, 0, 0
7898, 13_4_26, 0, 0, 0, 0, 0, 0, 0, 0
7899, 13_4_27, 0, 0, 0, 0, 0, 0, 0, 0
7900, 13_4_28, 0, 0, 0, 0, 0, 0, 0, 0
7901, 13_4_29, 0, 0, 0, 0, 0, 0, 0, 0
7902, 13_4_30, 0, 0, 0, 0, 0, 0, 0, 0
7903, 13_4_31, 0, 0, 0, 0, 0, 0, 0, 0
7904, 13_4_32, 0, 0, 0, 0, 0, 0, 0, 0
7905, 13_4_33, 0, 0, 0, 0, 0, 0, 0, 0
7906, 13_4_34, 0, 0, 0, 0, 0, 0, 0, 0
7907, 13_4_35, 0, 0, 0, 0, 0, 0, 0, 0
7908, 13_4_36, 0, 0, 0, 0, 0, 0, 0, 0
7909, 13_4_37, 0, 0, 0, 0, 0, 0, 0, 0
7910, 13_4_38, 0, 0, 0, 0, 0, 0, 0, 0
7911, 13_4_39, 0, 0, 0, 0, 0, 0, 0, 0
7912, 13_4_40, 0, 0, 0, 0, 0, 0, 0, 0
7913, 13_4_41, 0, 0, 0, 0, 0, 0, 0, 0
7914, 13_4_42, 0, 0, 0, 0, 0, 0, 0, 0
7915, 13_4_43, 0, 0, 0, 0, 0, 0, 0, 0
7916, 13_4_44, 0, 0, 0, 0, 0, 0, 0, 0
7917, 13_4_45, 0, 0, 0, 0, 0, 0, 0, 0
7918, 13_4_46, 0, 0, 0, 0, 0, 0, 0, 0
7919, 13_4_47, 0, 0, 0, 0, 0, 0, 0, 0
7920, 13_4_48, 0, 0, 0, 0, 0, 0, 0, 0
7921, 13_4_49, 0, 0, 0, 0, 0, 0, 0, 0
7922, 13_4_50, 0, 0, 0, 0, 0, 0, 0, 0
7923, 13_4_51, 0, 0, 0, 0, 0, 0, 0, 0
7924, 13_4_52, 0, 0, 0, 0, 0, 0, 0, 0
7925, 13_4_53, 0, 0, 0, 0, 0, 0, 0, 0
7926, 13_4_54, 0, 0, 0, 0, 0, 0, 0, 0
7927, 13_4_55, 0, 0, 0, 0, 0, 0, 0, 0
7928, 13_4_56, 0, 0, 0, 0, 0, 0, 0, 0
7929, 13_4_57, 0, 0, 0, 0, 0, 0, 0, 0
7930, 13_4_58, 0, 0, 0, 0, 0, 0, 0, 0
7931, 13_4_59, 0, 0, 0, 0, 0, 0, 0, 0
7932, 13_4_60, 0, 0, 0, 0, 0, 0, 0, 0
7933, 13_4_61, 0, 0, 0, 0, 0, 0, 0, 0
7934, 13_4_62, 0, 0, 0, 0, 0, 0, 0, 0
7935, 13_4_63, 0, 0, 0, 0, 0, 0, 0, 0
7936, 13_4_64, 0, 0, 0, 0, 0, 0, 0, 0
7937, 13_4_65, 0, 0, 0, 0, 0, 0, 0, 0
7938, 13_4_66, 0, 0, 0, 0, 0, 0, 0, 0
7939, 13_4_67, 0, 0, 0, 0, 0, 0, 0, 0
7940, 13_4_68, 0, 0, 0, 0, 0, 0, 0, 0
7941, 13_4_69, 0, 0, 0, 0, 0, 0, 0, 0
7942, 13_4_70, 0, 0, 0, 0, 0, 0, 0, 0
7943, 13_4_71, 0, 0, 0, 0, 0, 0, 0, 0
7944, 13_4_72, 0, 0, 0, 0, 0, 0, 0, 0
7945, 13_4_73, 0, 0, 0, 0, 0, 0, 0, 0
7946, 13_4_74, 0, 0, 0, 0, 0, 0, 0, 0
7947, 13_4_75, 0, 0, 0, 0, 0, 0, 0, 0
7948, 13_4_76, 0, 0, 0, 0, 0, 0, 0, 0
7949, 13_4_77, 0, 0, 0, 0, 0, 0, 0, 0
7950, 13_4_78, 0, 0, 0, 0, 0, 0, 0, 0
7951, 13_4_79, 0, 0, 0, 0, 0, 0, 0, 0
7952, 13_4_80, 0, 0, 0, 0, 0, 0, 0, 0
7953, 13_4_81, 0, 0, 0, 0, 0, 0, 0, 0
7954, 13_4_82, 0, 0, 0, 0, 0, 0, 0, 0
7955, 13_4_83, 0, 0, 0, 0, 0, 0, 0, 0
7956, 13_4_84, 0, 0, 0, 0, 0, 0, 0, 0
7957, 13_4_85, 0, 0, 0, 0, 0, 0, 0, 0
7958, 13_4_86, 0, 0, 0, 0, 0, 0, 0, 0
7959, 13_4_87, 0, 0, 0, 0, 0, 0, 0, 0
7960, 13_4_88, 0, 0, 0, 0, 0, 0, 0, 0
7961, 13_4_89, 0, 0, 0, 0, 0, 0, 0, 0
7962, 13_4_90, 0, 0, 0, 0, 0, 0, 0, 0
7963, 13_4_91, 0, 0, 0, 0, 0, 0, 0, 0
7964, 13_4_92, 0, 0, 0, 0, 0, 0, 0, 0
7965, 13_4_93, 0, 0, 0, 0, 0, 0, 0, 0
7966, 13_4_94, 0, 0, 0, 0, 0, 0, 0, 0
7967, 13_4_95, 0, 0, 0, 0, 0, 0, 0, 0
7968, 13_5_00, 0, 0, 0, 0, 0, 0, 0, 0
7969, 13_5_01, 0, 0, 0, 0, 0, 0, 0, 0
7970, 13_5_02, 0, 0, 0, 0, 0, 0, 0, 0
7971, 13_5_03, 0, 0, 0, 0, 0, 0, 0, 0
7972, 13_5_04, 0, 0, 0, 0, 0, 0, 0, 0
7973, 13_5_05, 0, 0, 0, 0, 0, 0, 0, 0
7974, 13_5_06, 0, 0, 0, 0, 0, 0, 0, 0
7975, 13_5_07, 0, 0, 0, 0, 0, 0, 0, 0
7976, 13_5_08, 0, 0, 0, 0, 0, 0, 0, 0
7977, 13_5_09, 0, 0, 0, 0, 0, 0, 0, 0
7978, 13_5_10, 0, 0, 0, 0, 0, 0, 0, 0
7979, 13_5_11, 0, 0, 0, 0, 0, 0, 0, 0
7980, 13_5_12, 0, 0, 0, 0, 0, 0, 0, 0
7981, 13_5_13, 0, 0, 0, 0, 0, 0, 0, 0
7982, 13_5_14, 0, 0, 0, 0, 0, 0, 0, 0
7983, 13_5_15, 0, 0, 0, 0, 0, 0, 0, 0
7984, 13_5_16, 0, 0, 0, 0, 0, 0, 0, 0
7985, 13_5_17, 0, 0, 0, 0, 0, 0, 0, 0
7986, 13_5_18, 0, 0, 0, 0, 0, 0, 0, 0
7987, 13_5_19, 0, 0, 0, 0, 0, 0, 0, 0
7988, 13_5_20, 0, 0, 0, 0, 0, 0, 0, 0
7989, 13_5_21, 0, 0, 0, 0, 0, 0, 0, 0
7990, 13_5_22, 0, 0, 0, 0, 0, 0, 0, 0
7991, 13_5_23, 0, 0, 0, 0, 0, 0, 0, 0
7992, 13_5_24, 0, 0, 0, 0, 0, 0, 0, 0
7993, 13_5_25, 0, 0, 0, 0, 0, 0, 0, 0
7994, 13_5_26, 0, 0, 0, 0, 0, 0, 0, 0
7995, 13_5_27, 0, 0, 0, 0, 0, 0, 0, 0
7996, 13_5_28, 0, 0, 0, 0, 0, 0, 0, 0
7997, 13_5_29, 0, 0, 0, 0, 0, 0, 0, 0
7998, 13_5_30, 0, 0, 0, 0, 0, 0, 0, 0
7999, 13_5_31, 0, 0, 0, 0, 0, 0, 0, 0
8000, 13_5_32, 0, 0, 0, 0, 0, 0, 0, 0
8001, 13_5_33, 0, 0, 0, 0, 0, 0, 0, 0
8002, 13_5_34, 0, 0, 0, 0, 0, 0, 0, 0
8003, 13_5_35, 0, 0, 0, 0, 0, 0, 0, 0
8004, 13_5_36, 0, 0, 0, 0, 0, 0, 0, 0
8005, 13_5_37, 0, 0, 0, 0, 0, 0, 0, 0
8006, 13_5_38, 0, 0, 0, 0, 0, 0, 0, 0
8007, 13_5_39, 0, 0, 0, 0, 0, 0, 0, 0
8008, 13_5_40, 0, 0, 0, 0, 0, 0, 0, 0
8009, 13_5_41, 0, 0, 0, 0, 0, 0, 0, 0
8010, 13_5_42, 0, 0, 0, 0, 0, 0, 0, 0
8011, 13_5_43, 0, 0, 0, 0, 0, 0, 0, 0
8012, 13_5_44, 0, 0, 0, 0, 0, 0, 0, 0
8013, 13_5_45, 0, 0, 0, 0, 0, 0, 0, 0
8014, 13_5_46, 0, 0, 0, 0, 0, 0, 0, 0
8015, 13_5_47, 0, 0, 0, 0, 0, 0, 0, 0
8016, 13_5_48, 0, 0, 0, 0, 0, 0, 0, 0
8017, 13_5_49, 0, 0, 0, 0, 0, 0, 0, 0
8018, 13_5_50, 0, 0, 0, 0, 0, 0, 0, 0
8019, 13_5_51, 0, 0, 0, 0, 0, 0, 0, 0
8020, 13_5_52, 0, 0, 0, 0, 0, 0, 0, 0
8021, 13_5_53, 0, 0, 0, 0, 0, 0, 0, 0
8022, 13_5_54, 0, 0, 0, 0, 0, 0, 0, 0
8023, 13_5_55, 0, 0, 0, 0, 0, 0, 0, 0
8024, 13_5_56, 0, 0, 0, 0, 0, 0, 0, 0
8025, 13_5_57, 0, 0, 0, 0, 0, 0, 0, 0
8026, 13_5_58, 0, 0, 0, 0, 0, 0, 0, 0
8027, 13_5_59, 0, 0, 0, 0, 0, 0, 0, 0
8028, 13_5_60, 0, 0, 0, 0, 0, 0, 0, 0
8029, 13_5_61, 0, 0, 0, 0, 0, 0, 0, 0
8030, 13_5_62, 0, 0, 0, 0, 0, 0, 0, 0
8031, 13_5_63, 0, 0, 0, 0, 0, 0, 0, 0
8032, 13_5_64, 0, 0, 0, 0, 0, 0, 0, 0
8033, 13_5_65, 0, 0, 0, 0, 0, 0, 0, 0
8034, 13_5_66, 0, 0, 0, 0, 0, 0, 0, 0
8035, 13_5_67, 0, 0, 0, 0, 0, 0, 0, 0
8036, 13_5_68, 0, 0, 0, 0, 0, 0, 0, 0
8037, 13_5_69, 0, 0, 0, 0, 0, 0, 0, 0
8038, 13_5_70, 0, 0, 0, 0, 0, 0, 0, 0
8039, 13_5_71, 0, 0, 0, 0, 0, 0, 0, 0
8040, 13_5_72, 0, 0, 0, 0, 0, 0, 0, 0
8041, 13_5_73, 0, 0, 0, 0, 0, 0, 0, 0
8042, 13_5_74, 0, 0, 0, 0, 0, 0, 0, 0
8043, 13_5_75, 0, 0, 0, 0, 0, 0, 0, 0
8044, 13_5_76, 0, 0, 0, 0, 0, 0, 0, 0
8045, 13_5_77, 0, 0, 0, 0, 0, 0, 0, 0
8046, 13_5_78, 0, 0, 0, 0, 0, 0, 0, 0
8047, 13_5_79, 0, 0, 0, 0, 0, 0, 0, 0
8048, 13_5_80, 0, 0, 0, 0, 0, 0, 0, 0
8049, 13_5_81, 0, 0, 0, 0, 0, 0, 0, 0
8050, 13_5_82, 0, 0, 0, 0, 0, 0, 0, 0
8051, 13_5_83, 0, 0, 0, 0, 0, 0, 0, 0
8052, 13_5_84, 0, 0, 0, 0, 0, 0, 0, 0
8053, 13_5_85, 0, 0, 0, 0, 0, 0, 0, 0
8054, 13_5_86, 0, 0, 0, 0, 0, 0, 0, 0
8055, 13_5_87, 0, 0, 0, 0, 0, 0, 0, 0
8056, 13_5_88, 0, 0, 0, 0, 0, 0, 0, 0
8057, 13_5_89, 0, 0, 0, 0, 0, 0, 0, 0
8058, 13_5_90, 0, 0, 0, 0, 0, 0, 0, 0
8059, 13_5_91, 0, 0, 0, 0, 0, 0, 0, 0
8060, 13_5_92, 0, 0, 0, 0, 0, 0, 0, 0
8061, 13_5_93, 0, 0, 0, 0, 0, 0, 0, 0
8062, 13_5_94, 0, 0, 0, 0, 0, 0, 0, 0
8063, 13_5_95, 0, 0, 0, 0, 0, 0, 0, 0
8064, 14_0_00, 0, 0, 0, 0, 0, 0, 0, 0
8065, 14_0_01, 0, 0, 0, 0, 0, 0, 0, 0
8066, 14_0_02, 0, 0, 0, 0, 0, 0, 0, 0
8067, 14_0_03, 0, 0, 0, 0, 0, 0, 0, 0
8068, 14_0_04, 0, 0, 0, 0, 0, 0, 0, 0
8069, 14_0_05, 0, 0, 0, 0, 0, 0, 0, 0
8070, 14_0_06, 0, 0, 0, 0, 0, 0, 0, 0
8071, 14_0_07, 0, 0, 0, 0, 0, 0, 0, 0
8072, 14_0_08, 0, 0, 0, 0, 0, 0, 0, 0
8073, 14_0_09, 0, 0, 0, 0, 0, 0, 0, 0
8074, 14_0_10, 0, 0, 0, 0, 0, 0, 0, 0
8075, 14_0_11, 0, 0, 0, 0, 0, 0, 0, 0
8076, 14_0_12, 0, 0, 0, 0, 0, 0, 0, 0
8077, 14_0_13, 0, 0, 0, 0, 0, 0, 0, 0
8078, 14_0_14, 0, 0, 0, 0, 0, 0, 0, 0
8079, 14_0_15, 0, 0, 0, 0, 0, 0, 0, 0
8080, 14_0_16, 0, 0, 0, 0, 0, 0, 0, 0
8081, 14_0_17, 0, 0, 0, 0, 0, 0, 0, 0
8082, 14_0_18, 0, 0, 0, 0, 0, 0, 0, 0
8083, 14_0_19, 0, 0, 0, 0, 0, 0, 0, 0
8084, 14_0_20, 0, 0, 0, 0, 0, 0, 0, 0
8085, 14_0_21, 0, 0, 0, 0, 0, 0, 0, 0
8086, 14_0_22, 0, 0, 0, 0, 0, 0, 0, 0
8087, 14_0_23, 0, 0, 0, 0, 0, 0, 0, 0
8088, 14_0_24, 0, 0, 0, 0, 0, 0, 0, 0
8089, 14_0_25, 0, 0, 0, 0, 0, 0, 0, 0
8090, 14_0_26, 0, 0, 0, 0, 0, 0, 0, 0
8091, 14_0_27, 0, 0, 0, 0, 0, 0, 0, 0
8092, 14_0_28, 0, 0, 0, 0, 0, 0, 0, 0
8093, 14_0_29, 0, 0, 0, 0, 0, 0, 0, 0
8094, 14_0_30, 0, 0, 0, 0, 0, 0, 0, 0
8095, 14_0_31, 0, 0, 0, 0, 0, 0, 0, 0
8096, 14_0_32, 0, 0, 0, 0, 0, 0, 0, 0
8097, 14_0_33, 0, 0, 0, 0, 0, 0, 0, 0
8098, 14_0_34, 0, 0, 0, 0, 0, 0, 0, 0
8099, 14_0_35, 0, 0, 0, 0, 0, 0, 0, 0
8100, 14_0_36, 0, 0, 0, 0, 0, 0, 0, 0
8101, 14_0_37, 0, 0, 0, 0, 0, 0, 0, 0
8102, 14_0_38, 0, 0, 0, 0, 0, 0, 0, 0
8103, 14_0_39, 0, 0, 0, 0, 0, 0, 0, 0
8104, 14_0_40, 0, 0, 0, 0, 0, 0, 0, 0
8105, 14_0_41, 0, 0, 0, 0, 0, 0, 0, 0
8106, 14_0_42, 0, 0, 0, 0, 0, 0, 0, 0
8107, 14_0_43, 0, 0, 0, 0, 0, 0, 0, 0
8108, 14_0_44, 0, 0, 0, 0, 0, 0, 0, 0
8109, 14_0_45, 0, 0, 0, 0, 0, 0, 0, 0
8110, 14_0_46, 0, 0, 0, 0, 0, 0, 0, 0
8111, 14_0_47, 0, 0, 0, 0, 0, 0, 0, 0
8112, 14_0_48, 0, 0, 0, 0, 0, 0, 0, 0
8113, 14_0_49, 0, 0, 0, 0, 0, 0, 0, 0
8114, 14_0_50, 0, 0, 0, 0, 0, 0, 0, 0
8115, 14_0_51, 0, 0, 0, 0, 0, 0, 0, 0
8116, 14_0_52, 0, 0, 0, 0, 0, 0, 0, 0
8117, 14_0_53, 0, 0, 0, 0, 0, 0, 0, 0
8118, 14_0_54, 0, 0, 0, 0, 0, 0, 0, 0
8119, 14_0_55, 0, 0, 0, 0, 0, 0, 0, 0
8120, 14_0_56, 0, 0, 0, 0, 0, 0, 0, 0
8121, 14_0_57, 0, 0, 0, 0, 0, 0, 0, 0
8122, 14_0_58, 0, 0, 0, 0, 0, 0, 0, 0
8123, 14_0_59, 0, 0, 0, 0, 0, 0, 0, 0
8124, 14_0_60, 0, 0, 0, 0, 0, 0, 0, 0
8125, 14_0_61, 0, 0, 0, 0, 0, 0, 0, 0
8126, 14_0_62, 0, 0, 0, 0, 0, 0, 0, 0
8127, 14_0_63, 0, 0, 0, 0, 0, 0, 0, 0
8128, 14_0_64, 0, 0, 0, 0, 0, 0, 0, 0
8129, 14_0_65, 0, 0, 0, 0, 0, 0, 0, 0
8130, 14_0_66, 0, 0, 0, 0, 0, 0, 0, 0
8131, 14_0_67, 0, 0, 0, 0, 0, 0, 0, 0
8132, 14_0_68, 0, 0, 0, 0, 0, 0, 0, 0
8133, 14_0_69, 0, 0, 0, 0, 0, 0, 0, 0
8134, 14_0_70, 0, 0, 0, 0, 0, 0, 0, 0
8135, 14_0_71, 0, 0, 0, 0, 0, 0, 0, 0
8136, 14_0_72, 0, 0, 0, 0, 0, 0, 0, 0
8137, 14_0_73, 0, 0, 0, 0, 0, 0, 0, 0
8138, 14_0_74, 0, 0, 0, 0, 0, 0, 0, 0
8139, 14_0_75, 0, 0, 0, 0, 0, 0, 0, 0
8140, 14_0_76, 0, 0, 0, 0, 0, 0, 0, 0
8141, 14_0_77, 0, 0, 0, 0, 0, 0, 0, 0
8142, 14_0_78, 0, 0, 0, 0, 0, 0, 0, 0
8143, 14_0_79, 0, 0, 0, 0, 0, 0, 0, 0
8144, 14_0_80, 0, 0, 0, 0, 0, 0, 0, 0
8145, 14_0_81, 0, 0, 0, 0, 0, 0, 0, 0
8146, 14_0_82, 0, 0, 0, 0, 0, 0, 0, 0
8147, 14_0_83, 0, 0, 0, 0, 0, 0, 0, 0
8148, 14_0_84, 0, 0, 0, 0, 0, 0, 0, 0
8149, 14_0_85, 0, 0, 0, 0, 0, 0, 0, 0
8150, 14_0_86, 0, 0, 0, 0, 0, 0, 0, 0
8151, 14_0_87, 0, 0, 0, 0, 0, 0, 0, 0
8152, 14_0_88, 0, 0, 0, 0, 0, 0, 0, 0
8153, 14_0_89, 0, 0, 0, 0, 0, 0, 0, 0
8154, 14_0_90, 0, 0, 0, 0, 0, 0, 0, 0
8155, 14_0_91, 0, 0, 0, 0, 0, 0, 0, 0
8156, 14_0_92, 0, 0, 0, 0, 0, 0, 0, 0
8157, 14_0_93, 0, 0, 0, 0, 0, 0, 0, 0
8158, 14_0_94, 0, 0, 0, 0, 0, 0, 0, 0
8159, 14_0_95, 0, 0, 0, 0, 0, 0, 0, 0
8160, 14_1_00, 0, 0, 0, 0, 0, 0, 0, 0
8161, 14_1_01, 0, 0, 0, 0, 0, 0, 0, 0
8162, 14_1_02, 0, 0, 0, 0, 0, 0, 0, 0
8163, 14_1_03, 0, 0, 0, 0, 0, 0, 0, 0
8164, 14_1_04, 0, 0, 0, 0, 0, 0, 0, 0
8165, 14_1_05, 0, 0, 0, 0, 0, 0, 0, 0
8166, 14_1_06, 0, 0, 0, 0, 0, 0, 0, 0
8167, 14_1_07, 0, 0, 0, 0, 0, 0, 0, 0
8168, 14_1_08, 0, 0, 0, 0, 0, 0, 0, 0
8169, 14_1_09, 0, 0, 0, 0, 0, 0, 0, 0
8170, 14_1_10, 0, 0, 0, 0, 0, 0, 0, 0
8171, 14_1_11, 0, 0, 0, 0, 0, 0, 0, 0
8172, 14_1_12, 0, 0, 0, 0, 0, 0, 0, 0
8173, 14_1_13, 0, 0, 0, 0, 0, 0, 0, 0
8174, 14_1_14, 0, 0, 0, 0, 0, 0, 0, 0
8175, 14_1_15, 0, 0, 0, 0, 0, 0, 0, 0
8176, 14_1_16, 0, 0, 0, 0, 0, 0, 0, 0
8177, 14_1_17, 0, 0, 0, 0, 0, 0, 0, 0
8178, 14_1_18, 0, 0, 0, 0, 0, 0, 0, 0
8179, 14_1_19, 0, 0, 0, 0, 0, 0, 0, 0
8180, 14_1_20, 0, 0, 0, 0, 0, 0, 0, 0
8181, 14_1_21, 0, 0, 0, 0, 0, 0, 0, 0
8182, 14_1_22, 0, 0, 0, 0, 0, 0, 0, 0
8183, 14_1_23, 0, 0, 0, 0, 0, 0, 0, 0
8184, 14_1_24, 0, 0, 0, 0, 0, 0, 0, 0
8185, 14_1_25, 0, 0, 0, 0, 0, 0, 0, 0
8186, 14_1_26, 0, 0, 0, 0, 0, 0, 0, 0
8187, 14_1_27, 0, 0, 0, 0, 0, 0, 0, 0
8188, 14_1_28, 0, 0, 0, 0, 0, 0, 0, 0
8189, 14_1_29, 0, 0, 0, 0, 0, 0, 0, 0
8190, 14_1_30, 0, 0, 0, 0, 0, 0, 0, 0
8191, 14_1_31, 0, 0, 0, 0, 0, 0, 0, 0
8192, 14_1_32, 0, 0, 0, 0, 0, 0, 0, 0
8193, 14_1_33, 0, 0, 0, 0, 0, 0, 0, 0
8194, 14_1_34, 0, 0, 0, 0, 0, 0, 0, 0
8195, 14_1_35, 0, 0, 0, 0, 0, 0, 0, 0
8196, 14_1_36, 0, 0, 0, 0, 0, 0, 0, 0
8197, 14_1_37, 0, 0, 0, 0, 0, 0, 0, 0
8198, 14_1_38, 0, 0, 0, 0, 0, 0, 0, 0
8199, 14_1_39, 0, 0, 0, 0, 0, 0, 0, 0
8200, 14_1_40, 0, 0, 0, 0, 0, 0, 0, 0
8201, 14_1_41, 0, 0, 0, 0, 0, 0, 0, 0
8202, 14_1_42, 0, 0, 0, 0, 0, 0, 0, 0
8203, 14_1_43, 0, 0, 0, 0, 0, 0, 0, 0
8204, 14_1_44, 0, 0, 0, 0, 0, 0, 0, 0
8205, 14_1_45, 0, 0, 0, 0, 0, 0, 0, 0
8206, 14_1_46, 0, 0, 0, 0, 0, 0, 0, 0
8207, 14_1_47, 0, 0, 0, 0, 0, 0, 0, 0
8208, 14_1_48, 0, 0, 0, 0, 0, 0, 0, 0
8209, 14_1_49, 0, 0, 0, 0, 0, 0, 0, 0
8210, 14_1_50, 0, 0, 0, 0, 0, 0, 0, 0
8211, 14_1_51, 0, 0, 0, 0, 0, 0, 0, 0
8212, 14_1_52, 0, 0, 0, 0, 0, 0, 0, 0
8213, 14_1_53, 0, 0, 0, 0, 0, 0, 0, 0
8214, 14_1_54, 0, 0, 0, 0, 0, 0, 0, 0
8215, 14_1_55, 0, 0, 0, 0, 0, 0, 0, 0
8216, 14_1_56, 0, 0, 0, 0, 0, 0, 0, 0
8217, 14_1_57, 0, 0, 0, 0, 0, 0, 0, 0
8218, 14_1_58, 0, 0, 0, 0, 0, 0, 0, 0
8219, 14_1_59, 0, 0, 0, 0, 0, 0, 0, 0
8220, 14_1_60, 0, 0, 0, 0, 0, 0, 0, 0
8221, 14_1_61, 0, 0, 0, 0, 0, 0, 0, 0
8222, 14_1_62, 0, 0, 0, 0, 0, 0, 0, 0
8223, 14_1_63, 0, 0, 0, 0, 0, 0, 0, 0
8224, 14_1_64, 0, 0, 0, 0, 0, 0, 0, 0
8225, 14_1_65, 0, 0, 0, 0, 0, 0, 0, 0
8226, 14_1_66, 0, 0, 0, 0, 0, 0, 0, 0
8227, 14_1_67, 0, 0, 0, 0, 0, 0, 0, 0
8228, 14_1_68, 0, 0, 0, 0, 0, 0, 0, 0
8229, 14_1_69, 0, 0, 0, 0, 0, 0, 0, 0
8230, 14_1_70, 0, 0, 0, 0, 0, 0, 0, 0
8231, 14_1_71, 0, 0, 0, 0, 0, 0, 0, 0
8232, 14_1_72, 0, 0, 0, 0, 0, 0, 0, 0
8233, 14_1_73, 0, 0, 0, 0, 0, 0, 0, 0
8234, 14_1_74, 0, 0, 0, 0, 0, 0, 0, 0
8235, 14_1_75, 0, 0, 0, 0, 0, 0, 0, 0
8236, 14_1_76, 0, 0, 0, 0, 0, 0, 0, 0
8237, 14_1_77, 0, 0, 0, 0, 0, 0, 0, 0
8238, 14_1_78, 0, 0, 0, 0, 0, 0, 0, 0
8239, 14_1_79, 0, 0, 0, 0, 0, 0, 0, 0
8240, 14_1_80, 0, 0, 0, 0, 0, 0, 0, 0
8241, 14_1_81, 0, 0, 0, 0, 0, 0, 0, 0
8242, 14_1_82, 0, 0, 0, 0, 0, 0, 0, 0
8243, 14_1_83, 0, 0, 0, 0, 0, 0, 0, 0
8244, 14_1_84, 0, 0, 0, 0, 0, 0, 0, 0
8245, 14_1_85, 0, 0, 0, 0, 0, 0, 0, 0
8246, 14_1_86, 0, 0, 0, 0, 0, 0, 0, 0
8247, 14_1_87, 0, 0, 0, 0, 0, 0, 0, 0
8248, 14_1_88, 0, 0, 0, 0, 0, 0, 0, 0
8249, 14_1_89, 0, 0, 0, 0, 0, 0, 0, 0
8250, 14_1_90, 0, 0, 0, 0, 0, 0, 0, 0
8251, 14_1_91, 0, 0, 0, 0, 0, 0, 0, 0
8252, 14_1_92, 0, 0, 0, 0, 0, 0, 0, 0
8253, 14_1_93, 0, 0, 0, 0, 0, 0, 0, 0
8254, 14_1_94, 0, 0, 0, 0, 0, 0, 0, 0
8255, 14_1_95, 0, 0, 0, 0, 0, 0, 0, 0
8256, 14_2_00, 0, 0, 0, 0, 0, 0, 0, 0
8257, 14_2_01, 0, 0, 0, 0, 0, 0, 0, 0
8258, 14_2_02, 0, 0, 0, 0, 0, 0, 0, 0
8259, 14_2_03, 0, 0, 0, 0, 0, 0, 0, 0
8260, 14_2_04, 0, 0, 0, 0, 0, 0, 0, 0
8261, 14_2_05, 0, 0, 0, 0, 0, 0, 0, 0
8262, 14_2_06, 0, 0, 0, 0, 0, 0, 0, 0
8263, 14_2_07, 0, 0, 0, 0, 0, 0, 0, 0
8264, 14_2_08, 0, 0, 0, 0, 0, 0, 0, 0
8265, 14_2_09, 0, 0, 0, 0, 0, 0, 0, 0
8266, 14_2_10, 0, 0, 0, 0, 0, 0, 0, 0
8267, 14_2_11, 0, 0, 0, 0, 0, 0, 0, 0
8268, 14_2_12, 0, 0, 0, 0, 0, 0, 0, 0
8269, 14_2_13, 0, 0, 0, 0, 0, 0, 0, 0
8270, 14_2_14, 0, 0, 0, 0, 0, 0, 0, 0
8271, 14_2_15, 0, 0, 0, 0, 0, 0, 0, 0
8272, 14_2_16, 0, 0, 0, 0, 0, 0, 0, 0
8273, 14_2_17, 0, 0, 0, 0, 0, 0, 0, 0
8274, 14_2_18, 0, 0, 0, 0, 0, 0, 0, 0
8275, 14_2_19, 0, 0, 0, 0, 0, 0, 0, 0
8276, 14_2_20, 0, 0, 0, 0, 0, 0, 0, 0
8277, 14_2_21, 0, 0, 0, 0, 0, 0, 0, 0
8278, 14_2_22, 0, 0, 0, 0, 0, 0, 0, 0
8279, 14_2_23, 0, 0, 0, 0, 0, 0, 0, 0
8280, 14_2_24, 0, 0, 0, 0, 0, 0, 0, 0
8281, 14_2_25, 0, 0, 0, 0, 0, 0, 0, 0
8282, 14_2_26, 0, 0, 0, 0, 0, 0, 0, 0
8283, 14_2_27, 0, 0, 0, 0, 0, 0, 0, 0
8284, 14_2_28, 0, 0, 0, 0, 0, 0, 0, 0
8285, 14_2_29, 0, 0, 0, 0, 0, 0, 0, 0
8286, 14_2_30, 0, 0, 0, 0, 0, 0, 0, 0
8287, 14_2_31, 0, 0, 0, 0, 0, 0, 0, 0
8288, 14_2_32, 0, 0, 0, 0, 0, 0, 0, 0
8289, 14_2_33, 0, 0, 0, 0, 0, 0, 0, 0
8290, 14_2_34, 0, 0, 0, 0, 0, 0, 0, 0
8291, 14_2_35, 0, 0, 0, 0, 0, 0, 0, 0
8292, 14_2_36, 0, 0, 0, 0, 0, 0, 0, 0
8293, 14_2_37, 0, 0, 0, 0, 0, 0, 0, 0
8294, 14_2_38, 0, 0, 0, 0, 0, 0, 0, 0
8295, 14_2_39, 0, 0, 0, 0, 0, 0, 0, 0
8296, 14_2_40, 0, 0, 0, 0, 0, 0, 0, 0
8297, 14_2_41, 0, 0, 0, 0, 0, 0, 0, 0
8298, 14_2_42, 0, 0, 0, 0, 0, 0, 0, 0
8299, 14_2_43, 0, 0, 0, 0, 0, 0, 0, 0
8300, 14_2_44, 0, 0, 0, 0, 0, 0, 0, 0
8301, 14_2_45, 0, 0, 0, 0, 0, 0, 0, 0
8302, 14_2_46, 0, 0, 0, 0, 0, 0, 0, 0
8303, 14_2_47, 0, 0, 0, 0, 0, 0, 0, 0
8304, 14_2_48, 0, 0, 0, 0, 0, 0, 0, 0
8305, 14_2_49, 0, 0, 0, 0, 0, 0, 0, 0
8306, 14_2_50, 0, 0, 0, 0, 0, 0, 0, 0
8307, 14_2_51, 0, 0, 0, 0, 0, 0, 0, 0
8308, 14_2_52, 0, 0, 0, 0, 0, 0, 0, 0
8309, 14_2_53, 0, 0, 0, 0, 0, 0, 0, 0
8310, 14_2_54, 0, 0, 0, 0, 0, 0, 0, 0
8311, 14_2_55, 0, 0, 0, 0, 0, 0, 0, 0
8312, 14_2_56, 0, 0, 0, 0, 0, 0, 0, 0
8313, 14_2_57, 0, 0, 0, 0, 0, 0, 0, 0
8314, 14_2_58, 0, 0, 0, 0, 0, 0, 0, 0
8315, 14_2_59, 0, 0, 0, 0, 0, 0, 0, 0
8316, 14_2_60, 0, 0, 0, 0, 0, 0, 0, 0
8317, 14_2_61, 0, 0, 0, 0, 0, 0, 0, 0
8318, 14_2_62, 0, 0, 0, 0, 0, 0, 0, 0
8319, 14_2_63, 0, 0, 0, 0, 0, 0, 0, 0
8320, 14_2_64, 0, 0, 0, 0, 0, 0, 0, 0
8321, 14_2_65, 0, 0, 0, 0, 0, 0, 0, 0
8322, 14_2_66, 0, 0, 0, 0, 0, 0, 0, 0
8323, 14_2_67, 0, 0, 0, 0, 0, 0, 0, 0
8324, 14_2_68, 0, 0, 0, 0, 0, 0, 0, 0
8325, 14_2_69, 0, 0, 0, 0, 0, 0, 0, 0
8326, 14_2_70, 0, 0, 0, 0, 0, 0, 0, 0
8327, 14_2_71, 0, 0, 0, 0, 0, 0, 0, 0
8328, 14_2_72, 0, 0, 0, 0, 0, 0, 0, 0
8329, 14_2_73, 0, 0, 0, 0, 0, 0, 0, 0
8330, 14_2_74, 0, 0, 0, 0, 0, 0, 0, 0
8331, 14_2_75, 0, 0, 0, 0, 0, 0, 0, 0
8332, 14_2_76, 0, 0, 0, 0, 0, 0, 0, 0
8333, 14_2_77, 0, 0, 0, 0, 0, 0, 0, 0
8334, 14_2_78, 0, 0, 0, 0, 0, 0, 0, 0
8335, 14_2_79, 0, 0, 0, 0, 0, 0, 0, 0
8336, 14_2_80, 0, 0, 0, 0, 0, 0, 0, 0
8337, 14_2_81, 0, 0, 0, 0, 0, 0, 0, 0
8338, 14_2_82, 0, 0, 0, 0, 0, 0, 0, 0
8339, 14_2_83, 0, 0, 0, 0, 0, 0, 0, 0
8340, 14_2_84, 0, 0, 0, 0, 0, 0, 0, 0
8341, 14_2_85, 0, 0, 0, 0, 0, 0, 0, 0
8342, 14_2_86, 0, 0, 0, 0, 0, 0, 0, 0
8343, 14_2_87, 0, 0, 0, 0, 0, 0, 0, 0
8344, 14_2_88, 0, 0, 0, 0, 0, 0, 0, 0
8345, 14_2_89, 0, 0, 0, 0, 0, 0, 0, 0
8346, 14_2_90, 0, 0, 0, 0, 0, 0, 0, 0
8347, 14_2_91, 0, 0, 0, 0, 0, 0, 0, 0
8348, 14_2_92, 0, 0, 0, 0, 0, 0, 0, 0
8349, 14_2_93, 0, 0, 0, 0, 0, 0, 0, 0
8350, 14_2_94, 0, 0, 0, 0, 0, 0, 0, 0
8351, 14_2_95, 0, 0, 0, 0, 0, 0, 0, 0
8352, 14_3_00, 0, 0, 0, 0, 0, 0, 0, 0
8353, 14_3_01, 0, 0, 0, 0, 0, 0, 0, 0
8354, 14_3_02, 0, 0, 0, 0, 0, 0, 0, 0
8355, 14_3_03, 0, 0, 0, 0, 0, 0, 0, 0
8356, 14_3_04, 0, 0, 0, 0, 0, 0, 0, 0
8357, 14_3_05, 0, 0, 0, 0, 0, 0, 0, 0
8358, 14_3_06, 0, 0, 0, 0, 0, 0, 0, 0
8359, 14_3_07, 0, 0, 0, 0, 0, 0, 0, 0
8360, 14_3_08, 0, 0, 0, 0, 0, 0, 0, 0
8361, 14_3_09, 0, 0, 0, 0, 0, 0, 0, 0
8362, 14_3_10, 0, 0, 0, 0, 0, 0, 0, 0
8363, 14_3_11, 0, 0, 0, 0, 0, 0, 0, 0
8364, 14_3_12, 0, 0, 0, 0, 0, 0, 0, 0
8365, 14_3_13, 0, 0, 0, 0, 0, 0, 0, 0
8366, 14_3_14, 0, 0, 0, 0, 0, 0, 0, 0
8367, 14_3_15, 0, 0, 0, 0, 0, 0, 0, 0
8368, 14_3_16, 0, 0, 0, 0, 0, 0, 0, 0
8369, 14_3_17, 0, 0, 0, 0, 0, 0, 0, 0
8370, 14_3_18, 0, 0, 0, 0, 0, 0, 0, 0
8371, 14_3_19, 0, 0, 0, 0, 0, 0, 0, 0
8372, 14_3_20, 0, 0, 0, 0, 0, 0, 0, 0
8373, 14_3_21, 0, 0, 0, 0, 0, 0, 0, 0
8374, 14_3_22, 0, 0, 0, 0, 0, 0, 0, 0
8375, 14_3_23, 0, 0, 0, 0, 0, 0, 0, 0
8376, 14_3_24, 0, 0, 0, 0, 0, 0, 0, 0
8377, 14_3_25, 0, 0, 0, 0, 0, 0, 0, 0
8378, 14_3_26, 0, 0, 0, 0, 0, 0, 0, 0
8379, 14_3_27, 0, 0, 0, 0, 0, 0, 0, 0
8380, 14_3_28, 0, 0, 0, 0, 0, 0, 0, 0
8381, 14_3_29, 0, 0, 0, 0, 0, 0, 0, 0
8382, 14_3_30, 0, 0, 0, 0, 0, 0, 0, 0
8383, 14_3_31, 0, 0, 0, 0, 0, 0, 0, 0
8384, 14_3_32, 0, 0, 0, 0, 0, 0, 0, 0
8385, 14_3_33, 0, 0, 0, 0, 0, 0, 0, 0
8386, 14_3_34, 0, 0, 0, 0, 0, 0, 0, 0
8387, 14_3_35, 0, 0, 0, 0, 0, 0, 0, 0
8388, 14_3_36, 0, 0, 0, 0, 0, 0, 0, 0
8389, 14_3_37, 0, 0, 0, 0, 0, 0, 0, 0
8390, 14_3_38, 0, 0, 0, 0, 0, 0, 0, 0
8391, 14_3_39, 0, 0, 0, 0, 0, 0, 0, 0
8392, 14_3_40, 0, 0, 0, 0, 0, 0, 0, 0
8393, 14_3_41, 0, 0, 0, 0, 0, 0, 0, 0
8394, 14_3_42, 0, 0, 0, 0, 0, 0, 0, 0
8395, 14_3_43, 0, 0, 0, 0, 0, 0, 0, 0
8396, 14_3_44, 0, 0, 0, 0, 0, 0, 0, 0
8397, 14_3_45, 0, 0, 0, 0, 0, 0, 0, 0
8398, 14_3_46, 0, 0, 0, 0, 0, 0, 0, 0
8399, 14_3_47, 0, 0, 0, 0, 0, 0, 0, 0
8400, 14_3_48, 0, 0, 0, 0, 0, 0, 0, 0
8401, 14_3_49, 0, 0, 0, 0, 0, 0, 0, 0
8402, 14_3_50, 0, 0, 0, 0, 0, 0, 0, 0
8403, 14_3_51, 0, 0, 0, 0, 0, 0, 0, 0
8404, 14_3_52, 0, 0, 0, 0, 0, 0, 0, 0
8405, 14_3_53, 0, 0, 0, 0, 0, 0, 0, 0
8406, 14_3_54, 0, 0, 0, 0, 0, 0, 0, 0
8407, 14_3_55, 0, 0, 0, 0, 0, 0, 0, 0
8408, 14_3_56, 0, 0, 0, 0, 0, 0, 0, 0
8409, 14_3_57, 0, 0, 0, 0, 0, 0, 0, 0
8410, 14_3_58, 0, 0, 0, 0, 0, 0, 0, 0
8411, 14_3_59, 0, 0, 0, 0, 0, 0, 0, 0
8412, 14_3_60, 0, 0, 0, 0, 0, 0, 0, 0
8413, 14_3_61, 0, 0, 0, 0, 0, 0, 0, 0
8414, 14_3_62, 0, 0, 0, 0, 0, 0, 0, 0
8415, 14_3_63, 0, 0, 0, 0, 0, 0, 0, 0
8416, 14_3_64, 0, 0, 0, 0, 0, 0, 0, 0
8417, 14_3_65, 0, 0, 0, 0, 0, 0, 0, 0
8418, 14_3_66, 0, 0, 0, 0, 0, 0, 0, 0
8419, 14_3_67, 0, 0, 0, 0, 0, 0, 0, 0
8420, 14_3_68, 0, 0, 0, 0, 0, 0, 0, 0
8421, 14_3_69, 0, 0, 0, 0, 0, 0, 0, 0
8422, 14_3_70, 0, 0, 0, 0, 0, 0, 0, 0
8423, 14_3_71, 0, 0, 0, 0, 0, 0, 0, 0
8424, 14_3_72, 0, 0, 0, 0, 0, 0, 0, 0
8425, 14_3_73, 0, 0, 0, 0, 0, 0, 0, 0
8426, 14_3_74, 0, 0, 0, 0, 0, 0, 0, 0
8427, 14_3_75, 0, 0, 0, 0, 0, 0, 0, 0
8428, 14_3_76, 0, 0, 0, 0, 0, 0, 0, 0
8429, 14_3_77, 0, 0, 0, 0, 0, 0, 0, 0
8430, 14_3_78, 0, 0, 0, 0, 0, 0, 0, 0
8431, 14_3_79, 0, 0, 0, 0, 0, 0, 0, 0
8432, 14_3_80, 0, 0, 0, 0, 0, 0, 0, 0
8433, 14_3_81, 0, 0, 0, 0, 0, 0, 0, 0
8434, 14_3_82, 0, 0, 0, 0, 0, 0, 0, 0
8435, 14_3_83, 0, 0, 0, 0, 0, 0, 0, 0
8436, 14_3_84, 0, 0, 0, 0, 0, 0, 0, 0
8437, 14_3_85, 0, 0, 0, 0, 0, 0, 0, 0
8438, 14_3_86, 0, 0, 0, 0, 0, 0, 0, 0
8439, 14_3_87, 0, 0, 0, 0, 0, 0, 0, 0
8440, 14_3_88, 0, 0, 0, 0, 0, 0, 0, 0
8441, 14_3_89, 0, 0, 0, 0, 0, 0, 0, 0
8442, 14_3_90, 0, 0, 0, 0, 0, 0, 0, 0
8443, 14_3_91, 0, 0, 0, 0, 0, 0, 0, 0
8444, 14_3_92, 0, 0, 0, 0, 0, 0, 0, 0
8445, 14_3_93, 0, 0, 0, 0, 0, 0, 0, 0
8446, 14_3_94, 0, 0, 0, 0, 0, 0, 0, 0
8447, 14_3_95, 0, 0, 0, 0, 0, 0, 0, 0
8448, 14_4_00, 0, 0, 0, 0, 0, 0, 0, 0
8449, 14_4_01, 0, 0, 0, 0, 0, 0, 0, 0
8450, 14_4_02, 0, 0, 0, 0, 0, 0, 0, 0
8451, 14_4_03, 0, 0, 0, 0, 0, 0, 0, 0
8452, 14_4_04, 0, 0, 0, 0, 0, 0, 0, 0
8453, 14_4_05, 0, 0, 0, 0, 0, 0, 0, 0
8454, 14_4_06, 0, 0, 0, 0, 0, 0, 0, 0
8455, 14_4_07, 0, 0, 0, 0, 0, 0, 0, 0
8456, 14_4_08, 0, 0, 0, 0, 0, 0, 0, 0
8457, 14_4_09, 0, 0, 0, 0, 0, 0, 0, 0
8458, 14_4_10, 0, 0, 0, 0, 0, 0, 0, 0
8459, 14_4_11, 0, 0, 0, 0, 0, 0, 0, 0
8460, 14_4_12, 0, 0, 0, 0, 0, 0, 0, 0
8461, 14_4_13, 0, 0, 0, 0, 0, 0, 0, 0
8462, 14_4_14, 0, 0, 0, 0, 0, 0, 0, 0
8463, 14_4_15, 0, 0, 0, 0, 0, 0, 0, 0
8464, 14_4_16, 0, 0, 0, 0, 0, 0, 0, 0
8465, 14_4_17, 0, 0, 0, 0, 0, 0, 0, 0
8466, 14_4_18, 0, 0, 0, 0, 0, 0, 0, 0
8467, 14_4_19, 0, 0, 0, 0, 0, 0, 0, 0
8468, 14_4_20, 0, 0, 0, 0, 0, 0, 0, 0
8469, 14_4_21, 0, 0, 0, 0, 0, 0, 0, 0
8470, 14_4_22, 0, 0, 0, 0, 0, 0, 0, 0
8471, 14_4_23, 0, 0, 0, 0, 0, 0, 0, 0
8472, 14_4_24, 0, 0, 0, 0, 0, 0, 0, 0
8473, 14_4_25, 0, 0, 0, 0, 0, 0, 0, 0
8474, 14_4_26, 0, 0, 0, 0, 0, 0, 0, 0
8475, 14_4_27, 0, 0, 0, 0, 0, 0, 0, 0
8476, 14_4_28, 0, 0, 0, 0, 0, 0, 0, 0
8477, 14_4_29, 0, 0, 0, 0, 0, 0, 0, 0
8478, 14_4_30, 0, 0, 0, 0, 0, 0, 0, 0
8479, 14_4_31, 0, 0, 0, 0, 0, 0, 0, 0
8480, 14_4_32, 0, 0, 0, 0, 0, 0, 0, 0
8481, 14_4_33, 0, 0, 0, 0, 0, 0, 0, 0
8482, 14_4_34, 0, 0, 0, 0, 0, 0, 0, 0
8483, 14_4_35, 0, 0, 0, 0, 0, 0, 0, 0
8484, 14_4_36, 0, 0, 0, 0, 0, 0, 0, 0
8485, 14_4_37, 0, 0, 0, 0, 0, 0, 0, 0
8486, 14_4_38, 0, 0, 0, 0, 0, 0, 0, 0
8487, 14_4_39, 0, 0, 0, 0, 0, 0, 0, 0
8488, 14_4_40, 0, 0, 0, 0, 0, 0, 0, 0
8489, 14_4_41, 0, 0, 0, 0, 0, 0, 0, 0
8490, 14_4_42, 0, 0, 0, 0, 0, 0, 0, 0
8491, 14_4_43, 0, 0, 0, 0, 0, 0, 0, 0
8492, 14_4_44, 0, 0, 0, 0, 0, 0, 0, 0
8493, 14_4_45, 0, 0, 0, 0, 0, 0, 0, 0
8494, 14_4_46, 0, 0, 0, 0, 0, 0, 0, 0
8495, 14_4_47, 0, 0, 0, 0, 0, 0, 0, 0
8496, 14_4_48, 0, 0, 0, 0, 0, 0, 0, 0
8497, 14_4_49, 0, 0, 0, 0, 0, 0, 0, 0
8498, 14_4_50, 0, 0, 0, 0, 0, 0, 0, 0
8499, 14_4_51, 0, 0, 0, 0, 0, 0, 0, 0
8500, 14_4_52, 0, 0, 0, 0, 0, 0, 0, 0
8501, 14_4_53, 0, 0, 0, 0, 0, 0, 0, 0
8502, 14_4_54, 0, 0, 0, 0, 0, 0, 0, 0
8503, 14_4_55, 0, 0, 0, 0, 0, 0, 0, 0
8504, 14_4_56, 0, 0, 0, 0, 0, 0, 0, 0
8505, 14_4_57, 0, 0, 0, 0, 0, 0, 0, 0
8506, 14_4_58, 0, 0, 0, 0, 0, 0, 0, 0
8507, 14_4_59, 0, 0, 0, 0, 0, 0, 0, 0
8508, 14_4_60, 0, 0, 0, 0, 0, 0, 0, 0
8509, 14_4_61, 0, 0, 0, 0, 0, 0, 0, 0
8510, 14_4_62, 0, 0, 0, 0, 0, 0, 0, 0
8511, 14_4_63, 0, 0, 0, 0, 0, 0, 0, 0
8512, 14_4_64, 0, 0, 0, 0, 0, 0, 0, 0
8513, 14_4_65, 0, 0, 0, 0, 0, 0, 0, 0
8514, 14_4_66, 0, 0, 0, 0, 0, 0, 0, 0
8515, 14_4_67, 0, 0, 0, 0, 0, 0, 0, 0
8516, 14_4_68, 0, 0, 0, 0, 0, 0, 0, 0
8517, 14_4_69, 0, 0, 0, 0, 0, 0, 0, 0
8518, 14_4_70, 0, 0, 0, 0, 0, 0, 0, 0
8519, 14_4_71, 0, 0, 0, 0, 0, 0, 0, 0
8520, 14_4_72, 0, 0, 0, 0, 0, 0, 0, 0
8521, 14_4_73, 0, 0, 0, 0, 0, 0, 0, 0
8522, 14_4_74, 0, 0, 0, 0, 0, 0, 0, 0
8523, 14_4_75, 0, 0, 0, 0, 0, 0, 0, 0
8524, 14_4_76, 0, 0, 0, 0, 0, 0, 0, 0
8525, 14_4_77, 0, 0, 0, 0, 0, 0, 0, 0
8526, 14_4_78, 0, 0, 0, 0, 0, 0, 0, 0
8527, 14_4_79, 0, 0, 0, 0, 0, 0, 0, 0
8528, 14_4_80, 0, 0, 0, 0, 0, 0, 0, 0
8529, 14_4_81, 0, 0, 0, 0, 0, 0, 0, 0
8530, 14_4_82, 0, 0, 0, 0, 0, 0, 0, 0
8531, 14_4_83, 0, 0, 0, 0, 0, 0, 0, 0
8532, 14_4_84, 0, 0, 0, 0, 0, 0, 0, 0
8533, 14_4_85, 0, 0, 0, 0, 0, 0, 0, 0
8534, 14_4_86, 0, 0, 0, 0, 0, 0, 0, 0
8535, 14_4_87, 0, 0, 0, 0, 0, 0, 0, 0
8536, 14_4_88, 0, 0, 0, 0, 0, 0, 0, 0
8537, 14_4_89, 0, 0, 0, 0, 0, 0, 0, 0
8538, 14_4_90, 0, 0, 0, 0, 0, 0, 0, 0
8539, 14_4_91, 0, 0, 0, 0, 0, 0, 0, 0
8540, 14_4_92, 0, 0, 0, 0, 0, 0, 0, 0
8541, 14_4_93, 0, 0, 0, 0, 0, 0, 0, 0
8542, 14_4_94, 0, 0, 0, 0, 0, 0, 0, 0
8543, 14_4_95, 0, 0, 0, 0, 0, 0, 0, 0
8544, 14_5_00, 0, 0, 0, 0, 0, 0, 0, 0
8545, 14_5_01, 0, 0, 0, 0, 0, 0, 0, 0
8546, 14_5_02, 0, 0, 0, 0, 0, 0, 0, 0
8547, 14_5_03, 0, 0, 0, 0, 0, 0, 0, 0
8548, 14_5_04, 0, 0, 0, 0, 0, 0, 0, 0
8549, 14_5_05, 0, 0, 0, 0, 0, 0, 0, 0
8550, 14_5_06, 0, 0, 0, 0, 0, 0, 0, 0
8551, 14_5_07, 0, 0, 0, 0, 0, 0, 0, 0
8552, 14_5_08, 0, 0, 0, 0, 0, 0, 0, 0
8553, 14_5_09, 0, 0, 0, 0, 0, 0, 0, 0
8554, 14_5_10, 0, 0, 0, 0, 0, 0, 0, 0
8555, 14_5_11, 0, 0, 0, 0, 0, 0, 0, 0
8556, 14_5_12, 0, 0, 0, 0, 0, 0, 0, 0
8557, 14_5_13, 0, 0, 0, 0, 0, 0, 0, 0
8558, 14_5_14, 0, 0, 0, 0, 0, 0, 0, 0
8559, 14_5_15, 0, 0, 0, 0, 0, 0, 0, 0
8560, 14_5_16, 0, 0, 0, 0, 0, 0, 0, 0
8561, 14_5_17, 0, 0, 0, 0, 0, 0, 0, 0
8562, 14_5_18, 0, 0, 0, 0, 0, 0, 0, 0
8563, 14_5_19, 0, 0, 0, 0, 0, 0, 0, 0
8564, 14_5_20, 0, 0, 0, 0, 0, 0, 0, 0
8565, 14_5_21, 0, 0, 0, 0, 0, 0, 0, 0
8566, 14_5_22, 0, 0, 0, 0, 0, 0, 0, 0
8567, 14_5_23, 0, 0, 0, 0, 0, 0, 0, 0
8568, 14_5_24, 0, 0, 0, 0, 0, 0, 0, 0
8569, 14_5_25, 0, 0, 0, 0, 0, 0, 0, 0
8570, 14_5_26, 0, 0, 0, 0, 0, 0, 0, 0
8571, 14_5_27, 0, 0, 0, 0, 0, 0, 0, 0
8572, 14_5_28, 0, 0, 0, 0, 0, 0, 0, 0
8573, 14_5_29, 0, 0, 0, 0, 0, 0, 0, 0
8574, 14_5_30, 0, 0, 0, 0, 0, 0, 0, 0
8575, 14_5_31, 0, 0, 0, 0, 0, 0, 0, 0
8576, 14_5_32, 0, 0, 0, 0, 0, 0, 0, 0
8577, 14_5_33, 0, 0, 0, 0, 0, 0, 0, 0
8578, 14_5_34, 0, 0, 0, 0, 0, 0, 0, 0
8579, 14_5_35, 0, 0, 0, 0, 0, 0, 0, 0
8580, 14_5_36, 0, 0, 0, 0, 0, 0, 0, 0
8581, 14_5_37, 0, 0, 0, 0, 0, 0, 0, 0
8582, 14_5_38, 0, 0, 0, 0, 0, 0, 0, 0
8583, 14_5_39, 0, 0, 0, 0, 0, 0, 0, 0
8584, 14_5_40, 0, 0, 0, 0, 0, 0, 0, 0
8585, 14_5_41, 0, 0, 0, 0, 0, 0, 0, 0
8586, 14_5_42, 0, 0, 0, 0, 0, 0, 0, 0
8587, 14_5_43, 0, 0, 0, 0, 0, 0, 0, 0
8588, 14_5_44, 0, 0, 0, 0, 0, 0, 0, 0
8589, 14_5_45, 0, 0, 0, 0, 0, 0, 0, 0
8590, 14_5_46, 0, 0, 0, 0, 0, 0, 0, 0
8591, 14_5_47, 0, 0, 0, 0, 0, 0, 0, 0
8592, 14_5_48, 0, 0, 0, 0, 0, 0, 0, 0
8593, 14_5_49, 0, 0, 0, 0, 0, 0, 0, 0
8594, 14_5_50, 0, 0, 0, 0, 0, 0, 0, 0
8595, 14_5_51, 0, 0, 0, 0, 0, 0, 0, 0
8596, 14_5_52, 0, 0, 0, 0, 0, 0, 0, 0
8597, 14_5_53, 0, 0, 0, 0, 0, 0, 0, 0
8598, 14_5_54, 0, 0, 0, 0, 0, 0, 0, 0
8599, 14_5_55, 0, 0, 0, 0, 0, 0, 0, 0
8600, 14_5_56, 0, 0, 0, 0, 0, 0, 0, 0
8601, 14_5_57, 0, 0, 0, 0, 0, 0, 0, 0
8602, 14_5_58, 0, 0, 0, 0, 0, 0, 0, 0
8603, 14_5_59, 0, 0, 0, 0, 0, 0, 0, 0
8604, 14_5_60, 0, 0, 0, 0, 0, 0, 0, 0
8605, 14_5_61, 0, 0, 0, 0, 0, 0, 0, 0
8606, 14_5_62, 0, 0, 0, 0, 0, 0, 0, 0
8607, 14_5_63, 0, 0, 0, 0, 0, 0, 0, 0
8608, 14_5_64, 0, 0, 0, 0, 0, 0, 0, 0
8609, 14_5_65, 0, 0, 0, 0, 0, 0, 0, 0
8610, 14_5_66, 0, 0, 0, 0, 0, 0, 0, 0
8611, 14_5_67, 0, 0, 0, 0, 0, 0, 0, 0
8612, 14_5_68, 0, 0, 0, 0, 0, 0, 0, 0
8613, 14_5_69, 0, 0, 0, 0, 0, 0, 0, 0
8614, 14_5_70, 0, 0, 0, 0, 0, 0, 0, 0
8615, 14_5_71, 0, 0, 0, 0, 0, 0, 0, 0
8616, 14_5_72, 0, 0, 0, 0, 0, 0, 0, 0
8617, 14_5_73, 0, 0, 0, 0, 0, 0, 0, 0
8618, 14_5_74, 0, 0, 0, 0, 0, 0, 0, 0
8619, 14_5_75, 0, 0, 0, 0, 0, 0, 0, 0
8620, 14_5_76, 0, 0, 0, 0, 0, 0, 0, 0
8621, 14_5_77, 0, 0, 0, 0, 0, 0, 0, 0
8622, 14_5_78, 0, 0, 0, 0, 0, 0, 0, 0
8623, 14_5_79, 0, 0, 0, 0, 0, 0, 0, 0
8624, 14_5_80, 0, 0, 0, 0, 0, 0, 0, 0
8625, 14_5_81, 0, 0, 0, 0, 0, 0, 0, 0
8626, 14_5_82, 0, 0, 0, 0, 0, 0, 0, 0
8627, 14_5_83, 0, 0, 0, 0, 0, 0, 0, 0
8628, 14_5_84, 0, 0, 0, 0, 0, 0, 0, 0
8629, 14_5_85, 0, 0, 0, 0, 0, 0, 0, 0
8630, 14_5_86, 0, 0, 0, 0, 0, 0, 0, 0
8631, 14_5_87, 0, 0, 0, 0, 0, 0, 0, 0
8632, 14_5_88, 0, 0, 0, 0, 0, 0, 0, 0
8633, 14_5_89, 0, 0, 0, 0, 0, 0, 0, 0
8634, 14_5_90, 0, 0, 0, 0, 0, 0, 0, 0
8635, 14_5_91, 0, 0, 0, 0, 0, 0, 0, 0
8636, 14_5_92, 0, 0, 0, 0, 0, 0, 0, 0
8637, 14_5_93, 0, 0, 0, 0, 0, 0, 0, 0
8638, 14_5_94, 0, 0, 0, 0, 0, 0, 0, 0
8639, 14_5_95, 0, 0, 0, 0, 0, 0, 0, 0
8640, 15_0_00, 0, 0, 0, 0, 0, 0, 0, 0
8641, 15_0_01, 0, 0, 0, 0, 0, 0, 0, 0
8642, 15_0_02, 0, 0, 0, 0, 0, 0, 0, 0
8643, 15_0_03, 0, 0, 0, 0, 0, 0, 0, 0
8644, 15_0_04, 0, 0, 0, 0, 0, 0, 0, 0
8645, 15_0_05, 0, 0, 0, 0, 0, 0, 0, 0
8646, 15_0_06, 0, 0, 0, 0, 0, 0, 0, 0
8647, 15_0_07, 0, 0, 0, 0, 0, 0, 0, 0
8648, 15_0_08, 0, 0, 0, 0, 0, 0, 0, 0
8649, 15_0_09, 0, 0, 0, 0, 0, 0, 0, 0
8650, 15_0_10, 0, 0, 0, 0, 0, 0, 0, 0
8651, 15_0_11, 0, 0, 0, 0, 0, 0, 0, 0
8652, 15_0_12, 0, 0, 0, 0, 0, 0, 0, 0
8653, 15_0_13, 0, 0, 0, 0, 0, 0, 0, 0
8654, 15_0_14, 0, 0, 0, 0, 0, 0, 0, 0
8655, 15_0_15, 0, 0, 0, 0, 0, 0, 0, 0
8656, 15_0_16, 0, 0, 0, 0, 0, 0, 0, 0
8657, 15_0_17, 0, 0, 0, 0, 0, 0, 0, 0
8658, 15_0_18, 0, 0, 0, 0, 0, 0, 0, 0
8659, 15_0_19, 0, 0, 0, 0, 0, 0, 0, 0
8660, 15_0_20, 0, 0, 0, 0, 0, 0, 0, 0
8661, 15_0_21, 0, 0, 0, 0, 0, 0, 0, 0
8662, 15_0_22, 0, 0, 0, 0, 0, 0, 0, 0
8663, 15_0_23, 0, 0, 0, 0, 0, 0, 0, 0
8664, 15_0_24, 0, 0, 0, 0, 0, 0, 0, 0
8665, 15_0_25, 0, 0, 0, 0, 0, 0, 0, 0
8666, 15_0_26, 0, 0, 0, 0, 0, 0, 0, 0
8667, 15_0_27, 0, 0, 0, 0, 0, 0, 0, 0
8668, 15_0_28, 0, 0, 0, 0, 0, 0, 0, 0
8669, 15_0_29, 0, 0, 0, 0, 0, 0, 0, 0
8670, 15_0_30, 0, 0, 0, 0, 0, 0, 0, 0
8671, 15_0_31, 0, 0, 0, 0, 0, 0, 0, 0
8672, 15_0_32, 0, 0, 0, 0, 0, 0, 0, 0
8673, 15_0_33, 0, 0, 0, 0, 0, 0, 0, 0
8674, 15_0_34, 0, 0, 0, 0, 0, 0, 0, 0
8675, 15_0_35, 0, 0, 0, 0, 0, 0, 0, 0
8676, 15_0_36, 0, 0, 0, 0, 0, 0, 0, 0
8677, 15_0_37, 0, 0, 0, 0, 0, 0, 0, 0
8678, 15_0_38, 0, 0, 0, 0, 0, 0, 0, 0
8679, 15_0_39, 0, 0, 0, 0, 0, 0, 0, 0
8680, 15_0_40, 0, 0, 0, 0, 0, 0, 0, 0
8681, 15_0_41, 0, 0, 0, 0, 0, 0, 0, 0
8682, 15_0_42, 0, 0, 0, 0, 0, 0, 0, 0
8683, 15_0_43, 0, 0, 0, 0, 0, 0, 0, 0
8684, 15_0_44, 0, 0, 0, 0, 0, 0, 0, 0
8685, 15_0_45, 0, 0, 0, 0, 0, 0, 0, 0
8686, 15_0_46, 0, 0, 0, 0, 0, 0, 0, 0
8687, 15_0_47, 0, 0, 0, 0, 0, 0, 0, 0
8688, 15_0_48, 0, 0, 0, 0, 0, 0, 0, 0
8689, 15_0_49, 0, 0, 0, 0, 0, 0, 0, 0
8690, 15_0_50, 0, 0, 0, 0, 0, 0, 0, 0
8691, 15_0_51, 0, 0, 0, 0, 0, 0, 0, 0
8692, 15_0_52, 0, 0, 0, 0, 0, 0, 0, 0
8693, 15_0_53, 0, 0, 0, 0, 0, 0, 0, 0
8694, 15_0_54, 0, 0, 0, 0, 0, 0, 0, 0
8695, 15_0_55, 0, 0, 0, 0, 0, 0, 0, 0
8696, 15_0_56, 0, 0, 0, 0, 0, 0, 0, 0
8697, 15_0_57, 0, 0, 0, 0, 0, 0, 0, 0
8698, 15_0_58, 0, 0, 0, 0, 0, 0, 0, 0
8699, 15_0_59, 0, 0, 0, 0, 0, 0, 0, 0
8700, 15_0_60, 0, 0, 0, 0, 0, 0, 0, 0
8701, 15_0_61, 0, 0, 0, 0, 0, 0, 0, 0
8702, 15_0_62, 0, 0, 0, 0, 0, 0, 0, 0
8703, 15_0_63, 0, 0, 0, 0, 0, 0, 0, 0
8704, 15_0_64, 0, 0, 0, 0, 0, 0, 0, 0
8705, 15_0_65, 0, 0, 0, 0, 0, 0, 0, 0
8706, 15_0_66, 0, 0, 0, 0, 0, 0, 0, 0
8707, 15_0_67, 0, 0, 0, 0, 0, 0, 0, 0
8708, 15_0_68, 0, 0, 0, 0, 0, 0, 0, 0
8709, 15_0_69, 0, 0, 0, 0, 0, 0, 0, 0
8710, 15_0_70, 0, 0, 0, 0, 0, 0, 0, 0
8711, 15_0_71, 0, 0, 0, 0, 0, 0, 0, 0
8712, 15_0_72, 0, 0, 0, 0, 0, 0, 0, 0
8713, 15_0_73, 0, 0, 0, 0, 0, 0, 0, 0
8714, 15_0_74, 0, 0, 0, 0, 0, 0, 0, 0
8715, 15_0_75, 0, 0, 0, 0, 0, 0, 0, 0
8716, 15_0_76, 0, 0, 0, 0, 0, 0, 0, 0
8717, 15_0_77, 0, 0, 0, 0, 0, 0, 0, 0
8718, 15_0_78, 0, 0, 0, 0, 0, 0, 0, 0
8719, 15_0_79, 0, 0, 0, 0, 0, 0, 0, 0
8720, 15_0_80, 0, 0, 0, 0, 0, 0, 0, 0
8721, 15_0_81, 0, 0, 0, 0, 0, 0, 0, 0
8722, 15_0_82, 0, 0, 0, 0, 0, 0, 0, 0
8723, 15_0_83, 0, 0, 0, 0, 0, 0, 0, 0
8724, 15_0_84, 0, 0, 0, 0, 0, 0, 0, 0
8725, 15_0_85, 0, 0, 0, 0, 0, 0, 0, 0
8726, 15_0_86, 0, 0, 0, 0, 0, 0, 0, 0
8727, 15_0_87, 0, 0, 0, 0, 0, 0, 0, 0
8728, 15_0_88, 0, 0, 0, 0, 0, 0, 0, 0
8729, 15_0_89, 0, 0, 0, 0, 0, 0, 0, 0
8730, 15_0_90, 0, 0, 0, 0, 0, 0, 0, 0
8731, 15_0_91, 0, 0, 0, 0, 0, 0, 0, 0
8732, 15_0_92, 0, 0, 0, 0, 0, 0, 0, 0
8733, 15_0_93, 0, 0, 0, 0, 0, 0, 0, 0
8734, 15_0_94, 0, 0, 0, 0, 0, 0, 0, 0
8735, 15_0_95, 0, 0, 0, 0, 0, 0, 0, 0
8736, 15_1_00, 0, 0, 0, 0, 0, 0, 0, 0
8737, 15_1_01, 0, 0, 0, 0, 0, 0, 0, 0
8738, 15_1_02, 0, 0, 0, 0, 0, 0, 0, 0
8739, 15_1_03, 0, 0, 0, 0, 0, 0, 0, 0
8740, 15_1_04, 0, 0, 0, 0, 0, 0, 0, 0
8741, 15_1_05, 0, 0, 0, 0, 0, 0, 0, 0
8742, 15_1_06, 0, 0, 0, 0, 0, 0, 0, 0
8743, 15_1_07, 0, 0, 0, 0, 0, 0, 0, 0
8744, 15_1_08, 0, 0, 0, 0, 0, 0, 0, 0
8745, 15_1_09, 0, 0, 0, 0, 0, 0, 0, 0
8746, 15_1_10, 0, 0, 0, 0, 0, 0, 0, 0
8747, 15_1_11, 0, 0, 0, 0, 0, 0, 0, 0
8748, 15_1_12, 0, 0, 0, 0, 0, 0, 0, 0
8749, 15_1_13, 0, 0, 0, 0, 0, 0, 0, 0
8750, 15_1_14, 0, 0, 0, 0, 0, 0, 0, 0
8751, 15_1_15, 0, 0, 0, 0, 0, 0, 0, 0
8752, 15_1_16, 0, 0, 0, 0, 0, 0, 0, 0
8753, 15_1_17, 0, 0, 0, 0, 0, 0, 0, 0
8754, 15_1_18, 0, 0, 0, 0, 0, 0, 0, 0
8755, 15_1_19, 0, 0, 0, 0, 0, 0, 0, 0
8756, 15_1_20, 0, 0, 0, 0, 0, 0, 0, 0
8757, 15_1_21, 0, 0, 0, 0, 0, 0, 0, 0
8758, 15_1_22, 0, 0, 0, 0, 0, 0, 0, 0
8759, 15_1_23, 0, 0, 0, 0, 0, 0, 0, 0
8760, 15_1_24, 0, 0, 0, 0, 0, 0, 0, 0
8761, 15_1_25, 0, 0, 0, 0, 0, 0, 0, 0
8762, 15_1_26, 0, 0, 0, 0, 0, 0, 0, 0
8763, 15_1_27, 0, 0, 0, 0, 0, 0, 0, 0
8764, 15_1_28, 0, 0, 0, 0, 0, 0, 0, 0
8765, 15_1_29, 0, 0, 0, 0, 0, 0, 0, 0
8766, 15_1_30, 0, 0, 0, 0, 0, 0, 0, 0
8767, 15_1_31, 0, 0, 0, 0, 0, 0, 0, 0
8768, 15_1_32, 0, 0, 0, 0, 0, 0, 0, 0
8769, 15_1_33, 0, 0, 0, 0, 0, 0, 0, 0
8770, 15_1_34, 0, 0, 0, 0, 0, 0, 0, 0
8771, 15_1_35, 0, 0, 0, 0, 0, 0, 0, 0
8772, 15_1_36, 0, 0, 0, 0, 0, 0, 0, 0
8773, 15_1_37, 0, 0, 0, 0, 0, 0, 0, 0
8774, 15_1_38, 0, 0, 0, 0, 0, 0, 0, 0
8775, 15_1_39, 0, 0, 0, 0, 0, 0, 0, 0
8776, 15_1_40, 0, 0, 0, 0, 0, 0, 0, 0
8777, 15_1_41, 0, 0, 0, 0, 0, 0, 0, 0
8778, 15_1_42, 0, 0, 0, 0, 0, 0, 0, 0
8779, 15_1_43, 0, 0, 0, 0, 0, 0, 0, 0
8780, 15_1_44, 0, 0, 0, 0, 0, 0, 0, 0
8781, 15_1_45, 0, 0, 0, 0, 0, 0, 0, 0
8782, 15_1_46, 0, 0, 0, 0, 0, 0, 0, 0
8783, 15_1_47, 0, 0, 0, 0, 0, 0, 0, 0
8784, 15_1_48, 0, 0, 0, 0, 0, 0, 0, 0
8785, 15_1_49, 0, 0, 0, 0, 0, 0, 0, 0
8786, 15_1_50, 0, 0, 0, 0, 0, 0, 0, 0
8787, 15_1_51, 0, 0, 0, 0, 0, 0, 0, 0
8788, 15_1_52, 0, 0, 0, 0, 0, 0, 0, 0
8789, 15_1_53, 0, 0, 0, 0, 0, 0, 0, 0
8790, 15_1_54, 0, 0, 0, 0, 0, 0, 0, 0
8791, 15_1_55, 0, 0, 0, 0, 0, 0, 0, 0
8792, 15_1_56, 0, 0, 0, 0, 0, 0, 0, 0
8793, 15_1_57, 0, 0, 0, 0, 0, 0, 0, 0
8794, 15_1_58, 0, 0, 0, 0, 0, 0, 0, 0
8795, 15_1_59, 0, 0, 0, 0, 0, 0, 0, 0
8796, 15_1_60, 0, 0, 0, 0, 0, 0, 0, 0
8797, 15_1_61, 0, 0, 0, 0, 0, 0, 0, 0
8798, 15_1_62, 0, 0, 0, 0, 0, 0, 0, 0
8799, 15_1_63, 0, 0, 0, 0, 0, 0, 0, 0
8800, 15_1_64, 0, 0, 0, 0, 0, 0, 0, 0
8801, 15_1_65, 0, 0, 0, 0, 0, 0, 0, 0
8802, 15_1_66, 0, 0, 0, 0, 0, 0, 0, 0
8803, 15_1_67, 0, 0, 0, 0, 0, 0, 0, 0
8804, 15_1_68, 0, 0, 0, 0, 0, 0, 0, 0
8805, 15_1_69, 0, 0, 0, 0, 0, 0, 0, 0
8806, 15_1_70, 0, 0, 0, 0, 0, 0, 0, 0
8807, 15_1_71, 0, 0, 0, 0, 0, 0, 0, 0
8808, 15_1_72, 0, 0, 0, 0, 0, 0, 0, 0
8809, 15_1_73, 0, 0, 0, 0, 0, 0, 0, 0
8810, 15_1_74, 0, 0, 0, 0, 0, 0, 0, 0
8811, 15_1_75, 0, 0, 0, 0, 0, 0, 0, 0
8812, 15_1_76, 0, 0, 0, 0, 0, 0, 0, 0
8813, 15_1_77, 0, 0, 0, 0, 0, 0, 0, 0
8814, 15_1_78, 0, 0, 0, 0, 0, 0, 0, 0
8815, 15_1_79, 0, 0, 0, 0, 0, 0, 0, 0
8816, 15_1_80, 0, 0, 0, 0, 0, 0, 0, 0
8817, 15_1_81, 0, 0, 0, 0, 0, 0, 0, 0
8818, 15_1_82, 0, 0, 0, 0, 0, 0, 0, 0
8819, 15_1_83, 0, 0, 0, 0, 0, 0, 0, 0
8820, 15_1_84, 0, 0, 0, 0, 0, 0, 0, 0
8821, 15_1_85, 0, 0, 0, 0, 0, 0, 0, 0
8822, 15_1_86, 0, 0, 0, 0, 0, 0, 0, 0
8823, 15_1_87, 0, 0, 0, 0, 0, 0, 0, 0
8824, 15_1_88, 0, 0, 0, 0, 0, 0, 0, 0
8825, 15_1_89, 0, 0, 0, 0, 0, 0, 0, 0
8826, 15_1_90, 0, 0, 0, 0, 0, 0, 0, 0
8827, 15_1_91, 0, 0, 0, 0, 0, 0, 0, 0
8828, 15_1_92, 0, 0, 0, 0, 0, 0, 0, 0
8829, 15_1_93, 0, 0, 0, 0, 0, 0, 0, 0
8830, 15_1_94, 0, 0, 0, 0, 0, 0, 0, 0
8831, 15_1_95, 0, 0, 0, 0, 0, 0, 0, 0
8832, 15_2_00, 0, 0, 0, 0, 0, 0, 0, 0
8833, 15_2_01, 0, 0, 0, 0, 0, 0, 0, 0
8834, 15_2_02, 0, 0, 0, 0, 0, 0, 0, 0
8835, 15_2_03, 0, 0, 0, 0, 0, 0, 0, 0
8836, 15_2_04, 0, 0, 0, 0, 0, 0, 0, 0
8837, 15_2_05, 0, 0, 0, 0, 0, 0, 0, 0
8838, 15_2_06, 0, 0, 0, 0, 0, 0, 0, 0
8839, 15_2_07, 0, 0, 0, 0, 0, 0, 0, 0
8840, 15_2_08, 0, 0, 0, 0, 0, 0, 0, 0
8841, 15_2_09, 0, 0, 0, 0, 0, 0, 0, 0
8842, 15_2_10, 0, 0, 0, 0, 0, 0, 0, 0
8843, 15_2_11, 0, 0, 0, 0, 0, 0, 0, 0
8844, 15_2_12, 0, 0, 0, 0, 0, 0, 0, 0
8845, 15_2_13, 0, 0, 0, 0, 0, 0, 0, 0
8846, 15_2_14, 0, 0, 0, 0, 0, 0, 0, 0
8847, 15_2_15, 0, 0, 0, 0, 0, 0, 0, 0
8848, 15_2_16, 0, 0, 0, 0, 0, 0, 0, 0
8849, 15_2_17, 0, 0, 0, 0, 0, 0, 0, 0
8850, 15_2_18, 0, 0, 0, 0, 0, 0, 0, 0
8851, 15_2_19, 0, 0, 0, 0, 0, 0, 0, 0
8852, 15_2_20, 0, 0, 0, 0, 0, 0, 0, 0
8853, 15_2_21, 0, 0, 0, 0, 0, 0, 0, 0
8854, 15_2_22, 0, 0, 0, 0, 0, 0, 0, 0
8855, 15_2_23, 0, 0, 0, 0, 0, 0, 0, 0
8856, 15_2_24, 0, 0, 0, 0, 0, 0, 0, 0
8857, 15_2_25, 0, 0, 0, 0, 0, 0, 0, 0
8858, 15_2_26, 0, 0, 0, 0, 0, 0, 0, 0
8859, 15_2_27, 0, 0, 0, 0, 0, 0, 0, 0
8860, 15_2_28, 0, 0, 0, 0, 0, 0, 0, 0
8861, 15_2_29, 0, 0, 0, 0, 0, 0, 0, 0
8862, 15_2_30, 0, 0, 0, 0, 0, 0, 0, 0
8863, 15_2_31, 0, 0, 0, 0, 0, 0, 0, 0
8864, 15_2_32, 0, 0, 0, 0, 0, 0, 0, 0
8865, 15_2_33, 0, 0, 0, 0, 0, 0, 0, 0
8866, 15_2_34, 0, 0, 0, 0, 0, 0, 0, 0
8867, 15_2_35, 0, 0, 0, 0, 0, 0, 0, 0
8868, 15_2_36, 0, 0, 0, 0, 0, 0, 0, 0
8869, 15_2_37, 0, 0, 0, 0, 0, 0, 0, 0
8870, 15_2_38, 0, 0, 0, 0, 0, 0, 0, 0
8871, 15_2_39, 0, 0, 0, 0, 0, 0, 0, 0
8872, 15_2_40, 0, 0, 0, 0, 0, 0, 0, 0
8873, 15_2_41, 0, 0, 0, 0, 0, 0, 0, 0
8874, 15_2_42, 0, 0, 0, 0, 0, 0, 0, 0
8875, 15_2_43, 0, 0, 0, 0, 0, 0, 0, 0
8876, 15_2_44, 0, 0, 0, 0, 0, 0, 0, 0
8877, 15_2_45, 0, 0, 0, 0, 0, 0, 0, 0
8878, 15_2_46, 0, 0, 0, 0, 0, 0, 0, 0
8879, 15_2_47, 0, 0, 0, 0, 0, 0, 0, 0
8880, 15_2_48, 0, 0, 0, 0, 0, 0, 0, 0
8881, 15_2_49, 0, 0, 0, 0, 0, 0, 0, 0
8882, 15_2_50, 0, 0, 0, 0, 0, 0, 0, 0
8883, 15_2_51, 0, 0, 0, 0, 0, 0, 0, 0
8884, 15_2_52, 0, 0, 0, 0, 0, 0, 0, 0
8885, 15_2_53, 0, 0, 0, 0, 0, 0, 0, 0
8886, 15_2_54, 0, 0, 0, 0, 0, 0, 0, 0
8887, 15_2_55, 0, 0, 0, 0, 0, 0, 0, 0
8888, 15_2_56, 0, 0, 0, 0, 0, 0, 0, 0
8889, 15_2_57, 0, 0, 0, 0, 0, 0, 0, 0
8890, 15_2_58, 0, 0, 0, 0, 0, 0, 0, 0
8891, 15_2_59, 0, 0, 0, 0, 0, 0, 0, 0
8892, 15_2_60, 0, 0, 0, 0, 0, 0, 0, 0
8893, 15_2_61, 0, 0, 0, 0, 0, 0, 0, 0
8894, 15_2_62, 0, 0, 0, 0, 0, 0, 0, 0
8895, 15_2_63, 0, 0, 0, 0, 0, 0, 0, 0
8896, 15_2_64, 0, 0, 0, 0, 0, 0, 0, 0
8897, 15_2_65, 0, 0, 0, 0, 0, 0, 0, 0
8898, 15_2_66, 0, 0, 0, 0, 0, 0, 0, 0
8899, 15_2_67, 0, 0, 0, 0, 0, 0, 0, 0
8900, 15_2_68, 0, 0, 0, 0, 0, 0, 0, 0
8901, 15_2_69, 0, 0, 0, 0, 0, 0, 0, 0
8902, 15_2_70, 0, 0, 0, 0, 0, 0, 0, 0
8903, 15_2_71, 0, 0, 0, 0, 0, 0, 0, 0
8904, 15_2_72, 0, 0, 0, 0, 0, 0, 0, 0
8905, 15_2_73, 0, 0, 0, 0, 0, 0, 0, 0
8906, 15_2_74, 0, 0, 0, 0, 0, 0, 0, 0
8907, 15_2_75, 0, 0, 0, 0, 0, 0, 0, 0
8908, 15_2_76, 0, 0, 0, 0, 0, 0, 0, 0
8909, 15_2_77, 0, 0, 0, 0, 0, 0, 0, 0
8910, 15_2_78, 0, 0, 0, 0, 0, 0, 0, 0
8911, 15_2_79, 0, 0, 0, 0, 0, 0, 0, 0
8912, 15_2_80, 0, 0, 0, 0, 0, 0, 0, 0
8913, 15_2_81, 0, 0, 0, 0, 0, 0, 0, 0
8914, 15_2_82, 0, 0, 0, 0, 0, 0, 0, 0
8915, 15_2_83, 0, 0, 0, 0, 0, 0, 0, 0
8916, 15_2_84, 0, 0, 0, 0, 0, 0, 0, 0
8917, 15_2_85, 0, 0, 0, 0, 0, 0, 0, 0
8918, 15_2_86, 0, 0, 0, 0, 0, 0, 0, 0
8919, 15_2_87, 0, 0, 0, 0, 0, 0, 0, 0
8920, 15_2_88, 0, 0, 0, 0, 0, 0, 0, 0
8921, 15_2_89, 0, 0, 0, 0, 0, 0, 0, 0
8922, 15_2_90, 0, 0, 0, 0, 0, 0, 0, 0
8923, 15_2_91, 0, 0, 0, 0, 0, 0, 0, 0
8924, 15_2_92, 0, 0, 0, 0, 0, 0, 0, 0
8925, 15_2_93, 0, 0, 0, 0, 0, 0, 0, 0
8926, 15_2_94, 0, 0, 0, 0, 0, 0, 0, 0
8927, 15_2_95, 0, 0, 0, 0, 0, 0, 0, 0
8928, 15_3_00, 0, 0, 0, 0, 0, 0, 0, 0
8929, 15_3_01, 0, 0, 0, 0, 0, 0, 0, 0
8930, 15_3_02, 0, 0, 0, 0, 0, 0, 0, 0
8931, 15_3_03, 0, 0, 0, 0, 0, 0, 0, 0
8932, 15_3_04, 0, 0, 0, 0, 0, 0, 0, 0
8933, 15_3_05, 0, 0, 0, 0, 0, 0, 0, 0
8934, 15_3_06, 0, 0, 0, 0, 0, 0, 0, 0
8935, 15_3_07, 0, 0, 0, 0, 0, 0, 0, 0
8936, 15_3_08, 0, 0, 0, 0, 0, 0, 0, 0
8937, 15_3_09, 0, 0, 0, 0, 0, 0, 0, 0
8938, 15_3_10, 0, 0, 0, 0, 0, 0, 0, 0
8939, 15_3_11, 0, 0, 0, 0, 0, 0, 0, 0
8940, 15_3_12, 0, 0, 0, 0, 0, 0, 0, 0
8941, 15_3_13, 0, 0, 0, 0, 0, 0, 0, 0
8942, 15_3_14, 0, 0, 0, 0, 0, 0, 0, 0
8943, 15_3_15, 0, 0, 0, 0, 0, 0, 0, 0
8944, 15_3_16, 0, 0, 0, 0, 0, 0, 0, 0
8945, 15_3_17, 0, 0, 0, 0, 0, 0, 0, 0
8946, 15_3_18, 0, 0, 0, 0, 0, 0, 0, 0
8947, 15_3_19, 0, 0, 0, 0, 0, 0, 0, 0
8948, 15_3_20, 0, 0, 0, 0, 0, 0, 0, 0
8949, 15_3_21, 0, 0, 0, 0, 0, 0, 0, 0
8950, 15_3_22, 0, 0, 0, 0, 0, 0, 0, 0
8951, 15_3_23, 0, 0, 0, 0, 0, 0, 0, 0
8952, 15_3_24, 0, 0, 0, 0, 0, 0, 0, 0
8953, 15_3_25, 0, 0, 0, 0, 0, 0, 0, 0
8954, 15_3_26, 0, 0, 0, 0, 0, 0, 0, 0
8955, 15_3_27, 0, 0, 0, 0, 0, 0, 0, 0
8956, 15_3_28, 0, 0, 0, 0, 0, 0, 0, 0
8957, 15_3_29, 0, 0, 0, 0, 0, 0, 0, 0
8958, 15_3_30, 0, 0, 0, 0, 0, 0, 0, 0
8959, 15_3_31, 0, 0, 0, 0, 0, 0, 0, 0
8960, 15_3_32, 0, 0, 0, 0, 0, 0, 0, 0
8961, 15_3_33, 0, 0, 0, 0, 0, 0, 0, 0
8962, 15_3_34, 0, 0, 0, 0, 0, 0, 0, 0
8963, 15_3_35, 0, 0, 0, 0, 0, 0, 0, 0
8964, 15_3_36, 0, 0, 0, 0, 0, 0, 0, 0
8965, 15_3_37, 0, 0, 0, 0, 0, 0, 0, 0
8966, 15_3_38, 0, 0, 0, 0, 0, 0, 0, 0
8967, 15_3_39, 0, 0, 0, 0, 0, 0, 0, 0
8968, 15_3_40, 0, 0, 0, 0, 0, 0, 0, 0
8969, 15_3_41, 0, 0, 0, 0, 0, 0, 0, 0
8970, 15_3_42, 0, 0, 0, 0, 0, 0, 0, 0
8971, 15_3_43, 0, 0, 0, 0, 0, 0, 0, 0
8972, 15_3_44, 0, 0, 0, 0, 0, 0, 0, 0
8973, 15_3_45, 0, 0, 0, 0, 0, 0, 0, 0
8974, 15_3_46, 0, 0, 0, 0, 0, 0, 0, 0
8975, 15_3_47, 0, 0, 0, 0, 0, 0, 0, 0
8976, 15_3_48, 0, 0, 0, 0, 0, 0, 0, 0
8977, 15_3_49, 0, 0, 0, 0, 0, 0, 0, 0
8978, 15_3_50, 0, 0, 0, 0, 0, 0, 0, 0
8979, 15_3_51, 0, 0, 0, 0, 0, 0, 0, 0
8980, 15_3_52, 0, 0, 0, 0, 0, 0, 0, 0
8981, 15_3_53, 0, 0, 0, 0, 0, 0, 0, 0
8982, 15_3_54, 0, 0, 0, 0, 0, 0, 0, 0
8983, 15_3_55, 0, 0, 0, 0, 0, 0, 0, 0
8984, 15_3_56, 0, 0, 0, 0, 0, 0, 0, 0
8985, 15_3_57, 0, 0, 0, 0, 0, 0, 0, 0
8986, 15_3_58, 0, 0, 0, 0, 0, 0, 0, 0
8987, 15_3_59, 0, 0, 0, 0, 0, 0, 0, 0
8988, 15_3_60, 0, 0, 0, 0, 0, 0, 0, 0
8989, 15_3_61, 0, 0, 0, 0, 0, 0, 0, 0
8990, 15_3_62, 0, 0, 0, 0, 0, 0, 0, 0
8991, 15_3_63, 0, 0, 0, 0, 0, 0, 0, 0
8992, 15_3_64, 0, 0, 0, 0, 0, 0, 0, 0
8993, 15_3_65, 0, 0, 0, 0, 0, 0, 0, 0
8994, 15_3_66, 0, 0, 0, 0, 0, 0, 0, 0
8995, 15_3_67, 0, 0, 0, 0, 0, 0, 0, 0
8996, 15_3_68, 0, 0, 0, 0, 0, 0, 0, 0
8997, 15_3_69, 0, 0, 0, 0, 0, 0, 0, 0
8998, 15_3_70, 0, 0, 0, 0, 0, 0, 0, 0
8999, 15_3_71, 0, 0, 0, 0, 0, 0, 0, 0
9000, 15_3_72, 0, 0, 0, 0, 0, 0, 0, 0
9001, 15_3_73, 0, 0, 0, 0, 0, 0, 0, 0
9002, 15_3_74, 0, 0, 0, 0, 0, 0, 0, 0
9003, 15_3_75, 0, 0, 0, 0, 0, 0, 0, 0
9004, 15_3_76, 0, 0, 0, 0, 0, 0, 0, 0
9005, 15_3_77, 0, 0, 0, 0, 0, 0, 0, 0
9006, 15_3_78, 0, 0, 0, 0, 0, 0, 0, 0
9007, 15_3_79, 0, 0, 0, 0, 0, 0, 0, 0
9008, 15_3_80, 0, 0, 0, 0, 0, 0, 0, 0
9009, 15_3_81, 0, 0, 0, 0, 0, 0, 0, 0
9010, 15_3_82, 0, 0, 0, 0, 0, 0, 0, 0
9011, 15_3_83, 0, 0, 0, 0, 0, 0, 0, 0
9012, 15_3_84, 0, 0, 0, 0, 0, 0, 0, 0
9013, 15_3_85, 0, 0, 0, 0, 0, 0, 0, 0
9014, 15_3_86, 0, 0, 0, 0, 0, 0, 0, 0
9015, 15_3_87, 0, 0, 0, 0, 0, 0, 0, 0
9016, 15_3_88, 0, 0, 0, 0, 0, 0, 0, 0
9017, 15_3_89, 0, 0, 0, 0, 0, 0, 0, 0
9018, 15_3_90, 0, 0, 0, 0, 0, 0, 0, 0
9019, 15_3_91, 0, 0, 0, 0, 0, 0, 0, 0
9020, 15_3_92, 0, 0, 0, 0, 0, 0, 0, 0
9021, 15_3_93, 0, 0, 0, 0, 0, 0, 0, 0
9022, 15_3_94, 0, 0, 0, 0, 0, 0, 0, 0
9023, 15_3_95, 0, 0, 0, 0, 0, 0, 0, 0
9024, 15_4_00, 0, 0, 0, 0, 0, 0, 0, 0
9025, 15_4_01, 0, 0, 0, 0, 0, 0, 0, 0
9026, 15_4_02, 0, 0, 0, 0, 0, 0, 0, 0
9027, 15_4_03, 0, 0, 0, 0, 0, 0, 0, 0
9028, 15_4_04, 0, 0, 0, 0, 0, 0, 0, 0
9029, 15_4_05, 0, 0, 0, 0, 0, 0, 0, 0
9030, 15_4_06, 0, 0, 0, 0, 0, 0, 0, 0
9031, 15_4_07, 0, 0, 0, 0, 0, 0, 0, 0
9032, 15_4_08, 0, 0, 0, 0, 0, 0, 0, 0
9033, 15_4_09, 0, 0, 0, 0, 0, 0, 0, 0
9034, 15_4_10, 0, 0, 0, 0, 0, 0, 0, 0
9035, 15_4_11, 0, 0, 0, 0, 0, 0, 0, 0
9036, 15_4_12, 0, 0, 0, 0, 0, 0, 0, 0
9037, 15_4_13, 0, 0, 0, 0, 0, 0, 0, 0
9038, 15_4_14, 0, 0, 0, 0, 0, 0, 0, 0
9039, 15_4_15, 0, 0, 0, 0, 0, 0, 0, 0
9040, 15_4_16, 0, 0, 0, 0, 0, 0, 0, 0
9041, 15_4_17, 0, 0, 0, 0, 0, 0, 0, 0
9042, 15_4_18, 0, 0, 0, 0, 0, 0, 0, 0
9043, 15_4_19, 0, 0, 0, 0, 0, 0, 0, 0
9044, 15_4_20, 0, 0, 0, 0, 0, 0, 0, 0
9045, 15_4_21, 0, 0, 0, 0, 0, 0, 0, 0
9046, 15_4_22, 0, 0, 0, 0, 0, 0, 0, 0
9047, 15_4_23, 0, 0, 0, 0, 0, 0, 0, 0
9048, 15_4_24, 0, 0, 0, 0, 0, 0, 0, 0
9049, 15_4_25, 0, 0, 0, 0, 0, 0, 0, 0
9050, 15_4_26, 0, 0, 0, 0, 0, 0, 0, 0
9051, 15_4_27, 0, 0, 0, 0, 0, 0, 0, 0
9052, 15_4_28, 0, 0, 0, 0, 0, 0, 0, 0
9053, 15_4_29, 0, 0, 0, 0, 0, 0, 0, 0
9054, 15_4_30, 0, 0, 0, 0, 0, 0, 0, 0
9055, 15_4_31, 0, 0, 0, 0, 0, 0, 0, 0
9056, 15_4_32, 0, 0, 0, 0, 0, 0, 0, 0
9057, 15_4_33, 0, 0, 0, 0, 0, 0, 0, 0
9058, 15_4_34, 0, 0, 0, 0, 0, 0, 0, 0
9059, 15_4_35, 0, 0, 0, 0, 0, 0, 0, 0
9060, 15_4_36, 0, 0, 0, 0, 0, 0, 0, 0
9061, 15_4_37, 0, 0, 0, 0, 0, 0, 0, 0
9062, 15_4_38, 0, 0, 0, 0, 0, 0, 0, 0
9063, 15_4_39, 0, 0, 0, 0, 0, 0, 0, 0
9064, 15_4_40, 0, 0, 0, 0, 0, 0, 0, 0
9065, 15_4_41, 0, 0, 0, 0, 0, 0, 0, 0
9066, 15_4_42, 0, 0, 0, 0, 0, 0, 0, 0
9067, 15_4_43, 0, 0, 0, 0, 0, 0, 0, 0
9068, 15_4_44, 0, 0, 0, 0, 0, 0, 0, 0
9069, 15_4_45, 0, 0, 0, 0, 0, 0, 0, 0
9070, 15_4_46, 0, 0, 0, 0, 0, 0, 0, 0
9071, 15_4_47, 0, 0, 0, 0, 0, 0, 0, 0
9072, 15_4_48, 0, 0, 0, 0, 0, 0, 0, 0
9073, 15_4_49, 0, 0, 0, 0, 0, 0, 0, 0
9074, 15_4_50, 0, 0, 0, 0, 0, 0, 0, 0
9075, 15_4_51, 0, 0, 0, 0, 0, 0, 0, 0
9076, 15_4_52, 0, 0, 0, 0, 0, 0, 0, 0
9077, 15_4_53, 0, 0, 0, 0, 0, 0, 0, 0
9078, 15_4_54, 0, 0, 0, 0, 0, 0, 0, 0
9079, 15_4_55, 0, 0, 0, 0, 0, 0, 0, 0
9080, 15_4_56, 0, 0, 0, 0, 0, 0, 0, 0
9081, 15_4_57, 0, 0, 0, 0, 0, 0, 0, 0
9082, 15_4_58, 0, 0, 0, 0, 0, 0, 0, 0
9083, 15_4_59, 0, 0, 0, 0, 0, 0, 0, 0
9084, 15_4_60, 0, 0, 0, 0, 0, 0, 0, 0
9085, 15_4_61, 0, 0, 0, 0, 0, 0, 0, 0
9086, 15_4_62, 0, 0, 0, 0, 0, 0, 0, 0
9087, 15_4_63, 0, 0, 0, 0, 0, 0, 0, 0
9088, 15_4_64, 0, 0, 0, 0, 0, 0, 0, 0
9089, 15_4_65, 0, 0, 0, 0, 0, 0, 0, 0
9090, 15_4_66, 0, 0, 0, 0, 0, 0, 0, 0
9091, 15_4_67, 0, 0, 0, 0, 0, 0, 0, 0
9092, 15_4_68, 0, 0, 0, 0, 0, 0, 0, 0
9093, 15_4_69, 0, 0, 0, 0, 0, 0, 0, 0
9094, 15_4_70, 0, 0, 0, 0, 0, 0, 0, 0
9095, 15_4_71, 0, 0, 0, 0, 0, 0, 0, 0
9096, 15_4_72, 0, 0, 0, 0, 0, 0, 0, 0
9097, 15_4_73, 0, 0, 0, 0, 0, 0, 0, 0
9098, 15_4_74, 0, 0, 0, 0, 0, 0, 0, 0
9099, 15_4_75, 0, 0, 0, 0, 0, 0, 0, 0
9100, 15_4_76, 0, 0, 0, 0, 0, 0, 0, 0
9101, 15_4_77, 0, 0, 0, 0, 0, 0, 0, 0
9102, 15_4_78, 0, 0, 0, 0, 0, 0, 0, 0
9103, 15_4_79, 0, 0, 0, 0, 0, 0, 0, 0
9104, 15_4_80, 0, 0, 0, 0, 0, 0, 0, 0
9105, 15_4_81, 0, 0, 0, 0, 0, 0, 0, 0
9106, 15_4_82, 0, 0, 0, 0, 0, 0, 0, 0
9107, 15_4_83, 0, 0, 0, 0, 0, 0, 0, 0
9108, 15_4_84, 0, 0, 0, 0, 0, 0, 0, 0
9109, 15_4_85, 0, 0, 0, 0, 0, 0, 0, 0
9110, 15_4_86, 0, 0, 0, 0, 0, 0, 0, 0
9111, 15_4_87, 0, 0, 0, 0, 0, 0, 0, 0
9112, 15_4_88, 0, 0, 0, 0, 0, 0, 0, 0
9113, 15_4_89, 0, 0, 0, 0, 0, 0, 0, 0
9114, 15_4_90, 0, 0, 0, 0, 0, 0, 0, 0
9115, 15_4_91, 0, 0, 0, 0, 0, 0, 0, 0
9116, 15_4_92, 0, 0, 0, 0, 0, 0, 0, 0
9117, 15_4_93, 0, 0, 0, 0, 0, 0, 0, 0
9118, 15_4_94, 0, 0, 0, 0, 0, 0, 0, 0
9119, 15_4_95, 0, 0, 0, 0, 0, 0, 0, 0
9120, 15_5_00, 0, 0, 0, 0, 0, 0, 0, 0
9121, 15_5_01, 0, 0, 0, 0, 0, 0, 0, 0
9122, 15_5_02, 0, 0, 0, 0, 0, 0, 0, 0
9123, 15_5_03, 0, 0, 0, 0, 0, 0, 0, 0
9124, 15_5_04, 0, 0, 0, 0, 0, 0, 0, 0
9125, 15_5_05, 0, 0, 0, 0, 0, 0, 0, 0
9126, 15_5_06, 0, 0, 0, 0, 0, 0, 0, 0
9127, 15_5_07, 0, 0, 0, 0, 0, 0, 0, 0
9128, 15_5_08, 0, 0, 0, 0, 0, 0, 0, 0
9129, 15_5_09, 0, 0, 0, 0, 0, 0, 0, 0
9130, 15_5_10, 0, 0, 0, 0, 0, 0, 0, 0
9131, 15_5_11, 0, 0, 0, 0, 0, 0, 0, 0
9132, 15_5_12, 0, 0, 0, 0, 0, 0, 0, 0
9133, 15_5_13, 0, 0, 0, 0, 0, 0, 0, 0
9134, 15_5_14, 0, 0, 0, 0, 0, 0, 0, 0
9135, 15_5_15, 0, 0, 0, 0, 0, 0, 0, 0
9136, 15_5_16, 0, 0, 0, 0, 0, 0, 0, 0
9137, 15_5_17, 0, 0, 0, 0, 0, 0, 0, 0
9138, 15_5_18, 0, 0, 0, 0, 0, 0, 0, 0
9139, 15_5_19, 0, 0, 0, 0, 0, 0, 0, 0
9140, 15_5_20, 0, 0, 0, 0, 0, 0, 0, 0
9141, 15_5_21, 0, 0, 0, 0, 0, 0, 0, 0
9142, 15_5_22, 0, 0, 0, 0, 0, 0, 0, 0
9143, 15_5_23, 0, 0, 0, 0, 0, 0, 0, 0
9144, 15_5_24, 0, 0, 0, 0, 0, 0, 0, 0
9145, 15_5_25, 0, 0, 0, 0, 0, 0, 0, 0
9146, 15_5_26, 0, 0, 0, 0, 0, 0, 0, 0
9147, 15_5_27, 0, 0, 0, 0, 0, 0, 0, 0
9148, 15_5_28, 0, 0, 0, 0, 0, 0, 0, 0
9149, 15_5_29, 0, 0, 0, 0, 0, 0, 0, 0
9150, 15_5_30, 0, 0, 0, 0, 0, 0, 0, 0
9151, 15_5_31, 0, 0, 0, 0, 0, 0, 0, 0
9152, 15_5_32, 0, 0, 0, 0, 0, 0, 0, 0
9153, 15_5_33, 0, 0, 0, 0, 0, 0, 0, 0
9154, 15_5_34, 0, 0, 0, 0, 0, 0, 0, 0
9155, 15_5_35, 0, 0, 0, 0, 0, 0, 0, 0
9156, 15_5_36, 0, 0, 0, 0, 0, 0, 0, 0
9157, 15_5_37, 0, 0, 0, 0, 0, 0, 0, 0
9158, 15_5_38, 0, 0, 0, 0, 0, 0, 0, 0
9159, 15_5_39, 0, 0, 0, 0, 0, 0, 0, 0
9160, 15_5_40, 0, 0, 0, 0, 0, 0, 0, 0
9161, 15_5_41, 0, 0, 0, 0, 0, 0, 0, 0
9162, 15_5_42, 0, 0, 0, 0, 0, 0, 0, 0
9163, 15_5_43, 0, 0, 0, 0, 0, 0, 0, 0
9164, 15_5_44, 0, 0, 0, 0, 0, 0, 0, 0
9165, 15_5_45, 0, 0, 0, 0, 0, 0, 0, 0
9166, 15_5_46, 0, 0, 0, 0, 0, 0, 0, 0
9167, 15_5_47, 0, 0, 0, 0, 0, 0, 0, 0
9168, 15_5_48, 0, 0, 0, 0, 0, 0, 0, 0
9169, 15_5_49, 0, 0, 0, 0, 0, 0, 0, 0
9170, 15_5_50, 0, 0, 0, 0, 0, 0, 0, 0
9171, 15_5_51, 0, 0, 0, 0, 0, 0, 0, 0
9172, 15_5_52, 0, 0, 0, 0, 0, 0, 0, 0
9173, 15_5_53, 0, 0, 0, 0, 0, 0, 0, 0
9174, 15_5_54, 0, 0, 0, 0, 0, 0, 0, 0
9175, 15_5_55, 0, 0, 0, 0, 0, 0, 0, 0
9176, 15_5_56, 0, 0, 0, 0, 0, 0, 0, 0
9177, 15_5_57, 0, 0, 0, 0, 0, 0, 0, 0
9178, 15_5_58, 0, 0, 0, 0, 0, 0, 0, 0
9179, 15_5_59, 0, 0, 0, 0, 0, 0, 0, 0
9180, 15_5_60, 0, 0, 0, 0, 0, 0, 0, 0
9181, 15_5_61, 0, 0, 0, 0, 0, 0, 0, 0
9182, 15_5_62, 0, 0, 0, 0, 0, 0, 0, 0
9183, 15_5_63, 0, 0, 0, 0, 0, 0, 0, 0
9184, 15_5_64, 0, 0, 0, 0, 0, 0, 0, 0
9185, 15_5_65, 0, 0, 0, 0, 0, 0, 0, 0
9186, 15_5_66, 0, 0, 0, 0, 0, 0, 0, 0
9187, 15_5_67, 0, 0, 0, 0, 0, 0, 0, 0
9188, 15_5_68, 0, 0, 0, 0, 0, 0, 0, 0
9189, 15_5_69, 0, 0, 0, 0, 0, 0, 0, 0
9190, 15_5_70, 0, 0, 0, 0, 0, 0, 0, 0
9191, 15_5_71, 0, 0, 0, 0, 0, 0, 0, 0
9192, 15_5_72, 0, 0, 0, 0, 0, 0, 0, 0
9193, 15_5_73, 0, 0, 0, 0, 0, 0, 0, 0
9194, 15_5_74, 0, 0, 0, 0, 0, 0, 0, 0
9195, 15_5_75, 0, 0, 0, 0, 0, 0, 0, 0
9196, 15_5_76, 0, 0, 0, 0, 0, 0, 0, 0
9197, 15_5_77, 0, 0, 0, 0, 0, 0, 0, 0
9198, 15_5_78, 0, 0, 0, 0, 0, 0, 0, 0
9199, 15_5_79, 0, 0, 0, 0, 0, 0, 0, 0
9200, 15_5_80, 0, 0, 0, 0, 0, 0, 0, 0
9201, 15_5_81, 0, 0, 0, 0, 0, 0, 0, 0
9202, 15_5_82, 0, 0, 0, 0, 0, 0, 0, 0
9203, 15_5_83, 0, 0, 0, 0, 0, 0, 0, 0
9204, 15_5_84, 0, 0, 0, 0, 0, 0, 0, 0
9205, 15_5_85, 0, 0, 0, 0, 0, 0, 0, 0
9206, 15_5_86, 0, 0, 0, 0, 0, 0, 0, 0
9207, 15_5_87, 0, 0, 0, 0, 0, 0, 0, 0
9208, 15_5_88, 0, 0, 0, 0, 0, 0, 0, 0
9209, 15_5_89, 0, 0, 0, 0, 0, 0, 0, 0
9210, 15_5_90, 0, 0, 0, 0, 0, 0, 0, 0
9211, 15_5_91, 0, 0, 0, 0, 0, 0, 0, 0
9212, 15_5_92, 0, 0, 0, 0, 0, 0, 0, 0
9213, 15_5_93, 0, 0, 0, 0, 0, 0, 0, 0
9214, 15_5_94, 0, 0, 0, 0, 0, 0, 0, 0
9215, 15_5_95, 0, 0, 0, 0, 0, 0, 0, 0
9216, 16_0_00, 0, 0, 0, 0, 0, 0, 0, 0
9217, 16_0_01, 0, 0, 0, 0, 0, 0, 0, 0
9218, 16_0_02, 0, 0, 0, 0, 0, 0, 0, 0
9219, 16_0_03, 0, 0, 0, 0, 0, 0, 0, 0
9220, 16_0_04, 0, 0, 0, 0, 0, 0, 0, 0
9221, 16_0_05, 0, 0, 0, 0, 0, 0, 0, 0
9222, 16_0_06, 0, 0, 0, 0, 0, 0, 0, 0
9223, 16_0_07, 0, 0, 0, 0, 0, 0, 0, 0
9224, 16_0_08, 0, 0, 0, 0, 0, 0, 0, 0
9225, 16_0_09, 0, 0, 0, 0, 0, 0, 0, 0
9226, 16_0_10, 0, 0, 0, 0, 0, 0, 0, 0
9227, 16_0_11, 0, 0, 0, 0, 0, 0, 0, 0
9228, 16_0_12, 0, 0, 0, 0, 0, 0, 0, 0
9229, 16_0_13, 0, 0, 0, 0, 0, 0, 0, 0
9230, 16_0_14, 0, 0, 0, 0, 0, 0, 0, 0
9231, 16_0_15, 0, 0, 0, 0, 0, 0, 0, 0
9232, 16_0_16, 0, 0, 0, 0, 0, 0, 0, 0
9233, 16_0_17, 0, 0, 0, 0, 0, 0, 0, 0
9234, 16_0_18, 0, 0, 0, 0, 0, 0, 0, 0
9235, 16_0_19, 0, 0, 0, 0, 0, 0, 0, 0
9236, 16_0_20, 0, 0, 0, 0, 0, 0, 0, 0
9237, 16_0_21, 0, 0, 0, 0, 0, 0, 0, 0
9238, 16_0_22, 0, 0, 0, 0, 0, 0, 0, 0
9239, 16_0_23, 0, 0, 0, 0, 0, 0, 0, 0
9240, 16_0_24, 0, 0, 0, 0, 0, 0, 0, 0
9241, 16_0_25, 0, 0, 0, 0, 0, 0, 0, 0
9242, 16_0_26, 0, 0, 0, 0, 0, 0, 0, 0
9243, 16_0_27, 0, 0, 0, 0, 0, 0, 0, 0
9244, 16_0_28, 0, 0, 0, 0, 0, 0, 0, 0
9245, 16_0_29, 0, 0, 0, 0, 0, 0, 0, 0
9246, 16_0_30, 0, 0, 0, 0, 0, 0, 0, 0
9247, 16_0_31, 0, 0, 0, 0, 0, 0, 0, 0
9248, 16_0_32, 0, 0, 0, 0, 0, 0, 0, 0
9249, 16_0_33, 0, 0, 0, 0, 0, 0, 0, 0
9250, 16_0_34, 0, 0, 0, 0, 0, 0, 0, 0
9251, 16_0_35, 0, 0, 0, 0, 0, 0, 0, 0
9252, 16_0_36, 0, 0, 0, 0, 0, 0, 0, 0
9253, 16_0_37, 0, 0, 0, 0, 0, 0, 0, 0
9254, 16_0_38, 0, 0, 0, 0, 0, 0, 0, 0
9255, 16_0_39, 0, 0, 0, 0, 0, 0, 0, 0
9256, 16_0_40, 0, 0, 0, 0, 0, 0, 0, 0
9257, 16_0_41, 0, 0, 0, 0, 0, 0, 0, 0
9258, 16_0_42, 0, 0, 0, 0, 0, 0, 0, 0
9259, 16_0_43, 0, 0, 0, 0, 0, 0, 0, 0
9260, 16_0_44, 0, 0, 0, 0, 0, 0, 0, 0
9261, 16_0_45, 0, 0, 0, 0, 0, 0, 0, 0
9262, 16_0_46, 0, 0, 0, 0, 0, 0, 0, 0
9263, 16_0_47, 0, 0, 0, 0, 0, 0, 0, 0
9264, 16_0_48, 0, 0, 0, 0, 0, 0, 0, 0
9265, 16_0_49, 0, 0, 0, 0, 0, 0, 0, 0
9266, 16_0_50, 0, 0, 0, 0, 0, 0, 0, 0
9267, 16_0_51, 0, 0, 0, 0, 0, 0, 0, 0
9268, 16_0_52, 0, 0, 0, 0, 0, 0, 0, 0
9269, 16_0_53, 0, 0, 0, 0, 0, 0, 0, 0
9270, 16_0_54, 0, 0, 0, 0, 0, 0, 0, 0
9271, 16_0_55, 0, 0, 0, 0, 0, 0, 0, 0
9272, 16_0_56, 0, 0, 0, 0, 0, 0, 0, 0
9273, 16_0_57, 0, 0, 0, 0, 0, 0, 0, 0
9274, 16_0_58, 0, 0, 0, 0, 0, 0, 0, 0
9275, 16_0_59, 0, 0, 0, 0, 0, 0, 0, 0
9276, 16_0_60, 0, 0, 0, 0, 0, 0, 0, 0
9277, 16_0_61, 0, 0, 0, 0, 0, 0, 0, 0
9278, 16_0_62, 0, 0, 0, 0, 0, 0, 0, 0
9279, 16_0_63, 0, 0, 0, 0, 0, 0, 0, 0
9280, 16_0_64, 0, 0, 0, 0, 0, 0, 0, 0
9281, 16_0_65, 0, 0, 0, 0, 0, 0, 0, 0
9282, 16_0_66, 0, 0, 0, 0, 0, 0, 0, 0
9283, 16_0_67, 0, 0, 0, 0, 0, 0, 0, 0
9284, 16_0_68, 0, 0, 0, 0, 0, 0, 0, 0
9285, 16_0_69, 0, 0, 0, 0, 0, 0, 0, 0
9286, 16_0_70, 0, 0, 0, 0, 0, 0, 0, 0
9287, 16_0_71, 0, 0, 0, 0, 0, 0, 0, 0
9288, 16_0_72, 0, 0, 0, 0, 0, 0, 0, 0
9289, 16_0_73, 0, 0, 0, 0, 0, 0, 0, 0
9290, 16_0_74, 0, 0, 0, 0, 0, 0, 0, 0
9291, 16_0_75, 0, 0, 0, 0, 0, 0, 0, 0
9292, 16_0_76, 0, 0, 0, 0, 0, 0, 0, 0
9293, 16_0_77, 0, 0, 0, 0, 0, 0, 0, 0
9294, 16_0_78, 0, 0, 0, 0, 0, 0, 0, 0
9295, 16_0_79, 0, 0, 0, 0, 0, 0, 0, 0
9296, 16_0_80, 0, 0, 0, 0, 0, 0, 0, 0
9297, 16_0_81, 0, 0, 0, 0, 0, 0, 0, 0
9298, 16_0_82, 0, 0, 0, 0, 0, 0, 0, 0
9299, 16_0_83, 0, 0, 0, 0, 0, 0, 0, 0
9300, 16_0_84, 0, 0, 0, 0, 0, 0, 0, 0
9301, 16_0_85, 0, 0, 0, 0, 0, 0, 0, 0
9302, 16_0_86, 0, 0, 0, 0, 0, 0, 0, 0
9303, 16_0_87, 0, 0, 0, 0, 0, 0, 0, 0
9304, 16_0_88, 0, 0, 0, 0, 0, 0, 0, 0
9305, 16_0_89, 0, 0, 0, 0, 0, 0, 0, 0
9306, 16_0_90, 0, 0, 0, 0, 0, 0, 0, 0
9307, 16_0_91, 0, 0, 0, 0, 0, 0, 0, 0
9308, 16_0_92, 0, 0, 0, 0, 0, 0, 0, 0
9309, 16_0_93, 0, 0, 0, 0, 0, 0, 0, 0
9310, 16_0_94, 0, 0, 0, 0, 0, 0, 0, 0
9311, 16_0_95, 0, 0, 0, 0, 0, 0, 0, 0
9312, 16_1_00, 0, 0, 0, 0, 0, 0, 0, 0
9313, 16_1_01, 0, 0, 0, 0, 0, 0, 0, 0
9314, 16_1_02, 0, 0, 0, 0, 0, 0, 0, 0
9315, 16_1_03, 0, 0, 0, 0, 0, 0, 0, 0
9316, 16_1_04, 0, 0, 0, 0, 0, 0, 0, 0
9317, 16_1_05, 0, 0, 0, 0, 0, 0, 0, 0
9318, 16_1_06, 0, 0, 0, 0, 0, 0, 0, 0
9319, 16_1_07, 0, 0, 0, 0, 0, 0, 0, 0
9320, 16_1_08, 0, 0, 0, 0, 0, 0, 0, 0
9321, 16_1_09, 0, 0, 0, 0, 0, 0, 0, 0
9322, 16_1_10, 0, 0, 0, 0, 0, 0, 0, 0
9323, 16_1_11, 0, 0, 0, 0, 0, 0, 0, 0
9324, 16_1_12, 0, 0, 0, 0, 0, 0, 0, 0
9325, 16_1_13, 0, 0, 0, 0, 0, 0, 0, 0
9326, 16_1_14, 0, 0, 0, 0, 0, 0, 0, 0
9327, 16_1_15, 0, 0, 0, 0, 0, 0, 0, 0
9328, 16_1_16, 0, 0, 0, 0, 0, 0, 0, 0
9329, 16_1_17, 0, 0, 0, 0, 0, 0, 0, 0
9330, 16_1_18, 0, 0, 0, 0, 0, 0, 0, 0
9331, 16_1_19, 0, 0, 0, 0, 0, 0, 0, 0
9332, 16_1_20, 0, 0, 0, 0, 0, 0, 0, 0
9333, 16_1_21, 0, 0, 0, 0, 0, 0, 0, 0
9334, 16_1_22, 0, 0, 0, 0, 0, 0, 0, 0
9335, 16_1_23, 0, 0, 0, 0, 0, 0, 0, 0
9336, 16_1_24, 0, 0, 0, 0, 0, 0, 0, 0
9337, 16_1_25, 0, 0, 0, 0, 0, 0, 0, 0
9338, 16_1_26, 0, 0, 0, 0, 0, 0, 0, 0
9339, 16_1_27, 0, 0, 0, 0, 0, 0, 0, 0
9340, 16_1_28, 0, 0, 0, 0, 0, 0, 0, 0
9341, 16_1_29, 0, 0, 0, 0, 0, 0, 0, 0
9342, 16_1_30, 0, 0, 0, 0, 0, 0, 0, 0
9343, 16_1_31, 0, 0, 0, 0, 0, 0, 0, 0
9344, 16_1_32, 0, 0, 0, 0, 0, 0, 0, 0
9345, 16_1_33, 0, 0, 0, 0, 0, 0, 0, 0
9346, 16_1_34, 0, 0, 0, 0, 0, 0, 0, 0
9347, 16_1_35, 0, 0, 0, 0, 0, 0, 0, 0
9348, 16_1_36, 0, 0, 0, 0, 0, 0, 0, 0
9349, 16_1_37, 0, 0, 0, 0, 0, 0, 0, 0
9350, 16_1_38, 0, 0, 0, 0, 0, 0, 0, 0
9351, 16_1_39, 0, 0, 0, 0, 0, 0, 0, 0
9352, 16_1_40, 0, 0, 0, 0, 0, 0, 0, 0
9353, 16_1_41, 0, 0, 0, 0, 0, 0, 0, 0
9354, 16_1_42, 0, 0, 0, 0, 0, 0, 0, 0
9355, 16_1_43, 0, 0, 0, 0, 0, 0, 0, 0
9356, 16_1_44, 0, 0, 0, 0, 0, 0, 0, 0
9357, 16_1_45, 0, 0, 0, 0, 0, 0, 0, 0
9358, 16_1_46, 0, 0, 0, 0, 0, 0, 0, 0
9359, 16_1_47, 0, 0, 0, 0, 0, 0, 0, 0
9360, 16_1_48, 0, 0, 0, 0, 0, 0, 0, 0
9361, 16_1_49, 0, 0, 0, 0, 0, 0, 0, 0
9362, 16_1_50, 0, 0, 0, 0, 0, 0, 0, 0
9363, 16_1_51, 0, 0, 0, 0, 0, 0, 0, 0
9364, 16_1_52, 0, 0, 0, 0, 0, 0, 0, 0
9365, 16_1_53, 0, 0, 0, 0, 0, 0, 0, 0
9366, 16_1_54, 0, 0, 0, 0, 0, 0, 0, 0
9367, 16_1_55, 0, 0, 0, 0, 0, 0, 0, 0
9368, 16_1_56, 0, 0, 0, 0, 0, 0, 0, 0
9369, 16_1_57, 0, 0, 0, 0, 0, 0, 0, 0
9370, 16_1_58, 0, 0, 0, 0, 0, 0, 0, 0
9371, 16_1_59, 0, 0, 0, 0, 0, 0, 0, 0
9372, 16_1_60, 0, 0, 0, 0, 0, 0, 0, 0
9373, 16_1_61, 0, 0, 0, 0, 0, 0, 0, 0
9374, 16_1_62, 0, 0, 0, 0, 0, 0, 0, 0
9375, 16_1_63, 0, 0, 0, 0, 0, 0, 0, 0
9376, 16_1_64, 0, 0, 0, 0, 0, 0, 0, 0
9377, 16_1_65, 0, 0, 0, 0, 0, 0, 0, 0
9378, 16_1_66, 0, 0, 0, 0, 0, 0, 0, 0
9379, 16_1_67, 0, 0, 0, 0, 0, 0, 0, 0
9380, 16_1_68, 0, 0, 0, 0, 0, 0, 0, 0
9381, 16_1_69, 0, 0, 0, 0, 0, 0, 0, 0
9382, 16_1_70, 0, 0, 0, 0, 0, 0, 0, 0
9383, 16_1_71, 0, 0, 0, 0, 0, 0, 0, 0
9384, 16_1_72, 0, 0, 0, 0, 0, 0, 0, 0
9385, 16_1_73, 0, 0, 0, 0, 0, 0, 0, 0
9386, 16_1_74, 0, 0, 0, 0, 0, 0, 0, 0
9387, 16_1_75, 0, 0, 0, 0, 0, 0, 0, 0
9388, 16_1_76, 0, 0, 0, 0, 0, 0, 0, 0
9389, 16_1_77, 0, 0, 0, 0, 0, 0, 0, 0
9390, 16_1_78, 0, 0, 0, 0, 0, 0, 0, 0
9391, 16_1_79, 0, 0, 0, 0, 0, 0, 0, 0
9392, 16_1_80, 0, 0, 0, 0, 0, 0, 0, 0
9393, 16_1_81, 0, 0, 0, 0, 0, 0, 0, 0
9394, 16_1_82, 0, 0, 0, 0, 0, 0, 0, 0
9395, 16_1_83, 0, 0, 0, 0, 0, 0, 0, 0
9396, 16_1_84, 0, 0, 0, 0, 0, 0, 0, 0
9397, 16_1_85, 0, 0, 0, 0, 0, 0, 0, 0
9398, 16_1_86, 0, 0, 0, 0, 0, 0, 0, 0
9399, 16_1_87, 0, 0, 0, 0, 0, 0, 0, 0
9400, 16_1_88, 0, 0, 0, 0, 0, 0, 0, 0
9401, 16_1_89, 0, 0, 0, 0, 0, 0, 0, 0
9402, 16_1_90, 0, 0, 0, 0, 0, 0, 0, 0
9403, 16_1_91, 0, 0, 0, 0, 0, 0, 0, 0
9404, 16_1_92, 0, 0, 0, 0, 0, 0, 0, 0
9405, 16_1_93, 0, 0, 0, 0, 0, 0, 0, 0
9406, 16_1_94, 0, 0, 0, 0, 0, 0, 0, 0
9407, 16_1_95, 0, 0, 0, 0, 0, 0, 0, 0
9408, 16_2_00, 0, 0, 0, 0, 0, 0, 0, 0
9409, 16_2_01, 0, 0, 0, 0, 0, 0, 0, 0
9410, 16_2_02, 0, 0, 0, 0, 0, 0, 0, 0
9411, 16_2_03, 0, 0, 0, 0, 0, 0, 0, 0
9412, 16_2_04, 0, 0, 0, 0, 0, 0, 0, 0
9413, 16_2_05, 0, 0, 0, 0, 0, 0, 0, 0
9414, 16_2_06, 0, 0, 0, 0, 0, 0, 0, 0
9415, 16_2_07, 0, 0, 0, 0, 0, 0, 0, 0
9416, 16_2_08, 0, 0, 0, 0, 0, 0, 0, 0
9417, 16_2_09, 0, 0, 0, 0, 0, 0, 0, 0
9418, 16_2_10, 0, 0, 0, 0, 0, 0, 0, 0
9419, 16_2_11, 0, 0, 0, 0, 0, 0, 0, 0
9420, 16_2_12, 0, 0, 0, 0, 0, 0, 0, 0
9421, 16_2_13, 0, 0, 0, 0, 0, 0, 0, 0
9422, 16_2_14, 0, 0, 0, 0, 0, 0, 0, 0
9423, 16_2_15, 0, 0, 0, 0, 0, 0, 0, 0
9424, 16_2_16, 0, 0, 0, 0, 0, 0, 0, 0
9425, 16_2_17, 0, 0, 0, 0, 0, 0, 0, 0
9426, 16_2_18, 0, 0, 0, 0, 0, 0, 0, 0
9427, 16_2_19, 0, 0, 0, 0, 0, 0, 0, 0
9428, 16_2_20, 0, 0, 0, 0, 0, 0, 0, 0
9429, 16_2_21, 0, 0, 0, 0, 0, 0, 0, 0
9430, 16_2_22, 0, 0, 0, 0, 0, 0, 0, 0
9431, 16_2_23, 0, 0, 0, 0, 0, 0, 0, 0
9432, 16_2_24, 0, 0, 0, 0, 0, 0, 0, 0
9433, 16_2_25, 0, 0, 0, 0, 0, 0, 0, 0
9434, 16_2_26, 0, 0, 0, 0, 0, 0, 0, 0
9435, 16_2_27, 0, 0, 0, 0, 0, 0, 0, 0
9436, 16_2_28, 0, 0, 0, 0, 0, 0, 0, 0
9437, 16_2_29, 0, 0, 0, 0, 0, 0, 0, 0
9438, 16_2_30, 0, 0, 0, 0, 0, 0, 0, 0
9439, 16_2_31, 0, 0, 0, 0, 0, 0, 0, 0
9440, 16_2_32, 0, 0, 0, 0, 0, 0, 0, 0
9441, 16_2_33, 0, 0, 0, 0, 0, 0, 0, 0
9442, 16_2_34, 0, 0, 0, 0, 0, 0, 0, 0
9443, 16_2_35, 0, 0, 0, 0, 0, 0, 0, 0
9444, 16_2_36, 0, 0, 0, 0, 0, 0, 0, 0
9445, 16_2_37, 0, 0, 0, 0, 0, 0, 0, 0
9446, 16_2_38, 0, 0, 0, 0, 0, 0, 0, 0
9447, 16_2_39, 0, 0, 0, 0, 0, 0, 0, 0
9448, 16_2_40, 0, 0, 0, 0, 0, 0, 0, 0
9449, 16_2_41, 0, 0, 0, 0, 0, 0, 0, 0
9450, 16_2_42, 0, 0, 0, 0, 0, 0, 0, 0
9451, 16_2_43, 0, 0, 0, 0, 0, 0, 0, 0
9452, 16_2_44, 0, 0, 0, 0, 0, 0, 0, 0
9453, 16_2_45, 0, 0, 0, 0, 0, 0, 0, 0
9454, 16_2_46, 0, 0, 0, 0, 0, 0, 0, 0
9455, 16_2_47, 0, 0, 0, 0, 0, 0, 0, 0
9456, 16_2_48, 0, 0, 0, 0, 0, 0, 0, 0
9457, 16_2_49, 0, 0, 0, 0, 0, 0, 0, 0
9458, 16_2_50, 0, 0, 0, 0, 0, 0, 0, 0
9459, 16_2_51, 0, 0, 0, 0, 0, 0, 0, 0
9460, 16_2_52, 0, 0, 0, 0, 0, 0, 0, 0
9461, 16_2_53, 0, 0, 0, 0, 0, 0, 0, 0
9462, 16_2_54, 0, 0, 0, 0, 0, 0, 0, 0
9463, 16_2_55, 0, 0, 0, 0, 0, 0, 0, 0
9464, 16_2_56, 0, 0, 0, 0, 0, 0, 0, 0
9465, 16_2_57, 0, 0, 0, 0, 0, 0, 0, 0
9466, 16_2_58, 0, 0, 0, 0, 0, 0, 0, 0
9467, 16_2_59, 0, 0, 0, 0, 0, 0, 0, 0
9468, 16_2_60, 0, 0, 0, 0, 0, 0, 0, 0
9469, 16_2_61, 0, 0, 0, 0, 0, 0, 0, 0
9470, 16_2_62, 0, 0, 0, 0, 0, 0, 0, 0
9471, 16_2_63, 0, 0, 0, 0, 0, 0, 0, 0
9472, 16_2_64, 0, 0, 0, 0, 0, 0, 0, 0
9473, 16_2_65, 0, 0, 0, 0, 0, 0, 0, 0
9474, 16_2_66, 0, 0, 0, 0, 0, 0, 0, 0
9475, 16_2_67, 0, 0, 0, 0, 0, 0, 0, 0
9476, 16_2_68, 0, 0, 0, 0, 0, 0, 0, 0
9477, 16_2_69, 0, 0, 0, 0, 0, 0, 0, 0
9478, 16_2_70, 0, 0, 0, 0, 0, 0, 0, 0
9479, 16_2_71, 0, 0, 0, 0, 0, 0, 0, 0
9480, 16_2_72, 0, 0, 0, 0, 0, 0, 0, 0
9481, 16_2_73, 0, 0, 0, 0, 0, 0, 0, 0
9482, 16_2_74, 0, 0, 0, 0, 0, 0, 0, 0
9483, 16_2_75, 0, 0, 0, 0, 0, 0, 0, 0
9484, 16_2_76, 0, 0, 0, 0, 0, 0, 0, 0
9485, 16_2_77, 0, 0, 0, 0, 0, 0, 0, 0
9486, 16_2_78, 0, 0, 0, 0, 0, 0, 0, 0
9487, 16_2_79, 0, 0, 0, 0, 0, 0, 0, 0
9488, 16_2_80, 0, 0, 0, 0, 0, 0, 0, 0
9489, 16_2_81, 0, 0, 0, 0, 0, 0, 0, 0
9490, 16_2_82, 0, 0, 0, 0, 0, 0, 0, 0
9491, 16_2_83, 0, 0, 0, 0, 0, 0, 0, 0
9492, 16_2_84, 0, 0, 0, 0, 0, 0, 0, 0
9493, 16_2_85, 0, 0, 0, 0, 0, 0, 0, 0
9494, 16_2_86, 0, 0, 0, 0, 0, 0, 0, 0
9495, 16_2_87, 0, 0, 0, 0, 0, 0, 0, 0
9496, 16_2_88, 0, 0, 0, 0, 0, 0, 0, 0
9497, 16_2_89, 0, 0, 0, 0, 0, 0, 0, 0
9498, 16_2_90, 0, 0, 0, 0, 0, 0, 0, 0
9499, 16_2_91, 0, 0, 0, 0, 0, 0, 0, 0
9500, 16_2_92, 0, 0, 0, 0, 0, 0, 0, 0
9501, 16_2_93, 0, 0, 0, 0, 0, 0, 0, 0
9502, 16_2_94, 0, 0, 0, 0, 0, 0, 0, 0
9503, 16_2_95, 0, 0, 0, 0, 0, 0, 0, 0
9504, 16_3_00, 0, 0, 0, 0, 0, 0, 0, 0
9505, 16_3_01, 0, 0, 0, 0, 0, 0, 0, 0
9506, 16_3_02, 0, 0, 0, 0, 0, 0, 0, 0
9507, 16_3_03, 0, 0, 0, 0, 0, 0, 0, 0
9508, 16_3_04, 0, 0, 0, 0, 0, 0, 0, 0
9509, 16_3_05, 0, 0, 0, 0, 0, 0, 0, 0
9510, 16_3_06, 0, 0, 0, 0, 0, 0, 0, 0
9511, 16_3_07, 0, 0, 0, 0, 0, 0, 0, 0
9512, 16_3_08, 0, 0, 0, 0, 0, 0, 0, 0
9513, 16_3_09, 0, 0, 0, 0, 0, 0, 0, 0
9514, 16_3_10, 0, 0, 0, 0, 0, 0, 0, 0
9515, 16_3_11, 0, 0, 0, 0, 0, 0, 0, 0
9516, 16_3_12, 0, 0, 0, 0, 0, 0, 0, 0
9517, 16_3_13, 0, 0, 0, 0, 0, 0, 0, 0
9518, 16_3_14, 0, 0, 0, 0, 0, 0, 0, 0
9519, 16_3_15, 0, 0, 0, 0, 0, 0, 0, 0
9520, 16_3_16, 0, 0, 0, 0, 0, 0, 0, 0
9521, 16_3_17, 0, 0, 0, 0, 0, 0, 0, 0
9522, 16_3_18, 0, 0, 0, 0, 0, 0, 0, 0
9523, 16_3_19, 0, 0, 0, 0, 0, 0, 0, 0
9524, 16_3_20, 0, 0, 0, 0, 0, 0, 0, 0
9525, 16_3_21, 0, 0, 0, 0, 0, 0, 0, 0
9526, 16_3_22, 0, 0, 0, 0, 0, 0, 0, 0
9527, 16_3_23, 0, 0, 0, 0, 0, 0, 0, 0
9528, 16_3_24, 0, 0, 0, 0, 0, 0, 0, 0
9529, 16_3_25, 0, 0, 0, 0, 0, 0, 0, 0
9530, 16_3_26, 0, 0, 0, 0, 0, 0, 0, 0
9531, 16_3_27, 0, 0, 0, 0, 0, 0, 0, 0
9532, 16_3_28, 0, 0, 0, 0, 0, 0, 0, 0
9533, 16_3_29, 0, 0, 0, 0, 0, 0, 0, 0
9534, 16_3_30, 0, 0, 0, 0, 0, 0, 0, 0
9535, 16_3_31, 0, 0, 0, 0, 0, 0, 0, 0
9536, 16_3_32, 0, 0, 0, 0, 0, 0, 0, 0
9537, 16_3_33, 0, 0, 0, 0, 0, 0, 0, 0
9538, 16_3_34, 0, 0, 0, 0, 0, 0, 0, 0
9539, 16_3_35, 0, 0, 0, 0, 0, 0, 0, 0
9540, 16_3_36, 0, 0, 0, 0, 0, 0, 0, 0
9541, 16_3_37, 0, 0, 0, 0, 0, 0, 0, 0
9542, 16_3_38, 0, 0, 0, 0, 0, 0, 0, 0
9543, 16_3_39, 0, 0, 0, 0, 0, 0, 0, 0
9544, 16_3_40, 0, 0, 0, 0, 0, 0, 0, 0
9545, 16_3_41, 0, 0, 0, 0, 0, 0, 0, 0
9546, 16_3_42, 0, 0, 0, 0, 0, 0, 0, 0
9547, 16_3_43, 0, 0, 0, 0, 0, 0, 0, 0
9548, 16_3_44, 0, 0, 0, 0, 0, 0, 0, 0
9549, 16_3_45, 0, 0, 0, 0, 0, 0, 0, 0
9550, 16_3_46, 0, 0, 0, 0, 0, 0, 0, 0
9551, 16_3_47, 0, 0, 0, 0, 0, 0, 0, 0
9552, 16_3_48, 0, 0, 0, 0, 0, 0, 0, 0
9553, 16_3_49, 0, 0, 0, 0, 0, 0, 0, 0
9554, 16_3_50, 0, 0, 0, 0, 0, 0, 0, 0
9555, 16_3_51, 0, 0, 0, 0, 0, 0, 0, 0
9556, 16_3_52, 0, 0, 0, 0, 0, 0, 0, 0
9557, 16_3_53, 0, 0, 0, 0, 0, 0, 0, 0
9558, 16_3_54, 0, 0, 0, 0, 0, 0, 0, 0
9559, 16_3_55, 0, 0, 0, 0, 0, 0, 0, 0
9560, 16_3_56, 0, 0, 0, 0, 0, 0, 0, 0
9561, 16_3_57, 0, 0, 0, 0, 0, 0, 0, 0
9562, 16_3_58, 0, 0, 0, 0, 0, 0, 0, 0
9563, 16_3_59, 0, 0, 0, 0, 0, 0, 0, 0
9564, 16_3_60, 0, 0, 0, 0, 0, 0, 0, 0
9565, 16_3_61, 0, 0, 0, 0, 0, 0, 0, 0
9566, 16_3_62, 0, 0, 0, 0, 0, 0, 0, 0
9567, 16_3_63, 0, 0, 0, 0, 0, 0, 0, 0
9568, 16_3_64, 0, 0, 0, 0, 0, 0, 0, 0
9569, 16_3_65, 0, 0, 0, 0, 0, 0, 0, 0
9570, 16_3_66, 0, 0, 0, 0, 0, 0, 0, 0
9571, 16_3_67, 0, 0, 0, 0, 0, 0, 0, 0
9572, 16_3_68, 0, 0, 0, 0, 0, 0, 0, 0
9573, 16_3_69, 0, 0, 0, 0, 0, 0, 0, 0
9574, 16_3_70, 0, 0, 0, 0, 0, 0, 0, 0
9575, 16_3_71, 0, 0, 0, 0, 0, 0, 0, 0
9576, 16_3_72, 0, 0, 0, 0, 0, 0, 0, 0
9577, 16_3_73, 0, 0, 0, 0, 0, 0, 0, 0
9578, 16_3_74, 0, 0, 0, 0, 0, 0, 0, 0
9579, 16_3_75, 0, 0, 0, 0, 0, 0, 0, 0
9580, 16_3_76, 0, 0, 0, 0, 0, 0, 0, 0
9581, 16_3_77, 0, 0, 0, 0, 0, 0, 0, 0
9582, 16_3_78, 0, 0, 0, 0, 0, 0, 0, 0
9583, 16_3_79, 0, 0, 0, 0, 0, 0, 0, 0
9584, 16_3_80, 0, 0, 0, 0, 0, 0, 0, 0
9585, 16_3_81, 0, 0, 0, 0, 0, 0, 0, 0
9586, 16_3_82, 0, 0, 0, 0, 0, 0, 0, 0
9587, 16_3_83, 0, 0, 0, 0, 0, 0, 0, 0
9588, 16_3_84, 0, 0, 0, 0, 0, 0, 0, 0
9589, 16_3_85, 0, 0, 0, 0, 0, 0, 0, 0
9590, 16_3_86, 0, 0, 0, 0, 0, 0, 0, 0
9591, 16_3_87, 0, 0, 0, 0, 0, 0, 0, 0
9592, 16_3_88, 0, 0, 0, 0, 0, 0, 0, 0
9593, 16_3_89, 0, 0, 0, 0, 0, 0, 0, 0
9594, 16_3_90, 0, 0, 0, 0, 0, 0, 0, 0
9595, 16_3_91, 0, 0, 0, 0, 0, 0, 0, 0
9596, 16_3_92, 0, 0, 0, 0, 0, 0, 0, 0
9597, 16_3_93, 0, 0, 0, 0, 0, 0, 0, 0
9598, 16_3_94, 0, 0, 0, 0, 0, 0, 0, 0
9599, 16_3_95, 0, 0, 0, 0, 0, 0, 0, 0
9600, 16_4_00, 0, 0, 0, 0, 0, 0, 0, 0
9601, 16_4_01, 0, 0, 0, 0, 0, 0, 0, 0
9602, 16_4_02, 0, 0, 0, 0, 0, 0, 0, 0
9603, 16_4_03, 0, 0, 0, 0, 0, 0, 0, 0
9604, 16_4_04, 0, 0, 0, 0, 0, 0, 0, 0
9605, 16_4_05, 0, 0, 0, 0, 0, 0, 0, 0
9606, 16_4_06, 0, 0, 0, 0, 0, 0, 0, 0
9607, 16_4_07, 0, 0, 0, 0, 0, 0, 0, 0
9608, 16_4_08, 0, 0, 0, 0, 0, 0, 0, 0
9609, 16_4_09, 0, 0, 0, 0, 0, 0, 0, 0
9610, 16_4_10, 0, 0, 0, 0, 0, 0, 0, 0
9611, 16_4_11, 0, 0, 0, 0, 0, 0, 0, 0
9612, 16_4_12, 0, 0, 0, 0, 0, 0, 0, 0
9613, 16_4_13, 0, 0, 0, 0, 0, 0, 0, 0
9614, 16_4_14, 0, 0, 0, 0, 0, 0, 0, 0
9615, 16_4_15, 0, 0, 0, 0, 0, 0, 0, 0
9616, 16_4_16, 0, 0, 0, 0, 0, 0, 0, 0
9617, 16_4_17, 0, 0, 0, 0, 0, 0, 0, 0
9618, 16_4_18, 0, 0, 0, 0, 0, 0, 0, 0
9619, 16_4_19, 0, 0, 0, 0, 0, 0, 0, 0
9620, 16_4_20, 0, 0, 0, 0, 0, 0, 0, 0
9621, 16_4_21, 0, 0, 0, 0, 0, 0, 0, 0
9622, 16_4_22, 0, 0, 0, 0, 0, 0, 0, 0
9623, 16_4_23, 0, 0, 0, 0, 0, 0, 0, 0
9624, 16_4_24, 0, 0, 0, 0, 0, 0, 0, 0
9625, 16_4_25, 0, 0, 0, 0, 0, 0, 0, 0
9626, 16_4_26, 0, 0, 0, 0, 0, 0, 0, 0
9627, 16_4_27, 0, 0, 0, 0, 0, 0, 0, 0
9628, 16_4_28, 0, 0, 0, 0, 0, 0, 0, 0
9629, 16_4_29, 0, 0, 0, 0, 0, 0, 0, 0
9630, 16_4_30, 0, 0, 0, 0, 0, 0, 0, 0
9631, 16_4_31, 0, 0, 0, 0, 0, 0, 0, 0
9632, 16_4_32, 0, 0, 0, 0, 0, 0, 0, 0
9633, 16_4_33, 0, 0, 0, 0, 0, 0, 0, 0
9634, 16_4_34, 0, 0, 0, 0, 0, 0, 0, 0
9635, 16_4_35, 0, 0, 0, 0, 0, 0, 0, 0
9636, 16_4_36, 0, 0, 0, 0, 0, 0, 0, 0
9637, 16_4_37, 0, 0, 0, 0, 0, 0, 0, 0
9638, 16_4_38, 0, 0, 0, 0, 0, 0, 0, 0
9639, 16_4_39, 0, 0, 0, 0, 0, 0, 0, 0
9640, 16_4_40, 0, 0, 0, 0, 0, 0, 0, 0
9641, 16_4_41, 0, 0, 0, 0, 0, 0, 0, 0
9642, 16_4_42, 0, 0, 0, 0, 0, 0, 0, 0
9643, 16_4_43, 0, 0, 0, 0, 0, 0, 0, 0
9644, 16_4_44, 0, 0, 0, 0, 0, 0, 0, 0
9645, 16_4_45, 0, 0, 0, 0, 0, 0, 0, 0
9646, 16_4_46, 0, 0, 0, 0, 0, 0, 0, 0
9647, 16_4_47, 0, 0, 0, 0, 0, 0, 0, 0
9648, 16_4_48, 0, 0, 0, 0, 0, 0, 0, 0
9649, 16_4_49, 0, 0, 0, 0, 0, 0, 0, 0
9650, 16_4_50, 0, 0, 0, 0, 0, 0, 0, 0
9651, 16_4_51, 0, 0, 0, 0, 0, 0, 0, 0
9652, 16_4_52, 0, 0, 0, 0, 0, 0, 0, 0
9653, 16_4_53, 0, 0, 0, 0, 0, 0, 0, 0
9654, 16_4_54, 0, 0, 0, 0, 0, 0, 0, 0
9655, 16_4_55, 0, 0, 0, 0, 0, 0, 0, 0
9656, 16_4_56, 0, 0, 0, 0, 0, 0, 0, 0
9657, 16_4_57, 0, 0, 0, 0, 0, 0, 0, 0
9658, 16_4_58, 0, 0, 0, 0, 0, 0, 0, 0
9659, 16_4_59, 0, 0, 0, 0, 0, 0, 0, 0
9660, 16_4_60, 0, 0, 0, 0, 0, 0, 0, 0
9661, 16_4_61, 0, 0, 0, 0, 0, 0, 0, 0
9662, 16_4_62, 0, 0, 0, 0, 0, 0, 0, 0
9663, 16_4_63, 0, 0, 0, 0, 0, 0, 0, 0
9664, 16_4_64, 0, 0, 0, 0, 0, 0, 0, 0
9665, 16_4_65, 0, 0, 0, 0, 0, 0, 0, 0
9666, 16_4_66, 0, 0, 0, 0, 0, 0, 0, 0
9667, 16_4_67, 0, 0, 0, 0, 0, 0, 0, 0
9668, 16_4_68, 0, 0, 0, 0, 0, 0, 0, 0
9669, 16_4_69, 0, 0, 0, 0, 0, 0, 0, 0
9670, 16_4_70, 0, 0, 0, 0, 0, 0, 0, 0
9671, 16_4_71, 0, 0, 0, 0, 0, 0, 0, 0
9672, 16_4_72, 0, 0, 0, 0, 0, 0, 0, 0
9673, 16_4_73, 0, 0, 0, 0, 0, 0, 0, 0
9674, 16_4_74, 0, 0, 0, 0, 0, 0, 0, 0
9675, 16_4_75, 0, 0, 0, 0, 0, 0, 0, 0
9676, 16_4_76, 0, 0, 0, 0, 0, 0, 0, 0
9677, 16_4_77, 0, 0, 0, 0, 0, 0, 0, 0
9678, 16_4_78, 0, 0, 0, 0, 0, 0, 0, 0
9679, 16_4_79, 0, 0, 0, 0, 0, 0, 0, 0
9680, 16_4_80, 0, 0, 0, 0, 0, 0, 0, 0
9681, 16_4_81, 0, 0, 0, 0, 0, 0, 0, 0
9682, 16_4_82, 0, 0, 0, 0, 0, 0, 0, 0
9683, 16_4_83, 0, 0, 0, 0, 0, 0, 0, 0
9684, 16_4_84, 0, 0, 0, 0, 0, 0, 0, 0
9685, 16_4_85, 0, 0, 0, 0, 0, 0, 0, 0
9686, 16_4_86, 0, 0, 0, 0, 0, 0, 0, 0
9687, 16_4_87, 0, 0, 0, 0, 0, 0, 0, 0
9688, 16_4_88, 0, 0, 0, 0, 0, 0, 0, 0
9689, 16_4_89, 0, 0, 0, 0, 0, 0, 0, 0
9690, 16_4_90, 0, 0, 0, 0, 0, 0, 0, 0
9691, 16_4_91, 0, 0, 0, 0, 0, 0, 0, 0
9692, 16_4_92, 0, 0, 0, 0, 0, 0, 0, 0
9693, 16_4_93, 0, 0, 0, 0, 0, 0, 0, 0
9694, 16_4_94, 0, 0, 0, 0, 0, 0, 0, 0
9695, 16_4_95, 0, 0, 0, 0, 0, 0, 0, 0
9696, 16_5_00, 0, 0, 0, 0, 0, 0, 0, 0
9697, 16_5_01, 0, 0, 0, 0, 0, 0, 0, 0
9698, 16_5_02, 0, 0, 0, 0, 0, 0, 0, 0
9699, 16_5_03, 0, 0, 0, 0, 0, 0, 0, 0
9700, 16_5_04, 0, 0, 0, 0, 0, 0, 0, 0
9701, 16_5_05, 0, 0, 0, 0, 0, 0, 0, 0
9702, 16_5_06, 0, 0, 0, 0, 0, 0, 0, 0
9703, 16_5_07, 0, 0, 0, 0, 0, 0, 0, 0
9704, 16_5_08, 0, 0, 0, 0, 0, 0, 0, 0
9705, 16_5_09, 0, 0, 0, 0, 0, 0, 0, 0
9706, 16_5_10, 0, 0, 0, 0, 0, 0, 0, 0
9707, 16_5_11, 0, 0, 0, 0, 0, 0, 0, 0
9708, 16_5_12, 0, 0, 0, 0, 0, 0, 0, 0
9709, 16_5_13, 0, 0, 0, 0, 0, 0, 0, 0
9710, 16_5_14, 0, 0, 0, 0, 0, 0, 0, 0
9711, 16_5_15, 0, 0, 0, 0, 0, 0, 0, 0
9712, 16_5_16, 0, 0, 0, 0, 0, 0, 0, 0
9713, 16_5_17, 0, 0, 0, 0, 0, 0, 0, 0
9714, 16_5_18, 0, 0, 0, 0, 0, 0, 0, 0
9715, 16_5_19, 0, 0, 0, 0, 0, 0, 0, 0
9716, 16_5_20, 0, 0, 0, 0, 0, 0, 0, 0
9717, 16_5_21, 0, 0, 0, 0, 0, 0, 0, 0
9718, 16_5_22, 0, 0, 0, 0, 0, 0, 0, 0
9719, 16_5_23, 0, 0, 0, 0, 0, 0, 0, 0
9720, 16_5_24, 0, 0, 0, 0, 0, 0, 0, 0
9721, 16_5_25, 0, 0, 0, 0, 0, 0, 0, 0
9722, 16_5_26, 0, 0, 0, 0, 0, 0, 0, 0
9723, 16_5_27, 0, 0, 0, 0, 0, 0, 0, 0
9724, 16_5_28, 0, 0, 0, 0, 0, 0, 0, 0
9725, 16_5_29, 0, 0, 0, 0, 0, 0, 0, 0
9726, 16_5_30, 0, 0, 0, 0, 0, 0, 0, 0
9727, 16_5_31, 0, 0, 0, 0, 0, 0, 0, 0
9728, 16_5_32, 0, 0, 0, 0, 0, 0, 0, 0
9729, 16_5_33, 0, 0, 0, 0, 0, 0, 0, 0
9730, 16_5_34, 0, 0, 0, 0, 0, 0, 0, 0
9731, 16_5_35, 0, 0, 0, 0, 0, 0, 0, 0
9732, 16_5_36, 0, 0, 0, 0, 0, 0, 0, 0
9733, 16_5_37, 0, 0, 0, 0, 0, 0, 0, 0
9734, 16_5_38, 0, 0, 0, 0, 0, 0, 0, 0
9735, 16_5_39, 0, 0, 0, 0, 0, 0, 0, 0
9736, 16_5_40, 0, 0, 0, 0, 0, 0, 0, 0
9737, 16_5_41, 0, 0, 0, 0, 0, 0, 0, 0
9738, 16_5_42, 0, 0, 0, 0, 0, 0, 0, 0
9739, 16_5_43, 0, 0, 0, 0, 0, 0, 0, 0
9740, 16_5_44, 0, 0, 0, 0, 0, 0, 0, 0
9741, 16_5_45, 0, 0, 0, 0, 0, 0, 0, 0
9742, 16_5_46, 0, 0, 0, 0, 0, 0, 0, 0
9743, 16_5_47, 0, 0, 0, 0, 0, 0, 0, 0
9744, 16_5_48, 0, 0, 0, 0, 0, 0, 0, 0
9745, 16_5_49, 0, 0, 0, 0, 0, 0, 0, 0
9746, 16_5_50, 0, 0, 0, 0, 0, 0, 0, 0
9747, 16_5_51, 0, 0, 0, 0, 0, 0, 0, 0
9748, 16_5_52, 0, 0, 0, 0, 0, 0, 0, 0
9749, 16_5_53, 0, 0, 0, 0, 0, 0, 0, 0
9750, 16_5_54, 0, 0, 0, 0, 0, 0, 0, 0
9751, 16_5_55, 0, 0, 0, 0, 0, 0, 0, 0
9752, 16_5_56, 0, 0, 0, 0, 0, 0, 0, 0
9753, 16_5_57, 0, 0, 0, 0, 0, 0, 0, 0
9754, 16_5_58, 0, 0, 0, 0, 0, 0, 0, 0
9755, 16_5_59, 0, 0, 0, 0, 0, 0, 0, 0
9756, 16_5_60, 0, 0, 0, 0, 0, 0, 0, 0
9757, 16_5_61, 0, 0, 0, 0, 0, 0, 0, 0
9758, 16_5_62, 0, 0, 0, 0, 0, 0, 0, 0
9759, 16_5_63, 0, 0, 0, 0, 0, 0, 0, 0
9760, 16_5_64, 0, 0, 0, 0, 0, 0, 0, 0
9761, 16_5_65, 0, 0, 0, 0, 0, 0, 0, 0
9762, 16_5_66, 0, 0, 0, 0, 0, 0, 0, 0
9763, 16_5_67, 0, 0, 0, 0, 0, 0, 0, 0
9764, 16_5_68, 0, 0, 0, 0, 0, 0, 0, 0
9765, 16_5_69, 0, 0, 0, 0, 0, 0, 0, 0
9766, 16_5_70, 0, 0, 0, 0, 0, 0, 0, 0
9767, 16_5_71, 0, 0, 0, 0, 0, 0, 0, 0
9768, 16_5_72, 0, 0, 0, 0, 0, 0, 0, 0
9769, 16_5_73, 0, 0, 0, 0, 0, 0, 0, 0
9770, 16_5_74, 0, 0, 0, 0, 0, 0, 0, 0
9771, 16_5_75, 0, 0, 0, 0, 0, 0, 0, 0
9772, 16_5_76, 0, 0, 0, 0, 0, 0, 0, 0
9773, 16_5_77, 0, 0, 0, 0, 0, 0, 0, 0
9774, 16_5_78, 0, 0, 0, 0, 0, 0, 0, 0
9775, 16_5_79, 0, 0, 0, 0, 0, 0, 0, 0
9776, 16_5_80, 0, 0, 0, 0, 0, 0, 0, 0
9777, 16_5_81, 0, 0, 0, 0, 0, 0, 0, 0
9778, 16_5_82, 0, 0, 0, 0, 0, 0, 0, 0
9779, 16_5_83, 0, 0, 0, 0, 0, 0, 0, 0
9780, 16_5_84, 0, 0, 0, 0, 0, 0, 0, 0
9781, 16_5_85, 0, 0, 0, 0, 0, 0, 0, 0
9782, 16_5_86, 0, 0, 0, 0, 0, 0, 0, 0
9783, 16_5_87, 0, 0, 0, 0, 0, 0, 0, 0
9784, 16_5_88, 0, 0, 0, 0, 0, 0, 0, 0
9785, 16_5_89, 0, 0, 0, 0, 0, 0, 0, 0
9786, 16_5_90, 0, 0, 0, 0, 0, 0, 0, 0
9787, 16_5_91, 0, 0, 0, 0, 0, 0, 0, 0
9788, 16_5_92, 0, 0, 0, 0, 0, 0, 0, 0
9789, 16_5_93, 0, 0, 0, 0, 0, 0, 0, 0
9790, 16_5_94, 0, 0, 0, 0, 0, 0, 0, 0
9791, 16_5_95, 0, 0, 0, 0, 0, 0, 0, 0
9792, 17_0_00, 0, 0, 0, 0, 0, 0, 0, 0
9793, 17_0_01, 0, 0, 0, 0, 0, 0, 0, 0
9794, 17_0_02, 0, 0, 0, 0, 0, 0, 0, 0
9795, 17_0_03, 0, 0, 0, 0, 0, 0, 0, 0
9796, 17_0_04, 0, 0, 0, 0, 0, 0, 0, 0
9797, 17_0_05, 0, 0, 0, 0, 0, 0, 0, 0
9798, 17_0_06, 0, 0, 0, 0, 0, 0, 0, 0
9799, 17_0_07, 0, 0, 0, 0, 0, 0, 0, 0
9800, 17_0_08, 0, 0, 0, 0, 0, 0, 0, 0
9801, 17_0_09, 0, 0, 0, 0, 0, 0, 0, 0
9802, 17_0_10, 0, 0, 0, 0, 0, 0, 0, 0
9803, 17_0_11, 0, 0, 0, 0, 0, 0, 0, 0
9804, 17_0_12, 0, 0, 0, 0, 0, 0, 0, 0
9805, 17_0_13, 0, 0, 0, 0, 0, 0, 0, 0
9806, 17_0_14, 0, 0, 0, 0, 0, 0, 0, 0
9807, 17_0_15, 0, 0, 0, 0, 0, 0, 0, 0
9808, 17_0_16, 0, 0, 0, 0, 0, 0, 0, 0
9809, 17_0_17, 0, 0, 0, 0, 0, 0, 0, 0
9810, 17_0_18, 0, 0, 0, 0, 0, 0, 0, 0
9811, 17_0_19, 0, 0, 0, 0, 0, 0, 0, 0
9812, 17_0_20, 0, 0, 0, 0, 0, 0, 0, 0
9813, 17_0_21, 0, 0, 0, 0, 0, 0, 0, 0
9814, 17_0_22, 0, 0, 0, 0, 0, 0, 0, 0
9815, 17_0_23, 0, 0, 0, 0, 0, 0, 0, 0
9816, 17_0_24, 0, 0, 0, 0, 0, 0, 0, 0
9817, 17_0_25, 0, 0, 0, 0, 0, 0, 0, 0
9818, 17_0_26, 0, 0, 0, 0, 0, 0, 0, 0
9819, 17_0_27, 0, 0, 0, 0, 0, 0, 0, 0
9820, 17_0_28, 0, 0, 0, 0, 0, 0, 0, 0
9821, 17_0_29, 0, 0, 0, 0, 0, 0, 0, 0
9822, 17_0_30, 0, 0, 0, 0, 0, 0, 0, 0
9823, 17_0_31, 0, 0, 0, 0, 0, 0, 0, 0
9824, 17_0_32, 0, 0, 0, 0, 0, 0, 0, 0
9825, 17_0_33, 0, 0, 0, 0, 0, 0, 0, 0
9826, 17_0_34, 0, 0, 0, 0, 0, 0, 0, 0
9827, 17_0_35, 0, 0, 0, 0, 0, 0, 0, 0
9828, 17_0_36, 0, 0, 0, 0, 0, 0, 0, 0
9829, 17_0_37, 0, 0, 0, 0, 0, 0, 0, 0
9830, 17_0_38, 0, 0, 0, 0, 0, 0, 0, 0
9831, 17_0_39, 0, 0, 0, 0, 0, 0, 0, 0
9832, 17_0_40, 0, 0, 0, 0, 0, 0, 0, 0
9833, 17_0_41, 0, 0, 0, 0, 0, 0, 0, 0
9834, 17_0_42, 0, 0, 0, 0, 0, 0, 0, 0
9835, 17_0_43, 0, 0, 0, 0, 0, 0, 0, 0
9836, 17_0_44, 0, 0, 0, 0, 0, 0, 0, 0
9837, 17_0_45, 0, 0, 0, 0, 0, 0, 0, 0
9838, 17_0_46, 0, 0, 0, 0, 0, 0, 0, 0
9839, 17_0_47, 0, 0, 0, 0, 0, 0, 0, 0
9840, 17_0_48, 0, 0, 0, 0, 0, 0, 0, 0
9841, 17_0_49, 0, 0, 0, 0, 0, 0, 0, 0
9842, 17_0_50, 0, 0, 0, 0, 0, 0, 0, 0
9843, 17_0_51, 0, 0, 0, 0, 0, 0, 0, 0
9844, 17_0_52, 0, 0, 0, 0, 0, 0, 0, 0
9845, 17_0_53, 0, 0, 0, 0, 0, 0, 0, 0
9846, 17_0_54, 0, 0, 0, 0, 0, 0, 0, 0
9847, 17_0_55, 0, 0, 0, 0, 0, 0, 0, 0
9848, 17_0_56, 0, 0, 0, 0, 0, 0, 0, 0
9849, 17_0_57, 0, 0, 0, 0, 0, 0, 0, 0
9850, 17_0_58, 0, 0, 0, 0, 0, 0, 0, 0
9851, 17_0_59, 0, 0, 0, 0, 0, 0, 0, 0
9852, 17_0_60, 0, 0, 0, 0, 0, 0, 0, 0
9853, 17_0_61, 0, 0, 0, 0, 0, 0, 0, 0
9854, 17_0_62, 0, 0, 0, 0, 0, 0, 0, 0
9855, 17_0_63, 0, 0, 0, 0, 0, 0, 0, 0
9856, 17_0_64, 0, 0, 0, 0, 0, 0, 0, 0
9857, 17_0_65, 0, 0, 0, 0, 0, 0, 0, 0
9858, 17_0_66, 0, 0, 0, 0, 0, 0, 0, 0
9859, 17_0_67, 0, 0, 0, 0, 0, 0, 0, 0
9860, 17_0_68, 0, 0, 0, 0, 0, 0, 0, 0
9861, 17_0_69, 0, 0, 0, 0, 0, 0, 0, 0
9862, 17_0_70, 0, 0, 0, 0, 0, 0, 0, 0
9863, 17_0_71, 0, 0, 0, 0, 0, 0, 0, 0
9864, 17_0_72, 0, 0, 0, 0, 0, 0, 0, 0
9865, 17_0_73, 0, 0, 0, 0, 0, 0, 0, 0
9866, 17_0_74, 0, 0, 0, 0, 0, 0, 0, 0
9867, 17_0_75, 0, 0, 0, 0, 0, 0, 0, 0
9868, 17_0_76, 0, 0, 0, 0, 0, 0, 0, 0
9869, 17_0_77, 0, 0, 0, 0, 0, 0, 0, 0
9870, 17_0_78, 0, 0, 0, 0, 0, 0, 0, 0
9871, 17_0_79, 0, 0, 0, 0, 0, 0, 0, 0
9872, 17_0_80, 0, 0, 0, 0, 0, 0, 0, 0
9873, 17_0_81, 0, 0, 0, 0, 0, 0, 0, 0
9874, 17_0_82, 0, 0, 0, 0, 0, 0, 0, 0
9875, 17_0_83, 0, 0, 0, 0, 0, 0, 0, 0
9876, 17_0_84, 0, 0, 0, 0, 0, 0, 0, 0
9877, 17_0_85, 0, 0, 0, 0, 0, 0, 0, 0
9878, 17_0_86, 0, 0, 0, 0, 0, 0, 0, 0
9879, 17_0_87, 0, 0, 0, 0, 0, 0, 0, 0
9880, 17_0_88, 0, 0, 0, 0, 0, 0, 0, 0
9881, 17_0_89, 0, 0, 0, 0, 0, 0, 0, 0
9882, 17_0_90, 0, 0, 0, 0, 0, 0, 0, 0
9883, 17_0_91, 0, 0, 0, 0, 0, 0, 0, 0
9884, 17_0_92, 0, 0, 0, 0, 0, 0, 0, 0
9885, 17_0_93, 0, 0, 0, 0, 0, 0, 0, 0
9886, 17_0_94, 0, 0, 0, 0, 0, 0, 0, 0
9887, 17_0_95, 0, 0, 0, 0, 0, 0, 0, 0
9888, 17_1_00, 0, 0, 0, 0, 0, 0, 0, 0
9889, 17_1_01, 0, 0, 0, 0, 0, 0, 0, 0
9890, 17_1_02, 0, 0, 0, 0, 0, 0, 0, 0
9891, 17_1_03, 0, 0, 0, 0, 0, 0, 0, 0
9892, 17_1_04, 0, 0, 0, 0, 0, 0, 0, 0
9893, 17_1_05, 0, 0, 0, 0, 0, 0, 0, 0
9894, 17_1_06, 0, 0, 0, 0, 0, 0, 0, 0
9895, 17_1_07, 0, 0, 0, 0, 0, 0, 0, 0
9896, 17_1_08, 0, 0, 0, 0, 0, 0, 0, 0
9897, 17_1_09, 0, 0, 0, 0, 0, 0, 0, 0
9898, 17_1_10, 0, 0, 0, 0, 0, 0, 0, 0
9899, 17_1_11, 0, 0, 0, 0, 0, 0, 0, 0
9900, 17_1_12, 0, 0, 0, 0, 0, 0, 0, 0
9901, 17_1_13, 0, 0, 0, 0, 0, 0, 0, 0
9902, 17_1_14, 0, 0, 0, 0, 0, 0, 0, 0
9903, 17_1_15, 0, 0, 0, 0, 0, 0, 0, 0
9904, 17_1_16, 0, 0, 0, 0, 0, 0, 0, 0
9905, 17_1_17, 0, 0, 0, 0, 0, 0, 0, 0
9906, 17_1_18, 0, 0, 0, 0, 0, 0, 0, 0
9907, 17_1_19, 0, 0, 0, 0, 0, 0, 0, 0
9908, 17_1_20, 0, 0, 0, 0, 0, 0, 0, 0
9909, 17_1_21, 0, 0, 0, 0, 0, 0, 0, 0
9910, 17_1_22, 0, 0, 0, 0, 0, 0, 0, 0
9911, 17_1_23, 0, 0, 0, 0, 0, 0, 0, 0
9912, 17_1_24, 0, 0, 0, 0, 0, 0, 0, 0
9913, 17_1_25, 0, 0, 0, 0, 0, 0, 0, 0
9914, 17_1_26, 0, 0, 0, 0, 0, 0, 0, 0
9915, 17_1_27, 0, 0, 0, 0, 0, 0, 0, 0
9916, 17_1_28, 0, 0, 0, 0, 0, 0, 0, 0
9917, 17_1_29, 0, 0, 0, 0, 0, 0, 0, 0
9918, 17_1_30, 0, 0, 0, 0, 0, 0, 0, 0
9919, 17_1_31, 0, 0, 0, 0, 0, 0, 0, 0
9920, 17_1_32, 0, 0, 0, 0, 0, 0, 0, 0
9921, 17_1_33, 0, 0, 0, 0, 0, 0, 0, 0
9922, 17_1_34, 0, 0, 0, 0, 0, 0, 0, 0
9923, 17_1_35, 0, 0, 0, 0, 0, 0, 0, 0
9924, 17_1_36, 0, 0, 0, 0, 0, 0, 0, 0
9925, 17_1_37, 0, 0, 0, 0, 0, 0, 0, 0
9926, 17_1_38, 0, 0, 0, 0, 0, 0, 0, 0
9927, 17_1_39, 0, 0, 0, 0, 0, 0, 0, 0
9928, 17_1_40, 0, 0, 0, 0, 0, 0, 0, 0
9929, 17_1_41, 0, 0, 0, 0, 0, 0, 0, 0
9930, 17_1_42, 0, 0, 0, 0, 0, 0, 0, 0
9931, 17_1_43, 0, 0, 0, 0, 0, 0, 0, 0
9932, 17_1_44, 0, 0, 0, 0, 0, 0, 0, 0
9933, 17_1_45, 0, 0, 0, 0, 0, 0, 0, 0
9934, 17_1_46, 0, 0, 0, 0, 0, 0, 0, 0
9935, 17_1_47, 0, 0, 0, 0, 0, 0, 0, 0
9936, 17_1_48, 0, 0, 0, 0, 0, 0, 0, 0
9937, 17_1_49, 0, 0, 0, 0, 0, 0, 0, 0
9938, 17_1_50, 0, 0, 0, 0, 0, 0, 0, 0
9939, 17_1_51, 0, 0, 0, 0, 0, 0, 0, 0
9940, 17_1_52, 0, 0, 0, 0, 0, 0, 0, 0
9941, 17_1_53, 0, 0, 0, 0, 0, 0, 0, 0
9942, 17_1_54, 0, 0, 0, 0, 0, 0, 0, 0
9943, 17_1_55, 0, 0, 0, 0, 0, 0, 0, 0
9944, 17_1_56, 0, 0, 0, 0, 0, 0, 0, 0
9945, 17_1_57, 0, 0, 0, 0, 0, 0, 0, 0
9946, 17_1_58, 0, 0, 0, 0, 0, 0, 0, 0
9947, 17_1_59, 0, 0, 0, 0, 0, 0, 0, 0
9948, 17_1_60, 0, 0, 0, 0, 0, 0, 0, 0
9949, 17_1_61, 0, 0, 0, 0, 0, 0, 0, 0
9950, 17_1_62, 0, 0, 0, 0, 0, 0, 0, 0
9951, 17_1_63, 0, 0, 0, 0, 0, 0, 0, 0
9952, 17_1_64, 0, 0, 0, 0, 0, 0, 0, 0
9953, 17_1_65, 0, 0, 0, 0, 0, 0, 0, 0
9954, 17_1_66, 0, 0, 0, 0, 0, 0, 0, 0
9955, 17_1_67, 0, 0, 0, 0, 0, 0, 0, 0
9956, 17_1_68, 0, 0, 0, 0, 0, 0, 0, 0
9957, 17_1_69, 0, 0, 0, 0, 0, 0, 0, 0
9958, 17_1_70, 0, 0, 0, 0, 0, 0, 0, 0
9959, 17_1_71, 0, 0, 0, 0, 0, 0, 0, 0
9960, 17_1_72, 0, 0, 0, 0, 0, 0, 0, 0
9961, 17_1_73, 0, 0, 0, 0, 0, 0, 0, 0
9962, 17_1_74, 0, 0, 0, 0, 0, 0, 0, 0
9963, 17_1_75, 0, 0, 0, 0, 0, 0, 0, 0
9964, 17_1_76, 0, 0, 0, 0, 0, 0, 0, 0
9965, 17_1_77, 0, 0, 0, 0, 0, 0, 0, 0
9966, 17_1_78, 0, 0, 0, 0, 0, 0, 0, 0
9967, 17_1_79, 0, 0, 0, 0, 0, 0, 0, 0
9968, 17_1_80, 0, 0, 0, 0, 0, 0, 0, 0
9969, 17_1_81, 0, 0, 0, 0, 0, 0, 0, 0
9970, 17_1_82, 0, 0, 0, 0, 0, 0, 0, 0
9971, 17_1_83, 0, 0, 0, 0, 0, 0, 0, 0
9972, 17_1_84, 0, 0, 0, 0, 0, 0, 0, 0
9973, 17_1_85, 0, 0, 0, 0, 0, 0, 0, 0
9974, 17_1_86, 0, 0, 0, 0, 0, 0, 0, 0
9975, 17_1_87, 0, 0, 0, 0, 0, 0, 0, 0
9976, 17_1_88, 0, 0, 0, 0, 0, 0, 0, 0
9977, 17_1_89, 0, 0, 0, 0, 0, 0, 0, 0
9978, 17_1_90, 0, 0, 0, 0, 0, 0, 0, 0
9979, 17_1_91, 0, 0, 0, 0, 0, 0, 0, 0
9980, 17_1_92, 0, 0, 0, 0, 0, 0, 0, 0
9981, 17_1_93, 0, 0, 0, 0, 0, 0, 0, 0
9982, 17_1_94, 0, 0, 0, 0, 0, 0, 0, 0
9983, 17_1_95, 0, 0, 0, 0, 0, 0, 0, 0
9984, 17_2_00, 0, 0, 0, 0, 0, 0, 0, 0
9985, 17_2_01, 0, 0, 0, 0, 0, 0, 0, 0
9986, 17_2_02, 0, 0, 0, 0, 0, 0, 0, 0
9987, 17_2_03, 0, 0, 0, 0, 0, 0, 0, 0
9988, 17_2_04, 0, 0, 0, 0, 0, 0, 0, 0
9989, 17_2_05, 0, 0, 0, 0, 0, 0, 0, 0
9990, 17_2_06, 0, 0, 0, 0, 0, 0, 0, 0
9991, 17_2_07, 0, 0, 0, 0, 0, 0, 0, 0
9992, 17_2_08, 0, 0, 0, 0, 0, 0, 0, 0
9993, 17_2_09, 0, 0, 0, 0, 0, 0, 0, 0
9994, 17_2_10, 0, 0, 0, 0, 0, 0, 0, 0
9995, 17_2_11, 0, 0, 0, 0, 0, 0, 0, 0
9996, 17_2_12, 0, 0, 0, 0, 0, 0, 0, 0
9997, 17_2_13, 0, 0, 0, 0, 0, 0, 0, 0
9998, 17_2_14, 0, 0, 0, 0, 0, 0, 0, 0
9999, 17_2_15, 0, 0, 0, 0, 0, 0, 0, 0
10000, 17_2_16, 0, 0, 0, 0, 0, 0, 0, 0
10001, 17_2_17, 0, 0, 0, 0, 0, 0, 0, 0
10002, 17_2_18, 0, 0, 0, 0, 0, 0, 0, 0
10003, 17_2_19, 0, 0, 0, 0, 0, 0, 0, 0
10004, 17_2_20, 0, 0, 0, 0, 0, 0, 0, 0
10005, 17_2_21, 0, 0, 0, 0, 0, 0, 0, 0
10006, 17_2_22, 0, 0, 0, 0, 0, 0, 0, 0
10007, 17_2_23, 0, 0, 0, 0, 0, 0, 0, 0
10008, 17_2_24, 0, 0, 0, 0, 0, 0, 0, 0
10009, 17_2_25, 0, 0, 0, 0, 0, 0, 0, 0
10010, 17_2_26, 0, 0, 0, 0, 0, 0, 0, 0
10011, 17_2_27, 0, 0, 0, 0, 0, 0, 0, 0
10012, 17_2_28, 0, 0, 0, 0, 0, 0, 0, 0
10013, 17_2_29, 0, 0, 0, 0, 0, 0, 0, 0
10014, 17_2_30, 0, 0, 0, 0, 0, 0, 0, 0
10015, 17_2_31, 0, 0, 0, 0, 0, 0, 0, 0
10016, 17_2_32, 0, 0, 0, 0, 0, 0, 0, 0
10017, 17_2_33, 0, 0, 0, 0, 0, 0, 0, 0
10018, 17_2_34, 0, 0, 0, 0, 0, 0, 0, 0
10019, 17_2_35, 0, 0, 0, 0, 0, 0, 0, 0
10020, 17_2_36, 0, 0, 0, 0, 0, 0, 0, 0
10021, 17_2_37, 0, 0, 0, 0, 0, 0, 0, 0
10022, 17_2_38, 0, 0, 0, 0, 0, 0, 0, 0
10023, 17_2_39, 0, 0, 0, 0, 0, 0, 0, 0
10024, 17_2_40, 0, 0, 0, 0, 0, 0, 0, 0
10025, 17_2_41, 0, 0, 0, 0, 0, 0, 0, 0
10026, 17_2_42, 0, 0, 0, 0, 0, 0, 0, 0
10027, 17_2_43, 0, 0, 0, 0, 0, 0, 0, 0
10028, 17_2_44, 0, 0, 0, 0, 0, 0, 0, 0
10029, 17_2_45, 0, 0, 0, 0, 0, 0, 0, 0
10030, 17_2_46, 0, 0, 0, 0, 0, 0, 0, 0
10031, 17_2_47, 0, 0, 0, 0, 0, 0, 0, 0
10032, 17_2_48, 0, 0, 0, 0, 0, 0, 0, 0
10033, 17_2_49, 0, 0, 0, 0, 0, 0, 0, 0
10034, 17_2_50, 0, 0, 0, 0, 0, 0, 0, 0
10035, 17_2_51, 0, 0, 0, 0, 0, 0, 0, 0
10036, 17_2_52, 0, 0, 0, 0, 0, 0, 0, 0
10037, 17_2_53, 0, 0, 0, 0, 0, 0, 0, 0
10038, 17_2_54, 0, 0, 0, 0, 0, 0, 0, 0
10039, 17_2_55, 0, 0, 0, 0, 0, 0, 0, 0
10040, 17_2_56, 0, 0, 0, 0, 0, 0, 0, 0
10041, 17_2_57, 0, 0, 0, 0, 0, 0, 0, 0
10042, 17_2_58, 0, 0, 0, 0, 0, 0, 0, 0
10043, 17_2_59, 0, 0, 0, 0, 0, 0, 0, 0
10044, 17_2_60, 0, 0, 0, 0, 0, 0, 0, 0
10045, 17_2_61, 0, 0, 0, 0, 0, 0, 0, 0
10046, 17_2_62, 0, 0, 0, 0, 0, 0, 0, 0
10047, 17_2_63, 0, 0, 0, 0, 0, 0, 0, 0
10048, 17_2_64, 0, 0, 0, 0, 0, 0, 0, 0
10049, 17_2_65, 0, 0, 0, 0, 0, 0, 0, 0
10050, 17_2_66, 0, 0, 0, 0, 0, 0, 0, 0
10051, 17_2_67, 0, 0, 0, 0, 0, 0, 0, 0
10052, 17_2_68, 0, 0, 0, 0, 0, 0, 0, 0
10053, 17_2_69, 0, 0, 0, 0, 0, 0, 0, 0
10054, 17_2_70, 0, 0, 0, 0, 0, 0, 0, 0
10055, 17_2_71, 0, 0, 0, 0, 0, 0, 0, 0
10056, 17_2_72, 0, 0, 0, 0, 0, 0, 0, 0
10057, 17_2_73, 0, 0, 0, 0, 0, 0, 0, 0
10058, 17_2_74, 0, 0, 0, 0, 0, 0, 0, 0
10059, 17_2_75, 0, 0, 0, 0, 0, 0, 0, 0
10060, 17_2_76, 0, 0, 0, 0, 0, 0, 0, 0
10061, 17_2_77, 0, 0, 0, 0, 0, 0, 0, 0
10062, 17_2_78, 0, 0, 0, 0, 0, 0, 0, 0
10063, 17_2_79, 0, 0, 0, 0, 0, 0, 0, 0
10064, 17_2_80, 0, 0, 0, 0, 0, 0, 0, 0
10065, 17_2_81, 0, 0, 0, 0, 0, 0, 0, 0
10066, 17_2_82, 0, 0, 0, 0, 0, 0, 0, 0
10067, 17_2_83, 0, 0, 0, 0, 0, 0, 0, 0
10068, 17_2_84, 0, 0, 0, 0, 0, 0, 0, 0
10069, 17_2_85, 0, 0, 0, 0, 0, 0, 0, 0
10070, 17_2_86, 0, 0, 0, 0, 0, 0, 0, 0
10071, 17_2_87, 0, 0, 0, 0, 0, 0, 0, 0
10072, 17_2_88, 0, 0, 0, 0, 0, 0, 0, 0
10073, 17_2_89, 0, 0, 0, 0, 0, 0, 0, 0
10074, 17_2_90, 0, 0, 0, 0, 0, 0, 0, 0
10075, 17_2_91, 0, 0, 0, 0, 0, 0, 0, 0
10076, 17_2_92, 0, 0, 0, 0, 0, 0, 0, 0
10077, 17_2_93, 0, 0, 0, 0, 0, 0, 0, 0
10078, 17_2_94, 0, 0, 0, 0, 0, 0, 0, 0
10079, 17_2_95, 0, 0, 0, 0, 0, 0, 0, 0
10080, 17_3_00, 0, 0, 0, 0, 0, 0, 0, 0
10081, 17_3_01, 0, 0, 0, 0, 0, 0, 0, 0
10082, 17_3_02, 0, 0, 0, 0, 0, 0, 0, 0
10083, 17_3_03, 0, 0, 0, 0, 0, 0, 0, 0
10084, 17_3_04, 0, 0, 0, 0, 0, 0, 0, 0
10085, 17_3_05, 0, 0, 0, 0, 0, 0, 0, 0
10086, 17_3_06, 0, 0, 0, 0, 0, 0, 0, 0
10087, 17_3_07, 0, 0, 0, 0, 0, 0, 0, 0
10088, 17_3_08, 0, 0, 0, 0, 0, 0, 0, 0
10089, 17_3_09, 0, 0, 0, 0, 0, 0, 0, 0
10090, 17_3_10, 0, 0, 0, 0, 0, 0, 0, 0
10091, 17_3_11, 0, 0, 0, 0, 0, 0, 0, 0
10092, 17_3_12, 0, 0, 0, 0, 0, 0, 0, 0
10093, 17_3_13, 0, 0, 0, 0, 0, 0, 0, 0
10094, 17_3_14, 0, 0, 0, 0, 0, 0, 0, 0
10095, 17_3_15, 0, 0, 0, 0, 0, 0, 0, 0
10096, 17_3_16, 0, 0, 0, 0, 0, 0, 0, 0
10097, 17_3_17, 0, 0, 0, 0, 0, 0, 0, 0
10098, 17_3_18, 0, 0, 0, 0, 0, 0, 0, 0
10099, 17_3_19, 0, 0, 0, 0, 0, 0, 0, 0
10100, 17_3_20, 0, 0, 0, 0, 0, 0, 0, 0
10101, 17_3_21, 0, 0, 0, 0, 0, 0, 0, 0
10102, 17_3_22, 0, 0, 0, 0, 0, 0, 0, 0
10103, 17_3_23, 0, 0, 0, 0, 0, 0, 0, 0
10104, 17_3_24, 0, 0, 0, 0, 0, 0, 0, 0
10105, 17_3_25, 0, 0, 0, 0, 0, 0, 0, 0
10106, 17_3_26, 0, 0, 0, 0, 0, 0, 0, 0
10107, 17_3_27, 0, 0, 0, 0, 0, 0, 0, 0
10108, 17_3_28, 0, 0, 0, 0, 0, 0, 0, 0
10109, 17_3_29, 0, 0, 0, 0, 0, 0, 0, 0
10110, 17_3_30, 0, 0, 0, 0, 0, 0, 0, 0
10111, 17_3_31, 0, 0, 0, 0, 0, 0, 0, 0
10112, 17_3_32, 0, 0, 0, 0, 0, 0, 0, 0
10113, 17_3_33, 0, 0, 0, 0, 0, 0, 0, 0
10114, 17_3_34, 0, 0, 0, 0, 0, 0, 0, 0
10115, 17_3_35, 0, 0, 0, 0, 0, 0, 0, 0
10116, 17_3_36, 0, 0, 0, 0, 0, 0, 0, 0
10117, 17_3_37, 0, 0, 0, 0, 0, 0, 0, 0
10118, 17_3_38, 0, 0, 0, 0, 0, 0, 0, 0
10119, 17_3_39, 0, 0, 0, 0, 0, 0, 0, 0
10120, 17_3_40, 0, 0, 0, 0, 0, 0, 0, 0
10121, 17_3_41, 0, 0, 0, 0, 0, 0, 0, 0
10122, 17_3_42, 0, 0, 0, 0, 0, 0, 0, 0
10123, 17_3_43, 0, 0, 0, 0, 0, 0, 0, 0
10124, 17_3_44, 0, 0, 0, 0, 0, 0, 0, 0
10125, 17_3_45, 0, 0, 0, 0, 0, 0, 0, 0
10126, 17_3_46, 0, 0, 0, 0, 0, 0, 0, 0
10127, 17_3_47, 0, 0, 0, 0, 0, 0, 0, 0
10128, 17_3_48, 0, 0, 0, 0, 0, 0, 0, 0
10129, 17_3_49, 0, 0, 0, 0, 0, 0, 0, 0
10130, 17_3_50, 0, 0, 0, 0, 0, 0, 0, 0
10131, 17_3_51, 0, 0, 0, 0, 0, 0, 0, 0
10132, 17_3_52, 0, 0, 0, 0, 0, 0, 0, 0
10133, 17_3_53, 0, 0, 0, 0, 0, 0, 0, 0
10134, 17_3_54, 0, 0, 0, 0, 0, 0, 0, 0
10135, 17_3_55, 0, 0, 0, 0, 0, 0, 0, 0
10136, 17_3_56, 0, 0, 0, 0, 0, 0, 0, 0
10137, 17_3_57, 0, 0, 0, 0, 0, 0, 0, 0
10138, 17_3_58, 0, 0, 0, 0, 0, 0, 0, 0
10139, 17_3_59, 0, 0, 0, 0, 0, 0, 0, 0
10140, 17_3_60, 0, 0, 0, 0, 0, 0, 0, 0
10141, 17_3_61, 0, 0, 0, 0, 0, 0, 0, 0
10142, 17_3_62, 0, 0, 0, 0, 0, 0, 0, 0
10143, 17_3_63, 0, 0, 0, 0, 0, 0, 0, 0
10144, 17_3_64, 0, 0, 0, 0, 0, 0, 0, 0
10145, 17_3_65, 0, 0, 0, 0, 0, 0, 0, 0
10146, 17_3_66, 0, 0, 0, 0, 0, 0, 0, 0
10147, 17_3_67, 0, 0, 0, 0, 0, 0, 0, 0
10148, 17_3_68, 0, 0, 0, 0, 0, 0, 0, 0
10149, 17_3_69, 0, 0, 0, 0, 0, 0, 0, 0
10150, 17_3_70, 0, 0, 0, 0, 0, 0, 0, 0
10151, 17_3_71, 0, 0, 0, 0, 0, 0, 0, 0
10152, 17_3_72, 0, 0, 0, 0, 0, 0, 0, 0
10153, 17_3_73, 0, 0, 0, 0, 0, 0, 0, 0
10154, 17_3_74, 0, 0, 0, 0, 0, 0, 0, 0
10155, 17_3_75, 0, 0, 0, 0, 0, 0, 0, 0
10156, 17_3_76, 0, 0, 0, 0, 0, 0, 0, 0
10157, 17_3_77, 0, 0, 0, 0, 0, 0, 0, 0
10158, 17_3_78, 0, 0, 0, 0, 0, 0, 0, 0
10159, 17_3_79, 0, 0, 0, 0, 0, 0, 0, 0
10160, 17_3_80, 0, 0, 0, 0, 0, 0, 0, 0
10161, 17_3_81, 0, 0, 0, 0, 0, 0, 0, 0
10162, 17_3_82, 0, 0, 0, 0, 0, 0, 0, 0
10163, 17_3_83, 0, 0, 0, 0, 0, 0, 0, 0
10164, 17_3_84, 0, 0, 0, 0, 0, 0, 0, 0
10165, 17_3_85, 0, 0, 0, 0, 0, 0, 0, 0
10166, 17_3_86, 0, 0, 0, 0, 0, 0, 0, 0
10167, 17_3_87, 0, 0, 0, 0, 0, 0, 0, 0
10168, 17_3_88, 0, 0, 0, 0, 0, 0, 0, 0
10169, 17_3_89, 0, 0, 0, 0, 0, 0, 0, 0
10170, 17_3_90, 0, 0, 0, 0, 0, 0, 0, 0
10171, 17_3_91, 0, 0, 0, 0, 0, 0, 0, 0
10172, 17_3_92, 0, 0, 0, 0, 0, 0, 0, 0
10173, 17_3_93, 0, 0, 0, 0, 0, 0, 0, 0
10174, 17_3_94, 0, 0, 0, 0, 0, 0, 0, 0
10175, 17_3_95, 0, 0, 0, 0, 0, 0, 0, 0
10176, 17_4_00, 0, 0, 0, 0, 0, 0, 0, 0
10177, 17_4_01, 0, 0, 0, 0, 0, 0, 0, 0
10178, 17_4_02, 0, 0, 0, 0, 0, 0, 0, 0
10179, 17_4_03, 0, 0, 0, 0, 0, 0, 0, 0
10180, 17_4_04, 0, 0, 0, 0, 0, 0, 0, 0
10181, 17_4_05, 0, 0, 0, 0, 0, 0, 0, 0
10182, 17_4_06, 0, 0, 0, 0, 0, 0, 0, 0
10183, 17_4_07, 0, 0, 0, 0, 0, 0, 0, 0
10184, 17_4_08, 0, 0, 0, 0, 0, 0, 0, 0
10185, 17_4_09, 0, 0, 0, 0, 0, 0, 0, 0
10186, 17_4_10, 0, 0, 0, 0, 0, 0, 0, 0
10187, 17_4_11, 0, 0, 0, 0, 0, 0, 0, 0
10188, 17_4_12, 0, 0, 0, 0, 0, 0, 0, 0
10189, 17_4_13, 0, 0, 0, 0, 0, 0, 0, 0
10190, 17_4_14, 0, 0, 0, 0, 0, 0, 0, 0
10191, 17_4_15, 0, 0, 0, 0, 0, 0, 0, 0
10192, 17_4_16, 0, 0, 0, 0, 0, 0, 0, 0
10193, 17_4_17, 0, 0, 0, 0, 0, 0, 0, 0
10194, 17_4_18, 0, 0, 0, 0, 0, 0, 0, 0
10195, 17_4_19, 0, 0, 0, 0, 0, 0, 0, 0
10196, 17_4_20, 0, 0, 0, 0, 0, 0, 0, 0
10197, 17_4_21, 0, 0, 0, 0, 0, 0, 0, 0
10198, 17_4_22, 0, 0, 0, 0, 0, 0, 0, 0
10199, 17_4_23, 0, 0, 0, 0, 0, 0, 0, 0
10200, 17_4_24, 0, 0, 0, 0, 0, 0, 0, 0
10201, 17_4_25, 0, 0, 0, 0, 0, 0, 0, 0
10202, 17_4_26, 0, 0, 0, 0, 0, 0, 0, 0
10203, 17_4_27, 0, 0, 0, 0, 0, 0, 0, 0
10204, 17_4_28, 0, 0, 0, 0, 0, 0, 0, 0
10205, 17_4_29, 0, 0, 0, 0, 0, 0, 0, 0
10206, 17_4_30, 0, 0, 0, 0, 0, 0, 0, 0
10207, 17_4_31, 0, 0, 0, 0, 0, 0, 0, 0
10208, 17_4_32, 0, 0, 0, 0, 0, 0, 0, 0
10209, 17_4_33, 0, 0, 0, 0, 0, 0, 0, 0
10210, 17_4_34, 0, 0, 0, 0, 0, 0, 0, 0
10211, 17_4_35, 0, 0, 0, 0, 0, 0, 0, 0
10212, 17_4_36, 0, 0, 0, 0, 0, 0, 0, 0
10213, 17_4_37, 0, 0, 0, 0, 0, 0, 0, 0
10214, 17_4_38, 0, 0, 0, 0, 0, 0, 0, 0
10215, 17_4_39, 0, 0, 0, 0, 0, 0, 0, 0
10216, 17_4_40, 0, 0, 0, 0, 0, 0, 0, 0
10217, 17_4_41, 0, 0, 0, 0, 0, 0, 0, 0
10218, 17_4_42, 0, 0, 0, 0, 0, 0, 0, 0
10219, 17_4_43, 0, 0, 0, 0, 0, 0, 0, 0
10220, 17_4_44, 0, 0, 0, 0, 0, 0, 0, 0
10221, 17_4_45, 0, 0, 0, 0, 0, 0, 0, 0
10222, 17_4_46, 0, 0, 0, 0, 0, 0, 0, 0
10223, 17_4_47, 0, 0, 0, 0, 0, 0, 0, 0
10224, 17_4_48, 0, 0, 0, 0, 0, 0, 0, 0
10225, 17_4_49, 0, 0, 0, 0, 0, 0, 0, 0
10226, 17_4_50, 0, 0, 0, 0, 0, 0, 0, 0
10227, 17_4_51, 0, 0, 0, 0, 0, 0, 0, 0
10228, 17_4_52, 0, 0, 0, 0, 0, 0, 0, 0
10229, 17_4_53, 0, 0, 0, 0, 0, 0, 0, 0
10230, 17_4_54, 0, 0, 0, 0, 0, 0, 0, 0
10231, 17_4_55, 0, 0, 0, 0, 0, 0, 0, 0
10232, 17_4_56, 0, 0, 0, 0, 0, 0, 0, 0
10233, 17_4_57, 0, 0, 0, 0, 0, 0, 0, 0
10234, 17_4_58, 0, 0, 0, 0, 0, 0, 0, 0
10235, 17_4_59, 0, 0, 0, 0, 0, 0, 0, 0
10236, 17_4_60, 0, 0, 0, 0, 0, 0, 0, 0
10237, 17_4_61, 0, 0, 0, 0, 0, 0, 0, 0
10238, 17_4_62, 0, 0, 0, 0, 0, 0, 0, 0
10239, 17_4_63, 0, 0, 0, 0, 0, 0, 0, 0
10240, 17_4_64, 0, 0, 0, 0, 0, 0, 0, 0
10241, 17_4_65, 0, 0, 0, 0, 0, 0, 0, 0
10242, 17_4_66, 0, 0, 0, 0, 0, 0, 0, 0
10243, 17_4_67, 0, 0, 0, 0, 0, 0, 0, 0
10244, 17_4_68, 0, 0, 0, 0, 0, 0, 0, 0
10245, 17_4_69, 0, 0, 0, 0, 0, 0, 0, 0
10246, 17_4_70, 0, 0, 0, 0, 0, 0, 0, 0
10247, 17_4_71, 0, 0, 0, 0, 0, 0, 0, 0
10248, 17_4_72, 0, 0, 0, 0, 0, 0, 0, 0
10249, 17_4_73, 0, 0, 0, 0, 0, 0, 0, 0
10250, 17_4_74, 0, 0, 0, 0, 0, 0, 0, 0
10251, 17_4_75, 0, 0, 0, 0, 0, 0, 0, 0
10252, 17_4_76, 0, 0, 0, 0, 0, 0, 0, 0
10253, 17_4_77, 0, 0, 0, 0, 0, 0, 0, 0
10254, 17_4_78, 0, 0, 0, 0, 0, 0, 0, 0
10255, 17_4_79, 0, 0, 0, 0, 0, 0, 0, 0
10256, 17_4_80, 0, 0, 0, 0, 0, 0, 0, 0
10257, 17_4_81, 0, 0, 0, 0, 0, 0, 0, 0
10258, 17_4_82, 0, 0, 0, 0, 0, 0, 0, 0
10259, 17_4_83, 0, 0, 0, 0, 0, 0, 0, 0
10260, 17_4_84, 0, 0, 0, 0, 0, 0, 0, 0
10261, 17_4_85, 0, 0, 0, 0, 0, 0, 0, 0
10262, 17_4_86, 0, 0, 0, 0, 0, 0, 0, 0
10263, 17_4_87, 0, 0, 0, 0, 0, 0, 0, 0
10264, 17_4_88, 0, 0, 0, 0, 0, 0, 0, 0
10265, 17_4_89, 0, 0, 0, 0, 0, 0, 0, 0
10266, 17_4_90, 0, 0, 0, 0, 0, 0, 0, 0
10267, 17_4_91, 0, 0, 0, 0, 0, 0, 0, 0
10268, 17_4_92, 0, 0, 0, 0, 0, 0, 0, 0
10269, 17_4_93, 0, 0, 0, 0, 0, 0, 0, 0
10270, 17_4_94, 0, 0, 0, 0, 0, 0, 0, 0
10271, 17_4_95, 0, 0, 0, 0, 0, 0, 0, 0
10272, 17_5_00, 0, 0, 0, 0, 0, 0, 0, 0
10273, 17_5_01, 0, 0, 0, 0, 0, 0, 0, 0
10274, 17_5_02, 0, 0, 0, 0, 0, 0, 0, 0
10275, 17_5_03, 0, 0, 0, 0, 0, 0, 0, 0
10276, 17_5_04, 0, 0, 0, 0, 0, 0, 0, 0
10277, 17_5_05, 0, 0, 0, 0, 0, 0, 0, 0
10278, 17_5_06, 0, 0, 0, 0, 0, 0, 0, 0
10279, 17_5_07, 0, 0, 0, 0, 0, 0, 0, 0
10280, 17_5_08, 0, 0, 0, 0, 0, 0, 0, 0
10281, 17_5_09, 0, 0, 0, 0, 0, 0, 0, 0
10282, 17_5_10, 0, 0, 0, 0, 0, 0, 0, 0
10283, 17_5_11, 0, 0, 0, 0, 0, 0, 0, 0
10284, 17_5_12, 0, 0, 0, 0, 0, 0, 0, 0
10285, 17_5_13, 0, 0, 0, 0, 0, 0, 0, 0
10286, 17_5_14, 0, 0, 0, 0, 0, 0, 0, 0
10287, 17_5_15, 0, 0, 0, 0, 0, 0, 0, 0
10288, 17_5_16, 0, 0, 0, 0, 0, 0, 0, 0
10289, 17_5_17, 0, 0, 0, 0, 0, 0, 0, 0
10290, 17_5_18, 0, 0, 0, 0, 0, 0, 0, 0
10291, 17_5_19, 0, 0, 0, 0, 0, 0, 0, 0
10292, 17_5_20, 0, 0, 0, 0, 0, 0, 0, 0
10293, 17_5_21, 0, 0, 0, 0, 0, 0, 0, 0
10294, 17_5_22, 0, 0, 0, 0, 0, 0, 0, 0
10295, 17_5_23, 0, 0, 0, 0, 0, 0, 0, 0
10296, 17_5_24, 0, 0, 0, 0, 0, 0, 0, 0
10297, 17_5_25, 0, 0, 0, 0, 0, 0, 0, 0
10298, 17_5_26, 0, 0, 0, 0, 0, 0, 0, 0
10299, 17_5_27, 0, 0, 0, 0, 0, 0, 0, 0
10300, 17_5_28, 0, 0, 0, 0, 0, 0, 0, 0
10301, 17_5_29, 0, 0, 0, 0, 0, 0, 0, 0
10302, 17_5_30, 0, 0, 0, 0, 0, 0, 0, 0
10303, 17_5_31, 0, 0, 0, 0, 0, 0, 0, 0
10304, 17_5_32, 0, 0, 0, 0, 0, 0, 0, 0
10305, 17_5_33, 0, 0, 0, 0, 0, 0, 0, 0
10306, 17_5_34, 0, 0, 0, 0, 0, 0, 0, 0
10307, 17_5_35, 0, 0, 0, 0, 0, 0, 0, 0
10308, 17_5_36, 0, 0, 0, 0, 0, 0, 0, 0
10309, 17_5_37, 0, 0, 0, 0, 0, 0, 0, 0
10310, 17_5_38, 0, 0, 0, 0, 0, 0, 0, 0
10311, 17_5_39, 0, 0, 0, 0, 0, 0, 0, 0
10312, 17_5_40, 0, 0, 0, 0, 0, 0, 0, 0
10313, 17_5_41, 0, 0, 0, 0, 0, 0, 0, 0
10314, 17_5_42, 0, 0, 0, 0, 0, 0, 0, 0
10315, 17_5_43, 0, 0, 0, 0, 0, 0, 0, 0
10316, 17_5_44, 0, 0, 0, 0, 0, 0, 0, 0
10317, 17_5_45, 0, 0, 0, 0, 0, 0, 0, 0
10318, 17_5_46, 0, 0, 0, 0, 0, 0, 0, 0
10319, 17_5_47, 0, 0, 0, 0, 0, 0, 0, 0
10320, 17_5_48, 0, 0, 0, 0, 0, 0, 0, 0
10321, 17_5_49, 0, 0, 0, 0, 0, 0, 0, 0
10322, 17_5_50, 0, 0, 0, 0, 0, 0, 0, 0
10323, 17_5_51, 0, 0, 0, 0, 0, 0, 0, 0
10324, 17_5_52, 0, 0, 0, 0, 0, 0, 0, 0
10325, 17_5_53, 0, 0, 0, 0, 0, 0, 0, 0
10326, 17_5_54, 0, 0, 0, 0, 0, 0, 0, 0
10327, 17_5_55, 0, 0, 0, 0, 0, 0, 0, 0
10328, 17_5_56, 0, 0, 0, 0, 0, 0, 0, 0
10329, 17_5_57, 0, 0, 0, 0, 0, 0, 0, 0
10330, 17_5_58, 0, 0, 0, 0, 0, 0, 0, 0
10331, 17_5_59, 0, 0, 0, 0, 0, 0, 0, 0
10332, 17_5_60, 0, 0, 0, 0, 0, 0, 0, 0
10333, 17_5_61, 0, 0, 0, 0, 0, 0, 0, 0
10334, 17_5_62, 0, 0, 0, 0, 0, 0, 0, 0
10335, 17_5_63, 0, 0, 0, 0, 0, 0, 0, 0
10336, 17_5_64, 0, 0, 0, 0, 0, 0, 0, 0
10337, 17_5_65, 0, 0, 0, 0, 0, 0, 0, 0
10338, 17_5_66, 0, 0, 0, 0, 0, 0, 0, 0
10339, 17_5_67, 0, 0, 0, 0, 0, 0, 0, 0
10340, 17_5_68, 0, 0, 0, 0, 0, 0, 0, 0
10341, 17_5_69, 0, 0, 0, 0, 0, 0, 0, 0
10342, 17_5_70, 0, 0, 0, 0, 0, 0, 0, 0
10343, 17_5_71, 0, 0, 0, 0, 0, 0, 0, 0
10344, 17_5_72, 0, 0, 0, 0, 0, 0, 0, 0
10345, 17_5_73, 0, 0, 0, 0, 0, 0, 0, 0
10346, 17_5_74, 0, 0, 0, 0, 0, 0, 0, 0
10347, 17_5_75, 0, 0, 0, 0, 0, 0, 0, 0
10348, 17_5_76, 0, 0, 0, 0, 0, 0, 0, 0
10349, 17_5_77, 0, 0, 0, 0, 0, 0, 0, 0
10350, 17_5_78, 0, 0, 0, 0, 0, 0, 0, 0
10351, 17_5_79, 0, 0, 0, 0, 0, 0, 0, 0
10352, 17_5_80, 0, 0, 0, 0, 0, 0, 0, 0
10353, 17_5_81, 0, 0, 0, 0, 0, 0, 0, 0
10354, 17_5_82, 0, 0, 0, 0, 0, 0, 0, 0
10355, 17_5_83, 0, 0, 0, 0, 0, 0, 0, 0
10356, 17_5_84, 0, 0, 0, 0, 0, 0, 0, 0
10357, 17_5_85, 0, 0, 0, 0, 0, 0, 0, 0
10358, 17_5_86, 0, 0, 0, 0, 0, 0, 0, 0
10359, 17_5_87, 0, 0, 0, 0, 0, 0, 0, 0
10360, 17_5_88, 0, 0, 0, 0, 0, 0, 0, 0
10361, 17_5_89, 0, 0, 0, 0, 0, 0, 0, 0
10362, 17_5_90, 0, 0, 0, 0, 0, 0, 0, 0
10363, 17_5_91, 0, 0, 0, 0, 0, 0, 0, 0
10364, 17_5_92, 0, 0, 0, 0, 0, 0, 0, 0
10365, 17_5_93, 0, 0, 0, 0, 0, 0, 0, 0
10366, 17_5_94, 0, 0, 0, 0, 0, 0×tñ¼­zÊ&ŠÛ^t°€À°€À°€À°€À°€À°€À(ÄÀØÔÐ°€Äá|É|äÐ°€À°€À°€À°€À°€À°€À°€À°€À(ÄÀØÔÔ°€Äá|É|äÔ°€À°€À°€À°€À°€À°€À°€À°€À(ÄÀØÔØ°€Äá|Í|ÀÀ°€À°€À°€À°€À°€À°€À°€À°€À(ÄÀØÔÜ°€Äá|Í|ÀÄ°€À°€À°€À°€À°€À°€À°€À°€À(ÄÀØÔà°€Äá|Í|ÀÈ°€À°€À°€À°€À°€À°€À°€À°€À(ÄÀØÔä°€Äá|Í|ÀÌ°€À°€À°€À°€À°€À°€À°€À°€À(ÄÀØØÀ°€Äá|Í|ÀÐ°€À°€À°€À°€À°€À°€À°€À°€À(ÄÀØØÄ°€Äá|Í|ÀÔ°€À°€À°€À°€À°€À°€À°€À°€À(ÄÀØØÈ°€Äá|Í|ÀØ°€À°€À°€À°€À°€À°€À°€À°€À(ÄÀØØÌ°€Äá|Í|ÀÜ°€À°€À°€À°€À°€À°€À°€À°€À(ÄÀØØÐ°€Äá|Í|Àà°€À°€À°€À°€À°€À°€À°€À°€À(ÄÀØØÔ°€Äá|Í|Àä°€À°€À°€À°€À°€À°€À°€À°€À(ÄÀØØØ°€Äá|Í|ÄÀ°€À°€À°€À°€À°€À°€À°€À°€À(ÄÀØØÜ°€Äá|Í|ÄÄ°€À°€À°€À°€À°€À°€À°€À°€À(ÄÀØØà°€Äá|Í|ÄÈ°€À°€À°€À°€À°€À°€À°€À°€À(ÄÀØØä°€Äá|Í|ÄÌ°€À°€À°€À°€À°€À°€À°€À°€À(ÄÀØÜÀ°€Äá|Í|ÄÐ°€À°€À°€À°€À°€À°€À°€À°€À(ÄÀØÜÄ°€Äá|Í|ÄÔ°€À°€À°€À°€À°€À°€À°€À°€À(ÄÀØÜÈ°€Äá|Í|ÄØ°€À°€À°€À°€À°€À°€À°€À°€À(ÄÀØÜÌ°€Äá|Í|ÄÜ°€À°€À°€À°€À°€À°€À°€À°€À(ÄÀØÜÐ°€Äá|Í|Äà°€À°€À°€À°€À°€À°€À°€À°€À(ÄÀØÜÔ°€Äá|Í|Ää°€À°€À°€À°€À°€À°€À°€À°€À(ÄÀØÜØ°€Äá|Í|ÈÀ°€À°€À°€À°€À°€À°€À°€À°€À(ÄÀØÜÜ°€Äá|Í|ÈÄ°€À°€À°€À°€À°€À°€À°€À°€À(ÄÀØÜà°€Äá|Í|ÈÈ°€À°€À°€À°€À°€À°€À°€À°€À(ÄÀØÜä°€Äá|Í|ÈÌ°€À°€À°€À°€À°€À°€À°€À°€À(ÄÀØàÀ°€Äá|Í|ÈÐ°€À°€À°€À°€À°€À°€À°€À°€À(ÄÀØàÄ°€Äá|Í|ÈÔ°€À°€À°€À°€À°€À°€À°€À°€À(ÄÀØàÈ°€Äá|Í|ÈØ°€À°€À°€À°€À°€À°€À°€À°€À(ÄÀØàÌ°€Äá|Í|ÈÜ°€À°€À°€À°€À°€À°€À°€À°€À(ÄÀØàÐ°€Äá|Í|Èà°€À°€À°€À°€À°€À°€À°€À°€À(ÄÀØàÔ°€Äá|Í|Èä°€À°€À°€À°€À°€À°€À°€À°€À(ÄÀØàØ°€Äá|Í|ÌÀ°€À°€À°€À°€À°€À°€À°€À°€À(ÄÀØàÜ°€Äá|Í|ÌÄ°€À°€À°€À°€À°€À°€À°€À°€À(ÄÀØàà°€Äá|Í|ÌÈ°€À°€À°€À°€À°€À°€À°€À°€À(ÄÀØàä°€Äá|Í|ÌÌ°€À°€À°€À°€À°€À°€À°€À°€À(ÄÀØäÀ°€Äá|Í|ÌÐ°€À°€À°€À°€À°€À°€À°€À°€À(ÄÀØäÄ°€Äá|Í|ÌÔ°€À°€À°€À°€À°€À°€À°€À°€À(ÄÀØäÈ°€Äá|Í|ÌØ°€À°€À°€À°€À°€À°€À°€À°€À(ÄÀØäÌ°€Äá|Í|ÌÜ°€À°€À°€À°€À°€À°€À°€À°€À(ÄÀØäÐ°€Äá|Í|Ìà°€À°€À°€À°€À°€À°€À°€À°€À(ÄÀØäÔ°€Äá|Í|Ìä°€À°€À°€À°€À°€À°€À°€À°€À(ÄÀØäØ°€Äá|Í|ÐÀ°€À°€À°€À°€À°€À°€À°€À°€À(ÄÀØäÜ°€Äá|Í|ÐÄ°€À°€À°€À°€À°€À°€À°€À°€À(ÄÀØäà°€Äá|Í|ÐÈ°€À°€À°€À°€À°€À°€À°€À°€À(ÄÀØää°€Äá|Í|ÐÌ°€À°€À°€À°€À°€À°€À°€À°€À(ÄÀÜÀÀ°€Äá|Í|ÐÐ°€À°€À°€À°€À°€À°€À°€À°€À(ÄÀÜÀÄ°€Äá|Í|ÐÔ°€À°€À°€À°€À°€À°€À°€À°€À(ÄÀÜÀÈ°€Äá|Í|ÐØ°€À°€À°€À°€À°€À°€À°€À°€À(ÄÀÜÀÌ°€Äá|Í|ÐÜ°€À°€À°€À°€À°€À°€À°€À°€À(ÄÀÜÀÐ°€Äá|Í|Ðà°€À°€À°€À°€À°€À°€À°€À°€À(ÄÀÜÀÔ°€Äá|Í|Ðä°€À°€À°€À°€À°€À°€À°€À°€À(ÄÀÜÀØ°€Äá|Í|ÔÀ°€À°€À°€À°€À°€À°€À°€À°€À(ÄÀÜÀÜ°€Äá|Í|ÔÄ°€À°€À°€À°€À°€À°€À°€À°€À(ÄÀÜÀà°€Äá|Í|ÔÈ°€À°€À°€À°€À°€À°€À°€À°€À(ÄÀÜÀä°€Äá|Í|ÔÌ°€À°€À°€À°€À°€À°€À°€À°€À(ÄÀÜÄÀ°€Äá|Í|ÔÐ°€À°€À°€À°€À°€À°€À°€À°€À(ÄÀÜÄÄ°€Äá|Í|ÔÔ°€À°€À°€À°€À°€À°€À°€À°€À(ÄÀÜÄÈ°€Äá|Í|ÔØ°€À°€À°€À°€À°€À°€À°€À°€À(ÄÀÜÄÌ°€Äá|Í|ÔÜ°€À°€À°€À°€À°€À°€À°€À°€À(ÄÀÜÄÐ°€Äá|Í|Ôà°€À°€À°€À°€À°€À°€À°€À°€À(ÄÀÜÄÔ°€Äá|Í|Ôä°€À°€À°€À°€À°€À°€À°€À°€À(ÄÀÜÄØ°€Äá|Í|ØÀ°€À°€À°€À°€À°€À°€À°€À°€À(ÄÀÜÄÜ°€Äá|Í|ØÄ°€À°€À°€À°€À°€À°€À°€À°€À(ÄÀÜÄà°€Äá|Í|ØÈ°€À°€À°€À°€À°€À°€À°€À°€À(ÄÀÜÄä°€Äá|Í|ØÌ°€À°€À°€À°€À°€À°€À°€À°€À(ÄÀÜÈÀ°€Äá|Í|ØÐ°€À°€À°€À°€À°€À°€À°€À°€À(ÄÀÜÈÄ°€Äá|Í|ØÔ°€À°€À°€À°€À°€À°€À°€À°€À(ÄÀÜÈÈ°€Äá|Í|ØØ°€À°€À°€À°€À°€À°€À°€À°€À(ÄÀÜÈÌ°€Äá|Í|ØÜ°€À°€À°€À°€À°€À°€À°€À°€À(ÄÀÜÈÐ°€Äá|Í|Øà°€À°€À°€À°€À°€À°€À°€À°€À(ÄÀÜÈÔ°€Äá|Í|Øä°€À°€À°€À°€À°€À°€À°€À°€À(ÄÀÜÈØ°€Äá|Í|ÜÀ°€À°€À°€À°€À°€À°€À°€À°€À(ÄÀÜÈÜ°€Äá|Í|ÜÄ°€À°€À°€À°€À°€À°€À°€À°€À(ÄÀÜÈà°€Äá|Í|ÜÈ°€À°€À°€À°€À°€À°€À°€À°€À(ÄÀÜÈä°€Äá|Í|ÜÌ°€À°€À°€À°€À°€À°€À°€À°€À(ÄÀÜÌÀ°€Äá|Í|ÜÐ°€À°€À°€À°€À°€À°€À°€À°€À(ÄÀÜÌÄ°€Äá|Í|ÜÔ°€À°€À°€À°€À°€À°€À°€À°€À(ÄÀÜÌÈ°€Äá|Í|ÜØ°€À°€À°€À°€À°€À°€À°€À°€À(ÄÀÜÌÌ°€Äá|Í|ÜÜ°€À°€À°€À°€À°€À°€À°€À°€À(ÄÀÜÌÐ°€Äá|Í|Üà°€À°€À°€À°€À°€À°€À°€À°€À(ÄÀÜÌÔ°€Äá|Í|Üä°€À°€À°€À°€À°€À°€À°€À°€À(ÄÀÜÌØ°€Äá|Í|àÀ°€À°€À°€À°€À°€À°€À°€À°€À(ÄÀÜÌÜ°€Äá|Í|àÄ°€À°€À°€À°€À°€À°€À°€À°€À(ÄÀÜÌà°€Äá|Í|àÈ°€À°€À°€À°€À°€À°€À°€À°€À(ÄÀÜÌä°€Äá|Í|àÌ°€À°€À°€À°€À°€À°€À°€À°€À(ÄÀÜÐÀ°€Äá|Í|àÐ°€À°€À°€À°€À°€À°€À°€À°€À(ÄÀÜÐÄ°€Äá|Í|àÔ°€À°€À°€À°€À°€À°€À°€À°€À(ÄÀÜÐÈ°€Äá|Í|àØ°€À°€À°€À°€À°€À°€À°€À°€À(ÄÀÜÐÌ°€Äá|Í|àÜ°€À°€À°€À°€À°€À°€À°€À°€À(ÄÀÜÐÐ°€Äá|Í|àà°€À°€À°€À°€À°€À°€À°€À°€À(ÄÀÜÐÔ°€Äá|Í|àä°€À°€À°€À°€À°€À°€À°€À°€À(ÄÀÜÐØ°€Äá|Í|äÀ°€À°€À°€À°€À°€À°€À°€À°€À(ÄÀÜÐÜ°€Äá|Í|äÄ°€À°€À°€À°€À°€À°€À°€À°€À(ÄÀÜÐà°€Äá|Í|äÈ°€À°€À°€À°€À°€À°€À°€À°€À(ÄÀÜÐä°€Äá|Í|äÌ°€À°€À°€À°€À°€À°€À°€À°€À(ÄÀÜÔÀ°€Äá|Í|äÐ°€À°€À°€À°€À°€À°€À°€À°€À(ÄÀÜÔÄ°€Äá|Í|äÔ°€À°€À°€À°€À°€À°€À°€À°€À(ÄÀÜÔÈ°€Äá|Ñ|ÀÀ°€À°€À°€À°€À°€À°€À°€À°€À(ÄÀÜÔÌ°€Äá|Ñ|ÀÄ°€À°€À°€À°€À°€À°€À°€À°€À(ÄÀÜÔÐ°€Äá|Ñ|ÀÈ°€À°€À°€À°€À°€À°€À°€À°€À(ÄÀÜÔÔ°€Äá|Ñ|ÀÌ°€À°€À°€À°€À°€À°€À°€À°€À(ÄÀÜÔØ°€Äá|Ñ|ÀÐ°€À°€À°€À°€À°€À°€À°€À°€À(ÄÀÜÔÜ°€Äá|Ñ|ÀÔ°€À°€À°€À°€À°€À°€À°€À°€À(ÄÀÜÔà°€Äá|Ñ|ÀØ°€À°€À°€À°€À°€À°€À°€À°€À(ÄÀÜÔä°€Äá|Ñ|ÀÜ°€À°€À°€À°€À°€À°€À°€À°€À(ÄÀÜØÀ°€Äá|Ñ|Àà°€À°€À°€À°€À°€À°€À°€À°€À(ÄÀÜØÄ°€Äá|Ñ|Àä°€À°€À°€À°€À°€À°€À°€À°€À(ÄÀÜØÈ°€Äá|Ñ|ÄÀ°€À°€À°€À°€À°€À°€À°€À°€À(ÄÀÜØÌ°€Äá|Ñ|ÄÄ°€À°€À°€À°€À°€À°€À°€À°€À(ÄÀÜØÐ°€Äá|Ñ|ÄÈ°€À°€À°€À°€À°€À°€À°€À°€À(ÄÀÜØÔ°€Äá|Ñ|ÄÌ°€À°€À°€À°€À°€À°€À°€À°€À(ÄÀÜØØ°€Äá|Ñ|ÄÐ°€À°€À°€À°€À°€À°€À°€À°€À(ÄÀÜØÜ°€Äá|Ñ|ÄÔ°€À°€À°€À°€À°€À°€À°€À°€À(ÄÀÜØà°€Äá|Ñ|ÄØ°€À°€À°€À°€À°€À°€À°€À°€À(ÄÀÜØä°€Äá|Ñ|ÄÜ°€À°€À°€À°€À°€À°€À°€À°€À(ÄÀÜÜÀ°€Äá|Ñ|Äà°€À°€À°€À°€À°€À°€À°€À°€À(ÄÀÜÜÄ°€Äá|Ñ|Ää°€À°€À°€À°€À°€À°€À°€À°€À(ÄÀÜÜÈ°€Äá|Ñ|ÈÀ°€À°€À°€À°€À°€À°€À°€À°€À(ÄÀÜÜÌ°€Äá|Ñ|ÈÄ°€À°€À°€À°€À°€À°€À°€À°€À(ÄÀÜÜÐ°€Äá|Ñ|ÈÈ°€À°€À°€À°€À°€À°€À°€À°€À(ÄÀÜÜÔ°€Äá|Ñ|ÈÌ°€À°€À°€À°€À°€À°€À°€À°€À(ÄÀÜÜØ°€Äá|Ñ|ÈÐ°€À°€À°€À°€À°€À°€À°€À°€À(ÄÀÜÜÜ°€Äá|Ñ|ÈÔ°€À°€À°€À°€À°€À°€À°€À°€À(ÄÀÜÜà°€Äá|Ñ|ÈØ°€À°€À°€À°€À°€À°€À°€À°€À(ÄÀÜÜä°€Äá|Ñ|ÈÜ°€À°€À°€À°€À°€À°€À°€À°€À(ÄÀÜàÀ°€Äá|Ñ|Èà°€À°€À°€À°€À°€À°€À°€À°€À(ÄÀÜàÄ°€Äá|Ñ|Èä°€À°€À°€À°€À°€À°€À°€À°€À(ÄÀÜàÈ°€Äá|Ñ|ÌÀ°€À°€À°€À°€À°€À°€À°€À°€À(ÄÀÜàÌ°€Äá|Ñ|ÌÄ°€À°€À°€À°€À°€À°€À°€À°€À(ÄÀÜàÐ°€Äá|Ñ|ÌÈ°€À°€À°€À°€À°€À°€À°€À°€À(ÄÀÜàÔ°€Äá|Ñ|ÌÌ°€À°€À°€À°€À°€À°€À°€À°€À(ÄÀÜàØ°€Äá|Ñ|ÌÐ°€À°€À°€À°€À°€À°€À°€À°€À(ÄÀÜàÜ°€Äá|Ñ|ÌÔ°€À°€À°€À°€À°€À°€À°€À°€À(ÄÀÜàà°€Äá|Ñ|ÌØ°€À°€À°€À°€À°€À°€À°€À°€À(ÄÀÜàä°€Äá|Ñ|ÌÜ°€À°€À°€À°€À°€À°€À°€À°€À(ÄÀÜäÀ°€Äá|Ñ|Ìà°€À°€À°€À°€À°€À°€À°€À°€À(ÄÀÜäÄ°€Äá|Ñ|Ìä°€À°€À°€À°€À°€À°€À°€À°€À(ÄÀÜäÈ°€Äá|Ñ|ÐÀ°€À°€À°€À°€À°€À°€À°€À°€À(ÄÀÜäÌ°€Äá|Ñ|ÐÄ°€À°€À°€À°€À°€À°€À°€À°€À(ÄÀÜäÐ°€Äá|Ñ|ÐÈ°€À°€À°€À°€À°€À°€À°€À°€À(ÄÀÜäÔ°€Äá|Ñ|ÐÌ°€À°€À°€À°€À°€À°€À°€À°€À(ÄÀÜäØ°€Äá|Ñ|ÐÐ°€À°€À°€À°€À°€À°€À°€À°€À(ÄÀÜäÜ°€Äá|Ñ|ÐÔ°€À°€À°€À°€À°€À°€À°€À°€À(ÄÀÜäà°€Äá|Ñ|ÐØ°€À°€À°€À°€À°€À°€À°€À°€À(ÄÀÜää°€Äá|Ñ|ÐÜ°€À°€À°€À°€À°€À°€À°€À°€À(ÄÀàÀÀ°€Äá|Ñ|Ðà°€À°€À°€À°€À°€À°€À°€À°€À(ÄÀàÀÄ°€Äá|Ñ|Ðä°€À°€À°€À°€À°€À°€À°€À°€À(ÄÀàÀÈ°€Äá|Ñ|ÔÀ°€À°€À°€À°€À°€À°€À°€À°€À(ÄÀàÀÌ°€Äá|Ñ|ÔÄ°€À°€À°€À°€À°€À°€À°€À°€À(ÄÀàÀÐ°€Äá|Ñ|ÔÈ°€À°€À°€À°€À°€À°€À°€À°€À(ÄÀàÀÔ°€Äá|Ñ|ÔÌ°€À°€À°€À°€À°€À°€À°€À°€À(ÄÀàÀØ°€Äá|Ñ|ÔÐ°€À°€À°€À°€À°€À°€À°€À°€À(ÄÀàÀÜ°€Äá|Ñ|ÔÔ°€À°€À°€À°€À°€À°€À°€À°€À(ÄÀàÀà°€Äá|Ñ|ÔØ°€À°€À°€À°€À°€À°€À°€À°€À(ÄÀàÀä°€Äá|Ñ|ÔÜ°€À°€À°€À°€À°€À°€À°€À°€À(ÄÀàÄÀ°€Äá|Ñ|Ôà°€À°€À°€À°€À°€À°€À°€À°€À(ÄÀàÄÄ°€Äá|Ñ|Ôä°€À°€À°€À°€À°€À°€À°€À°€À(ÄÀàÄÈ°€Äá|Ñ|ØÀ°€À°€À°€À°€À°€À°€À°€À°€À(ÄÀàÄÌ°€Äá|Ñ|ØÄ°€À°€À°€À°€À°€À°€À°€À°€À(ÄÀàÄÐ°€Äá|Ñ|ØÈ°€À°€À°€À°€À°€À°€À°€À°€À(ÄÀàÄÔ°€Äá|Ñ|ØÌ°€À°€À°€À°€À°€À°€À°€À°€À(ÄÀàÄØ°€Äá|Ñ|ØÐ°€À°€À°€À°€À°€À°€À°€À°€À(ÄÀàÄÜ°€Äá|Ñ|ØÔ°€À°€À°€À°€À°€À°€À°€À°€À(ÄÀàÄà°€Äá|Ñ|ØØ°€À°€À°€À°€À°€À°€À°€À°€À(ÄÀàÄä°€Äá|Ñ|ØÜ°€À°€À°€À°€À°€À°€À°€À°€À(ÄÀàÈÀ°€Äá|Ñ|Øà°€À°€À°€À°€À°€À°€À°€À°€À(ÄÀàÈÄ°€Äá|Ñ|Øä°€À°€À°€À°€À°€À°€À°€À°€À(ÄÀàÈÈ°€Äá|Ñ|ÜÀ°€À°€À°€À°€À°€À°€À°€À°€À(ÄÀàÈÌ°€Äá|Ñ|ÜÄ°€À°€À°€À°€À°€À°€À°€À°€À(ÄÀàÈÐ°€Äá|Ñ|ÜÈ°€À°€À°€À°€À°€À°€À°€À°€À(ÄÀàÈÔ°€Äá|Ñ|ÜÌ°€À°€À°€À°€À°€À°€À°€À°€À(ÄÀàÈØ°€Äá|Ñ|ÜÐ°€À°€À°€À°€À°€À°€À°€À°€À(ÄÀàÈÜ°€Äá|Ñ|ÜÔ°€À°€À°€À°€À°€À°€À°€À°€À(ÄÀàÈà°€Äá|Ñ|ÜØ°€À°€À°€À°€À°€À°€À°€À°€À(ÄÀàÈä°€Äá|Ñ|ÜÜ°€À°€À°€À°€À°€À°€À°€À°€À(ÄÀàÌÀ°€Äá|Ñ|Üà°€À°€À°€À°€À°€À°€À°€À°€À(ÄÀàÌÄ°€Äá|Ñ|Üä°€À°€À°€À°€À°€À°€À°€À°€À(ÄÀàÌÈ°€Äá|Ñ|àÀ°€À°€À°€À°€À°€À°€À°€À°€À(ÄÀàÌÌ°€Äá|Ñ|àÄ°€À°€À°€À°€À°€À°€À°€À°€À(ÄÀàÌÐ°€Äá|Ñ|àÈ°€À°€À°€À°€À°€À°€À°€À°€À(ÄÀàÌÔ°€Äá|Ñ|àÌ°€À°€À°€À°€À°€À°€À°€À°€À(ÄÀàÌØ°€Äá|Ñ|àÐ°€À°€À°€À°€À°€À°€À°€À°€À(ÄÀàÌÜ°€Äá|Ñ|àÔ°€À°€À°€À°€À°€À°€À°€À°€À(ÄÀàÌà°€Äá|Ñ|àØ°€À°€À°€À°€À°€À°€À°€À°€À(ÄÀàÌä°€Äá|Ñ|àÜ°€À°€À°€À°€À°€À°€À°€À°€À(ÄÀàÐÀ°€Äá|Ñ|àà°€À°€À°€À°€À°€À°€À°€À°€À(ÄÀàÐÄ°€Äá|Ñ|àä°€À°€À°€À°€À°€À°€À°€À°€À(ÄÀàÐÈ°€Äá|Ñ|äÀ°€À°€À°€À°€À°€À°€À°€À°€À(ÄÀàÐÌ°€Äá|Ñ|äÄ°€À°€À°€À°€À°€À°€À°€À°€À(ÄÀàÐÐ°€Äá|Ñ|äÈ°€À°€À°€À°€À°€À°€À°€À°€À(ÄÀàÐÔ°€Äá|Ñ|äÌ°€À°€À°€À°€À°€À°€À°€À°€À(ÄÀàÐØ°€Äá|Ñ|äÐ°€À°€À°€À°€À°€À°€À°€À°€À(ÄÀàÐÜ°€Äá|Ñ|äÔ°€À°€À°€À°€À°€À°€À°€À°€À(ÄÀàÐà°€Äá|Õ|ÀÀ°€À°€À°€À°€À°€À°€À°€À°€À(ÄÀàÐä°€Äá|Õ|ÀÄ°€À°€À°€À°€À°€À°€À°€À°€À(ÄÀàÔÀ°€Äá|Õ|ÀÈ°€À°€À°€À°€À°€À°€À°€À°€À(ÄÀàÔÄ°€Äá|Õ|ÀÌ°€À°€À°€À°€À°€À°€À°€À°€À(ÄÀàÔÈ°€Äá|Õ|ÀÐ°€À°€À°€À°€À°€À°€À°€À°€À(ÄÀàÔÌ°€Äá|Õ|ÀÔ°€À°€À°€À°€À°€À°€À°€À°€À(ÄÀàÔÐ°€Äá|Õ|ÀØ°€À°€À°€À°€À°€À°€À°€À°€À(ÄÀàÔÔ°€Äá|Õ|ÀÜ°€À°€À°€À°€À°€À°€À°€À°€À(ÄÀàÔØ°€Äá|Õ|Àà°€À°€À°€À°€À°€À°€À°€À°€À(ÄÀàÔÜ°€Äá|Õ|Àä°€À°€À°€À°€À°€À°€À°€À°€À(ÄÀàÔà°€Äá|Õ|ÄÀ°€À°€À°€À°€À°€À°€À°€À°€À(ÄÀàÔä°€Äá|Õ|ÄÄ°€À°€À°€À°€À°€À°€À°€À°€À(ÄÀàØÀ°€Äá|Õ|ÄÈ°€À°€À°€À°€À°€À°€À°€À°€À(ÄÀàØÄ°€Äá|Õ|ÄÌ°€À°€À°€À°€À°€À°€À°€À°€À(ÄÀàØÈ°€Äá|Õ|ÄÐ°€À°€À°€À°€À°€À°€À°€À°€À(ÄÀàØÌ°€Äá|Õ|ÄÔ°€À°€À°€À°€À°€À°€À°€À°€À(ÄÀàØÐ°€Äá|Õ|ÄØ°€À°€À°€À°€À°€À°€À°€À°€À(ÄÀàØÔ°€Äá|Õ|ÄÜ°€À°€À°€À°€À°€À°€À°€À°€À(ÄÀàØØ°€Äá|Õ|Äà°€À°€À°€À°€À°€À°€À°€À°€À(ÄÀàØÜ°€Äá|Õ|Ää°€À°€À°€À°€À°€À°€À°€À°€À(ÄÀàØà°€Äá|Õ|ÈÀ°€À°€À°€À°€À°€À°€À°€À°€À(ÄÀàØä°€Äá|Õ|ÈÄ°€À°€À°€À°€À°€À°€À°€À°€À(ÄÀàÜÀ°€Äá|Õ|ÈÈ°€À°€À°€À°€À°€À°€À°€À°€À(ÄÀàÜÄ°€Äá|Õ|ÈÌ°€À°€À°€À°€À°€À°€À°€À°€À(ÄÀàÜÈ°€Äá|Õ|ÈÐ°€À°€À°€À°€À°€À°€À°€À°€À(ÄÀàÜÌ°€Äá|Õ|ÈÔ°€À°€À°€À°€À°€À°€À°€À°€À(ÄÀàÜÐ°€Äá|Õ|ÈØ°€À°€À°€À°€À°€À°€À°€À°€À(ÄÀàÜÔ°€Äá|Õ|ÈÜ°€À°€À°€À°€À°€À°€À°€À°€À(ÄÀàÜØ°€Äá|Õ|Èà°€À°€À°€À°€À°€À°€À°€À°€À(ÄÀàÜÜ°€Äá|Õ|Èä°€À°€À°€À°€À°€À°€À°€À°€À(ÄÀàÜà°€Äá|Õ|ÌÀ°€À°€À°€À°€À°€À°€À°€À°€À(ÄÀàÜä°€Äá|Õ|ÌÄ°€À°€À°€À°€À°€À°€À°€À°€À(ÄÀààÀ°€Äá|Õ|ÌÈ°€À°€À°€À°€À°€À°€À°€À°€À(ÄÀààÄ°€Äá|Õ|ÌÌ°€À°€À°€À°€À°€À°€À°€À°€À(ÄÀààÈ°€Äá|Õ|ÌÐ°€À°€À°€À°€À°€À°€À°€À°€À(ÄÀààÌ°€Äá|Õ|ÌÔ°€À°€À°€À°€À°€À°€À°€À°€À(ÄÀààÐ°€Äá|Õ|ÌØ°€À°€À°€À°€À°€À°€À°€À°€À(ÄÀààÔ°€Äá|Õ|ÌÜ°€À°€À°€À°€À°€À°€À°€À°€À(ÄÀààØ°€Äá|Õ|Ìà°€À°€À°€À°€À°€À°€À°€À°€À(ÄÀààÜ°€Äá|Õ|Ìä°€À°€À°€À°€À°€À°€À°€À°€À(ÄÀààà°€Äá|Õ|ÐÀ°€À°€À°€À°€À°€À°€À°€À°€À(ÄÀààä°€Äá|Õ|ÐÄ°€À°€À°€À°€À°€À°€À°€À°€À(ÄÀàäÀ°€Äá|Õ|ÐÈ°€À°€À°€À°€À°€À°€À°€À°€À(ÄÀàäÄ°€Äá|Õ|ÐÌ°€À°€À°€À°€À°€À°€À°€À°€À(ÄÀàäÈ°€Äá|Õ|ÐÐ°€À°€À°€À°€À°€À°€À°€À°€À(ÄÀàäÌ°€Äá|Õ|ÐÔ°€À°€À°€À°€À°€À°€À°€À°€À(ÄÀàäÐ°€Äá|Õ|ÐØ°€À°€À°€À°€À°€À°€À°€À°€À(ÄÀàäÔ°€Äá|Õ|ÐÜ°€À°€À°€À°€À°€À°€À°€À°€À(ÄÀàäØ°€Äá|Õ|Ðà°€À°€À°€À°€À°€À°€À°€À°€À(ÄÀàäÜ°€Äá|Õ|Ðä°€À°€À°€À°€À°€À°€À°€À°€À(ÄÀàäà°€Äá|Õ|ÔÀ°€À°€À°€À°€À°€À°€À°€À°€À(ÄÀàää°€Äá|Õ|ÔÄ°€À°€À°€À°€À°€À°€À°€À°€À(ÄÀäÀÀ°€Äá|Õ|ÔÈ°€À°€À°€À°€À°€À°€À°€À°€À(ÄÀäÀÄ°€Äá|Õ|ÔÌ°€À°€À°€À°€À°€À°€À°€À°€À(ÄÀäÀÈ°€Äá|Õ|ÔÐ°€À°€À°€À°€À°€À°€À°€À°€À(ÄÀäÀÌ°€Äá|Õ|ÔÔ°€À°€À°€À°€À°€À°€À°€À°€À(ÄÀäÀÐ°€Äá|Õ|ÔØ°€À°€À°€À°€À°€À°€À°€À°€À(ÄÀäÀÔ°€Äá|Õ|ÔÜ°€À°€À°€À°€À°€À°€À°€À°€À(ÄÀäÀØ°€Äá|Õ|Ôà°€À°€À°€À°€À°€À°€À°€À°€À(ÄÀäÀÜ°€Äá|Õ|Ôä°€À°€À°€À°€À°€À°€À°€À°€À(ÄÀäÀà°€Äá|Õ|ØÀ°€À°€À°€À°€À°€À°€À°€À°€À(ÄÀäÀä°€Äá|Õ|ØÄ°€À°€À°€À°€À°€À°€À°€À°€À(ÄÀäÄÀ°€Äá|Õ|ØÈ°€À°€À°€À°€À°€À°€À°€À°€À(ÄÀäÄÄ°€Äá|Õ|ØÌ°€À°€À°€À°€À°€À°€À°€À°€À(ÄÀäÄÈ°€Äá|Õ|ØÐ°€À°€À°€À°€À°€À°€À°€À°€À(ÄÀäÄÌ°€Äá|Õ|ØÔ°€À°€À°€À°€À°€À°€À°€À°€À(ÄÀäÄÐ°€Äá|Õ|ØØ°€À°€À°€À°€À°€À°€À°€À°€À(ÄÀäÄÔ°€Äá|Õ|ØÜ°€À°€À°€À°€À°€À°€À°€À°€À(ÄÀäÄØ°€Äá|Õ|Øà°€À°€À°€À°€À°€À°€À°€À°€À(ÄÀäÄÜ°€Äá|Õ|Øä°€À°€À°€À°€À°€À°€À°€À°€À(ÄÀäÄà°€Äá|Õ|ÜÀ°€À°€À°€À°€À°€À°€À°€À°€À(ÄÀäÄä°€Äá|Õ|ÜÄ°€À°€À°€À°€À°€À°€À°€À°€À(ÄÀäÈÀ°€Äá|Õ|ÜÈ°€À°€À°€À°€À°€À°€À°€À°€À(ÄÀäÈÄ°€Äá|Õ|ÜÌ°€À°€À°€À°€À°€À°€À°€À°€À(ÄÀäÈÈ°€Äá|Õ|ÜÐ°€À°€À°€À°€À°€À°€À°€À°€À(ÄÀäÈÌ°€Äá|Õ|ÜÔ°€À°€À°€À°€À°€À°€À°€À°€À(ÄÀäÈÐ°€Äá|Õ|ÜØ°€À°€À°€À°€À°€À°€À°€À°€À(ÄÀäÈÔ°€Äá|Õ|ÜÜ°€À°€À°€À°€À°€À°€À°€À°€À(ÄÀäÈØ°€Äá|Õ|Üà°€À°€À°€À°€À°€À°€À°€À°€À(ÄÀäÈÜ°€Äá|Õ|Üä°€À°€À°€À°€À°€À°€À°€À°€À(ÄÀäÈà°€Äá|Õ|àÀ°€À°€À°€À°€À°€À°€À°€À°€À(ÄÀäÈä°€Äá|Õ|àÄ°€À°€À°€À°€À°€À°€À°€À°€À(ÄÀäÌÀ°€Äá|Õ|àÈ°€À°€À°€À°€À°€À°€À°€À°€À(ÄÀäÌÄ°€Äá|Õ|àÌ°€À°€À°€À°€À°€À°€À°€À°€À(ÄÀäÌÈ°€Äá|Õ|àÐ°€À°€À°€À°€À°€À°€À°€À°€À(ÄÀäÌÌ°€Äá|Õ|àÔ°€À°€À°€À°€À°€À°€À°€À°€À(ÄÀäÌÐ°€Äá|Õ|àØ°€À°€À°€À°€À°€À°€À°€À°€À(ÄÀäÌÔ°€Äá|Õ|àÜ°€À°€À°€À°€À°€À°€À°€À°€À(ÄÀäÌØ°€Äá|Õ|àà°€À°€À°€À°€À°€À°€À°€À°€À(ÄÀäÌÜ°€Äá|Õ|àä°€À°€À°€À°€À°€À°€À°€À°€À(ÄÀäÌà°€Äá|Õ|äÀ°€À°€À°€À°€À°€À°€À°€À°€À(ÄÀäÌä°€Äá|Õ|äÄ°€À°€À°€À°€À°€À°€À°€À°€À(ÄÀäÐÀ°€Äá|Õ|äÈ°€À°€À°€À°€À°€À°€À°€À°€À(ÄÀäÐÄ°€Äá|Õ|äÌ°€À°€À°€À°€À°€À°€À°€À°€À(ÄÀäÐÈ°€Äá|Õ|äÐ°€À°€À°€À°€À°€À°€À°€À°€À(ÄÀäÐÌ°€Äá|Õ|äÔ°€À°€À°€À°€À°€À°€À°€À°€À(ÄÀäÐÐ°€Äå|Á|ÀÀ°€À°€À°€À°€À°€À°€À°€À°€À(ÄÀäÐÔ°€Äå|Á|ÀÄ°€À°€À°€À°€À°€À°€À°€À°€À(ÄÀäÐØ°€Äå|Á|ÀÈ°€À°€À°€À°€À°€À°€À°€À°€À(ÄÀäÐÜ°€Äå|Á|ÀÌ°€À°€À°€À°€À°€À°€À°€À°€À(ÄÀäÐà°€Äå|Á|ÀÐ°€À°€À°€À°€À°€À°€À°€À°€À(ÄÀäÐä°€Äå|Á|ÀÔ°€À°€À°€À°€À°€À°€À°€À°€À(ÄÀäÔÀ°€Äå|Á|ÀØ°€À°€À°€À°€À°€À°€À°€À°€À(ÄÀäÔÄ°€Äå|Á|ÀÜ°€À°€À°€À°€À°€À°€À°€À°€À(ÄÀäÔÈ°€Äå|Á|Àà°€À°€À°€À°€À°€À°€À°€À°€À(ÄÀäÔÌ°€Äå|Á|Àä°€À°€À°€À°€À°€À°€À°€À°€À(ÄÀäÔÐ°€Äå|Á|ÄÀ°€À°€À°€À°€À°€À°€À°€À°€À(ÄÀäÔÔ°€Äå|Á|ÄÄ°€À°€À°€À°€À°€À°€À°€À°€À(ÄÀäÔØ°€Äå|Á|ÄÈ°€À°€À°€À°€À°€À°€À°€À°€À(ÄÀäÔÜ°€Äå|Á|ÄÌ°€À°€À°€À°€À°€À°€À°€À°€À(ÄÀäÔà°€Äå|Á|ÄÐ°€À°€À°€À°€À°€À°€À°€À°€À(ÄÀäÔä°€Äå|Á|ÄÔ°€À°€À°€À°€À°€À°€À°€À°€À(ÄÀäØÀ°€Äå|Á|ÄØ°€À°€À°€À°€À°€À°€À°€À°€À(ÄÀäØÄ°€Äå|Á|ÄÜ°€À°€À°€À°€À°€À°€À°€À°€À(ÄÀäØÈ°€Äå|Á|Äà°€À°€À°€À°€À°€À°€À°€À°€À(ÄÀäØÌ°€Äå|Á|Ää°€À°€À°€À°€À°€À°€À°€À°€À(ÄÀäØÐ°€Äå|Á|ÈÀ°€À°€À°€À°€À°€À°€À°€À°€À(ÄÀäØÔ°€Äå|Á|ÈÄ°€À°€À°€À°€À°€À°€À°€À°€À(ÄÀäØØ°€Äå|Á|ÈÈ°€À°€À°€À°€À°€À°€À°€À°€À(ÄÀäØÜ°€Äå|Á|ÈÌ°€À°€À°€À°€À°€À°€À°€À°€À(ÄÀäØà°€Äå|Á|ÈÐ°€À°€À°€À°€À°€À°€À°€À°€À(ÄÀäØä°€Äå|Á|ÈÔ°€À°€À°€À°€À°€À°€À°€À°€À(ÄÀäÜÀ°€Äå|Á|ÈØ°€À°€À°€À°€À°€À°€À°€À°€À(ÄÀäÜÄ°€Äå|Á|ÈÜ°€À°€À°€À°€À°€À°€À°€À°€À(ÄÀäÜÈ°€Äå|Á|Èà°€À°€À°€À°€À°€À°€À°€À°€À(ÄÀäÜÌ°€Äå|Á|Èä°€À°€À°€À°€À°€À°€À°€À°€À(ÄÀäÜÐ°€Äå|Á|ÌÀ°€À°€À°€À°€À°€À°€À°€À°€À(ÄÀäÜÔ°€Äå|Á|ÌÄ°€À°€À°€À°€À°€À°€À°€À°€À(ÄÀäÜØ°€Äå|Á|ÌÈ°€À°€À°€À°€À°€À°€À°€À°€À(ÄÀäÜÜ°€Äå|Á|ÌÌ°€À°€À°€À°€À°€À°€À°€À°€À(ÄÀäÜà°€Äå|Á|ÌÐ°€À°€À°€À°€À°€À°€À°€À°€À(ÄÀäÜä°€Äå|Á|ÌÔ°€À°€À°€À°€À°€À°€À°€À°€À(ÄÀäàÀ°€Äå|Á|ÌØ°€À°€À°€À°€À°€À°€À°€À°€À(ÄÀäàÄ°€Äå|Á|ÌÜ°€À°€À°€À°€À°€À°€À°€À°€À(ÄÀäàÈ°€Äå|Á|Ìà°€À°€À°€À°€À°€À°€À°€À°€À(ÄÀäàÌ°€Äå|Á|Ìä°€À°€À°€À°€À°€À°€À°€À°€À(ÄÀäàÐ°€Äå|Á|ÐÀ°€À°€À°€À°€À°€À°€À°€À°€À(ÄÀäàÔ°€Äå|Á|ÐÄ°€À°€À°€À°€À°€À°€À°€À°€À(ÄÀäàØ°€Äå|Á|ÐÈ°€À°€À°€À°€À°€À°€À°€À°€À(ÄÀäàÜ°€Äå|Á|ÐÌ°€À°€À°€À°€À°€À°€À°€À°€À(ÄÀäàà°€Äå|Á|ÐÐ°€À°€À°€À°€À°€À°€À°€À°€À(ÄÀäàä°€Äå|Á|ÐÔ°€À°€À°€À°€À°€À°€À°€À°€À(ÄÀääÀ°€Äå|Á|ÐØ°€À°€À°€À°€À°€À°€À°€À°€À(ÄÀääÄ°€Äå|Á|ÐÜ°€À°€À°€À°€À°€À°€À°€À°€À(ÄÀääÈ°€Äå|Á|Ðà°€À°€À°€À°€À°€À°€À°€À°€À(ÄÀääÌ°€Äå|Á|Ðä°€À°€À°€À°€À°€À°€À°€À°€À(ÄÀääÐ°€Äå|Á|ÔÀ°€À°€À°€À°€À°€À°€À°€À°€À(ÄÀääÔ°€Äå|Á|ÔÄ°€À°€À°€À°€À°€À°€À°€À°€À(ÄÀääØ°€Äå|Á|ÔÈ°€À°€À°€À°€À°€À°€À°€À°€À(ÄÀääÜ°€Äå|Á|ÔÌ°€À°€À°€À°€À°€À°€À°€À°€À(ÄÀääà°€Äå|Á|ÔÐ°€À°€À°€À°€À°€À°€À°€À°€À(ÄÀäää°€Äå|Á|ÔÔ°€À°€À°€À°€À°€À°€À°€À°€À(ÄÄÀÀÀ°€Äå|Á|ÔØ°€À°€À°€À°€À°€À°€À°€À°€À(ÄÄÀÀÄ°€Äå|Á|ÔÜ°€À°€À°€À°€À°€À°€À°€À°€À(ÄÄÀÀÈ°€Äå|Á|Ôà°€À°€À°€À°€À°€À°€À°€À°€À(ÄÄÀÀÌ°€Äå|Á|Ôä°€À°€À°€À°€À°€À°€À°€À°€À(ÄÄÀÀÐ°€Äå|Á|ØÀ°€À°€À°€À°€À°€À°€À°€À°€À(ÄÄÀÀÔ°€Äå|Á|ØÄ°€À°€À°€À°€À°€À°€À°€À°€À(ÄÄÀÀØ°€Äå|Á|ØÈ°€À°€À°€À°€À°€À°€À°€À°€À(ÄÄÀÀÜ°€Äå|Á|ØÌ°€À°€À°€À°€À°€À°€À°€À°€À(ÄÄÀÀà°€Äå|Á|ØÐ°€À°€À°€À°€À°€À°€À°€À°€À(ÄÄÀÀä°€Äå|Á|ØÔ°€À°€À°€À°€À°€À°€À°€À°€À(ÄÄÀÄÀ°€Äå|Á|ØØ°€À°€À°€À°€À°€À°€À°€À°€À(ÄÄÀÄÄ°€Äå|Á|ØÜ°€À°€À°€À°€À°€À°€À°€À°€À(ÄÄÀÄÈ°€Äå|Á|Øà°€À°€À°€À°€À°€À°€À°€À°€À(ÄÄÀÄÌ°€Äå|Á|Øä°€À°€À°€À°€À°€À°€À°€À°€À(ÄÄÀÄÐ°€Äå|Á|ÜÀ°€À°€À°€À°€À°€À°€À°€À°€À(ÄÄÀÄÔ°€Äå|Á|ÜÄ°€À°€À°€À°€À°€À°€À°€À°€À(ÄÄÀÄØ°€Äå|Á|ÜÈ°€À°€À°€À°€À°€À°€À°€À°€À(ÄÄÀÄÜ°€Äå|Á|ÜÌ°€À°€À°€À°€À°€À°€À°€À°€À(ÄÄÀÄà°€Äå|Á|ÜÐ°€À°€À°€À°€À°€À°€À°€À°€À(ÄÄÀÄä°€Äå|Á|ÜÔ°€À°€À°€À°€À°€À°€À°€À°€À(ÄÄÀÈÀ°€Äå|Á|ÜØ°€À°€À°€À°€À°€À°€À°€À°€À(ÄÄÀÈÄ°€Äå|Á|ÜÜ°€À°€À°€À°€À°€À°€À°€À°€À(ÄÄÀÈÈ°€Äå|Á|Üà°€À°€À°€À°€À°€À°€À°€À°€À(ÄÄÀÈÌ°€Äå|Á|Üä°€À°€À°€À°€À°€À°€À°€À°€À(ÄÄÀÈÐ°€Äå|Á|àÀ°€À°€À°€À°€À°€À°€À°€À°€À(ÄÄÀÈÔ°€Äå|Á|àÄ°€À°€À°€À°€À°€À°€À°€À°€À(ÄÄÀÈØ°€Äå|Á|àÈ°€À°€À°€À°€À°€À°€À°€À°€À(ÄÄÀÈÜ°€Äå|Á|àÌ°€À°€À°€À°€À°€À°€À°€À°€À(ÄÄÀÈà°€Äå|Á|àÐ°€À°€À°€À°€À°€À°€À°€À°€À(ÄÄÀÈä°€Äå|Á|àÔ°€À°€À°€À°€À°€À°€À°€À°€À(ÄÄÀÌÀ°€Äå|Á|àØ°€À°€À°€À°€À°€À°€À°€À°€À(ÄÄÀÌÄ°€Äå|Á|àÜ°€À°€À°€À°€À°€À°€À°€À°€À(ÄÄÀÌÈ°€Äå|Á|àà°€À°€À°€À°€À°€À°€À°€À°€À(ÄÄÀÌÌ°€Äå|Á|àä°€À°€À°€À°€À°€À°€À°€À°€À(ÄÄÀÌÐ°€Äå|Á|äÀ°€À°€À°€À°€À°€À°€À°€À°€À(ÄÄÀÌÔ°€Äå|Á|äÄ°€À°€À°€À°€À°€À°€À°€À°€À(ÄÄÀÌØ°€Äå|Á|äÈ°€À°€À°€À°€À°€À°€À°€À°€À(ÄÄÀÌÜ°€Äå|Á|äÌ°€À°€À°€À°€À°€À°€À°€À°€À(ÄÄÀÌà°€Äå|Á|äÐ°€À°€À°€À°€À°€À°€À°€À°€À(ÄÄÀÌä°€Äå|Á|äÔ°€À°€À°€À°€À°€À°€À°€À°€À(ÄÄÀÐÀ°€Äå|Å|ÀÀ°€À°€À°€À°€À°€À°€À°€À°€À(ÄÄÀÐÄ°€Äå|Å|ÀÄ°€À°€À°€À°€À°€À°€À°€À°€À(ÄÄÀÐÈ°€Äå|Å|ÀÈ°€À°€À°€À°€À°€À°€À°€À°€À(ÄÄÀÐÌ°€Äå|Å|ÀÌ°€À°€À°€À°€À°€À°€À°€À°€À(ÄÄÀÐÐ°€Äå|Å|ÀÐ°€À°€À°€À°€À°€À°€À°€À°€À(ÄÄÀÐÔ°€Äå|Å|ÀÔ°€À°€À°€À°€À°€À°€À°€À°€À(ÄÄÀÐØ°€Äå|Å|ÀØ°€À°€À°€À°€À°€À°€À°€À°€À(ÄÄÀÐÜ°€Äå|Å|ÀÜ°€À°€À°€À°€À°€À°€À°€À°€À(ÄÄÀÐà°€Äå|Å|Àà°€À°€À°€À°€À°€À°€À°€À°€À(ÄÄÀÐä°€Äå|Å|Àä°€À°€À°€À°€À°€À°€À°€À°€À(ÄÄÀÔÀ°€Äå|Å|ÄÀ°€À°€À°€À°€À°€À°€À°€À°€À(ÄÄÀÔÄ°€Äå|Å|ÄÄ°€À°€À°€À°€À°€À°€À°€À°€À(ÄÄÀÔÈ°€Äå|Å|ÄÈ°€À°€À°€À°€À°€À°€À°€À°€À(ÄÄÀÔÌ°€Äå|Å|ÄÌ°€À°€À°€À°€À°€À°€À°€À°€À(ÄÄÀÔÐ°€Äå|Å|ÄÐ°€À°€À°€À°€À°€À°€À°€À°€À(ÄÄÀÔÔ°€Äå|Å|ÄÔ°€À°€À°€À°€À°€À°€À°€À°€À(ÄÄÀÔØ°€Äå|Å|ÄØ°€À°€À°€À°€À°€À°€À°€À°€À(ÄÄÀÔÜ°€Äå|Å|ÄÜ°€À°€À°€À°€À°€À°€À°€À°€À(ÄÄÀÔà°€Äå|Å|Äà°€À°€À°€À°€À°€À°€À°€À°€À(ÄÄÀÔä°€Äå|Å|Ää°€À°€À°€À°€À°€À°€À°€À°€À(ÄÄÀØÀ°€Äå|Å|ÈÀ°€À°€À°€À°€À°€À°€À°€À°€À(ÄÄÀØÄ°€Äå|Å|ÈÄ°€À°€À°€À°€À°€À°€À°€À°€À(ÄÄÀØÈ°€Äå|Å|ÈÈ°€À°€À°€À°€À°€À°€À°€À°€À(ÄÄÀØÌ°€Äå|Å|ÈÌ°€À°€À°€À°€À°€À°€À°€À°€À(ÄÄÀØÐ°€Äå|Å|ÈÐ°€À°€À°€À°€À°€À°€À°€À°€À(ÄÄÀØÔ°€Äå|Å|ÈÔ°€À°€À°€À°€À°€À°€À°€À°€À(ÄÄÀØØ°€Äå|Å|ÈØ°€À°€À°€À°€À°€À°€À°€À°€À(ÄÄÀØÜ°€Äå|Å|ÈÜ°€À°€À°€À°€À°€À°€À°€À°€À(ÄÄÀØà°€Äå|Å|Èà°€À°€À°€À°€À°€À°€À°€À°€À(ÄÄÀØä°€Äå|Å|Èä°€À°€À°€À°€À°€À°€À°€À°€À(ÄÄÀÜÀ°€Äå|Å|ÌÀ°€À°€À°€À°€À°€À°€À°€À°€À(ÄÄÀÜÄ°€Äå|Å|ÌÄ°€À°€À°€À°€À°€À°€À°€À°€À(ÄÄÀÜÈ°€Äå|Å|ÌÈ°€À°€À°€À°€À°€À°€À°€À°€À(ÄÄÀÜÌ°€Äå|Å|ÌÌ°€À°€À°€À°€À°€À°€À°€À°€À(ÄÄÀÜÐ°€Äå|Å|ÌÐ°€À°€À°€À°€À°€À°€À°€À°€À(ÄÄÀÜÔ°€Äå|Å|ÌÔ°€À°€À°€À°€À°€À°€À°€À°€À(ÄÄÀÜØ°€Äå|Å|ÌØ°€À°€À°€À°€À°€À°€À°€À°€À(ÄÄÀÜÜ°€Äå|Å|ÌÜ°€À°€À°€À°€À°€À°€À°€À°€À(ÄÄÀÜà°€Äå|Å|Ìà°€À°€À°€À°€À°€À°€À°€À°€À(ÄÄÀÜä°€Äå|Å|Ìä°€À°€À°€À°€À°€À°€À°€À°€À(ÄÄÀàÀ°€Äå|Å|ÐÀ°€À°€À°€À°€À°€À°€À°€À°€À(ÄÄÀàÄ°€Äå|Å|ÐÄ°€À°€À°€À°€À°€À°€À°€À°€À(ÄÄÀàÈ°€Äå|Å|ÐÈ°€À°€À°€À°€À°€À°€À°€À°€À(ÄÄÀàÌ°€Äå|Å|ÐÌ°€À°€À°€À°€À°€À°€À°€À°€À(ÄÄÀàÐ°€Äå|Å|ÐÐ°€À°€À°€À°€À°€À°€À°€À°€À(ÄÄÀàÔ°€Äå|Å|ÐÔ°€À°€À°€À°€À°€À°€À°€À°€À(ÄÄÀàØ°€Äå|Å|ÐØ°€À°€À°€À°€À°€À°€À°€À°€À(ÄÄÀàÜ°€Äå|Å|ÐÜ°€À°€À°€À°€À°€À°€À°€À°€À(ÄÄÀàà°€Äå|Å|Ðà°€À°€À°€À°€À°€À°€À°€À°€À(ÄÄÀàä°€Äå|Å|Ðä°€À°€À°€À°€À°€À°€À°€À°€À(ÄÄÀäÀ°€Äå|Å|ÔÀ°€À°€À°€À°€À°€À°€À°€À°€À(ÄÄÀäÄ°€Äå|Å|ÔÄ°€À°€À°€À°€À°€À°€À°€À°€À(ÄÄÀäÈ°€Äå|Å|ÔÈ°€À°€À°€À°€À°€À°€À°€À°€À(ÄÄÀäÌ°€Äå|Å|ÔÌ°€À°€À°€À°€À°€À°€À°€À°€À(ÄÄÀäÐ°€Äå|Å|ÔÐ°€À°€À°€À°€À°€À°€À°€À°€À(ÄÄÀäÔ°€Äå|Å|ÔÔ°€À°€À°€À°€À°€À°€À°€À°€À(ÄÄÀäØ°€Äå|Å|ÔØ°€À°€À°€À°€À°€À°€À°€À°€À(ÄÄÀäÜ°€Äå|Å|ÔÜ°€À°€À°€À°€À°€À°€À°€À°€À(ÄÄÀäà°€Äå|Å|Ôà°€À°€À°€À°€À°€À°€À°€À°€À(ÄÄÀää°€Äå|Å|Ôä°€À°€À°€À°€À°€À°€À°€À°€À(ÄÄÄÀÀ°€Äå|Å|ØÀ°€À°€À°€À°€À°€À°€À°€À°€À(ÄÄÄÀÄ°€Äå|Å|ØÄ°€À°€À°€À°€À°€À°€À°€À°€À(ÄÄÄÀÈ°€Äå|Å|ØÈ°€À°€À°€À°€À°€À°€À°€À°€À(ÄÄÄÀÌ°€Äå|Å|ØÌ°€À°€À°€À°€À°€À°€À°€À°€À(ÄÄÄÀÐ°€Äå|Å|ØÐ°€À°€À°€À°€À°€À°€À°€À°€À(ÄÄÄÀÔ°€Äå|Å|ØÔ°€À°€À°€À°€À°€À°€À°€À°€À(ÄÄÄÀØ°€Äå|Å|ØØ°€À°€À°€À°€À°€À°€À°€À°€À(ÄÄÄÀÜ°€Äå|Å|ØÜ°€À°€À°€À°€À°€À°€À°€À°€À(ÄÄÄÀà°€Äå|Å|Øà°€À°€À°€À°€À°€À°€À°€À°€À(ÄÄÄÀä°€Äå|Å|Øä°€À°€À°€À°€À°€À°€À°€À°€À(ÄÄÄÄÀ°€Äå|Å|ÜÀ°€À°€À°€À°€À°€À°€À°€À°€À(ÄÄÄÄÄ°€Äå|Å|ÜÄ°€À°€À°€À°€À°€À°€À°€À°€À(ÄÄÄÄÈ°€Äå|Å|ÜÈ°€À°€À°€À°€À°€À°€À°€À°€À(ÄÄÄÄÌ°€Äå|Å|ÜÌ°€À°€À°€À°€À°€À°€À°€À°€À(ÄÄÄÄÐ°€Äå|Å|ÜÐ°€À°€À°€À°€À°€À°€À°€À°€À(ÄÄÄÄÔ°€Äå|Å|ÜÔ°€À°€À°€À°€À°€À°€À°€À°€À(ÄÄÄÄØ°€Äå|Å|ÜØ°€À°€À°€À°€À°€À°€À°€À°€À(ÄÄÄÄÜ°€Äå|Å|ÜÜ°€À°€À°€À°€À°€À°€À°€À°€À(ÄÄÄÄà°€Äå|Å|Üà°€À°€À°€À°€À°€À°€À°€À°€À(ÄÄÄÄä°€Äå|Å|Üä°€À°€À°€À°€À°€À°€À°€À°€À(ÄÄÄÈÀ°€Äå|Å|àÀ°€À°€À°€À°€À°€À°€À°€À°€À(ÄÄÄÈÄ°€Äå|Å|àÄ°€À°€À°€À°€À°€À°€À°€À°€À(ÄÄÄÈÈ°€Äå|Å|àÈ°€À°€À°€À°€À°€À°€À°€À°€À(ÄÄÄÈÌ°€Äå|Å|àÌ°€À°€À°€À°€À°€À°€À°€À°€À(ÄÄÄÈÐ°€Äå|Å|àÐ°€À°€À°€À°€À°€À°€À°€À°€À(ÄÄÄÈÔ°€Äå|Å|àÔ°€À°€À°€À°€À°€À°€À°€À°€À(ÄÄÄÈØ°€Äå|Å|àØ°€À°€À°€À°€À°€À°€À°€À°€À(ÄÄÄÈÜ°€Äå|Å|àÜ°€À°€À°€À°€À°€À°€À°€À°€À(ÄÄÄÈà°€Äå|Å|àà°€À°€À°€À°€À°€À°€À°€À°€À(ÄÄÄÈä°€Äå|Å|àä°€À°€À°€À°€À°€À°€À°€À°€À(ÄÄÄÌÀ°€Äå|Å|äÀ°€À°€À°€À°€À°€À°€À°€À°€À(ÄÄÄÌÄ°€Äå|Å|äÄ°€À°€À°€À°€À°€À°€À°€À°€À(ÄÄÄÌÈ°€Äå|Å|äÈ°€À°€À°€À°€À°€À°€À°€À°€À(ÄÄÄÌÌ°€Äå|Å|äÌ°€À°€À°€À°€À°€À°€À°€À°€À(ÄÄÄÌÐ°€Äå|Å|äÐ°€À°€À°€À°€À°€À°€À°€À°€À(ÄÄÄÌÔ°€Äå|Å|äÔ°€À°€À°€À°€À°€À°€À°€À°€À(ÄÄÄÌØ°€Äå|É|ÀÀ°€À°€À°€À°€À°€À°€À°€À°€À(ÄÄÄÌÜ°€Äå|É|ÀÄ°€À°€À°€À°€À°€À°€À°€À°€À(ÄÄÄÌà°€Äå|É|ÀÈ°€À°€À°€À°€À°€À°€À°€À°€À(ÄÄÄÌä°€Äå|É|ÀÌ°€À°€À°€À°€À°€À°€À°€À°€À(ÄÄÄÐÀ°€Äå|É|ÀÐ°€À°€À°€À°€À°€À°€À°€À°€À(ÄÄÄÐÄ°€Äå|É|ÀÔ°€À°€À°€À°€À°€À°€À°€À°€À(ÄÄÄÐÈ°€Äå|É|ÀØ°€À°€À°€À°€À°€À°€À°€À°€À(ÄÄÄÐÌ°€Äå|É|ÀÜ°€À°€À°€À°€À°€À°€À°€À°€À(ÄÄÄÐÐ°€Äå|É|Àà°€À°€À°€À°€À°€À°€À°€À°€À(ÄÄÄÐÔ°€Äå|É|Àä°€À°€À°€À°€À°€À°€À°€À°€À(ÄÄÄÐØ°€Äå|É|ÄÀ°€À°€À°€À°€À°€À°€À°€À°€À(ÄÄÄÐÜ°€Äå|É|ÄÄ°€À°€À°€À°€À°€À°€À°€À°€À(ÄÄÄÐà°€Äå|É|ÄÈ°€À°€À°€À°€À°€À°€À°€À°€À(ÄÄÄÐä°€Äå|É|ÄÌ°€À°€À°€À°€À°€À°€À°€À°€À(ÄÄÄÔÀ°€Äå|É|ÄÐ°€À°€À°€À°€À°€À°€À°€À°€À(ÄÄÄÔÄ°€Äå|É|ÄÔ°€À°€À°€À°€À°€À°€À°€À°€À(ÄÄÄÔÈ°€Äå|É|ÄØ°€À°€À°€À°€À°€À°€À°€À°€À(ÄÄÄÔÌ°€Äå|É|ÄÜ°€À°€À°€À°€À°€À°€À°€À°€À(ÄÄÄÔÐ°€Äå|É|Äà°€À°€À°€À°€À°€À°€À°€À°€À(ÄÄÄÔÔ°€Äå|É|Ää°€À°€À°€À°€À°€À°€À°€À°€À(ÄÄÄÔØ°€Äå|É|ÈÀ°€À°€À°€À°€À°€À°€À°€À°€À(ÄÄÄÔÜ°€Äå|É|ÈÄ°€À°€À°€À°€À°€À°€À°€À°€À(ÄÄÄÔà°€Äå|É|ÈÈ°€À°€À°€À°€À°€À°€À°€À°€À(ÄÄÄÔä°€Äå|É|ÈÌ°€À°€À°€À°€À°€À°€À°€À°€À(ÄÄÄØÀ°€Äå|É|ÈÐ°€À°€À°€À°€À°€À°€À°€À°€À(ÄÄÄØÄ°€Äå|É|ÈÔ°€À°€À°€À°€À°€À°€À°€À°€À(ÄÄÄØÈ°€Äå|É|ÈØ°€À°€À°€À°€À°€À°€À°€À°€À(ÄÄÄØÌ°€Äå|É|ÈÜ°€À°€À°€À°€À°€À°€À°€À°€À(ÄÄÄØÐ°€Äå|É|Èà°€À°€À°€À°€À°€À°€À°€À°€À(ÄÄÄØÔ°€Äå|É|Èä°€À°€À°€À°€À°€À°€À°€À°€À(ÄÄÄØØ°€Äå|É|ÌÀ°€À°€À°€À°€À°€À°€À°€À°€À(ÄÄÄØÜ°€Äå|É|ÌÄ°€À°€À°€À°€À°€À°€À°€À°€À(ÄÄÄØà°€Äå|É|ÌÈ°€À°€À°€À°€À°€À°€À°€À°€À(ÄÄÄØä°€Äå|É|ÌÌ°€À°€À°€À°€À°€À°€À°€À°€À(ÄÄÄÜÀ°€Äå|É|ÌÐ°€À°€À°€À°€À°€À°€À°€À°€À(ÄÄÄÜÄ°€Äå|É|ÌÔ°€À°€À°€À°€À°€À°€À°€À°€À(ÄÄÄÜÈ°€Äå|É|ÌØ°€À°€À°€À°€À°€À°€À°€À°€À(ÄÄÄÜÌ°€Äå|É|ÌÜ°€À°€À°€À°€À°€À°€À°€À°€À(ÄÄÄÜÐ°€Äå|É|Ìà°€À°€À°€À°€À°€À°€À°€À°€À(ÄÄÄÜÔ°€Äå|É|Ìä°€À°€À°€À°€À°€À°€À°€À°€À(ÄÄÄÜØ°€Äå|É|ÐÀ°€À°€À°€À°€À°€À°€À°€À°€À(ÄÄÄÜÜ°€Äå|É|ÐÄ°€À°€À°€À°€À°€À°€À°€À°€À(ÄÄÄÜà°€Äå|É|ÐÈ°€À°€À°€À°€À°€À°€À°€À°€À(ÄÄÄÜä°€Äå|É|ÐÌ°€À°€À°€À°€À°€À°€À°€À°€À(ÄÄÄàÀ°€Äå|É|ÐÐ°€À°€À°€À°€À°€À°€À°€À°€À(ÄÄÄàÄ°€Äå|É|ÐÔ°€À°€À°€À°€À°€À°€À°€À°€À(ÄÄÄàÈ°€Äå|É|ÐØ°€À°€À°€À°€À°€À°€À°€À°€À(ÄÄÄàÌ°€Äå|É|ÐÜ°€À°€À°€À°€À°€À°€À°€À°€À(ÄÄÄàÐ°€Äå|É|Ðà°€À°€À°€À°€À°€À°€À°€À°€À(ÄÄÄàÔ°€Äå|É|Ðä°€À°€À°€À°€À°€À°€À°€À°€À(ÄÄÄàØ°€Äå|É|ÔÀ°€À°€À°€À°€À°€À°€À°€À°€À(ÄÄÄàÜ°€Äå|É|ÔÄ°€À°€À°€À°€À°€À°€À°€À°€À(ÄÄÄàà°€Äå|É|ÔÈ°€À°€À°€À°€À°€À°€À°€À°€À(ÄÄÄàä°€Äå|É|ÔÌ°€À°€À°€À°€À°€À°€À°€À°€À(ÄÄÄäÀ°€Äå|É|ÔÐ°€À°€À°€À°€À°€À°€À°€À°€À(ÄÄÄäÄ°€Äå|É|ÔÔ°€À°€À°€À°€À°€À°€À°€À°€À(ÄÄÄäÈ°€Äå|É|ÔØ°€À°€À°€À°€À°€À°€À°€À°€À(ÄÄÄäÌ°€Äå|É|ÔÜ°€À°€À°€À°€À°€À°€À°€À°€À(ÄÄÄäÐ°€Äå|É|Ôà°€À°€À°€À°€À°€À°€À°€À°€À(ÄÄÄäÔ°€Äå|É|Ôä°€À°€À°€À°€À°€À°€À°€À°€À(ÄÄÄäØ°€Äå|É|ØÀ°€À°€À°€À°€À°€À°€À°€À°€À(ÄÄÄäÜ°€Äå|É|ØÄ°€À°€À°€À°€À°€À°€À°€À°€À(ÄÄÄäà°€Äå|É|ØÈ°€À°€À°€À°€À°€À°€À°€À°€À(ÄÄÄää°€Äå|É|ØÌ°€À°€À°€À°€À°€À°€À°€À°€À(ÄÄÈÀÀ°€Äå|É|ØÐ°€À°€À°€À°€À°€À°€À°€À°€À(ÄÄÈÀÄ°€Äå|É|ØÔ°€À°€À°€À°€À°€À°€À°€À°€À(ÄÄÈÀÈ°€Äå|É|ØØ°€À°€À°€À°€À°€À°€À°€À°€À(ÄÄÈÀÌ°€Äå|É|ØÜ°€À°€À°€À°€À°€À°€À°€À°€À(ÄÄÈÀÐ°€Äå|É|Øà°€À°€À°€À°€À°€À°€À°€À°€À(ÄÄÈÀÔ°€Äå|É|Øä°€À°€À°€À°€À°€À°€À°€À°€À(ÄÄÈÀØ°€Äå|É|ÜÀ°€À°€À°€À°€À°€À°€À°€À°€À(ÄÄÈÀÜ°€Äå|É|ÜÄ°€À°€À°€À°€À°€À°€À°€À°€À(ÄÄÈÀà°€Äå|É|ÜÈ°€À°€À°€À°€À°€À°€À°€À°€À(ÄÄÈÀä°€Äå|É|ÜÌ°€À°€À°€À°€À°€À°€À°€À°€À(ÄÄÈÄÀ°€Äå|É|ÜÐ°€À°€À°€À°€À°€À°€À°€À°€À(ÄÄÈÄÄ°€Äå|É|ÜÔ°€À°€À°€À°€À°€À°€À°€À°€À(ÄÄÈÄÈ°€Äå|É|ÜØ°€À°€À°€À°€À°€À°€À°€À°€À(ÄÄÈÄÌ°€Äå|É|ÜÜ°€À°€À°€À°€À°€À°€À°€À°€À(ÄÄÈÄÐ°€Äå|É|Üà°€À°€À°€À°€À°€À°€À°€À°€À(ÄÄÈÄÔ°€Äå|É|Üä°€À°€À°€À°€À°€À°€À°€À°€À(ÄÄÈÄØ°€Äå|É|àÀ°€À°€À°€À°€À°€À°€À°€À°€À(ÄÄÈÄÜ°€Äå|É|àÄ°€À°€À°€À°€À°€À°€À°€À°€À(ÄÄÈÄà°€Äå|É|àÈ°€À°€À°€À°€À°€À°€À°€À°€À(ÄÄÈÄä°€Äå|É|àÌ°€À°€À°€À°€À°€À°€À°€À°€À(ÄÄÈÈÀ°€Äå|É|àÐ°€À°€À°€À°€À°€À°€À°€À°€À(ÄÄÈÈÄ°€Äå|É|àÔ°€À°€À°€À°€À°€À°€À°€À°€À(ÄÄÈÈÈ°€Äå|É|àØ°€À°€À°€À°€À°€À°€À°€À°€À(ÄÄÈÈÌ°€Äå|É|àÜ°€À°€À°€À°€À°€À°€À°€À°€À(ÄÄÈÈÐ°€Äå|É|àà°€À°€À°€À°€À°€À°€À°€À°€À(ÄÄÈÈÔ°€Äå|É|àä°€À°€À°€À°€À°€À°€À°€À°€À(ÄÄÈÈØ°€Äå|É|äÀ°€À°€À°€À°€À°€À°€À°€À°€À(ÄÄÈÈÜ°€Äå|É|äÄ°€À°€À°€À°€À°€À°€À°€À°€À(ÄÄÈÈà°€Äå|É|äÈ°€À°€À°€À°€À°€À°€À°€À°€À(ÄÄÈÈä°€Äå|É|äÌ°€À°€À°€À°€À°€À°€À°€À°€À(ÄÄÈÌÀ°€Äå|É|äÐ°€À°€À°€À°€À°€À°€À°€À°€À(ÄÄÈÌÄ°€Äå|É|äÔ°€À°€À°€À°€À°€À°€À°€À°€À(ÄÄÈÌÈ°€Äå|Í|ÀÀ°€À°€À°€À°€À°€À°€À°€À°€À(ÄÄÈÌÌ°€Äå|Í|ÀÄ°€À°€À°€À°€À°€À°€À°€À°€À(ÄÄÈÌÐ°€Äå|Í|ÀÈ°€À°€À°€À°€À°€À°€À°€À°€À(ÄÄÈÌÔ°€Äå|Í|ÀÌ°€À°€À°€À°€À°€À°€À°€À°€À(ÄÄÈÌØ°€Äå|Í|ÀÐ°€À°€À°€À°€À°€À°€À°€À°€À(ÄÄÈÌÜ°€Äå|Í|ÀÔ°€À°€À°€À°€À°€À°€À°€À°€À(ÄÄÈÌà°€Äå|Í|ÀØ°€À°€À°€À°€À°€À°€À°€À°€À(ÄÄÈÌä°€Äå|Í|ÀÜ°€À°€À°€À°€À°€À°€À°€À°€À(ÄÄÈÐÀ°€Äå|Í|Àà°€À°€À°€À°€À°€À°€À°€À°€À(ÄÄÈÐÄ°€Äå|Í|Àä°€À°€À°€À°€À°€À°€À°€À°€À(ÄÄÈÐÈ°€Äå|Í|ÄÀ°€À°€À°€À°€À°€À°€À°€À°€À(ÄÄÈÐÌ°€Äå|Í|ÄÄ°€À°€À°€À°€À°€À°€À°€À°€À(ÄÄÈÐÐ°€Äå|Í|ÄÈ°€À°€À°€À°€À°€À°€À°€À°€À(ÄÄÈÐÔ°€Äå|Í|ÄÌ°€À°€À°€À°€À°€À°€À°€À°€À(ÄÄÈÐØ°€Äå|Í|ÄÐ°€À°€À°€À°€À°€À°€À°€À°€À(ÄÄÈÐÜ°€Äå|Í|ÄÔ°€À°€À°€À°€À°€À°€À°€À°€À(ÄÄÈÐà°€Äå|Í|ÄØ°€À°€À°€À°€À°€À°€À°€À°€À(ÄÄÈÐä°€Äå|Í|ÄÜ°€À°€À°€À°€À°€À°€À°€À°€À(ÄÄÈÔÀ°€Äå|Í|Äà°€À°€À°€À°€À°€À°€À°€À°€À(ÄÄÈÔÄ°€Äå|Í|Ää°€À°€À°€À°€À°€À°€À°€À°€À(ÄÄÈÔÈ°€Äå|Í|ÈÀ°€À°€À°€À°€À°€À°€À°€À°€À(ÄÄÈÔÌ°€Äå|Í|ÈÄ°€À°€À°€À°€À°€À°€À°€À°€À(ÄÄÈÔÐ°€Äå|Í|ÈÈ°€À°€À°€À°€À°€À°€À°€À°€À(ÄÄÈÔÔ°€Äå|Í|ÈÌ°€À°€À°€À°€À°€À°€À°€À°€À(ÄÄÈÔØ°€Äå|Í|ÈÐ°€À°€À°€À°€À°€À°€À°€À°€À(ÄÄÈÔÜ°€Äå|Í|ÈÔ°€À°€À°€À°€À°€À°€À°€À°€À(ÄÄÈÔà°€Äå|Í|ÈØ°€À°€À°€À°€À°€À°€À°€À°€À(ÄÄÈÔä°€Äå|Í|ÈÜ°€À°€À°€À°€À°€À°€À°€À°€À(ÄÄÈØÀ°€Äå|Í|Èà°€À°€À°€À°€À°€À°€À°€À°€À(ÄÄÈØÄ°€Äå|Í|Èä°€À°€À°€À°€À°€À°€À°€À°€À(ÄÄÈØÈ°€Äå|Í|ÌÀ°€À°€À°€À°€À°€À°€À°€À°€À(ÄÄÈØÌ°€Äå|Í|ÌÄ°€À°€À°€À°€À°€À°€À°€À°€À(ÄÄÈØÐ°€Äå|Í|ÌÈ°€À°€À°€À°€À°€À°€À°€À°€À(ÄÄÈØÔ°€Äå|Í|ÌÌ°€À°€À°€À°€À°€À°€À°€À°€À(ÄÄÈØØ°€Äå|Í|ÌÐ°€À°€À°€À°€À°€À°€À°€À°€À(ÄÄÈØÜ°€Äå|Í|ÌÔ°€À°€À°€À°€À°€À°€À°€À°€À(ÄÄÈØà°€Äå|Í|ÌØ°€À°€À°€À°€À°€À°€À°€À°€À(ÄÄÈØä°€Äå|Í|ÌÜ°€À°€À°€À°€À°€À°€À°€À°€À(ÄÄÈÜÀ°€Äå|Í|Ìà°€À°€À°€À°€À°€À°€À°€À°€À(ÄÄÈÜÄ°€Äå|Í|Ìä°€À°€À°€À°€À°€À°€À°€À°€À(ÄÄÈÜÈ°€Äå|Í|ÐÀ°€À°€À°€À°€À°€À°€À°€À°€À(ÄÄÈÜÌ°€Äå|Í|ÐÄ°€À°€À°€À°€À°€À°€À°€À°€À(ÄÄÈÜÐ°€Äå|Í|ÐÈ°€À°€À°€À°€À°€À°€À°€À°€À(ÄÄÈÜÔ°€Äå|Í|ÐÌ°€À°€À°€À°€À°€À°€À°€À°€À(ÄÄÈÜØ°€Äå|Í|ÐÐ°€À°€À°€À°€À°€À°€À°€À°€À(ÄÄÈÜÜ°€Äå|Í|ÐÔ°€À°€À°€À°€À°€À°€À°€À°€À(ÄÄÈÜà°€Äå|Í|ÐØ°€À°€À°€À°€À°€À°€À°€À°€À(ÄÄÈÜä°€Äå|Í|ÐÜ°€À°€À°€À°€À°€À°€À°€À°€À(ÄÄÈàÀ°€Äå|Í|Ðà°€À°€À°€À°€À°€À°€À°€À°€À(ÄÄÈàÄ°€Äå|Í|Ðä°€À°€À°€À°€À°€À°€À°€À°€À(ÄÄÈàÈ°€Äå|Í|ÔÀ°€À°€À°€À°€À°€À°€À°€À°€À(ÄÄÈàÌ°€Äå|Í|ÔÄ°€À°€À°€À°€À°€À°€À°€À°€À(ÄÄÈàÐ°€Äå|Í|ÔÈ°€À°€À°€À°€À°€À°€À°€À°€À(ÄÄÈàÔ°€Äå|Í|ÔÌ°€À°€À°€À°€À°€À°€À°€À°€À(ÄÄÈàØ°€Äå|Í|ÔÐ°€À°€À°€À°€À°€À°€À°€À°€À(ÄÄÈàÜ°€Äå|Í|ÔÔ°€À°€À°€À°€À°€À°€À°€À°€À(ÄÄÈàà°€Äå|Í|ÔØ°€À°€À°€À°€À°€À°€À°€À°€À(ÄÄÈàä°€Äå|Í|ÔÜ°€À°€À°€À°€À°€À°€À°€À°€À(ÄÄÈäÀ°€Äå|Í|Ôà°€À°€À°€À°€À°€À°€À°€À°€À(ÄÄÈäÄ°€Äå|Í|Ôä°€À°€À°€À°€À°€À°€À°€À°€À(ÄÄÈäÈ°€Äå|Í|ØÀ°€À°€À°€À°€À°€À°€À°€À°€À(ÄÄÈäÌ°€Äå|Í|ØÄ°€À°€À°€À°€À°€À°€À°€À°€À(ÄÄÈäÐ°€Äå|Í|ØÈ°€À°€À°€À°€À°€À°€À°€À°€À(ÄÄÈäÔ°€Äå|Í|ØÌ°€À°€À°€À°€À°€À°€À°€À°€À(ÄÄÈäØ°€Äå|Í|ØÐ°€À°€À°€À°€À°€À°€À°€À°€À(ÄÄÈäÜ°€Äå|Í|ØÔ°€À°€À°€À°€À°€À°€À°€À°€À(ÄÄÈäà°€Äå|Í|ØØ°€À°€À°€À°€À°€À°€À°€À°€À(ÄÄÈää°€Äå|Í|ØÜ°€À°€À°€À°€À°€À°€À°€À°€À(ÄÄÌÀÀ°€Äå|Í|Øà°€À°€À°€À°€À°€À°€À°€À°€À(ÄÄÌÀÄ°€Äå|Í|Øä°€À°€À°€À°€À°€À°€À°€À°€À(ÄÄÌÀÈ°€Äå|Í|ÜÀ°€À°€À°€À°€À°€À°€À°€À°€À(ÄÄÌÀÌ°€Äå|Í|ÜÄ°€À°€À°€À°€À°€À°€À°€À°€À(ÄÄÌÀÐ°€Äå|Í|ÜÈ°€À°€À°€À°€À°€À°€À°€À°€À(ÄÄÌÀÔ°€Äå|Í|ÜÌ°€À°€À°€À°€À°€À°€À°€À°€À(ÄÄÌÀØ°€Äå|Í|ÜÐ°€À°€À°€À°€À°€À°€À°€À°€À(ÄÄÌÀÜ°€Äå|Í|ÜÔ°€À°€À°€À°€À°€À°€À°€À°€À(ÄÄÌÀà°€Äå|Í|ÜØ°€À°€À°€À°€À°€À°€À°€À°€À(ÄÄÌÀä°€Äå|Í|ÜÜ°€À°€À°€À°€À°€À°€À°€À°€À(ÄÄÌÄÀ°€Äå|Í|Üà°€À°€À°€À°€À°€À°€À°€À°€À(ÄÄÌÄÄ°€Äå|Í|Üä°€À°€À°€À°€À°€À°€À°€À°€À(ÄÄÌÄÈ°€Äå|Í|àÀ°€À°€À°€À°€À°€À°€À°€À°€À(ÄÄÌÄÌ°€Äå|Í|àÄ°€À°€À°€À°€À°€À°€À°€À°€À(ÄÄÌÄÐ°€Äå|Í|àÈ°€À°€À°€À°€À°€À°€À°€À°€À(ÄÄÌÄÔ°€Äå|Í|àÌ°€À°€À°€À°€À°€À°€À°€À°€À(ÄÄÌÄØ°€Äå|Í|àÐ°€À°€À°€À°€À°€À°€À°€À°€À(ÄÄÌÄÜ°€Äå|Í|àÔ°€À°€À°€À°€À°€À°€À°€À°€À(ÄÄÌÄà°€Äå|Í|àØ°€À°€À°€À°€À°€À°€À°€À°€À(ÄÄÌÄä°€Äå|Í|àÜ°€À°€À°€À°€À°€À°€À°€À°€À(ÄÄÌÈÀ°€Äå|Í|àà°€À°€À°€À°€À°€À°€À°€À°€À(ÄÄÌÈÄ°€Äå|Í|àä°€À°€À°€À°€À°€À°€À°€À°€À(ÄÄÌÈÈ°€Äå|Í|äÀ°€À°€À°€À°€À°€À°€À°€À°€À(ÄÄÌÈÌ°€Äå|Í|äÄ°€À°€À°€À°€À°€À°€À°€À°€À(ÄÄÌÈÐ°€Äå|Í|äÈ°€À°€À°€À°€À°€À°€À°€À°€À(ÄÄÌÈÔ°€Äå|Í|äÌ°€À°€À°€À°€À°€À°€À°€À°€À(ÄÄÌÈØ°€Äå|Í|äÐ°€À°€À°€À°€À°€À°€À°€À°€À(ÄÄÌÈÜ°€Äå|Í|äÔ°€À°€À°€À°€À°€À°€À°€À°€À(ÄÄÌÈà°€Äå|Ñ|ÀÀ°€À°€À°€À°€À°€À°€À°€À°€À(ÄÄÌÈä°€Äå|Ñ|ÀÄ°€À°€À°€À°€À°€À°€À°€À°€À(ÄÄÌÌÀ°€Äå|Ñ|ÀÈ°€À°€À°€À°€À°€À°€À°€À°€À(ÄÄÌÌÄ°€Äå|Ñ|ÀÌ°€À°€À°€À°€À°€À°€À°€À°€À(ÄÄÌÌÈ°€Äå|Ñ|ÀÐ°€À°€À°€À°€À°€À°€À°€À°€À(ÄÄÌÌÌ°€Äå|Ñ|ÀÔ°€À°€À°€À°€À°€À°€À°€À°€À(ÄÄÌÌÐ°€Äå|Ñ|ÀØ°€À°€À°€À°€À°€À°€À°€À°€À(ÄÄÌÌÔ°€Äå|Ñ|ÀÜ°€À°€À°€À°€À°€À°€À°€À°€À(ÄÄÌÌØ°€Äå|Ñ|Àà°€À°€À°€À°€À°€À°€À°€À°€À(ÄÄÌÌÜ°€Äå|Ñ|Àä°€À°€À°€À°€À°€À°€À°€À°€À(ÄÄÌÌà°€Äå|Ñ|ÄÀ°€À°€À°€À°€À°€À°€À°€À°€À(ÄÄÌÌä°€Äå|Ñ|ÄÄ°€À°€À°€À°€À°€À°€À°€À°€À(ÄÄÌÐÀ°€Äå|Ñ|ÄÈ°€À°€À°€À°€À°€À°€À°€À°€À(ÄÄÌÐÄ°€Äå|Ñ|ÄÌ°€À°€À°€À°€À°€À°€À°€À°€À(ÄÄÌÐÈ°€Äå|Ñ|ÄÐ°€À°€À°€À°€À°€À°€À°€À°€À(ÄÄÌÐÌ°€Äå|Ñ|ÄÔ°€À°€À°€À°€À°€À°€À°€À°€À(ÄÄÌÐÐ°€Äå|Ñ|ÄØ°€À°€À°€À°€À°€À°€À°€À°€À(ÄÄÌÐÔ°€Äå|Ñ|ÄÜ°€À°€À°€À°€À°€À°€À°€À°€À(ÄÄÌÐØ°€Äå|Ñ|Äà°€À°€À°€À°€À°€À°€À°€À°€À(ÄÄÌÐÜ°€Äå|Ñ|Ää°€À°€À°€À°€À°€À°€À°€À°€À(ÄÄÌÐà°€Äå|Ñ|ÈÀ°€À°€À°€À°€À°€À°€À°€À°€À(ÄÄÌÐä°€Äå|Ñ|ÈÄ°€À°€À°€À°€À°€À°€À°€À°€À(ÄÄÌÔÀ°€Äå|Ñ|ÈÈ°€À°€À°€À°€À°€À°€À°€À°€À(ÄÄÌÔÄ°€Äå|Ñ|ÈÌ°€À°€À°€À°€À°€À°€À°€À°€À(ÄÄÌÔÈ°€Äå|Ñ|ÈÐ°€À°€À°€À°€À°€À°€À°€À°€À(ÄÄÌÔÌ°€Äå|Ñ|ÈÔ°€À°€À°€À°€À°€À°€À°€À°€À(ÄÄÌÔÐ°€Äå|Ñ|ÈØ°€À°€À°€À°€À°€À°€À°€À°€À(ÄÄÌÔÔ°€Äå|Ñ|ÈÜ°€À°€À°€À°€À°€À°€À°€À°€À(ÄÄÌÔØ°€Äå|Ñ|Èà°€À°€À°€À°€À°€À°€À°€À°€À(ÄÄÌÔÜ°€Äå|Ñ|Èä°€À°€À°€À°€À°€À°€À°€À°€À(ÄÄÌÔà°€Äå|Ñ|ÌÀ°€À°€À°€À°€À°€À°€À°€À°€À(ÄÄÌÔä°€Äå|Ñ|ÌÄ°€À°€À°€À°€À°€À°€À°€À°€À(ÄÄÌØÀ°€Äå|Ñ|ÌÈ°€À°€À°€À°€À°€À°€À°€À°€À(ÄÄÌØÄ°€Äå|Ñ|ÌÌ°€À°€À°€À°€À°€À°€À°€À°€À(ÄÄÌØÈ°€Äå|Ñ|ÌÐ°€À°€À°€À°€À°€À°€À°€À°€À(ÄÄÌØÌ°€Äå|Ñ|ÌÔ°€À°€À°€À°€À°€À°€À°€À°€À(ÄÄÌØÐ°€Äå|Ñ|ÌØ°€À°€À°€À°€À°€À°€À°€À°€À(ÄÄÌØÔ°€Äå|Ñ|ÌÜ°€À°€À°€À°€À°€À°€À°€À°€À(ÄÄÌØØ°€Äå|Ñ|Ìà°€À°€À°€À°€À°€À°€À°€À°€À(ÄÄÌØÜ°€Äå|Ñ|Ìä°€À°€À°€À°€À°€À°€À°€À°€À(ÄÄÌØà°€Äå|Ñ|ÐÀ°€À°€À°€À°€À°€À°€À°€À°€À(ÄÄÌØä°€Äå|Ñ|ÐÄ°€À°€À°€À°€À°€À°€À°€À°€À(ÄÄÌÜÀ°€Äå|Ñ|ÐÈ°€À°€À°€À°€À°€À°€À°€À°€À(ÄÄÌÜÄ°€Äå|Ñ|ÐÌ°€À°€À°€À°€À°€À°€À°€À°€À(ÄÄÌÜÈ°€Äå|Ñ|ÐÐ°€À°€À°€À°€À°€À°€À°€À°€À(ÄÄÌÜÌ°€Äå|Ñ|ÐÔ°€À°€À°€À°€À°€À°€À°€À°€À(ÄÄÌÜÐ°€Äå|Ñ|ÐØ°€À°€À°€À°€À°€À°€À°€À°€À(ÄÄÌÜÔ°€Äå|Ñ|ÐÜ°€À°€À°€À°€À°€À°€À°€À°€À(ÄÄÌÜØ°€Äå|Ñ|Ðà°€À°€À°€À°€À°€À°€À°€À°€À(ÄÄÌÜÜ°€Äå|Ñ|Ðä°€À°€À°€À°€À°€À°€À°€À°€À(ÄÄÌÜà°€Äå|Ñ|ÔÀ°€À°€À°€À°€À°€À°€À°€À°€À(ÄÄÌÜä°€Äå|Ñ|ÔÄ°€À°€À°€À°€À°€À°€À°€À°€À(ÄÄÌàÀ°€Äå|Ñ|ÔÈ°€À°€À°€À°€À°€À°€À°€À°€À(ÄÄÌàÄ°€Äå|Ñ|ÔÌ°€À°€À°€À°€À°€À°€À°€À°€À(ÄÄÌàÈ°€Äå|Ñ|ÔÐ°€À°€À°€À°€À°€À°€À°€À°€À(ÄÄÌàÌ°€Äå|Ñ|ÔÔ°€À°€À°€À°€À°€À°€À°€À°€À(ÄÄÌàÐ°€Äå|Ñ|ÔØ°€À°€À°€À°€À°€À°€À°€À°€À(ÄÄÌàÔ°€Äå|Ñ|ÔÜ°€À°€À°€À°€À°€À°€À°€À°€À(ÄÄÌàØ°€Äå|Ñ|Ôà°€À°€À°€À°€À°€À°€À°€À°€À(ÄÄÌàÜ°€Äå|Ñ|Ôä°€À°€À°€À°€À°€À°€À°€À°€À(ÄÄÌàà°€Äå|Ñ|ØÀ°€À°€À°€À°€À°€À°€À°€À°€À(ÄÄÌàä°€Äå|Ñ|ØÄ°€À°€À°€À°€À°€À°€À°€À°€À(ÄÄÌäÀ°€Äå|Ñ|ØÈ°€À°€À°€À°€À°€À°€À°€À°€À(ÄÄÌäÄ°€Äå|Ñ|ØÌ°€À°€À°€À°€À°€À°€À°€À°€À(ÄÄÌäÈ°€Äå|Ñ|ØÐ°€À°€À°€À°€À°€À°€À°€À°€À(ÄÄÌäÌ°€Äå|Ñ|ØÔ°€À°€À°€À°€À°€À°€À°€À°€À(ÄÄÌäÐ°€Äå|Ñ|ØØ°€À°€À°€À°€À°€À°€À°€À°€À(ÄÄÌäÔ°€Äå|Ñ|ØÜ°€À°€À°€À°€À°€À°€À°€À°€À(ÄÄÌäØ°€Äå|Ñ|Øà°€À°€À°€À°€À°€À°€À°€À°€À(ÄÄÌäÜ°€Äå|Ñ|Øä°€À°€À°€À°€À°€À°€À°€À°€À(ÄÄÌäà°€Äå|Ñ|ÜÀ°€À°€À°€À°€À°€À°€À°€À°€À(ÄÄÌää°€Äå|Ñ|ÜÄ°€À°€À°€À°€À°€À°€À°€À°€À(ÄÄÐÀÀ°€Äå|Ñ|ÜÈ°€À°€À°€À°€À°€À°€À°€À°€À(ÄÄÐÀÄ°€Äå|Ñ|ÜÌ°€À°€À°€À°€À°€À°€À°€À°€À(ÄÄÐÀÈ°€Äå|Ñ|ÜÐ°€À°€À°€À°€À°€À°€À°€À°€À(ÄÄÐÀÌ°€Äå|Ñ|ÜÔ°€À°€À°€À°€À°€À°€À°€À°€À(ÄÄÐÀÐ°€Äå|Ñ|ÜØ°€À°€À°€À°€À°€À°€À°€À°€À(ÄÄÐÀÔ°€Äå|Ñ|ÜÜ°€À°€À°€À°€À°€À°€À°€À°€À(ÄÄÐÀØ°€Äå|Ñ|Üà°€À°€À°€À°€À°€À°€À°€À°€À(ÄÄÐÀÜ°€Äå|Ñ|Üä°€À°€À°€À°€À°€À°€À°€À°€À(ÄÄÐÀà°€Äå|Ñ|àÀ°€À°€À°€À°€À°€À°€À°€À°€À(ÄÄÐÀä°€Äå|Ñ|àÄ°€À°€À°€À°€À°€À°€À°€À°€À(ÄÄÐÄÀ°€Äå|Ñ|àÈ°€À°€À°€À°€À°€À°€À°€À°€À(ÄÄÐÄÄ°€Äå|Ñ|àÌ°€À°€À°€À°€À°€À°€À°€À°€À(ÄÄÐÄÈ°€Äå|Ñ|àÐ°€À°€À°€À°€À°€À°€À°€À°€À(ÄÄÐÄÌ°€Äå|Ñ|àÔ°€À°€À°€À°€À°€À°€À°€À°€À(ÄÄÐÄÐ°€Äå|Ñ|àØ°€À°€À°€À°€À°€À°€À°€À°€À(ÄÄÐÄÔ°€Äå|Ñ|àÜ°€À°€À°€À°€À°€À°€À°€À°€À(ÄÄÐÄØ°€Äå|Ñ|àà°€À°€À°€À°€À°€À°€À°€À°€À(ÄÄÐÄÜ°€Äå|Ñ|àä°€À°€À°€À°€À°€À°€À°€À°€À(ÄÄÐÄà°€Äå|Ñ|äÀ°€À°€À°€À°€À°€À°€À°€À°€À(ÄÄÐÄä°€Äå|Ñ|äÄ°€À°€À°€À°€À°€À°€À°€À°€À(ÄÄÐÈÀ°€Äå|Ñ|äÈ°€À°€À°€À°€À°€À°€À°€À°€À(ÄÄÐÈÄ°€Äå|Ñ|äÌ°€À°€À°€À°€À°€À°€À°€À°€À(ÄÄÐÈÈ°€Äå|Ñ|äÐ°€À°€À°€À°€À°€À°€À°€À°€À(ÄÄÐÈÌ°€Äå|Ñ|äÔ°€À°€À°€À°€À°€À°€À°€À°€À(ÄÄÐÈÐ°€Äå|Õ|ÀÀ°€À°€À°€À°€À°€À°€À°€À°€À(ÄÄÐÈÔ°€Äå|Õ|ÀÄ°€À°€À°€À°€À°€À°€À°€À°€À(ÄÄÐÈØ°€Äå|Õ|ÀÈ°€À°€À°€À°€À°€À°€À°€À°€À(ÄÄÐÈÜ°€Äå|Õ|ÀÌ°€À°€À°€À°€À°€À°€À°€À°€À(ÄÄÐÈà°€Äå|Õ|ÀÐ°€À°€À°€À°€À°€À°€À°€À°€À(ÄÄÐÈä°€Äå|Õ|ÀÔ°€À°€À°€À°€À°€À°€À°€À°€À(ÄÄÐÌÀ°€Äå|Õ|ÀØ°€À°€À°€À°€À°€À°€À°€À°€À(ÄÄÐÌÄ°€Äå|Õ|ÀÜ°€À°€À°€À°€À°€À°€À°€À°€À(ÄÄÐÌÈ°€Äå|Õ|Àà°€À°€À°€À°€À°€À°€À°€À°€À(ÄÄÐÌÌ°€Äå|Õ|Àä°€À°€À°€À°€À°€À°€À°€À°€À(ÄÄÐÌÐ°€Äå|Õ|ÄÀ°€À°€À°€À°€À°€À°€À°€À°€À(ÄÄÐÌÔ°€Äå|Õ|ÄÄ°€À°€À°€À°€À°€À°€À°€À°€À(ÄÄÐÌØ°€Äå|Õ|ÄÈ°€À°€À°€À°€À°€À°€À°€À°€À(ÄÄÐÌÜ°€Äå|Õ|ÄÌ°€À°€À°€À°€À°€À°€À°€À°€À(ÄÄÐÌà°€Äå|Õ|ÄÐ°€À°€À°€À°€À°€À°€À°€À°€À(ÄÄÐÌä°€Äå|Õ|ÄÔ°€À°€À°€À°€À°€À°€À°€À°€À(ÄÄÐÐÀ°€Äå|Õ|ÄØ°€À°€À°€À°€À°€À°€À°€À°€À(ÄÄÐÐÄ°€Äå|Õ|ÄÜ°€À°€À°€À°€À°€À°€À°€À°€À(ÄÄÐÐÈ°€Äå|Õ|Äà°€À°€À°€À°€À°€À°€À°€À°€À(ÄÄÐÐÌ°€Äå|Õ|Ää°€À°€À°€À°€À°€À°€À°€À°€À(ÄÄÐÐÐ°€Äå|Õ|ÈÀ°€À°€À°€À°€À°€À°€À°€À°€À(ÄÄÐÐÔ°€Äå|Õ|ÈÄ°€À°€À°€À°€À°€À°€À°€À°€À(ÄÄÐÐØ°€Äå|Õ|ÈÈ°€À°€À°€À°€À°€À°€À°€À°€À(ÄÄÐÐÜ°€Äå|Õ|ÈÌ°€À°€À°€À°€À°€À°€À°€À°€À(ÄÄÐÐà°€Äå|Õ|ÈÐ°€À°€À°€À°€À°€À°€À°€À°€À(ÄÄÐÐä°€Äå|Õ|ÈÔ°€À°€À°€À°€À°€À°€À°€À°€À(ÄÄÐÔÀ°€Äå|Õ|ÈØ°€À°€À°€À°€À°€À°€À°€À°€À(ÄÄÐÔÄ°€Äå|Õ|ÈÜ°€À°€À°€À°€À°€À°€À°€À°€À(ÄÄÐÔÈ°€Äå|Õ|Èà°€À°€À°€À°€À°€À°€À°€À°€À(ÄÄÐÔÌ°€Äå|Õ|Èä°€À°€À°€À°€À°€À°€À°€À°€À(ÄÄÐÔÐ°€Äå|Õ|ÌÀ°€À°€À°€À°€À°€À°€À°€À°€À(ÄÄÐÔÔ°€Äå|Õ|ÌÄ°€À°€À°€À°€À°€À°€À°€À°€À(ÄÄÐÔØ°€Äå|Õ|ÌÈ°€À°€À°€À°€À°€À°€À°€À°€À(ÄÄÐÔÜ°€Äå|Õ|ÌÌ°€À°€À°€À°€À°€À°€À°€À°€À(ÄÄÐÔà°€Äå|Õ|ÌÐ°€À°€À°€À°€À°€À°€À°€À°€À(ÄÄÐÔä°€Äå|Õ|ÌÔ°€À°€À°€À°€À°€À°€À°€À°€À(ÄÄÐØÀ°€Äå|Õ|ÌØ°€À°€À°€À°€À°€À°€À°€À°€À(ÄÄÐØÄ°€Äå|Õ|ÌÜ°€À°€À°€À°€À°€À°€À°€À°€À(ÄÄÐØÈ°€Äå|Õ|Ìà°€À°€À°€À°€À°€À°€À°€À°€À(ÄÄÐØÌ°€Äå|Õ|Ìä°€À°€À°€À°€À°€À°€À°€À°€À(ÄÄÐØÐ°€Äå|Õ|ÐÀ°€À°€À°€À°€À°€À°€À°€À°€À(ÄÄÐØÔ°€Äå|Õ|ÐÄ°€À°€À°€À°€À°€À°€À°€À°€À(ÄÄÐØØ°€Äå|Õ|ÐÈ°€À°€À°€À°€À°€À°€À°€À°€À(ÄÄÐØÜ°€Äå|Õ|ÐÌ°€À°€À°€À°€À°€À°€À°€À°€À(ÄÄÐØà°€Äå|Õ|ÐÐ°€À°€À°€À°€À°€À°€À°€À°€À(ÄÄÐØä°€Äå|Õ|ÐÔ°€À°€À°€À°€À°€À°€À°€À°€À(ÄÄÐÜÀ°€Äå|Õ|ÐØ°€À°€À°€À°€À°€À°€À°€À°€À(ÄÄÐÜÄ°€Äå|Õ|ÐÜ°€À°€À°€À°€À°€À°€À°€À°€À(ÄÄÐÜÈ°€Äå|Õ|Ðà°€À°€À°€À°€À°€À°€À°€À°€À(ÄÄÐÜÌ°€Äå|Õ|Ðä°€À°€À°€À°€À°€À°€À°€À°€À(ÄÄÐÜÐ°€Äå|Õ|ÔÀ°€À°€À°€À°€À°€À°€À°€À°€À(ÄÄÐÜÔ°€Äå|Õ|ÔÄ°€À°€À°€À°€À°€À°€À°€À°€À(ÄÄÐÜØ°€Äå|Õ|ÔÈ°€À°€À°€À°€À°€À°€À°€À°€À(ÄÄÐÜÜ°€Äå|Õ|ÔÌ°€À°€À°€À°€À°€À°€À°€À°€À(ÄÄÐÜà°€Äå|Õ|ÔÐ°€À°€À°€À°€À°€À°€À°€À°€À(ÄÄÐÜä°€Äå|Õ|ÔÔ°€À°€À°€À°€À°€À°€À°€À°€À(ÄÄÐàÀ°€Äå|Õ|ÔØ°€À°€À°€À°€À°€À°€À°€À°€À(ÄÄÐàÄ°€Äå|Õ|ÔÜ°€À°€À°€À°€À°€À°€À°€À°€À(ÄÄÐàÈ°€Äå|Õ|Ôà°€À°€À°€À°€À°€À°€À°€À°€À(ÄÄÐàÌ°€Äå|Õ|Ôä°€À°€À°€À°€À°€À°€À°€À°€À(ÄÄÐàÐ°€Äå|Õ|ØÀ°€À°€À°€À°€À°€À°€À°€À°€À(ÄÄÐàÔ°€Äå|Õ|ØÄ°€À°€À°€À°€À°€À°€À°€À°€À(ÄÄÐàØ°€Äå|Õ|ØÈ°€À°€À°€À°€À°€À°€À°€À°€À(ÄÄÐàÜ°€Äå|Õ|ØÌ°€À°€À°€À°€À°€À°€À°€À°€À(ÄÄÐàà°€Äå|Õ|ØÐ°€À°€À°€À°€À°€À°€À°€À°€À(ÄÄÐàä°€Äå|Õ|ØÔ°€À°€À°€À°€À°€À°€À°€À°€À(ÄÄÐäÀ°€Äå|Õ|ØØ°€À°€À°€À°€À°€À°€À°€À°€À(ÄÄÐäÄ°€Äå|Õ|ØÜ°€À°€À°€À°€À°€À°€À°€À°€À(ÄÄÐäÈ°€Äå|Õ|Øà°€À°€À°€À°€À°€À°€À°€À°€À(ÄÄÐäÌ°€Äå|Õ|Øä°€À°€À°€À°€À°€À°€À°€À°€À(ÄÄÐäÐ°€Äå|Õ|ÜÀ°€À°€À°€À°€À°€À°€À°€À°€À(ÄÄÐäÔ°€Äå|Õ|ÜÄ°€À°€À°€À°€À°€À°€À°€À°€À(ÄÄÐäØ°€Äå|Õ|ÜÈ°€À°€À°€À°€À°€À°€À°€À°€À(ÄÄÐäÜ°€Äå|Õ|ÜÌ°€À°€À°€À°€À°€À°€À°€À°€À(ÄÄÐäà°€Äå|Õ|ÜÐ°€À°€À°€À°€À°€À°€À°€À°€À(ÄÄÐää°€Äå|Õ|ÜÔ°€À°€À°€À°€À°€À°€À°€À°€À(ÄÄÔÀÀ°€Äå|Õ|ÜØ°€À°€À°€À°€À°€À°€À°€À°€À(ÄÄÔÀÄ°€Äå|Õ|ÜÜ°€À°€À°€À°€À°€À°€À°€À°€À(ÄÄÔÀÈ°€Äå|Õ|Üà°€À°€À°€À°€À°€À°€À°€À°€À(ÄÄÔÀÌ°€Äå|Õ|Üä°€À°€À°€À°€À°€À°€À°€À°€À(ÄÄÔÀÐ°€Äå|Õ|àÀ°€À°€À°€À°€À°€À°€À°€À°€À(ÄÄÔÀÔ°€Äå|Õ|àÄ°€À°€À°€À°€À°€À°€À°€À°€À(ÄÄÔÀØ°€Äå|Õ|àÈ°€À°€À°€À°€À°€À°€À°€À°€À(ÄÄÔÀÜ°€Äå|Õ|àÌ°€À°€À°€À°€À°€À°€À°€À°€À(ÄÄÔÀà°€Äå|Õ|àÐ°€À°€À°€À°€À°€À°€À°€À°€À(ÄÄÔÀä°€Äå|Õ|àÔ°€À°€À°€À°€À°€À°€À°€À°€À(ÄÄÔÄÀ°€Äå|Õ|àØ°€À°€À°€À°€À°€À°€À°€À°€À(ÄÄÔÄÄ°€Äå|Õ|àÜ°€À°€À°€À°€À°€À°€À°€À°€À(ÄÄÔÄÈ°€Äå|Õ|àà°€À°€À°€À°€À°€À°€À°€À°€À(ÄÄÔÄÌ°€Äå|Õ|àä°€À°€À°€À°€À°€À°€À°€À°€À(ÄÄÔÄÐ°€Äå|Õ|äÀ°€À°€À°€À°€À°€À°€À°€À°€À(ÄÄÔÄÔ°€Äå|Õ|äÄ°€À°€À°€À°€À°€À°€À°€À°€À(ÄÄÔÄØ°€Äå|Õ|äÈ°€À°€À°€À°€À°€À°€À°€À°€À(ÄÄÔÄÜ°€Äå|Õ|äÌ°€À°€À°€À°€À°€À°€À°€À°€À(ÄÄÔÄà°€Äå|Õ|äÐ°€À°€À°€À°€À°€À°€À°€À°€À(ÄÄÔÄä°€Äå|Õ|äÔ°€À°€À°€À°€À°€À°€À°€À°€À(ÄÄÔÈÀ°€ÈÁ|Á|ÀÀ°€À°€À°€À°€À°€À°€À°€À°€À(ÄÄÔÈÄ°€ÈÁ|Á|ÀÄ°€À°€À°€À°€À°€À°€À°€À°€À(ÄÄÔÈÈ°€ÈÁ|Á|ÀÈ°€À°€À°€À°€À°€À°€À°€À°€À(ÄÄÔÈÌ°€ÈÁ|Á|ÀÌ°€À°€À°€À°€À°€À°€À°€À°€À(ÄÄÔÈÐ°€ÈÁ|Á|ÀÐ°€À°€À°€À°€À°€À°€À°€À°€À(ÄÄÔÈÔ°€ÈÁ|Á|ÀÔ°€À°€À°€À°€À°€À°€À°€À°€À(ÄÄÔÈØ°€ÈÁ|Á|ÀØ°€À°€À°€À°€À°€À°€À°€À°€À(ÄÄÔÈÜ°€ÈÁ|Á|ÀÜ°€À°€À°€À°€À°€À°€À°€À°€À(ÄÄÔÈà°€ÈÁ|Á|Àà°€À°€À°€À°€À°€À°€À°€À°€À(ÄÄÔÈä°€ÈÁ|Á|Àä°€À°€À°€À°€À°€À°€À°€À°€À(ÄÄÔÌÀ°€ÈÁ|Á|ÄÀ°€À°€À°€À°€À°€À°€À°€À°€À(ÄÄÔÌÄ°€ÈÁ|Á|ÄÄ°€À°€À°€À°€À°€À°€À°€À°€À(ÄÄÔÌÈ°€ÈÁ|Á|ÄÈ°€À°€À°€À°€À°€À°€À°€À°€À(ÄÄÔÌÌ°€ÈÁ|Á|ÄÌ°€À°€À°€À°€À°€À°€À°€À°€À(ÄÄÔÌÐ°€ÈÁ|Á|ÄÐ°€À°€À°€À°€À°€À°€À°€À°€À(ÄÄÔÌÔ°€ÈÁ|Á|ÄÔ°€À°€À°€À°€À°€À°€À°€À°€À(ÄÄÔÌØ°€ÈÁ|Á|ÄØ°€À°€À°€À°€À°€À°€À°€À°€À(ÄÄÔÌÜ°€ÈÁ|Á|ÄÜ°€À°€À°€À°€À°€À°€À°€À°€À(ÄÄÔÌà°€ÈÁ|Á|Äà°€À°€À°€À°€À°€À°€À°€À°€À(ÄÄÔÌä°€ÈÁ|Á|Ää°€À°€À°€À°€À°€À°€À°€À°€À(ÄÄÔÐÀ°€ÈÁ|Á|ÈÀ°€À°€À°€À°€À°€À°€À°€À°€À(ÄÄÔÐÄ°€ÈÁ|Á|ÈÄ°€À°€À°€À°€À°€À°€À°€À°€À(ÄÄÔÐÈ°€ÈÁ|Á|ÈÈ°€À°€À°€À°€À°€À°€À°€À°€À(ÄÄÔÐÌ°€ÈÁ|Á|ÈÌ°€À°€À°€À°€À°€À°€À°€À°€À(ÄÄÔÐÐ°€ÈÁ|Á|ÈÐ°€À°€À°€À°€À°€À°€À°€À°€À(ÄÄÔÐÔ°€ÈÁ|Á|ÈÔ°€À°€À°€À°€À°€À°€À°€À°€À(ÄÄÔÐØ°€ÈÁ|Á|ÈØ°€À°€À°€À°€À°€À°€À°€À°€À(ÄÄÔÐÜ°€ÈÁ|Á|ÈÜ°€À°€À°€À°€À°€À°€À°€À°€À(ÄÄÔÐà°€ÈÁ|Á|Èà°€À°€À°€À°€À°€À°€À°€À°€À(ÄÄÔÐä°€ÈÁ|Á|Èä°€À°€À°€À°€À°€À°€À°€À°€À(ÄÄÔÔÀ°€ÈÁ|Á|ÌÀ°€À°€À°€À°€À°€À°€À°€À°€À(ÄÄÔÔÄ°€ÈÁ|Á|ÌÄ°€À°€À°€À°€À°€À°€À°€À°€À(ÄÄÔÔÈ°€ÈÁ|Á|ÌÈ°€À°€À°€À°€À°€À°€À°€À°€À(ÄÄÔÔÌ°€ÈÁ|Á|ÌÌ°€À°€À°€À°€À°€À°€À°€À°€À(ÄÄÔÔÐ°€ÈÁ|Á|ÌÐ°€À°€À°€À°€À°€À°€À°€À°€À(ÄÄÔÔÔ°€ÈÁ|Á|ÌÔ°€À°€À°€À°€À°€À°€À°€À°€À(ÄÄÔÔØ°€ÈÁ|Á|ÌØ°€À°€À°€À°€À°€À°€À°€À°€À(ÄÄÔÔÜ°€ÈÁ|Á|ÌÜ°€À°€À°€À°€À°€À°€À°€À°€À(ÄÄÔÔà°€ÈÁ|Á|Ìà°€À°€À°€À°€À°€À°€À°€À°€À(ÄÄÔÔä°€ÈÁ|Á|Ìä°€À°€À°€À°€À°€À°€À°€À°€À(ÄÄÔØÀ°€ÈÁ|Á|ÐÀ°€À°€À°€À°€À°€À°€À°€À°€À(ÄÄÔØÄ°€ÈÁ|Á|ÐÄ°€À°€À°€À°€À°€À°€À°€À°€À(ÄÄÔØÈ°€ÈÁ|Á|ÐÈ°€À°€À°€À°€À°€À°€À°€À°€À(ÄÄÔØÌ°€ÈÁ|Á|ÐÌ°€À°€À°€À°€À°€À°€À°€À°€À(ÄÄÔØÐ°€ÈÁ|Á|ÐÐ°€À°€À°€À°€À°€À°€À°€À°€À(ÄÄÔØÔ°€ÈÁ|Á|ÐÔ°€À°€À°€À°€À°€À°€À°€À°€À(ÄÄÔØØ°€ÈÁ|Á|ÐØ°€À°€À°€À°€À°€À°€À°€À°€À(ÄÄÔØÜ°€ÈÁ|Á|ÐÜ°€À°€À°€À°€À°€À°€À°€À°€À(ÄÄÔØà°€ÈÁ|Á|Ðà°€À°€À°€À°€À°€À°€À°€À°€À(ÄÄÔØä°€ÈÁ|Á|Ðä°€À°€À°€À°€À°€À°€À°€À°€À(ÄÄÔÜÀ°€ÈÁ|Á|ÔÀ°€À°€À°€À°€À°€À°€À°€À°€À(ÄÄÔÜÄ°€ÈÁ|Á|ÔÄ°€À°€À°€À°€À°€À°€À°€À°€À(ÄÄÔÜÈ°€ÈÁ|Á|ÔÈ°€À°€À°€À°€À°€À°€À°€À°€À(ÄÄÔÜÌ°€ÈÁ|Á|ÔÌ°€À°€À°€À°€À°€À°€À°€À°€À(ÄÄÔÜÐ°€ÈÁ|Á|ÔÐ°€À°€À°€À°€À°€À°€À°€À°€À(ÄÄÔÜÔ°€ÈÁ|Á|ÔÔ°€À°€À°€À°€À°€À°€À°€À°€À(ÄÄÔÜØ°€ÈÁ|Á|ÔØ°€À°€À°€À°€À°€À°€À°€À°€À(ÄÄÔÜÜ°€ÈÁ|Á|ÔÜ°€À°€À°€À°€À°€À°€À°€À°€À(ÄÄÔÜà°€ÈÁ|Á|Ôà°€À°€À°€À°€À°€À°€À°€À°€À(ÄÄÔÜä°€ÈÁ|Á|Ôä°€À°€À°€À°€À°€À°€À°€À°€À(ÄÄÔàÀ°€ÈÁ|Á|ØÀ°€À°€À°€À°€À°€À°€À°€À°€À(ÄÄÔàÄ°€ÈÁ|Á|ØÄ°€À°€À°€À°€À°€À°€À°€À°€À(ÄÄÔàÈ°€ÈÁ|Á|ØÈ°€À°€À°€À°€À°€À°€À°€À°€À(ÄÄÔàÌ°€ÈÁ|Á|ØÌ°€À°€À°€À°€À°€À°€À°€À°€À(ÄÄÔàÐ°€ÈÁ|Á|ØÐ°€À°€À°€À°€À°€À°€À°€À°€À(ÄÄÔàÔ°€ÈÁ|Á|ØÔ°€À°€À°€À°€À°€À°€À°€À°€À(ÄÄÔàØ°€ÈÁ|Á|ØØ°€À°€À°€À°€À°€À°€À°€À°€À(ÄÄÔàÜ°€ÈÁ|Á|ØÜ°€À°€À°€À°€À°€À°€À°€À°€À(ÄÄÔàà°€ÈÁ|Á|Øà°€À°€À°€À°€À°€À°€À°€À°€À(ÄÄÔàä°€ÈÁ|Á|Øä°€À°€À°€À°€À°€À°€À°€À°€À(ÄÄÔäÀ°€ÈÁ|Á|ÜÀ°€À°€À°€À°€À°€À°€À°€À°€À(ÄÄÔäÄ°€ÈÁ|Á|ÜÄ°€À°€À°€À°€À°€À°€À°€À°€À(ÄÄÔäÈ°€ÈÁ|Á|ÜÈ°€À°€À°€À°€À°€À°€À°€À°€À(ÄÄÔäÌ°€ÈÁ|Á|ÜÌ°€À°€À°€À°€À°€À°€À°€À°€À(ÄÄÔäÐ°€ÈÁ|Á|ÜÐ°€À°€À°€À°€À°€À°€À°€À°€À(ÄÄÔäÔ°€ÈÁ|Á|ÜÔ°€À°€À°€À°€À°€À°€À°€À°€À(ÄÄÔäØ°€ÈÁ|Á|ÜØ°€À°€À°€À°€À°€À°€À°€À°€À(ÄÄÔäÜ°€ÈÁ|Á|ÜÜ°€À°€À°€À°€À°€À°€À°€À°€À(ÄÄÔäà°€ÈÁ|Á|Üà°€À°€À°€À°€À°€À°€À°€À°€À(ÄÄÔää°€ÈÁ|Á|Üä°€À°€À°€À°€À°€À°€À°€À°€À(ÄÄØÀÀ°€ÈÁ|Á|àÀ°€À°€À°€À°€À°€À°€À°€À°€À(ÄÄØÀÄ°€ÈÁ|Á|àÄ°€À°€À°€À°€À°€À°€À°€À°€À(ÄÄØÀÈ°€ÈÁ|Á|àÈ°€À°€À°€À°€À°€À°€À°€À°€À(ÄÄØÀÌ°€ÈÁ|Á|àÌ°€À°€À°€À°€À°€À°€À°€À°€À(ÄÄØÀÐ°€ÈÁ|Á|àÐ°€À°€À°€À°€À°€À°€À°€À°€À(ÄÄØÀÔ°€ÈÁ|Á|àÔ°€À°€À°€À°€À°€À°€À°€À°€À(ÄÄØÀØ°€ÈÁ|Á|àØ°€À°€À°€À°€À°€À°€À°€À°€À(ÄÄØÀÜ°€ÈÁ|Á|àÜ°€À°€À°€À°€À°€À°€À°€À°€À(ÄÄØÀà°€ÈÁ|Á|àà°€À°€À°€À°€À°€À°€À°€À°€À(ÄÄØÀä°€ÈÁ|Á|àä°€À°€À°€À°€À°€À°€À°€À°€À(ÄÄØÄÀ°€ÈÁ|Á|äÀ°€À°€À°€À°€À°€À°€À°€À°€À(ÄÄØÄÄ°€ÈÁ|Á|äÄ°€À°€À°€À°€À°€À°€À°€À°€À(ÄÄØÄÈ°€ÈÁ|Á|äÈ°€À°€À°€À°€À°€À°€À°€À°€À(ÄÄØÄÌ°€ÈÁ|Á|äÌ°€À°€À°€À°€À°€À°€À°€À°€À(ÄÄØÄÐ°€ÈÁ|Á|äÐ°€À°€À°€À°€À°€À°€À°€À°€À(ÄÄØÄÔ°€ÈÁ|Á|äÔ°€À°€À°€À°€À°€À°€À°€À°€À(ÄÄØÄØ°€ÈÁ|Å|ÀÀ°€À°€À°€À°€À°€À°€À°€À°€À(ÄÄØÄÜ°€ÈÁ|Å|ÀÄ°€À°€À°€À°€À°€À°€À°€À°€À(ÄÄØÄà°€ÈÁ|Å|ÀÈ°€À°€À°€À°€À°€À°€À°€À°€À(ÄÄØÄä°€ÈÁ|Å|ÀÌ°€À°€À°€À°€À°€À°€À°€À°€À(ÄÄØÈÀ°€ÈÁ|Å|ÀÐ°€À°€À°€À°€À°€À°€À°€À°€À(ÄÄØÈÄ°€ÈÁ|Å|ÀÔ°€À°€À°€À°€À°€À°€À°€À°€À(ÄÄØÈÈ°€ÈÁ|Å|ÀØ°€À°€À°€À°€À°€À°€À°€À°€À(ÄÄØÈÌ°€ÈÁ|Å|ÀÜ°€À°€À°€À°€À°€À°€À°€À°€À(ÄÄØÈÐ°€ÈÁ|Å|Àà°€À°€À°€À°€À°€À°€À°€À°€À(ÄÄØÈÔ°€ÈÁ|Å|Àä°€À°€À°€À°€À°€À°€À°€À°€À(ÄÄØÈØ°€ÈÁ|Å|ÄÀ°€À°€À°€À°€À°€À°€À°€À°€À(ÄÄØÈÜ°€ÈÁ|Å|ÄÄ°€À°€À°€À°€À°€À°€À°€À°€À(ÄÄØÈà°€ÈÁ|Å|ÄÈ°€À°€À°€À°€À°€À°€À°€À°€À(ÄÄØÈä°€ÈÁ|Å|ÄÌ°€À°€À°€À°€À°€À°€À°€À°€À(ÄÄØÌÀ°€ÈÁ|Å|ÄÐ°€À°€À°€À°€À°€À°€À°€À°€À(ÄÄØÌÄ°€ÈÁ|Å|ÄÔ°€À°€À°€À°€À°€À°€À°€À°€À(ÄÄØÌÈ°€ÈÁ|Å|ÄØ°€À°€À°€À°€À°€À°€À°€À°€À(ÄÄØÌÌ°€ÈÁ|Å|ÄÜ°€À°€À°€À°€À°€À°€À°€À°€À(ÄÄØÌÐ°€ÈÁ|Å|Äà°€À°€À°€À°€À°€À°€À°€À°€À(ÄÄØÌÔ°€ÈÁ|Å|Ää°€À°€À°€À°€À°€À°€À°€À°€À(ÄÄØÌØ°€ÈÁ|Å|ÈÀ°€À°€À°€À°€À°€À°€À°€À°€À(ÄÄØÌÜ°€ÈÁ|Å|ÈÄ°€À°€À°€À°€À°€À°€À°€À°€À(ÄÄØÌà°€ÈÁ|Å|ÈÈ°€À°€À°€À°€À°€À°€À°€À°€À(ÄÄØÌä°€ÈÁ|Å|ÈÌ°€À°€À°€À°€À°€À°€À°€À°€À(ÄÄØÐÀ°€ÈÁ|Å|ÈÐ°€À°€À°€À°€À°€À°€À°€À°€À(ÄÄØÐÄ°€ÈÁ|Å|ÈÔ°€À°€À°€À°€À°€À°€À°€À°€À(ÄÄØÐÈ°€ÈÁ|Å|ÈØ°€À°€À°€À°€À°€À°€À°€À°€À(ÄÄØÐÌ°€ÈÁ|Å|ÈÜ°€À°€À°€À°€À°€À°€À°€À°€À(ÄÄØÐÐ°€ÈÁ|Å|Èà°€À°€À°€À°€À°€À°€À°€À°€À(ÄÄØÐÔ°€ÈÁ|Å|Èä°€À°€À°€À°€À°€À°€À°€À°€À(ÄÄØÐØ°€ÈÁ|Å|ÌÀ°€À°€À°€À°€À°€À°€À°€À°€À(ÄÄØÐÜ°€ÈÁ|Å|ÌÄ°€À°€À°€À°€À°€À°€À°€À°€À(ÄÄØÐà°€ÈÁ|Å|ÌÈ°€À°€À°€À°€À°€À°€À°€À°€À(ÄÄØÐä°€ÈÁ|Å|ÌÌ°€À°€À°€À°€À°€À°€À°€À°€À(ÄÄØÔÀ°€ÈÁ|Å|ÌÐ°€À°€À°€À°€À°€À°€À°€À°€À(ÄÄØÔÄ°€ÈÁ|Å|ÌÔ°€À°€À°€À°€À°€À°€À°€À°€À(ÄÄØÔÈ°€ÈÁ|Å|ÌØ°€À°€À°€À°€À°€À°€À°€À°€À(ÄÄØÔÌ°€ÈÁ|Å|ÌÜ°€À°€À°€À°€À°€À°€À°€À°€À(ÄÄØÔÐ°€ÈÁ|Å|Ìà°€À°€À°€À°€À°€À°€À°€À°€À(ÄÄØÔÔ°€ÈÁ|Å|Ìä°€À°€À°€À°€À°€À°€À°€À°€À(ÄÄØÔØ°€ÈÁ|Å|ÐÀ°€À°€À°€À°€À°€À°€À°€À°€À(ÄÄØÔÜ°€ÈÁ|Å|ÐÄ°€À°€À°€À°€À°€À°€À°€À°€À(ÄÄØÔà°€ÈÁ|Å|ÐÈ°€À°€À°€À°€À°€À°€À°€À°€À(ÄÄØÔä°€ÈÁ|Å|ÐÌ°€À°€À°€À°€À°€À°€À°€À°€À(ÄÄØØÀ°€ÈÁ|Å|ÐÐ°€À°€À°€À°€À°€À°€À°€À°€À(ÄÄØØÄ°€ÈÁ|Å|ÐÔ°€À°€À°€À°€À°€À°€À°€À°€À(ÄÄØØÈ°€ÈÁ|Å|ÐØ°€À°€À°€À°€À°€À°€À°€À°€À(ÄÄØØÌ°€ÈÁ|Å|ÐÜ°€À°€À°€À°€À°€À°€À°€À°€À(ÄÄØØÐ°€ÈÁ|Å|Ðà°€À°€À°€À°€À°€À°€À°€À°€À(ÄÄØØÔ°€ÈÁ|Å|Ðä°€À°€À°€À°€À°€À°€À°€À°€À(ÄÄØØØ°€ÈÁ|Å|ÔÀ°€À°€À°€À°€À°€À°€À°€À°€À(ÄÄØØÜ°€ÈÁ|Å|ÔÄ°€À°€À°€À°€À°€À°€À°€À°€À(ÄÄØØà°€ÈÁ|Å|ÔÈ°€À°€À°€À°€À°€À°€À°€À°€À(ÄÄØØä°€ÈÁ|Å|ÔÌ°€À°€À°€À°€À°€À°€À°€À°€À(ÄÄØÜÀ°€ÈÁ|Å|ÔÐ°€À°€À°€À°€À°€À°€À°€À°€À(ÄÄØÜÄ°€ÈÁ|Å|ÔÔ°€À°€À°€À°€À°€À°€À°€À°€À(ÄÄØÜÈ°€ÈÁ|Å|ÔØ°€À°€À°€À°€À°€À°€À°€À°€À(ÄÄØÜÌ°€ÈÁ|Å|ÔÜ°€À°€À°€À°€À°€À°€À°€À°€À(ÄÄØÜÐ°€ÈÁ|Å|Ôà°€À°€À°€À°€À°€À°€À°€À°€À(ÄÄØÜÔ°€ÈÁ|Å|Ôä°€À°€À°€À°€À°€À°€À°€À°€À(ÄÄØÜØ°€ÈÁ|Å|ØÀ°€À°€À°€À°€À°€À°€À°€À°€À(ÄÄØÜÜ°€ÈÁ|Å|ØÄ°€À°€À°€À°€À°€À°€À°€À°€À(ÄÄØÜà°€ÈÁ|Å|ØÈ°€À°€À°€À°€À°€À°€À°€À°€À(ÄÄØÜä°€ÈÁ|Å|ØÌ°€À°€À°€À°€À°€À°€À°€À°€À(ÄÄØàÀ°€ÈÁ|Å|ØÐ°€À°€À°€À°€À°€À°€À°€À°€À(ÄÄØàÄ°€ÈÁ|Å|ØÔ°€À°€À°€À°€À°€À°€À°€À°€À(ÄÄØàÈ°€ÈÁ|Å|ØØ°€À°€À°€À°€À°€À°€À°€À°€À(ÄÄØàÌ°€ÈÁ|Å|ØÜ°€À°€À°€À°€À°€À°€À°€À°€À(ÄÄØàÐ°€ÈÁ|Å|Øà°€À°€À°€À°€À°€À°€À°€À°€À(ÄÄØàÔ°€ÈÁ|Å|Øä°€À°€À°€À°€À°€À°€À°€À°€À(ÄÄØàØ°€ÈÁ|Å|ÜÀ°€À°€À°€À°€À°€À°€À°€À°€À(ÄÄØàÜ°€ÈÁ|Å|ÜÄ°€À°€À°€À°€À°€À°€À°€À°€À(ÄÄØàà°€ÈÁ|Å|ÜÈ°€À°€À°€À°€À°€À°€À°€À°€À(ÄÄØàä°€ÈÁ|Å|ÜÌ°€À°€À°€À°€À°€À°€À°€À°€À(ÄÄØäÀ°€ÈÁ|Å|ÜÐ°€À°€À°€À°€À°€À°€À°€À°€À(ÄÄØäÄ°€ÈÁ|Å|ÜÔ°€À°€À°€À°€À°€À°€À°€À°€À(ÄÄØäÈ°€ÈÁ|Å|ÜØ°€À°€À°€À°€À°€À°€À°€À°€À(ÄÄØäÌ°€ÈÁ|Å|ÜÜ°€À°€À°€À°€À°€À°€À°€À°€À(ÄÄØäÐ°€ÈÁ|Å|Üà°€À°€À°€À°€À°€À°€À°€À°€À(ÄÄØäÔ°€ÈÁ|Å|Üä°€À°€À°€À°€À°€À°€À°€À°€À(ÄÄØäØ°€ÈÁ|Å|àÀ°€À°€À°€À°€À°€À°€À°€À°€À(ÄÄØäÜ°€ÈÁ|Å|àÄ°€À°€À°€À°€À°€À°€À°€À°€À(ÄÄØäà°€ÈÁ|Å|àÈ°€À°€À°€À°€À°€À°€À°€À°€À(ÄÄØää°€ÈÁ|Å|àÌ°€À°€À°€À°€À°€À°€À°€À°€À(ÄÄÜÀÀ°€ÈÁ|Å|àÐ°€À°€À°€À°€À°€À°€À°€À°€À(ÄÄÜÀÄ°€ÈÁ|Å|àÔ°€À°€À°€À°€À°€À°€À°€À°€À(ÄÄÜÀÈ°€ÈÁ|Å|àØ°€À°€À°€À°€À°€À°€À°€À°€À(ÄÄÜÀÌ°€ÈÁ|Å|àÜ°€À°€À°€À°€À°€À°€À°€À°€À(ÄÄÜÀÐ°€ÈÁ|Å|àà°€À°€À°€À°€À°€À°€À°€À°€À(ÄÄÜÀÔ°€ÈÁ|Å|àä°€À°€À°€À°€À°€À°€À°€À°€À(ÄÄÜÀØ°€ÈÁ|Å|äÀ°€À°€À°€À°€À°€À°€À°€À°€À(ÄÄÜÀÜ°€ÈÁ|Å|äÄ°€À°€À°€À°€À°€À°€À°€À°€À(ÄÄÜÀà°€ÈÁ|Å|äÈ°€À°€À°€À°€À°€À°€À°€À°€À(ÄÄÜÀä°€ÈÁ|Å|äÌ°€À°€À°€À°€À°€À°€À°€À°€À(ÄÄÜÄÀ°€ÈÁ|Å|äÐ°€À°€À°€À°€À°€À°€À°€À°€À(ÄÄÜÄÄ°€ÈÁ|Å|äÔ°€À°€À°€À°€À°€À°€À°€À°€À(ÄÄÜÄÈ°€ÈÁ|É|ÀÀ°€À°€À°€À°€À°€À°€À°€À°€À(ÄÄÜÄÌ°€ÈÁ|É|ÀÄ°€À°€À°€À°€À°€À°€À°€À°€À(ÄÄÜÄÐ°€ÈÁ|É|ÀÈ°€À°€À°€À°€À°€À°€À°€À°€À(ÄÄÜÄÔ°€ÈÁ|É|ÀÌ°€À°€À°€À°€À°€À°€À°€À°€À(ÄÄÜÄØ°€ÈÁ|É|ÀÐ°€À°€À°€À°€À°€À°€À°€À°€À(ÄÄÜÄÜ°€ÈÁ|É|ÀÔ°€À°€À°€À°€À°€À°€À°€À°€À(ÄÄÜÄà°€ÈÁ|É|ÀØ°€À°€À°€À°€À°€À°€À°€À°€À(ÄÄÜÄä°€ÈÁ|É|ÀÜ°€À°€À°€À°€À°€À°€À°€À°€À(ÄÄÜÈÀ°€ÈÁ|É|Àà°€À°€À°€À°€À°€À°€À°€À°€À(ÄÄÜÈÄ°€ÈÁ|É|Àä°€À°€À°€À°€À°€À°€À°€À°€À(ÄÄÜÈÈ°€ÈÁ|É|ÄÀ°€À°€À°€À°€À°€À°€À°€À°€À(ÄÄÜÈÌ°€ÈÁ|É|ÄÄ°€À°€À°€À°€À°€À°€À°€À°€À(ÄÄÜÈÐ°€ÈÁ|É|ÄÈ°€À°€À°€À°€À°€À°€À°€À°€À(ÄÄÜÈÔ°€ÈÁ|É|ÄÌ°€À°€À°€À°€À°€À°€À°€À°€À(ÄÄÜÈØ°€ÈÁ|É|ÄÐ°€À°€À°€À°€À°€À°€À°€À°€À(ÄÄÜÈÜ°€ÈÁ|É|ÄÔ°€À°€À°€À°€À°€À°€À°€À°€À(ÄÄÜÈà°€ÈÁ|É|ÄØ°€À°€À°€À°€À°€À°€À°€À°€À(ÄÄÜÈä°€ÈÁ|É|ÄÜ°€À°€À°€À°€À°€À°€À°€À°€À(ÄÄÜÌÀ°€ÈÁ|É|Äà°€À°€À°€À°€À°€À°€À°€À°€À(ÄÄÜÌÄ°€ÈÁ|É|Ää°€À°€À°€À°€À°€À°€À°€À°€À(ÄÄÜÌÈ°€ÈÁ|É|ÈÀ°€À°€À°€À°€À°€À°€À°€À°€À(ÄÄÜÌÌ°€ÈÁ|É|ÈÄ°€À°€À°€À°€À°€À°€À°€À°€À(ÄÄÜÌÐ°€ÈÁ|É|ÈÈ°€À°€À°€À°€À°€À°€À°€À°€À(ÄÄÜÌÔ°€ÈÁ|É|ÈÌ°€À°€À°€À°€À°€À°€À°€À°€À(ÄÄÜÌØ°€ÈÁ|É|ÈÐ°€À°€À°€À°€À°€À°€À°€À°€À(ÄÄÜÌÜ°€ÈÁ|É|ÈÔ°€À°€À°€À°€À°€À°€À°€À°€À(ÄÄÜÌà°€ÈÁ|É|ÈØ°€À°€À°€À°€À°€À°€À°€À°€À(ÄÄÜÌä°€ÈÁ|É|ÈÜ°€À°€À°€À°€À°€À°€À°€À°€À(ÄÄÜÐÀ°€ÈÁ|É|Èà°€À°€À°€À°€À°€À°€À°€À°€À(ÄÄÜÐÄ°€ÈÁ|É|Èä°€À°€À°€À°€À°€À°€À°€À°€À(ÄÄÜÐÈ°€ÈÁ|É|ÌÀ°€À°€À°€À°€À°€À°€À°€À°€À(ÄÄÜÐÌ°€ÈÁ|É|ÌÄ°€À°€À°€À°€À°€À°€À°€À°€À(ÄÄÜÐÐ°€ÈÁ|É|ÌÈ°€À°€À°€À°€À°€À°€À°€À°€À(ÄÄÜÐÔ°€ÈÁ|É|ÌÌ°€À°€À°€À°€À°€À°€À°€À°€À(ÄÄÜÐØ°€ÈÁ|É|ÌÐ°€À°€À°€À°€À°€À°€À°€À°€À(ÄÄÜÐÜ°€ÈÁ|É|ÌÔ°€À°€À°€À°€À°€À°€À°€À°€À(ÄÄÜÐà°€ÈÁ|É|ÌØ°€À°€À°€À°€À°€À°€À°€À°€À(ÄÄÜÐä°€ÈÁ|É|ÌÜ°€À°€À°€À°€À°€À°€À°€À°€À(ÄÄÜÔÀ°€ÈÁ|É|Ìà°€À°€À°€À°€À°€À°€À°€À°€À(ÄÄÜÔÄ°€ÈÁ|É|Ìä°€À°€À°€À°€À°€À°€À°€À°€À(ÄÄÜÔÈ°€ÈÁ|É|ÐÀ°€À°€À°€À°€À°€À°€À°€À°€À(ÄÄÜÔÌ°€ÈÁ|É|ÐÄ°€À°€À°€À°€À°€À°€À°€À°€À(ÄÄÜÔÐ°€ÈÁ|É|ÐÈ°€À°€À°€À°€À°€À°€À°€À°€À(ÄÄÜÔÔ°€ÈÁ|É|ÐÌ°€À°€À°€À°€À°€À°€À°€À°€À(ÄÄÜÔØ°€ÈÁ|É|ÐÐ°€À°€À°€À°€À°€À°€À°€À°€À(ÄÄÜÔÜ°€ÈÁ|É|ÐÔ°€À°€À°€À°€À°€À°€À°€À°€À(ÄÄÜÔà°€ÈÁ|É|ÐØ°€À°€À°€À°€À°€À°€À°€À°€À(ÄÄÜÔä°€ÈÁ|É|ÐÜ°€À°€À°€À°€À°€À°€À°€À°€À(ÄÄÜØÀ°€ÈÁ|É|Ðà°€À°€À°€À°€À°€À°€À°€À°€À(ÄÄÜØÄ°€ÈÁ|É|Ðä°€À°€À°€À°€À°€À°€À°€À°€À(ÄÄÜØÈ°€ÈÁ|É|ÔÀ°€À°€À°€À°€À°€À°€À°€À°€À(ÄÄÜØÌ°€ÈÁ|É|ÔÄ°€À°€À°€À°€À°€À°€À°€À°€À(ÄÄÜØÐ°€ÈÁ|É|ÔÈ°€À°€À°€À°€À°€À°€À°€À°€À(ÄÄÜØÔ°€ÈÁ|É|ÔÌ°€À°€À°€À°€À°€À°€À°€À°€À(ÄÄÜØØ°€ÈÁ|É|ÔÐ°€À°€À°€À°€À°€À°€À°€À°€À(ÄÄÜØÜ°€ÈÁ|É|ÔÔ°€À°€À°€À°€À°€À°€À°€À°€À(ÄÄÜØà°€ÈÁ|É|ÔØ°€À°€À°€À°€À°€À°€À°€À°€À(ÄÄÜØä°€ÈÁ|É|ÔÜ°€À°€À°€À°€À°€À°€À°€À°€À(ÄÄÜÜÀ°€ÈÁ|É|Ôà°€À°€À°€À°€À°€À°€À°€À°€À(ÄÄÜÜÄ°€ÈÁ|É|Ôä°€À°€À°€À°€À°€À°€À°€À°€À(ÄÄÜÜÈ°€ÈÁ|É|ØÀ°€À°€À°€À°€À°€À°€À°€À°€À(ÄÄÜÜÌ°€ÈÁ|É|ØÄ°€À°€À°€À°€À°€À°€À°€À°€À(ÄÄÜÜÐ°€ÈÁ|É|ØÈ°€À°€À°€À°€À°€À°€À°€À°€À(ÄÄÜÜÔ°€ÈÁ|É|ØÌ°€À°€À°€À°€À°€À°€À°€À°€À(ÄÄÜÜØ°€ÈÁ|É|ØÐ°€À°€À°€À°€À°€À°€À°€À°€À(ÄÄÜÜÜ°€ÈÁ|É|ØÔ°€À°€À°€À°€À°€À°€À°€À°€À(ÄÄÜÜà°€ÈÁ|É|ØØ°€À°€À°€À°€À°€À°€À°€À°€À(ÄÄÜÜä°€ÈÁ|É|ØÜ°€À°€À°€À°€À°€À°€À°€À°€À(ÄÄÜàÀ°€ÈÁ|É|Øà°€À°€À°€À°€À°€À°€À°€À°€À(ÄÄÜàÄ°€ÈÁ|É|Øä°€À°€À°€À°€À°€À°€À°€À°€À(ÄÄÜàÈ°€ÈÁ|É|ÜÀ°€À°€À°€À°€À°€À°€À°€À°€À(ÄÄÜàÌ°€ÈÁ|É|ÜÄ°€À°€À°€À°€À°€À°€À°€À°€À(ÄÄÜàÐ°€ÈÁ|É|ÜÈ°€À°€À°€À°€À°€À°€À°€À°€À(ÄÄÜàÔ°€ÈÁ|É|ÜÌ°€À°€À°€À°€À°€À°€À°€À°€À(ÄÄÜàØ°€ÈÁ|É|ÜÐ°€À°€À°€À°€À°€À°€À°€À°€À(ÄÄÜàÜ°€ÈÁ|É|ÜÔ°€À°€À°€À°€À°€À°€À°€À°€À(ÄÄÜàà°€ÈÁ|É|ÜØ°€À°€À°€À°€À°€À°€À°€À°€À(ÄÄÜàä°€ÈÁ|É|ÜÜ°€À°€À°€À°€À°€À°€À°€À°€À(ÄÄÜäÀ°€ÈÁ|É|Üà°€À°€À°€À°€À°€À°€À°€À°€À(ÄÄÜäÄ°€ÈÁ|É|Üä°€À°€À°€À°€À°€À°€À°€À°€À(ÄÄÜäÈ°€ÈÁ|É|àÀ°€À°€À°€À°€À°€À°€À°€À°€À(ÄÄÜäÌ°€ÈÁ|É|àÄ°€À°€À°€À°€À°€À°€À°€À°€À(ÄÄÜäÐ°€ÈÁ|É|àÈ°€À°€À°€À°€À°€À°€À°€À°€À(ÄÄÜäÔ°€ÈÁ|É|àÌ°€À°€À°€À°€À°€À°€À°€À°€À(ÄÄÜäØ°€ÈÁ|É|àÐ°€À°€À°€À°€À°€À°€À°€À°€À(ÄÄÜäÜ°€ÈÁ|É|àÔ°€À°€À°€À°€À°€À°€À°€À°€À(ÄÄÜäà°€ÈÁ|É|àØ°€À°€À°€À°€À°€À°€À°€À°€À(ÄÄÜää°€ÈÁ|É|àÜ°€À°€À°€À°€À°€À°€À°€À°€À(ÄÄàÀÀ°€ÈÁ|É|àà°€À°€À°€À°€À°€À°€À°€À°€À(ÄÄàÀÄ°€ÈÁ|É|àä°€À°€À°€À°€À°€À°€À°€À°€À(ÄÄàÀÈ°€ÈÁ|É|äÀ°€À°€À°€À°€À°€À°€À°€À°€À(ÄÄàÀÌ°€ÈÁ|É|äÄ°€À°€À°€À°€À°€À°€À°€À°€À(ÄÄàÀÐ°€ÈÁ|É|äÈ°€À°€À°€À°€À°€À°€À°€À°€À(ÄÄàÀÔ°€ÈÁ|É|äÌ°€À°€À°€À°€À°€À°€À°€À°€À(ÄÄàÀØ°€ÈÁ|É|äÐ°€À°€À°€À°€À°€À°€À°€À°€À(ÄÄàÀÜ°€ÈÁ|É|äÔ°€À°€À°€À°€À°€À°€À°€À°€À(ÄÄàÀà°€ÈÁ|Í|ÀÀ°€À°€À°€À°€À°€À°€À°€À°€À(ÄÄàÀä°€ÈÁ|Í|ÀÄ°€À°€À°€À°€À°€À°€À°€À°€À(ÄÄàÄÀ°€ÈÁ|Í|ÀÈ°€À°€À°€À°€À°€À°€À°€À°€À(ÄÄàÄÄ°€ÈÁ|Í|ÀÌ°€À°€À°€À°€À°€À°€À°€À°€À(ÄÄàÄÈ°€ÈÁ|Í|ÀÐ°€À°€À°€À°€À°€À°€À°€À°€À(ÄÄàÄÌ°€ÈÁ|Í|ÀÔ°€À°€À°€À°€À°€À°€À°€À°€À(ÄÄàÄÐ°€ÈÁ|Í|ÀØ°€À°€À°€À°€À°€À°€À°€À°€À(ÄÄàÄÔ°€ÈÁ|Í|ÀÜ°€À°€À°€À°€À°€À°€À°€À°€À(ÄÄàÄØ°€ÈÁ|Í|Àà°€À°€À°€À°€À°€À°€À°€À°€À(ÄÄàÄÜ°€ÈÁ|Í|Àä°€À°€À°€À°€À°€À°€À°€À°€À(ÄÄàÄà°€ÈÁ|Í|ÄÀ°€À°€À°€À°€À°€À°€À°€À°€À(ÄÄàÄä°€ÈÁ|Í|ÄÄ°€À°€À°€À°€À°€À°€À°€À°€À(ÄÄàÈÀ°€ÈÁ|Í|ÄÈ°€À°€À°€À°€À°€À°€À°€À°€À(ÄÄàÈÄ°€ÈÁ|Í|ÄÌ°€À°€À°€À°€À°€À°€À°€À°€À(ÄÄàÈÈ°€ÈÁ|Í|ÄÐ°€À°€À°€À°€À°€À°€À°€À°€À(ÄÄàÈÌ°€ÈÁ|Í|ÄÔ°€À°€À°€À°€À°€À°€À°€À°€À(ÄÄàÈÐ°€ÈÁ|Í|ÄØ°€À°€À°€À°€À°€À°€À°€À°€À(ÄÄàÈÔ°€ÈÁ|Í|ÄÜ°€À°€À°€À°€À°€À°€À°€À°€À(ÄÄàÈØ°€ÈÁ|Í|Äà°€À°€À°€À°€À°€À°€À°€À°€À(ÄÄàÈÜ°€ÈÁ|Í|Ää°€À°€À°€À°€À°€À°€À°€À°€À(ÄÄàÈà°€ÈÁ|Í|ÈÀ°€À°€À°€À°€À°€À°€À°€À°€À(ÄÄàÈä°€ÈÁ|Í|ÈÄ°€À°€À°€À°€À°€À°€À°€À°€À(ÄÄàÌÀ°€ÈÁ|Í|ÈÈ°€À°€À°€À°€À°€À°€À°€À°€À(ÄÄàÌÄ°€ÈÁ|Í|ÈÌ°€À°€À°€À°€À°€À°€À°€À°€À(ÄÄàÌÈ°€ÈÁ|Í|ÈÐ°€À°€À°€À°€À°€À°€À°€À°€À(ÄÄàÌÌ°€ÈÁ|Í|ÈÔ°€À°€À°€À°€À°€À°€À°€À°€À(ÄÄàÌÐ°€ÈÁ|Í|ÈØ°€À°€À°€À°€À°€À°€À°€À°€À(ÄÄàÌÔ°€ÈÁ|Í|ÈÜ°€À°€À°€À°€À°€À°€À°€À°€À(ÄÄàÌØ°€ÈÁ|Í|Èà°€À°€À°€À°€À°€À°€À°€À°€À(ÄÄàÌÜ°€ÈÁ|Í|Èä°€À°€À°€À°€À°€À°€À°€À°€À(ÄÄàÌà°€ÈÁ|Í|ÌÀ°€À°€À°€À°€À°€À°€À°€À°€À(ÄÄàÌä°€ÈÁ|Í|ÌÄ°€À°€À°€À°€À°€À°€À°€À°€À(ÄÄàÐÀ°€ÈÁ|Í|ÌÈ°€À°€À°€À°€À°€À°€À°€À°€À(ÄÄàÐÄ°€ÈÁ|Í|ÌÌ°€À°€À°€À°€À°€À°€À°€À°€À(ÄÄàÐÈ°€ÈÁ|Í|ÌÐ°€À°€À°€À°€À°€À°€À°€À°€À(ÄÄàÐÌ°€ÈÁ|Í|ÌÔ°€À°€À°€À°€À°€À°€À°€À°€À(ÄÄàÐÐ°€ÈÁ|Í|ÌØ°€À°€À°€À°€À°€À°€À°€À°€À(ÄÄàÐÔ°€ÈÁ|Í|ÌÜ°€À°€À°€À°€À°€À°€À°€À°€À(ÄÄàÐØ°€ÈÁ|Í|Ìà°€À°€À°€À°€À°€À°€À°€À°€À(ÄÄàÐÜ°€ÈÁ|Í|Ìä°€À°€À°€À°€À°€À°€À°€À°€À(ÄÄàÐà°€ÈÁ|Í|ÐÀ°€À°€À°€À°€À°€À°€À°€À°€À(ÄÄàÐä°€ÈÁ|Í|ÐÄ°€À°€À°€À°€À°€À°€À°€À°€À(ÄÄàÔÀ°€ÈÁ|Í|ÐÈ°€À°€À°€À°€À°€À°€À°€À°€À(ÄÄàÔÄ°€ÈÁ|Í|ÐÌ°€À°€À°€À°€À°€À°€À°€À°€À(ÄÄàÔÈ°€ÈÁ|Í|ÐÐ°€À°€À°€À°€À°€À°€À°€À°€À(ÄÄàÔÌ°€ÈÁ|Í|ÐÔ°€À°€À°€À°€À°€À°€À°€À°€À(ÄÄàÔÐ°€ÈÁ|Í|ÐØ°€À°€À°€À°€À°€À°€À°€À°€À(ÄÄàÔÔ°€ÈÁ|Í|ÐÜ°€À°€À°€À°€À°€À°€À°€À°€À(ÄÄàÔØ°€ÈÁ|Í|Ðà°€À°€À°€À°€À°€À°€À°€À°€À(ÄÄàÔÜ°€ÈÁ|Í|Ðä°€À°€À°€À°€À°€À°€À°€À°€À(ÄÄàÔà°€ÈÁ|Í|ÔÀ°€À°€À°€À°€À°€À°€À°€À°€À(ÄÄàÔä°€ÈÁ|Í|ÔÄ°€À°€À°€À°€À°€À°€À°€À°€À(ÄÄàØÀ°€ÈÁ|Í|ÔÈ°€À°€À°€À°€À°€À°€À°€À°€À(ÄÄàØÄ°€ÈÁ|Í|ÔÌ°€À°€À°€À°€À°€À°€À°€À°€À(ÄÄàØÈ°€ÈÁ|Í|ÔÐ°€À°€À°€À°€À°€À°€À°€À°€À(ÄÄàØÌ°€ÈÁ|Í|ÔÔ°€À°€À°€À°€À°€À°€À°€À°€À(ÄÄàØÐ°€ÈÁ|Í|ÔØ°€À°€À°€À°€À°€À°€À°€À°€À(ÄÄàØÔ°€ÈÁ|Í|ÔÜ°€À°€À°€À°€À°€À°€À°€À°€À(ÄÄàØØ°€ÈÁ|Í|Ôà°€À°€À°€À°€À°€À°€À°€À°€À(ÄÄàØÜ°€ÈÁ|Í|Ôä°€À°€À°€À°€À°€À°€À°€À°€À(ÄÄàØà°€ÈÁ|Í|ØÀ°€À°€À°€À°€À°€À°€À°€À°€À(ÄÄàØä°€ÈÁ|Í|ØÄ°€À°€À°€À°€À°€À°€À°€À°€À(ÄÄàÜÀ°€ÈÁ|Í|ØÈ°€À°€À°€À°€À°€À°€À°€À°€À(ÄÄàÜÄ°€ÈÁ|Í|ØÌ°€À°€À°€À°€À°€À°€À°€À°€À(ÄÄàÜÈ°€ÈÁ|Í|ØÐ°€À°€À°€À°€À°€À°€À°€À°€À(ÄÄàÜÌ°€ÈÁ|Í|ØÔ°€À°€À°€À°€À°€À°€À°€À°€À(ÄÄàÜÐ°€ÈÁ|Í|ØØ°€À°€À°€À°€À°€À°€À°€À°€À(ÄÄàÜÔ°€ÈÁ|Í|ØÜ°€À°€À°€À°€À°€À°€À°€À°€À(ÄÄàÜØ°€ÈÁ|Í|Øà°€À°€À°€À°€À°€À°€À°€À°€À(ÄÄàÜÜ°€ÈÁ|Í|Øä°€À°€À°€À°€À°€À°€À°€À°€À(ÄÄàÜà°€ÈÁ|Í|ÜÀ°€À°€À°€À°€À°€À°€À°€À°€À(ÄÄàÜä°€ÈÁ|Í|ÜÄ°€À°€À°€À°€À°€À°€À°€À°€À(ÄÄààÀ°€ÈÁ|Í|ÜÈ°€À°€À°€À°€À°€À°€À°€À°€À(ÄÄààÄ°€ÈÁ|Í|ÜÌ°€À°€À°€À°€À°€À°€À°€À°€À(ÄÄààÈ°€ÈÁ|Í|ÜÐ°€À°€À°€À°€À°€À°€À°€À°€À(ÄÄààÌ°€ÈÁ|Í|ÜÔ°€À°€À°€À°€À°€À°€À°€À°€À(ÄÄààÐ°€ÈÁ|Í|ÜØ°€À°€À°€À°€À°€À°€À°€À°€À(ÄÄààÔ°€ÈÁ|Í|ÜÜ°€À°€À°€À°€À°€À°€À°€À°€À(ÄÄààØ°€ÈÁ|Í|Üà°€À°€À°€À°€À°€À°€À°€À°€À(ÄÄààÜ°€ÈÁ|Í|Üä°€À°€À°€À°€À°€À°€À°€À°€À(ÄÄààà°€ÈÁ|Í|àÀ°€À°€À°€À°€À°€À°€À°€À°€À(ÄÄààä°€ÈÁ|Í|àÄ°€À°€À°€À°€À°€À°€À°€À°€À(ÄÄàäÀ°€ÈÁ|Í|àÈ°€À°€À°€À°€À°€À°€À°€À°€À(ÄÄàäÄ°€ÈÁ|Í|àÌ°€À°€À°€À°€À°€À°€À°€À°€À(ÄÄàäÈ°€ÈÁ|Í|àÐ°€À°€À°€À°€À°€À°€À°€À°€À(ÄÄàäÌ°€ÈÁ|Í|àÔ°€À°€À°€À°€À°€À°€À°€À°€À(ÄÄàäÐ°€ÈÁ|Í|àØ°€À°€À°€À°€À°€À°€À°€À°€À(ÄÄàäÔ°€ÈÁ|Í|àÜ°€À°€À°€À°€À°€À°€À°€À°€À(ÄÄàäØ°€ÈÁ|Í|àà°€À°€À°€À°€À°€À°€À°€À°€À(ÄÄàäÜ°€ÈÁ|Í|àä°€À°€À°€À°€À°€À°€À°€À°€À(ÄÄàäà°€ÈÁ|Í|äÀ°€À°€À°€À°€À°€À°€À°€À°€À(ÄÄàää°€ÈÁ|Í|äÄ°€À°€À°€À°€À°€À°€À°€À°€À(ÄÄäÀÀ°€ÈÁ|Í|äÈ°€À°€À°€À°€À°€À°€À°€À°€À(ÄÄäÀÄ°€ÈÁ|Í|äÌ°€À°€À°€À°€À°€À°€À°€À°€À(ÄÄäÀÈ°€ÈÁ|Í|äÐ°€À°€À°€À°€À°€À°€À°€À°€À(ÄÄäÀÌ°€ÈÁ|Í|äÔ°€À°€À°€À°€À°€À°€À°€À°€À(ÄÄäÀÐ°€ÈÁ|Ñ|ÀÀ°€À°€À°€À°€À°€À°€À°€À°€À(ÄÄäÀÔ°€ÈÁ|Ñ|ÀÄ°€À°€À°€À°€À°€À°€À°€À°€À(ÄÄäÀØ°€ÈÁ|Ñ|ÀÈ°€À°€À°€À°€À°€À°€À°€À°€À(ÄÄäÀÜ°€ÈÁ|Ñ|ÀÌ°€À°€À°€À°€À°€À°€À°€À°€À(ÄÄäÀà°€ÈÁ|Ñ|ÀÐ°€À°€À°€À°€À°€À°€À°€À°€À(ÄÄäÀä°€ÈÁ|Ñ|ÀÔ°€À°€À°€À°€À°€À°€À°€À°€À(ÄÄäÄÀ°€ÈÁ|Ñ|ÀØ°€À°€À°€À°€À°€À°€À°€À°€À(ÄÄäÄÄ°€ÈÁ|Ñ|ÀÜ°€À°€À°€À°€À°€À°€À°€À°€À(ÄÄäÄÈ°€ÈÁ|Ñ|Àà°€À°€À°€À°€À°€À°€À°€À°€À(ÄÄäÄÌ°€ÈÁ|Ñ|Àä°€À°€À°€À°€À°€À°€À°€À°€À(ÄÄäÄÐ°€ÈÁ|Ñ|ÄÀ°€À°€À°€À°€À°€À°€À°€À°€À(ÄÄäÄÔ°€ÈÁ|Ñ|ÄÄ°€À°€À°€À°€À°€À°€À°€À°€À(ÄÄäÄØ°€ÈÁ|Ñ|ÄÈ°€À°€À°€À°€À°€À°€À°€À°€À(ÄÄäÄÜ°€ÈÁ|Ñ|ÄÌ°€À°€À°€À°€À°€À°€À°€À°€À(ÄÄäÄà°€ÈÁ|Ñ|ÄÐ°€À°€À°€À°€À°€À°€À°€À°€À(ÄÄäÄä°€ÈÁ|Ñ|ÄÔ°€À°€À°€À°€À°€À°€À°€À°€À(ÄÄäÈÀ°€ÈÁ|Ñ|ÄØ°€À°€À°€À°€À°€À°€À°€À°€À(ÄÄäÈÄ°€ÈÁ|Ñ|ÄÜ°€À°€À°€À°€À°€À°€À°€À°€À(ÄÄäÈÈ°€ÈÁ|Ñ|Äà°€À°€À°€À°€À°€À°€À°€À°€À(ÄÄäÈÌ°€ÈÁ|Ñ|Ää°€À°€À°€À°€À°€À°€À°€À°€À(ÄÄäÈÐ°€ÈÁ|Ñ|ÈÀ°€À°€À°€À°€À°€À°€À°€À°€À(ÄÄäÈÔ°€ÈÁ|Ñ|ÈÄ°€À°€À°€À°€À°€À°€À°€À°€À(ÄÄäÈØ°€ÈÁ|Ñ|ÈÈ°€À°€À°€À°€À°€À°€À°€À°€À(ÄÄäÈÜ°€ÈÁ|Ñ|ÈÌ°€À°€À°€À°€À°€À°€À°€À°€À(ÄÄäÈà°€ÈÁ|Ñ|ÈÐ°€À°€À°€À°€À°€À°€À°€À°€À(ÄÄäÈä°€ÈÁ|Ñ|ÈÔ°€À°€À°€À°€À°€À°€À°€À°€À(ÄÄäÌÀ°€ÈÁ|Ñ|ÈØ°€À°€À°€À°€À°€À°€À°€À°€À(ÄÄäÌÄ°€ÈÁ|Ñ|ÈÜ°€À°€À°€À°€À°€À°€À°€À°€À(ÄÄäÌÈ°€ÈÁ|Ñ|Èà°€À°€À°€À°€À°€À°€À°€À°€À(ÄÄäÌÌ°€ÈÁ|Ñ|Èä°€À°€À°€À°€À°€À°€À°€À°€À(ÄÄäÌÐ°€ÈÁ|Ñ|ÌÀ°€À°€À°€À°€À°€À°€À°€À°€À(ÄÄäÌÔ°€ÈÁ|Ñ|ÌÄ°€À°€À°€À°€À°€À°€À°€À°€À(ÄÄäÌØ°€ÈÁ|Ñ|ÌÈ°€À°€À°€À°€À°€À°€À°€À°€À(ÄÄäÌÜ°€ÈÁ|Ñ|ÌÌ°€À°€À°€À°€À°€À°€À°€À°€À(ÄÄäÌà°€ÈÁ|Ñ|ÌÐ°€À°€À°€À°€À°€À°€À°€À°€À(ÄÄäÌä°€ÈÁ|Ñ|ÌÔ°€À°€À°€À°€À°€À°€À°€À°€À(ÄÄäÐÀ°€ÈÁ|Ñ|ÌØ°€À°€À°€À°€À°€À°€À°€À°€À(ÄÄäÐÄ°€ÈÁ|Ñ|ÌÜ°€À°€À°€À°€À°€À°€À°€À°€À(ÄÄäÐÈ°€ÈÁ|Ñ|Ìà°€À°€À°€À°€À°€À°€À°€À°€À(ÄÄäÐÌ°€ÈÁ|Ñ|Ìä°€À°€À°€À°€À°€À°€À°€À°€À(ÄÄäÐÐ°€ÈÁ|Ñ|ÐÀ°€À°€À°€À°€À°€À°€À°€À°€À(ÄÄäÐÔ°€ÈÁ|Ñ|ÐÄ°€À°€À°€À°€À°€À°€À°€À°€À(ÄÄäÐØ°€ÈÁ|Ñ|ÐÈ°€À°€À°€À°€À°€À°€À°€À°€À(ÄÄäÐÜ°€ÈÁ|Ñ|ÐÌ°€À°€À°€À°€À°€À°€À°€À°€À(ÄÄäÐà°€ÈÁ|Ñ|ÐÐ°€À°€À°€À°€À°€À°€À°€À°€À(ÄÄäÐä°€ÈÁ|Ñ|ÐÔ°€À°€À°€À°€À°€À°€À°€À°€À(ÄÄäÔÀ°€ÈÁ|Ñ|ÐØ°€À°€À°€À°€À°€À°€À°€À°€À(ÄÄäÔÄ°€ÈÁ|Ñ|ÐÜ°€À°€À°€À°€À°€À°€À°€À°€À(ÄÄäÔÈ°€ÈÁ|Ñ|Ðà°€À°€À°€À°€À°€À°€À°€À°€À(ÄÄäÔÌ°€ÈÁ|Ñ|Ðä°€À°€À°€À°€À°€À°€À°€À°€À(ÄÄäÔÐ°€ÈÁ|Ñ|ÔÀ°€À°€À°€À°€À°€À°€À°€À°€À(ÄÄäÔÔ°€ÈÁ|Ñ|ÔÄ°€À°€À°€À°€À°€À°€À°€À°€À(ÄÄäÔØ°€ÈÁ|Ñ|ÔÈ°€À°€À°€À°€À°€À°€À°€À°€À(ÄÄäÔÜ°€ÈÁ|Ñ|ÔÌ°€À°€À°€À°€À°€À°€À°€À°€À(ÄÄäÔà°€ÈÁ|Ñ|ÔÐ°€À°€À°€À°€À°€À°€À°€À°€À(ÄÄäÔä°€ÈÁ|Ñ|ÔÔ°€À°€À°€À°€À°€À°€À°€À°€À(ÄÄäØÀ°€ÈÁ|Ñ|ÔØ°€À°€À°€À°€À°€À°€À°€À°€À(ÄÄäØÄ°€ÈÁ|Ñ|ÔÜ°€À°€À°€À°€À°€À°€À°€À°€À(ÄÄäØÈ°€ÈÁ|Ñ|Ôà°€À°€À°€À°€À°€À°€À°€À°€À(ÄÄäØÌ°€ÈÁ|Ñ|Ôä°€À°€À°€À°€À°€À°€À°€À°€À(ÄÄäØÐ°€ÈÁ|Ñ|ØÀ°€À°€À°€À°€À°€À°€À°€À°€À(ÄÄäØÔ°€ÈÁ|Ñ|ØÄ°€À°€À°€À°€À°€À°€À°€À°€À(ÄÄäØØ°€ÈÁ|Ñ|ØÈ°€À°€À°€À°€À°€À°€À°€À°€À(ÄÄäØÜ°€ÈÁ|Ñ|ØÌ°€À°€À°€À°€À°€À°€À°€À°€À(ÄÄäØà°€ÈÁ|Ñ|ØÐ°€À°€À°€À°€À°€À°€À°€À°€À(ÄÄäØä°€ÈÁ|Ñ|ØÔ°€À°€À°€À°€À°€À°€À°€À°€À(ÄÄäÜÀ°€ÈÁ|Ñ|ØØ°€À°€À°€À°€À°€À°€À°€À°€À(ÄÄäÜÄ°€ÈÁ|Ñ|ØÜ°€À°€À°€À°€À°€À°€À°€À°€À(ÄÄäÜÈ°€ÈÁ|Ñ|Øà°€À°€À°€À°€À°€À°€À°€À°€À(ÄÄäÜÌ°€ÈÁ|Ñ|Øä°€À°€À°€À°€À°€À°€À°€À°€À(ÄÄäÜÐ°€ÈÁ|Ñ|ÜÀ°€À°€À°€À°€À°€À°€À°€À°€À(ÄÄäÜÔ°€ÈÁ|Ñ|ÜÄ°€À°€À°€À°€À°€À°€À°€À°€À(ÄÄäÜØ°€ÈÁ|Ñ|ÜÈ°€À°€À°€À°€À°€À°€À°€À°€À(ÄÄäÜÜ°€ÈÁ|Ñ|ÜÌ°€À°€À°€À°€À°€À°€À°€À°€À(ÄÄäÜà°€ÈÁ|Ñ|ÜÐ°€À°€À°€À°€À°€À°€À°€À°€À(ÄÄäÜä°€ÈÁ|Ñ|ÜÔ°€À°€À°€À°€À°€À°€À°€À°€À(ÄÄäàÀ°€ÈÁ|Ñ|ÜØ°€À°€À°€À°€À°€À°€À°€À°€À(ÄÄäàÄ°€ÈÁ|Ñ|ÜÜ°€À°€À°€À°€À°€À°€À°€À°€À(ÄÄäàÈ°€ÈÁ|Ñ|Üà°€À°€À°€À°€À°€À°€À°€À°€À(ÄÄäàÌ°€ÈÁ|Ñ|Üä°€À°€À°€À°€À°€À°€À°€À°€À(ÄÄäàÐ°€ÈÁ|Ñ|àÀ°€À°€À°€À°€À°€À°€À°€À°€À(ÄÄäàÔ°€ÈÁ|Ñ|àÄ°€À°€À°€À°€À°€À°€À°€À°€À(ÄÄäàØ°€ÈÁ|Ñ|àÈ°€À°€À°€À°€À°€À°€À°€À°€À(ÄÄäàÜ°€ÈÁ|Ñ|àÌ°€À°€À°€À°€À°€À°€À°€À°€À(ÄÄäàà°€ÈÁ|Ñ|àÐ°€À°€À°€À°€À°€À°€À°€À°€À(ÄÄäàä°€ÈÁ|Ñ|àÔ°€À°€À°€À°€À°€À°€À°€À°€À(ÄÄääÀ°€ÈÁ|Ñ|àØ°€À°€À°€À°€À°€À°€À°€À°€À(ÄÄääÄ°€ÈÁ|Ñ|àÜ°€À°€À°€À°€À°€À°€À°€À°€À(ÄÄääÈ°€ÈÁ|Ñ|àà°€À°€À°€À°€À°€À°€À°€À°€À(ÄÄääÌ°€ÈÁ|Ñ|àä°€À°€À°€À°€À°€À°€À°€À°€À(ÄÄääÐ°€ÈÁ|Ñ|äÀ°€À°€À°€À°€À°€À°€À°€À°€À(ÄÄääÔ°€ÈÁ|Ñ|äÄ°€À°€À°€À°€À°€À°€À°€À°€À(ÄÄääØ°€ÈÁ|Ñ|äÈ°€À°€À°€À°€À°€À°€À°€À°€À(ÄÄääÜ°€ÈÁ|Ñ|äÌ°€À°€À°€À°€À°€À°€À°€À°€À(ÄÄääà°€ÈÁ|Ñ|äÐ°€À°€À°€À°€À°€À°€À°€À°€À(ÄÄäää°€ÈÁ|Ñ|äÔ°€À°€À°€À°€À°€À°€À°€À°€À(ÄÈÀÀÀ°€ÈÁ|Õ|ÀÀ°€À°€À°€À°€À°€À°€À°€À°€À(ÄÈÀÀÄ°€ÈÁ|Õ|ÀÄ°€À°€À°€À°€À°€À°€À°€À°€À(ÄÈÀÀÈ°€ÈÁ|Õ|ÀÈ°€À°€À°€À°€À°€À°€À°€À°€À(ÄÈÀÀÌ°€ÈÁ|Õ|ÀÌ°€À°€À°€À°€À°€À°€À°€À°€À(ÄÈÀÀÐ°€ÈÁ|Õ|ÀÐ°€À°€À°€À°€À°€À°€À°€À°€À(ÄÈÀÀÔ°€ÈÁ|Õ|ÀÔ°€À°€À°€À°€À°€À°€À°€À°€À(ÄÈÀÀØ°€ÈÁ|Õ|ÀØ°€À°€À°€À°€À°€À°€À°€À°€À(ÄÈÀÀÜ°€ÈÁ|Õ|ÀÜ°€À°€À°€À°€À°€À°€À°€À°€À(ÄÈÀÀà°€ÈÁ|Õ|Àà°€À°€À°€À°€À°€À°€À°€À°€À(ÄÈÀÀä°€ÈÁ|Õ|Àä°€À°€À°€À°€À°€À°€À°€À°€À(ÄÈÀÄÀ°€ÈÁ|Õ|ÄÀ°€À°€À°€À°€À°€À°€À°€À°€À(ÄÈÀÄÄ°€ÈÁ|Õ|ÄÄ°€À°€À°€À°€À°€À°€À°€À°€À(ÄÈÀÄÈ°€ÈÁ|Õ|ÄÈ°€À°€À°€À°€À°€À°€À°€À°€À(ÄÈÀÄÌ°€ÈÁ|Õ|ÄÌ°€À°€À°€À°€À°€À°€À°€À°€À(ÄÈÀÄÐ°€ÈÁ|Õ|ÄÐ°€À°€À°€À°€À°€À°€À°€À°€À(ÄÈÀÄÔ°€ÈÁ|Õ|ÄÔ°€À°€À°€À°€À°€À°€À°€À°€À(ÄÈÀÄØ°€ÈÁ|Õ|ÄØ°€À°€À°€À°€À°€À°€À°€À°€À(ÄÈÀÄÜ°€ÈÁ|Õ|ÄÜ°€À°€À°€À°€À°€À°€À°€À°€À(ÄÈÀÄà°€ÈÁ|Õ|Äà°€À°€À°€À°€À°€À°€À°€À°€À(ÄÈÀÄä°€ÈÁ|Õ|Ää°€À°€À°€À°€À°€À°€À°€À°€À(ÄÈÀÈÀ°€ÈÁ|Õ|ÈÀ°€À°€À°€À°€À°€À°€À°€À°€À(ÄÈÀÈÄ°€ÈÁ|Õ|ÈÄ°€À°€À°€À°€À°€À°€À°€À°€À(ÄÈÀÈÈ°€ÈÁ|Õ|ÈÈ°€À°€À°€À°€À°€À°€À°€À°€À(ÄÈÀÈÌ°€ÈÁ|Õ|ÈÌ°€À°€À°€À°€À°€À°€À°€À°€À(ÄÈÀÈÐ°€ÈÁ|Õ|ÈÐ°€À°€À°€À°€À°€À°€À°€À°€À(ÄÈÀÈÔ°€ÈÁ|Õ|ÈÔ°€À°€À°€À°€À°€À°€À°€À°€À(ÄÈÀÈØ°€ÈÁ|Õ|ÈØ°€À°€À°€À°€À°€À°€À°€À°€À(ÄÈÀÈÜ°€ÈÁ|Õ|ÈÜ°€À°€À°€À°€À°€À°€À°€À°€À(ÄÈÀÈà°€ÈÁ|Õ|Èà°€À°€À°€À°€À°€À°€À°€À°€À(ÄÈÀÈä°€ÈÁ|Õ|Èä°€À°€À°€À°€À°€À°€À°€À°€À(ÄÈÀÌÀ°€ÈÁ|Õ|ÌÀ°€À°€À°€À°€À°€À°€À°€À°€À(ÄÈÀÌÄ°€ÈÁ|Õ|ÌÄ°€À°€À°€À°€À°€À°€À°€À°€À(ÄÈÀÌÈ°€ÈÁ|Õ|ÌÈ°€À°€À°€À°€À°€À°€À°€À°€À(ÄÈÀÌÌ°€ÈÁ|Õ|ÌÌ°€À°€À°€À°€À°€À°€À°€À°€À(ÄÈÀÌÐ°€ÈÁ|Õ|ÌÐ°€À°€À°€À°€À°€À°€À°€À°€À(ÄÈÀÌÔ°€ÈÁ|Õ|ÌÔ°€À°€À°€À°€À°€À°€À°€À°€À(ÄÈÀÌØ°€ÈÁ|Õ|ÌØ°€À°€À°€À°€À°€À°€À°€À°€À(ÄÈÀÌÜ°€ÈÁ|Õ|ÌÜ°€À°€À°€À°€À°€À°€À°€À°€À(ÄÈÀÌà°€ÈÁ|Õ|Ìà°€À°€À°€À°€À°€À°€À°€À°€À(ÄÈÀÌä°€ÈÁ|Õ|Ìä°€À°€À°€À°€À°€À°€À°€À°€À(ÄÈÀÐÀ°€ÈÁ|Õ|ÐÀ°€À°€À°€À°€À°€À°€À°€À°€À(ÄÈÀÐÄ°€ÈÁ|Õ|ÐÄ°€À°€À°€À°€À°€À°€À°€À°€À(ÄÈÀÐÈ°€ÈÁ|Õ|ÐÈ°€À°€À°€À°€À°€À°€À°€À°€À(ÄÈÀÐÌ°€ÈÁ|Õ|ÐÌ°€À°€À°€À°€À°€À°€À°€À°€À(ÄÈÀÐÐ°€ÈÁ|Õ|ÐÐ°€À°€À°€À°€À°€À°€À°€À°€À(ÄÈÀÐÔ°€ÈÁ|Õ|ÐÔ°€À°€À°€À°€À°€À°€À°€À°€À(ÄÈÀÐØ°€ÈÁ|Õ|ÐØ°€À°€À°€À°€À°€À°€À°€À°€À(ÄÈÀÐÜ°€ÈÁ|Õ|ÐÜ°€À°€À°€À°€À°€À°€À°€À°€À(ÄÈÀÐà°€ÈÁ|Õ|Ðà°€À°€À°€À°€À°€À°€À°€À°€À(ÄÈÀÐä°€ÈÁ|Õ|Ðä°€À°€À°€À°€À°€À°€À°€À°€À(ÄÈÀÔÀ°€ÈÁ|Õ|ÔÀ°€À°€À°€À°€À°€À°€À°€À°€À(ÄÈÀÔÄ°€ÈÁ|Õ|ÔÄ°€À°€À°€À°€À°€À°€À°€À°€À(ÄÈÀÔÈ°€ÈÁ|Õ|ÔÈ°€À°€À°€À°€À°€À°€À°€À°€À(ÄÈÀÔÌ°€ÈÁ|Õ|ÔÌ°€À°€À°€À°€À°€À°€À°€À°€À(ÄÈÀÔÐ°€ÈÁ|Õ|ÔÐ°€À°€À°€À°€À°€À°€À°€À°€À(ÄÈÀÔÔ°€ÈÁ|Õ|ÔÔ°€À°€À°€À°€À°€À°€À°€À°€À(ÄÈÀÔØ°€ÈÁ|Õ|ÔØ°€À°€À°€À°€À°€À°€À°€À°€À(ÄÈÀÔÜ°€ÈÁ|Õ|ÔÜ°€À°€À°€À°€À°€À°€À°€À°€À(ÄÈÀÔà°€ÈÁ|Õ|Ôà°€À°€À°€À°€À°€À°€À°€À°€À(ÄÈÀÔä°€ÈÁ|Õ|Ôä°€À°€À°€À°€À°€À°€À°€À°€À(ÄÈÀØÀ°€ÈÁ|Õ|ØÀ°€À°€À°€À°€À°€À°€À°€À°€À(ÄÈÀØÄ°€ÈÁ|Õ|ØÄ°€À°€À°€À°€À°€À°€À°€À°€À(ÄÈÀØÈ°€ÈÁ|Õ|ØÈ°€À°€À°€À°€À°€À°€À°€À°€À(ÄÈÀØÌ°€ÈÁ|Õ|ØÌ°€À°€À°€À°€À°€À°€À°€À°€À(ÄÈÀØÐ°€ÈÁ|Õ|ØÐ°€À°€À°€À°€À°€À°€À°€À°€À(ÄÈÀØÔ°€ÈÁ|Õ|ØÔ°€À°€À°€À°€À°€À°€À°€À°€À(ÄÈÀØØ°€ÈÁ|Õ|ØØ°€À°€À°€À°€À°€À°€À°€À°€À(ÄÈÀØÜ°€ÈÁ|Õ|ØÜ°€À°€À°€À°€À°€À°€À°€À°€À(ÄÈÀØà°€ÈÁ|Õ|Øà°€À°€À°€À°€À°€À°€À°€À°€À(ÄÈÀØä°€ÈÁ|Õ|Øä°€À°€À°€À°€À°€À°€À°€À°€À(ÄÈÀÜÀ°€ÈÁ|Õ|ÜÀ°€À°€À°€À°€À°€À°€À°€À°€À(ÄÈÀÜÄ°€ÈÁ|Õ|ÜÄ°€À°€À°€À°€À°€À°€À°€À°€À(ÄÈÀÜÈ°€ÈÁ|Õ|ÜÈ°€À°€À°€À°€À°€À°€À°€À°€À(ÄÈÀÜÌ°€ÈÁ|Õ|ÜÌ°€À°€À°€À°€À°€À°€À°€À°€À(ÄÈÀÜÐ°€ÈÁ|Õ|ÜÐ°€À°€À°€À°€À°€À°€À°€À°€À(ÄÈÀÜÔ°€ÈÁ|Õ|ÜÔ°€À°€À°€À°€À°€À°€À°€À°€À(ÄÈÀÜØ°€ÈÁ|Õ|ÜØ°€À°€À°€À°€À°€À°€À°€À°€À(ÄÈÀÜÜ°€ÈÁ|Õ|ÜÜ°€À°€À°€À°€À°€À°€À°€À°€À(ÄÈÀÜà°€ÈÁ|Õ|Üà°€À°€À°€À°€À°€À°€À°€À°€À(ÄÈÀÜä°€ÈÁ|Õ|Üä°€À°€À°€À°€À°€À°€À°€À°€À(ÄÈÀàÀ°€ÈÁ|Õ|àÀ°€À°€À°€À°€À°€À°€À°€À°€À(ÄÈÀàÄ°€ÈÁ|Õ|àÄ°€À°€À°€À°€À°€À°€À°€À°€À(ÄÈÀàÈ°€ÈÁ|Õ|àÈ°€À°€À°€À°€À°€À°€À°€À°€À(ÄÈÀàÌ°€ÈÁ|Õ|àÌ°€À°€À°€À°€À°€À°€À°€À°€À(ÄÈÀàÐ°€ÈÁ|Õ|àÐ°€À°€À°€À°€À°€À°€À°€À°€À(ÄÈÀàÔ°€ÈÁ|Õ|àÔ°€À°€À°€À°€À°€À°€À°€À°€À(ÄÈÀàØ°€ÈÁ|Õ|àØ°€À°€À°€À°€À°€À°€À°€À°€À(ÄÈÀàÜ°€ÈÁ|Õ|àÜ°€À°€À°€À°€À°€À°€À°€À°€À(ÄÈÀàà°€ÈÁ|Õ|àà°€À°€À°€À°€À°€À°€À°€À°€À(ÄÈÀàä°€ÈÁ|Õ|àä°€À°€À°€À°€À°€À°€À°€À°€À(ÄÈÀäÀ°€ÈÁ|Õ|äÀ°€À°€À°€À°€À°€À°€À°€À°€À(ÄÈÀäÄ°€ÈÁ|Õ|äÄ°€À°€À°€À°€À°€À°€À°€À°€À(ÄÈÀäÈ°€ÈÁ|Õ|äÈ°€À°€À°€À°€À°€À°€À°€À°€À(ÄÈÀäÌ°€ÈÁ|Õ|äÌ°€À°€À°€À°€À°€À°€À°€À°€À(ÄÈÀäÐ°€ÈÁ|Õ|äÐ°€À°€À°€À°€À°€À°€À°€À°€À(ÄÈÀäÔ°€ÈÁ|Õ|äÔ°€À°€À°€À°€À°€À°€À°€À°€À(ÄÈÀäØ°€ÈÅ|Á|ÀÀ°€À°€À°€À°€À°€À°€À°€À°€À(ÄÈÀäÜ°€ÈÅ|Á|ÀÄ°€À°€À°€À°€À°€À°€À°€À°€À(ÄÈÀäà°€ÈÅ|Á|ÀÈ°€À°€À°€À°€À°€À°€À°€À°€À(ÄÈÀää°€ÈÅ|Á|ÀÌ°€À°€À°€À°€À°€À°€À°€À°€À(ÄÈÄÀÀ°€ÈÅ|Á|ÀÐ°€À°€À°€À°€À°€À°€À°€À°€À(ÄÈÄÀÄ°€ÈÅ|Á|ÀÔ°€À°€À°€À°€À°€À°€À°€À°€À(ÄÈÄÀÈ°€ÈÅ|Á|ÀØ°€À°€À°€À°€À°€À°€À°€À°€À(ÄÈÄÀÌ°€ÈÅ|Á|ÀÜ°€À°€À°€À°€À°€À°€À°€À°€À(ÄÈÄÀÐ°€ÈÅ|Á|Àà°€À°€À°€À°€À°€À°€À°€À°€À(ÄÈÄÀÔ°€ÈÅ|Á|Àä°€À°€À°€À°€À°€À°€À°€À°€À(ÄÈÄÀØ°€ÈÅ|Á|ÄÀ°€À°€À°€À°€À°€À°€À°€À°€À(ÄÈÄÀÜ°€ÈÅ|Á|ÄÄ°€À°€À°€À°€À°€À°€À°€À°€À(ÄÈÄÀà°€ÈÅ|Á|ÄÈ°€À°€À°€À°€À°€À°€À°€À°€À(ÄÈÄÀä°€ÈÅ|Á|ÄÌ°€À°€À°€À°€À°€À°€À°€À°€À(ÄÈÄÄÀ°€ÈÅ|Á|ÄÐ°€À°€À°€À°€À°€À°€À°€À°€À(ÄÈÄÄÄ°€ÈÅ|Á|ÄÔ°€À°€À°€À°€À°€À°€À°€À°€À(ÄÈÄÄÈ°€ÈÅ|Á|ÄØ°€À°€À°€À°€À°€À°€À°€À°€À(ÄÈÄÄÌ°€ÈÅ|Á|ÄÜ°€À°€À°€À°€À°€À°€À°€À°€À(ÄÈÄÄÐ°€ÈÅ|Á|Äà°€À°€À°€À°€À°€À°€À°€À°€À(ÄÈÄÄÔ°€ÈÅ|Á|Ää°€À°€À°€À°€À°€À°€À°€À°€À(ÄÈÄÄØ°€ÈÅ|Á|ÈÀ°€À°€À°€À°€À°€À°€À°€À°€À(ÄÈÄÄÜ°€ÈÅ|Á|ÈÄ°€À°€À°€À°€À°€À°€À°€À°€À(ÄÈÄÄà°€ÈÅ|Á|ÈÈ°€À°€À°€À°€À°€À°€À°€À°€À(ÄÈÄÄä°€ÈÅ|Á|ÈÌ°€À°€À°€À°€À°€À°€À°€À°€À(ÄÈÄÈÀ°€ÈÅ|Á|ÈÐ°€À°€À°€À°€À°€À°€À°€À°€À(ÄÈÄÈÄ°€ÈÅ|Á|ÈÔ°€À°€À°€À°€À°€À°€À°€À°€À(ÄÈÄÈÈ°€ÈÅ|Á|ÈØ°€À°€À°€À°€À°€À°€À°€À°€À(ÄÈÄÈÌ°€ÈÅ|Á|ÈÜ°€À°€À°€À°€À°€À°€À°€À°€À(ÄÈÄÈÐ°€ÈÅ|Á|Èà°€À°€À°€À°€À°€À°€À°€À°€À(ÄÈÄÈÔ°€ÈÅ|Á|Èä°€À°€À°€À°€À°€À°€À°€À°€À(ÄÈÄÈØ°€ÈÅ|Á|ÌÀ°€À°€À°€À°€À°€À°€À°€À°€À(ÄÈÄÈÜ°€ÈÅ|Á|ÌÄ°€À°€À°€À°€À°€À°€À°€À°€À(ÄÈÄÈà°€ÈÅ|Á|ÌÈ°€À°€À°€À°€À°€À°€À°€À°€À(ÄÈÄÈä°€ÈÅ|Á|ÌÌ°€À°€À°€À°€À°€À°€À°€À°€À(ÄÈÄÌÀ°€ÈÅ|Á|ÌÐ°€À°€À°€À°€À°€À°€À°€À°€À(ÄÈÄÌÄ°€ÈÅ|Á|ÌÔ°€À°€À°€À°€À°€À°€À°€À°€À(ÄÈÄÌÈ°€ÈÅ|Á|ÌØ°€À°€À°€À°€À°€À°€À°€À°€À(ÄÈÄÌÌ°€ÈÅ|Á|ÌÜ°€À°€À°€À°€À°€À°€À°€À°€À(ÄÈÄÌÐ°€ÈÅ|Á|Ìà°€À°€À°€À°€À°€À°€À°€À°€À(ÄÈÄÌÔ°€ÈÅ|Á|Ìä°€À°€À°€À°€À°€À°€À°€À°€À(ÄÈÄÌØ°€ÈÅ|Á|ÐÀ°€À°€À°€À°€À°€À°€À°€À°€À(ÄÈÄÌÜ°€ÈÅ|Á|ÐÄ°€À°€À°€À°€À°€À°€À°€À°€À(ÄÈÄÌà°€ÈÅ|Á|ÐÈ°€À°€À°€À°€À°€À°€À°€À°€À(ÄÈÄÌä°€ÈÅ|Á|ÐÌ°€À°€À°€À°€À°€À°€À°€À°€À(ÄÈÄÐÀ°€ÈÅ|Á|ÐÐ°€À°€À°€À°€À°€À°€À°€À°€À(ÄÈÄÐÄ°€ÈÅ|Á|ÐÔ°€À°€À°€À°€À°€À°€À°€À°€À(ÄÈÄÐÈ°€ÈÅ|Á|ÐØ°€À°€À°€À°€À°€À°€À°€À°€À(ÄÈÄÐÌ°€ÈÅ|Á|ÐÜ°€À°€À°€À°€À°€À°€À°€À°€À(ÄÈÄÐÐ°€ÈÅ|Á|Ðà°€À°€À°€À°€À°€À°€À°€À°€À(ÄÈÄÐÔ°€ÈÅ|Á|Ðä°€À°€À°€À°€À°€À°€À°€À°€À(ÄÈÄÐØ°€ÈÅ|Á|ÔÀ°€À°€À°€À°€À°€À°€À°€À°€À(ÄÈÄÐÜ°€ÈÅ|Á|ÔÄ°€À°€À°€À°€À°€À°€À°€À°€À(ÄÈÄÐà°€ÈÅ|Á|ÔÈ°€À°€À°€À°€À°€À°€À°€À°€À(ÄÈÄÐä°€ÈÅ|Á|ÔÌ°€À°€À°€À°€À°€À°€À°€À°€À(ÄÈÄÔÀ°€ÈÅ|Á|ÔÐ°€À°€À°€À°€À°€À°€À°€À°€À(ÄÈÄÔÄ°€ÈÅ|Á|ÔÔ°€À°€À°€À°€À°€À°€À°€À°€À(ÄÈÄÔÈ°€ÈÅ|Á|ÔØ°€À°€À°€À°€À°€À°€À°€À°€À(ÄÈÄÔÌ°€ÈÅ|Á|ÔÜ°€À°€À°€À°€À°€À°€À°€À°€À(ÄÈÄÔÐ°€ÈÅ|Á|Ôà°€À°€À°€À°€À°€À°€À°€À°€À(ÄÈÄÔÔ°€ÈÅ|Á|Ôä°€À°€À°€À°€À°€À°€À°€À°€À(ÄÈÄÔØ°€ÈÅ|Á|ØÀ°€À°€À°€À°€À°€À°€À°€À°€À(ÄÈÄÔÜ°€ÈÅ|Á|ØÄ°€À°€À°€À°€À°€À°€À°€À°€À(ÄÈÄÔà°€ÈÅ|Á|ØÈ°€À°€À°€À°€À°€À°€À°€À°€À(ÄÈÄÔä°€ÈÅ|Á|ØÌ°€À°€À°€À°€À°€À°€À°€À°€À(ÄÈÄØÀ°€ÈÅ|Á|ØÐ°€À°€À°€À°€À°€À°€À°€À°€À(ÄÈÄØÄ°€ÈÅ|Á|ØÔ°€À°€À°€À°€À°€À°€À°€À°€À(ÄÈÄØÈ°€ÈÅ|Á|ØØ°€À°€À°€À°€À°€À°€À°€À°€À(ÄÈÄØÌ°€ÈÅ|Á|ØÜ°€À°€À°€À°€À°€À°€À°€À°€À(ÄÈÄØÐ°€ÈÅ|Á|Øà°€À°€À°€À°€À°€À°€À°€À°€À(ÄÈÄØÔ°€ÈÅ|Á|Øä°€À°€À°€À°€À°€À°€À°€À°€À(ÄÈÄØØ°€ÈÅ|Á|ÜÀ°€À°€À°€À°€À°€À°€À°€À°€À(ÄÈÄØÜ°€ÈÅ|Á|ÜÄ°€À°€À°€À°€À°€À°€À°€À°€À(ÄÈÄØà°€ÈÅ|Á|ÜÈ°€À°€À°€À°€À°€À°€À°€À°€À(ÄÈÄØä°€ÈÅ|Á|ÜÌ°€À°€À°€À°€À°€À°€À°€À°€À(ÄÈÄÜÀ°€ÈÅ|Á|ÜÐ°€À°€À°€À°€À°€À°€À°€À°€À(ÄÈÄÜÄ°€ÈÅ|Á|ÜÔ°€À°€À°€À°€À°€À°€À°€À°€À(ÄÈÄÜÈ°€ÈÅ|Á|ÜØ°€À°€À°€À°€À°€À°€À°€À°€À(ÄÈÄÜÌ°€ÈÅ|Á|ÜÜ°€À°€À°€À°€À°€À°€À°€À°€À(ÄÈÄÜÐ°€ÈÅ|Á|Üà°€À°€À°€À°€À°€À°€À°€À°€À(ÄÈÄÜÔ°€ÈÅ|Á|Üä°€À°€À°€À°€À°€À°€À°€À°€À(ÄÈÄÜØ°€ÈÅ|Á|àÀ°€À°€À°€À°€À°€À°€À°€À°€À(ÄÈÄÜÜ°€ÈÅ|Á|àÄ°€À°€À°€À°€À°€À°€À°€À°€À(ÄÈÄÜà°€ÈÅ|Á|àÈ°€À°€À°€À°€À°€À°€À°€À°€À(ÄÈÄÜä°€ÈÅ|Á|àÌ°€À°€À°€À°€À°€À°€À°€À°€À(ÄÈÄàÀ°€ÈÅ|Á|àÐ°€À°€À°€À°€À°€À°€À°€À°€À(ÄÈÄàÄ°€ÈÅ|Á|àÔ°€À°€À°€À°€À°€À°€À°€À°€À(ÄÈÄàÈ°€ÈÅ|Á|àØ°€À°€À°€À°€À°€À°€À°€À°€À(ÄÈÄàÌ°€ÈÅ|Á|àÜ°€À°€À°€À°€À°€À°€À°€À°€À(ÄÈÄàÐ°€ÈÅ|Á|àà°€À°€À°€À°€À°€À°€À°€À°€À(ÄÈÄàÔ°€ÈÅ|Á|àä°€À°€À°€À°€À°€À°€À°€À°€À(ÄÈÄàØ°€ÈÅ|Á|äÀ°€À°€À°€À°€À°€À°€À°€À°€À(ÄÈÄàÜ°€ÈÅ|Á|äÄ°€À°€À°€À°€À°€À°€À°€À°€À(ÄÈÄàà°€ÈÅ|Á|äÈ°€À°€À°€À°€À°€À°€À°€À°€À(ÄÈÄàä°€ÈÅ|Á|äÌ°€À°€À°€À°€À°€À°€À°€À°€À(ÄÈÄäÀ°€ÈÅ|Á|äÐ°€À°€À°€À°€À°€À°€À°€À°€À(ÄÈÄäÄ°€ÈÅ|Á|äÔ°€À°€À°€À°€À°€À°€À°€À°€À(ÄÈÄäÈ°€ÈÅ|Å|ÀÀ°€À°€À°€À°€À°€À°€À°€À°€À(ÄÈÄäÌ°€ÈÅ|Å|ÀÄ°€À°€À°€À°€À°€À°€À°€À°€À(ÄÈÄäÐ°€ÈÅ|Å|ÀÈ°€À°€À°€À°€À°€À°€À°€À°€À(ÄÈÄäÔ°€ÈÅ|Å|ÀÌ°€À°€À°€À°€À°€À°€À°€À°€À(ÄÈÄäØ°€ÈÅ|Å|ÀÐ°€À°€À°€À°€À°€À°€À°€À°€À(ÄÈÄäÜ°€ÈÅ|Å|ÀÔ°€À°€À°€À°€À°€À°€À°€À°€À(ÄÈÄäà°€ÈÅ|Å|ÀØ°€À°€À°€À°€À°€À°€À°€À°€À(ÄÈÄää°€ÈÅ|Å|ÀÜ°€À°€À°€À°€À°€À°€À°€À°€À(ÄÈÈÀÀ°€ÈÅ|Å|Àà°€À°€À°€À°€À°€À°€À°€À°€À(ÄÈÈÀÄ°€ÈÅ|Å|Àä°€À°€À°€À°€À°€À°€À°€À°€À(ÄÈÈÀÈ°€ÈÅ|Å|ÄÀ°€À°€À°€À°€À°€À°€À°€À°€À(ÄÈÈÀÌ°€ÈÅ|Å|ÄÄ°€À°€À°€À°€À°€À°€À°€À°€À(ÄÈÈÀÐ°€ÈÅ|Å|ÄÈ°€À°€À°€À°€À°€À°€À°€À°€À(ÄÈÈÀÔ°€ÈÅ|Å|ÄÌ°€À°€À°€À°€À°€À°€À°€À°€À(ÄÈÈÀØ°€ÈÅ|Å|ÄÐ°€À°€À°€À°€À°€À°€À°€À°€À(ÄÈÈÀÜ°€ÈÅ|Å|ÄÔ°€À°€À°€À°€À°€À°€À°€À°€À(ÄÈÈÀà°€ÈÅ|Å|ÄØ°€À°€À°€À°€À°€À°€À°€À°€À(ÄÈÈÀä°€ÈÅ|Å|ÄÜ°€À°€À°€À°€À°€À°€À°€À°€À(ÄÈÈÄÀ°€ÈÅ|Å|Äà°€À°€À°€À°€À°€À°€À°€À°€À(ÄÈÈÄÄ°€ÈÅ|Å|Ää°€À°€À°€À°€À°€À°€À°€À°€À(ÄÈÈÄÈ°€ÈÅ|Å|ÈÀ°€À°€À°€À°€À°€À°€À°€À°€À(ÄÈÈÄÌ°€ÈÅ|Å|ÈÄ°€À°€À°€À°€À°€À°€À°€À°€À(ÄÈÈÄÐ°€ÈÅ|Å|ÈÈ°€À°€À°€À°€À°€À°€À°€À°€À(ÄÈÈÄÔ°€ÈÅ|Å|ÈÌ°€À°€À°€À°€À°€À°€À°€À°€À(ÄÈÈÄØ°€ÈÅ|Å|ÈÐ°€À°€À°€À°€À°€À°€À°€À°€À(ÄÈÈÄÜ°€ÈÅ|Å|ÈÔ°€À°€À°€À°€À°€À°€À°€À°€À(ÄÈÈÄà°€ÈÅ|Å|ÈØ°€À°€À°€À°€À°€À°€À°€À°€À(ÄÈÈÄä°€ÈÅ|Å|ÈÜ°€À°€À°€À°€À°€À°€À°€À°€À(ÄÈÈÈÀ°€ÈÅ|Å|Èà°€À°€À°€À°€À°€À°€À°€À°€À(ÄÈÈÈÄ°€ÈÅ|Å|Èä°€À°€À°€À°€À°€À°€À°€À°€À(ÄÈÈÈÈ°€ÈÅ|Å|ÌÀ°€À°€À°€À°€À°€À°€À°€À°€À(ÄÈÈÈÌ°€ÈÅ|Å|ÌÄ°€À°€À°€À°€À°€À°€À°€À°€À(ÄÈÈÈÐ°€ÈÅ|Å|ÌÈ°€À°€À°€À°€À°€À°€À°€À°€À(ÄÈÈÈÔ°€ÈÅ|Å|ÌÌ°€À°€À°€À°€À°€À°€À°€À°€À(ÄÈÈÈØ°€ÈÅ|Å|ÌÐ°€À°€À°€À°€À°€À°€À°€À°€À(ÄÈÈÈÜ°€ÈÅ|Å|ÌÔ°€À°€À°€À°€À°€À°€À°€À°€À(ÄÈÈÈà°€ÈÅ|Å|ÌØ°€À°€À°€À°€À°€À°€À°€À°€À(ÄÈÈÈä°€ÈÅ|Å|ÌÜ°€À°€À°€À°€À°€À°€À°€À°€À(ÄÈÈÌÀ°€ÈÅ|Å|Ìà°€À°€À°€À°€À°€À°€À°€À°€À(ÄÈÈÌÄ°€ÈÅ|Å|Ìä°€À°€À°€À°€À°€À°€À°€À°€À(ÄÈÈÌÈ°€ÈÅ|Å|ÐÀ°€À°€À°€À°€À°€À°€À°€À°€À(ÄÈÈÌÌ°€ÈÅ|Å|ÐÄ°€À°€À°€À°€À°€À°€À°€À°€À(ÄÈÈÌÐ°€ÈÅ|Å|ÐÈ°€À°€À°€À°€À°€À°€À°€À°€À(ÄÈÈÌÔ°€ÈÅ|Å|ÐÌ°€À°€À°€À°€À°€À°€À°€À°€À(ÄÈÈÌØ°€ÈÅ|Å|ÐÐ°€À°€À°€À°€À°€À°€À°€À°€À(ÄÈÈÌÜ°€ÈÅ|Å|ÐÔ°€À°€À°€À°€À°€À°€À°€À°€À(ÄÈÈÌà°€ÈÅ|Å|ÐØ°€À°€À°€À°€À°€À°€À°€À°€À(ÄÈÈÌä°€ÈÅ|Å|ÐÜ°€À°€À°€À°€À°€À°€À°€À°€À(ÄÈÈÐÀ°€ÈÅ|Å|Ðà°€À°€À°€À°€À°€À°€À°€À°€À(ÄÈÈÐÄ°€ÈÅ|Å|Ðä°€À°€À°€À°€À°€À°€À°€À°€À(ÄÈÈÐÈ°€ÈÅ|Å|ÔÀ°€À°€À°€À°€À°€À°€À°€À°€À(ÄÈÈÐÌ°€ÈÅ|Å|ÔÄ°€À°€À°€À°€À°€À°€À°€À°€À(ÄÈÈÐÐ°€ÈÅ|Å|ÔÈ°€À°€À°€À°€À°€À°€À°€À°€À(ÄÈÈÐÔ°€ÈÅ|Å|ÔÌ°€À°€À°€À°€À°€À°€À°€À°€À(ÄÈÈÐØ°€ÈÅ|Å|ÔÐ°€À°€À°€À°€À°€À°€À°€À°€À(ÄÈÈÐÜ°€ÈÅ|Å|ÔÔ°€À°€À°€À°€À°€À°€À°€À°€À(ÄÈÈÐà°€ÈÅ|Å|ÔØ°€À°€À°€À°€À°€À°€À°€À°€À(ÄÈÈÐä°€ÈÅ|Å|ÔÜ°€À°€À°€À°€À°€À°€À°€À°€À(ÄÈÈÔÀ°€ÈÅ|Å|Ôà°€À°€À°€À°€À°€À°€À°€À°€À(ÄÈÈÔÄ°€ÈÅ|Å|Ôä°€À°€À°€À°€À°€À°€À°€À°€À(ÄÈÈÔÈ°€ÈÅ|Å|ØÀ°€À°€À°€À°€À°€À°€À°€À°€À(ÄÈÈÔÌ°€ÈÅ|Å|ØÄ°€À°€À°€À°€À°€À°€À°€À°€À(ÄÈÈÔÐ°€ÈÅ|Å|ØÈ°€À°€À°€À°€À°€À°€À°€À°€À(ÄÈÈÔÔ°€ÈÅ|Å|ØÌ°€À°€À°€À°€À°€À°€À°€À°€À(ÄÈÈÔØ°€ÈÅ|Å|ØÐ°€À°€À°€À°€À°€À°€À°€À°€À(ÄÈÈÔÜ°€ÈÅ|Å|ØÔ°€À°€À°€À°€À°€À°€À°€À°€À(ÄÈÈÔà°€ÈÅ|Å|ØØ°€À°€À°€À°€À°€À°€À°€À°€À(ÄÈÈÔä°€ÈÅ|Å|ØÜ°€À°€À°€À°€À°€À°€À°€À°€À(ÄÈÈØÀ°€ÈÅ|Å|Øà°€À°€À°€À°€À°€À°€À°€À°€À(ÄÈÈØÄ°€ÈÅ|Å|Øä°€À°€À°€À°€À°€À°€À°€À°€À(ÄÈÈØÈ°€ÈÅ|Å|ÜÀ°€À°€À°€À°€À°€À°€À°€À°€À(ÄÈÈØÌ°€ÈÅ|Å|ÜÄ°€À°€À°€À°€À°€À°€À°€À°€À(ÄÈÈØÐ°€ÈÅ|Å|ÜÈ°€À°€À°€À°€À°€À°€À°€À°€À(ÄÈÈØÔ°€ÈÅ|Å|ÜÌ°€À°€À°€À°€À°€À°€À°€À°€À(ÄÈÈØØ°€ÈÅ|Å|ÜÐ°€À°€À°€À°€À°€À°€À°€À°€À(ÄÈÈØÜ°€ÈÅ|Å|ÜÔ°€À°€À°€À°€À°€À°€À°€À°€À(ÄÈÈØà°€ÈÅ|Å|ÜØ°€À°€À°€À°€À°€À°€À°€À°€À(ÄÈÈØä°€ÈÅ|Å|ÜÜ°€À°€À°€À°€À°€À°€À°€À°€À(ÄÈÈÜÀ°€ÈÅ|Å|Üà°€À°€À°€À°€À°€À°€À°€À°€À(ÄÈÈÜÄ°€ÈÅ|Å|Üä°€À°€À°€À°€À°€À°€À°€À°€À(ÄÈÈÜÈ°€ÈÅ|Å|àÀ°€À°€À°€À°€À°€À°€À°€À°€À(ÄÈÈÜÌ°€ÈÅ|Å|àÄ°€À°€À°€À°€À°€À°€À°€À°€À(ÄÈÈÜÐ°€ÈÅ|Å|àÈ°€À°€À°€À°€À°€À°€À°€À°€À(ÄÈÈÜÔ°€ÈÅ|Å|àÌ°€À°€À°€À°€À°€À°€À°€À°€À(ÄÈÈÜØ°€ÈÅ|Å|àÐ°€À°€À°€À°€À°€À°€À°€À°€À(ÄÈÈÜÜ°€ÈÅ|Å|àÔ°€À°€À°€À°€À°€À°€À°€À°€À(ÄÈÈÜà°€ÈÅ|Å|àØ°€À°€À°€À°€À°€À°€À°€À°€À(ÄÈÈÜä°€ÈÅ|Å|àÜ°€À°€À°€À°€À°€À°€À°€À°€À(ÄÈÈàÀ°€ÈÅ|Å|àà°€À°€À°€À°€À°€À°€À°€À°€À(ÄÈÈàÄ°€ÈÅ|Å|àä°€À°€À°€À°€À°€À°€À°€À°€À(ÄÈÈàÈ°€ÈÅ|Å|äÀ°€À°€À°€À°€À°€À°€À°€À°€À(ÄÈÈàÌ°€ÈÅ|Å|äÄ°€À°€À°€À°€À°€À°€À°€À°€À(ÄÈÈàÐ°€ÈÅ|Å|äÈ°€À°€À°€À°€À°€À°€À°€À°€À(ÄÈÈàÔ°€ÈÅ|Å|äÌ°€À°€À°€À°€À°€À°€À°€À°€À(ÄÈÈàØ°€ÈÅ|Å|äÐ°€À°€À°€À°€À°€À°€À°€À°€À(ÄÈÈàÜ°€ÈÅ|Å|äÔ°€À°€À°€À°€À°€À°€À°€À°€À(ÄÈÈàà°€ÈÅ|É|ÀÀ°€À°€À°€À°€À°€À°€À°€À°€À(ÄÈÈàä°€ÈÅ|É|ÀÄ°€À°€À°€À°€À°€À°€À°€À°€À(ÄÈÈäÀ°€ÈÅ|É|ÀÈ°€À°€À°€À°€À°€À°€À°€À°€À(ÄÈÈäÄ°€ÈÅ|É|ÀÌ°€À°€À°€À°€À°€À°€À°€À°€À(ÄÈÈäÈ°€ÈÅ|É|ÀÐ°€À°€À°€À°€À°€À°€À°€À°€À(ÄÈÈäÌ°€ÈÅ|É|ÀÔ°€À°€À°€À°€À°€À°€À°€À°€À(ÄÈÈäÐ°€ÈÅ|É|ÀØ°€À°€À°€À°€À°€À°€À°€À°€À(ÄÈÈäÔ°€ÈÅ|É|ÀÜ°€À°€À°€À°€À°€À°€À°€À°€À(ÄÈÈäØ°€ÈÅ|É|Àà°€À°€À°€À°€À°€À°€À°€À°€À(ÄÈÈäÜ°€ÈÅ|É|Àä°€À°€À°€À°€À°€À°€À°€À°€À(ÄÈÈäà°€ÈÅ|É|ÄÀ°€À°€À°€À°€À°€À°€À°€À°€À(ÄÈÈää°€ÈÅ|É|ÄÄ°€À°€À°€À°€À°€À°€À°€À°€À(ÄÈÌÀÀ°€ÈÅ|É|ÄÈ°€À°€À°€À°€À°€À°€À°€À°€À(ÄÈÌÀÄ°€ÈÅ|É|ÄÌ°€À°€À°€À°€À°€À°€À°€À°€À(ÄÈÌÀÈ°€ÈÅ|É|ÄÐ°€À°€À°€À°€À°€À°€À°€À°€À(ÄÈÌÀÌ°€ÈÅ|É|ÄÔ°€À°€À°€À°€À°€À°€À°€À°€À(ÄÈÌÀÐ°€ÈÅ|É|ÄØ°€À°€À°€À°€À°€À°€À°€À°€À(ÄÈÌÀÔ°€ÈÅ|É|ÄÜ°€À°€À°€À°€À°€À°€À°€À°€À(ÄÈÌÀØ°€ÈÅ|É|Äà°€À°€À°€À°€À°€À°€À°€À°€À(ÄÈÌÀÜ°€ÈÅ|É|Ää°€À°€À°€À°€À°€À°€À°€À°€À(ÄÈÌÀà°€ÈÅ|É|ÈÀ°€À°€À°€À°€À°€À°€À°€À°€À(ÄÈÌÀä°€ÈÅ|É|ÈÄ°€À°€À°€À°€À°€À°€À°€À°€À(ÄÈÌÄÀ°€ÈÅ|É|ÈÈ°€À°€À°€À°€À°€À°€À°€À°€À(ÄÈÌÄÄ°€ÈÅ|É|ÈÌ°€À°€À°€À°€À°€À°€À°€À°€À(ÄÈÌÄÈ°€ÈÅ|É|ÈÐ°€À°€À°€À°€À°€À°€À°€À°€À(ÄÈÌÄÌ°€ÈÅ|É|ÈÔ°€À°€À°€À°€À°€À°€À°€À°€À(ÄÈÌÄÐ°€ÈÅ|É|ÈØ°€À°€À°€À°€À°€À°€À°€À°€À(ÄÈÌÄÔ°€ÈÅ|É|ÈÜ°€À°€À°€À°€À°€À°€À°€À°€À(ÄÈÌÄØ°€ÈÅ|É|Èà°€À°€À°€À°€À°€À°€À°€À°€À(ÄÈÌÄÜ°€ÈÅ|É|Èä°€À°€À°€À°€À°€À°€À°€À°€À(ÄÈÌÄà°€ÈÅ|É|ÌÀ°€À°€À°€À°€À°€À°€À°€À°€À(ÄÈÌÄä°€ÈÅ|É|ÌÄ°€À°€À°€À°€À°€À°€À°€À°€À(ÄÈÌÈÀ°€ÈÅ|É|ÌÈ°€À°€À°€À°€À°€À°€À°€À°€À(ÄÈÌÈÄ°€ÈÅ|É|ÌÌ°€À°€À°€À°€À°€À°€À°€À°€À(ÄÈÌÈÈ°€ÈÅ|É|ÌÐ°€À°€À°€À°€À°€À°€À°€À°€À(ÄÈÌÈÌ°€ÈÅ|É|ÌÔ°€À°€À°€À°€À°€À°€À°€À°€À(ÄÈÌÈÐ°€ÈÅ|É|ÌØ°€À°€À°€À°€À°€À°€À°€À°€À(ÄÈÌÈÔ°€ÈÅ|É|ÌÜ°€À°€À°€À°€À°€À°€À°€À°€À(ÄÈÌÈØ°€ÈÅ|É|Ìà°€À°€À°€À°€À°€À°€À°€À°€À(ÄÈÌÈÜ°€ÈÅ|É|Ìä°€À°€À°€À°€À°€À°€À°€À°€À(ÄÈÌÈà°€ÈÅ|É|ÐÀ°€À°€À°€À°€À°€À°€À°€À°€À(ÄÈÌÈä°€ÈÅ|É|ÐÄ°€À°€À°€À°€À°€À°€À°€À°€À(ÄÈÌÌÀ°€ÈÅ|É|ÐÈ°€À°€À°€À°€À°€À°€À°€À°€À(ÄÈÌÌÄ°€ÈÅ|É|ÐÌ°€À°€À°€À°€À°€À°€À°€À°€À(ÄÈÌÌÈ°€ÈÅ|É|ÐÐ°€À°€À°€À°€À°€À°€À°€À°€À(ÄÈÌÌÌ°€ÈÅ|É|ÐÔ°€À°€À°€À°€À°€À°€À°€À°€À(ÄÈÌÌÐ°€ÈÅ|É|ÐØ°€À°€À°€À°€À°€À°€À°€À°€À(ÄÈÌÌÔ°€ÈÅ|É|ÐÜ°€À°€À°€À°€À°€À°€À°€À°€À(ÄÈÌÌØ°€ÈÅ|É|Ðà°€À°€À°€À°€À°€À°€À°€À°€À(ÄÈÌÌÜ°€ÈÅ|É|Ðä°€À°€À°€À°€À°€À°€À°€À°€À(ÄÈÌÌà°€ÈÅ|É|ÔÀ°€À°€À°€À°€À°€À°€À°€À°€À(ÄÈÌÌä°€ÈÅ|É|ÔÄ°€À°€À°€À°€À°€À°€À°€À°€À(ÄÈÌÐÀ°€ÈÅ|É|ÔÈ°€À°€À°€À°€À°€À°€À°€À°€À(ÄÈÌÐÄ°€ÈÅ|É|ÔÌ°€À°€À°€À°€À°€À°€À°€À°€À(ÄÈÌÐÈ°€ÈÅ|É|ÔÐ°€À°€À°€À°€À°€À°€À°€À°€À(ÄÈÌÐÌ°€ÈÅ|É|ÔÔ°€À°€À°€À°€À°€À°€À°€À°€À(ÄÈÌÐÐ°€ÈÅ|É|ÔØ°€À°€À°€À°€À°€À°€À°€À°€À(ÄÈÌÐÔ°€ÈÅ|É|ÔÜ°€À°€À°€À°€À°€À°€À°€À°€À(ÄÈÌÐØ°€ÈÅ|É|Ôà°€À°€À°€À°€À°€À°€À°€À°€À(ÄÈÌÐÜ°€ÈÅ|É|Ôä°€À°€À°€À°€À°€À°€À°€À°€À(ÄÈÌÐà°€ÈÅ|É|ØÀ°€À°€À°€À°€À°€À°€À°€À°€À(ÄÈÌÐä°€ÈÅ|É|ØÄ°€À°€À°€À°€À°€À°€À°€À°€À(ÄÈÌÔÀ°€ÈÅ|É|ØÈ°€À°€À°€À°€À°€À°€À°€À°€À(ÄÈÌÔÄ°€ÈÅ|É|ØÌ°€À°€À°€À°€À°€À°€À°€À°€À(ÄÈÌÔÈ°€ÈÅ|É|ØÐ°€À°€À°€À°€À°€À°€À°€À°€À(ÄÈÌÔÌ°€ÈÅ|É|ØÔ°€À°€À°€À°€À°€À°€À°€À°€À(ÄÈÌÔÐ°€ÈÅ|É|ØØ°€À°€À°€À°€À°€À°€À°€À°€À(ÄÈÌÔÔ°€ÈÅ|É|ØÜ°€À°€À°€À°€À°€À°€À°€À°€À(ÄÈÌÔØ°€ÈÅ|É|Øà°€À°€À°€À°€À°€À°€À°€À°€À(ÄÈÌÔÜ°€ÈÅ|É|Øä°€À°€À°€À°€À°€À°€À°€À°€À(ÄÈÌÔà°€ÈÅ|É|ÜÀ°€À°€À°€À°€À°€À°€À°€À°€À(ÄÈÌÔä°€ÈÅ|É|ÜÄ°€À°€À°€À°€À°€À°€À°€À°€À(ÄÈÌØÀ°€ÈÅ|É|ÜÈ°€À°€À°€À°€À°€À°€À°€À°€À(ÄÈÌØÄ°€ÈÅ|É|ÜÌ°€À°€À°€À°€À°€À°€À°€À°€À(ÄÈÌØÈ°€ÈÅ|É|ÜÐ°€À°€À°€À°€À°€À°€À°€À°€À(ÄÈÌØÌ°€ÈÅ|É|ÜÔ°€À°€À°€À°€À°€À°€À°€À°€À(ÄÈÌØÐ°€ÈÅ|É|ÜØ°€À°€À°€À°€À°€À°€À°€À°€À(ÄÈÌØÔ°€ÈÅ|É|ÜÜ°€À°€À°€À°€À°€À°€À°€À°€À(ÄÈÌØØ°€ÈÅ|É|Üà°€À°€À°€À°€À°€À°€À°€À°€À(ÄÈÌØÜ°€ÈÅ|É|Üä°€À°€À°€À°€À°€À°€À°€À°€À(ÄÈÌØà°€ÈÅ|É|àÀ°€À°€À°€À°€À°€À°€À°€À°€À(ÄÈÌØä°€ÈÅ|É|àÄ°€À°€À°€À°€À°€À°€À°€À°€À(ÄÈÌÜÀ°€ÈÅ|É|àÈ°€À°€À°€À°€À°€À°€À°€À°€À(ÄÈÌÜÄ°€ÈÅ|É|àÌ°€À°€À°€À°€À°€À°€À°€À°€À(ÄÈÌÜÈ°€ÈÅ|É|àÐ°€À°€À°€À°€À°€À°€À°€À°€À(ÄÈÌÜÌ°€ÈÅ|É|àÔ°€À°€À°€À°€À°€À°€À°€À°€À(ÄÈÌÜÐ°€ÈÅ|É|àØ°€À°€À°€À°€À°€À°€À°€À°€À(ÄÈÌÜÔ°€ÈÅ|É|àÜ°€À°€À°€À°€À°€À°€À°€À°€À(ÄÈÌÜØ°€ÈÅ|É|àà°€À°€À°€À°€À°€À°€À°€À°€À(ÄÈÌÜÜ°€ÈÅ|É|àä°€À°€À°€À°€À°€À°€À°€À°€À(ÄÈÌÜà°€ÈÅ|É|äÀ°€À°€À°€À°€À°€À°€À°€À°€À(ÄÈÌÜä°€ÈÅ|É|äÄ°€À°€À°€À°€À°€À°€À°€À°€À(ÄÈÌàÀ°€ÈÅ|É|äÈ°€À°€À°€À°€À°€À°€À°€À°€À(ÄÈÌàÄ°€ÈÅ|É|äÌ°€À°€À°€À°€À°€À°€À°€À°€À(ÄÈÌàÈ°€ÈÅ|É|äÐ°€À°€À°€À°€À°€À°€À°€À°€À(ÄÈÌàÌ°€ÈÅ|É|äÔ°€À°€À°€À°€À°€À°€À°€À°€À(ÄÈÌàÐ°€ÈÅ|Í|ÀÀ°€À°€À°€À°€À°€À°€À°€À°€À(ÄÈÌàÔ°€ÈÅ|Í|ÀÄ°€À°€À°€À°€À°€À°€À°€À°€À(ÄÈÌàØ°€ÈÅ|Í|ÀÈ°€À°€À°€À°€À°€À°€À°€À°€À(ÄÈÌàÜ°€ÈÅ|Í|ÀÌ°€À°€À°€À°€À°€À°€À°€À°€À(ÄÈÌàà°€ÈÅ|Í|ÀÐ°€À°€À°€À°€À°€À°€À°€À°€À(ÄÈÌàä°€ÈÅ|Í|ÀÔ°€À°€À°€À°€À°€À°€À°€À°€À(ÄÈÌäÀ°€ÈÅ|Í|ÀØ°€À°€À°€À°€À°€À°€À°€À°€À(ÄÈÌäÄ°€ÈÅ|Í|ÀÜ°€À°€À°€À°€À°€À°€À°€À°€À(ÄÈÌäÈ°€ÈÅ|Í|Àà°€À°€À°€À°€À°€À°€À°€À°€À(ÄÈÌäÌ°€ÈÅ|Í|Àä°€À°€À°€À°€À°€À°€À°€À°€À(ÄÈÌäÐ°€ÈÅ|Í|ÄÀ°€À°€À°€À°€À°€À°€À°€À°€À(ÄÈÌäÔ°€ÈÅ|Í|ÄÄ°€À°€À°€À°€À°€À°€À°€À°€À(ÄÈÌäØ°€ÈÅ|Í|ÄÈ°€À°€À°€À°€À°€À°€À°€À°€À(ÄÈÌäÜ°€ÈÅ|Í|ÄÌ°€À°€À°€À°€À°€À°€À°€À°€À(ÄÈÌäà°€ÈÅ|Í|ÄÐ°€À°€À°€À°€À°€À°€À°€À°€À(ÄÈÌää°€ÈÅ|Í|ÄÔ°€À°€À°€À°€À°€À°€À°€À°€À(ÄÈÐÀÀ°€ÈÅ|Í|ÄØ°€À°€À°€À°€À°€À°€À°€À°€À(ÄÈÐÀÄ°€ÈÅ|Í|ÄÜ°€À°€À°€À°€À°€À°€À°€À°€À(ÄÈÐÀÈ°€ÈÅ|Í|Äà°€À°€À°€À°€À°€À°€À°€À°€À(ÄÈÐÀÌ°€ÈÅ|Í|Ää°€À°€À°€À°€À°€À°€À°€À°€À(ÄÈÐÀÐ°€ÈÅ|Í|ÈÀ°€À°€À°€À°€À°€À°€À°€À°€À(ÄÈÐÀÔ°€ÈÅ|Í|ÈÄ°€À°€À°€À°€À°€À°€À°€À°€À(ÄÈÐÀØ°€ÈÅ|Í|ÈÈ°€À°€À°€À°€À°€À°€À°€À°€À(ÄÈÐÀÜ°€ÈÅ|Í|ÈÌ°€À°€À°€À°€À°€À°€À°€À°€À(ÄÈÐÀà°€ÈÅ|Í|ÈÐ°€À°€À°€À°€À°€À°€À°€À°€À(ÄÈÐÀä°€ÈÅ|Í|ÈÔ°€À°€À°€À°€À°€À°€À°€À°€À(ÄÈÐÄÀ°€ÈÅ|Í|ÈØ°€À°€À°€À°€À°€À°€À°€À°€À(ÄÈÐÄÄ°€ÈÅ|Í|ÈÜ°€À°€À°€À°€À°€À°€À°€À°€À(ÄÈÐÄÈ°€ÈÅ|Í|Èà°€À°€À°€À°€À°€À°€À°€À°€À(ÄÈÐÄÌ°€ÈÅ|Í|Èä°€À°€À°€À°€À°€À°€À°€À°€À(ÄÈÐÄÐ°€ÈÅ|Í|ÌÀ°€À°€À°€À°€À°€À°€À°€À°€À(ÄÈÐÄÔ°€ÈÅ|Í|ÌÄ°€À°€À°€À°€À°€À°€À°€À°€À(ÄÈÐÄØ°€ÈÅ|Í|ÌÈ°€À°€À°€À°€À°€À°€À°€À°€À(ÄÈÐÄÜ°€ÈÅ|Í|ÌÌ°€À°€À°€À°€À°€À°€À°€À°€À(ÄÈÐÄà°€ÈÅ|Í|ÌÐ°€À°€À°€À°€À°€À°€À°€À°€À(ÄÈÐÄä°€ÈÅ|Í|ÌÔ°€À°€À°€À°€À°€À°€À°€À°€À(ÄÈÐÈÀ°€ÈÅ|Í|ÌØ°€À°€À°€À°€À°€À°€À°€À°€À(ÄÈÐÈÄ°€ÈÅ|Í|ÌÜ°€À°€À°€À°€À°€À°€À°€À°€À(ÄÈÐÈÈ°€ÈÅ|Í|Ìà°€À°€À°€À°€À°€À°€À°€À°€À(ÄÈÐÈÌ°€ÈÅ|Í|Ìä°€À°€À°€À°€À°€À°€À°€À°€À(ÄÈÐÈÐ°€ÈÅ|Í|ÐÀ°€À°€À°€À°€À°€À°€À°€À°€À(ÄÈÐÈÔ°€ÈÅ|Í|ÐÄ°€À°€À°€À°€À°€À°€À°€À°€À(ÄÈÐÈØ°€ÈÅ|Í|ÐÈ°€À°€À°€À°€À°€À°€À°€À°€À(ÄÈÐÈÜ°€ÈÅ|Í|ÐÌ°€À°€À°€À°€À°€À°€À°€À°€À(ÄÈÐÈà°€ÈÅ|Í|ÐÐ°€À°€À°€À°€À°€À°€À°€À°€À(ÄÈÐÈä°€ÈÅ|Í|ÐÔ°€À°€À°€À°€À°€À°€À°€À°€À(ÄÈÐÌÀ°€ÈÅ|Í|ÐØ°€À°€À°€À°€À°€À°€À°€À°€À(ÄÈÐÌÄ°€ÈÅ|Í|ÐÜ°€À°€À°€À°€À°€À°€À°€À°€À(ÄÈÐÌÈ°€ÈÅ|Í|Ðà°€À°€À°€À°€À°€À°€À°€À°€À(ÄÈÐÌÌ°€ÈÅ|Í|Ðä°€À°€À°€À°€À°€À°€À°€À°€À(ÄÈÐÌÐ°€ÈÅ|Í|ÔÀ°€À°€À°€À°€À°€À°€À°€À°€À(ÄÈÐÌÔ°€ÈÅ|Í|ÔÄ°€À°€À°€À°€À°€À°€À°€À°€À(ÄÈÐÌØ°€ÈÅ|Í|ÔÈ°€À°€À°€À°€À°€À°€À°€À°€À(ÄÈÐÌÜ°€ÈÅ|Í|ÔÌ°€À°€À°€À°€À°€À°€À°€À°€À(ÄÈÐÌà°€ÈÅ|Í|ÔÐ°€À°€À°€À°€À°€À°€À°€À°€À(ÄÈÐÌä°€ÈÅ|Í|ÔÔ°€À°€À°€À°€À°€À°€À°€À°€À(ÄÈÐÐÀ°€ÈÅ|Í|ÔØ°€À°€À°€À°€À°€À°€À°€À°€À(ÄÈÐÐÄ°€ÈÅ|Í|ÔÜ°€À°€À°€À°€À°€À°€À°€À°€À(ÄÈÐÐÈ°€ÈÅ|Í|Ôà°€À°€À°€À°€À°€À°€À°€À°€À(ÄÈÐÐÌ°€ÈÅ|Í|Ôä°€À°€À°€À°€À°€À°€À°€À°€À(ÄÈÐÐÐ°€ÈÅ|Í|ØÀ°€À°€À°€À°€À°€À°€À°€À°€À(ÄÈÐÐÔ°€ÈÅ|Í|ØÄ°€À°€À°€À°€À°€À°€À°€À°€À(ÄÈÐÐØ°€ÈÅ|Í|ØÈ°€À°€À°€À°€À°€À°€À°€À°€À(ÄÈÐÐÜ°€ÈÅ|Í|ØÌ°€À°€À°€À°€À°€À°€À°€À°€À(ÄÈÐÐà°€ÈÅ|Í|ØÐ°€À°€À°€À°€À°€À°€À°€À°€À(ÄÈÐÐä°€ÈÅ|Í|ØÔ°€À°€À°€À°€À°€À°€À°€À°€À(ÄÈÐÔÀ°€ÈÅ|Í|ØØ°€À°€À°€À°€À°€À°€À°€À°€À(ÄÈÐÔÄ°€ÈÅ|Í|ØÜ°€À°€À°€À°€À°€À°€À°€À°€À(ÄÈÐÔÈ°€ÈÅ|Í|Øà°€À°€À°€À°€À°€À°€À°€À°€À(ÄÈÐÔÌ°€ÈÅ|Í|Øä°€À°€À°€À°€À°€À°€À°€À°€À(ÄÈÐÔÐ°€ÈÅ|Í|ÜÀ°€À°€À°€À°€À°€À°€À°€À°€À(ÄÈÐÔÔ°€ÈÅ|Í|ÜÄ°€À°€À°€À°€À°€À°€À°€À°€À(ÄÈÐÔØ°€ÈÅ|Í|ÜÈ°€À°€À°€À°€À°€À°€À°€À°€À(ÄÈÐÔÜ°€ÈÅ|Í|ÜÌ°€À°€À°€À°€À°€À°€À°€À°€À(ÄÈÐÔà°€ÈÅ|Í|ÜÐ°€À°€À°€À°€À°€À°€À°€À°€À(ÄÈÐÔä°€ÈÅ|Í|ÜÔ°€À°€À°€À°€À°€À°€À°€À°€À(ÄÈÐØÀ°€ÈÅ|Í|ÜØ°€À°€À°€À°€À°€À°€À°€À°€À(ÄÈÐØÄ°€ÈÅ|Í|ÜÜ°€À°€À°€À°€À°€À°€À°€À°€À(ÄÈÐØÈ°€ÈÅ|Í|Üà°€À°€À°€À°€À°€À°€À°€À°€À(ÄÈÐØÌ°€ÈÅ|Í|Üä°€À°€À°€À°€À°€À°€À°€À°€À(ÄÈÐØÐ°€ÈÅ|Í|àÀ°€À°€À°€À°€À°€À°€À°€À°€À(ÄÈÐØÔ°€ÈÅ|Í|àÄ°€À°€À°€À°€À°€À°€À°€À°€À(ÄÈÐØØ°€ÈÅ|Í|àÈ°€À°€À°€À°€À°€À°€À°€À°€À(ÄÈÐØÜ°€ÈÅ|Í|àÌ°€À°€À°€À°€À°€À°€À°€À°€À(ÄÈÐØà°€ÈÅ|Í|àÐ°€À°€À°€À°€À°€À°€À°€À°€À(ÄÈÐØä°€ÈÅ|Í|àÔ°€À°€À°€À°€À°€À°€À°€À°€À(ÄÈÐÜÀ°€ÈÅ|Í|àØ°€À°€À°€À°€À°€À°€À°€À°€À(ÄÈÐÜÄ°€ÈÅ|Í|àÜ°€À°€À°€À°€À°€À°€À°€À°€À(ÄÈÐÜÈ°€ÈÅ|Í|àà°€À°€À°€À°€À°€À°€À°€À°€À(ÄÈÐÜÌ°€ÈÅ|Í|àä°€À°€À°€À°€À°€À°€À°€À°€À(ÄÈÐÜÐ°€ÈÅ|Í|äÀ°€À°€À°€À°€À°€À°€À°€À°€À(ÄÈÐÜÔ°€ÈÅ|Í|äÄ°€À°€À°€À°€À°€À°€À°€À°€À(ÄÈÐÜØ°€ÈÅ|Í|äÈ°€À°€À°€À°€À°€À°€À°€À°€À(ÄÈÐÜÜ°€ÈÅ|Í|äÌ°€À°€À°€À°€À°€À°€À°€À°€À(ÄÈÐÜà°€ÈÅ|Í|äÐ°€À°€À°€À°€À°€À°€À°€À°€À(ÄÈÐÜä°€ÈÅ|Í|äÔ°€À°€À°€À°€À°€À°€À°€À°€À(ÄÈÐàÀ°€ÈÅ|Ñ|ÀÀ°€À°€À°€À°€À°€À°€À°€À°€À(ÄÈÐàÄ°€ÈÅ|Ñ|ÀÄ°€À°€À°€À°€À°€À°€À°€À°€À(ÄÈÐàÈ°€ÈÅ|Ñ|ÀÈ°€À°€À°€À°€À°€À°€À°€À°€À(ÄÈÐàÌ°€ÈÅ|Ñ|ÀÌ°€À°€À°€À°€À°€À°€À°€À°€À(ÄÈÐàÐ°€ÈÅ|Ñ|ÀÐ°€À°€À°€À°€À°€À°€À°€À°€À(ÄÈÐàÔ°€ÈÅ|Ñ|ÀÔ°€À°€À°€À°€À°€À°€À°€À°€À(ÄÈÐàØ°€ÈÅ|Ñ|ÀØ°€À°€À°€À°€À°€À°€À°€À°€À(ÄÈÐàÜ°€ÈÅ|Ñ|ÀÜ°€À°€À°€À°€À°€À°€À°€À°€À(ÄÈÐàà°€ÈÅ|Ñ|Àà°€À°€À°€À°€À°€À°€À°€À°€À(ÄÈÐàä°€ÈÅ|Ñ|Àä°€À°€À°€À°€À°€À°€À°€À°€À(ÄÈÐäÀ°€ÈÅ|Ñ|ÄÀ°€À°€À°€À°€À°€À°€À°€À°€À(ÄÈÐäÄ°€ÈÅ|Ñ|ÄÄ°€À°€À°€À°€À°€À°€À°€À°€À(ÄÈÐäÈ°€ÈÅ|Ñ|ÄÈ°€À°€À°€À°€À°€À°€À°€À°€À(ÄÈÐäÌ°€ÈÅ|Ñ|ÄÌ°€À°€À°€À°€À°€À°€À°€À°€À(ÄÈÐäÐ°€ÈÅ|Ñ|ÄÐ°€À°€À°€À°€À°€À°€À°€À°€À(ÄÈÐäÔ°€ÈÅ|Ñ|ÄÔ°€À°€À°€À°€À°€À°€À°€À°€À(ÄÈÐäØ°€ÈÅ|Ñ|ÄØ°€À°€À°€À°€À°€À°€À°€À°€À(ÄÈÐäÜ°€ÈÅ|Ñ|ÄÜ°€À°€À°€À°€À°€À°€À°€À°€À(ÄÈÐäà°€ÈÅ|Ñ|Äà°€À°€À°€À°€À°€À°€À°€À°€À(ÄÈÐää°€ÈÅ|Ñ|Ää°€À°€À°€À°€À°€À°€À°€À°€À(ÄÈÔÀÀ°€ÈÅ|Ñ|ÈÀ°€À°€À°€À°€À°€À°€À°€À°€À(ÄÈÔÀÄ°€ÈÅ|Ñ|ÈÄ°€À°€À°€À°€À°€À°€À°€À°€À(ÄÈÔÀÈ°€ÈÅ|Ñ|ÈÈ°€À°€À°€À°€À°€À°€À°€À°€À(ÄÈÔÀÌ°€ÈÅ|Ñ|ÈÌ°€À°€À°€À°€À°€À°€À°€À°€À(ÄÈÔÀÐ°€ÈÅ|Ñ|ÈÐ°€À°€À°€À°€À°€À°€À°€À°€À(ÄÈÔÀÔ°€ÈÅ|Ñ|ÈÔ°€À°€À°€À°€À°€À°€À°€À°€À(ÄÈÔÀØ°€ÈÅ|Ñ|ÈØ°€À°€À°€À°€À°€À°€À°€À°€À(ÄÈÔÀÜ°€ÈÅ|Ñ|ÈÜ°€À°€À°€À°€À°€À°€À°€À°€À(ÄÈÔÀà°€ÈÅ|Ñ|Èà°€À°€À°€À°€À°€À°€À°€À°€À(ÄÈÔÀä°€ÈÅ|Ñ|Èä°€À°€À°€À°€À°€À°€À°€À°€À(ÄÈÔÄÀ°€ÈÅ|Ñ|ÌÀ°€À°€À°€À°€À°€À°€À°€À°€À(ÄÈÔÄÄ°€ÈÅ|Ñ|ÌÄ°€À°€À°€À°€À°€À°€À°€À°€À(ÄÈÔÄÈ°€ÈÅ|Ñ|ÌÈ°€À°€À°€À°€À°€À°€À°€À°€À(ÄÈÔÄÌ°€ÈÅ|Ñ|ÌÌ°€À°€À°€À°€À°€À°€À°€À°€À(ÄÈÔÄÐ°€ÈÅ|Ñ|ÌÐ°€À°€À°€À°€À°€À°€À°€À°€À(ÄÈÔÄÔ°€ÈÅ|Ñ|ÌÔ°€À°€À°€À°€À°€À°€À°€À°€À(ÄÈÔÄØ°€ÈÅ|Ñ|ÌØ°€À°€À°€À°€À°€À°€À°€À°€À(ÄÈÔÄÜ°€ÈÅ|Ñ|ÌÜ°€À°€À°€À°€À°€À°€À°€À°€À(ÄÈÔÄà°€ÈÅ|Ñ|Ìà°€À°€À°€À°€À°€À°€À°€À°€À(ÄÈÔÄä°€ÈÅ|Ñ|Ìä°€À°€À°€À°€À°€À°€À°€À°€À(ÄÈÔÈÀ°€ÈÅ|Ñ|ÐÀ°€À°€À°€À°€À°€À°€À°€À°€À(ÄÈÔÈÄ°€ÈÅ|Ñ|ÐÄ°€À°€À°€À°€À°€À°€À°€À°€À(ÄÈÔÈÈ°€ÈÅ|Ñ|ÐÈ°€À°€À°€À°€À°€À°€À°€À°€À(ÄÈÔÈÌ°€ÈÅ|Ñ|ÐÌ°€À°€À°€À°€À°€À°€À°€À°€À(ÄÈÔÈÐ°€ÈÅ|Ñ|ÐÐ°€À°€À°€À°€À°€À°€À°€À°€À(ÄÈÔÈÔ°€ÈÅ|Ñ|ÐÔ°€À°€À°€À°€À°€À°€À°€À°€À(ÄÈÔÈØ°€ÈÅ|Ñ|ÐØ°€À°€À°€À°€À°€À°€À°€À°€À(ÄÈÔÈÜ°€ÈÅ|Ñ|ÐÜ°€À°€À°€À°€À°€À°€À°€À°€À(ÄÈÔÈà°€ÈÅ|Ñ|Ðà°€À°€À°€À°€À°€À°€À°€À°€À(ÄÈÔÈä°€ÈÅ|Ñ|Ðä°€À°€À°€À°€À°€À°€À°€À°€À(ÄÈÔÌÀ°€ÈÅ|Ñ|ÔÀ°€À°€À°€À°€À°€À°€À°€À°€À(ÄÈÔÌÄ°€ÈÅ|Ñ|ÔÄ°€À°€À°€À°€À°€À°€À°€À°€À(ÄÈÔÌÈ°€ÈÅ|Ñ|ÔÈ°€À°€À°€À°€À°€À°€À°€À°€À(ÄÈÔÌÌ°€ÈÅ|Ñ|ÔÌ°€À°€À°€À°€À°€À°€À°€À°€À(ÄÈÔÌÐ°€ÈÅ|Ñ|ÔÐ°€À°€À°€À°€À°€À°€À°€À°€À(ÄÈÔÌÔ°€ÈÅ|Ñ|ÔÔ°€À°€À°€À°€À°€À°€À°€À°€À(ÄÈÔÌØ°€ÈÅ|Ñ|ÔØ°€À°€À°€À°€À°€À°€À°€À°€À(ÄÈÔÌÜ°€ÈÅ|Ñ|ÔÜ°€À°€À°€À°€À°€À°€À°€À°€À(ÄÈÔÌà°€ÈÅ|Ñ|Ôà°€À°€À°€À°€À°€À°€À°€À°€À(ÄÈÔÌä°€ÈÅ|Ñ|Ôä°€À°€À°€À°€À°€À°€À°€À°€À(ÄÈÔÐÀ°€ÈÅ|Ñ|ØÀ°€À°€À°€À°€À°€À°€À°€À°€À(ÄÈÔÐÄ°€ÈÅ|Ñ|ØÄ°€À°€À°€À°€À°€À°€À°€À°€À(ÄÈÔÐÈ°€ÈÅ|Ñ|ØÈ°€À°€À°€À°€À°€À°€À°€À°€À(ÄÈÔÐÌ°€ÈÅ|Ñ|ØÌ°€À°€À°€À°€À°€À°€À°€À°€À(ÄÈÔÐÐ°€ÈÅ|Ñ|ØÐ°€À°€À°€À°€À°€À°€À°€À°€À(ÄÈÔÐÔ°€ÈÅ|Ñ|ØÔ°€À°€À°€À°€À°€À°€À°€À°€À(ÄÈÔÐØ°€ÈÅ|Ñ|ØØ°€À°€À°€À°€À°€À°€À°€À°€À(ÄÈÔÐÜ°€ÈÅ|Ñ|ØÜ°€À°€À°€À°€À°€À°€À°€À°€À(ÄÈÔÐà°€ÈÅ|Ñ|Øà°€À°€À°€À°€À°€À°€À°€À°€À(ÄÈÔÐä°€ÈÅ|Ñ|Øä°€À°€À°€À°€À°€À°€À°€À°€À(ÄÈÔÔÀ°€ÈÅ|Ñ|ÜÀ°€À°€À°€À°€À°€À°€À°€À°€À(ÄÈÔÔÄ°€ÈÅ|Ñ|ÜÄ°€À°€À°€À°€À°€À°€À°€À°€À(ÄÈÔÔÈ°€ÈÅ|Ñ|ÜÈ°€À°€À°€À°€À°€À°€À°€À°€À(ÄÈÔÔÌ°€ÈÅ|Ñ|ÜÌ°€À°€À°€À°€À°€À°€À°€À°€À(ÄÈÔÔÐ°€ÈÅ|Ñ|ÜÐ°€À°€À°€À°€À°€À°€À°€À°€À(ÄÈÔÔÔ°€ÈÅ|Ñ|ÜÔ°€À°€À°€À°€À°€À°€À°€À°€À(ÄÈÔÔØ°€ÈÅ|Ñ|ÜØ°€À°€À°€À°€À°€À°€À°€À°€À(ÄÈÔÔÜ°€ÈÅ|Ñ|ÜÜ°€À°€À°€À°€À°€À°€À°€À°€À(ÄÈÔÔà°€ÈÅ|Ñ|Üà°€À°€À°€À°€À°€À°€À°€À°€À(ÄÈÔÔä°€ÈÅ|Ñ|Üä°€À°€À°€À°€À°€À°€À°€À°€À(ÄÈÔØÀ°€ÈÅ|Ñ|àÀ°€À°€À°€À°€À°€À°€À°€À°€À(ÄÈÔØÄ°€ÈÅ|Ñ|àÄ°€À°€À°€À°€À°€À°€À°€À°€À(ÄÈÔØÈ°€ÈÅ|Ñ|àÈ°€À°€À°€À°€À°€À°€À°€À°€À(ÄÈÔØÌ°€ÈÅ|Ñ|àÌ°€À°€À°€À°€À°€À°€À°€À°€À(ÄÈÔØÐ°€ÈÅ|Ñ|àÐ°€À°€À°€À°€À°€À°€À°€À°€À(ÄÈÔØÔ°€ÈÅ|Ñ|àÔ°€À°€À°€À°€À°€À°€À°€À°€À(ÄÈÔØØ°€ÈÅ|Ñ|àØ°€À°€À°€À°€À°€À°€À°€À°€À(ÄÈÔØÜ°€ÈÅ|Ñ|àÜ°€À°€À°€À°€À°€À°€À°€À°€À(ÄÈÔØà°€ÈÅ|Ñ|àà°€À°€À°€À°€À°€À°€À°€À°€À(ÄÈÔØä°€ÈÅ|Ñ|àä°€À°€À°€À°€À°€À°€À°€À°€À(ÄÈÔÜÀ°€ÈÅ|Ñ|äÀ°€À°€À°€À°€À°€À°€À°€À°€À(ÄÈÔÜÄ°€ÈÅ|Ñ|äÄ°€À°€À°€À°€À°€À°€À°€À°€À(ÄÈÔÜÈ°€ÈÅ|Ñ|äÈ°€À°€À°€À°€À°€À°€À°€À°€À(ÄÈÔÜÌ°€ÈÅ|Ñ|äÌ°€À°€À°€À°€À°€À°€À°€À°€À(ÄÈÔÜÐ°€ÈÅ|Ñ|äÐ°€À°€À°€À°€À°€À°€À°€À°€À(ÄÈÔÜÔ°€ÈÅ|Ñ|äÔ°€À°€À°€À°€À°€À°€À°€À°€À(ÄÈÔÜØ°€ÈÅ|Õ|ÀÀ°€À°€À°€À°€À°€À°€À°€À°€À(ÄÈÔÜÜ°€ÈÅ|Õ|ÀÄ°€À°€À°€À°€À°€À°€À°€À°€À(ÄÈÔÜà°€ÈÅ|Õ|ÀÈ°€À°€À°€À°€À°€À°€À°€À°€À(ÄÈÔÜä°€ÈÅ|Õ|ÀÌ°€À°€À°€À°€À°€À°€À°€À°€À(ÄÈÔàÀ°€ÈÅ|Õ|ÀÐ°€À°€À°€À°€À°€À°€À°€À°€À(ÄÈÔàÄ°€ÈÅ|Õ|ÀÔ°€À°€À°€À°€À°€À°€À°€À°€À(ÄÈÔàÈ°€ÈÅ|Õ|ÀØ°€À°€À°€À°€À°€À°€À°€À°€À(ÄÈÔàÌ°€ÈÅ|Õ|ÀÜ°€À°€À°€À°€À°€À°€À°€À°€À(ÄÈÔàÐ°€ÈÅ|Õ|Àà°€À°€À°€À°€À°€À°€À°€À°€À(ÄÈÔàÔ°€ÈÅ|Õ|Àä°€À°€À°€À°€À°€À°€À°€À°€À(ÄÈÔàØ°€ÈÅ|Õ|ÄÀ°€À°€À°€À°€À°€À°€À°€À°€À(ÄÈÔàÜ°€ÈÅ|Õ|ÄÄ°€À°€À°€À°€À°€À°€À°€À°€À(ÄÈÔàà°€ÈÅ|Õ|ÄÈ°€À°€À°€À°€À°€À°€À°€À°€À(ÄÈÔàä°€ÈÅ|Õ|ÄÌ°€À°€À°€À°€À°€À°€À°€À°€À(ÄÈÔäÀ°€ÈÅ|Õ|ÄÐ°€À°€À°€À°€À°€À°€À°€À°€À(ÄÈÔäÄ°€ÈÅ|Õ|ÄÔ°€À°€À°€À°€À°€À°€À°€À°€À(ÄÈÔäÈ°€ÈÅ|Õ|ÄØ°€À°€À°€À°€À°€À°€À°€À°€À(ÄÈÔäÌ°€ÈÅ|Õ|ÄÜ°€À°€À°€À°€À°€À°€À°€À°€À(ÄÈÔäÐ°€ÈÅ|Õ|Äà°€À°€À°€À°€À°€À°€À°€À°€À(ÄÈÔäÔ°€ÈÅ|Õ|Ää°€À°€À°€À°€À°€À°€À°€À°€À(ÄÈÔäØ°€ÈÅ|Õ|ÈÀ°€À°€À°€À°€À°€À°€À°€À°€À(ÄÈÔäÜ°€ÈÅ|Õ|ÈÄ°€À°€À°€À°€À°€À°€À°€À°€À(ÄÈÔäà°€ÈÅ|Õ|ÈÈ°€À°€À°€À°€À°€À°€À°€À°€À(ÄÈÔää°€ÈÅ|Õ|ÈÌ°€À°€À°€À°€À°€À°€À°€À°€À(ÄÈØÀÀ°€ÈÅ|Õ|ÈÐ°€À°€À°€À°€À°€À°€À°€À°€À(ÄÈØÀÄ°€ÈÅ|Õ|ÈÔ°€À°€À°€À°€À°€À°€À°€À°€À(ÄÈØÀÈ°€ÈÅ|Õ|ÈØ°€À°€À°€À°€À°€À°€À°€À°€À(ÄÈØÀÌ°€ÈÅ|Õ|ÈÜ°€À°€À°€À°€À°€À°€À°€À°€À(ÄÈØÀÐ°€ÈÅ|Õ|Èà°€À°€À°€À°€À°€À°€À°€À°€À(ÄÈØÀÔ°€ÈÅ|Õ|Èä°€À°€À°€À°€À°€À°€À°€À°€À(ÄÈØÀØ°€ÈÅ|Õ|ÌÀ°€À°€À°€À°€À°€À°€À°€À°€À(ÄÈØÀÜ°€ÈÅ|Õ|ÌÄ°€À°€À°€À°€À°€À°€À°€À°€À(ÄÈØÀà°€ÈÅ|Õ|ÌÈ°€À°€À°€À°€À°€À°€À°€À°€À(ÄÈØÀä°€ÈÅ|Õ|ÌÌ°€À°€À°€À°€À°€À°€À°€À°€À(ÄÈØÄÀ°€ÈÅ|Õ|ÌÐ°€À°€À°€À°€À°€À°€À°€À°€À(ÄÈØÄÄ°€ÈÅ|Õ|ÌÔ°€À°€À°€À°€À°€À°€À°€À°€À(ÄÈØÄÈ°€ÈÅ|Õ|ÌØ°€À°€À°€À°€À°€À°€À°€À°€À(ÄÈØÄÌ°€ÈÅ|Õ|ÌÜ°€À°€À°€À°€À°€À°€À°€À°€À(ÄÈØÄÐ°€ÈÅ|Õ|Ìà°€À°€À°€À°€À°€À°€À°€À°€À(ÄÈØÄÔ°€ÈÅ|Õ|Ìä°€À°€À°€À°€À°€À°€À°€À°€À(ÄÈØÄØ°€ÈÅ|Õ|ÐÀ°€À°€À°€À°€À°€À°€À°€À°€À(ÄÈØÄÜ°€ÈÅ|Õ|ÐÄ°€À°€À°€À°€À°€À°€À°€À°€À(ÄÈØÄà°€ÈÅ|Õ|ÐÈ°€À°€À°€À°€À°€À°€À°€À°€À(ÄÈØÄä°€ÈÅ|Õ|ÐÌ°€À°€À°€À°€À°€À°€À°€À°€À(ÄÈØÈÀ°€ÈÅ|Õ|ÐÐ°€À°€À°€À°€À°€À°€À°€À°€À(ÄÈØÈÄ°€ÈÅ|Õ|ÐÔ°€À°€À°€À°€À°€À°€À°€À°€À(ÄÈØÈÈ°€ÈÅ|Õ|ÐØ°€À°€À°€À°€À°€À°€À°€À°€À(ÄÈØÈÌ°€ÈÅ|Õ|ÐÜ°€À°€À°€À°€À°€À°€À°€À°€À(ÄÈØÈÐ°€ÈÅ|Õ|Ðà°€À°€À°€À°€À°€À°€À°€À°€À(ÄÈØÈÔ°€ÈÅ|Õ|Ðä°€À°€À°€À°€À°€À°€À°€À°€À(ÄÈØÈØ°€ÈÅ|Õ|ÔÀ°€À°€À°€À°€À°€À°€À°€À°€À(ÄÈØÈÜ°€ÈÅ|Õ|ÔÄ°€À°€À°€À°€À°€À°€À°€À°€À(ÄÈØÈà°€ÈÅ|Õ|ÔÈ°€À°€À°€À°€À°€À°€À°€À°€À(ÄÈØÈä°€ÈÅ|Õ|ÔÌ°€À°€À°€À°€À°€À°€À°€À°€À(ÄÈØÌÀ°€ÈÅ|Õ|ÔÐ°€À°€À°€À°€À°€À°€À°€À°€À(ÄÈØÌÄ°€ÈÅ|Õ|ÔÔ°€À°€À°€À°€À°€À°€À°€À°€À(ÄÈØÌÈ°€ÈÅ|Õ|ÔØ°€À°€À°€À°€À°€À°€À°€À°€À(ÄÈØÌÌ°€ÈÅ|Õ|ÔÜ°€À°€À°€À°€À°€À°€À°€À°€À(ÄÈØÌÐ°€ÈÅ|Õ|Ôà°€À°€À°€À°€À°€À°€À°€À°€À(ÄÈØÌÔ°€ÈÅ|Õ|Ôä°€À°€À°€À°€À°€À°€À°€À°€À(ÄÈØÌØ°€ÈÅ|Õ|ØÀ°€À°€À°€À°€À°€À°€À°€À°€À(ÄÈØÌÜ°€ÈÅ|Õ|ØÄ°€À°€À°€À°€À°€À°€À°€À°€À(ÄÈØÌà°€ÈÅ|Õ|ØÈ°€À°€À°€À°€À°€À°€À°€À°€À(ÄÈØÌä°€ÈÅ|Õ|ØÌ°€À°€À°€À°€À°€À°€À°€À°€À(ÄÈØÐÀ°€ÈÅ|Õ|ØÐ°€À°€À°€À°€À°€À°€À°€À°€À(ÄÈØÐÄ°€ÈÅ|Õ|ØÔ°€À°€À°€À°€À°€À°€À°€À°€À(ÄÈØÐÈ°€ÈÅ|Õ|ØØ°€À°€À°€À°€À°€À°€À°€À°€À(ÄÈØÐÌ°€ÈÅ|Õ|ØÜ°€À°€À°€À°€À°€À°€À°€À°€À(ÄÈØÐÐ°€ÈÅ|Õ|Øà°€À°€À°€À°€À°€À°€À°€À°€À(ÄÈØÐÔ°€ÈÅ|Õ|Øä°€À°€À°€À°€À°€À°€À°€À°€À(ÄÈØÐØ°€ÈÅ|Õ|ÜÀ°€À°€À°€À°€À°€À°€À°€À°€À(ÄÈØÐÜ°€ÈÅ|Õ|ÜÄ°€À°€À°€À°€À°€À°€À°€À°€À(ÄÈØÐà°€ÈÅ|Õ|ÜÈ°€À°€À°€À°€À°€À°€À°€À°€À(ÄÈØÐä°€ÈÅ|Õ|ÜÌ°€À°€À°€À°€À°€À°€À°€À°€À(ÄÈØÔÀ°€ÈÅ|Õ|ÜÐ°€À°€À°€À°€À°€À°€À°€À°€À(ÄÈØÔÄ°€ÈÅ|Õ|ÜÔ°€À°€À°€À°€À°€À°€À°€À°€À(ÄÈØÔÈ°€ÈÅ|Õ|ÜØ°€À°€À°€À°€À°€À°€À°€À°€À(ÄÈØÔÌ°€ÈÅ|Õ|ÜÜ°€À°€À°€À°€À°€À°€À°€À°€À(ÄÈØÔÐ°€ÈÅ|Õ|Üà°€À°€À°€À°€À°€À°€À°€À°€À(ÄÈØÔÔ°€ÈÅ|Õ|Üä°€À°€À°€À°€À°€À°€À°€À°€À(ÄÈØÔØ°€ÈÅ|Õ|àÀ°€À°€À°€À°€À°€À°€À°€À°€À(ÄÈØÔÜ°€ÈÅ|Õ|àÄ°€À°€À°€À°€À°€À°€À°€À°€À(ÄÈØÔà°€ÈÅ|Õ|àÈ°€À°€À°€À°€À°€À°€À°€À°€À(ÄÈØÔä°€ÈÅ|Õ|àÌ°€À°€À°€À°€À°€À°€À°€À°€À(ÄÈØØÀ°€ÈÅ|Õ|àÐ°€À°€À°€À°€À°€À°€À°€À°€À(ÄÈØØÄ°€ÈÅ|Õ|àÔ°€À°€À°€À°€À°€À°€À°€À°€À(ÄÈØØÈ°€ÈÅ|Õ|àØ°€À°€À°€À°€À°€À°€À°€À°€À(ÄÈØØÌ°€ÈÅ|Õ|àÜ°€À°€À°€À°€À°€À°€À°€À°€À(ÄÈØØÐ°€ÈÅ|Õ|àà°€À°€À°€À°€À°€À°€À°€À°€À(ÄÈØØÔ°€ÈÅ|Õ|àä°€À°€À°€À°€À°€À°€À°€À°€À(ÄÈØØØ°€ÈÅ|Õ|äÀ°€À°€À°€À°€À°€À°€À°€À°€À(ÄÈØØÜ°€ÈÅ|Õ|äÄ°€À°€À°€À°€À°€À°€À°€À°€À(ÄÈØØà°€ÈÅ|Õ|äÈ°€À°€À°€À°€À°€À°€À°€À°€À(ÄÈØØä°€ÈÅ|Õ|äÌ°€À°€À°€À°€À°€À°€À°€À°€À(ÄÈØÜÀ°€ÈÅ|Õ|äÐ°€À°€À°€À°€À°€À°€À°€À°€À(ÄÈØÜÄ°€ÈÅ|Õ|äÔ°€À°€À°€À°€À°€À°€À°€À°€À(ÄÈØÜÈ°€ÈÉ|Á|ÀÀ°€À°€À°€À°€À°€À°€À°€À°€À(ÄÈØÜÌ°€ÈÉ|Á|ÀÄ°€À°€À°€À°€À°€À°€À°€À°€À(ÄÈØÜÐ°€ÈÉ|Á|ÀÈ°€À°€À°€À°€À°€À°€À°€À°€À(ÄÈØÜÔ°€ÈÉ|Á|ÀÌ°€À°€À°€À°€À°€À°€À°€À°€À(ÄÈØÜØ°€ÈÉ|Á|ÀÐ°€À°€À°€À°€À°€À°€À°€À°€À(ÄÈØÜÜ°€ÈÉ|Á|ÀÔ°€À°€À°€À°€À°€À°€À°€À°€À(ÄÈØÜà°€ÈÉ|Á|ÀØ°€À°€À°€À°€À°€À°€À°€À°€À(ÄÈØÜä°€ÈÉ|Á|ÀÜ°€À°€À°€À°€À°€À°€À°€À°€À(ÄÈØàÀ°€ÈÉ|Á|Àà°€À°€À°€À°€À°€À°€À°€À°€À(ÄÈØàÄ°€ÈÉ|Á|Àä°€À°€À°€À°€À°€À°€À°€À°€À(ÄÈØàÈ°€ÈÉ|Á|ÄÀ°€À°€À°€À°€À°€À°€À°€À°€À(ÄÈØàÌ°€ÈÉ|Á|ÄÄ°€À°€À°€À°€À°€À°€À°€À°€À(ÄÈØàÐ°€ÈÉ|Á|ÄÈ°€À°€À°€À°€À°€À°€À°€À°€À(ÄÈØàÔ°€ÈÉ|Á|ÄÌ°€À°€À°€À°€À°€À°€À°€À°€À(ÄÈØàØ°€ÈÉ|Á|ÄÐ°€À°€À°€À°€À°€À°€À°€À°€À(ÄÈØàÜ°€ÈÉ|Á|ÄÔ°€À°€À°€À°€À°€À°€À°€À°€À(ÄÈØàà°€ÈÉ|Á|ÄØ°€À°€À°€À°€À°€À°€À°€À°€À(ÄÈØàä°€ÈÉ|Á|ÄÜ°€À°€À°€À°€À°€À°€À°€À°€À(ÄÈØäÀ°€ÈÉ|Á|Äà°€À°€À°€À°€À°€À°€À°€À°€À(ÄÈØäÄ°€ÈÉ|Á|Ää°€À°€À°€À°€À°€À°€À°€À°€À(ÄÈØäÈ°€ÈÉ|Á|ÈÀ°€À°€À°€À°€À°€À°€À°€À°€À(ÄÈØäÌ°€ÈÉ|Á|ÈÄ°€À°€À°€À°€À°€À°€À°€À°€À(ÄÈØäÐ°€ÈÉ|Á|ÈÈ°€À°€À°€À°€À°€À°€À°€À°€À(ÄÈØäÔ°€ÈÉ|Á|ÈÌ°€À°€À°€À°€À°€À°€À°€À°€À(ÄÈØäØ°€ÈÉ|Á|ÈÐ°€À°€À°€À°€À°€À°€À°€À°€À(ÄÈØäÜ°€ÈÉ|Á|ÈÔ°€À°€À°€À°€À°€À°€À°€À°€À(ÄÈØäà°€ÈÉ|Á|ÈØ°€À°€À°€À°€À°€À°€À°€À°€À(ÄÈØää°€ÈÉ|Á|ÈÜ°€À°€À°€À°€À°€À°€À°€À°€À(ÄÈÜÀÀ°€ÈÉ|Á|Èà°€À°€À°€À°€À°€À°€À°€À°€À(ÄÈÜÀÄ°€ÈÉ|Á|Èä°€À°€À°€À°€À°€À°€À°€À°€À(ÄÈÜÀÈ°€ÈÉ|Á|ÌÀ°€À°€À°€À°€À°€À°€À°€À°€À(ÄÈÜÀÌ°€ÈÉ|Á|ÌÄ°€À°€À°€À°€À°€À°€À°€À°€À(ÄÈÜÀÐ°€ÈÉ|Á|ÌÈ°€À°€À°€À°€À°€À°€À°€À°€À(ÄÈÜÀÔ°€ÈÉ|Á|ÌÌ°€À°€À°€À°€À°€À°€À°€À°€À(ÄÈÜÀØ°€ÈÉ|Á|ÌÐ°€À°€À°€À°€À°€À°€À°€À°€À(ÄÈÜÀÜ°€ÈÉ|Á|ÌÔ°€À°€À°€À°€À°€À°€À°€À°€À(ÄÈÜÀà°€ÈÉ|Á|ÌØ°€À°€À°€À°€À°€À°€À°€À°€À(ÄÈÜÀä°€ÈÉ|Á|ÌÜ°€À°€À°€À°€À°€À°€À°€À°€À(ÄÈÜÄÀ°€ÈÉ|Á|Ìà°€À°€À°€À°€À°€À°€À°€À°€À(ÄÈÜÄÄ°€ÈÉ|Á|Ìä°€À°€À°€À°€À°€À°€À°€À°€À(ÄÈÜÄÈ°€ÈÉ|Á|ÐÀ°€À°€À°€À°€À°€À°€À°€À°€À(ÄÈÜÄÌ°€ÈÉ|Á|ÐÄ°€À°€À°€À°€À°€À°€À°€À°€À(ÄÈÜÄÐ°€ÈÉ|Á|ÐÈ°€À°€À°€À°€À°€À°€À°€À°€À(ÄÈÜÄÔ°€ÈÉ|Á|ÐÌ°€À°€À°€À°€À°€À°€À°€À°€À(ÄÈÜÄØ°€ÈÉ|Á|ÐÐ°€À°€À°€À°€À°€À°€À°€À°€À(ÄÈÜÄÜ°€ÈÉ|Á|ÐÔ°€À°€À°€À°€À°€À°€À°€À°€À(ÄÈÜÄà°€ÈÉ|Á|ÐØ°€À°€À°€À°€À°€À°€À°€À°€À(ÄÈÜÄä°€ÈÉ|Á|ÐÜ°€À°€À°€À°€À°€À°€À°€À°€À(ÄÈÜÈÀ°€ÈÉ|Á|Ðà°€À°€À°€À°€À°€À°€À°€À°€À(ÄÈÜÈÄ°€ÈÉ|Á|Ðä°€À°€À°€À°€À°€À°€À°€À°€À(ÄÈÜÈÈ°€ÈÉ|Á|ÔÀ°€À°€À°€À°€À°€À°€À°€À°€À(ÄÈÜÈÌ°€ÈÉ|Á|ÔÄ°€À°€À°€À°€À°€À°€À°€À°€À(ÄÈÜÈÐ°€ÈÉ|Á|ÔÈ°€À°€À°€À°€À°€À°€À°€À°€À(ÄÈÜÈÔ°€ÈÉ|Á|ÔÌ°€À°€À°€À°€À°€À°€À°€À°€À(ÄÈÜÈØ°€ÈÉ|Á|ÔÐ°€À°€À°€À°€À°€À°€À°€À°€À(ÄÈÜÈÜ°€ÈÉ|Á|ÔÔ°€À°€À°€À°€À°€À°€À°€À°€À(ÄÈÜÈà°€ÈÉ|Á|ÔØ°€À°€À°€À°€À°€À°€À°€À°€À(ÄÈÜÈä°€ÈÉ|Á|ÔÜ°€À°€À°€À°€À°€À°€À°€À°€À(ÄÈÜÌÀ°€ÈÉ|Á|Ôà°€À°€À°€À°€À°€À°€À°€À°€À(ÄÈÜÌÄ°€ÈÉ|Á|Ôä°€À°€À°€À°€À°€À°€À°€À°€À(ÄÈÜÌÈ°€ÈÉ|Á|ØÀ°€À°€À°€À°€À°€À°€À°€À°€À(ÄÈÜÌÌ°€ÈÉ|Á|ØÄ°€À°€À°€À°€À°€À°€À°€À°€À(ÄÈÜÌÐ°€ÈÉ|Á|ØÈ°€À°€À°€À°€À°€À°€À°€À°€À(ÄÈÜÌÔ°€ÈÉ|Á|ØÌ°€À°€À°€À°€À°€À°€À°€À°€À(ÄÈÜÌØ°€ÈÉ|Á|ØÐ°€À°€À°€À°€À°€À°€À°€À°€À(ÄÈÜÌÜ°€ÈÉ|Á|ØÔ°€À°€À°€À°€À°€À°€À°€À°€À(ÄÈÜÌà°€ÈÉ|Á|ØØ°€À°€À°€À°€À°€À°€À°€À°€À(ÄÈÜÌä°€ÈÉ|Á|ØÜ°€À°€À°€À°€À°€À°€À°€À°€À(ÄÈÜÐÀ°€ÈÉ|Á|Øà°€À°€À°€À°€À°€À°€À°€À°€À(ÄÈÜÐÄ°€ÈÉ|Á|Øä°€À°€À°€À°€À°€À°€À°€À°€À(ÄÈÜÐÈ°€ÈÉ|Á|ÜÀ°€À°€À°€À°€À°€À°€À°€À°€À(ÄÈÜÐÌ°€ÈÉ|Á|ÜÄ°€À°€À°€À°€À°€À°€À°€À°€À(ÄÈÜÐÐ°€ÈÉ|Á|ÜÈ°€À°€À°€À°€À°€À°€À°€À°€À(ÄÈÜÐÔ°€ÈÉ|Á|ÜÌ°€À°€À°€À°€À°€À°€À°€À°€À(ÄÈÜÐØ°€ÈÉ|Á|ÜÐ°€À°€À°€À°€À°€À°€À°€À°€À(ÄÈÜÐÜ°€ÈÉ|Á|ÜÔ°€À°€À°€À°€À°€À°€À°€À°€À(ÄÈÜÐà°€ÈÉ|Á|ÜØ°€À°€À°€À°€À°€À°€À°€À°€À(ÄÈÜÐä°€ÈÉ|Á|ÜÜ°€À°€À°€À°€À°€À°€À°€À°€À(ÄÈÜÔÀ°€ÈÉ|Á|Üà°€À°€À°€À°€À°€À°€À°€À°€À(ÄÈÜÔÄ°€ÈÉ|Á|Üä°€À°€À°€À°€À°€À°€À°€À°€À(ÄÈÜÔÈ°€ÈÉ|Á|àÀ°€À°€À°€À°€À°€À°€À°€À°€À(ÄÈÜÔÌ°€ÈÉ|Á|àÄ°€À°€À°€À°€À°€À°€À°€À°€À(ÄÈÜÔÐ°€ÈÉ|Á|àÈ°€À°€À°€À°€À°€À°€À°€À°€À(ÄÈÜÔÔ°€ÈÉ|Á|àÌ°€À°€À°€À°€À°€À°€À°€À°€À(ÄÈÜÔØ°€ÈÉ|Á|àÐ°€À°€À°€À°€À°€À°€À°€À°€À(ÄÈÜÔÜ°€ÈÉ|Á|àÔ°€À°€À°€À°€À°€À°€À°€À°€À(ÄÈÜÔà°€ÈÉ|Á|àØ°€À°€À°€À°€À°€À°€À°€À°€À(ÄÈÜÔä°€ÈÉ|Á|àÜ°€À°€À°€À°€À°€À°€À°€À°€À(ÄÈÜØÀ°€ÈÉ|Á|àà°€À°€À°€À°€À°€À°€À°€À°€À(ÄÈÜØÄ°€ÈÉ|Á|àä°€À°€À°€À°€À°€À°€À°€À°€À(ÄÈÜØÈ°€ÈÉ|Á|äÀ°€À°€À°€À°€À°€À°€À°€À°€À(ÄÈÜØÌ°€ÈÉ|Á|äÄ°€À°€À°€À°€À°€À°€À°€À°€À(ÄÈÜØÐ°€ÈÉ|Á|äÈ°€À°€À°€À°€À°€À°€À°€À°€À(ÄÈÜØÔ°€ÈÉ|Á|äÌ°€À°€À°€À°€À°€À°€À°€À°€À(ÄÈÜØØ°€ÈÉ|Á|äÐ°€À°€À°€À°€À°€À°€À°€À°€À(ÄÈÜØÜ°€ÈÉ|Á|äÔ°€À°€À°€À°€À°€À°€À°€À°€À(ÄÈÜØà°€ÈÉ|Å|ÀÀ°€À°€À°€À°€À°€À°€À°€À°€À(ÄÈÜØä°€ÈÉ|Å|ÀÄ°€À°€À°€À°€À°€À°€À°€À°€À(ÄÈÜÜÀ°€ÈÉ|Å|ÀÈ°€À°€À°€À°€À°€À°€À°€À°€À(ÄÈÜÜÄ°€ÈÉ|Å|ÀÌ°€À°€À°€À°€À°€À°€À°€À°€À(ÄÈÜÜÈ°€ÈÉ|Å|ÀÐ°€À°€À°€À°€À°€À°€À°€À°€À(ÄÈÜÜÌ°€ÈÉ|Å|ÀÔ°€À°€À°€À°€À°€À°€À°€À°€À(ÄÈÜÜÐ°€ÈÉ|Å|ÀØ°€À°€À°€À°€À°€À°€À°€À°€À(ÄÈÜÜÔ°€ÈÉ|Å|ÀÜ°€À°€À°€À°€À°€À°€À°€À°€À(ÄÈÜÜØ°€ÈÉ|Å|Àà°€À°€À°€À°€À°€À°€À°€À°€À(ÄÈÜÜÜ°€ÈÉ|Å|Àä°€À°€À°€À°€À°€À°€À°€À°€À(ÄÈÜÜà°€ÈÉ|Å|ÄÀ°€À°€À°€À°€À°€À°€À°€À°€À(ÄÈÜÜä°€ÈÉ|Å|ÄÄ°€À°€À°€À°€À°€À°€À°€À°€À(ÄÈÜàÀ°€ÈÉ|Å|ÄÈ°€À°€À°€À°€À°€À°€À°€À°€À(ÄÈÜàÄ°€ÈÉ|Å|ÄÌ°€À°€À°€À°€À°€À°€À°€À°€À(ÄÈÜàÈ°€ÈÉ|Å|ÄÐ°€À°€À°€À°€À°€À°€À°€À°€À(ÄÈÜàÌ°€ÈÉ|Å|ÄÔ°€À°€À°€À°€À°€À°€À°€À°€À(ÄÈÜàÐ°€ÈÉ|Å|ÄØ°€À°€À°€À°€À°€À°€À°€À°€À(ÄÈÜàÔ°€ÈÉ|Å|ÄÜ°€À°€À°€À°€À°€À°€À°€À°€À(ÄÈÜàØ°€ÈÉ|Å|Äà°€À°€À°€À°€À°€À°€À°€À°€À(ÄÈÜàÜ°€ÈÉ|Å|Ää°€À°€À°€À°€À°€À°€À°€À°€À(ÄÈÜàà°€ÈÉ|Å|ÈÀ°€À°€À°€À°€À°€À°€À°€À°€À(ÄÈÜàä°€ÈÉ|Å|ÈÄ°€À°€À°€À°€À°€À°€À°€À°€À(ÄÈÜäÀ°€ÈÉ|Å|ÈÈ°€À°€À°€À°€À°€À°€À°€À°€À(ÄÈÜäÄ°€ÈÉ|Å|ÈÌ°€À°€À°€À°€À°€À°€À°€À°€À(ÄÈÜäÈ°€ÈÉ|Å|ÈÐ°€À°€À°€À°€À°€À°€À°€À°€À(ÄÈÜäÌ°€ÈÉ|Å|ÈÔ°€À°€À°€À°€À°€À°€À°€À°€À(ÄÈÜäÐ°€ÈÉ|Å|ÈØ°€À°€À°€À°€À°€À°€À°€À°€À(ÄÈÜäÔ°€ÈÉ|Å|ÈÜ°€À°€À°€À°€À°€À°€À°€À°€À(ÄÈÜäØ°€ÈÉ|Å|Èà°€À°€À°€À°€À°€À°€À°€À°€À(ÄÈÜäÜ°€ÈÉ|Å|Èä°€À°€À°€À°€À°€À°€À°€À°€À(ÄÈÜäà°€ÈÉ|Å|ÌÀ°€À°€À°€À°€À°€À°€À°€À°€À(ÄÈÜää°€ÈÉ|Å|ÌÄ°€À°€À°€À°€À°€À°€À°€À°€À(ÄÈàÀÀ°€ÈÉ|Å|ÌÈ°€À°€À°€À°€À°€À°€À°€À°€À(ÄÈàÀÄ°€ÈÉ|Å|ÌÌ°€À°€À°€À°€À°€À°€À°€À°€À(ÄÈàÀÈ°€ÈÉ|Å|ÌÐ°€À°€À°€À°€À°€À°€À°€À°€À(ÄÈàÀÌ°€ÈÉ|Å|ÌÔ°€À°€À°€À°€À°€À°€À°€À°€À(ÄÈàÀÐ°€ÈÉ|Å|ÌØ°€À°€À°€À°€À°€À°€À°€À°€À(ÄÈàÀÔ°€ÈÉ|Å|ÌÜ°€À°€À°€À°€À°€À°€À°€À°€À(ÄÈàÀØ°€ÈÉ|Å|Ìà°€À°€À°€À°€À°€À°€À°€À°€À(ÄÈàÀÜ°€ÈÉ|Å|Ìä°€À°€À°€À°€À°€À°€À°€À°€À(ÄÈàÀà°€ÈÉ|Å|ÐÀ°€À°€À°€À°€À°€À°€À°€À°€À(ÄÈàÀä°€ÈÉ|Å|ÐÄ°€À°€À°€À°€À°€À°€À°€À°€À(ÄÈàÄÀ°€ÈÉ|Å|ÐÈ°€À°€À°€À°€À°€À°€À°€À°€À(ÄÈàÄÄ°€ÈÉ|Å|ÐÌ°€À°€À°€À°€À°€À°€À°€À°€À(ÄÈàÄÈ°€ÈÉ|Å|ÐÐ°€À°€À°€À°€À°€À°€À°€À°€À(ÄÈàÄÌ°€ÈÉ|Å|ÐÔ°€À°€À°€À°€À°€À°€À°€À°€À(ÄÈàÄÐ°€ÈÉ|Å|ÐØ°€À°€À°€À°€À°€À°€À°€À°€À(ÄÈàÄÔ°€ÈÉ|Å|ÐÜ°€À°€À°€À°€À°€À°€À°€À°€À(ÄÈàÄØ°€ÈÉ|Å|Ðà°€À°€À°€À°€À°€À°€À°€À°€À(ÄÈàÄÜ°€ÈÉ|Å|Ðä°€À°€À°€À°€À°€À°€À°€À°€À(ÄÈàÄà°€ÈÉ|Å|ÔÀ°€À°€À°€À°€À°€À°€À°€À°€À(ÄÈàÄä°€ÈÉ|Å|ÔÄ°€À°€À°€À°€À°€À°€À°€À°€À(ÄÈàÈÀ°€ÈÉ|Å|ÔÈ°€À°€À°€À°€À°€À°€À°€À°€À(ÄÈàÈÄ°€ÈÉ|Å|ÔÌ°€À°€À°€À°€À°€À°€À°€À°€À(ÄÈàÈÈ°€ÈÉ|Å|ÔÐ°€À°€À°€À°€À°€À°€À°€À°€À(ÄÈàÈÌ°€ÈÉ|Å|ÔÔ°€À°€À°€À°€À°€À°€À°€À°€À(ÄÈàÈÐ°€ÈÉ|Å|ÔØ°€À°€À°€À°€À°€À°€À°€À°€À(ÄÈàÈÔ°€ÈÉ|Å|ÔÜ°€À°€À°€À°€À°€À°€À°€À°€À(ÄÈàÈØ°€ÈÉ|Å|Ôà°€À°€À°€À°€À°€À°€À°€À°€À(ÄÈàÈÜ°€ÈÉ|Å|Ôä°€À°€À°€À°€À°€À°€À°€À°€À(ÄÈàÈà°€ÈÉ|Å|ØÀ°€À°€À°€À°€À°€À°€À°€À°€À(ÄÈàÈä°€ÈÉ|Å|ØÄ°€À°€À°€À°€À°€À°€À°€À°€À(ÄÈàÌÀ°€ÈÉ|Å|ØÈ°€À°€À°€À°€À°€À°€À°€À°€À(ÄÈàÌÄ°€ÈÉ|Å|ØÌ°€À°€À°€À°€À°€À°€À°€À°€À(ÄÈàÌÈ°€ÈÉ|Å|ØÐ°€À°€À°€À°€À°€À°€À°€À°€À(ÄÈàÌÌ°€ÈÉ|Å|ØÔ°€À°€À°€À°€À°€À°€À°€À°€À(ÄÈàÌÐ°€ÈÉ|Å|ØØ°€À°€À°€À°€À°€À°€À°€À°€À(ÄÈàÌÔ°€ÈÉ|Å|ØÜ°€À°€À°€À°€À°€À°€À°€À°€À(ÄÈàÌØ°€ÈÉ|Å|Øà°€À°€À°€À°€À°€À°€À°€À°€À(ÄÈàÌÜ°€ÈÉ|Å|Øä°€À°€À°€À°€À°€À°€À°€À°€À(ÄÈàÌà°€ÈÉ|Å|ÜÀ°€À°€À°€À°€À°€À°€À°€À°€À(ÄÈàÌä°€ÈÉ|Å|ÜÄ°€À°€À°€À°€À°€À°€À°€À°€À(ÄÈàÐÀ°€ÈÉ|Å|ÜÈ°€À°€À°€À°€À°€À°€À°€À°€À(ÄÈàÐÄ°€ÈÉ|Å|ÜÌ°€À°€À°€À°€À°€À°€À°€À°€À(ÄÈàÐÈ°€ÈÉ|Å|ÜÐ°€À°€À°€À°€À°€À°€À°€À°€À(ÄÈàÐÌ°€ÈÉ|Å|ÜÔ°€À°€À°€À°€À°€À°€À°€À°€À(ÄÈàÐÐ°€ÈÉ|Å|ÜØ°€À°€À°€À°€À°€À°€À°€À°€À(ÄÈàÐÔ°€ÈÉ|Å|ÜÜ°€À°€À°€À°€À°€À°€À°€À°€À(ÄÈàÐØ°€ÈÉ|Å|Üà°€À°€À°€À°€À°€À°€À°€À°€À(ÄÈàÐÜ°€ÈÉ|Å|Üä°€À°€À°€À°€À°€À°€À°€À°€À(ÄÈàÐà°€ÈÉ|Å|àÀ°€À°€À°€À°€À°€À°€À°€À°€À(ÄÈàÐä°€ÈÉ|Å|àÄ°€À°€À°€À°€À°€À°€À°€À°€À(ÄÈàÔÀ°€ÈÉ|Å|àÈ°€À°€À°€À°€À°€À°€À°€À°€À(ÄÈàÔÄ°€ÈÉ|Å|àÌ°€À°€À°€À°€À°€À°€À°€À°€À(ÄÈàÔÈ°€ÈÉ|Å|àÐ°€À°€À°€À°€À°€À°€À°€À°€À(ÄÈàÔÌ°€ÈÉ|Å|àÔ°€À°€À°€À°€À°€À°€À°€À°€À(ÄÈàÔÐ°€ÈÉ|Å|àØ°€À°€À°€À°€À°€À°€À°€À°€À(ÄÈàÔÔ°€ÈÉ|Å|àÜ°€À°€À°€À°€À°€À°€À°€À°€À(ÄÈàÔØ°€ÈÉ|Å|àà°€À°€À°€À°€À°€À°€À°€À°€À(ÄÈàÔÜ°€ÈÉ|Å|àä°€À°€À°€À°€À°€À°€À°€À°€À(ÄÈàÔà°€ÈÉ|Å|äÀ°€À°€À°€À°€À°€À°€À°€À°€À(ÄÈàÔä°€ÈÉ|Å|äÄ°€À°€À°€À°€À°€À°€À°€À°€À(ÄÈàØÀ°€ÈÉ|Å|äÈ°€À°€À°€À°€À°€À°€À°€À°€À(ÄÈàØÄ°€ÈÉ|Å|äÌ°€À°€À°€À°€À°€À°€À°€À°€À(ÄÈàØÈ°€ÈÉ|Å|äÐ°€À°€À°€À°€À°€À°€À°€À°€À(ÄÈàØÌ°€ÈÉ|Å|äÔ°€À°€À°€À°€À°€À°€À°€À°€À(ÄÈàØÐ°€ÈÉ|É|ÀÀ°€À°€À°€À°€À°€À°€À°€À°€À(ÄÈàØÔ°€ÈÉ|É|ÀÄ°€À°€À°€À°€À°€À°€À°€À°€À(ÄÈàØØ°€ÈÉ|É|ÀÈ°€À°€À°€À°€À°€À°€À°€À°€À(ÄÈàØÜ°€ÈÉ|É|ÀÌ°€À°€À°€À°€À°€À°€À°€À°€À(ÄÈàØà°€ÈÉ|É|ÀÐ°€À°€À°€À°€À°€À°€À°€À°€À(ÄÈàØä°€ÈÉ|É|ÀÔ°€À°€À°€À°€À°€À°€À°€À°€À(ÄÈàÜÀ°€ÈÉ|É|ÀØ°€À°€À°€À°€À°€À°€À°€À°€À(ÄÈàÜÄ°€ÈÉ|É|ÀÜ°€À°€À°€À°€À°€À°€À°€À°€À(ÄÈàÜÈ°€ÈÉ|É|Àà°€À°€À°€À°€À°€À°€À°€À°€À(ÄÈàÜÌ°€ÈÉ|É|Àä°€À°€À°€À°€À°€À°€À°€À°€À(ÄÈàÜÐ°€ÈÉ|É|ÄÀ°€À°€À°€À°€À°€À°€À°€À°€À(ÄÈàÜÔ°€ÈÉ|É|ÄÄ°€À°€À°€À°€À°€À°€À°€À°€À(ÄÈàÜØ°€ÈÉ|É|ÄÈ°€À°€À°€À°€À°€À°€À°€À°€À(ÄÈàÜÜ°€ÈÉ|É|ÄÌ°€À°€À°€À°€À°€À°€À°€À°€À(ÄÈàÜà°€ÈÉ|É|ÄÐ°€À°€À°€À°€À°€À°€À°€À°€À(ÄÈàÜä°€ÈÉ|É|ÄÔ°€À°€À°€À°€À°€À°€À°€À°€À(ÄÈààÀ°€ÈÉ|É|ÄØ°€À°€À°€À°€À°€À°€À°€À°€À(ÄÈààÄ°€ÈÉ|É|ÄÜ°€À°€À°€À°€À°€À°€À°€À°€À(ÄÈààÈ°€ÈÉ|É|Äà°€À°€À°€À°€À°€À°€À°€À°€À(ÄÈààÌ°€ÈÉ|É|Ää°€À°€À°€À°€À°€À°€À°€À°€À(ÄÈààÐ°€ÈÉ|É|ÈÀ°€À°€À°€À°€À°€À°€À°€À°€À(ÄÈààÔ°€ÈÉ|É|ÈÄ°€À°€À°€À°€À°€À°€À°€À°€À(ÄÈààØ°€ÈÉ|É|ÈÈ°€À°€À°€À°€À°€À°€À°€À°€À(ÄÈààÜ°€ÈÉ|É|ÈÌ°€À°€À°€À°€À°€À°€À°€À°€À(ÄÈààà°€ÈÉ|É|ÈÐ°€À°€À°€À°€À°€À°€À°€À°€À(ÄÈààä°€ÈÉ|É|ÈÔ°€À°€À°€À°€À°€À°€À°€À°€À(ÄÈàäÀ°€ÈÉ|É|ÈØ°€À°€À°€À°€À°€À°€À°€À°€À(ÄÈàäÄ°€ÈÉ|É|ÈÜ°€À°€À°€À°€À°€À°€À°€À°€À(ÄÈàäÈ°€ÈÉ|É|Èà°€À°€À°€À°€À°€À°€À°€À°€À(ÄÈàäÌ°€ÈÉ|É|Èä°€À°€À°€À°€À°€À°€À°€À°€À(ÄÈàäÐ°€ÈÉ|É|ÌÀ°€À°€À°€À°€À°€À°€À°€À°€À(ÄÈàäÔ°€ÈÉ|É|ÌÄ°€À°€À°€À°€À°€À°€À°€À°€À(ÄÈàäØ°€ÈÉ|É|ÌÈ°€À°€À°€À°€À°€À°€À°€À°€À(ÄÈàäÜ°€ÈÉ|É|ÌÌ°€À°€À°€À°€À°€À°€À°€À°€À(ÄÈàäà°€ÈÉ|É|ÌÐ°€À°€À°€À°€À°€À°€À°€À°€À(ÄÈàää°€ÈÉ|É|ÌÔ°€À°€À°€À°€À°€À°€À°€À°€À(ÄÈäÀÀ°€ÈÉ|É|ÌØ°€À°€À°€À°€À°€À°€À°€À°€À(ÄÈäÀÄ°€ÈÉ|É|ÌÜ°€À°€À°€À°€À°€À°€À°€À°€À(ÄÈäÀÈ°€ÈÉ|É|Ìà°€À°€À°€À°€À°€À°€À°€À°€À(ÄÈäÀÌ°€ÈÉ|É|Ìä°€À°€À°€À°€À°€À°€À°€À°€À(ÄÈäÀÐ°€ÈÉ|É|ÐÀ°€À°€À°€À°€À°€À°€À°€À°€À(ÄÈäÀÔ°€ÈÉ|É|ÐÄ°€À°€À°€À°€À°€À°€À°€À°€À(ÄÈäÀØ°€ÈÉ|É|ÐÈ°€À°€À°€À°€À°€À°€À°€À°€À(ÄÈäÀÜ°€ÈÉ|É|ÐÌ°€À°€À°€À°€À°€À°€À°€À°€À(ÄÈäÀà°€ÈÉ|É|ÐÐ°€À°€À°€À°€À°€À°€À°€À°€À(ÄÈäÀä°€ÈÉ|É|ÐÔ°€À°€À°€À°€À°€À°€À°€À°€À(ÄÈäÄÀ°€ÈÉ|É|ÐØ°€À°€À°€À°€À°€À°€À°€À°€À(ÄÈäÄÄ°€ÈÉ|É|ÐÜ°€À°€À°€À°€À°€À°€À°€À°€À(ÄÈäÄÈ°€ÈÉ|É|Ðà°€À°€À°€À°€À°€À°€À°€À°€À(ÄÈäÄÌ°€ÈÉ|É|Ðä°€À°€À°€À°€À°€À°€À°€À°€À(ÄÈäÄÐ°€ÈÉ|É|ÔÀ°€À°€À°€À°€À°€À°€À°€À°€À(ÄÈäÄÔ°€ÈÉ|É|ÔÄ°€À°€À°€À°€À°€À°€À°€À°€À(ÄÈäÄØ°€ÈÉ|É|ÔÈ°€À°€À°€À°€À°€À°€À°€À°€À(ÄÈäÄÜ°€ÈÉ|É|ÔÌ°€À°€À°€À°€À°€À°€À°€À°€À(ÄÈäÄà°€ÈÉ|É|ÔÐ°€À°€À°€À°€À°€À°€À°€À°€À(ÄÈäÄä°€ÈÉ|É|ÔÔ°€À°€À°€À°€À°€À°€À°€À°€À(ÄÈäÈÀ°€ÈÉ|É|ÔØ°€À°€À°€À°€À°€À°€À°€À°€À(ÄÈäÈÄ°€ÈÉ|É|ÔÜ°€À°€À°€À°€À°€À°€À°€À°€À(ÄÈäÈÈ°€ÈÉ|É|Ôà°€À°€À°€À°€À°€À°€À°€À°€À(ÄÈäÈÌ°€ÈÉ|É|Ôä°€À°€À°€À°€À°€À°€À°€À°€À(ÄÈäÈÐ°€ÈÉ|É|ØÀ°€À°€À°€À°€À°€À°€À°€À°€À(ÄÈäÈÔ°€ÈÉ|É|ØÄ°€À°€À°€À°€À°€À°€À°€À°€À(ÄÈäÈØ°€ÈÉ|É|ØÈ°€À°€À°€À°€À°€À°€À°€À°€À(ÄÈäÈÜ°€ÈÉ|É|ØÌ°€À°€À°€À°€À°€À°€À°€À°€À(ÄÈäÈà°€ÈÉ|É|ØÐ°€À°€À°€À°€À°€À°€À°€À°€À(ÄÈäÈä°€ÈÉ|É|ØÔ°€À°€À°€À°€À°€À°€À°€À°€À(ÄÈäÌÀ°€ÈÉ|É|ØØ°€À°€À°€À°€À°€À°€À°€À°€À(ÄÈäÌÄ°€ÈÉ|É|ØÜ°€À°€À°€À°€À°€À°€À°€À°€À(ÄÈäÌÈ°€ÈÉ|É|Øà°€À°€À°€À°€À°€À°€À°€À°€À(ÄÈäÌÌ°€ÈÉ|É|Øä°€À°€À°€À°€À°€À°€À°€À°€À(ÄÈäÌÐ°€ÈÉ|É|ÜÀ°€À°€À°€À°€À°€À°€À°€À°€À(ÄÈäÌÔ°€ÈÉ|É|ÜÄ°€À°€À°€À°€À°€À°€À°€À°€À(ÄÈäÌØ°€ÈÉ|É|ÜÈ°€À°€À°€À°€À°€À°€À°€À°€À(ÄÈäÌÜ°€ÈÉ|É|ÜÌ°€À°€À°€À°€À°€À°€À°€À°€À(ÄÈäÌà°€ÈÉ|É|ÜÐ°€À°€À°€À°€À°€À°€À°€À°€À(ÄÈäÌä°€ÈÉ|É|ÜÔ°€À°€À°€À°€À°€À°€À°€À°€À(ÄÈäÐÀ°€ÈÉ|É|ÜØ°€À°€À°€À°€À°€À°€À°€À°€À(ÄÈäÐÄ°€ÈÉ|É|ÜÜ°€À°€À°€À°€À°€À°€À°€À°€À(ÄÈäÐÈ°€ÈÉ|É|Üà°€À°€À°€À°€À°€À°€À°€À°€À(ÄÈäÐÌ°€ÈÉ|É|Üä°€À°€À°€À°€À°€À°€À°€À°€À(ÄÈäÐÐ°€ÈÉ|É|àÀ°€À°€À°€À°€À°€À°€À°€À°€À(ÄÈäÐÔ°€ÈÉ|É|àÄ°€À°€À°€À°€À°€À°€À°€À°€À(ÄÈäÐØ°€ÈÉ|É|àÈ°€À°€À°€À°€À°€À°€À°€À°€À(ÄÈäÐÜ°€ÈÉ|É|àÌ°€À°€À°€À°€À°€À°€À°€À°€À(ÄÈäÐà°€ÈÉ|É|àÐ°€À°€À°€À°€À°€À°€À°€À°€À(ÄÈäÐä°€ÈÉ|É|àÔ°€À°€À°€À°€À°€À°€À°€À°€À(ÄÈäÔÀ°€ÈÉ|É|àØ°€À°€À°€À°€À°€À°€À°€À°€À(ÄÈäÔÄ°€ÈÉ|É|àÜ°€À°€À°€À°€À°€À°€À°€À°€À(ÄÈäÔÈ°€ÈÉ|É|àà°€À°€À°€À°€À°€À°€À°€À°€À(ÄÈäÔÌ°€ÈÉ|É|àä°€À°€À°€À°€À°€À°€À°€À°€À(ÄÈäÔÐ°€ÈÉ|É|äÀ°€À°€À°€À°€À°€À°€À°€À°€À(ÄÈäÔÔ°€ÈÉ|É|äÄ°€À°€À°€À°€À°€À°€À°€À°€À(ÄÈäÔØ°€ÈÉ|É|äÈ°€À°€À°€À°€À°€À°€À°€À°€À(ÄÈäÔÜ°€ÈÉ|É|äÌ°€À°€À°€À°€À°€À°€À°€À°€À(ÄÈäÔà°€ÈÉ|É|äÐ°€À°€À°€À°€À°€À°€À°€À°€À(ÄÈäÔä°€ÈÉ|É|äÔ°€À°€À°€À°€À°€À°€À°€À°€À(ÄÈäØÀ°€ÈÉ|Í|ÀÀ°€À°€À°€À°€À°€À°€À°€À°€À(ÄÈäØÄ°€ÈÉ|Í|ÀÄ°€À°€À°€À°€À°€À°€À°€À°€À(ÄÈäØÈ°€ÈÉ|Í|ÀÈ°€À°€À°€À°€À°€À°€À°€À°€À(ÄÈäØÌ°€ÈÉ|Í|ÀÌ°€À°€À°€À°€À°€À°€À°€À°€À(ÄÈäØÐ°€ÈÉ|Í|ÀÐ°€À°€À°€À°€À°€À°€À°€À°€À(ÄÈäØÔ°€ÈÉ|Í|ÀÔ°€À°€À°€À°€À°€À°€À°€À°€À(ÄÈäØØ°€ÈÉ|Í|ÀØ°€À°€À°€À°€À°€À°€À°€À°€À(ÄÈäØÜ°€ÈÉ|Í|ÀÜ°€À°€À°€À°€À°€À°€À°€À°€À(ÄÈäØà°€ÈÉ|Í|Àà°€À°€À°€À°€À°€À°€À°€À°€À(ÄÈäØä°€ÈÉ|Í|Àä°€À°€À°€À°€À°€À°€À°€À°€À(ÄÈäÜÀ°€ÈÉ|Í|ÄÀ°€À°€À°€À°€À°€À°€À°€À°€À(ÄÈäÜÄ°€ÈÉ|Í|ÄÄ°€À°€À°€À°€À°€À°€À°€À°€À(ÄÈäÜÈ°€ÈÉ|Í|ÄÈ°€À°€À°€À°€À°€À°€À°€À°€À(ÄÈäÜÌ°€ÈÉ|Í|ÄÌ°€À°€À°€À°€À°€À°€À°€À°€À(ÄÈäÜÐ°€ÈÉ|Í|ÄÐ°€À°€À°€À°€À°€À°€À°€À°€À(ÄÈäÜÔ°€ÈÉ|Í|ÄÔ°€À°€À°€À°€À°€À°€À°€À°€À(ÄÈäÜØ°€ÈÉ|Í|ÄØ°€À°€À°€À°€À°€À°€À°€À°€À(ÄÈäÜÜ°€ÈÉ|Í|ÄÜ°€À°€À°€À°€À°€À°€À°€À°€À(ÄÈäÜà°€ÈÉ|Í|Äà°€À°€À°€À°€À°€À°€À°€À°€À(ÄÈäÜä°€ÈÉ|Í|Ää°€À°€À°€À°€À°€À°€À°€À°€À(ÄÈäàÀ°€ÈÉ|Í|ÈÀ°€À°€À°€À°€À°€À°€À°€À°€À(ÄÈäàÄ°€ÈÉ|Í|ÈÄ°€À°€À°€À°€À°€À°€À°€À°€À(ÄÈäàÈ°€ÈÉ|Í|ÈÈ°€À°€À°€À°€À°€À°€À°€À°€À(ÄÈäàÌ°€ÈÉ|Í|ÈÌ°€À°€À°€À°€À°€À°€À°€À°€À(ÄÈäàÐ°€ÈÉ|Í|ÈÐ°€À°€À°€À°€À°€À°€À°€À°€À(ÄÈäàÔ°€ÈÉ|Í|ÈÔ°€À°€À°€À°€À°€À°€À°€À°€À(ÄÈäàØ°€ÈÉ|Í|ÈØ°€À°€À°€À°€À°€À°€À°€À°€À(ÄÈäàÜ°€ÈÉ|Í|ÈÜ°€À°€À°€À°€À°€À°€À°€À°€À(ÄÈäàà°€ÈÉ|Í|Èà°€À°€À°€À°€À°€À°€À°€À°€À(ÄÈäàä°€ÈÉ|Í|Èä°€À°€À°€À°€À°€À°€À°€À°€À(ÄÈääÀ°€ÈÉ|Í|ÌÀ°€À°€À°€À°€À°€À°€À°€À°€À(ÄÈääÄ°€ÈÉ|Í|ÌÄ°€À°€À°€À°€À°€À°€À°€À°€À(ÄÈääÈ°€ÈÉ|Í|ÌÈ°€À°€À°€À°€À°€À°€À°€À°€À(ÄÈääÌ°€ÈÉ|Í|ÌÌ°€À°€À°€À°€À°€À°€À°€À°€À(ÄÈääÐ°€ÈÉ|Í|ÌÐ°€À°€À°€À°€À°€À°€À°€À°€À(ÄÈääÔ°€ÈÉ|Í|ÌÔ°€À°€À°€À°€À°€À°€À°€À°€À(ÄÈääØ°€ÈÉ|Í|ÌØ°€À°€À°€À°€À°€À°€À°€À°€À(ÄÈääÜ°€ÈÉ|Í|ÌÜ°€À°€À°€À°€À°€À°€À°€À°€À(ÄÈääà°€ÈÉ|Í|Ìà°€À°€À°€À°€À°€À°€À°€À°€À(ÄÈäää°€ÈÉ|Í|Ìä°€À°€À°€À°€À°€À°€À°€À°€À(ÄÌÀÀÀ°€ÈÉ|Í|ÐÀ°€À°€À°€À°€À°€À°€À°€À°€À(ÄÌÀÀÄ°€ÈÉ|Í|ÐÄ°€À°€À°€À°€À°€À°€À°€À°€À(ÄÌÀÀÈ°€ÈÉ|Í|ÐÈ°€À°€À°€À°€À°€À°€À°€À°€À(ÄÌÀÀÌ°€ÈÉ|Í|ÐÌ°€À°€À°€À°€À°€À°€À°€À°€À(ÄÌÀÀÐ°€ÈÉ|Í|ÐÐ°€À°€À°€À°€À°€À°€À°€À°€À(ÄÌÀÀÔ°€ÈÉ|Í|ÐÔ°€À°€À°€À°€À°€À°€À°€À°€À(ÄÌÀÀØ°€ÈÉ|Í|ÐØ°€À°€À°€À°€À°€À°€À°€À°€À(ÄÌÀÀÜ°€ÈÉ|Í|ÐÜ°€À°€À°€À°€À°€À°€À°€À°€À(ÄÌÀÀà°€ÈÉ|Í|Ðà°€À°€À°€À°€À°€À°€À°€À°€À(ÄÌÀÀä°€ÈÉ|Í|Ðä°€À°€À°€À°€À°€À°€À°€À°€À(ÄÌÀÄÀ°€ÈÉ|Í|ÔÀ°€À°€À°€À°€À°€À°€À°€À°€À(ÄÌÀÄÄ°€ÈÉ|Í|ÔÄ°€À°€À°€À°€À°€À°€À°€À°€À(ÄÌÀÄÈ°€ÈÉ|Í|ÔÈ°€À°€À°€À°€À°€À°€À°€À°€À(ÄÌÀÄÌ°€ÈÉ|Í|ÔÌ°€À°€À°€À°€À°€À°€À°€À°€À(ÄÌÀÄÐ°€ÈÉ|Í|ÔÐ°€À°€À°€À°€À°€À°€À°€À°€À(ÄÌÀÄÔ°€ÈÉ|Í|ÔÔ°€À°€À°€À°€À°€À°€À°€À°€À(ÄÌÀÄØ°€ÈÉ|Í|ÔØ°€À°€À°€À°€À°€À°€À°€À°€À(ÄÌÀÄÜ°€ÈÉ|Í|ÔÜ°€À°€À°€À°€À°€À°€À°€À°€À(ÄÌÀÄà°€ÈÉ|Í|Ôà°€À°€À°€À°€À°€À°€À°€À°€À(ÄÌÀÄä°€ÈÉ|Í|Ôä°€À°€À°€À°€À°€À°€À°€À°€À(ÄÌÀÈÀ°€ÈÉ|Í|ØÀ°€À°€À°€À°€À°€À°€À°€À°€À(ÄÌÀÈÄ°€ÈÉ|Í|ØÄ°€À°€À°€À°€À°€À°€À°€À°€À(ÄÌÀÈÈ°€ÈÉ|Í|ØÈ°€À°€À°€À°€À°€À°€À°€À°€À(ÄÌÀÈÌ°€ÈÉ|Í|ØÌ°€À°€À°€À°€À°€À°€À°€À°€À(ÄÌÀÈÐ°€ÈÉ|Í|ØÐ°€À°€À°€À°€À°€À°€À°€À°€À(ÄÌÀÈÔ°€ÈÉ|Í|ØÔ°€À°€À°€À°€À°€À°€À°€À°€À(ÄÌÀÈØ°€ÈÉ|Í|ØØ°€À°€À°€À°€À°€À°€À°€À°€À(ÄÌÀÈÜ°€ÈÉ|Í|ØÜ°€À°€À°€À°€À°€À°€À°€À°€À(ÄÌÀÈà°€ÈÉ|Í|Øà°€À°€À°€À°€À°€À°€À°€À°€À(ÄÌÀÈä°€ÈÉ|Í|Øä°€À°€À°€À°€À°€À°€À°€À°€À(ÄÌÀÌÀ°€ÈÉ|Í|ÜÀ°€À°€À°€À°€À°€À°€À°€À°€À(ÄÌÀÌÄ°€ÈÉ|Í|ÜÄ°€À°€À°€À°€À°€À°€À°€À°€À(ÄÌÀÌÈ°€ÈÉ|Í|ÜÈ°€À°€À°€À°€À°€À°€À°€À°€À(ÄÌÀÌÌ°€ÈÉ|Í|ÜÌ°€À°€À°€À°€À°€À°€À°€À°€À(ÄÌÀÌÐ°€ÈÉ|Í|ÜÐ°€À°€À°€À°€À°€À°€À°€À°€À(ÄÌÀÌÔ°€ÈÉ|Í|ÜÔ°€À°€À°€À°€À°€À°€À°€À°€À(ÄÌÀÌØ°€ÈÉ|Í|ÜØ°€À°€À°€À°€À°€À°€À°€À°€À(ÄÌÀÌÜ°€ÈÉ|Í|ÜÜ°€À°€À°€À°€À°€À°€À°€À°€À(ÄÌÀÌà°€ÈÉ|Í|Üà°€À°€À°€À°€À°€À°€À°€À°€À(ÄÌÀÌä°€ÈÉ|Í|Üä°€À°€À°€À°€À°€À°€À°€À°€À(ÄÌÀÐÀ°€ÈÉ|Í|àÀ°€À°€À°€À°€À°€À°€À°€À°€À(ÄÌÀÐÄ°€ÈÉ|Í|àÄ°€À°€À°€À°€À°€À°€À°€À°€À(ÄÌÀÐÈ°€ÈÉ|Í|àÈ°€À°€À°€À°€À°€À°€À°€À°€À(ÄÌÀÐÌ°€ÈÉ|Í|àÌ°€À°€À°€À°€À°€À°€À°€À°€À(ÄÌÀÐÐ°€ÈÉ|Í|àÐ°€À°€À°€À°€À°€À°€À°€À°€À(ÄÌÀÐÔ°€ÈÉ|Í|àÔ°€À°€À°€À°€À°€À°€À°€À°€À(ÄÌÀÐØ°€ÈÉ|Í|àØ°€À°€À°€À°€À°€À°€À°€À°€À(ÄÌÀÐÜ°€ÈÉ|Í|àÜ°€À°€À°€À°€À°€À°€À°€À°€À(ÄÌÀÐà°€ÈÉ|Í|àà°€À°€À°€À°€À°€À°€À°€À°€À(ÄÌÀÐä°€ÈÉ|Í|àä°€À°€À°€À°€À°€À°€À°€À°€À(ÄÌÀÔÀ°€ÈÉ|Í|äÀ°€À°€À°€À°€À°€À°€À°€À°€À(ÄÌÀÔÄ°€ÈÉ|Í|äÄ°€À°€À°€À°€À°€À°€À°€À°€À(ÄÌÀÔÈ°€ÈÉ|Í|äÈ°€À°€À°€À°€À°€À°€À°€À°€À(ÄÌÀÔÌ°€ÈÉ|Í|äÌ°€À°€À°€À°€À°€À°€À°€À°€À(ÄÌÀÔÐ°€ÈÉ|Í|äÐ°€À°€À°€À°€À°€À°€À°€À°€À(ÄÌÀÔÔ°€ÈÉ|Í|äÔ°€À°€À°€À°€À°€À°€À°€À°€À(ÄÌÀÔØ°€ÈÉ|Ñ|ÀÀ°€À°€À°€À°€À°€À°€À°€À°€À(ÄÌÀÔÜ°€ÈÉ|Ñ|ÀÄ°€À°€À°€À°€À°€À°€À°€À°€À(ÄÌÀÔà°€ÈÉ|Ñ|ÀÈ°€À°€À°€À°€À°€À°€À°€À°€À(ÄÌÀÔä°€ÈÉ|Ñ|ÀÌ°€À°€À°€À°€À°€À°€À°€À°€À(ÄÌÀØÀ°€ÈÉ|Ñ|ÀÐ°€À°€À°€À°€À°€À°€À°€À°€À(ÄÌÀØÄ°€ÈÉ|Ñ|ÀÔ°€À°€À°€À°€À°€À°€À°€À°€À(ÄÌÀØÈ°€ÈÉ|Ñ|ÀØ°€À°€À°€À°€À°€À°€À°€À°€À(ÄÌÀØÌ°€ÈÉ|Ñ|ÀÜ°€À°€À°€À°€À°€À°€À°€À°€À(ÄÌÀØÐ°€ÈÉ|Ñ|Àà°€À°€À°€À°€À°€À°€À°€À°€À(ÄÌÀØÔ°€ÈÉ|Ñ|Àä°€À°€À°€À°€À°€À°€À°€À°€À(ÄÌÀØØ°€ÈÉ|Ñ|ÄÀ°€À°€À°€À°€À°€À°€À°€À°€À(ÄÌÀØÜ°€ÈÉ|Ñ|ÄÄ°€À°€À°€À°€À°€À°€À°€À°€À(ÄÌÀØà°€ÈÉ|Ñ|ÄÈ°€À°€À°€À°€À°€À°€À°€À°€À(ÄÌÀØä°€ÈÉ|Ñ|ÄÌ°€À°€À°€À°€À°€À°€À°€À°€À(ÄÌÀÜÀ°€ÈÉ|Ñ|ÄÐ°€À°€À°€À°€À°€À°€À°€À°€À(ÄÌÀÜÄ°€ÈÉ|Ñ|ÄÔ°€À°€À°€À°€À°€À°€À°€À°€À(ÄÌÀÜÈ°€ÈÉ|Ñ|ÄØ°€À°€À°€À°€À°€À°€À°€À°€À(ÄÌÀÜÌ°€ÈÉ|Ñ|ÄÜ°€À°€À°€À°€À°€À°€À°€À°€À(ÄÌÀÜÐ°€ÈÉ|Ñ|Äà°€À°€À°€À°€À°€À°€À°€À°€À(ÄÌÀÜÔ°€ÈÉ|Ñ|Ää°€À°€À°€À°€À°€À°€À°€À°€À(ÄÌÀÜØ°€ÈÉ|Ñ|ÈÀ°€À°€À°€À°€À°€À°€À°€À°€À(ÄÌÀÜÜ°€ÈÉ|Ñ|ÈÄ°€À°€À°€À°€À°€À°€À°€À°€À(ÄÌÀÜà°€ÈÉ|Ñ|ÈÈ°€À°€À°€À°€À°€À°€À°€À°€À(ÄÌÀÜä°€ÈÉ|Ñ|ÈÌ°€À°€À°€À°€À°€À°€À°€À°€À(ÄÌÀàÀ°€ÈÉ|Ñ|ÈÐ°€À°€À°€À°€À°€À°€À°€À°€À(ÄÌÀàÄ°€ÈÉ|Ñ|ÈÔ°€À°€À°€À°€À°€À°€À°€À°€À(ÄÌÀàÈ°€ÈÉ|Ñ|ÈØ°€À°€À°€À°€À°€À°€À°€À°€À(ÄÌÀàÌ°€ÈÉ|Ñ|ÈÜ°€À°€À°€À°€À°€À°€À°€À°€À(ÄÌÀàÐ°€ÈÉ|Ñ|Èà°€À°€À°€À°€À°€À°€À°€À°€À(ÄÌÀàÔ°€ÈÉ|Ñ|Èä°€À°€À°€À°€À°€À°€À°€À°€À(ÄÌÀàØ°€ÈÉ|Ñ|ÌÀ°€À°€À°€À°€À°€À°€À°€À°€À(ÄÌÀàÜ°€ÈÉ|Ñ|ÌÄ°€À°€À°€À°€À°€À°€À°€À°€À(ÄÌÀàà°€ÈÉ|Ñ|ÌÈ°€À°€À°€À°€À°€À°€À°€À°€À(ÄÌÀàä°€ÈÉ|Ñ|ÌÌ°€À°€À°€À°€À°€À°€À°€À°€À(ÄÌÀäÀ°€ÈÉ|Ñ|ÌÐ°€À°€À°€À°€À°€À°€À°€À°€À(ÄÌÀäÄ°€ÈÉ|Ñ|ÌÔ°€À°€À°€À°€À°€À°€À°€À°€À(ÄÌÀäÈ°€ÈÉ|Ñ|ÌØ°€À°€À°€À°€À°€À°€À°€À°€À(ÄÌÀäÌ°€ÈÉ|Ñ|ÌÜ°€À°€À°€À°€À°€À°€À°€À°€À(ÄÌÀäÐ°€ÈÉ|Ñ|Ìà°€À°€À°€À°€À°€À°€À°€À°€À(ÄÌÀäÔ°€ÈÉ|Ñ|Ìä°€À°€À°€À°€À°€À°€À°€À°€À(ÄÌÀäØ°€ÈÉ|Ñ|ÐÀ°€À°€À°€À°€À°€À°€À°€À°€À(ÄÌÀäÜ°€ÈÉ|Ñ|ÐÄ°€À°€À°€À°€À°€À°€À°€À°€À(ÄÌÀäà°€ÈÉ|Ñ|ÐÈ°€À°€À°€À°€À°€À°€À°€À°€À(ÄÌÀää°€ÈÉ|Ñ|ÐÌ°€À°€À°€À°€À°€À°€À°€À°€À(ÄÌÄÀÀ°€ÈÉ|Ñ|ÐÐ°€À°€À°€À°€À°€À°€À°€À°€À(ÄÌÄÀÄ°€ÈÉ|Ñ|ÐÔ°€À°€À°€À°€À°€À°€À°€À°€À(ÄÌÄÀÈ°€ÈÉ|Ñ|ÐØ°€À°€À°€À°€À°€À°€À°€À°€À(ÄÌÄÀÌ°€ÈÉ|Ñ|ÐÜ°€À°€À°€À°€À°€À°€À°€À°€À(ÄÌÄÀÐ°€ÈÉ|Ñ|Ðà°€À°€À°€À°€À°€À°€À°€À°€À(ÄÌÄÀÔ°€ÈÉ|Ñ|Ðä°€À°€À°€À°€À°€À°€À°€À°€À(ÄÌÄÀØ°€ÈÉ|Ñ|ÔÀ°€À°€À°€À°€À°€À°€À°€À°€À(ÄÌÄÀÜ°€ÈÉ|Ñ|ÔÄ°€À°€À°€À°€À°€À°€À°€À°€À(ÄÌÄÀà°€ÈÉ|Ñ|ÔÈ°€À°€À°€À°€À°€À°€À°€À°€À(ÄÌÄÀä°€ÈÉ|Ñ|ÔÌ°€À°€À°€À°€À°€À°€À°€À°€À(ÄÌÄÄÀ°€ÈÉ|Ñ|ÔÐ°€À°€À°€À°€À°€À°€À°€À°€À(ÄÌÄÄÄ°€ÈÉ|Ñ|ÔÔ°€À°€À°€À°€À°€À°€À°€À°€À(ÄÌÄÄÈ°€ÈÉ|Ñ|ÔØ°€À°€À°€À°€À°€À°€À°€À°€À(ÄÌÄÄÌ°€ÈÉ|Ñ|ÔÜ°€À°€À°€À°€À°€À°€À°€À°€À(ÄÌÄÄÐ°€ÈÉ|Ñ|Ôà°€À°€À°€À°€À°€À°€À°€À°€À(ÄÌÄÄÔ°€ÈÉ|Ñ|Ôä°€À°€À°€À°€À°€À°€À°€À°€À(ÄÌÄÄØ°€ÈÉ|Ñ|ØÀ°€À°€À°€À°€À°€À°€À°€À°€À(ÄÌÄÄÜ°€ÈÉ|Ñ|ØÄ°€À°€À°€À°€À°€À°€À°€À°€À(ÄÌÄÄà°€ÈÉ|Ñ|ØÈ°€À°€À°€À°€À°€À°€À°€À°€À(ÄÌÄÄä°€ÈÉ|Ñ|ØÌ°€À°€À°€À°€À°€À°€À°€À°€À(ÄÌÄÈÀ°€ÈÉ|Ñ|ØÐ°€À°€À°€À°€À°€À°€À°€À°€À(ÄÌÄÈÄ°€ÈÉ|Ñ|ØÔ°€À°€À°€À°€À°€À°€À°€À°€À(ÄÌÄÈÈ°€ÈÉ|Ñ|ØØ°€À°€À°€À°€À°€À°€À°€À°€À(ÄÌÄÈÌ°€ÈÉ|Ñ|ØÜ°€À°€À°€À°€À°€À°€À°€À°€À(ÄÌÄÈÐ°€ÈÉ|Ñ|Øà°€À°€À°€À°€À°€À°€À°€À°€À(ÄÌÄÈÔ°€ÈÉ|Ñ|Øä°€À°€À°€À°€À°€À°€À°€À°€À(ÄÌÄÈØ°€ÈÉ|Ñ|ÜÀ°€À°€À°€À°€À°€À°€À°€À°€À(ÄÌÄÈÜ°€ÈÉ|Ñ|ÜÄ°€À°€À°€À°€À°€À°€À°€À°€À(ÄÌÄÈà°€ÈÉ|Ñ|ÜÈ°€À°€À°€À°€À°€À°€À°€À°€À(ÄÌÄÈä°€ÈÉ|Ñ|ÜÌ°€À°€À°€À°€À°€À°€À°€À°€À(ÄÌÄÌÀ°€ÈÉ|Ñ|ÜÐ°€À°€À°€À°€À°€À°€À°€À°€À(ÄÌÄÌÄ°€ÈÉ|Ñ|ÜÔ°€À°€À°€À°€À°€À°€À°€À°€À(ÄÌÄÌÈ°€ÈÉ|Ñ|ÜØ°€À°€À°€À°€À°€À°€À°€À°€À(ÄÌÄÌÌ°€ÈÉ|Ñ|ÜÜ°€À°€À°€À°€À°€À°€À°€À°€À(ÄÌÄÌÐ°€ÈÉ|Ñ|Üà°€À°€À°€À°€À°€À°€À°€À°€À(ÄÌÄÌÔ°€ÈÉ|Ñ|Üä°€À°€À°€À°€À°€À°€À°€À°€À(ÄÌÄÌØ°€ÈÉ|Ñ|àÀ°€À°€À°€À°€À°€À°€À°€À°€À(ÄÌÄÌÜ°€ÈÉ|Ñ|àÄ°€À°€À°€À°€À°€À°€À°€À°€À(ÄÌÄÌà°€ÈÉ|Ñ|àÈ°€À°€À°€À°€À°€À°€À°€À°€À(ÄÌÄÌä°€ÈÉ|Ñ|àÌ°€À°€À°€À°€À°€À°€À°€À°€À(ÄÌÄÐÀ°€ÈÉ|Ñ|àÐ°€À°€À°€À°€À°€À°€À°€À°€À(ÄÌÄÐÄ°€ÈÉ|Ñ|àÔ°€À°€À°€À°€À°€À°€À°€À°€À(ÄÌÄÐÈ°€ÈÉ|Ñ|àØ°€À°€À°€À°€À°€À°€À°€À°€À(ÄÌÄÐÌ°€ÈÉ|Ñ|àÜ°€À°€À°€À°€À°€À°€À°€À°€À(ÄÌÄÐÐ°€ÈÉ|Ñ|àà°€À°€À°€À°€À°€À°€À°€À°€À(ÄÌÄÐÔ°€ÈÉ|Ñ|àä°€À°€À°€À°€À°€À°€À°€À°€À(ÄÌÄÐØ°€ÈÉ|Ñ|äÀ°€À°€À°€À°€À°€À°€À°€À°€À(ÄÌÄÐÜ°€ÈÉ|Ñ|äÄ°€À°€À°€À°€À°€À°€À°€À°€À(ÄÌÄÐà°€ÈÉ|Ñ|äÈ°€À°€À°€À°€À°€À°€À°€À°€À(ÄÌÄÐä°€ÈÉ|Ñ|äÌ°€À°€À°€À°€À°€À°€À°€À°€À(ÄÌÄÔÀ°€ÈÉ|Ñ|äÐ°€À°€À°€À°€À°€À°€À°€À°€À(ÄÌÄÔÄ°€ÈÉ|Ñ|äÔ°€À°€À°€À°€À°€À°€À°€À°€À(ÄÌÄÔÈ°€ÈÉ|Õ|ÀÀ°€À°€À°€À°€À°€À°€À°€À°€À(ÄÌÄÔÌ°€ÈÉ|Õ|ÀÄ°€À°€À°€À°€À°€À°€À°€À°€À(ÄÌÄÔÐ°€ÈÉ|Õ|ÀÈ°€À°€À°€À°€À°€À°€À°€À°€À(ÄÌÄÔÔ°€ÈÉ|Õ|ÀÌ°€À°€À°€À°€À°€À°€À°€À°€À(ÄÌÄÔØ°€ÈÉ|Õ|ÀÐ°€À°€À°€À°€À°€À°€À°€À°€À(ÄÌÄÔÜ°€ÈÉ|Õ|ÀÔ°€À°€À°€À°€À°€À°€À°€À°€À(ÄÌÄÔà°€ÈÉ|Õ|ÀØ°€À°€À°€À°€À°€À°€À°€À°€À(ÄÌÄÔä°€ÈÉ|Õ|ÀÜ°€À°€À°€À°€À°€À°€À°€À°€À(ÄÌÄØÀ°€ÈÉ|Õ|Àà°€À°€À°€À°€À°€À°€À°€À°€À(ÄÌÄØÄ°€ÈÉ|Õ|Àä°€À°€À°€À°€À°€À°€À°€À°€À(ÄÌÄØÈ°€ÈÉ|Õ|ÄÀ°€À°€À°€À°€À°€À°€À°€À°€À(ÄÌÄØÌ°€ÈÉ|Õ|ÄÄ°€À°€À°€À°€À°€À°€À°€À°€À(ÄÌÄØÐ°€ÈÉ|Õ|ÄÈ°€À°€À°€À°€À°€À°€À°€À°€À(ÄÌÄØÔ°€ÈÉ|Õ|ÄÌ°€À°€À°€À°€À°€À°€À°€À°€À(ÄÌÄØØ°€ÈÉ|Õ|ÄÐ°€À°€À°€À°€À°€À°€À°€À°€À(ÄÌÄØÜ°€ÈÉ|Õ|ÄÔ°€À°€À°€À°€À°€À°€À°€À°€À(ÄÌÄØà°€ÈÉ|Õ|ÄØ°€À°€À°€À°€À°€À°€À°€À°€À(ÄÌÄØä°€ÈÉ|Õ|ÄÜ°€À°€À°€À°€À°€À°€À°€À°€À(ÄÌÄÜÀ°€ÈÉ|Õ|Äà°€À°€À°€À°€À°€À°€À°€À°€À(ÄÌÄÜÄ°€ÈÉ|Õ|Ää°€À°€À°€À°€À°€À°€À°€À°€À(ÄÌÄÜÈ°€ÈÉ|Õ|ÈÀ°€À°€À°€À°€À°€À°€À°€À°€À(ÄÌÄÜÌ°€ÈÉ|Õ|ÈÄ°€À°€À°€À°€À°€À°€À°€À°€À(ÄÌÄÜÐ°€ÈÉ|Õ|ÈÈ°€À°€À°€À°€À°€À°€À°€À°€À(ÄÌÄÜÔ°€ÈÉ|Õ|ÈÌ°€À°€À°€À°€À°€À°€À°€À°€À(ÄÌÄÜØ°€ÈÉ|Õ|ÈÐ°€À°€À°€À°€À°€À°€À°€À°€À(ÄÌÄÜÜ°€ÈÉ|Õ|ÈÔ°€À°€À°€À°€À°€À°€À°€À°€À(ÄÌÄÜà°€ÈÉ|Õ|ÈØ°€À°€À°€À°€À°€À°€À°€À°€À(ÄÌÄÜä°€ÈÉ|Õ|ÈÜ°€À°€À°€À°€À°€À°€À°€À°€À(ÄÌÄàÀ°€ÈÉ|Õ|Èà°€À°€À°€À°€À°€À°€À°€À°€À(ÄÌÄàÄ°€ÈÉ|Õ|Èä°€À°€À°€À°€À°€À°€À°€À°€À(ÄÌÄàÈ°€ÈÉ|Õ|ÌÀ°€À°€À°€À°€À°€À°€À°€À°€À(ÄÌÄàÌ°€ÈÉ|Õ|ÌÄ°€À°€À°€À°€À°€À°€À°€À°€À(ÄÌÄàÐ°€ÈÉ|Õ|ÌÈ°€À°€À°€À°€À°€À°€À°€À°€À(ÄÌÄàÔ°€ÈÉ|Õ|ÌÌ°€À°€À°€À°€À°€À°€À°€À°€À(ÄÌÄàØ°€ÈÉ|Õ|ÌÐ°€À°€À°€À°€À°€À°€À°€À°€À(ÄÌÄàÜ°€ÈÉ|Õ|ÌÔ°€À°€À°€À°€À°€À°€À°€À°€À(ÄÌÄàà°€ÈÉ|Õ|ÌØ°€À°€À°€À°€À°€À°€À°€À°€À(ÄÌÄàä°€ÈÉ|Õ|ÌÜ°€À°€À°€À°€À°€À°€À°€À°€À(ÄÌÄäÀ°€ÈÉ|Õ|Ìà°€À°€À°€À°€À°€À°€À°€À°€À(ÄÌÄäÄ°€ÈÉ|Õ|Ìä°€À°€À°€À°€À°€À°€À°€À°€À(ÄÌÄäÈ°€ÈÉ|Õ|ÐÀ°€À°€À°€À°€À°€À°€À°€À°€À(ÄÌÄäÌ°€ÈÉ|Õ|ÐÄ°€À°€À°€À°€À°€À°€À°€À°€À(ÄÌÄäÐ°€ÈÉ|Õ|ÐÈ°€À°€À°€À°€À°€À°€À°€À°€À(ÄÌÄäÔ°€ÈÉ|Õ|ÐÌ°€À°€À°€À°€À°€À°€À°€À°€À(ÄÌÄäØ°€ÈÉ|Õ|ÐÐ°€À°€À°€À°€À°€À°€À°€À°€À(ÄÌÄäÜ°€ÈÉ|Õ|ÐÔ°€À°€À°€À°€À°€À°€À°€À°€À(ÄÌÄäà°€ÈÉ|Õ|ÐØ°€À°€À°€À°€À°€À°€À°€À°€À(ÄÌÄää°€ÈÉ|Õ|ÐÜ°€À°€À°€À°€À°€À°€À°€À°€À(ÄÌÈÀÀ°€ÈÉ|Õ|Ðà°€À°€À°€À°€À°€À°€À°€À°€À(ÄÌÈÀÄ°€ÈÉ|Õ|Ðä°€À°€À°€À°€À°€À°€À°€À°€À(ÄÌÈÀÈ°€ÈÉ|Õ|ÔÀ°€À°€À°€À°€À°€À°€À°€À°€À(ÄÌÈÀÌ°€ÈÉ|Õ|ÔÄ°€À°€À°€À°€À°€À°€À°€À°€À(ÄÌÈÀÐ°€ÈÉ|Õ|ÔÈ°€À°€À°€À°€À°€À°€À°€À°€À(ÄÌÈÀÔ°€ÈÉ|Õ|ÔÌ°€À°€À°€À°€À°€À°€À°€À°€À(ÄÌÈÀØ°€ÈÉ|Õ|ÔÐ°€À°€À°€À°€À°€À°€À°€À°€À(ÄÌÈÀÜ°€ÈÉ|Õ|ÔÔ°€À°€À°€À°€À°€À°€À°€À°€À(ÄÌÈÀà°€ÈÉ|Õ|ÔØ°€À°€À°€À°€À°€À°€À°€À°€À(ÄÌÈÀä°€ÈÉ|Õ|ÔÜ°€À°€À°€À°€À°€À°€À°€À°€À(ÄÌÈÄÀ°€ÈÉ|Õ|Ôà°€À°€À°€À°€À°€À°€À°€À°€À(ÄÌÈÄÄ°€ÈÉ|Õ|Ôä°€À°€À°€À°€À°€À°€À°€À°€À(ÄÌÈÄÈ°€ÈÉ|Õ|ØÀ°€À°€À°€À°€À°€À°€À°€À°€À(ÄÌÈÄÌ°€ÈÉ|Õ|ØÄ°€À°€À°€À°€À°€À°€À°€À°€À(ÄÌÈÄÐ°€ÈÉ|Õ|ØÈ°€À°€À°€À°€À°€À°€À°€À°€À(ÄÌÈÄÔ°€ÈÉ|Õ|ØÌ°€À°€À°€À°€À°€À°€À°€À°€À(ÄÌÈÄØ°€ÈÉ|Õ|ØÐ°€À°€À°€À°€À°€À°€À°€À°€À(ÄÌÈÄÜ°€ÈÉ|Õ|ØÔ°€À°€À°€À°€À°€À°€À°€À°€À(ÄÌÈÄà°€ÈÉ|Õ|ØØ°€À°€À°€À°€À°€À°€À°€À°€À(ÄÌÈÄä°€ÈÉ|Õ|ØÜ°€À°€À°€À°€À°€À°€À°€À°€À(ÄÌÈÈÀ°€ÈÉ|Õ|Øà°€À°€À°€À°€À°€À°€À°€À°€À(ÄÌÈÈÄ°€ÈÉ|Õ|Øä°€À°€À°€À°€À°€À°€À°€À°€À(ÄÌÈÈÈ°€ÈÉ|Õ|ÜÀ°€À°€À°€À°€À°€À°€À°€À°€À(ÄÌÈÈÌ°€ÈÉ|Õ|ÜÄ°€À°€À°€À°€À°€À°€À°€À°€À(ÄÌÈÈÐ°€ÈÉ|Õ|ÜÈ°€À°€À°€À°€À°€À°€À°€À°€À(ÄÌÈÈÔ°€ÈÉ|Õ|ÜÌ°€À°€À°€À°€À°€À°€À°€À°€À(ÄÌÈÈØ°€ÈÉ|Õ|ÜÐ°€À°€À°€À°€À°€À°€À°€À°€À(ÄÌÈÈÜ°€ÈÉ|Õ|ÜÔ°€À°€À°€À°€À°€À°€À°€À°€À(ÄÌÈÈà°€ÈÉ|Õ|ÜØ°€À°€À°€À°€À°€À°€À°€À°€À(ÄÌÈÈä°€ÈÉ|Õ|ÜÜ°€À°€À°€À°€À°€À°€À°€À°€À(ÄÌÈÌÀ°€ÈÉ|Õ|Üà°€À°€À°€À°€À°€À°€À°€À°€À(ÄÌÈÌÄ°€ÈÉ|Õ|Üä°€À°€À°€À°€À°€À°€À°€À°€À(ÄÌÈÌÈ°€ÈÉ|Õ|àÀ°€À°€À°€À°€À°€À°€À°€À°€À(ÄÌÈÌÌ°€ÈÉ|Õ|àÄ°€À°€À°€À°€À°€À°€À°€À°€À(ÄÌÈÌÐ°€ÈÉ|Õ|àÈ°€À°€À°€À°€À°€À°€À°€À°€À(ÄÌÈÌÔ°€ÈÉ|Õ|àÌ°€À°€À°€À°€À°€À°€À°€À°€À(ÄÌÈÌØ°€ÈÉ|Õ|àÐ°€À°€À°€À°€À°€À°€À°€À°€À(ÄÌÈÌÜ°€ÈÉ|Õ|àÔ°€À°€À°€À°€À°€À°€À°€À°€À(ÄÌÈÌà°€ÈÉ|Õ|àØ°€À°€À°€À°€À°€À°€À°€À°€À(ÄÌÈÌä°€ÈÉ|Õ|àÜ°€À°€À°€À°€À°€À°€À°€À°€À(ÄÌÈÐÀ°€ÈÉ|Õ|àà°€À°€À°€À°€À°€À°€À°€À°€À(ÄÌÈÐÄ°€ÈÉ|Õ|àä°€À°€À°€À°€À°€À°€À°€À°€À(ÄÌÈÐÈ°€ÈÉ|Õ|äÀ°€À°€À°€À°€À°€À°€À°€À°€À(ÄÌÈÐÌ°€ÈÉ|Õ|äÄ°€À°€À°€À°€À°€À°€À°€À°€À(ÄÌÈÐÐ°€ÈÉ|Õ|äÈ°€À°€À°€À°€À°€À°€À°€À°€À(ÄÌÈÐÔ°€ÈÉ|Õ|äÌ°€À°€À°€À°€À°€À°€À°€À°€À(ÄÌÈÐØ°€ÈÉ|Õ|äÐ°€À°€À°€À°€À°€À°€À°€À°€À(ÄÌÈÐÜ°€ÈÉ|Õ|äÔ°€À°€À°€À°€À°€À°€À°€À°€À(ÄÌÈÐà°€ÈÍ|Á|ÀÀ°€À°€À°€À°€À°€À°€À°€À°€À(ÄÌÈÐä°€ÈÍ|Á|ÀÄ°€À°€À°€À°€À°€À°€À°€À°€À(ÄÌÈÔÀ°€ÈÍ|Á|ÀÈ°€À°€À°€À°€À°€À°€À°€À°€À(ÄÌÈÔÄ°€ÈÍ|Á|ÀÌ°€À°€À°€À°€À°€À°€À°€À°€À(ÄÌÈÔÈ°€ÈÍ|Á|ÀÐ°€À°€À°€À°€À°€À°€À°€À°€À(ÄÌÈÔÌ°€ÈÍ|Á|ÀÔ°€À°€À°€À°€À°€À°€À°€À°€À(ÄÌÈÔÐ°€ÈÍ|Á|ÀØ°€À°€À°€À°€À°€À°€À°€À°€À(ÄÌÈÔÔ°€ÈÍ|Á|ÀÜ°€À°€À°€À°€À°€À°€À°€À°€À(ÄÌÈÔØ°€ÈÍ|Á|Àà°€À°€À°€À°€À°€À°€À°€À°€À(ÄÌÈÔÜ°€ÈÍ|Á|Àä°€À°€À°€À°€À°€À°€À°€À°€À(ÄÌÈÔà°€ÈÍ|Á|ÄÀ°€À°€À°€À°€À°€À°€À°€À°€À(ÄÌÈÔä°€ÈÍ|Á|ÄÄ°€À°€À°€À°€À°€À°€À°€À°€À(ÄÌÈØÀ°€ÈÍ|Á|ÄÈ°€À°€À°€À°€À°€À°€À°€À°€À(ÄÌÈØÄ°€ÈÍ|Á|ÄÌ°€À°€À°€À°€À°€À°€À°€À°€À(ÄÌÈØÈ°€ÈÍ|Á|ÄÐ°€À°€À°€À°€À°€À°€À°€À°€À(ÄÌÈØÌ°€ÈÍ|Á|ÄÔ°€À°€À°€À°€À°€À°€À°€À°€À(ÄÌÈØÐ°€ÈÍ|Á|ÄØ°€À°€À°€À°€À°€À°€À°€À°€À(ÄÌÈØÔ°€ÈÍ|Á|ÄÜ°€À°€À°€À°€À°€À°€À°€À°€À(ÄÌÈØØ°€ÈÍ|Á|Äà°€À°€À°€À°€À°€À°€À°€À°€À(ÄÌÈØÜ°€ÈÍ|Á|Ää°€À°€À°€À°€À°€À°€À°€À°€À(ÄÌÈØà°€ÈÍ|Á|ÈÀ°€À°€À°€À°€À°€À°€À°€À°€À(ÄÌÈØä°€ÈÍ|Á|ÈÄ°€À°€À°€À°€À°€À°€À°€À°€À(ÄÌÈÜÀ°€ÈÍ|Á|ÈÈ°€À°€À°€À°€À°€À°€À°€À°€À(ÄÌÈÜÄ°€ÈÍ|Á|ÈÌ°€À°€À°€À°€À°€À°€À°€À°€À(ÄÌÈÜÈ°€ÈÍ|Á|ÈÐ°€À°€À°€À°€À°€À°€À°€À°€À(ÄÌÈÜÌ°€ÈÍ|Á|ÈÔ°€À°€À°€À°€À°€À°€À°€À°€À(ÄÌÈÜÐ°€ÈÍ|Á|ÈØ°€À°€À°€À°€À°€À°€À°€À°€À(ÄÌÈÜÔ°€ÈÍ|Á|ÈÜ°€À°€À°€À°€À°€À°€À°€À°€À(ÄÌÈÜØ°€ÈÍ|Á|Èà°€À°€À°€À°€À°€À°€À°€À°€À(ÄÌÈÜÜ°€ÈÍ|Á|Èä°€À°€À°€À°€À°€À°€À°€À°€À(ÄÌÈÜà°€ÈÍ|Á|ÌÀ°€À°€À°€À°€À°€À°€À°€À°€À(ÄÌÈÜä°€ÈÍ|Á|ÌÄ°€À°€À°€À°€À°€À°€À°€À°€À(ÄÌÈàÀ°€ÈÍ|Á|ÌÈ°€À°€À°€À°€À°€À°€À°€À°€À(ÄÌÈàÄ°€ÈÍ|Á|ÌÌ°€À°€À°€À°€À°€À°€À°€À°€À(ÄÌÈàÈ°€ÈÍ|Á|ÌÐ°€À°€À°€À°€À°€À°€À°€À°€À(ÄÌÈàÌ°€ÈÍ|Á|ÌÔ°€À°€À°€À°€À°€À°€À°€À°€À(ÄÌÈàÐ°€ÈÍ|Á|ÌØ°€À°€À°€À°€À°€À°€À°€À°€À(ÄÌÈàÔ°€ÈÍ|Á|ÌÜ°€À°€À°€À°€À°€À°€À°€À°€À(ÄÌÈàØ°€ÈÍ|Á|Ìà°€À°€À°€À°€À°€À°€À°€À°€À(ÄÌÈàÜ°€ÈÍ|Á|Ìä°€À°€À°€À°€À°€À°€À°€À°€À(ÄÌÈàà°€ÈÍ|Á|ÐÀ°€À°€À°€À°€À°€À°€À°€À°€À(ÄÌÈàä°€ÈÍ|Á|ÐÄ°€À°€À°€À°€À°€À°€À°€À°€À(ÄÌÈäÀ°€ÈÍ|Á|ÐÈ°€À°€À°€À°€À°€À°€À°€À°€À(ÄÌÈäÄ°€ÈÍ|Á|ÐÌ°€À°€À°€À°€À°€À°€À°€À°€À(ÄÌÈäÈ°€ÈÍ|Á|ÐÐ°€À°€À°€À°€À°€À°€À°€À°€À(ÄÌÈäÌ°€ÈÍ|Á|ÐÔ°€À°€À°€À°€À°€À°€À°€À°€À(ÄÌÈäÐ°€ÈÍ|Á|ÐØ°€À°€À°€À°€À°€À°€À°€À°€À(ÄÌÈäÔ°€ÈÍ|Á|ÐÜ°€À°€À°€À°€À°€À°€À°€À°€À(ÄÌÈäØ°€ÈÍ|Á|Ðà°€À°€À°€À°€À°€À°€À°€À°€À(ÄÌÈäÜ°€ÈÍ|Á|Ðä°€À°€À°€À°€À°€À°€À°€À°€À(ÄÌÈäà°€ÈÍ|Á|ÔÀ°€À°€À°€À°€À°€À°€À°€À°€À(ÄÌÈää°€ÈÍ|Á|ÔÄ°€À°€À°€À°€À°€À°€À°€À°€À(ÄÌÌÀÀ°€ÈÍ|Á|ÔÈ°€À°€À°€À°€À°€À°€À°€À°€À(ÄÌÌÀÄ°€ÈÍ|Á|ÔÌ°€À°€À°€À°€À°€À°€À°€À°€À(ÄÌÌÀÈ°€ÈÍ|Á|ÔÐ°€À°€À°€À°€À°€À°€À°€À°€À(ÄÌÌÀÌ°€ÈÍ|Á|ÔÔ°€À°€À°€À°€À°€À°€À°€À°€À(ÄÌÌÀÐ°€ÈÍ|Á|ÔØ°€À°€À°€À°€À°€À°€À°€À°€À(ÄÌÌÀÔ°€ÈÍ|Á|ÔÜ°€À°€À°€À°€À°€À°€À°€À°€À(ÄÌÌÀØ°€ÈÍ|Á|Ôà°€À°€À°€À°€À°€À°€À°€À°€À(ÄÌÌÀÜ°€ÈÍ|Á|Ôä°€À°€À°€À°€À°€À°€À°€À°€À(ÄÌÌÀà°€ÈÍ|Á|ØÀ°€À°€À°€À°€À°€À°€À°€À°€À(ÄÌÌÀä°€ÈÍ|Á|ØÄ°€À°€À°€À°€À°€À°€À°€À°€À(ÄÌÌÄÀ°€ÈÍ|Á|ØÈ°€À°€À°€À°€À°€À°€À°€À°€À(ÄÌÌÄÄ°€ÈÍ|Á|ØÌ°€À°€À°€À°€À°€À°€À°€À°€À(ÄÌÌÄÈ°€ÈÍ|Á|ØÐ°€À°€À°€À°€À°€À°€À°€À°€À(ÄÌÌÄÌ°€ÈÍ|Á|ØÔ°€À°€À°€À°€À°€À°€À°€À°€À(ÄÌÌÄÐ°€ÈÍ|Á|ØØ°€À°€À°€À°€À°€À°€À°€À°€À(ÄÌÌÄÔ°€ÈÍ|Á|ØÜ°€À°€À°€À°€À°€À°€À°€À°€À(ÄÌÌÄØ°€ÈÍ|Á|Øà°€À°€À°€À°€À°€À°€À°€À°€À(ÄÌÌÄÜ°€ÈÍ|Á|Øä°€À°€À°€À°€À°€À°€À°€À°€À(ÄÌÌÄà°€ÈÍ|Á|ÜÀ°€À°€À°€À°€À°€À°€À°€À°€À(ÄÌÌÄä°€ÈÍ|Á|ÜÄ°€À°€À°€À°€À°€À°€À°€À°€À(ÄÌÌÈÀ°€ÈÍ|Á|ÜÈ°€À°€À°€À°€À°€À°€À°€À°€À(ÄÌÌÈÄ°€ÈÍ|Á|ÜÌ°€À°€À°€À°€À°€À°€À°€À°€À(ÄÌÌÈÈ°€ÈÍ|Á|ÜÐ°€À°€À°€À°€À°€À°€À°€À°€À(ÄÌÌÈÌ°€ÈÍ|Á|ÜÔ°€À°€À°€À°€À°€À°€À°€À°€À(ÄÌÌÈÐ°€ÈÍ|Á|ÜØ°€À°€À°€À°€À°€À°€À°€À°€À(ÄÌÌÈÔ°€ÈÍ|Á|ÜÜ°€À°€À°€À°€À°€À°€À°€À°€À(ÄÌÌÈØ°€ÈÍ|Á|Üà°€À°€À°€À°€À°€À°€À°€À°€À(ÄÌÌÈÜ°€ÈÍ|Á|Üä°€À°€À°€À°€À°€À°€À°€À°€À(ÄÌÌÈà°€ÈÍ|Á|àÀ°€À°€À°€À°€À°€À°€À°€À°€À(ÄÌÌÈä°€ÈÍ|Á|àÄ°€À°€À°€À°€À°€À°€À°€À°€À(ÄÌÌÌÀ°€ÈÍ|Á|àÈ°€À°€À°€À°€À°€À°€À°€À°€À(ÄÌÌÌÄ°€ÈÍ|Á|àÌ°€À°€À°€À°€À°€À°€À°€À°€À(ÄÌÌÌÈ°€ÈÍ|Á|àÐ°€À°€À°€À°€À°€À°€À°€À°€À(ÄÌÌÌÌ°€ÈÍ|Á|àÔ°€À°€À°€À°€À°€À°€À°€À°€À(ÄÌÌÌÐ°€ÈÍ|Á|àØ°€À°€À°€À°€À°€À°€À°€À°€À(ÄÌÌÌÔ°€ÈÍ|Á|àÜ°€À°€À°€À°€À°€À°€À°€À°€À(ÄÌÌÌØ°€ÈÍ|Á|àà°€À°€À°€À°€À°€À°€À°€À°€À(ÄÌÌÌÜ°€ÈÍ|Á|àä°€À°€À°€À°€À°€À°€À°€À°€À(ÄÌÌÌà°€ÈÍ|Á|äÀ°€À°€À°€À°€À°€À°€À°€À°€À(ÄÌÌÌä°€ÈÍ|Á|äÄ°€À°€À°€À°€À°€À°€À°€À°€À(ÄÌÌÐÀ°€ÈÍ|Á|äÈ°€À°€À°€À°€À°€À°€À°€À°€À(ÄÌÌÐÄ°€ÈÍ|Á|äÌ°€À°€À°€À°€À°€À°€À°€À°€À(ÄÌÌÐÈ°€ÈÍ|Á|äÐ°€À°€À°€À°€À°€À°€À°€À°€À(ÄÌÌÐÌ°€ÈÍ|Á|äÔ°€À°€À°€À°€À°€À°€À°€À°€À(ÄÌÌÐÐ°€ÈÍ|Å|ÀÀ°€À°€À°€À°€À°€À°€À°€À°€À(ÄÌÌÐÔ°€ÈÍ|Å|ÀÄ°€À°€À°€À°€À°€À°€À°€À°€À(ÄÌÌÐØ°€ÈÍ|Å|ÀÈ°€À°€À°€À°€À°€À°€À°€À°€À(ÄÌÌÐÜ°€ÈÍ|Å|ÀÌ°€À°€À°€À°€À°€À°€À°€À°€À(ÄÌÌÐà°€ÈÍ|Å|ÀÐ°€À°€À°€À°€À°€À°€À°€À°€À(ÄÌÌÐä°€ÈÍ|Å|ÀÔ°€À°€À°€À°€À°€À°€À°€À°€À(ÄÌÌÔÀ°€ÈÍ|Å|ÀØ°€À°€À°€À°€À°€À°€À°€À°€À(ÄÌÌÔÄ°€ÈÍ|Å|ÀÜ°€À°€À°€À°€À°€À°€À°€À°€À(ÄÌÌÔÈ°€ÈÍ|Å|Àà°€À°€À°€À°€À°€À°€À°€À°€À(ÄÌÌÔÌ°€ÈÍ|Å|Àä°€À°€À°€À°€À°€À°€À°€À°€À(ÄÌÌÔÐ°€ÈÍ|Å|ÄÀ°€À°€À°€À°€À°€À°€À°€À°€À(ÄÌÌÔÔ°€ÈÍ|Å|ÄÄ°€À°€À°€À°€À°€À°€À°€À°€À(ÄÌÌÔØ°€ÈÍ|Å|ÄÈ°€À°€À°€À°€À°€À°€À°€À°€À(ÄÌÌÔÜ°€ÈÍ|Å|ÄÌ°€À°€À°€À°€À°€À°€À°€À°€À(ÄÌÌÔà°€ÈÍ|Å|ÄÐ°€À°€À°€À°€À°€À°€À°€À°€À(ÄÌÌÔä°€ÈÍ|Å|ÄÔ°€À°€À°€À°€À°€À°€À°€À°€À(ÄÌÌØÀ°€ÈÍ|Å|ÄØ°€À°€À°€À°€À°€À°€À°€À°€À(ÄÌÌØÄ°€ÈÍ|Å|ÄÜ°€À°€À°€À°€À°€À°€À°€À°€À(ÄÌÌØÈ°€ÈÍ|Å|Äà°€À°€À°€À°€À°€À°€À°€À°€À(ÄÌÌØÌ°€ÈÍ|Å|Ää°€À°€À°€À°€À°€À°€À°€À°€À(ÄÌÌØÐ°€ÈÍ|Å|ÈÀ°€À°€À°€À°€À°€À°€À°€À°€À(ÄÌÌØÔ°€ÈÍ|Å|ÈÄ°€À°€À°€À°€À°€À°€À°€À°€À(ÄÌÌØØ°€ÈÍ|Å|ÈÈ°€À°€À°€À°€À°€À°€À°€À°€À(ÄÌÌØÜ°€ÈÍ|Å|ÈÌ°€À°€À°€À°€À°€À°€À°€À°€À(ÄÌÌØà°€ÈÍ|Å|ÈÐ°€À°€À°€À°€À°€À°€À°€À°€À(ÄÌÌØä°€ÈÍ|Å|ÈÔ°€À°€À°€À°€À°€À°€À°€À°€À(ÄÌÌÜÀ°€ÈÍ|Å|ÈØ°€À°€À°€À°€À°€À°€À°€À°€À(ÄÌÌÜÄ°€ÈÍ|Å|ÈÜ°€À°€À°€À°€À°€À°€À°€À°€À(ÄÌÌÜÈ°€ÈÍ|Å|Èà°€À°€À°€À°€À°€À°€À°€À°€À(ÄÌÌÜÌ°€ÈÍ|Å|Èä°€À°€À°€À°€À°€À°€À°€À°€À(ÄÌÌÜÐ°€ÈÍ|Å|ÌÀ°€À°€À°€À°€À°€À°€À°€À°€À(ÄÌÌÜÔ°€ÈÍ|Å|ÌÄ°€À°€À°€À°€À°€À°€À°€À°€À(ÄÌÌÜØ°€ÈÍ|Å|ÌÈ°€À°€À°€À°€À°€À°€À°€À°€À(ÄÌÌÜÜ°€ÈÍ|Å|ÌÌ°€À°€À°€À°€À°€À°€À°€À°€À(ÄÌÌÜà°€ÈÍ|Å|ÌÐ°€À°€À°€À°€À°€À°€À°€À°€À(ÄÌÌÜä°€ÈÍ|Å|ÌÔ°€À°€À°€À°€À°€À°€À°€À°€À(ÄÌÌàÀ°€ÈÍ|Å|ÌØ°€À°€À°€À°€À°€À°€À°€À°€À(ÄÌÌàÄ°€ÈÍ|Å|ÌÜ°€À°€À°€À°€À°€À°€À°€À°€À(ÄÌÌàÈ°€ÈÍ|Å|Ìà°€À°€À°€À°€À°€À°€À°€À°€À(ÄÌÌàÌ°€ÈÍ|Å|Ìä°€À°€À°€À°€À°€À°€À°€À°€À(ÄÌÌàÐ°€ÈÍ|Å|ÐÀ°€À°€À°€À°€À°€À°€À°€À°€À(ÄÌÌàÔ°€ÈÍ|Å|ÐÄ°€À°€À°€À°€À°€À°€À°€À°€À(ÄÌÌàØ°€ÈÍ|Å|ÐÈ°€À°€À°€À°€À°€À°€À°€À°€À(ÄÌÌàÜ°€ÈÍ|Å|ÐÌ°€À°€À°€À°€À°€À°€À°€À°€À(ÄÌÌàà°€ÈÍ|Å|ÐÐ°€À°€À°€À°€À°€À°€À°€À°€À(ÄÌÌàä°€ÈÍ|Å|ÐÔ°€À°€À°€À°€À°€À°€À°€À°€À(ÄÌÌäÀ°€ÈÍ|Å|ÐØ°€À°€À°€À°€À°€À°€À°€À°€À(ÄÌÌäÄ°€ÈÍ|Å|ÐÜ°€À°€À°€À°€À°€À°€À°€À°€À(ÄÌÌäÈ°€ÈÍ|Å|Ðà°€À°€À°€À°€À°€À°€À°€À°€À(ÄÌÌäÌ°€ÈÍ|Å|Ðä°€À°€À°€À°€À°€À°€À°€À°€À(ÄÌÌäÐ°€ÈÍ|Å|ÔÀ°€À°€À°€À°€À°€À°€À°€À°€À(ÄÌÌäÔ°€ÈÍ|Å|ÔÄ°€À°€À°€À°€À°€À°€À°€À°€À(ÄÌÌäØ°€ÈÍ|Å|ÔÈ°€À°€À°€À°€À°€À°€À°€À°€À(ÄÌÌäÜ°€ÈÍ|Å|ÔÌ°€À°€À°€À°€À°€À°€À°€À°€À(ÄÌÌäà°€ÈÍ|Å|ÔÐ°€À°€À°€À°€À°€À°€À°€À°€À(ÄÌÌää°€ÈÍ|Å|ÔÔ°€À°€À°€À°€À°€À°€À°€À°€À(ÄÌÐÀÀ°€ÈÍ|Å|ÔØ°€À°€À°€À°€À°€À°€À°€À°€À(ÄÌÐÀÄ°€ÈÍ|Å|ÔÜ°€À°€À°€À°€À°€À°€À°€À°€À(ÄÌÐÀÈ°€ÈÍ|Å|Ôà°€À°€À°€À°€À°€À°€À°€À°€À(ÄÌÐÀÌ°€ÈÍ|Å|Ôä°€À°€À°€À°€À°€À°€À°€À°€À(ÄÌÐÀÐ°€ÈÍ|Å|ØÀ°€À°€À°€À°€À°€À°€À°€À°€À(ÄÌÐÀÔ°€ÈÍ|Å|ØÄ°€À°€À°€À°€À°€À°€À°€À°€À(ÄÌÐÀØ°€ÈÍ|Å|ØÈ°€À°€À°€À°€À°€À°€À°€À°€À(ÄÌÐÀÜ°€ÈÍ|Å|ØÌ°€À°€À°€À°€À°€À°€À°€À°€À(ÄÌÐÀà°€ÈÍ|Å|ØÐ°€À°€À°€À°€À°€À°€À°€À°€À(ÄÌÐÀä°€ÈÍ|Å|ØÔ°€À°€À°€À°€À°€À°€À°€À°€À(ÄÌÐÄÀ°€ÈÍ|Å|ØØ°€À°€À°€À°€À°€À°€À°€À°€À(ÄÌÐÄÄ°€ÈÍ|Å|ØÜ°€À°€À°€À°€À°€À°€À°€À°€À(ÄÌÐÄÈ°€ÈÍ|Å|Øà°€À°€À°€À°€À°€À°€À°€À°€À(ÄÌÐÄÌ°€ÈÍ|Å|Øä°€À°€À°€À°€À°€À°€À°€À°€À(ÄÌÐÄÐ°€ÈÍ|Å|ÜÀ°€À°€À°€À°€À°€À°€À°€À°€À(ÄÌÐÄÔ°€ÈÍ|Å|ÜÄ°€À°€À°€À°€À°€À°€À°€À°€À(ÄÌÐÄØ°€ÈÍ|Å|ÜÈ°€À°€À°€À°€À°€À°€À°€À°€À(ÄÌÐÄÜ°€ÈÍ|Å|ÜÌ°€À°€À°€À°€À°€À°€À°€À°€À(ÄÌÐÄà°€ÈÍ|Å|ÜÐ°€À°€À°€À°€À°€À°€À°€À°€À(ÄÌÐÄä°€ÈÍ|Å|ÜÔ°€À°€À°€À°€À°€À°€À°€À°€À(ÄÌÐÈÀ°€ÈÍ|Å|ÜØ°€À°€À°€À°€À°€À°€À°€À°€À(ÄÌÐÈÄ°€ÈÍ|Å|ÜÜ°€À°€À°€À°€À°€À°€À°€À°€À(ÄÌÐÈÈ°€ÈÍ|Å|Üà°€À°€À°€À°€À°€À°€À°€À°€À(ÄÌÐÈÌ°€ÈÍ|Å|Üä°€À°€À°€À°€À°€À°€À°€À°€À(ÄÌÐÈÐ°€ÈÍ|Å|àÀ°€À°€À°€À°€À°€À°€À°€À°€À(ÄÌÐÈÔ°€ÈÍ|Å|àÄ°€À°€À°€À°€À°€À°€À°€À°€À(ÄÌÐÈØ°€ÈÍ|Å|àÈ°€À°€À°€À°€À°€À°€À°€À°€À(ÄÌÐÈÜ°€ÈÍ|Å|àÌ°€À°€À°€À°€À°€À°€À°€À°€À(ÄÌÐÈà°€ÈÍ|Å|àÐ°€À°€À°€À°€À°€À°€À°€À°€À(ÄÌÐÈä°€ÈÍ|Å|àÔ°€À°€À°€À°€À°€À°€À°€À°€À(ÄÌÐÌÀ°€ÈÍ|Å|àØ°€À°€À°€À°€À°€À°€À°€À°€À(ÄÌÐÌÄ°€ÈÍ|Å|àÜ°€À°€À°€À°€À°€À°€À°€À°€À(ÄÌÐÌÈ°€ÈÍ|Å|àà°€À°€À°€À°€À°€À°€À°€À°€À(ÄÌÐÌÌ°€ÈÍ|Å|àä°€À°€À°€À°€À°€À°€À°€À°€À(ÄÌÐÌÐ°€ÈÍ|Å|äÀ°€À°€À°€À°€À°€À°€À°€À°€À(ÄÌÐÌÔ°€ÈÍ|Å|äÄ°€À°€À°€À°€À°€À°€À°€À°€À(ÄÌÐÌØ°€ÈÍ|Å|äÈ°€À°€À°€À°€À°€À°€À°€À°€À(ÄÌÐÌÜ°€ÈÍ|Å|äÌ°€À°€À°€À°€À°€À°€À°€À°€À(ÄÌÐÌà°€ÈÍ|Å|äÐ°€À°€À°€À°€À°€À°€À°€À°€À(ÄÌÐÌä°€ÈÍ|Å|äÔ°€À°€À°€À°€À°€À°€À°€À°€À(ÄÌÐÐÀ°€ÈÍ|É|ÀÀ°€À°€À°€À°€À°€À°€À°€À°€À(ÄÌÐÐÄ°€ÈÍ|É|ÀÄ°€À°€À°€À°€À°€À°€À°€À°€À(ÄÌÐÐÈ°€ÈÍ|É|ÀÈ°€À°€À°€À°€À°€À°€À°€À°€À(ÄÌÐÐÌ°€ÈÍ|É|ÀÌ°€À°€À°€À°€À°€À°€À°€À°€À(ÄÌÐÐÐ°€ÈÍ|É|ÀÐ°€À°€À°€À°€À°€À°€À°€À°€À(ÄÌÐÐÔ°€ÈÍ|É|ÀÔ°€À°€À°€À°€À°€À°€À°€À°€À(ÄÌÐÐØ°€ÈÍ|É|ÀØ°€À°€À°€À°€À°€À°€À°€À°€À(ÄÌÐÐÜ°€ÈÍ|É|ÀÜ°€À°€À°€À°€À°€À°€À°€À°€À(ÄÌÐÐà°€ÈÍ|É|Àà°€À°€À°€À°€À°€À°€À°€À°€À(ÄÌÐÐä°€ÈÍ|É|Àä°€À°€À°€À°€À°€À°€À°€À°€À(ÄÌÐÔÀ°€ÈÍ|É|ÄÀ°€À°€À°€À°€À°€À°€À°€À°€À(ÄÌÐÔÄ°€ÈÍ|É|ÄÄ°€À°€À°€À°€À°€À°€À°€À°€À(ÄÌÐÔÈ°€ÈÍ|É|ÄÈ°€À°€À°€À°€À°€À°€À°€À°€À(ÄÌÐÔÌ°€ÈÍ|É|ÄÌ°€À°€À°€À°€À°€À°€À°€À°€À(ÄÌÐÔÐ°€ÈÍ|É|ÄÐ°€À°€À°€À°€À°€À°€À°€À°€À(ÄÌÐÔÔ°€ÈÍ|É|ÄÔ°€À°€À°€À°€À°€À°€À°€À°€À(ÄÌÐÔØ°€ÈÍ|É|ÄØ°€À°€À°€À°€À°€À°€À°€À°€À(ÄÌÐÔÜ°€ÈÍ|É|ÄÜ°€À°€À°€À°€À°€À°€À°€À°€À(ÄÌÐÔà°€ÈÍ|É|Äà°€À°€À°€À°€À°€À°€À°€À°€À(ÄÌÐÔä°€ÈÍ|É|Ää°€À°€À°€À°€À°€À°€À°€À°€À(ÄÌÐØÀ°€ÈÍ|É|ÈÀ°€À°€À°€À°€À°€À°€À°€À°€À(ÄÌÐØÄ°€ÈÍ|É|ÈÄ°€À°€À°€À°€À°€À°€À°€À°€À(ÄÌÐØÈ°€ÈÍ|É|ÈÈ°€À°€À°€À°€À°€À°€À°€À°€À(ÄÌÐØÌ°€ÈÍ|É|ÈÌ°€À°€À°€À°€À°€À°€À°€À°€À(ÄÌÐØÐ°€ÈÍ|É|ÈÐ°€À°€À°€À°€À°€À°€À°€À°€À(ÄÌÐØÔ°€ÈÍ|É|ÈÔ°€À°€À°€À°€À°€À°€À°€À°€À(ÄÌÐØØ°€ÈÍ|É|ÈØ°€À°€À°€À°€À°€À°€À°€À°€À(ÄÌÐØÜ°€ÈÍ|É|ÈÜ°€À°€À°€À°€À°€À°€À°€À°€À(ÄÌÐØà°€ÈÍ|É|Èà°€À°€À°€À°€À°€À°€À°€À°€À(ÄÌÐØä°€ÈÍ|É|Èä°€À°€À°€À°€À°€À°€À°€À°€À(ÄÌÐÜÀ°€ÈÍ|É|ÌÀ°€À°€À°€À°€À°€À°€À°€À°€À(ÄÌÐÜÄ°€ÈÍ|É|ÌÄ°€À°€À°€À°€À°€À°€À°€À°€À(ÄÌÐÜÈ°€ÈÍ|É|ÌÈ°€À°€À°€À°€À°€À°€À°€À°€À(ÄÌÐÜÌ°€ÈÍ|É|ÌÌ°€À°€À°€À°€À°€À°€À°€À°€À(ÄÌÐÜÐ°€ÈÍ|É|ÌÐ°€À°€À°€À°€À°€À°€À°€À°€À(ÄÌÐÜÔ°€ÈÍ|É|ÌÔ°€À°€À°€À°€À°€À°€À°€À°€À(ÄÌÐÜØ°€ÈÍ|É|ÌØ°€À°€À°€À°€À°€À°€À°€À°€À(ÄÌÐÜÜ°€ÈÍ|É|ÌÜ°€À°€À°€À°€À°€À°€À°€À°€À(ÄÌÐÜà°€ÈÍ|É|Ìà°€À°€À°€À°€À°€À°€À°€À°€À(ÄÌÐÜä°€ÈÍ|É|Ìä°€À°€À°€À°€À°€À°€À°€À°€À(ÄÌÐàÀ°€ÈÍ|É|ÐÀ°€À°€À°€À°€À°€À°€À°€À°€À(ÄÌÐàÄ°€ÈÍ|É|ÐÄ°€À°€À°€À°€À°€À°€À°€À°€À(ÄÌÐàÈ°€ÈÍ|É|ÐÈ°€À°€À°€À°€À°€À°€À°€À°€À(ÄÌÐàÌ°€ÈÍ|É|ÐÌ°€À°€À°€À°€À°€À°€À°€À°€À(ÄÌÐàÐ°€ÈÍ|É|ÐÐ°€À°€À°€À°€À°€À°€À°€À°€À(ÄÌÐàÔ°€ÈÍ|É|ÐÔ°€À°€À°€À°€À°€À°€À°€À°€À(ÄÌÐàØ°€ÈÍ|É|ÐØ°€À°€À°€À°€À°€À°€À°€À°€À(ÄÌÐàÜ°€ÈÍ|É|ÐÜ°€À°€À°€À°€À°€À°€À°€À°€À(ÄÌÐàà°€ÈÍ|É|Ðà°€À°€À°€À°€À°€À°€À°€À°€À(ÄÌÐàä°€ÈÍ|É|Ðä°€À°€À°€À°€À°€À°€À°€À°€À(ÄÌÐäÀ°€ÈÍ|É|ÔÀ°€À°€À°€À°€À°€À°€À°€À°€À(ÄÌÐäÄ°€ÈÍ|É|ÔÄ°€À°€À°€À°€À°€À°€À°€À°€À(ÄÌÐäÈ°€ÈÍ|É|ÔÈ°€À°€À°€À°€À°€À°€À°€À°€À(ÄÌÐäÌ°€ÈÍ|É|ÔÌ°€À°€À°€À°€À°€À°€À°€À°€À(ÄÌÐäÐ°€ÈÍ|É|ÔÐ°€À°€À°€À°€À°€À°€À°€À°€À(ÄÌÐäÔ°€ÈÍ|É|ÔÔ°€À°€À°€À°€À°€À°€À°€À°€À(ÄÌÐäØ°€ÈÍ|É|ÔØ°€À°€À°€À°€À°€À°€À°€À°€À(ÄÌÐäÜ°€ÈÍ|É|ÔÜ°€À°€À°€À°€À°€À°€À°€À°€À(ÄÌÐäà°€ÈÍ|É|Ôà°€À°€À°€À°€À°€À°€À°€À°€À(ÄÌÐää°€ÈÍ|É|Ôä°€À°€À°€À°€À°€À°€À°€À°€À(ÄÌÔÀÀ°€ÈÍ|É|ØÀ°€À°€À°€À°€À°€À°€À°€À°€À(ÄÌÔÀÄ°€ÈÍ|É|ØÄ°€À°€À°€À°€À°€À°€À°€À°€À(ÄÌÔÀÈ°€ÈÍ|É|ØÈ°€À°€À°€À°€À°€À°€À°€À°€À(ÄÌÔÀÌ°€ÈÍ|É|ØÌ°€À°€À°€À°€À°€À°€À°€À°€À(ÄÌÔÀÐ°€ÈÍ|É|ØÐ°€À°€À°€À°€À°€À°€À°€À°€À(ÄÌÔÀÔ°€ÈÍ|É|ØÔ°€À°€À°€À°€À°€À°€À°€À°€À(ÄÌÔÀØ°€ÈÍ|É|ØØ°€À°€À°€À°€À°€À°€À°€À°€À(ÄÌÔÀÜ°€ÈÍ|É|ØÜ°€À°€À°€À°€À°€À°€À°€À°€À(ÄÌÔÀà°€ÈÍ|É|Øà°€À°€À°€À°€À°€À°€À°€À°€À(ÄÌÔÀä°€ÈÍ|É|Øä°€À°€À°€À°€À°€À°€À°€À°€À(ÄÌÔÄÀ°€ÈÍ|É|ÜÀ°€À°€À°€À°€À°€À°€À°€À°€À(ÄÌÔÄÄ°€ÈÍ|É|ÜÄ°€À°€À°€À°€À°€À°€À°€À°€À(ÄÌÔÄÈ°€ÈÍ|É|ÜÈ°€À°€À°€À°€À°€À°€À°€À°€À(ÄÌÔÄÌ°€ÈÍ|É|ÜÌ°€À°€À°€À°€À°€À°€À°€À°€À(ÄÌÔÄÐ°€ÈÍ|É|ÜÐ°€À°€À°€À°€À°€À°€À°€À°€À(ÄÌÔÄÔ°€ÈÍ|É|ÜÔ°€À°€À°€À°€À°€À°€À°€À°€À(ÄÌÔÄØ°€ÈÍ|É|ÜØ°€À°€À°€À°€À°€À°€À°€À°€À(ÄÌÔÄÜ°€ÈÍ|É|ÜÜ°€À°€À°€À°€À°€À°€À°€À°€À(ÄÌÔÄà°€ÈÍ|É|Üà°€À°€À°€À°€À°€À°€À°€À°€À(ÄÌÔÄä°€ÈÍ|É|Üä°€À°€À°€À°€À°€À°€À°€À°€À(ÄÌÔÈÀ°€ÈÍ|É|àÀ°€À°€À°€À°€À°€À°€À°€À°€À(ÄÌÔÈÄ°€ÈÍ|É|àÄ°€À°€À°€À°€À°€À°€À°€À°€À(ÄÌÔÈÈ°€ÈÍ|É|àÈ°€À°€À°€À°€À°€À°€À°€À°€À(ÄÌÔÈÌ°€ÈÍ|É|àÌ°€À°€À°€À°€À°€À°€À°€À°€À(ÄÌÔÈÐ°€ÈÍ|É|àÐ°€À°€À°€À°€À°€À°€À°€À°€À(ÄÌÔÈÔ°€ÈÍ|É|àÔ°€À°€À°€À°€À°€À°€À°€À°€À(ÄÌÔÈØ°€ÈÍ|É|àØ°€À°€À°€À°€À°€À°€À°€À°€À(ÄÌÔÈÜ°€ÈÍ|É|àÜ°€À°€À°€À°€À°€À°€À°€À°€À(ÄÌÔÈà°€ÈÍ|É|àà°€À°€À°€À°€À°€À°€À°€À°€À(ÄÌÔÈä°€ÈÍ|É|àä°€À°€À°€À°€À°€À°€À°€À°€À(ÄÌÔÌÀ°€ÈÍ|É|äÀ°€À°€À°€À°€À°€À°€À°€À°€À(ÄÌÔÌÄ°€ÈÍ|É|äÄ°€À°€À°€À°€À°€À°€À°€À°€À(ÄÌÔÌÈ°€ÈÍ|É|äÈ°€À°€À°€À°€À°€À°€À°€À°€À(ÄÌÔÌÌ°€ÈÍ|É|äÌ°€À°€À°€À°€À°€À°€À°€À°€À(ÄÌÔÌÐ°€ÈÍ|É|äÐ°€À°€À°€À°€À°€À°€À°€À°€À(ÄÌÔÌÔ°€ÈÍ|É|äÔ°€À°€À°€À°€À°€À°€À°€À°€À(ÄÌÔÌØ°€ÈÍ|Í|ÀÀ°€À°€À°€À°€À°€À°€À°€À°€À(ÄÌÔÌÜ°€ÈÍ|Í|ÀÄ°€À°€À°€À°€À°€À°€À°€À°€À(ÄÌÔÌà°€ÈÍ|Í|ÀÈ°€À°€À°€À°€À°€À°€À°€À°€À(ÄÌÔÌä°€ÈÍ|Í|ÀÌ°€À°€À°€À°€À°€À°€À°€À°€À(ÄÌÔÐÀ°€ÈÍ|Í|ÀÐ°€À°€À°€À°€À°€À°€À°€À°€À(ÄÌÔÐÄ°€ÈÍ|Í|ÀÔ°€À°€À°€À°€À°€À°€À°€À°€À(ÄÌÔÐÈ°€ÈÍ|Í|ÀØ°€À°€À°€À°€À°€À°€À°€À°€À(ÄÌÔÐÌ°€ÈÍ|Í|ÀÜ°€À°€À°€À°€À°€À°€À°€À°€À(ÄÌÔÐÐ°€ÈÍ|Í|Àà°€À°€À°€À°€À°€À°€À°€À°€À(ÄÌÔÐÔ°€ÈÍ|Í|Àä°€À°€À°€À°€À°€À°€À°€À°€À(ÄÌÔÐØ°€ÈÍ|Í|ÄÀ°€À°€À°€À°€À°€À°€À°€À°€À(ÄÌÔÐÜ°€ÈÍ|Í|ÄÄ°€À°€À°€À°€À°€À°€À°€À°€À(ÄÌÔÐà°€ÈÍ|Í|ÄÈ°€À°€À°€À°€À°€À°€À°€À°€À(ÄÌÔÐä°€ÈÍ|Í|ÄÌ°€À°€À°€À°€À°€À°€À°€À°€À(ÄÌÔÔÀ°€ÈÍ|Í|ÄÐ°€À°€À°€À°€À°€À°€À°€À°€À(ÄÌÔÔÄ°€ÈÍ|Í|ÄÔ°€À°€À°€À°€À°€À°€À°€À°€À(ÄÌÔÔÈ°€ÈÍ|Í|ÄØ°€À°€À°€À°€À°€À°€À°€À°€À(ÄÌÔÔÌ°€ÈÍ|Í|ÄÜ°€À°€À°€À°€À°€À°€À°€À°€À(ÄÌÔÔÐ°€ÈÍ|Í|Äà°€À°€À°€À°€À°€À°€À°€À°€À(ÄÌÔÔÔ°€ÈÍ|Í|Ää°€À°€À°€À°€À°€À°€À°€À°€À(ÄÌÔÔØ°€ÈÍ|Í|ÈÀ°€À°€À°€À°€À°€À°€À°€À°€À(ÄÌÔÔÜ°€ÈÍ|Í|ÈÄ°€À°€À°€À°€À°€À°€À°€À°€À(ÄÌÔÔà°€ÈÍ|Í|ÈÈ°€À°€À°€À°€À°€À°€À°€À°€À(ÄÌÔÔä°€ÈÍ|Í|ÈÌ°€À°€À°€À°€À°€À°€À°€À°€À(ÄÌÔØÀ°€ÈÍ|Í|ÈÐ°€À°€À°€À°€À°€À°€À°€À°€À(ÄÌÔØÄ°€ÈÍ|Í|ÈÔ°€À°€À°€À°€À°€À°€À°€À°€À(ÄÌÔØÈ°€ÈÍ|Í|ÈØ°€À°€À°€À°€À°€À°€À°€À°€À(ÄÌÔØÌ°€ÈÍ|Í|ÈÜ°€À°€À°€À°€À°€À°€À°€À°€À(ÄÌÔØÐ°€ÈÍ|Í|Èà°€À°€À°€À°€À°€À°€À°€À°€À(ÄÌÔØÔ°€ÈÍ|Í|Èä°€À°€À°€À°€À°€À°€À°€À°€À(ÄÌÔØØ°€ÈÍ|Í|ÌÀ°€À°€À°€À°€À°€À°€À°€À°€À(ÄÌÔØÜ°€ÈÍ|Í|ÌÄ°€À°€À°€À°€À°€À°€À°€À°€À(ÄÌÔØà°€ÈÍ|Í|ÌÈ°€À°€À°€À°€À°€À°€À°€À°€À(ÄÌÔØä°€ÈÍ|Í|ÌÌ°€À°€À°€À°€À°€À°€À°€À°€À(ÄÌÔÜÀ°€ÈÍ|Í|ÌÐ°€À°€À°€À°€À°€À°€À°€À°€À(ÄÌÔÜÄ°€ÈÍ|Í|ÌÔ°€À°€À°€À°€À°€À°€À°€À°€À(ÄÌÔÜÈ°€ÈÍ|Í|ÌØ°€À°€À°€À°€À°€À°€À°€À°€À(ÄÌÔÜÌ°€ÈÍ|Í|ÌÜ°€À°€À°€À°€À°€À°€À°€À°€À(ÄÌÔÜÐ°€ÈÍ|Í|Ìà°€À°€À°€À°€À°€À°€À°€À°€À(ÄÌÔÜÔ°€ÈÍ|Í|Ìä°€À°€À°€À°€À°€À°€À°€À°€À(ÄÌÔÜØ°€ÈÍ|Í|ÐÀ°€À°€À°€À°€À°€À°€À°€À°€À(ÄÌÔÜÜ°€ÈÍ|Í|ÐÄ°€À°€À°€À°€À°€À°€À°€À°€À(ÄÌÔÜà°€ÈÍ|Í|ÐÈ°€À°€À°€À°€À°€À°€À°€À°€À(ÄÌÔÜä°€ÈÍ|Í|ÐÌ°€À°€À°€À°€À°€À°€À°€À°€À(ÄÌÔàÀ°€ÈÍ|Í|ÐÐ°€À°€À°€À°€À°€À°€À°€À°€À(ÄÌÔàÄ°€ÈÍ|Í|ÐÔ°€À°€À°€À°€À°€À°€À°€À°€À(ÄÌÔàÈ°€ÈÍ|Í|ÐØ°€À°€À°€À°€À°€À°€À°€À°€À(ÄÌÔàÌ°€ÈÍ|Í|ÐÜ°€À°€À°€À°€À°€À°€À°€À°€À(ÄÌÔàÐ°€ÈÍ|Í|Ðà°€À°€À°€À°€À°€À°€À°€À°€À(ÄÌÔàÔ°€ÈÍ|Í|Ðä°€À°€À°€À°€À°€À°€À°€À°€À(ÄÌÔàØ°€ÈÍ|Í|ÔÀ°€À°€À°€À°€À°€À°€À°€À°€À(ÄÌÔàÜ°€ÈÍ|Í|ÔÄ°€À°€À°€À°€À°€À°€À°€À°€À(ÄÌÔàà°€ÈÍ|Í|ÔÈ°€À°€À°€À°€À°€À°€À°€À°€À(ÄÌÔàä°€ÈÍ|Í|ÔÌ°€À°€À°€À°€À°€À°€À°€À°€À(ÄÌÔäÀ°€ÈÍ|Í|ÔÐ°€À°€À°€À°€À°€À°€À°€À°€À(ÄÌÔäÄ°€ÈÍ|Í|ÔÔ°€À°€À°€À°€À°€À°€À°€À°€À(ÄÌÔäÈ°€ÈÍ|Í|ÔØ°€À°€À°€À°€À°€À°€À°€À°€À(ÄÌÔäÌ°€ÈÍ|Í|ÔÜ°€À°€À°€À°€À°€À°€À°€À°€À(ÄÌÔäÐ°€ÈÍ|Í|Ôà°€À°€À°€À°€À°€À°€À°€À°€À(ÄÌÔäÔ°€ÈÍ|Í|Ôä°€À°€À°€À°€À°€À°€À°€À°€À(ÄÌÔäØ°€ÈÍ|Í|ØÀ°€À°€À°€À°€À°€À°€À°€À°€À(ÄÌÔäÜ°€ÈÍ|Í|ØÄ°€À°€À°€À°€À°€À°€À°€À°€À(ÄÌÔäà°€ÈÍ|Í|ØÈ°€À°€À°€À°€À°€À°€À°€À°€À(ÄÌÔää°€ÈÍ|Í|ØÌ°€À°€À°€À°€À°€À°€À°€À°€À(ÄÌØÀÀ°€ÈÍ|Í|ØÐ°€À°€À°€À°€À°€À°€À°€À°€À(ÄÌØÀÄ°€ÈÍ|Í|ØÔ°€À°€À°€À°€À°€À°€À°€À°€À(ÄÌØÀÈ°€ÈÍ|Í|ØØ°€À°€À°€À°€À°€À°€À°€À°€À(ÄÌØÀÌ°€ÈÍ|Í|ØÜ°€À°€À°€À°€À°€À°€À°€À°€À(ÄÌØÀÐ°€ÈÍ|Í|Øà°€À°€À°€À°€À°€À°€À°€À°€À(ÄÌØÀÔ°€ÈÍ|Í|Øä°€À°€À°€À°€À°€À°€À°€À°€À(ÄÌØÀØ°€ÈÍ|Í|ÜÀ°€À°€À°€À°€À°€À°€À°€À°€À(ÄÌØÀÜ°€ÈÍ|Í|ÜÄ°€À°€À°€À°€À°€À°€À°€À°€À(ÄÌØÀà°€ÈÍ|Í|ÜÈ°€À°€À°€À°€À°€À°€À°€À°€À(ÄÌØÀä°€ÈÍ|Í|ÜÌ°€À°€À°€À°€À°€À°€À°€À°€À(ÄÌØÄÀ°€ÈÍ|Í|ÜÐ°€À°€À°€À°€À°€À°€À°€À°€À(ÄÌØÄÄ°€ÈÍ|Í|ÜÔ°€À°€À°€À°€À°€À°€À°€À°€À(ÄÌØÄÈ°€ÈÍ|Í|ÜØ°€À°€À°€À°€À°€À°€À°€À°€À(ÄÌØÄÌ°€ÈÍ|Í|ÜÜ°€À°€À°€À°€À°€À°€À°€À°€À(ÄÌØÄÐ°€ÈÍ|Í|Üà°€À°€À°€À°€À°€À°€À°€À°€À(ÄÌØÄÔ°€ÈÍ|Í|Üä°€À°€À°€À°€À°€À°€À°€À°€À(ÄÌØÄØ°€ÈÍ|Í|àÀ°€À°€À°€À°€À°€À°€À°€À°€À(ÄÌØÄÜ°€ÈÍ|Í|àÄ°€À°€À°€À°€À°€À°€À°€À°€À(ÄÌØÄà°€ÈÍ|Í|àÈ°€À°€À°€À°€À°€À°€À°€À°€À(ÄÌØÄä°€ÈÍ|Í|àÌ°€À°€À°€À°€À°€À°€À°€À°€À(ÄÌØÈÀ°€ÈÍ|Í|àÐ°€À°€À°€À°€À°€À°€À°€À°€À(ÄÌØÈÄ°€ÈÍ|Í|àÔ°€À°€À°€À°€À°€À°€À°€À°€À(ÄÌØÈÈ°€ÈÍ|Í|àØ°€À°€À°€À°€À°€À°€À°€À°€À(ÄÌØÈÌ°€ÈÍ|Í|àÜ°€À°€À°€À°€À°€À°€À°€À°€À(ÄÌØÈÐ°€ÈÍ|Í|àà°€À°€À°€À°€À°€À°€À°€À°€À(ÄÌØÈÔ°€ÈÍ|Í|àä°€À°€À°€À°€À°€À°€À°€À°€À(ÄÌØÈØ°€ÈÍ|Í|äÀ°€À°€À°€À°€À°€À°€À°€À°€À(ÄÌØÈÜ°€ÈÍ|Í|äÄ°€À°€À°€À°€À°€À°€À°€À°€À(ÄÌØÈà°€ÈÍ|Í|äÈ°€À°€À°€À°€À°€À°€À°€À°€À(ÄÌØÈä°€ÈÍ|Í|äÌ°€À°€À°€À°€À°€À°€À°€À°€À(ÄÌØÌÀ°€ÈÍ|Í|äÐ°€À°€À°€À°€À°€À°€À°€À°€À(ÄÌØÌÄ°€ÈÍ|Í|äÔ°€À°€À°€À°€À°€À°€À°€À°€À(ÄÌØÌÈ°€ÈÍ|Ñ|ÀÀ°€À°€À°€À°€À°€À°€À°€À°€À(ÄÌØÌÌ°€ÈÍ|Ñ|ÀÄ°€À°€À°€À°€À°€À°€À°€À°€À(ÄÌØÌÐ°€ÈÍ|Ñ|ÀÈ°€À°€À°€À°€À°€À°€À°€À°€À(ÄÌØÌÔ°€ÈÍ|Ñ|ÀÌ°€À°€À°€À°€À°€À°€À°€À°€À(ÄÌØÌØ°€ÈÍ|Ñ|ÀÐ°€À°€À°€À°€À°€À°€À°€À°€À(ÄÌØÌÜ°€ÈÍ|Ñ|ÀÔ°€À°€À°€À°€À°€À°€À°€À°€À(ÄÌØÌà°€ÈÍ|Ñ|ÀØ°€À°€À°€À°€À°€À°€À°€À°€À(ÄÌØÌä°€ÈÍ|Ñ|ÀÜ°€À°€À°€À°€À°€À°€À°€À°€À(ÄÌØÐÀ°€ÈÍ|Ñ|Àà°€À°€À°€À°€À°€À°€À°€À°€À(ÄÌØÐÄ°€ÈÍ|Ñ|Àä°€À°€À°€À°€À°€À°€À°€À°€À(ÄÌØÐÈ°€ÈÍ|Ñ|ÄÀ°€À°€À°€À°€À°€À°€À°€À°€À(ÄÌØÐÌ°€ÈÍ|Ñ|ÄÄ°€À°€À°€À°€À°€À°€À°€À°€À(ÄÌØÐÐ°€ÈÍ|Ñ|ÄÈ°€À°€À°€À°€À°€À°€À°€À°€À(ÄÌØÐÔ°€ÈÍ|Ñ|ÄÌ°€À°€À°€À°€À°€À°€À°€À°€À(ÄÌØÐØ°€ÈÍ|Ñ|ÄÐ°€À°€À°€À°€À°€À°€À°€À°€À(ÄÌØÐÜ°€ÈÍ|Ñ|ÄÔ°€À°€À°€À°€À°€À°€À°€À°€À(ÄÌØÐà°€ÈÍ|Ñ|ÄØ°€À°€À°€À°€À°€À°€À°€À°€À(ÄÌØÐä°€ÈÍ|Ñ|ÄÜ°€À°€À°€À°€À°€À°€À°€À°€À(ÄÌØÔÀ°€ÈÍ|Ñ|Äà°€À°€À°€À°€À°€À°€À°€À°€À(ÄÌØÔÄ°€ÈÍ|Ñ|Ää°€À°€À°€À°€À°€À°€À°€À°€À(ÄÌØÔÈ°€ÈÍ|Ñ|ÈÀ°€À°€À°€À°€À°€À°€À°€À°€À(ÄÌØÔÌ°€ÈÍ|Ñ|ÈÄ°€À°€À°€À°€À°€À°€À°€À°€À(ÄÌØÔÐ°€ÈÍ|Ñ|ÈÈ°€À°€À°€À°€À°€À°€À°€À°€À(ÄÌØÔÔ°€ÈÍ|Ñ|ÈÌ°€À°€À°€À°€À°€À°€À°€À°€À(ÄÌØÔØ°€ÈÍ|Ñ|ÈÐ°€À°€À°€À°€À°€À°€À°€À°€À(ÄÌØÔÜ°€ÈÍ|Ñ|ÈÔ°€À°€À°€À°€À°€À°€À°€À°€À(ÄÌØÔà°€ÈÍ|Ñ|ÈØ°€À°€À°€À°€À°€À°€À°€À°€À(ÄÌØÔä°€ÈÍ|Ñ|ÈÜ°€À°€À°€À°€À°€À°€À°€À°€À(ÄÌØØÀ°€ÈÍ|Ñ|Èà°€À°€À°€À°€À°€À°€À°€À°€À(ÄÌØØÄ°€ÈÍ|Ñ|Èä°€À°€À°€À°€À°€À°€À°€À°€À(ÄÌØØÈ°€ÈÍ|Ñ|ÌÀ°€À°€À°€À°€À°€À°€À°€À°€À(ÄÌØØÌ°€ÈÍ|Ñ|ÌÄ°€À°€À°€À°€À°€À°€À°€À°€À(ÄÌØØÐ°€ÈÍ|Ñ|ÌÈ°€À°€À°€À°€À°€À°€À°€À°€À(ÄÌØØÔ°€ÈÍ|Ñ|ÌÌ°€À°€À°€À°€À°€À°€À°€À°€À(ÄÌØØØ°€ÈÍ|Ñ|ÌÐ°€À°€À°€À°€À°€À°€À°€À°€À(ÄÌØØÜ°€ÈÍ|Ñ|ÌÔ°€À°€À°€À°€À°€À°€À°€À°€À(ÄÌØØà°€ÈÍ|Ñ|ÌØ°€À°€À°€À°€À°€À°€À°€À°€À(ÄÌØØä°€ÈÍ|Ñ|ÌÜ°€À°€À°€À°€À°€À°€À°€À°€À(ÄÌØÜÀ°€ÈÍ|Ñ|Ìà°€À°€À°€À°€À°€À°€À°€À°€À(ÄÌØÜÄ°€ÈÍ|Ñ|Ìä°€À°€À°€À°€À°€À°€À°€À°€À(ÄÌØÜÈ°€ÈÍ|Ñ|ÐÀ°€À°€À°€À°€À°€À°€À°€À°€À(ÄÌØÜÌ°€ÈÍ|Ñ|ÐÄ°€À°€À°€À°€À°€À°€À°€À°€À(ÄÌØÜÐ°€ÈÍ|Ñ|ÐÈ°€À°€À°€À°€À°€À°€À°€À°€À(ÄÌØÜÔ°€ÈÍ|Ñ|ÐÌ°€À°€À°€À°€À°€À°€À°€À°€À(ÄÌØÜØ°€ÈÍ|Ñ|ÐÐ°€À°€À°€À°€À°€À°€À°€À°€À(ÄÌØÜÜ°€ÈÍ|Ñ|ÐÔ°€À°€À°€À°€À°€À°€À°€À°€À(ÄÌØÜà°€ÈÍ|Ñ|ÐØ°€À°€À°€À°€À°€À°€À°€À°€À(ÄÌØÜä°€ÈÍ|Ñ|ÐÜ°€À°€À°€À°€À°€À°€À°€À°€À(ÄÌØàÀ°€ÈÍ|Ñ|Ðà°€À°€À°€À°€À°€À°€À°€À°€À(ÄÌØàÄ°€ÈÍ|Ñ|Ðä°€À°€À°€À°€À°€À°€À°€À°€À(ÄÌØàÈ°€ÈÍ|Ñ|ÔÀ°€À°€À°€À°€À°€À°€À°€À°€À(ÄÌØàÌ°€ÈÍ|Ñ|ÔÄ°€À°€À°€À°€À°€À°€À°€À°€À(ÄÌØàÐ°€ÈÍ|Ñ|ÔÈ°€À°€À°€À°€À°€À°€À°€À°€À(ÄÌØàÔ°€ÈÍ|Ñ|ÔÌ°€À°€À°€À°€À°€À°€À°€À°€À(ÄÌØàØ°€ÈÍ|Ñ|ÔÐ°€À°€À°€À°€À°€À°€À°€À°€À(ÄÌØàÜ°€ÈÍ|Ñ|ÔÔ°€À°€À°€À°€À°€À°€À°€À°€À(ÄÌØàà°€ÈÍ|Ñ|ÔØ°€À°€À°€À°€À°€À°€À°€À°€À(ÄÌØàä°€ÈÍ|Ñ|ÔÜ°€À°€À°€À°€À°€À°€À°€À°€À(ÄÌØäÀ°€ÈÍ|Ñ|Ôà°€À°€À°€À°€À°€À°€À°€À°€À(ÄÌØäÄ°€ÈÍ|Ñ|Ôä°€À°€À°€À°€À°€À°€À°€À°€À(ÄÌØäÈ°€ÈÍ|Ñ|ØÀ°€À°€À°€À°€À°€À°€À°€À°€À(ÄÌØäÌ°€ÈÍ|Ñ|ØÄ°€À°€À°€À°€À°€À°€À°€À°€À(ÄÌØäÐ°€ÈÍ|Ñ|ØÈ°€À°€À°€À°€À°€À°€À°€À°€À(ÄÌØäÔ°€ÈÍ|Ñ|ØÌ°€À°€À°€À°€À°€À°€À°€À°€À(ÄÌØäØ°€ÈÍ|Ñ|ØÐ°€À°€À°€À°€À°€À°€À°€À°€À(ÄÌØäÜ°€ÈÍ|Ñ|ØÔ°€À°€À°€À°€À°€À°€À°€À°€À(ÄÌØäà°€ÈÍ|Ñ|ØØ°€À°€À°€À°€À°€À°€À°€À°€À(ÄÌØää°€ÈÍ|Ñ|ØÜ°€À°€À°€À°€À°€À°€À°€À°€À(ÄÌÜÀÀ°€ÈÍ|Ñ|Øà°€À°€À°€À°€À°€À°€À°€À°€À(ÄÌÜÀÄ°€ÈÍ|Ñ|Øä°€À°€À°€À°€À°€À°€À°€À°€À(ÄÌÜÀÈ°€ÈÍ|Ñ|ÜÀ°€À°€À°€À°€À°€À°€À°€À°€À(ÄÌÜÀÌ°€ÈÍ|Ñ|ÜÄ°€À°€À°€À°€À°€À°€À°€À°€À(ÄÌÜÀÐ°€ÈÍ|Ñ|ÜÈ°€À°€À°€À°€À°€À°€À°€À°€À(ÄÌÜÀÔ°€ÈÍ|Ñ|ÜÌ°€À°€À°€À°€À°€À°€À°€À°€À(ÄÌÜÀØ°€ÈÍ|Ñ|ÜÐ°€À°€À°€À°€À°€À°€À°€À°€À(ÄÌÜÀÜ°€ÈÍ|Ñ|ÜÔ°€À°€À°€À°€À°€À°€À°€À°€À(ÄÌÜÀà°€ÈÍ|Ñ|ÜØ°€À°€À°€À°€À°€À°€À°€À°€À(ÄÌÜÀä°€ÈÍ|Ñ|ÜÜ°€À°€À°€À°€À°€À°€À°€À°€À(ÄÌÜÄÀ°€ÈÍ|Ñ|Üà°€À°€À°€À°€À°€À°€À°€À°€À(ÄÌÜÄÄ°€ÈÍ|Ñ|Üä°€À°€À°€À°€À°€À°€À°€À°€À(ÄÌÜÄÈ°€ÈÍ|Ñ|àÀ°€À°€À°€À°€À°€À°€À°€À°€À(ÄÌÜÄÌ°€ÈÍ|Ñ|àÄ°€À°€À°€À°€À°€À°€À°€À°€À(ÄÌÜÄÐ°€ÈÍ|Ñ|àÈ°€À°€À°€À°€À°€À°€À°€À°€À(ÄÌÜÄÔ°€ÈÍ|Ñ|àÌ°€À°€À°€À°€À°€À°€À°€À°€À(ÄÌÜÄØ°€ÈÍ|Ñ|àÐ°€À°€À°€À°€À°€À°€À°€À°€À(ÄÌÜÄÜ°€ÈÍ|Ñ|àÔ°€À°€À°€À°€À°€À°€À°€À°€À(ÄÌÜÄà°€ÈÍ|Ñ|àØ°€À°€À°€À°€À°€À°€À°€À°€À(ÄÌÜÄä°€ÈÍ|Ñ|àÜ°€À°€À°€À°€À°€À°€À°€À°€À(ÄÌÜÈÀ°€ÈÍ|Ñ|àà°€À°€À°€À°€À°€À°€À°€À°€À(ÄÌÜÈÄ°€ÈÍ|Ñ|àä°€À°€À°€À°€À°€À°€À°€À°€À(ÄÌÜÈÈ°€ÈÍ|Ñ|äÀ°€À°€À°€À°€À°€À°€À°€À°€À(ÄÌÜÈÌ°€ÈÍ|Ñ|äÄ°€À°€À°€À°€À°€À°€À°€À°€À(ÄÌÜÈÐ°€ÈÍ|Ñ|äÈ°€À°€À°€À°€À°€À°€À°€À°€À(ÄÌÜÈÔ°€ÈÍ|Ñ|äÌ°€À°€À°€À°€À°€À°€À°€À°€À(ÄÌÜÈØ°€ÈÍ|Ñ|äÐ°€À°€À°€À°€À°€À°€À°€À°€À(ÄÌÜÈÜ°€ÈÍ|Ñ|äÔ°€À°€À°€À°€À°€À°€À°€À°€À(ÄÌÜÈà°€ÈÍ|Õ|ÀÀ°€À°€À°€À°€À°€À°€À°€À°€À(ÄÌÜÈä°€ÈÍ|Õ|ÀÄ°€À°€À°€À°€À°€À°€À°€À°€À(ÄÌÜÌÀ°€ÈÍ|Õ|ÀÈ°€À°€À°€À°€À°€À°€À°€À°€À(ÄÌÜÌÄ°€ÈÍ|Õ|ÀÌ°€À°€À°€À°€À°€À°€À°€À°€À(ÄÌÜÌÈ°€ÈÍ|Õ|ÀÐ°€À°€À°€À°€À°€À°€À°€À°€À(ÄÌÜÌÌ°€ÈÍ|Õ|ÀÔ°€À°€À°€À°€À°€À°€À°€À°€À(ÄÌÜÌÐ°€ÈÍ|Õ|ÀØ°€À°€À°€À°€À°€À°€À°€À°€À(ÄÌÜÌÔ°€ÈÍ|Õ|ÀÜ°€À°€À°€À°€À°€À°€À°€À°€À(ÄÌÜÌØ°€ÈÍ|Õ|Àà°€À°€À°€À°€À°€À°€À°€À°€À(ÄÌÜÌÜ°€ÈÍ|Õ|Àä°€À°€À°€À°€À°€À°€À°€À°€À(ÄÌÜÌà°€ÈÍ|Õ|ÄÀ°€À°€À°€À°€À°€À°€À°€À°€À(ÄÌÜÌä°€ÈÍ|Õ|ÄÄ°€À°€À°€À°€À°€À°€À°€À°€À(ÄÌÜÐÀ°€ÈÍ|Õ|ÄÈ°€À°€À°€À°€À°€À°€À°€À°€À(ÄÌÜÐÄ°€ÈÍ|Õ|ÄÌ°€À°€À°€À°€À°€À°€À°€À°€À(ÄÌÜÐÈ°€ÈÍ|Õ|ÄÐ°€À°€À°€À°€À°€À°€À°€À°€À(ÄÌÜÐÌ°€ÈÍ|Õ|ÄÔ°€À°€À°€À°€À°€À°€À°€À°€À(ÄÌÜÐÐ°€ÈÍ|Õ|ÄØ°€À°€À°€À°€À°€À°€À°€À°€À(ÄÌÜÐÔ°€ÈÍ|Õ|ÄÜ°€À°€À°€À°€À°€À°€À°€À°€À(ÄÌÜÐØ°€ÈÍ|Õ|Äà°€À°€À°€À°€À°€À°€À°€À°€À(ÄÌÜÐÜ°€ÈÍ|Õ|Ää°€À°€À°€À°€À°€À°€À°€À°€À(ÄÌÜÐà°€ÈÍ|Õ|ÈÀ°€À°€À°€À°€À°€À°€À°€À°€À(ÄÌÜÐä°€ÈÍ|Õ|ÈÄ°€À°€À°€À°€À°€À°€À°€À°€À(ÄÌÜÔÀ°€ÈÍ|Õ|ÈÈ°€À°€À°€À°€À°€À°€À°€À°€À(ÄÌÜÔÄ°€ÈÍ|Õ|ÈÌ°€À°€À°€À°€À°€À°€À°€À°€À(ÄÌÜÔÈ°€ÈÍ|Õ|ÈÐ°€À°€À°€À°€À°€À°€À°€À°€À(ÄÌÜÔÌ°€ÈÍ|Õ|ÈÔ°€À°€À°€À°€À°€À°€À°€À°€À(ÄÌÜÔÐ°€ÈÍ|Õ|ÈØ°€À°€À°€À°€À°€À°€À°€À°€À(ÄÌÜÔÔ°€ÈÍ|Õ|ÈÜ°€À°€À°€À°€À°€À°€À°€À°€À(ÄÌÜÔØ°€ÈÍ|Õ|Èà°€À°€À°€À°€À°€À°€À°€À°€À(ÄÌÜÔÜ°€ÈÍ|Õ|Èä°€À°€À°€À°€À°€À°€À°€À°€À(ÄÌÜÔà°€ÈÍ|Õ|ÌÀ°€À°€À°€À°€À°€À°€À°€À°€À(ÄÌÜÔä°€ÈÍ|Õ|ÌÄ°€À°€À°€À°€À°€À°€À°€À°€À(ÄÌÜØÀ°€ÈÍ|Õ|ÌÈ°€À°€À°€À°€À°€À°€À°€À°€À(ÄÌÜØÄ°€ÈÍ|Õ|ÌÌ°€À°€À°€À°€À°€À°€À°€À°€À(ÄÌÜØÈ°€ÈÍ|Õ|ÌÐ°€À°€À°€À°€À°€À°€À°€À°€À(ÄÌÜØÌ°€ÈÍ|Õ|ÌÔ°€À°€À°€À°€À°€À°€À°€À°€À(ÄÌÜØÐ°€ÈÍ|Õ|ÌØ°€À°€À°€À°€À°€À°€À°€À°€À(ÄÌÜØÔ°€ÈÍ|Õ|ÌÜ°€À°€À°€À°€À°€À°€À°€À°€À(ÄÌÜØØ°€ÈÍ|Õ|Ìà°€À°€À°€À°€À°€À°€À°€À°€À(ÄÌÜØÜ°€ÈÍ|Õ|Ìä°€À°€À°€À°€À°€À°€À°€À°€À(ÄÌÜØà°€ÈÍ|Õ|ÐÀ°€À°€À°€À°€À°€À°€À°€À°€À(ÄÌÜØä°€ÈÍ|Õ|ÐÄ°€À°€À°€À°€À°€À°€À°€À°€À(ÄÌÜÜÀ°€ÈÍ|Õ|ÐÈ°€À°€À°€À°€À°€À°€À°€À°€À(ÄÌÜÜÄ°€ÈÍ|Õ|ÐÌ°€À°€À°€À°€À°€À°€À°€À°€À(ÄÌÜÜÈ°€ÈÍ|Õ|ÐÐ°€À°€À°€À°€À°€À°€À°€À°€À(ÄÌÜÜÌ°€ÈÍ|Õ|ÐÔ°€À°€À°€À°€À°€À°€À°€À°€À(ÄÌÜÜÐ°€ÈÍ|Õ|ÐØ°€À°€À°€À°€À°€À°€À°€À°€À(ÄÌÜÜÔ°€ÈÍ|Õ|ÐÜ°€À°€À°€À°€À°€À°€À°€À°€À(ÄÌÜÜØ°€ÈÍ|Õ|Ðà°€À°€À°€À°€À°€À°€À°€À°€À(ÄÌÜÜÜ°€ÈÍ|Õ|Ðä°€À°€À°€À°€À°€À°€À°€À°€À(ÄÌÜÜà°€ÈÍ|Õ|ÔÀ°€À°€À°€À°€À°€À°€À°€À°€À(ÄÌÜÜä°€ÈÍ|Õ|ÔÄ°€À°€À°€À°€À°€À°€À°€À°€À(ÄÌÜàÀ°€ÈÍ|Õ|ÔÈ°€À°€À°€À°€À°€À°€À°€À°€À(ÄÌÜàÄ°€ÈÍ|Õ|ÔÌ°€À°€À°€À°€À°€À°€À°€À°€À(ÄÌÜàÈ°€ÈÍ|Õ|ÔÐ°€À°€À°€À°€À°€À°€À°€À°€À(ÄÌÜàÌ°€ÈÍ|Õ|ÔÔ°€À°€À°€À°€À°€À°€À°€À°€À(ÄÌÜàÐ°€ÈÍ|Õ|ÔØ°€À°€À°€À°€À°€À°€À°€À°€À(ÄÌÜàÔ°€ÈÍ|Õ|ÔÜ°€À°€À°€À°€À°€À°€À°€À°€À(ÄÌÜàØ°€ÈÍ|Õ|Ôà°€À°€À°€À°€À°€À°€À°€À°€À(ÄÌÜàÜ°€ÈÍ|Õ|Ôä°€À°€À°€À°€À°€À°€À°€À°€À(ÄÌÜàà°€ÈÍ|Õ|ØÀ°€À°€À°€À°€À°€À°€À°€À°€À(ÄÌÜàä°€ÈÍ|Õ|ØÄ°€À°€À°€À°€À°€À°€À°€À°€À(ÄÌÜäÀ°€ÈÍ|Õ|ØÈ°€À°€À°€À°€À°€À°€À°€À°€À(ÄÌÜäÄ°€ÈÍ|Õ|ØÌ°€À°€À°€À°€À°€À°€À°€À°€À(ÄÌÜäÈ°€ÈÍ|Õ|ØÐ°€À°€À°€À°€À°€À°€À°€À°€À(ÄÌÜäÌ°€ÈÍ|Õ|ØÔ°€À°€À°€À°€À°€À°€À°€À°€À(ÄÌÜäÐ°€ÈÍ|Õ|ØØ°€À°€À°€À°€À°€À°€À°€À°€À(ÄÌÜäÔ°€ÈÍ|Õ|ØÜ°€À°€À°€À°€À°€À°€À°€À°€À(ÄÌÜäØ°€ÈÍ|Õ|Øà°€À°€À°€À°€À°€À°€À°€À°€À(ÄÌÜäÜ°€ÈÍ|Õ|Øä°€À°€À°€À°€À°€À°€À°€À°€À(ÄÌÜäà°€ÈÍ|Õ|ÜÀ°€À°€À°€À°€À°€À°€À°€À°€À(ÄÌÜää°€ÈÍ|Õ|ÜÄ°€À°€À°€À°€À°€À°€À°€À°€À(ÄÌàÀÀ°€ÈÍ|Õ|ÜÈ°€À°€À°€À°€À°€À°€À°€À°€À(ÄÌàÀÄ°€ÈÍ|Õ|ÜÌ°€À°€À°€À°€À°€À°€À°€À°€À(ÄÌàÀÈ°€ÈÍ|Õ|ÜÐ°€À°€À°€À°€À°€À°€À°€À°€À(ÄÌàÀÌ°€ÈÍ|Õ|ÜÔ°€À°€À°€À°€À°€À°€À°€À°€À(ÄÌàÀÐ°€ÈÍ|Õ|ÜØ°€À°€À°€À°€À°€À°€À°€À°€À(ÄÌàÀÔ°€ÈÍ|Õ|ÜÜ°€À°€À°€À°€À°€À°€À°€À°€À(ÄÌàÀØ°€ÈÍ|Õ|Üà°€À°€À°€À°€À°€À°€À°€À°€À(ÄÌàÀÜ°€ÈÍ|Õ|Üä°€À°€À°€À°€À°€À°€À°€À°€À(ÄÌàÀà°€ÈÍ|Õ|àÀ°€À°€À°€À°€À°€À°€À°€À°€À(ÄÌàÀä°€ÈÍ|Õ|àÄ°€À°€À°€À°€À°€À°€À°€À°€À(ÄÌàÄÀ°€ÈÍ|Õ|àÈ°€À°€À°€À°€À°€À°€À°€À°€À(ÄÌàÄÄ°€ÈÍ|Õ|àÌ°€À°€À°€À°€À°€À°€À°€À°€À(ÄÌàÄÈ°€ÈÍ|Õ|àÐ°€À°€À°€À°€À°€À°€À°€À°€À(ÄÌàÄÌ°€ÈÍ|Õ|àÔ°€À°€À°€À°€À°€À°€À°€À°€À(ÄÌàÄÐ°€ÈÍ|Õ|àØ°€À°€À°€À°€À°€À°€À°€À°€À(ÄÌàÄÔ°€ÈÍ|Õ|àÜ°€À°€À°€À°€À°€À°€À°€À°€À(ÄÌàÄØ°€ÈÍ|Õ|àà°€À°€À°€À°€À°€À°€À°€À°€À(ÄÌàÄÜ°€ÈÍ|Õ|àä°€À°€À°€À°€À°€À°€À°€À°€À(ÄÌàÄà°€ÈÍ|Õ|äÀ°€À°€À°€À°€À°€À°€À°€À°€À(ÄÌàÄä°€ÈÍ|Õ|äÄ°€À°€À°€À°€À°€À°€À°€À°€À(ÄÌàÈÀ°€ÈÍ|Õ|äÈ°€À°€À°€À°€À°€À°€À°€À°€À(ÄÌàÈÄ°€ÈÍ|Õ|äÌ°€À°€À°€À°€À°€À°€À°€À°€À(ÄÌàÈÈ°€ÈÍ|Õ|äÐ°€À°€À°€À°€À°€À°€À°€À°€À(ÄÌàÈÌ°€ÈÍ|Õ|äÔ°€À°€À°€À°€À°€À°€À°€À°€À(ÄÌàÈÐ°€ÈÑ|Á|ÀÀ°€À°€À°€À°€À°€À°€À°€À°€À(ÄÌàÈÔ°€ÈÑ|Á|ÀÄ°€À°€À°€À°€À°€À°€À°€À°€À(ÄÌàÈØ°€ÈÑ|Á|ÀÈ°€À°€À°€À°€À°€À°€À°€À°€À(ÄÌàÈÜ°€ÈÑ|Á|ÀÌ°€À°€À°€À°€À°€À°€À°€À°€À(ÄÌàÈà°€ÈÑ|Á|ÀÐ°€À°€À°€À°€À°€À°€À°€À°€À(ÄÌàÈä°€ÈÑ|Á|ÀÔ°€À°€À°€À°€À°€À°€À°€À°€À(ÄÌàÌÀ°€ÈÑ|Á|ÀØ°€À°€À°€À°€À°€À°€À°€À°€À(ÄÌàÌÄ°€ÈÑ|Á|ÀÜ°€À°€À°€À°€À°€À°€À°€À°€À(ÄÌàÌÈ°€ÈÑ|Á|Àà°€À°€À°€À°€À°€À°€À°€À°€À(ÄÌàÌÌ°€ÈÑ|Á|Àä°€À°€À°€À°€À°€À°€À°€À°€À(ÄÌàÌÐ°€ÈÑ|Á|ÄÀ°€À°€À°€À°€À°€À°€À°€À°€À(ÄÌàÌÔ°€ÈÑ|Á|ÄÄ°€À°€À°€À°€À°€À°€À°€À°€À(ÄÌàÌØ°€ÈÑ|Á|ÄÈ°€À°€À°€À°€À°€À°€À°€À°€À(ÄÌàÌÜ°€ÈÑ|Á|ÄÌ°€À°€À°€À°€À°€À°€À°€À°€À(ÄÌàÌà°€ÈÑ|Á|ÄÐ°€À°€À°€À°€À°€À°€À°€À°€À(ÄÌàÌä°€ÈÑ|Á|ÄÔ°€À°€À°€À°€À°€À°€À°€À°€À(ÄÌàÐÀ°€ÈÑ|Á|ÄØ°€À°€À°€À°€À°€À°€À°€À°€À(ÄÌàÐÄ°€ÈÑ|Á|ÄÜ°€À°€À°€À°€À°€À°€À°€À°€À(ÄÌàÐÈ°€ÈÑ|Á|Äà°€À°€À°€À°€À°€À°€À°€À°€À(ÄÌàÐÌ°€ÈÑ|Á|Ää°€À°€À°€À°€À°€À°€À°€À°€À(ÄÌàÐÐ°€ÈÑ|Á|ÈÀ°€À°€À°€À°€À°€À°€À°€À°€À(ÄÌàÐÔ°€ÈÑ|Á|ÈÄ°€À°€À°€À°€À°€À°€À°€À°€À(ÄÌàÐØ°€ÈÑ|Á|ÈÈ°€À°€À°€À°€À°€À°€À°€À°€À(ÄÌàÐÜ°€ÈÑ|Á|ÈÌ°€À°€À°€À°€À°€À°€À°€À°€À(ÄÌàÐà°€ÈÑ|Á|ÈÐ°€À°€À°€À°€À°€À°€À°€À°€À(ÄÌàÐä°€ÈÑ|Á|ÈÔ°€À°€À°€À°€À°€À°€À°€À°€À(ÄÌàÔÀ°€ÈÑ|Á|ÈØ°€À°€À°€À°€À°€À°€À°€À°€À(ÄÌàÔÄ°€ÈÑ|Á|ÈÜ°€À°€À°€À°€À°€À°€À°€À°€À(ÄÌàÔÈ°€ÈÑ|Á|Èà°€À°€À°€À°€À°€À°€À°€À°€À(ÄÌàÔÌ°€ÈÑ|Á|Èä°€À°€À°€À°€À°€À°€À°€À°€À(ÄÌàÔÐ°€ÈÑ|Á|ÌÀ°€À°€À°€À°€À°€À°€À°€À°€À(ÄÌàÔÔ°€ÈÑ|Á|ÌÄ°€À°€À°€À°€À°€À°€À°€À°€À(ÄÌàÔØ°€ÈÑ|Á|ÌÈ°€À°€À°€À°€À°€À°€À°€À°€À(ÄÌàÔÜ°€ÈÑ|Á|ÌÌ°€À°€À°€À°€À°€À°€À°€À°€À(ÄÌàÔà°€ÈÑ|Á|ÌÐ°€À°€À°€À°€À°€À°€À°€À°€À(ÄÌàÔä°€ÈÑ|Á|ÌÔ°€À°€À°€À°€À°€À°€À°€À°€À(ÄÌàØÀ°€ÈÑ|Á|ÌØ°€À°€À°€À°€À°€À°€À°€À°€À(ÄÌàØÄ°€ÈÑ|Á|ÌÜ°€À°€À°€À°€À°€À°€À°€À°€À(ÄÌàØÈ°€ÈÑ|Á|Ìà°€À°€À°€À°€À°€À°€À°€À°€À(ÄÌàØÌ°€ÈÑ|Á|Ìä°€À°€À°€À°€À°€À°€À°€À°€À(ÄÌàØÐ°€ÈÑ|Á|ÐÀ°€À°€À°€À°€À°€À°€À°€À°€À(ÄÌàØÔ°€ÈÑ|Á|ÐÄ°€À°€À°€À°€À°€À°€À°€À°€À(ÄÌàØØ°€ÈÑ|Á|ÐÈ°€À°€À°€À°€À°€À°€À°€À°€À(ÄÌàØÜ°€ÈÑ|Á|ÐÌ°€À°€À°€À°€À°€À°€À°€À°€À(ÄÌàØà°€ÈÑ|Á|ÐÐ°€À°€À°€À°€À°€À°€À°€À°€À(ÄÌàØä°€ÈÑ|Á|ÐÔ°€À°€À°€À°€À°€À°€À°€À°€À(ÄÌàÜÀ°€ÈÑ|Á|ÐØ°€À°€À°€À°€À°€À°€À°€À°€À(ÄÌàÜÄ°€ÈÑ|Á|ÐÜ°€À°€À°€À°€À°€À°€À°€À°€À(ÄÌàÜÈ°€ÈÑ|Á|Ðà°€À°€À°€À°€À°€À°€À°€À°€À(ÄÌàÜÌ°€ÈÑ|Á|Ðä°€À°€À°€À°€À°€À°€À°€À°€À(ÄÌàÜÐ°€ÈÑ|Á|ÔÀ°€À°€À°€À°€À°€À°€À°€À°€À(ÄÌàÜÔ°€ÈÑ|Á|ÔÄ°€À°€À°€À°€À°€À°€À°€À°€À(ÄÌàÜØ°€ÈÑ|Á|ÔÈ°€À°€À°€À°€À°€À°€À°€À°€À(ÄÌàÜÜ°€ÈÑ|Á|ÔÌ°€À°€À°€À°€À°€À°€À°€À°€À(ÄÌàÜà°€ÈÑ|Á|ÔÐ°€À°€À°€À°€À°€À°€À°€À°€À(ÄÌàÜä°€ÈÑ|Á|ÔÔ°€À°€À°€À°€À°€À°€À°€À°€À(ÄÌààÀ°€ÈÑ|Á|ÔØ°€À°€À°€À°€À°€À°€À°€À°€À(ÄÌààÄ°€ÈÑ|Á|ÔÜ°€À°€À°€À°€À°€À°€À°€À°€À(ÄÌààÈ°€ÈÑ|Á|Ôà°€À°€À°€À°€À°€À°€À°€À°€À(ÄÌààÌ°€ÈÑ|Á|Ôä°€À°€À°€À°€À°€À°€À°€À°€À(ÄÌààÐ°€ÈÑ|Á|ØÀ°€À°€À°€À°€À°€À°€À°€À°€À(ÄÌààÔ°€ÈÑ|Á|ØÄ°€À°€À°€À°€À°€À°€À°€À°€À(ÄÌààØ°€ÈÑ|Á|ØÈ°€À°€À°€À°€À°€À°€À°€À°€À(ÄÌààÜ°€ÈÑ|Á|ØÌ°€À°€À°€À°€À°€À°€À°€À°€À(ÄÌààà°€ÈÑ|Á|ØÐ°€À°€À°€À°€À°€À°€À°€À°€À(ÄÌààä°€ÈÑ|Á|ØÔ°€À°€À°€À°€À°€À°€À°€À°€À(ÄÌàäÀ°€ÈÑ|Á|ØØ°€À°€À°€À°€À°€À°€À°€À°€À(ÄÌàäÄ°€ÈÑ|Á|ØÜ°€À°€À°€À°€À°€À°€À°€À°€À(ÄÌàäÈ°€ÈÑ|Á|Øà°€À°€À°€À°€À°€À°€À°€À°€À(ÄÌàäÌ°€ÈÑ|Á|Øä°€À°€À°€À°€À°€À°€À°€À°€À(ÄÌàäÐ°€ÈÑ|Á|ÜÀ°€À°€À°€À°€À°€À°€À°€À°€À(ÄÌàäÔ°€ÈÑ|Á|ÜÄ°€À°€À°€À°€À°€À°€À°€À°€À(ÄÌàäØ°€ÈÑ|Á|ÜÈ°€À°€À°€À°€À°€À°€À°€À°€À(ÄÌàäÜ°€ÈÑ|Á|ÜÌ°€À°€À°€À°€À°€À°€À°€À°€À(ÄÌàäà°€ÈÑ|Á|ÜÐ°€À°€À°€À°€À°€À°€À°€À°€À(ÄÌàää°€ÈÑ|Á|ÜÔ°€À°€À°€À°€À°€À°€À°€À°€À(ÄÌäÀÀ°€ÈÑ|Á|ÜØ°€À°€À°€À°€À°€À°€À°€À°€À(ÄÌäÀÄ°€ÈÑ|Á|ÜÜ°€À°€À°€À°€À°€À°€À°€À°€À(ÄÌäÀÈ°€ÈÑ|Á|Üà°€À°€À°€À°€À°€À°€À°€À°€À(ÄÌäÀÌ°€ÈÑ|Á|Üä°€À°€À°€À°€À°€À°€À°€À°€À(ÄÌäÀÐ°€ÈÑ|Á|àÀ°€À°€À°€À°€À°€À°€À°€À°€À(ÄÌäÀÔ°€ÈÑ|Á|àÄ°€À°€À°€À°€À°€À°€À°€À°€À(ÄÌäÀØ°€ÈÑ|Á|àÈ°€À°€À°€À°€À°€À°€À°€À°€À(ÄÌäÀÜ°€ÈÑ|Á|àÌ°€À°€À°€À°€À°€À°€À°€À°€À(ÄÌäÀà°€ÈÑ|Á|àÐ°€À°€À°€À°€À°€À°€À°€À°€À(ÄÌäÀä°€ÈÑ|Á|àÔ°€À°€À°€À°€À°€À°€À°€À°€À(ÄÌäÄÀ°€ÈÑ|Á|àØ°€À°€À°€À°€À°€À°€À°€À°€À(ÄÌäÄÄ°€ÈÑ|Á|àÜ°€À°€À°€À°€À°€À°€À°€À°€À(ÄÌäÄÈ°€ÈÑ|Á|àà°€À°€À°€À°€À°€À°€À°€À°€À(ÄÌäÄÌ°€ÈÑ|Á|àä°€À°€À°€À°€À°€À°€À°€À°€À(ÄÌäÄÐ°€ÈÑ|Á|äÀ°€À°€À°€À°€À°€À°€À°€À°€À(ÄÌäÄÔ°€ÈÑ|Á|äÄ°€À°€À°€À°€À°€À°€À°€À°€À(ÄÌäÄØ°€ÈÑ|Á|äÈ°€À°€À°€À°€À°€À°€À°€À°€À(ÄÌäÄÜ°€ÈÑ|Á|äÌ°€À°€À°€À°€À°€À°€À°€À°€À(ÄÌäÄà°€ÈÑ|Á|äÐ°€À°€À°€À°€À°€À°€À°€À°€À(ÄÌäÄä°€ÈÑ|Á|äÔ°€À°€À°€À°€À°€À°€À°€À°€À(ÄÌäÈÀ°€ÈÑ|Å|ÀÀ°€À°€À°€À°€À°€À°€À°€À°€À(ÄÌäÈÄ°€ÈÑ|Å|ÀÄ°€À°€À°€À°€À°€À°€À°€À°€À(ÄÌäÈÈ°€ÈÑ|Å|ÀÈ°€À°€À°€À°€À°€À°€À°€À°€À(ÄÌäÈÌ°€ÈÑ|Å|ÀÌ°€À°€À°€À°€À°€À°€À°€À°€À(ÄÌäÈÐ°€ÈÑ|Å|ÀÐ°€À°€À°€À°€À°€À°€À°€À°€À(ÄÌäÈÔ°€ÈÑ|Å|ÀÔ°€À°€À°€À°€À°€À°€À°€À°€À(ÄÌäÈØ°€ÈÑ|Å|ÀØ°€À°€À°€À°€À°€À°€À°€À°€À(ÄÌäÈÜ°€ÈÑ|Å|ÀÜ°€À°€À°€À°€À°€À°€À°€À°€À(ÄÌäÈà°€ÈÑ|Å|Àà°€À°€À°€À°€À°€À°€À°€À°€À(ÄÌäÈä°€ÈÑ|Å|Àä°€À°€À°€À°€À°€À°€À°€À°€À(ÄÌäÌÀ°€ÈÑ|Å|ÄÀ°€À°€À°€À°€À°€À°€À°€À°€À(ÄÌäÌÄ°€ÈÑ|Å|ÄÄ°€À°€À°€À°€À°€À°€À°€À°€À(ÄÌäÌÈ°€ÈÑ|Å|ÄÈ°€À°€À°€À°€À°€À°€À°€À°€À(ÄÌäÌÌ°€ÈÑ|Å|ÄÌ°€À°€À°€À°€À°€À°€À°€À°€À(ÄÌäÌÐ°€ÈÑ|Å|ÄÐ°€À°€À°€À°€À°€À°€À°€À°€À(ÄÌäÌÔ°€ÈÑ|Å|ÄÔ°€À°€À°€À°€À°€À°€À°€À°€À(ÄÌäÌØ°€ÈÑ|Å|ÄØ°€À°€À°€À°€À°€À°€À°€À°€À(ÄÌäÌÜ°€ÈÑ|Å|ÄÜ°€À°€À°€À°€À°€À°€À°€À°€À(ÄÌäÌà°€ÈÑ|Å|Äà°€À°€À°€À°€À°€À°€À°€À°€À(ÄÌäÌä°€ÈÑ|Å|Ää°€À°€À°€À°€À°€À°€À°€À°€À(ÄÌäÐÀ°€ÈÑ|Å|ÈÀ°€À°€À°€À°€À°€À°€À°€À°€À(ÄÌäÐÄ°€ÈÑ|Å|ÈÄ°€À°€À°€À°€À°€À°€À°€À°€À(ÄÌäÐÈ°€ÈÑ|Å|ÈÈ°€À°€À°€À°€À°€À°€À°€À°€À(ÄÌäÐÌ°€ÈÑ|Å|ÈÌ°€À°€À°€À°€À°€À°€À°€À°€À(ÄÌäÐÐ°€ÈÑ|Å|ÈÐ°€À°€À°€À°€À°€À°€À°€À°€À(ÄÌäÐÔ°€ÈÑ|Å|ÈÔ°€À°€À°€À°€À°€À°€À°€À°€À(ÄÌäÐØ°€ÈÑ|Å|ÈØ°€À°€À°€À°€À°€À°€À°€À°€À(ÄÌäÐÜ°€ÈÑ|Å|ÈÜ°€À°€À°€À°€À°€À°€À°€À°€À(ÄÌäÐà°€ÈÑ|Å|Èà°€À°€À°€À°€À°€À°€À°€À°€À(ÄÌäÐä°€ÈÑ|Å|Èä°€À°€À°€À°€À°€À°€À°€À°€À(ÄÌäÔÀ°€ÈÑ|Å|ÌÀ°€À°€À°€À°€À°€À°€À°€À°€À(ÄÌäÔÄ°€ÈÑ|Å|ÌÄ°€À°€À°€À°€À°€À°€À°€À°€À(ÄÌäÔÈ°€ÈÑ|Å|ÌÈ°€À°€À°€À°€À°€À°€À°€À°€À(ÄÌäÔÌ°€ÈÑ|Å|ÌÌ°€À°€À°€À°€À°€À°€À°€À°€À(ÄÌäÔÐ°€ÈÑ|Å|ÌÐ°€À°€À°€À°€À°€À°€À°€À°€À(ÄÌäÔÔ°€ÈÑ|Å|ÌÔ°€À°€À°€À°€À°€À°€À°€À°€À(ÄÌäÔØ°€ÈÑ|Å|ÌØ°€À°€À°€À°€À°€À°€À°€À°€À(ÄÌäÔÜ°€ÈÑ|Å|ÌÜ°€À°€À°€À°€À°€À°€À°€À°€À(ÄÌäÔà°€ÈÑ|Å|Ìà°€À°€À°€À°€À°€À°€À°€À°€À(ÄÌäÔä°€ÈÑ|Å|Ìä°€À°€À°€À°€À°€À°€À°€À°€À(ÄÌäØÀ°€ÈÑ|Å|ÐÀ°€À°€À°€À°€À°€À°€À°€À°€À(ÄÌäØÄ°€ÈÑ|Å|ÐÄ°€À°€À°€À°€À°€À°€À°€À°€À(ÄÌäØÈ°€ÈÑ|Å|ÐÈ°€À°€À°€À°€À°€À°€À°€À°€À(ÄÌäØÌ°€ÈÑ|Å|ÐÌ°€À°€À°€À°€À°€À°€À°€À°€À(ÄÌäØÐ°€ÈÑ|Å|ÐÐ°€À°€À°€À°€À°€À°€À°€À°€À(ÄÌäØÔ°€ÈÑ|Å|ÐÔ°€À°€À°€À°€À°€À°€À°€À°€À(ÄÌäØØ°€ÈÑ|Å|ÐØ°€À°€À°€À°€À°€À°€À°€À°€À(ÄÌäØÜ°€ÈÑ|Å|ÐÜ°€À°€À°€À°€À°€À°€À°€À°€À(ÄÌäØà°€ÈÑ|Å|Ðà°€À°€À°€À°€À°€À°€À°€À°€À(ÄÌäØä°€ÈÑ|Å|Ðä°€À°€À°€À°€À°€À°€À°€À°€À(ÄÌäÜÀ°€ÈÑ|Å|ÔÀ°€À°€À°€À°€À°€À°€À°€À°€À(ÄÌäÜÄ°€ÈÑ|Å|ÔÄ°€À°€À°€À°€À°€À°€À°€À°€À(ÄÌäÜÈ°€ÈÑ|Å|ÔÈ°€À°€À°€À°€À°€À°€À°€À°€À(ÄÌäÜÌ°€ÈÑ|Å|ÔÌ°€À°€À°€À°€À°€À°€À°€À°€À(ÄÌäÜÐ°€ÈÑ|Å|ÔÐ°€À°€À°€À°€À°€À°€À°€À°€À(ÄÌäÜÔ°€ÈÑ|Å|ÔÔ°€À°€À°€À°€À°€À°€À°€À°€À(ÄÌäÜØ°€ÈÑ|Å|ÔØ°€À°€À°€À°€À°€À°€À°€À°€À(ÄÌäÜÜ°€ÈÑ|Å|ÔÜ°€À°€À°€À°€À°€À°€À°€À°€À(ÄÌäÜà°€ÈÑ|Å|Ôà°€À°€À°€À°€À°€À°€À°€À°€À(ÄÌäÜä°€ÈÑ|Å|Ôä°€À°€À°€À°€À°€À°€À°€À°€À(ÄÌäàÀ°€ÈÑ|Å|ØÀ°€À°€À°€À°€À°€À°€À°€À°€À(ÄÌäàÄ°€ÈÑ|Å|ØÄ°€À°€À°€À°€À°€À°€À°€À°€À(ÄÌäàÈ°€ÈÑ|Å|ØÈ°€À°€À°€À°€À°€À°€À°€À°€À(ÄÌäàÌ°€ÈÑ|Å|ØÌ°€À°€À°€À°€À°€À°€À°€À°€À(ÄÌäàÐ°€ÈÑ|Å|ØÐ°€À°€À°€À°€À°€À°€À°€À°€À(ÄÌäàÔ°€ÈÑ|Å|ØÔ°€À°€À°€À°€À°€À°€À°€À°€À(ÄÌäàØ°€ÈÑ|Å|ØØ°€À°€À°€À°€À°€À°€À°€À°€À(ÄÌäàÜ°€ÈÑ|Å|ØÜ°€À°€À°€À°€À°€À°€À°€À°€À(ÄÌäàà°€ÈÑ|Å|Øà°€À°€À°€À°€À°€À°€À°€À°€À(ÄÌäàä°€ÈÑ|Å|Øä°€À°€À°€À°€À°€À°€À°€À°€À(ÄÌääÀ°€ÈÑ|Å|ÜÀ°€À°€À°€À°€À°€À°€À°€À°€À(ÄÌääÄ°€ÈÑ|Å|ÜÄ°€À°€À°€À°€À°€À°€À°€À°€À(ÄÌääÈ°€ÈÑ|Å|ÜÈ°€À°€À°€À°€À°€À°€À°€À°€À(ÄÌääÌ°€ÈÑ|Å|ÜÌ°€À°€À°€À°€À°€À°€À°€À°€À(ÄÌääÐ°€ÈÑ|Å|ÜÐ°€À°€À°€À°€À°€À°€À°€À°€À(ÄÌääÔ°€ÈÑ|Å|ÜÔ°€À°€À°€À°€À°€À°€À°€À°€À(ÄÌääØ°€ÈÑ|Å|ÜØ°€À°€À°€À°€À°€À°€À°€À°€À(ÄÌääÜ°€ÈÑ|Å|ÜÜ°€À°€À°€À°€À°€À°€À°€À°€À(ÄÌääà°€ÈÑ|Å|Üà°€À°€À°€À°€À°€À°€À°€À°€À(ÄÌäää°€ÈÑ|Å|Üä°€À°€À°€À°€À°€À°€À°€À°€À(ÄÐÀÀÀ°€ÈÑ|Å|àÀ°€À°€À°€À°€À°€À°€À°€À°€À(ÄÐÀÀÄ°€ÈÑ|Å|àÄ°€À°€À°€À°€À°€À°€À°€À°€À(ÄÐÀÀÈ°€ÈÑ|Å|àÈ°€À°€À°€À°€À°€À°€À°€À°€À(ÄÐÀÀÌ°€ÈÑ|Å|àÌ°€À°€À°€À°€À°€À°€À°€À°€À(ÄÐÀÀÐ°€ÈÑ|Å|àÐ°€À°€À°€À°€À°€À°€À°€À°€À(ÄÐÀÀÔ°€ÈÑ|Å|àÔ°€À°€À°€À°€À°€À°€À°€À°€À(ÄÐÀÀØ°€ÈÑ|Å|àØ°€À°€À°€À°€À°€À°€À°€À°€À(ÄÐÀÀÜ°€ÈÑ|Å|àÜ°€À°€À°€À°€À°€À°€À°€À°€À(ÄÐÀÀà°€ÈÑ|Å|àà°€À°€À°€À°€À°€À°€À°€À°€À(ÄÐÀÀä°€ÈÑ|Å|àä°€À°€À°€À°€À°€À°€À°€À°€À(ÄÐÀÄÀ°€ÈÑ|Å|äÀ°€À°€À°€À°€À°€À°€À°€À°€À(ÄÐÀÄÄ°€ÈÑ|Å|äÄ°€À°€À°€À°€À°€À°€À°€À°€À(ÄÐÀÄÈ°€ÈÑ|Å|äÈ°€À°€À°€À°€À°€À°€À°€À°€À(ÄÐÀÄÌ°€ÈÑ|Å|äÌ°€À°€À°€À°€À°€À°€À°€À°€À(ÄÐÀÄÐ°€ÈÑ|Å|äÐ°€À°€À°€À°€À°€À°€À°€À°€À(ÄÐÀÄÔ°€ÈÑ|Å|äÔ°€À°€À°€À°€À°€À°€À°€À°€À(ÄÐÀÄØ°€ÈÑ|É|ÀÀ°€À°€À°€À°€À°€À°€À°€À°€À(ÄÐÀÄÜ°€ÈÑ|É|ÀÄ°€À°€À°€À°€À°€À°€À°€À°€À(ÄÐÀÄà°€ÈÑ|É|ÀÈ°€À°€À°€À°€À°€À°€À°€À°€À(ÄÐÀÄä°€ÈÑ|É|ÀÌ°€À°€À°€À°€À°€À°€À°€À°€À(ÄÐÀÈÀ°€ÈÑ|É|ÀÐ°€À°€À°€À°€À°€À°€À°€À°€À(ÄÐÀÈÄ°€ÈÑ|É|ÀÔ°€À°€À°€À°€À°€À°€À°€À°€À(ÄÐÀÈÈ°€ÈÑ|É|ÀØ°€À°€À°€À°€À°€À°€À°€À°€À(ÄÐÀÈÌ°€ÈÑ|É|ÀÜ°€À°€À°€À°€À°€À°€À°€À°€À(ÄÐÀÈÐ°€ÈÑ|É|Àà°€À°€À°€À°€À°€À°€À°€À°€À(ÄÐÀÈÔ°€ÈÑ|É|Àä°€À°€À°€À°€À°€À°€À°€À°€À(ÄÐÀÈØ°€ÈÑ|É|ÄÀ°€À°€À°€À°€À°€À°€À°€À°€À(ÄÐÀÈÜ°€ÈÑ|É|ÄÄ°€À°€À°€À°€À°€À°€À°€À°€À(ÄÐÀÈà°€ÈÑ|É|ÄÈ°€À°€À°€À°€À°€À°€À°€À°€À(ÄÐÀÈä°€ÈÑ|É|ÄÌ°€À°€À°€À°€À°€À°€À°€À°€À(ÄÐÀÌÀ°€ÈÑ|É|ÄÐ°€À°€À°€À°€À°€À°€À°€À°€À(ÄÐÀÌÄ°€ÈÑ|É|ÄÔ°€À°€À°€À°€À°€À°€À°€À°€À(ÄÐÀÌÈ°€ÈÑ|É|ÄØ°€À°€À°€À°€À°€À°€À°€À°€À(ÄÐÀÌÌ°€ÈÑ|É|ÄÜ°€À°€À°€À°€À°€À°€À°€À°€À(ÄÐÀÌÐ°€ÈÑ|É|Äà°€À°€À°€À°€À°€À°€À°€À°€À(ÄÐÀÌÔ°€ÈÑ|É|Ää°€À°€À°€À°€À°€À°€À°€À°€À(ÄÐÀÌØ°€ÈÑ|É|ÈÀ°€À°€À°€À°€À°€À°€À°€À°€À(ÄÐÀÌÜ°€ÈÑ|É|ÈÄ°€À°€À°€À°€À°€À°€À°€À°€À(ÄÐÀÌà°€ÈÑ|É|ÈÈ°€À°€À°€À°€À°€À°€À°€À°€À(ÄÐÀÌä°€ÈÑ|É|ÈÌ°€À°€À°€À°€À°€À°€À°€À°€À(ÄÐÀÐÀ°€ÈÑ|É|ÈÐ°€À°€À°€À°€À°€À°€À°€À°€À(ÄÐÀÐÄ°€ÈÑ|É|ÈÔ°€À°€À°€À°€À°€À°€À°€À°€À(ÄÐÀÐÈ°€ÈÑ|É|ÈØ°€À°€À°€À°€À°€À°€À°€À°€À(ÄÐÀÐÌ°€ÈÑ|É|ÈÜ°€À°€À°€À°€À°€À°€À°€À°€À(ÄÐÀÐÐ°€ÈÑ|É|Èà°€À°€À°€À°€À°€À°€À°€À°€À(ÄÐÀÐÔ°€ÈÑ|É|Èä°€À°€À°€À°€À°€À°€À°€À°€À(ÄÐÀÐØ°€ÈÑ|É|ÌÀ°€À°€À°€À°€À°€À°€À°€À°€À(ÄÐÀÐÜ°€ÈÑ|É|ÌÄ°€À°€À°€À°€À°€À°€À°€À°€À(ÄÐÀÐà°€ÈÑ|É|ÌÈ°€À°€À°€À°€À°€À°€À°€À°€À(ÄÐÀÐä°€ÈÑ|É|ÌÌ°€À°€À°€À°€À°€À°€À°€À°€À(ÄÐÀÔÀ°€ÈÑ|É|ÌÐ°€À°€À°€À°€À°€À°€À°€À°€À(ÄÐÀÔÄ°€ÈÑ|É|ÌÔ°€À°€À°€À°€À°€À°€À°€À°€À(ÄÐÀÔÈ°€ÈÑ|É|ÌØ°€À°€À°€À°€À°€À°€À°€À°€À(ÄÐÀÔÌ°€ÈÑ|É|ÌÜ°€À°€À°€À°€À°€À°€À°€À°€À(ÄÐÀÔÐ°€ÈÑ|É|Ìà°€À°€À°€À°€À°€À°€À°€À°€À(ÄÐÀÔÔ°€ÈÑ|É|Ìä°€À°€À°€À°€À°€À°€À°€À°€À(ÄÐÀÔØ°€ÈÑ|É|ÐÀ°€À°€À°€À°€À°€À°€À°€À°€À(ÄÐÀÔÜ°€ÈÑ|É|ÐÄ°€À°€À°€À°€À°€À°€À°€À°€À(ÄÐÀÔà°€ÈÑ|É|ÐÈ°€À°€À°€À°€À°€À°€À°€À°€À(ÄÐÀÔä°€ÈÑ|É|ÐÌ°€À°€À°€À°€À°€À°€À°€À°€À(ÄÐÀØÀ°€ÈÑ|É|ÐÐ°€À°€À°€À°€À°€À°€À°€À°€À(ÄÐÀØÄ°€ÈÑ|É|ÐÔ°€À°€À°€À°€À°€À°€À°€À°€À(ÄÐÀØÈ°€ÈÑ|É|ÐØ°€À°€À°€À°€À°€À°€À°€À°€À(ÄÐÀØÌ°€ÈÑ|É|ÐÜ°€À°€À°€À°€À°€À°€À°€À°€À(ÄÐÀØÐ°€ÈÑ|É|Ðà°€À°€À°€À°€À°€À°€À°€À°€À(ÄÐÀØÔ°€ÈÑ|É|Ðä°€À°€À°€À°€À°€À°€À°€À°€À(ÄÐÀØØ°€ÈÑ|É|ÔÀ°€À°€À°€À°€À°€À°€À°€À°€À(ÄÐÀØÜ°€ÈÑ|É|ÔÄ°€À°€À°€À°€À°€À°€À°€À°€À(ÄÐÀØà°€ÈÑ|É|ÔÈ°€À°€À°€À°€À°€À°€À°€À°€À(ÄÐÀØä°€ÈÑ|É|ÔÌ°€À°€À°€À°€À°€À°€À°€À°€À(ÄÐÀÜÀ°€ÈÑ|É|ÔÐ°€À°€À°€À°€À°€À°€À°€À°€À(ÄÐÀÜÄ°€ÈÑ|É|ÔÔ°€À°€À°€À°€À°€À°€À°€À°€À(ÄÐÀÜÈ°€ÈÑ|É|ÔØ°€À°€À°€À°€À°€À°€À°€À°€À(ÄÐÀÜÌ°€ÈÑ|É|ÔÜ°€À°€À°€À°€À°€À°€À°€À°€À(ÄÐÀÜÐ°€ÈÑ|É|Ôà°€À°€À°€À°€À°€À°€À°€À°€À(ÄÐÀÜÔ°€ÈÑ|É|Ôä°€À°€À°€À°€À°€À°€À°€À°€À(ÄÐÀÜØ°€ÈÑ|É|ØÀ°€À°€À°€À°€À°€À°€À°€À°€À(ÄÐÀÜÜ°€ÈÑ|É|ØÄ°€À°€À°€À°€À°€À°€À°€À°€À(ÄÐÀÜà°€ÈÑ|É|ØÈ°€À°€À°€À°€À°€À°€À°€À°€À(ÄÐÀÜä°€ÈÑ|É|ØÌ°€À°€À°€À°€À°€À°€À°€À°€À(ÄÐÀàÀ°€ÈÑ|É|ØÐ°€À°€À°€À°€À°€À°€À°€À°€À(ÄÐÀàÄ°€ÈÑ|É|ØÔ°€À°€À°€À°€À°€À°€À°€À°€À(ÄÐÀàÈ°€ÈÑ|É|ØØ°€À°€À°€À°€À°€À°€À°€À°€À(ÄÐÀàÌ°€ÈÑ|É|ØÜ°€À°€À°€À°€À°€À°€À°€À°€À(ÄÐÀàÐ°€ÈÑ|É|Øà°€À°€À°€À°€À°€À°€À°€À°€À(ÄÐÀàÔ°€ÈÑ|É|Øä°€À°€À°€À°€À°€À°€À°€À°€À(ÄÐÀàØ°€ÈÑ|É|ÜÀ°€À°€À°€À°€À°€À°€À°€À°€À(ÄÐÀàÜ°€ÈÑ|É|ÜÄ°€À°€À°€À°€À°€À°€À°€À°€À(ÄÐÀàà°€ÈÑ|É|ÜÈ°€À°€À°€À°€À°€À°€À°€À°€À(ÄÐÀàä°€ÈÑ|É|ÜÌ°€À°€À°€À°€À°€À°€À°€À°€À(ÄÐÀäÀ°€ÈÑ|É|ÜÐ°€À°€À°€À°€À°€À°€À°€À°€À(ÄÐÀäÄ°€ÈÑ|É|ÜÔ°€À°€À°€À°€À°€À°€À°€À°€À(ÄÐÀäÈ°€ÈÑ|É|ÜØ°€À°€À°€À°€À°€À°€À°€À°€À(ÄÐÀäÌ°€ÈÑ|É|ÜÜ°€À°€À°€À°€À°€À°€À°€À°€À(ÄÐÀäÐ°€ÈÑ|É|Üà°€À°€À°€À°€À°€À°€À°€À°€À(ÄÐÀäÔ°€ÈÑ|É|Üä°€À°€À°€À°€À°€À°€À°€À°€À(ÄÐÀäØ°€ÈÑ|É|àÀ°€À°€À°€À°€À°€À°€À°€À°€À(ÄÐÀäÜ°€ÈÑ|É|àÄ°€À°€À°€À°€À°€À°€À°€À°€À(ÄÐÀäà°€ÈÑ|É|àÈ°€À°€À°€À°€À°€À°€À°€À°€À(ÄÐÀää°€ÈÑ|É|àÌ°€À°€À°€À°€À°€À°€À°€À°€À(ÄÐÄÀÀ°€ÈÑ|É|àÐ°€À°€À°€À°€À°€À°€À°€À°€À(ÄÐÄÀÄ°€ÈÑ|É|àÔ°€À°€À°€À°€À°€À°€À°€À°€À(ÄÐÄÀÈ°€ÈÑ|É|àØ°€À°€À°€À°€À°€À°€À°€À°€À(ÄÐÄÀÌ°€ÈÑ|É|àÜ°€À°€À°€À°€À°€À°€À°€À°€À(ÄÐÄÀÐ°€ÈÑ|É|àà°€À°€À°€À°€À°€À°€À°€À°€À(ÄÐÄÀÔ°€ÈÑ|É|àä°€À°€À°€À°€À°€À°€À°€À°€À(ÄÐÄÀØ°€ÈÑ|É|äÀ°€À°€À°€À°€À°€À°€À°€À°€À(ÄÐÄÀÜ°€ÈÑ|É|äÄ°€À°€À°€À°€À°€À°€À°€À°€À(ÄÐÄÀà°€ÈÑ|É|äÈ°€À°€À°€À°€À°€À°€À°€À°€À(ÄÐÄÀä°€ÈÑ|É|äÌ°€À°€À°€À°€À°€À°€À°€À°€À(ÄÐÄÄÀ°€ÈÑ|É|äÐ°€À°€À°€À°€À°€À°€À°€À°€À(ÄÐÄÄÄ°€ÈÑ|É|äÔ°€À°€À°€À°€À°€À°€À°€À°€À(ÄÐÄÄÈ°€ÈÑ|Í|ÀÀ°€À°€À°€À°€À°€À°€À°€À°€À(ÄÐÄÄÌ°€ÈÑ|Í|ÀÄ°€À°€À°€À°€À°€À°€À°€À°€À(ÄÐÄÄÐ°€ÈÑ|Í|ÀÈ°€À°€À°€À°€À°€À°€À°€À°€À(ÄÐÄÄÔ°€ÈÑ|Í|ÀÌ°€À°€À°€À°€À°€À°€À°€À°€À(ÄÐÄÄØ°€ÈÑ|Í|ÀÐ°€À°€À°€À°€À°€À°€À°€À°€À(ÄÐÄÄÜ°€ÈÑ|Í|ÀÔ°€À°€À°€À°€À°€À°€À°€À°€À(ÄÐÄÄà°€ÈÑ|Í|ÀØ°€À°€À°€À°€À°€À°€À°€À°€À(ÄÐÄÄä°€ÈÑ|Í|ÀÜ°€À°€À°€À°€À°€À°€À°€À°€À(ÄÐÄÈÀ°€ÈÑ|Í|Àà°€À°€À°€À°€À°€À°€À°€À°€À(ÄÐÄÈÄ°€ÈÑ|Í|Àä°€À°€À°€À°€À°€À°€À°€À°€À(ÄÐÄÈÈ°€ÈÑ|Í|ÄÀ°€À°€À°€À°€À°€À°€À°€À°€À(ÄÐÄÈÌ°€ÈÑ|Í|ÄÄ°€À°€À°€À°€À°€À°€À°€À°€À(ÄÐÄÈÐ°€ÈÑ|Í|ÄÈ°€À°€À°€À°€À°€À°€À°€À°€À(ÄÐÄÈÔ°€ÈÑ|Í|ÄÌ°€À°€À°€À°€À°€À°€À°€À°€À(ÄÐÄÈØ°€ÈÑ|Í|ÄÐ°€À°€À°€À°€À°€À°€À°€À°€À(ÄÐÄÈÜ°€ÈÑ|Í|ÄÔ°€À°€À°€À°€À°€À°€À°€À°€À(ÄÐÄÈà°€ÈÑ|Í|ÄØ°€À°€À°€À°€À°€À°€À°€À°€À(ÄÐÄÈä°€ÈÑ|Í|ÄÜ°€À°€À°€À°€À°€À°€À°€À°€À(ÄÐÄÌÀ°€ÈÑ|Í|Äà°€À°€À°€À°€À°€À°€À°€À°€À(ÄÐÄÌÄ°€ÈÑ|Í|Ää°€À°€À°€À°€À°€À°€À°€À°€À(ÄÐÄÌÈ°€ÈÑ|Í|ÈÀ°€À°€À°€À°€À°€À°€À°€À°€À(ÄÐÄÌÌ°€ÈÑ|Í|ÈÄ°€À°€À°€À°€À°€À°€À°€À°€À(ÄÐÄÌÐ°€ÈÑ|Í|ÈÈ°€À°€À°€À°€À°€À°€À°€À°€À(ÄÐÄÌÔ°€ÈÑ|Í|ÈÌ°€À°€À°€À°€À°€À°€À°€À°€À(ÄÐÄÌØ°€ÈÑ|Í|ÈÐ°€À°€À°€À°€À°€À°€À°€À°€À(ÄÐÄÌÜ°€ÈÑ|Í|ÈÔ°€À°€À°€À°€À°€À°€À°€À°€À(ÄÐÄÌà°€ÈÑ|Í|ÈØ°€À°€À°€À°€À°€À°€À°€À°€À(ÄÐÄÌä°€ÈÑ|Í|ÈÜ°€À°€À°€À°€À°€À°€À°€À°€À(ÄÐÄÐÀ°€ÈÑ|Í|Èà°€À°€À°€À°€À°€À°€À°€À°€À(ÄÐÄÐÄ°€ÈÑ|Í|Èä°€À°€À°€À°€À°€À°€À°€À°€À(ÄÐÄÐÈ°€ÈÑ|Í|ÌÀ°€À°€À°€À°€À°€À°€À°€À°€À(ÄÐÄÐÌ°€ÈÑ|Í|ÌÄ°€À°€À°€À°€À°€À°€À°€À°€À(ÄÐÄÐÐ°€ÈÑ|Í|ÌÈ°€À°€À°€À°€À°€À°€À°€À°€À(ÄÐÄÐÔ°€ÈÑ|Í|ÌÌ°€À°€À°€À°€À°€À°€À°€À°€À(ÄÐÄÐØ°€ÈÑ|Í|ÌÐ°€À°€À°€À°€À°€À°€À°€À°€À(ÄÐÄÐÜ°€ÈÑ|Í|ÌÔ°€À°€À°€À°€À°€À°€À°€À°€À(ÄÐÄÐà°€ÈÑ|Í|ÌØ°€À°€À°€À°€À°€À°€À°€À°€À(ÄÐÄÐä°€ÈÑ|Í|ÌÜ°€À°€À°€À°€À°€À°€À°€À°€À(ÄÐÄÔÀ°€ÈÑ|Í|Ìà°€À°€À°€À°€À°€À°€À°€À°€À(ÄÐÄÔÄ°€ÈÑ|Í|Ìä°€À°€À°€À°€À°€À°€À°€À°€À(ÄÐÄÔÈ°€ÈÑ|Í|ÐÀ°€À°€À°€À°€À°€À°€À°€À°€À(ÄÐÄÔÌ°€ÈÑ|Í|ÐÄ°€À°€À°€À°€À°€À°€À°€À°€À(ÄÐÄÔÐ°€ÈÑ|Í|ÐÈ°€À°€À°€À°€À°€À°€À°€À°€À(ÄÐÄÔÔ°€ÈÑ|Í|ÐÌ°€À°€À°€À°€À°€À°€À°€À°€À(ÄÐÄÔØ°€ÈÑ|Í|ÐÐ°€À°€À°€À°€À°€À°€À°€À°€À(ÄÐÄÔÜ°€ÈÑ|Í|ÐÔ°€À°€À°€À°€À°€À°€À°€À°€À(ÄÐÄÔà°€ÈÑ|Í|ÐØ°€À°€À°€À°€À°€À°€À°€À°€À(ÄÐÄÔä°€ÈÑ|Í|ÐÜ°€À°€À°€À°€À°€À°€À°€À°€À(ÄÐÄØÀ°€ÈÑ|Í|Ðà°€À°€À°€À°€À°€À°€À°€À°€À(ÄÐÄØÄ°€ÈÑ|Í|Ðä°€À°€À°€À°€À°€À°€À°€À°€À(ÄÐÄØÈ°€ÈÑ|Í|ÔÀ°€À°€À°€À°€À°€À°€À°€À°€À(ÄÐÄØÌ°€ÈÑ|Í|ÔÄ°€À°€À°€À°€À°€À°€À°€À°€À(ÄÐÄØÐ°€ÈÑ|Í|ÔÈ°€À°€À°€À°€À°€À°€À°€À°€À(ÄÐÄØÔ°€ÈÑ|Í|ÔÌ°€À°€À°€À°€À°€À°€À°€À°€À(ÄÐÄØØ°€ÈÑ|Í|ÔÐ°€À°€À°€À°€À°€À°€À°€À°€À(ÄÐÄØÜ°€ÈÑ|Í|ÔÔ°€À°€À°€À°€À°€À°€À°€À°€À(ÄÐÄØà°€ÈÑ|Í|ÔØ°€À°€À°€À°€À°€À°€À°€À°€À(ÄÐÄØä°€ÈÑ|Í|ÔÜ°€À°€À°€À°€À°€À°€À°€À°€À(ÄÐÄÜÀ°€ÈÑ|Í|Ôà°€À°€À°€À°€À°€À°€À°€À°€À(ÄÐÄÜÄ°€ÈÑ|Í|Ôä°€À°€À°€À°€À°€À°€À°€À°€À(ÄÐÄÜÈ°€ÈÑ|Í|ØÀ°€À°€À°€À°€À°€À°€À°€À°€À(ÄÐÄÜÌ°€ÈÑ|Í|ØÄ°€À°€À°€À°€À°€À°€À°€À°€À(ÄÐÄÜÐ°€ÈÑ|Í|ØÈ°€À°€À°€À°€À°€À°€À°€À°€À(ÄÐÄÜÔ°€ÈÑ|Í|ØÌ°€À°€À°€À°€À°€À°€À°€À°€À(ÄÐÄÜØ°€ÈÑ|Í|ØÐ°€À°€À°€À°€À°€À°€À°€À°€À(ÄÐÄÜÜ°€ÈÑ|Í|ØÔ°€À°€À°€À°€À°€À°€À°€À°€À(ÄÐÄÜà°€ÈÑ|Í|ØØ°€À°€À°€À°€À°€À°€À°€À°€À(ÄÐÄÜä°€ÈÑ|Í|ØÜ°€À°€À°€À°€À°€À°€À°€À°€À(ÄÐÄàÀ°€ÈÑ|Í|Øà°€À°€À°€À°€À°€À°€À°€À°€À(ÄÐÄàÄ°€ÈÑ|Í|Øä°€À°€À°€À°€À°€À°€À°€À°€À(ÄÐÄàÈ°€ÈÑ|Í|ÜÀ°€À°€À°€À°€À°€À°€À°€À°€À(ÄÐÄàÌ°€ÈÑ|Í|ÜÄ°€À°€À°€À°€À°€À°€À°€À°€À(ÄÐÄàÐ°€ÈÑ|Í|ÜÈ°€À°€À°€À°€À°€À°€À°€À°€À(ÄÐÄàÔ°€ÈÑ|Í|ÜÌ°€À°€À°€À°€À°€À°€À°€À°€À(ÄÐÄàØ°€ÈÑ|Í|ÜÐ°€À°€À°€À°€À°€À°€À°€À°€À(ÄÐÄàÜ°€ÈÑ|Í|ÜÔ°€À°€À°€À°€À°€À°€À°€À°€À(ÄÐÄàà°€ÈÑ|Í|ÜØ°€À°€À°€À°€À°€À°€À°€À°€À(ÄÐÄàä°€ÈÑ|Í|ÜÜ°€À°€À°€À°€À°€À°€À°€À°€À(ÄÐÄäÀ°€ÈÑ|Í|Üà°€À°€À°€À°€À°€À°€À°€À°€À(ÄÐÄäÄ°€ÈÑ|Í|Üä°€À°€À°€À°€À°€À°€À°€À°€À(ÄÐÄäÈ°€ÈÑ|Í|àÀ°€À°€À°€À°€À°€À°€À°€À°€À(ÄÐÄäÌ°€ÈÑ|Í|àÄ°€À°€À°€À°€À°€À°€À°€À°€À(ÄÐÄäÐ°€ÈÑ|Í|àÈ°€À°€À°€À°€À°€À°€À°€À°€À(ÄÐÄäÔ°€ÈÑ|Í|àÌ°€À°€À°€À°€À°€À°€À°€À°€À(ÄÐÄäØ°€ÈÑ|Í|àÐ°€À°€À°€À°€À°€À°€À°€À°€À(ÄÐÄäÜ°€ÈÑ|Í|àÔ°€À°€À°€À°€À°€À°€À°€À°€À(ÄÐÄäà°€ÈÑ|Í|àØ°€À°€À°€À°€À°€À°€À°€À°€À(ÄÐÄää°€ÈÑ|Í|àÜ°€À°€À°€À°€À°€À°€À°€À°€À(ÄÐÈÀÀ°€ÈÑ|Í|àà°€À°€À°€À°€À°€À°€À°€À°€À(ÄÐÈÀÄ°€ÈÑ|Í|àä°€À°€À°€À°€À°€À°€À°€À°€À(ÄÐÈÀÈ°€ÈÑ|Í|äÀ°€À°€À°€À°€À°€À°€À°€À°€À(ÄÐÈÀÌ°€ÈÑ|Í|äÄ°€À°€À°€À°€À°€À°€À°€À°€À(ÄÐÈÀÐ°€ÈÑ|Í|äÈ°€À°€À°€À°€À°€À°€À°€À°€À(ÄÐÈÀÔ°€ÈÑ|Í|äÌ°€À°€À°€À°€À°€À°€À°€À°€À(ÄÐÈÀØ°€ÈÑ|Í|äÐ°€À°€À°€À°€À°€À°€À°€À°€À(ÄÐÈÀÜ°€ÈÑ|Í|äÔ°€À°€À°€À°€À°€À°€À°€À°€À(ÄÐÈÀà°€ÈÑ|Ñ|ÀÀ°€À°€À°€À°€À°€À°€À°€À°€À(ÄÐÈÀä°€ÈÑ|Ñ|ÀÄ°€À°€À°€À°€À°€À°€À°€À°€À(ÄÐÈÄÀ°€ÈÑ|Ñ|ÀÈ°€À°€À°€À°€À°€À°€À°€À°€À(ÄÐÈÄÄ°€ÈÑ|Ñ|ÀÌ°€À°€À°€À°€À°€À°€À°€À°€À(ÄÐÈÄÈ°€ÈÑ|Ñ|ÀÐ°€À°€À°€À°€À°€À°€À°€À°€À(ÄÐÈÄÌ°€ÈÑ|Ñ|ÀÔ°€À°€À°€À°€À°€À°€À°€À°€À(ÄÐÈÄÐ°€ÈÑ|Ñ|ÀØ°€À°€À°€À°€À°€À°€À°€À°€À(ÄÐÈÄÔ°€ÈÑ|Ñ|ÀÜ°€À°€À°€À°€À°€À°€À°€À°€À(ÄÐÈÄØ°€ÈÑ|Ñ|Àà°€À°€À°€À°€À°€À°€À°€À°€À(ÄÐÈÄÜ°€ÈÑ|Ñ|Àä°€À°€À°€À°€À°€À°€À°€À°€À(ÄÐÈÄà°€ÈÑ|Ñ|ÄÀ°€À°€À°€À°€À°€À°€À°€À°€À(ÄÐÈÄä°€ÈÑ|Ñ|ÄÄ°€À°€À°€À°€À°€À°€À°€À°€À(ÄÐÈÈÀ°€ÈÑ|Ñ|ÄÈ°€À°€À°€À°€À°€À°€À°€À°€À(ÄÐÈÈÄ°€ÈÑ|Ñ|ÄÌ°€À°€À°€À°€À°€À°€À°€À°€À(ÄÐÈÈÈ°€ÈÑ|Ñ|ÄÐ°€À°€À°€À°€À°€À°€À°€À°€À(ÄÐÈÈÌ°€ÈÑ|Ñ|ÄÔ°€À°€À°€À°€À°€À°€À°€À°€À(ÄÐÈÈÐ°€ÈÑ|Ñ|ÄØ°€À°€À°€À°€À°€À°€À°€À°€À(ÄÐÈÈÔ°€ÈÑ|Ñ|ÄÜ°€À°€À°€À°€À°€À°€À°€À°€À(ÄÐÈÈØ°€ÈÑ|Ñ|Äà°€À°€À°€À°€À°€À°€À°€À°€À(ÄÐÈÈÜ°€ÈÑ|Ñ|Ää°€À°€À°€À°€À°€À°€À°€À°€À(ÄÐÈÈà°€ÈÑ|Ñ|ÈÀ°€À°€À°€À°€À°€À°€À°€À°€À(ÄÐÈÈä°€ÈÑ|Ñ|ÈÄ°€À°€À°€À°€À°€À°€À°€À°€À(ÄÐÈÌÀ°€ÈÑ|Ñ|ÈÈ°€À°€À°€À°€À°€À°€À°€À°€À(ÄÐÈÌÄ°€ÈÑ|Ñ|ÈÌ°€À°€À°€À°€À°€À°€À°€À°€À(ÄÐÈÌÈ°€ÈÑ|Ñ|ÈÐ°€À°€À°€À°€À°€À°€À°€À°€À(ÄÐÈÌÌ°€ÈÑ|Ñ|ÈÔ°€À°€À°€À°€À°€À°€À°€À°€À(ÄÐÈÌÐ°€ÈÑ|Ñ|ÈØ°€À°€À°€À°€À°€À°€À°€À°€À(ÄÐÈÌÔ°€ÈÑ|Ñ|ÈÜ°€À°€À°€À°€À°€À°€À°€À°€À(ÄÐÈÌØ°€ÈÑ|Ñ|Èà°€À°€À°€À°€À°€À°€À°€À°€À(ÄÐÈÌÜ°€ÈÑ|Ñ|Èä°€À°€À°€À°€À°€À°€À°€À°€À(ÄÐÈÌà°€ÈÑ|Ñ|ÌÀ°€À°€À°€À°€À°€À°€À°€À°€À(ÄÐÈÌä°€ÈÑ|Ñ|ÌÄ°€À°€À°€À°€À°€À°€À°€À°€À(ÄÐÈÐÀ°€ÈÑ|Ñ|ÌÈ°€À°€À°€À°€À°€À°€À°€À°€À(ÄÐÈÐÄ°€ÈÑ|Ñ|ÌÌ°€À°€À°€À°€À°€À°€À°€À°€À(ÄÐÈÐÈ°€ÈÑ|Ñ|ÌÐ°€À°€À°€À°€À°€À°€À°€À°€À(ÄÐÈÐÌ°€ÈÑ|Ñ|ÌÔ°€À°€À°€À°€À°€À°€À°€À°€À(ÄÐÈÐÐ°€ÈÑ|Ñ|ÌØ°€À°€À°€À°€À°€À°€À°€À°€À(ÄÐÈÐÔ°€ÈÑ|Ñ|ÌÜ°€À°€À°€À°€À°€À°€À°€À°€À(ÄÐÈÐØ°€ÈÑ|Ñ|Ìà°€À°€À°€À°€À°€À°€À°€À°€À(ÄÐÈÐÜ°€ÈÑ|Ñ|Ìä°€À°€À°€À°€À°€À°€À°€À°€À(ÄÐÈÐà°€ÈÑ|Ñ|ÐÀ°€À°€À°€À°€À°€À°€À°€À°€À(ÄÐÈÐä°€ÈÑ|Ñ|ÐÄ°€À°€À°€À°€À°€À°€À°€À°€À(ÄÐÈÔÀ°€ÈÑ|Ñ|ÐÈ°€À°€À°€À°€À°€À°€À°€À°€À(ÄÐÈÔÄ°€ÈÑ|Ñ|ÐÌ°€À°€À°€À°€À°€À°€À°€À°€À(ÄÐÈÔÈ°€ÈÑ|Ñ|ÐÐ°€À°€À°€À°€À°€À°€À°€À°€À(ÄÐÈÔÌ°€ÈÑ|Ñ|ÐÔ°€À°€À°€À°€À°€À°€À°€À°€À(ÄÐÈÔÐ°€ÈÑ|Ñ|ÐØ°€À°€À°€À°€À°€À°€À°€À°€À(ÄÐÈÔÔ°€ÈÑ|Ñ|ÐÜ°€À°€À°€À°€À°€À°€À°€À°€À(ÄÐÈÔØ°€ÈÑ|Ñ|Ðà°€À°€À°€À°€À°€À°€À°€À°€À(ÄÐÈÔÜ°€ÈÑ|Ñ|Ðä°€À°€À°€À°€À°€À°€À°€À°€À(ÄÐÈÔà°€ÈÑ|Ñ|ÔÀ°€À°€À°€À°€À°€À°€À°€À°€À(ÄÐÈÔä°€ÈÑ|Ñ|ÔÄ°€À°€À°€À°€À°€À°€À°€À°€À(ÄÐÈØÀ°€ÈÑ|Ñ|ÔÈ°€À°€À°€À°€À°€À°€À°€À°€À(ÄÐÈØÄ°€ÈÑ|Ñ|ÔÌ°€À°€À°€À°€À°€À°€À°€À°€À(ÄÐÈØÈ°€ÈÑ|Ñ|ÔÐ°€À°€À°€À°€À°€À°€À°€À°€À(ÄÐÈØÌ°€ÈÑ|Ñ|ÔÔ°€À°€À°€À°€À°€À°€À°€À°€À(ÄÐÈØÐ°€ÈÑ|Ñ|ÔØ°€À°€À°€À°€À°€À°€À°€À°€À(ÄÐÈØÔ°€ÈÑ|Ñ|ÔÜ°€À°€À°€À°€À°€À°€À°€À°€À(ÄÐÈØØ°€ÈÑ|Ñ|Ôà°€À°€À°€À°€À°€À°€À°€À°€À(ÄÐÈØÜ°€ÈÑ|Ñ|Ôä°€À°€À°€À°€À°€À°€À°€À°€À(ÄÐÈØà°€ÈÑ|Ñ|ØÀ°€À°€À°€À°€À°€À°€À°€À°€À(ÄÐÈØä°€ÈÑ|Ñ|ØÄ°€À°€À°€À°€À°€À°€À°€À°€À(ÄÐÈÜÀ°€ÈÑ|Ñ|ØÈ°€À°€À°€À°€À°€À°€À°€À°€À(ÄÐÈÜÄ°€ÈÑ|Ñ|ØÌ°€À°€À°€À°€À°€À°€À°€À°€À(ÄÐÈÜÈ°€ÈÑ|Ñ|ØÐ°€À°€À°€À°€À°€À°€À°€À°€À(ÄÐÈÜÌ°€ÈÑ|Ñ|ØÔ°€À°€À°€À°€À°€À°€À°€À°€À(ÄÐÈÜÐ°€ÈÑ|Ñ|ØØ°€À°€À°€À°€À°€À°€À°€À°€À(ÄÐÈÜÔ°€ÈÑ|Ñ|ØÜ°€À°€À°€À°€À°€À°€À°€À°€À(ÄÐÈÜØ°€ÈÑ|Ñ|Øà°€À°€À°€À°€À°€À°€À°€À°€À(ÄÐÈÜÜ°€ÈÑ|Ñ|Øä°€À°€À°€À°€À°€À°€À°€À°€À(ÄÐÈÜà°€ÈÑ|Ñ|ÜÀ°€À°€À°€À°€À°€À°€À°€À°€À(ÄÐÈÜä°€ÈÑ|Ñ|ÜÄ°€À°€À°€À°€À°€À°€À°€À°€À(ÄÐÈàÀ°€ÈÑ|Ñ|ÜÈ°€À°€À°€À°€À°€À°€À°€À°€À(ÄÐÈàÄ°€ÈÑ|Ñ|ÜÌ°€À°€À°€À°€À°€À°€À°€À°€À(ÄÐÈàÈ°€ÈÑ|Ñ|ÜÐ°€À°€À°€À°€À°€À°€À°€À°€À(ÄÐÈàÌ°€ÈÑ|Ñ|ÜÔ°€À°€À°€À°€À°€À°€À°€À°€À(ÄÐÈàÐ°€ÈÑ|Ñ|ÜØ°€À°€À°€À°€À°€À°€À°€À°€À(ÄÐÈàÔ°€ÈÑ|Ñ|ÜÜ°€À°€À°€À°€À°€À°€À°€À°€À(ÄÐÈàØ°€ÈÑ|Ñ|Üà°€À°€À°€À°€À°€À°€À°€À°€À(ÄÐÈàÜ°€ÈÑ|Ñ|Üä°€À°€À°€À°€À°€À°€À°€À°€À(ÄÐÈàà°€ÈÑ|Ñ|àÀ°€À°€À°€À°€À°€À°€À°€À°€À(ÄÐÈàä°€ÈÑ|Ñ|àÄ°€À°€À°€À°€À°€À°€À°€À°€À(ÄÐÈäÀ°€ÈÑ|Ñ|àÈ°€À°€À°€À°€À°€À°€À°€À°€À(ÄÐÈäÄ°€ÈÑ|Ñ|àÌ°€À°€À°€À°€À°€À°€À°€À°€À(ÄÐÈäÈ°€ÈÑ|Ñ|àÐ°€À°€À°€À°€À°€À°€À°€À°€À(ÄÐÈäÌ°€ÈÑ|Ñ|àÔ°€À°€À°€À°€À°€À°€À°€À°€À(ÄÐÈäÐ°€ÈÑ|Ñ|àØ°€À°€À°€À°€À°€À°€À°€À°€À(ÄÐÈäÔ°€ÈÑ|Ñ|àÜ°€À°€À°€À°€À°€À°€À°€À°€À(ÄÐÈäØ°€ÈÑ|Ñ|àà°€À°€À°€À°€À°€À°€À°€À°€À(ÄÐÈäÜ°€ÈÑ|Ñ|àä°€À°€À°€À°€À°€À°€À°€À°€À(ÄÐÈäà°€ÈÑ|Ñ|äÀ°€À°€À°€À°€À°€À°€À°€À°€À(ÄÐÈää°€ÈÑ|Ñ|äÄ°€À°€À°€À°€À°€À°€À°€À°€À(ÄÐÌÀÀ°€ÈÑ|Ñ|äÈ°€À°€À°€À°€À°€À°€À°€À°€À(ÄÐÌÀÄ°€ÈÑ|Ñ|äÌ°€À°€À°€À°€À°€À°€À°€À°€À(ÄÐÌÀÈ°€ÈÑ|Ñ|äÐ°€À°€À°€À°€À°€À°€À°€À°€À(ÄÐÌÀÌ°€ÈÑ|Ñ|äÔ°€À°€À°€À°€À°€À°€À°€À°€À(ÄÐÌÀÐ°€ÈÑ|Õ|ÀÀ°€À°€À°€À°€À°€À°€À°€À°€À(ÄÐÌÀÔ°€ÈÑ|Õ|ÀÄ°€À°€À°€À°€À°€À°€À°€À°€À(ÄÐÌÀØ°€ÈÑ|Õ|ÀÈ°€À°€À°€À°€À°€À°€À°€À°€À(ÄÐÌÀÜ°€ÈÑ|Õ|ÀÌ°€À°€À°€À°€À°€À°€À°€À°€À(ÄÐÌÀà°€ÈÑ|Õ|ÀÐ°€À°€À°€À°€À°€À°€À°€À°€À(ÄÐÌÀä°€ÈÑ|Õ|ÀÔ°€À°€À°€À°€À°€À°€À°€À°€À(ÄÐÌÄÀ°€ÈÑ|Õ|ÀØ°€À°€À°€À°€À°€À°€À°€À°€À(ÄÐÌÄÄ°€ÈÑ|Õ|ÀÜ°€À°€À°€À°€À°€À°€À°€À°€À(ÄÐÌÄÈ°€ÈÑ|Õ|Àà°€À°€À°€À°€À°€À°€À°€À°€À(ÄÐÌÄÌ°€ÈÑ|Õ|Àä°€À°€À°€À°€À°€À°€À°€À°€À(ÄÐÌÄÐ°€ÈÑ|Õ|ÄÀ°€À°€À°€À°€À°€À°€À°€À°€À(ÄÐÌÄÔ°€ÈÑ|Õ|ÄÄ°€À°€À°€À°€À°€À°€À°€À°€À(ÄÐÌÄØ°€ÈÑ|Õ|ÄÈ°€À°€À°€À°€À°€À°€À°€À°€À(ÄÐÌÄÜ°€ÈÑ|Õ|ÄÌ°€À°€À°€À°€À°€À°€À°€À°€À(ÄÐÌÄà°€ÈÑ|Õ|ÄÐ°€À°€À°€À°€À°€À°€À°€À°€À(ÄÐÌÄä°€ÈÑ|Õ|ÄÔ°€À°€À°€À°€À°€À°€À°€À°€À(ÄÐÌÈÀ°€ÈÑ|Õ|ÄØ°€À°€À°€À°€À°€À°€À°€À°€À(ÄÐÌÈÄ°€ÈÑ|Õ|ÄÜ°€À°€À°€À°€À°€À°€À°€À°€À(ÄÐÌÈÈ°€ÈÑ|Õ|Äà°€À°€À°€À°€À°€À°€À°€À°€À(ÄÐÌÈÌ°€ÈÑ|Õ|Ää°€À°€À°€À°€À°€À°€À°€À°€À(ÄÐÌÈÐ°€ÈÑ|Õ|ÈÀ°€À°€À°€À°€À°€À°€À°€À°€À(ÄÐÌÈÔ°€ÈÑ|Õ|ÈÄ°€À°€À°€À°€À°€À°€À°€À°€À(ÄÐÌÈØ°€ÈÑ|Õ|ÈÈ°€À°€À°€À°€À°€À°€À°€À°€À(ÄÐÌÈÜ°€ÈÑ|Õ|ÈÌ°€À°€À°€À°€À°€À°€À°€À°€À(ÄÐÌÈà°€ÈÑ|Õ|ÈÐ°€À°€À°€À°€À°€À°€À°€À°€À(ÄÐÌÈä°€ÈÑ|Õ|ÈÔ°€À°€À°€À°€À°€À°€À°€À°€À(ÄÐÌÌÀ°€ÈÑ|Õ|ÈØ°€À°€À°€À°€À°€À°€À°€À°€À(ÄÐÌÌÄ°€ÈÑ|Õ|ÈÜ°€À°€À°€À°€À°€À°€À°€À°€À(ÄÐÌÌÈ°€ÈÑ|Õ|Èà°€À°€À°€À°€À°€À°€À°€À°€À(ÄÐÌÌÌ°€ÈÑ|Õ|Èä°€À°€À°€À°€À°€À°€À°€À°€À(ÄÐÌÌÐ°€ÈÑ|Õ|ÌÀ°€À°€À°€À°€À°€À°€À°€À°€À(ÄÐÌÌÔ°€ÈÑ|Õ|ÌÄ°€À°€À°€À°€À°€À°€À°€À°€À(ÄÐÌÌØ°€ÈÑ|Õ|ÌÈ°€À°€À°€À°€À°€À°€À°€À°€À(ÄÐÌÌÜ°€ÈÑ|Õ|ÌÌ°€À°€À°€À°€À°€À°€À°€À°€À(ÄÐÌÌà°€ÈÑ|Õ|ÌÐ°€À°€À°€À°€À°€À°€À°€À°€À(ÄÐÌÌä°€ÈÑ|Õ|ÌÔ°€À°€À°€À°€À°€À°€À°€À°€À(ÄÐÌÐÀ°€ÈÑ|Õ|ÌØ°€À°€À°€À°€À°€À°€À°€À°€À(ÄÐÌÐÄ°€ÈÑ|Õ|ÌÜ°€À°€À°€À°€À°€À°€À°€À°€À(ÄÐÌÐÈ°€ÈÑ|Õ|Ìà°€À°€À°€À°€À°€À°€À°€À°€À(ÄÐÌÐÌ°€ÈÑ|Õ|Ìä°€À°€À°€À°€À°€À°€À°€À°€À(ÄÐÌÐÐ°€ÈÑ|Õ|ÐÀ°€À°€À°€À°€À°€À°€À°€À°€À(ÄÐÌÐÔ°€ÈÑ|Õ|ÐÄ°€À°€À°€À°€À°€À°€À°€À°€À(ÄÐÌÐØ°€ÈÑ|Õ|ÐÈ°€À°€À°€À°€À°€À°€À°€À°€À(ÄÐÌÐÜ°€ÈÑ|Õ|ÐÌ°€À°€À°€À°€À°€À°€À°€À°€À(ÄÐÌÐà°€ÈÑ|Õ|ÐÐ°€À°€À°€À°€À°€À°€À°€À°€À(ÄÐÌÐä°€ÈÑ|Õ|ÐÔ°€À°€À°€À°€À°€À°€À°€À°€À(ÄÐÌÔÀ°€ÈÑ|Õ|ÐØ°€À°€À°€À°€À°€À°€À°€À°€À(ÄÐÌÔÄ°€ÈÑ|Õ|ÐÜ°€À°€À°€À°€À°€À°€À°€À°€À(ÄÐÌÔÈ°€ÈÑ|Õ|Ðà°€À°€À°€À°€À°€À°€À°€À°€À(ÄÐÌÔÌ°€ÈÑ|Õ|Ðä°€À°€À°€À°€À°€À°€À°€À°€À(ÄÐÌÔÐ°€ÈÑ|Õ|ÔÀ°€À°€À°€À°€À°€À°€À°€À°€À(ÄÐÌÔÔ°€ÈÑ|Õ|ÔÄ°€À°€À°€À°€À°€À°€À°€À°€À(ÄÐÌÔØ°€ÈÑ|Õ|ÔÈ°€À°€À°€À°€À°€À°€À°€À°€À(ÄÐÌÔÜ°€ÈÑ|Õ|ÔÌ°€À°€À°€À°€À°€À°€À°€À°€À(ÄÐÌÔà°€ÈÑ|Õ|ÔÐ°€À°€À°€À°€À°€À°€À°€À°€À(ÄÐÌÔä°€ÈÑ|Õ|ÔÔ°€À°€À°€À°€À°€À°€À°€À°€À(ÄÐÌØÀ°€ÈÑ|Õ|ÔØ°€À°€À°€À°€À°€À°€À°€À°€À(ÄÐÌØÄ°€ÈÑ|Õ|ÔÜ°€À°€À°€À°€À°€À°€À°€À°€À(ÄÐÌØÈ°€ÈÑ|Õ|Ôà°€À°€À°€À°€À°€À°€À°€À°€À(ÄÐÌØÌ°€ÈÑ|Õ|Ôä°€À°€À°€À°€À°€À°€À°€À°€À(ÄÐÌØÐ°€ÈÑ|Õ|ØÀ°€À°€À°€À°€À°€À°€À°€À°€À(ÄÐÌØÔ°€ÈÑ|Õ|ØÄ°€À°€À°€À°€À°€À°€À°€À°€À(ÄÐÌØØ°€ÈÑ|Õ|ØÈ°€À°€À°€À°€À°€À°€À°€À°€À(ÄÐÌØÜ°€ÈÑ|Õ|ØÌ°€À°€À°€À°€À°€À°€À°€À°€À(ÄÐÌØà°€ÈÑ|Õ|ØÐ°€À°€À°€À°€À°€À°€À°€À°€À(ÄÐÌØä°€ÈÑ|Õ|ØÔ°€À°€À°€À°€À°€À°€À°€À°€À(ÄÐÌÜÀ°€ÈÑ|Õ|ØØ°€À°€À°€À°€À°€À°€À°€À°€À(ÄÐÌÜÄ°€ÈÑ|Õ|ØÜ°€À°€À°€À°€À°€À°€À°€À°€À(ÄÐÌÜÈ°€ÈÑ|Õ|Øà°€À°€À°€À°€À°€À°€À°€À°€À(ÄÐÌÜÌ°€ÈÑ|Õ|Øä°€À°€À°€À°€À°€À°€À°€À°€À(ÄÐÌÜÐ°€ÈÑ|Õ|ÜÀ°€À°€À°€À°€À°€À°€À°€À°€À(ÄÐÌÜÔ°€ÈÑ|Õ|ÜÄ°€À°€À°€À°€À°€À°€À°€À°€À(ÄÐÌÜØ°€ÈÑ|Õ|ÜÈ°€À°€À°€À°€À°€À°€À°€À°€À(ÄÐÌÜÜ°€ÈÑ|Õ|ÜÌ°€À°€À°€À°€À°€À°€À°€À°€À(ÄÐÌÜà°€ÈÑ|Õ|ÜÐ°€À°€À°€À°€À°€À°€À°€À°€À(ÄÐÌÜä°€ÈÑ|Õ|ÜÔ°€À°€À°€À°€À°€À°€À°€À°€À(ÄÐÌàÀ°€ÈÑ|Õ|ÜØ°€À°€À°€À°€À°€À°€À°€À°€À(ÄÐÌàÄ°€ÈÑ|Õ|ÜÜ°€À°€À°€À°€À°€À°€À°€À°€À(ÄÐÌàÈ°€ÈÑ|Õ|Üà°€À°€À°€À°€À°€À°€À°€À°€À(ÄÐÌàÌ°€ÈÑ|Õ|Üä°€À°€À°€À°€À°€À°€À°€À°€À(ÄÐÌàÐ°€ÈÑ|Õ|àÀ°€À°€À°€À°€À°€À°€À°€À°€À(ÄÐÌàÔ°€ÈÑ|Õ|àÄ°€À°€À°€À°€À°€À°€À°€À°€À(ÄÐÌàØ°€ÈÑ|Õ|àÈ°€À°€À°€À°€À°€À°€À°€À°€À(ÄÐÌàÜ°€ÈÑ|Õ|àÌ°€À°€À°€À°€À°€À°€À°€À°€À(ÄÐÌàà°€ÈÑ|Õ|àÐ°€À°€À°€À°€À°€À°€À°€À°€À(ÄÐÌàä°€ÈÑ|Õ|àÔ°€À°€À°€À°€À°€À°€À°€À°€À(ÄÐÌäÀ°€ÈÑ|Õ|àØ°€À°€À°€À°€À°€À°€À°€À°€À(ÄÐÌäÄ°€ÈÑ|Õ|àÜ°€À°€À°€À°€À°€À°€À°€À°€À(ÄÐÌäÈ°€ÈÑ|Õ|àà°€À°€À°€À°€À°€À°€À°€À°€À(ÄÐÌäÌ°€ÈÑ|Õ|àä°€À°€À°€À°€À°€À°€À°€À°€À(ÄÐÌäÐ°€ÈÑ|Õ|äÀ°€À°€À°€À°€À°€À°€À°€À°€À(ÄÐÌäÔ°€ÈÑ|Õ|äÄ°€À°€À°€À°€À°€À°€À°€À°€À(ÄÐÌäØ°€ÈÑ|Õ|äÈ°€À°€À°€À°€À°€À°€À°€À°€À(ÄÐÌäÜ°€ÈÑ|Õ|äÌ°€À°€À°€À°€À°€À°€À°€À°€À(ÄÐÌäà°€ÈÑ|Õ|äÐ°€À°€À°€À°€À°€À°€À°€À°€À(ÄÐÌää°€ÈÑ|Õ|äÔ°€À°€À°€À°€À°€À°€À°€À°€À(ÄÐÐÀÀ°€ÈÕ|Á|ÀÀ°€À°€À°€À°€À°€À°€À°€À°€À(ÄÐÐÀÄ°€ÈÕ|Á|ÀÄ°€À°€À°€À°€À°€À°€À°€À°€À(ÄÐÐÀÈ°€ÈÕ|Á|ÀÈ°€À°€À°€À°€À°€À°€À°€À°€À(ÄÐÐÀÌ°€ÈÕ|Á|ÀÌ°€À°€À°€À°€À°€À°€À°€À°€À(ÄÐÐÀÐ°€ÈÕ|Á|ÀÐ°€À°€À°€À°€À°€À°€À°€À°€À(ÄÐÐÀÔ°€ÈÕ|Á|ÀÔ°€À°€À°€À°€À°€À°€À°€À°€À(ÄÐÐÀØ°€ÈÕ|Á|ÀØ°€À°€À°€À°€À°€À°€À°€À°€À(ÄÐÐÀÜ°€ÈÕ|Á|ÀÜ°€À°€À°€À°€À°€À°€À°€À°€À(ÄÐÐÀà°€ÈÕ|Á|Àà°€À°€À°€À°€À°€À°€À°€À°€À(ÄÐÐÀä°€ÈÕ|Á|Àä°€À°€À°€À°€À°€À°€À°€À°€À(ÄÐÐÄÀ°€ÈÕ|Á|ÄÀ°€À°€À°€À°€À°€À°€À°€À°€À(ÄÐÐÄÄ°€ÈÕ|Á|ÄÄ°€À°€À°€À°€À°€À°€À°€À°€À(ÄÐÐÄÈ°€ÈÕ|Á|ÄÈ°€À°€À°€À°€À°€À°€À°€À°€À(ÄÐÐÄÌ°€ÈÕ|Á|ÄÌ°€À°€À°€À°€À°€À°€À°€À°€À(ÄÐÐÄÐ°€ÈÕ|Á|ÄÐ°€À°€À°€À°€À°€À°€À°€À°€À(ÄÐÐÄÔ°€ÈÕ|Á|ÄÔ°€À°€À°€À°€À°€À°€À°€À°€À(ÄÐÐÄØ°€ÈÕ|Á|ÄØ°€À°€À°€À°€À°€À°€À°€À°€À(ÄÐÐÄÜ°€ÈÕ|Á|ÄÜ°€À°€À°€À°€À°€À°€À°€À°€À(ÄÐÐÄà°€ÈÕ|Á|Äà°€À°€À°€À°€À°€À°€À°€À°€À(ÄÐÐÄä°€ÈÕ|Á|Ää°€À°€À°€À°€À°€À°€À°€À°€À(ÄÐÐÈÀ°€ÈÕ|Á|ÈÀ°€À°€À°€À°€À°€À°€À°€À°€À(ÄÐÐÈÄ°€ÈÕ|Á|ÈÄ°€À°€À°€À°€À°€À°€À°€À°€À(ÄÐÐÈÈ°€ÈÕ|Á|ÈÈ°€À°€À°€À°€À°€À°€À°€À°€À(ÄÐÐÈÌ°€ÈÕ|Á|ÈÌ°€À°€À°€À°€À°€À°€À°€À°€À(ÄÐÐÈÐ°€ÈÕ|Á|ÈÐ°€À°€À°€À°€À°€À°€À°€À°€À(ÄÐÐÈÔ°€ÈÕ|Á|ÈÔ°€À°€À°€À°€À°€À°€À°€À°€À(ÄÐÐÈØ°€ÈÕ|Á|ÈØ°€À°€À°€À°€À°€À°€À°€À°€À(ÄÐÐÈÜ°€ÈÕ|Á|ÈÜ°€À°€À°€À°€À°€À°€À°€À°€À(ÄÐÐÈà°€ÈÕ|Á|Èà°€À°€À°€À°€À°€À°€À°€À°€À(ÄÐÐÈä°€ÈÕ|Á|Èä°€À°€À°€À°€À°€À°€À°€À°€À(ÄÐÐÌÀ°€ÈÕ|Á|ÌÀ°€À°€À°€À°€À°€À°€À°€À°€À(ÄÐÐÌÄ°€ÈÕ|Á|ÌÄ°€À°€À°€À°€À°€À°€À°€À°€À(ÄÐÐÌÈ°€ÈÕ|Á|ÌÈ°€À°€À°€À°€À°€À°€À°€À°€À(ÄÐÐÌÌ°€ÈÕ|Á|ÌÌ°€À°€À°€À°€À°€À°€À°€À°€À(ÄÐÐÌÐ°€ÈÕ|Á|ÌÐ°€À°€À°€À°€À°€À°€À°€À°€À(ÄÐÐÌÔ°€ÈÕ|Á|ÌÔ°€À°€À°€À°€À°€À°€À°€À°€À(ÄÐÐÌØ°€ÈÕ|Á|ÌØ°€À°€À°€À°€À°€À°€À°€À°€À(ÄÐÐÌÜ°€ÈÕ|Á|ÌÜ°€À°€À°€À°€À°€À°€À°€À°€À(ÄÐÐÌà°€ÈÕ|Á|Ìà°€À°€À°€À°€À°€À°€À°€À°€À(ÄÐÐÌä°€ÈÕ|Á|Ìä°€À°€À°€À°€À°€À°€À°€À°€À(ÄÐÐÐÀ°€ÈÕ|Á|ÐÀ°€À°€À°€À°€À°€À°€À°€À°€À(ÄÐÐÐÄ°€ÈÕ|Á|ÐÄ°€À°€À°€À°€À°€À°€À°€À°€À(ÄÐÐÐÈ°€ÈÕ|Á|ÐÈ°€À°€À°€À°€À°€À°€À°€À°€À(ÄÐÐÐÌ°€ÈÕ|Á|ÐÌ°€À°€À°€À°€À°€À°€À°€À°€À(ÄÐÐÐÐ°€ÈÕ|Á|ÐÐ°€À°€À°€À°€À°€À°€À°€À°€À(ÄÐÐÐÔ°€ÈÕ|Á|ÐÔ°€À°€À°€À°€À°€À°€À°€À°€À(ÄÐÐÐØ°€ÈÕ|Á|ÐØ°€À°€À°€À°€À°€À°€À°€À°€À(ÄÐÐÐÜ°€ÈÕ|Á|ÐÜ°€À°€À°€À°€À°€À°€À°€À°€À(ÄÐÐÐà°€ÈÕ|Á|Ðà°€À°€À°€À°€À°€À°€À°€À°€À(ÄÐÐÐä°€ÈÕ|Á|Ðä°€À°€À°€À°€À°€À°€À°€À°€À(ÄÐÐÔÀ°€ÈÕ|Á|ÔÀ°€À°€À°€À°€À°€À°€À°€À°€À(ÄÐÐÔÄ°€ÈÕ|Á|ÔÄ°€À°€À°€À°€À°€À°€À°€À°€À(ÄÐÐÔÈ°€ÈÕ|Á|ÔÈ°€À°€À°€À°€À°€À°€À°€À°€À(ÄÐÐÔÌ°€ÈÕ|Á|ÔÌ°€À°€À°€À°€À°€À°€À°€À°€À(ÄÐÐÔÐ°€ÈÕ|Á|ÔÐ°€À°€À°€À°€À°€À°€À°€À°€À(ÄÐÐÔÔ°€ÈÕ|Á|ÔÔ°€À°€À°€À°€À°€À°€À°€À°€À(ÄÐÐÔØ°€ÈÕ|Á|ÔØ°€À°€À°€À°€À°€À°€À°€À°€À(ÄÐÐÔÜ°€ÈÕ|Á|ÔÜ°€À°€À°€À°€À°€À°€À°€À°€À(ÄÐÐÔà°€ÈÕ|Á|Ôà°€À°€À°€À°€À°€À°€À°€À°€À(ÄÐÐÔä°€ÈÕ|Á|Ôä°€À°€À°€À°€À°€À°€À°€À°€À(ÄÐÐØÀ°€ÈÕ|Á|ØÀ°€À°€À°€À°€À°€À°€À°€À°€À(ÄÐÐØÄ°€ÈÕ|Á|ØÄ°€À°€À°€À°€À°€À°€À°€À°€À(ÄÐÐØÈ°€ÈÕ|Á|ØÈ°€À°€À°€À°€À°€À°€À°€À°€À(ÄÐÐØÌ°€ÈÕ|Á|ØÌ°€À°€À°€À°€À°€À°€À°€À°€À(ÄÐÐØÐ°€ÈÕ|Á|ØÐ°€À°€À°€À°€À°€À°€À°€À°€À(ÄÐÐØÔ°€ÈÕ|Á|ØÔ°€À°€À°€À°€À°€À°€À°€À°€À(ÄÐÐØØ°€ÈÕ|Á|ØØ°€À°€À°€À°€À°€À°€À°€À°€À(ÄÐÐØÜ°€ÈÕ|Á|ØÜ°€À°€À°€À°€À°€À°€À°€À°€À(ÄÐÐØà°€ÈÕ|Á|Øà°€À°€À°€À°€À°€À°€À°€À°€À(ÄÐÐØä°€ÈÕ|Á|Øä°€À°€À°€À°€À°€À°€À°€À°€À(ÄÐÐÜÀ°€ÈÕ|Á|ÜÀ°€À°€À°€À°€À°€À°€À°€À°€À(ÄÐÐÜÄ°€ÈÕ|Á|ÜÄ°€À°€À°€À°€À°€À°€À°€À°€À(ÄÐÐÜÈ°€ÈÕ|Á|ÜÈ°€À°€À°€À°€À°€À°€À°€À°€À(ÄÐÐÜÌ°€ÈÕ|Á|ÜÌ°€À°€À°€À°€À°€À°€À°€À°€À(ÄÐÐÜÐ°€ÈÕ|Á|ÜÐ°€À°€À°€À°€À°€À°€À°€À°€À(ÄÐÐÜÔ°€ÈÕ|Á|ÜÔ°€À°€À°€À°€À°€À°€À°€À°€À(ÄÐÐÜØ°€ÈÕ|Á|ÜØ°€À°€À°€À°€À°€À°€À°€À°€À(ÄÐÐÜÜ°€ÈÕ|Á|ÜÜ°€À°€À°€À°€À°€À°€À°€À°€À(ÄÐÐÜà°€ÈÕ|Á|Üà°€À°€À°€À°€À°€À°€À°€À°€À(ÄÐÐÜä°€ÈÕ|Á|Üä°€À°€À°€À°€À°€À°€À°€À°€À(ÄÐÐàÀ°€ÈÕ|Á|àÀ°€À°€À°€À°€À°€À°€À°€À°€À(ÄÐÐàÄ°€ÈÕ|Á|àÄ°€À°€À°€À°€À°€À°€À°€À°€À(ÄÐÐàÈ°€ÈÕ|Á|àÈ°€À°€À°€À°€À°€À°€À°€À°€À(ÄÐÐàÌ°€ÈÕ|Á|àÌ°€À°€À°€À°€À°€À°€À°€À°€À(ÄÐÐàÐ°€ÈÕ|Á|àÐ°€À°€À°€À°€À°€À°€À°€À°€À(ÄÐÐàÔ°€ÈÕ|Á|àÔ°€À°€À°€À°€À°€À°€À°€À°€À(ÄÐÐàØ°€ÈÕ|Á|àØ°€À°€À°€À°€À°€À°€À°€À°€À(ÄÐÐàÜ°€ÈÕ|Á|àÜ°€À°€À°€À°€À°€À°€À°€À°€À(ÄÐÐàà°€ÈÕ|Á|àà°€À°€À°€À°€À°€À°€À°€À°€À(ÄÐÐàä°€ÈÕ|Á|àä°€À°€À°€À°€À°€À°€À°€À°€À(ÄÐÐäÀ°€ÈÕ|Á|äÀ°€À°€À°€À°€À°€À°€À°€À°€À(ÄÐÐäÄ°€ÈÕ|Á|äÄ°€À°€À°€À°€À°€À°€À°€À°€À(ÄÐÐäÈ°€ÈÕ|Á|äÈ°€À°€À°€À°€À°€À°€À°€À°€À(ÄÐÐäÌ°€ÈÕ|Á|äÌ°€À°€À°€À°€À°€À°€À°€À°€À(ÄÐÐäÐ°€ÈÕ|Á|äÐ°€À°€À°€À°€À°€À°€À°€À°€À(ÄÐÐäÔ°€ÈÕ|Á|äÔ°€À°€À°€À°€À°€À°€À°€À°€À(ÄÐÐäØ°€ÈÕ|Å|ÀÀ°€À°€À°€À°€À°€À°€À°€À°€À(ÄÐÐäÜ°€ÈÕ|Å|ÀÄ°€À°€À°€À°€À°€À°€À°€À°€À(ÄÐÐäà°€ÈÕ|Å|ÀÈ°€À°€À°€À°€À°€À°€À°€À°€À(ÄÐÐää°€ÈÕ|Å|ÀÌ°€À°€À°€À°€À°€À°€À°€À°€À(ÄÐÔÀÀ°€ÈÕ|Å|ÀÐ°€À°€À°€À°€À°€À°€À°€À°€À(ÄÐÔÀÄ°€ÈÕ|Å|ÀÔ°€À°€À°€À°€À°€À°€À°€À°€À(ÄÐÔÀÈ°€ÈÕ|Å|ÀØ°€À°€À°€À°€À°€À°€À°€À°€À(ÄÐÔÀÌ°€ÈÕ|Å|ÀÜ°€À°€À°€À°€À°€À°€À°€À°€À(ÄÐÔÀÐ°€ÈÕ|Å|Àà°€À°€À°€À°€À°€À°€À°€À°€À(ÄÐÔÀÔ°€ÈÕ|Å|Àä°€À°€À°€À°€À°€À°€À°€À°€À(ÄÐÔÀØ°€ÈÕ|Å|ÄÀ°€À°€À°€À°€À°€À°€À°€À°€À(ÄÐÔÀÜ°€ÈÕ|Å|ÄÄ°€À°€À°€À°€À°€À°€À°€À°€À(ÄÐÔÀà°€ÈÕ|Å|ÄÈ°€À°€À°€À°€À°€À°€À°€À°€À(ÄÐÔÀä°€ÈÕ|Å|ÄÌ°€À°€À°€À°€À°€À°€À°€À°€À(ÄÐÔÄÀ°€ÈÕ|Å|ÄÐ°€À°€À°€À°€À°€À°€À°€À°€À(ÄÐÔÄÄ°€ÈÕ|Å|ÄÔ°€À°€À°€À°€À°€À°€À°€À°€À(ÄÐÔÄÈ°€ÈÕ|Å|ÄØ°€À°€À°€À°€À°€À°€À°€À°€À(ÄÐÔÄÌ°€ÈÕ|Å|ÄÜ°€À°€À°€À°€À°€À°€À°€À°€À(ÄÐÔÄÐ°€ÈÕ|Å|Äà°€À°€À°€À°€À°€À°€À°€À°€À(ÄÐÔÄÔ°€ÈÕ|Å|Ää°€À°€À°€À°€À°€À°€À°€À°€À(ÄÐÔÄØ°€ÈÕ|Å|ÈÀ°€À°€À°€À°€À°€À°€À°€À°€À(ÄÐÔÄÜ°€ÈÕ|Å|ÈÄ°€À°€À°€À°€À°€À°€À°€À°€À(ÄÐÔÄà°€ÈÕ|Å|ÈÈ°€À°€À°€À°€À°€À°€À°€À°€À(ÄÐÔÄä°€ÈÕ|Å|ÈÌ°€À°€À°€À°€À°€À°€À°€À°€À(ÄÐÔÈÀ°€ÈÕ|Å|ÈÐ°€À°€À°€À°€À°€À°€À°€À°€À(ÄÐÔÈÄ°€ÈÕ|Å|ÈÔ°€À°€À°€À°€À°€À°€À°€À°€À(ÄÐÔÈÈ°€ÈÕ|Å|ÈØ°€À°€À°€À°€À°€À°€À°€À°€À(ÄÐÔÈÌ°€ÈÕ|Å|ÈÜ°€À°€À°€À°€À°€À°€À°€À°€À(ÄÐÔÈÐ°€ÈÕ|Å|Èà°€À°€À°€À°€À°€À°€À°€À°€À(ÄÐÔÈÔ°€ÈÕ|Å|Èä°€À°€À°€À°€À°€À°€À°€À°€À(ÄÐÔÈØ°€ÈÕ|Å|ÌÀ°€À°€À°€À°€À°€À°€À°€À°€À(ÄÐÔÈÜ°€ÈÕ|Å|ÌÄ°€À°€À°€À°€À°€À°€À°€À°€À(ÄÐÔÈà°€ÈÕ|Å|ÌÈ°€À°€À°€À°€À°€À°€À°€À°€À(ÄÐÔÈä°€ÈÕ|Å|ÌÌ°€À°€À°€À°€À°€À°€À°€À°€À(ÄÐÔÌÀ°€ÈÕ|Å|ÌÐ°€À°€À°€À°€À°€À°€À°€À°€À(ÄÐÔÌÄ°€ÈÕ|Å|ÌÔ°€À°€À°€À°€À°€À°€À°€À°€À(ÄÐÔÌÈ°€ÈÕ|Å|ÌØ°€À°€À°€À°€À°€À°€À°€À°€À(ÄÐÔÌÌ°€ÈÕ|Å|ÌÜ°€À°€À°€À°€À°€À°€À°€À°€À(ÄÐÔÌÐ°€ÈÕ|Å|Ìà°€À°€À°€À°€À°€À°€À°€À°€À(ÄÐÔÌÔ°€ÈÕ|Å|Ìä°€À°€À°€À°€À°€À°€À°€À°€À(ÄÐÔÌØ°€ÈÕ|Å|ÐÀ°€À°€À°€À°€À°€À°€À°€À°€À(ÄÐÔÌÜ°€ÈÕ|Å|ÐÄ°€À°€À°€À°€À°€À°€À°€À°€À(ÄÐÔÌà°€ÈÕ|Å|ÐÈ°€À°€À°€À°€À°€À°€À°€À°€À(ÄÐÔÌä°€ÈÕ|Å|ÐÌ°€À°€À°€À°€À°€À°€À°€À°€À(ÄÐÔÐÀ°€ÈÕ|Å|ÐÐ°€À°€À°€À°€À°€À°€À°€À°€À(ÄÐÔÐÄ°€ÈÕ|Å|ÐÔ°€À°€À°€À°€À°€À°€À°€À°€À(ÄÐÔÐÈ°€ÈÕ|Å|ÐØ°€À°€À°€À°€À°€À°€À°€À°€À(ÄÐÔÐÌ°€ÈÕ|Å|ÐÜ°€À°€À°€À°€À°€À°€À°€À°€À(ÄÐÔÐÐ°€ÈÕ|Å|Ðà°€À°€À°€À°€À°€À°€À°€À°€À(ÄÐÔÐÔ°€ÈÕ|Å|Ðä°€À°€À°€À°€À°€À°€À°€À°€À(ÄÐÔÐØ°€ÈÕ|Å|ÔÀ°€À°€À°€À°€À°€À°€À°€À°€À(ÄÐÔÐÜ°€ÈÕ|Å|ÔÄ°€À°€À°€À°€À°€À°€À°€À°€À(ÄÐÔÐà°€ÈÕ|Å|ÔÈ°€À°€À°€À°€À°€À°€À°€À°€À(ÄÐÔÐä°€ÈÕ|Å|ÔÌ°€À°€À°€À°€À°€À°€À°€À°€À(ÄÐÔÔÀ°€ÈÕ|Å|ÔÐ°€À°€À°€À°€À°€À°€À°€À°€À(ÄÐÔÔÄ°€ÈÕ|Å|ÔÔ°€À°€À°€À°€À°€À°€À°€À°€À(ÄÐÔÔÈ°€ÈÕ|Å|ÔØ°€À°€À°€À°€À°€À°€À°€À°€À(ÄÐÔÔÌ°€ÈÕ|Å|ÔÜ°€À°€À°€À°€À°€À°€À°€À°€À(ÄÐÔÔÐ°€ÈÕ|Å|Ôà°€À°€À°€À°€À°€À°€À°€À°€À(ÄÐÔÔÔ°€ÈÕ|Å|Ôä°€À°€À°€À°€À°€À°€À°€À°€À(ÄÐÔÔØ°€ÈÕ|Å|ØÀ°€À°€À°€À°€À°€À°€À°€À°€À(ÄÐÔÔÜ°€ÈÕ|Å|ØÄ°€À°€À°€À°€À°€À°€À°€À°€À(ÄÐÔÔà°€ÈÕ|Å|ØÈ°€À°€À°€À°€À°€À°€À°€À°€À(ÄÐÔÔä°€ÈÕ|Å|ØÌ°€À°€À°€À°€À°€À°€À°€À°€À(ÄÐÔØÀ°€ÈÕ|Å|ØÐ°€À°€À°€À°€À°€À°€À°€À°€À(ÄÐÔØÄ°€ÈÕ|Å|ØÔ°€À°€À°€À°€À°€À°€À°€À°€À(ÄÐÔØÈ°€ÈÕ|Å|ØØ°€À°€À°€À°€À°€À°€À°€À°€À(ÄÐÔØÌ°€ÈÕ|Å|ØÜ°€À°€À°€À°€À°€À°€À°€À°€À(ÄÐÔØÐ°€ÈÕ|Å|Øà°€À°€À°€À°€À°€À°€À°€À°€À(ÄÐÔØÔ°€ÈÕ|Å|Øä°€À°€À°€À°€À°€À°€À°€À°€À(ÄÐÔØØ°€ÈÕ|Å|ÜÀ°€À°€À°€À°€À°€À°€À°€À°€À(ÄÐÔØÜ°€ÈÕ|Å|ÜÄ°€À°€À°€À°€À°€À°€À°€À°€À(ÄÐÔØà°€ÈÕ|Å|ÜÈ°€À°€À°€À°€À°€À°€À°€À°€À(ÄÐÔØä°€ÈÕ|Å|ÜÌ°€À°€À°€À°€À°€À°€À°€À°€À(ÄÐÔÜÀ°€ÈÕ|Å|ÜÐ°€À°€À°€À°€À°€À°€À°€À°€À(ÄÐÔÜÄ°€ÈÕ|Å|ÜÔ°€À°€À°€À°€À°€À°€À°€À°€À(ÄÐÔÜÈ°€ÈÕ|Å|ÜØ°€À°€À°€À°€À°€À°€À°€À°€À(ÄÐÔÜÌ°€ÈÕ|Å|ÜÜ°€À°€À°€À°€À°€À°€À°€À°€À(ÄÐÔÜÐ°€ÈÕ|Å|Üà°€À°€À°€À°€À°€À°€À°€À°€À(ÄÐÔÜÔ°€ÈÕ|Å|Üä°€À°€À°€À°€À°€À°€À°€À°€À(ÄÐÔÜØ°€ÈÕ|Å|àÀ°€À°€À°€À°€À°€À°€À°€À°€À(ÄÐÔÜÜ°€ÈÕ|Å|àÄ°€À°€À°€À°€À°€À°€À°€À°€À(ÄÐÔÜà°€ÈÕ|Å|àÈ°€À°€À°€À°€À°€À°€À°€À°€À(ÄÐÔÜä°€ÈÕ|Å|àÌ°€À°€À°€À°€À°€À°€À°€À°€À(ÄÐÔàÀ°€ÈÕ|Å|àÐ°€À°€À°€À°€À°€À°€À°€À°€À(ÄÐÔàÄ°€ÈÕ|Å|àÔ°€À°€À°€À°€À°€À°€À°€À°€À(ÄÐÔàÈ°€ÈÕ|Å|àØ°€À°€À°€À°€À°€À°€À°€À°€À(ÄÐÔàÌ°€ÈÕ|Å|àÜ°€À°€À°€À°€À°€À°€À°€À°€À(ÄÐÔàÐ°€ÈÕ|Å|àà°€À°€À°€À°€À°€À°€À°€À°€À(ÄÐÔàÔ°€ÈÕ|Å|àä°€À°€À°€À°€À°€À°€À°€À°€À(ÄÐÔàØ°€ÈÕ|Å|äÀ°€À°€À°€À°€À°€À°€À°€À°€À(ÄÐÔàÜ°€ÈÕ|Å|äÄ°€À°€À°€À°€À°€À°€À°€À°€À(ÄÐÔàà°€ÈÕ|Å|äÈ°€À°€À°€À°€À°€À°€À°€À°€À(ÄÐÔàä°€ÈÕ|Å|äÌ°€À°€À°€À°€À°€À°€À°€À°€À(ÄÐÔäÀ°€ÈÕ|Å|äÐ°€À°€À°€À°€À°€À°€À°€À°€À(ÄÐÔäÄ°€ÈÕ|Å|äÔ°€À°€À°€À°€À°€À°€À°€À°€À(ÄÐÔäÈ°€ÈÕ|É|ÀÀ°€À°€À°€À°€À°€À°€À°€À°€À(ÄÐÔäÌ°€ÈÕ|É|ÀÄ°€À°€À°€À°€À°€À°€À°€À°€À(ÄÐÔäÐ°€ÈÕ|É|ÀÈ°€À°€À°€À°€À°€À°€À°€À°€À(ÄÐÔäÔ°€ÈÕ|É|ÀÌ°€À°€À°€À°€À°€À°€À°€À°€À(ÄÐÔäØ°€ÈÕ|É|ÀÐ°€À°€À°€À°€À°€À°€À°€À°€À(ÄÐÔäÜ°€ÈÕ|É|ÀÔ°€À°€À°€À°€À°€À°€À°€À°€À(ÄÐÔäà°€ÈÕ|É|ÀØ°€À°€À°€À°€À°€À°€À°€À°€À(ÄÐÔää°€ÈÕ|É|ÀÜ°€À°€À°€À°€À°€À°€À°€À°€À(ÄÐØÀÀ°€ÈÕ|É|Àà°€À°€À°€À°€À°€À°€À°€À°€À(ÄÐØÀÄ°€ÈÕ|É|Àä°€À°€À°€À°€À°€À°€À°€À°€À(ÄÐØÀÈ°€ÈÕ|É|ÄÀ°€À°€À°€À°€À°€À°€À°€À°€À(ÄÐØÀÌ°€ÈÕ|É|ÄÄ°€À°€À°€À°€À°€À°€À°€À°€À(ÄÐØÀÐ°€ÈÕ|É|ÄÈ°€À°€À°€À°€À°€À°€À°€À°€À(ÄÐØÀÔ°€ÈÕ|É|ÄÌ°€À°€À°€À°€À°€À°€À°€À°€À(ÄÐØÀØ°€ÈÕ|É|ÄÐ°€À°€À°€À°€À°€À°€À°€À°€À(ÄÐØÀÜ°€ÈÕ|É|ÄÔ°€À°€À°€À°€À°€À°€À°€À°€À(ÄÐØÀà°€ÈÕ|É|ÄØ°€À°€À°€À°€À°€À°€À°€À°€À(ÄÐØÀä°€ÈÕ|É|ÄÜ°€À°€À°€À°€À°€À°€À°€À°€À(ÄÐØÄÀ°€ÈÕ|É|Äà°€À°€À°€À°€À°€À°€À°€À°€À(ÄÐØÄÄ°€ÈÕ|É|Ää°€À°€À°€À°€À°€À°€À°€À°€À(ÄÐØÄÈ°€ÈÕ|É|ÈÀ°€À°€À°€À°€À°€À°€À°€À°€À(ÄÐØÄÌ°€ÈÕ|É|ÈÄ°€À°€À°€À°€À°€À°€À°€À°€À(ÄÐØÄÐ°€ÈÕ|É|ÈÈ°€À°€À°€À°€À°€À°€À°€À°€À(ÄÐØÄÔ°€ÈÕ|É|ÈÌ°€À°€À°€À°€À°€À°€À°€À°€À(ÄÐØÄØ°€ÈÕ|É|ÈÐ°€À°€À°€À°€À°€À°€À°€À°€À(ÄÐØÄÜ°€ÈÕ|É|ÈÔ°€À°€À°€À°€À°€À°€À°€À°€À(ÄÐØÄà°€ÈÕ|É|ÈØ°€À°€À°€À°€À°€À°€À°€À°€À(ÄÐØÄä°€ÈÕ|É|ÈÜ°€À°€À°€À°€À°€À°€À°€À°€À(ÄÐØÈÀ°€ÈÕ|É|Èà°€À°€À°€À°€À°€À°€À°€À°€À(ÄÐØÈÄ°€ÈÕ|É|Èä°€À°€À°€À°€À°€À°€À°€À°€À(ÄÐØÈÈ°€ÈÕ|É|ÌÀ°€À°€À°€À°€À°€À°€À°€À°€À(ÄÐØÈÌ°€ÈÕ|É|ÌÄ°€À°€À°€À°€À°€À°€À°€À°€À(ÄÐØÈÐ°€ÈÕ|É|ÌÈ°€À°€À°€À°€À°€À°€À°€À°€À(ÄÐØÈÔ°€ÈÕ|É|ÌÌ°€À°€À°€À°€À°€À°€À°€À°€À(ÄÐØÈØ°€ÈÕ|É|ÌÐ°€À°€À°€À°€À°€À°€À°€À°€À(ÄÐØÈÜ°€ÈÕ|É|ÌÔ°€À°€À°€À°€À°€À°€À°€À°€À(ÄÐØÈà°€ÈÕ|É|ÌØ°€À°€À°€À°€À°€À°€À°€À°€À(ÄÐØÈä°€ÈÕ|É|ÌÜ°€À°€À°€À°€À°€À°€À°€À°€À(ÄÐØÌÀ°€ÈÕ|É|Ìà°€À°€À°€À°€À°€À°€À°€À°€À(ÄÐØÌÄ°€ÈÕ|É|Ìä°€À°€À°€À°€À°€À°€À°€À°€À(ÄÐØÌÈ°€ÈÕ|É|ÐÀ°€À°€À°€À°€À°€À°€À°€À°€À(ÄÐØÌÌ°€ÈÕ|É|ÐÄ°€À°€À°€À°€À°€À°€À°€À°€À(ÄÐØÌÐ°€ÈÕ|É|ÐÈ°€À°€À°€À°€À°€À°€À°€À°€À(ÄÐØÌÔ°€ÈÕ|É|ÐÌ°€À°€À°€À°€À°€À°€À°€À°€À(ÄÐØÌØ°€ÈÕ|É|ÐÐ°€À°€À°€À°€À°€À°€À°€À°€À(ÄÐØÌÜ°€ÈÕ|É|ÐÔ°€À°€À°€À°€À°€À°€À°€À°€À(ÄÐØÌà°€ÈÕ|É|ÐØ°€À°€À°€À°€À°€À°€À°€À°€À(ÄÐØÌä°€ÈÕ|É|ÐÜ°€À°€À°€À°€À°€À°€À°€À°€À(ÄÐØÐÀ°€ÈÕ|É|Ðà°€À°€À°€À°€À°€À°€À°€À°€À(ÄÐØÐÄ°€ÈÕ|É|Ðä°€À°€À°€À°€À°€À°€À°€À°€À(ÄÐØÐÈ°€ÈÕ|É|ÔÀ°€À°€À°€À°€À°€À°€À°€À°€À(ÄÐØÐÌ°€ÈÕ|É|ÔÄ°€À°€À°€À°€À°€À°€À°€À°€À(ÄÐØÐÐ°€ÈÕ|É|ÔÈ°€À°€À°€À°€À°€À°€À°€À°€À(ÄÐØÐÔ°€ÈÕ|É|ÔÌ°€À°€À°€À°€À°€À°€À°€À°€À(ÄÐØÐØ°€ÈÕ|É|ÔÐ°€À°€À°€À°€À°€À°€À°€À°€À(ÄÐØÐÜ°€ÈÕ|É|ÔÔ°€À°€À°€À°€À°€À°€À°€À°€À(ÄÐØÐà°€ÈÕ|É|ÔØ°€À°€À°€À°€À°€À°€À°€À°€À(ÄÐØÐä°€ÈÕ|É|ÔÜ°€À°€À°€À°€À°€À°€À°€À°€À(ÄÐØÔÀ°€ÈÕ|É|Ôà°€À°€À°€À°€À°€À°€À°€À°€À(ÄÐØÔÄ°€ÈÕ|É|Ôä°€À°€À°€À°€À°€À°€À°€À°€À(ÄÐØÔÈ°€ÈÕ|É|ØÀ°€À°€À°€À°€À°€À°€À°€À°€À(ÄÐØÔÌ°€ÈÕ|É|ØÄ°€À°€À°€À°€À°€À°€À°€À°€À(ÄÐØÔÐ°€ÈÕ|É|ØÈ°€À°€À°€À°€À°€À°€À°€À°€À(ÄÐØÔÔ°€ÈÕ|É|ØÌ°€À°€À°€À°€À°€À°€À°€À°€À(ÄÐØÔØ°€ÈÕ|É|ØÐ°€À°€À°€À°€À°€À°€À°€À°€À(ÄÐØÔÜ°€ÈÕ|É|ØÔ°€À°€À°€À°€À°€À°€À°€À°€À(ÄÐØÔà°€ÈÕ|É|ØØ°€À°€À°€À°€À°€À°€À°€À°€À(ÄÐØÔä°€ÈÕ|É|ØÜ°€À°€À°€À°€À°€À°€À°€À°€À(ÄÐØØÀ°€ÈÕ|É|Øà°€À°€À°€À°€À°€À°€À°€À°€À(ÄÐØØÄ°€ÈÕ|É|Øä°€À°€À°€À°€À°€À°€À°€À°€À(ÄÐØØÈ°€ÈÕ|É|ÜÀ°€À°€À°€À°€À°€À°€À°€À°€À(ÄÐØØÌ°€ÈÕ|É|ÜÄ°€À°€À°€À°€À°€À°€À°€À°€À(ÄÐØØÐ°€ÈÕ|É|ÜÈ°€À°€À°€À°€À°€À°€À°€À°€À(ÄÐØØÔ°€ÈÕ|É|ÜÌ°€À°€À°€À°€À°€À°€À°€À°€À(ÄÐØØØ°€ÈÕ|É|ÜÐ°€À°€À°€À°€À°€À°€À°€À°€À(ÄÐØØÜ°€ÈÕ|É|ÜÔ°€À°€À°€À°€À°€À°€À°€À°€À(ÄÐØØà°€ÈÕ|É|ÜØ°€À°€À°€À°€À°€À°€À°€À°€À(ÄÐØØä°€ÈÕ|É|ÜÜ°€À°€À°€À°€À°€À°€À°€À°€À(ÄÐØÜÀ°€ÈÕ|É|Üà°€À°€À°€À°€À°€À°€À°€À°€À(ÄÐØÜÄ°€ÈÕ|É|Üä°€À°€À°€À°€À°€À°€À°€À°€À(ÄÐØÜÈ°€ÈÕ|É|àÀ°€À°€À°€À°€À°€À°€À°€À°€À(ÄÐØÜÌ°€ÈÕ|É|àÄ°€À°€À°€À°€À°€À°€À°€À°€À(ÄÐØÜÐ°€ÈÕ|É|àÈ°€À°€À°€À°€À°€À°€À°€À°€À(ÄÐØÜÔ°€ÈÕ|É|àÌ°€À°€À°€À°€À°€À°€À°€À°€À(ÄÐØÜØ°€ÈÕ|É|àÐ°€À°€À°€À°€À°€À°€À°€À°€À(ÄÐØÜÜ°€ÈÕ|É|àÔ°€À°€À°€À°€À°€À°€À°€À°€À(ÄÐØÜà°€ÈÕ|É|àØ°€À°€À°€À°€À°€À°€À°€À°€À(ÄÐØÜä°€ÈÕ|É|àÜ°€À°€À°€À°€À°€À°€À°€À°€À(ÄÐØàÀ°€ÈÕ|É|àà°€À°€À°€À°€À°€À°€À°€À°€À(ÄÐØàÄ°€ÈÕ|É|àä°€À°€À°€À°€À°€À°€À°€À°€À(ÄÐØàÈ°€ÈÕ|É|äÀ°€À°€À°€À°€À°€À°€À°€À°€À(ÄÐØàÌ°€ÈÕ|É|äÄ°€À°€À°€À°€À°€À°€À°€À°€À(ÄÐØàÐ°€ÈÕ|É|äÈ°€À°€À°€À°€À°€À°€À°€À°€À(ÄÐØàÔ°€ÈÕ|É|äÌ°€À°€À°€À°€À°€À°€À°€À°€À(ÄÐØàØ°€ÈÕ|É|äÐ°€À°€À°€À°€À°€À°€À°€À°€À(ÄÐØàÜ°€ÈÕ|É|äÔ°€À°€À°€À°€À°€À°€À°€À°€À(ÄÐØàà°€ÈÕ|Í|ÀÀ°€À°€À°€À°€À°€À°€À°€À°€À(ÄÐØàä°€ÈÕ|Í|ÀÄ°€À°€À°€À°€À°€À°€À°€À°€À(ÄÐØäÀ°€ÈÕ|Í|ÀÈ°€À°€À°€À°€À°€À°€À°€À°€À(ÄÐØäÄ°€ÈÕ|Í|ÀÌ°€À°€À°€À°€À°€À°€À°€À°€À(ÄÐØäÈ°€ÈÕ|Í|ÀÐ°€À°€À°€À°€À°€À°€À°€À°€À(ÄÐØäÌ°€ÈÕ|Í|ÀÔ°€À°€À°€À°€À°€À°€À°€À°€À(ÄÐØäÐ°€ÈÕ|Í|ÀØ°€À°€À°€À°€À°€À°€À°€À°€À(ÄÐØäÔ°€ÈÕ|Í|ÀÜ°€À°€À°€À°€À°€À°€À°€À°€À(ÄÐØäØ°€ÈÕ|Í|Àà°€À°€À°€À°€À°€À°€À°€À°€À(ÄÐØäÜ°€ÈÕ|Í|Àä°€À°€À°€À°€À°€À°€À°€À°€À(ÄÐØäà°€ÈÕ|Í|ÄÀ°€À°€À°€À°€À°€À°€À°€À°€À(ÄÐØää°€ÈÕ|Í|ÄÄ°€À°€À°€À°€À°€À°€À°€À°€À(ÄÐÜÀÀ°€ÈÕ|Í|ÄÈ°€À°€À°€À°€À°€À°€À°€À°€À(ÄÐÜÀÄ°€ÈÕ|Í|ÄÌ°€À°€À°€À°€À°€À°€À°€À°€À(ÄÐÜÀÈ°€ÈÕ|Í|ÄÐ°€À°€À°€À°€À°€À°€À°€À°€À(ÄÐÜÀÌ°€ÈÕ|Í|ÄÔ°€À°€À°€À°€À°€À°€À°€À°€À(ÄÐÜÀÐ°€ÈÕ|Í|ÄØ°€À°€À°€À°€À°€À°€À°€À°€À(ÄÐÜÀÔ°€ÈÕ|Í|ÄÜ°€À°€À°€À°€À°€À°€À°€À°€À(ÄÐÜÀØ°€ÈÕ|Í|Äà°€À°€À°€À°€À°€À°€À°€À°€À(ÄÐÜÀÜ°€ÈÕ|Í|Ää°€À°€À°€À°€À°€À°€À°€À°€À(ÄÐÜÀà°€ÈÕ|Í|ÈÀ°€À°€À°€À°€À°€À°€À°€À°€À(ÄÐÜÀä°€ÈÕ|Í|ÈÄ°€À°€À°€À°€À°€À°€À°€À°€À(ÄÐÜÄÀ°€ÈÕ|Í|ÈÈ°€À°€À°€À°€À°€À°€À°€À°€À(ÄÐÜÄÄ°€ÈÕ|Í|ÈÌ°€À°€À°€À°€À°€À°€À°€À°€À(ÄÐÜÄÈ°€ÈÕ|Í|ÈÐ°€À°€À°€À°€À°€À°€À°€À°€À(ÄÐÜÄÌ°€ÈÕ|Í|ÈÔ°€À°€À°€À°€À°€À°€À°€À°€À(ÄÐÜÄÐ°€ÈÕ|Í|ÈØ°€À°€À°€À°€À°€À°€À°€À°€À(ÄÐÜÄÔ°€ÈÕ|Í|ÈÜ°€À°€À°€À°€À°€À°€À°€À°€À(ÄÐÜÄØ°€ÈÕ|Í|Èà°€À°€À°€À°€À°€À°€À°€À°€À(ÄÐÜÄÜ°€ÈÕ|Í|Èä°€À°€À°€À°€À°€À°€À°€À°€À(ÄÐÜÄà°€ÈÕ|Í|ÌÀ°€À°€À°€À°€À°€À°€À°€À°€À(ÄÐÜÄä°€ÈÕ|Í|ÌÄ°€À°€À°€À°€À°€À°€À°€À°€À(ÄÐÜÈÀ°€ÈÕ|Í|ÌÈ°€À°€À°€À°€À°€À°€À°€À°€À(ÄÐÜÈÄ°€ÈÕ|Í|ÌÌ°€À°€À°€À°€À°€À°€À°€À°€À(ÄÐÜÈÈ°€ÈÕ|Í|ÌÐ°€À°€À°€À°€À°€À°€À°€À°€À(ÄÐÜÈÌ°€ÈÕ|Í|ÌÔ°€À°€À°€À°€À°€À°€À°€À°€À(ÄÐÜÈÐ°€ÈÕ|Í|ÌØ°€À°€À°€À°€À°€À°€À°€À°€À(ÄÐÜÈÔ°€ÈÕ|Í|ÌÜ°€À°€À°€À°€À°€À°€À°€À°€À(ÄÐÜÈØ°€ÈÕ|Í|Ìà°€À°€À°€À°€À°€À°€À°€À°€À(ÄÐÜÈÜ°€ÈÕ|Í|Ìä°€À°€À°€À°€À°€À°€À°€À°€À(ÄÐÜÈà°€ÈÕ|Í|ÐÀ°€À°€À°€À°€À°€À°€À°€À°€À(ÄÐÜÈä°€ÈÕ|Í|ÐÄ°€À°€À°€À°€À°€À°€À°€À°€À(ÄÐÜÌÀ°€ÈÕ|Í|ÐÈ°€À°€À°€À°€À°€À°€À°€À°€À(ÄÐÜÌÄ°€ÈÕ|Í|ÐÌ°€À°€À°€À°€À°€À°€À°€À°€À(ÄÐÜÌÈ°€ÈÕ|Í|ÐÐ°€À°€À°€À°€À°€À°€À°€À°€À(ÄÐÜÌÌ°€ÈÕ|Í|ÐÔ°€À°€À°€À°€À°€À°€À°€À°€À(ÄÐÜÌÐ°€ÈÕ|Í|ÐØ°€À°€À°€À°€À°€À°€À°€À°€À(ÄÐÜÌÔ°€ÈÕ|Í|ÐÜ°€À°€À°€À°€À°€À°€À°€À°€À(ÄÐÜÌØ°€ÈÕ|Í|Ðà°€À°€À°€À°€À°€À°€À°€À°€À(ÄÐÜÌÜ°€ÈÕ|Í|Ðä°€À°€À°€À°€À°€À°€À°€À°€À(ÄÐÜÌà°€ÈÕ|Í|ÔÀ°€À°€À°€À°€À°€À°€À°€À°€À(ÄÐÜÌä°€ÈÕ|Í|ÔÄ°€À°€À°€À°€À°€À°€À°€À°€À(ÄÐÜÐÀ°€ÈÕ|Í|ÔÈ°€À°€À°€À°€À°€À°€À°€À°€À(ÄÐÜÐÄ°€ÈÕ|Í|ÔÌ°€À°€À°€À°€À°€À°€À°€À°€À(ÄÐÜÐÈ°€ÈÕ|Í|ÔÐ°€À°€À°€À°€À°€À°€À°€À°€À(ÄÐÜÐÌ°€ÈÕ|Í|ÔÔ°€À°€À°€À°€À°€À°€À°€À°€À(ÄÐÜÐÐ°€ÈÕ|Í|ÔØ°€À°€À°€À°€À°€À°€À°€À°€À(ÄÐÜÐÔ°€ÈÕ|Í|ÔÜ°€À°€À°€À°€À°€À°€À°€À°€À(ÄÐÜÐØ°€ÈÕ|Í|Ôà°€À°€À°€À°€À°€À°€À°€À°€À(ÄÐÜÐÜ°€ÈÕ|Í|Ôä°€À°€À°€À°€À°€À°€À°€À°€À(ÄÐÜÐà°€ÈÕ|Í|ØÀ°€À°€À°€À°€À°€À°€À°€À°€À(ÄÐÜÐä°€ÈÕ|Í|ØÄ°€À°€À°€À°€À°€À°€À°€À°€À(ÄÐÜÔÀ°€ÈÕ|Í|ØÈ°€À°€À°€À°€À°€À°€À°€À°€À(ÄÐÜÔÄ°€ÈÕ|Í|ØÌ°€À°€À°€À°€À°€À°€À°€À°€À(ÄÐÜÔÈ°€ÈÕ|Í|ØÐ°€À°€À°€À°€À°€À°€À°€À°€À(ÄÐÜÔÌ°€ÈÕ|Í|ØÔ°€À°€À°€À°€À°€À°€À°€À°€À(ÄÐÜÔÐ°€ÈÕ|Í|ØØ°€À°€À°€À°€À°€À°€À°€À°€À(ÄÐÜÔÔ°€ÈÕ|Í|ØÜ°€À°€À°€À°€À°€À°€À°€À°€À(ÄÐÜÔØ°€ÈÕ|Í|Øà°€À°€À°€À°€À°€À°€À°€À°€À(ÄÐÜÔÜ°€ÈÕ|Í|Øä°€À°€À°€À°€À°€À°€À°€À°€À(ÄÐÜÔà°€ÈÕ|Í|ÜÀ°€À°€À°€À°€À°€À°€À°€À°€À(ÄÐÜÔä°€ÈÕ|Í|ÜÄ°€À°€À°€À°€À°€À°€À°€À°€À(ÄÐÜØÀ°€ÈÕ|Í|ÜÈ°€À°€À°€À°€À°€À°€À°€À°€À(ÄÐÜØÄ°€ÈÕ|Í|ÜÌ°€À°€À°€À°€À°€À°€À°€À°€À(ÄÐÜØÈ°€ÈÕ|Í|ÜÐ°€À°€À°€À°€À°€À°€À°€À°€À(ÄÐÜØÌ°€ÈÕ|Í|ÜÔ°€À°€À°€À°€À°€À°€À°€À°€À(ÄÐÜØÐ°€ÈÕ|Í|ÜØ°€À°€À°€À°€À°€À°€À°€À°€À(ÄÐÜØÔ°€ÈÕ|Í|ÜÜ°€À°€À°€À°€À°€À°€À°€À°€À(ÄÐÜØØ°€ÈÕ|Í|Üà°€À°€À°€À°€À°€À°€À°€À°€À(ÄÐÜØÜ°€ÈÕ|Í|Üä°€À°€À°€À°€À°€À°€À°€À°€À(ÄÐÜØà°€ÈÕ|Í|àÀ°€À°€À°€À°€À°€À°€À°€À°€À(ÄÐÜØä°€ÈÕ|Í|àÄ°€À°€À°€À°€À°€À°€À°€À°€À(ÄÐÜÜÀ°€ÈÕ|Í|àÈ°€À°€À°€À°€À°€À°€À°€À°€À(ÄÐÜÜÄ°€ÈÕ|Í|àÌ°€À°€À°€À°€À°€À°€À°€À°€À(ÄÐÜÜÈ°€ÈÕ|Í|àÐ°€À°€À°€À°€À°€À°€À°€À°€À(ÄÐÜÜÌ°€ÈÕ|Í|àÔ°€À°€À°€À°€À°€À°€À°€À°€À(ÄÐÜÜÐ°€ÈÕ|Í|àØ°€À°€À°€À°€À°€À°€À°€À°€À(ÄÐÜÜÔ°€ÈÕ|Í|àÜ°€À°€À°€À°€À°€À°€À°€À°€À(ÄÐÜÜØ°€ÈÕ|Í|àà°€À°€À°€À°€À°€À°€À°€À°€À(ÄÐÜÜÜ°€ÈÕ|Í|àä°€À°€À°€À°€À°€À°€À°€À°€À(ÄÐÜÜà°€ÈÕ|Í|äÀ°€À°€À°€À°€À°€À°€À°€À°€À(ÄÐÜÜä°€ÈÕ|Í|äÄ°€À°€À°€À°€À°€À°€À°€À°€À(ÄÐÜàÀ°€ÈÕ|Í|äÈ°€À°€À°€À°€À°€À°€À°€À°€À(ÄÐÜàÄ°€ÈÕ|Í|äÌ°€À°€À°€À°€À°€À°€À°€À°€À(ÄÐÜàÈ°€ÈÕ|Í|äÐ°€À°€À°€À°€À°€À°€À°€À°€À(ÄÐÜàÌ°€ÈÕ|Í|äÔ°€À°€À°€À°€À°€À°€À°€À°€À(ÄÐÜàÐ°€ÈÕ|Ñ|ÀÀ°€À°€À°€À°€À°€À°€À°€À°€À(ÄÐÜàÔ°€ÈÕ|Ñ|ÀÄ°€À°€À°€À°€À°€À°€À°€À°€À(ÄÐÜàØ°€ÈÕ|Ñ|ÀÈ°€À°€À°€À°€À°€À°€À°€À°€À(ÄÐÜàÜ°€ÈÕ|Ñ|ÀÌ°€À°€À°€À°€À°€À°€À°€À°€À(ÄÐÜàà°€ÈÕ|Ñ|ÀÐ°€À°€À°€À°€À°€À°€À°€À°€À(ÄÐÜàä°€ÈÕ|Ñ|ÀÔ°€À°€À°€À°€À°€À°€À°€À°€À(ÄÐÜäÀ°€ÈÕ|Ñ|ÀØ°€À°€À°€À°€À°€À°€À°€À°€À(ÄÐÜäÄ°€ÈÕ|Ñ|ÀÜ°€À°€À°€À°€À°€À°€À°€À°€À(ÄÐÜäÈ°€ÈÕ|Ñ|Àà°€À°€À°€À°€À°€À°€À°€À°€À(ÄÐÜäÌ°€ÈÕ|Ñ|Àä°€À°€À°€À°€À°€À°€À°€À°€À(ÄÐÜäÐ°€ÈÕ|Ñ|ÄÀ°€À°€À°€À°€À°€À°€À°€À°€À(ÄÐÜäÔ°€ÈÕ|Ñ|ÄÄ°€À°€À°€À°€À°€À°€À°€À°€À(ÄÐÜäØ°€ÈÕ|Ñ|ÄÈ°€À°€À°€À°€À°€À°€À°€À°€À(ÄÐÜäÜ°€ÈÕ|Ñ|ÄÌ°€À°€À°€À°€À°€À°€À°€À°€À(ÄÐÜäà°€ÈÕ|Ñ|ÄÐ°€À°€À°€À°€À°€À°€À°€À°€À(ÄÐÜää°€ÈÕ|Ñ|ÄÔ°€À°€À°€À°€À°€À°€À°€À°€À(ÄÐàÀÀ°€ÈÕ|Ñ|ÄØ°€À°€À°€À°€À°€À°€À°€À°€À(ÄÐàÀÄ°€ÈÕ|Ñ|ÄÜ°€À°€À°€À°€À°€À°€À°€À°€À(ÄÐàÀÈ°€ÈÕ|Ñ|Äà°€À°€À°€À°€À°€À°€À°€À°€À(ÄÐàÀÌ°€ÈÕ|Ñ|Ää°€À°€À°€À°€À°€À°€À°€À°€À(ÄÐàÀÐ°€ÈÕ|Ñ|ÈÀ°€À°€À°€À°€À°€À°€À°€À°€À(ÄÐàÀÔ°€ÈÕ|Ñ|ÈÄ°€À°€À°€À°€À°€À°€À°€À°€À(ÄÐàÀØ°€ÈÕ|Ñ|ÈÈ°€À°€À°€À°€À°€À°€À°€À°€À(ÄÐàÀÜ°€ÈÕ|Ñ|ÈÌ°€À°€À°€À°€À°€À°€À°€À°€À(ÄÐàÀà°€ÈÕ|Ñ|ÈÐ°€À°€À°€À°€À°€À°€À°€À°€À(ÄÐàÀä°€ÈÕ|Ñ|ÈÔ°€À°€À°€À°€À°€À°€À°€À°€À(ÄÐàÄÀ°€ÈÕ|Ñ|ÈØ°€À°€À°€À°€À°€À°€À°€À°€À(ÄÐàÄÄ°€ÈÕ|Ñ|ÈÜ°€À°€À°€À°€À°€À°€À°€À°€À(ÄÐàÄÈ°€ÈÕ|Ñ|Èà°€À°€À°€À°€À°€À°€À°€À°€À(ÄÐàÄÌ°€ÈÕ|Ñ|Èä°€À°€À°€À°€À°€À°€À°€À°€À(ÄÐàÄÐ°€ÈÕ|Ñ|ÌÀ°€À°€À°€À°€À°€À°€À°€À°€À(ÄÐàÄÔ°€ÈÕ|Ñ|ÌÄ°€À°€À°€À°€À°€À°€À°€À°€À(ÄÐàÄØ°€ÈÕ|Ñ|ÌÈ°€À°€À°€À°€À°€À°€À°€À°€À(ÄÐàÄÜ°€ÈÕ|Ñ|ÌÌ°€À°€À°€À°€À°€À°€À°€À°€À(ÄÐàÄà°€ÈÕ|Ñ|ÌÐ°€À°€À°€À°€À°€À°€À°€À°€À(ÄÐàÄä°€ÈÕ|Ñ|ÌÔ°€À°€À°€À°€À°€À°€À°€À°€À(ÄÐàÈÀ°€ÈÕ|Ñ|ÌØ°€À°€À°€À°€À°€À°€À°€À°€À(ÄÐàÈÄ°€ÈÕ|Ñ|ÌÜ°€À°€À°€À°€À°€À°€À°€À°€À(ÄÐàÈÈ°€ÈÕ|Ñ|Ìà°€À°€À°€À°€À°€À°€À°€À°€À(ÄÐàÈÌ°€ÈÕ|Ñ|Ìä°€À°€À°€À°€À°€À°€À°€À°€À(ÄÐàÈÐ°€ÈÕ|Ñ|ÐÀ°€À°€À°€À°€À°€À°€À°€À°€À(ÄÐàÈÔ°€ÈÕ|Ñ|ÐÄ°€À°€À°€À°€À°€À°€À°€À°€À(ÄÐàÈØ°€ÈÕ|Ñ|ÐÈ°€À°€À°€À°€À°€À°€À°€À°€À(ÄÐàÈÜ°€ÈÕ|Ñ|ÐÌ°€À°€À°€À°€À°€À°€À°€À°€À(ÄÐàÈà°€ÈÕ|Ñ|ÐÐ°€À°€À°€À°€À°€À°€À°€À°€À(ÄÐàÈä°€ÈÕ|Ñ|ÐÔ°€À°€À°€À°€À°€À°€À°€À°€À(ÄÐàÌÀ°€ÈÕ|Ñ|ÐØ°€À°€À°€À°€À°€À°€À°€À°€À(ÄÐàÌÄ°€ÈÕ|Ñ|ÐÜ°€À°€À°€À°€À°€À°€À°€À°€À(ÄÐàÌÈ°€ÈÕ|Ñ|Ðà°€À°€À°€À°€À°€À°€À°€À°€À(ÄÐàÌÌ°€ÈÕ|Ñ|Ðä°€À°€À°€À°€À°€À°€À°€À°€À(ÄÐàÌÐ°€ÈÕ|Ñ|ÔÀ°€À°€À°€À°€À°€À°€À°€À°€À(ÄÐàÌÔ°€ÈÕ|Ñ|ÔÄ°€À°€À°€À°€À°€À°€À°€À°€À(ÄÐàÌØ°€ÈÕ|Ñ|ÔÈ°€À°€À°€À°€À°€À°€À°€À°€À(ÄÐàÌÜ°€ÈÕ|Ñ|ÔÌ°€À°€À°€À°€À°€À°€À°€À°€À(ÄÐàÌà°€ÈÕ|Ñ|ÔÐ°€À°€À°€À°€À°€À°€À°€À°€À(ÄÐàÌä°€ÈÕ|Ñ|ÔÔ°€À°€À°€À°€À°€À°€À°€À°€À(ÄÐàÐÀ°€ÈÕ|Ñ|ÔØ°€À°€À°€À°€À°€À°€À°€À°€À(ÄÐàÐÄ°€ÈÕ|Ñ|ÔÜ°€À°€À°€À°€À°€À°€À°€À°€À(ÄÐàÐÈ°€ÈÕ|Ñ|Ôà°€À°€À°€À°€À°€À°€À°€À°€À(ÄÐàÐÌ°€ÈÕ|Ñ|Ôä°€À°€À°€À°€À°€À°€À°€À°€À(ÄÐàÐÐ°€ÈÕ|Ñ|ØÀ°€À°€À°€À°€À°€À°€À°€À°€À(ÄÐàÐÔ°€ÈÕ|Ñ|ØÄ°€À°€À°€À°€À°€À°€À°€À°€À(ÄÐàÐØ°€ÈÕ|Ñ|ØÈ°€À°€À°€À°€À°€À°€À°€À°€À(ÄÐàÐÜ°€ÈÕ|Ñ|ØÌ°€À°€À°€À°€À°€À°€À°€À°€À(ÄÐàÐà°€ÈÕ|Ñ|ØÐ°€À°€À°€À°€À°€À°€À°€À°€À(ÄÐàÐä°€ÈÕ|Ñ|ØÔ°€À°€À°€À°€À°€À°€À°€À°€À(ÄÐàÔÀ°€ÈÕ|Ñ|ØØ°€À°€À°€À°€À°€À°€À°€À°€À(ÄÐàÔÄ°€ÈÕ|Ñ|ØÜ°€À°€À°€À°€À°€À°€À°€À°€À(ÄÐàÔÈ°€ÈÕ|Ñ|Øà°€À°€À°€À°€À°€À°€À°€À°€À(ÄÐàÔÌ°€ÈÕ|Ñ|Øä°€À°€À°€À°€À°€À°€À°€À°€À(ÄÐàÔÐ°€ÈÕ|Ñ|ÜÀ°€À°€À°€À°€À°€À°€À°€À°€À(ÄÐàÔÔ°€ÈÕ|Ñ|ÜÄ°€À°€À°€À°€À°€À°€À°€À°€À(ÄÐàÔØ°€ÈÕ|Ñ|ÜÈ°€À°€À°€À°€À°€À°€À°€À°€À(ÄÐàÔÜ°€ÈÕ|Ñ|ÜÌ°€À°€À°€À°€À°€À°€À°€À°€À(ÄÐàÔà°€ÈÕ|Ñ|ÜÐ°€À°€À°€À°€À°€À°€À°€À°€À(ÄÐàÔä°€ÈÕ|Ñ|ÜÔ°€À°€À°€À°€À°€À°€À°€À°€À(ÄÐàØÀ°€ÈÕ|Ñ|ÜØ°€À°€À°€À°€À°€À°€À°€À°€À(ÄÐàØÄ°€ÈÕ|Ñ|ÜÜ°€À°€À°€À°€À°€À°€À°€À°€À(ÄÐàØÈ°€ÈÕ|Ñ|Üà°€À°€À°€À°€À°€À°€À°€À°€À(ÄÐàØÌ°€ÈÕ|Ñ|Üä°€À°€À°€À°€À°€À°€À°€À°€À(ÄÐàØÐ°€ÈÕ|Ñ|àÀ°€À°€À°€À°€À°€À°€À°€À°€À(ÄÐàØÔ°€ÈÕ|Ñ|àÄ°€À°€À°€À°€À°€À°€À°€À°€À(ÄÐàØØ°€ÈÕ|Ñ|àÈ°€À°€À°€À°€À°€À°€À°€À°€À(ÄÐàØÜ°€ÈÕ|Ñ|àÌ°€À°€À°€À°€À°€À°€À°€À°€À(ÄÐàØà°€ÈÕ|Ñ|àÐ°€À°€À°€À°€À°€À°€À°€À°€À(ÄÐàØä°€ÈÕ|Ñ|àÔ°€À°€À°€À°€À°€À°€À°€À°€À(ÄÐàÜÀ°€ÈÕ|Ñ|àØ°€À°€À°€À°€À°€À°€À°€À°€À(ÄÐàÜÄ°€ÈÕ|Ñ|àÜ°€À°€À°€À°€À°€À°€À°€À°€À(ÄÐàÜÈ°€ÈÕ|Ñ|àà°€À°€À°€À°€À°€À°€À°€À°€À(ÄÐàÜÌ°€ÈÕ|Ñ|àä°€À°€À°€À°€À°€À°€À°€À°€À(ÄÐàÜÐ°€ÈÕ|Ñ|äÀ°€À°€À°€À°€À°€À°€À°€À°€À(ÄÐàÜÔ°€ÈÕ|Ñ|äÄ°€À°€À°€À°€À°€À°€À°€À°€À(ÄÐàÜØ°€ÈÕ|Ñ|äÈ°€À°€À°€À°€À°€À°€À°€À°€À(ÄÐàÜÜ°€ÈÕ|Ñ|äÌ°€À°€À°€À°€À°€À°€À°€À°€À(ÄÐàÜà°€ÈÕ|Ñ|äÐ°€À°€À°€À°€À°€À°€À°€À°€À(ÄÐàÜä°€ÈÕ|Ñ|äÔ°€À°€À°€À°€À°€À°€À°€À°€À(ÄÐààÀ°€ÈÕ|Õ|ÀÀ°€À°€À°€À°€À°€À°€À°€À°€À(ÄÐààÄ°€ÈÕ|Õ|ÀÄ°€À°€À°€À°€À°€À°€À°€À°€À(ÄÐààÈ°€ÈÕ|Õ|ÀÈ°€À°€À°€À°€À°€À°€À°€À°€À(ÄÐààÌ°€ÈÕ|Õ|ÀÌ°€À°€À°€À°€À°€À°€À°€À°€À(ÄÐààÐ°€ÈÕ|Õ|ÀÐ°€À°€À°€À°€À°€À°€À°€À°€À(ÄÐààÔ°€ÈÕ|Õ|ÀÔ°€À°€À°€À°€À°€À°€À°€À°€À(ÄÐààØ°€ÈÕ|Õ|ÀØ°€À°€À°€À°€À°€À°€À°€À°€À(ÄÐààÜ°€ÈÕ|Õ|ÀÜ°€À°€À°€À°€À°€À°€À°€À°€À(ÄÐààà°€ÈÕ|Õ|Àà°€À°€À°€À°€À°€À°€À°€À°€À(ÄÐààä°€ÈÕ|Õ|Àä°€À°€À°€À°€À°€À°€À°€À°€À(ÄÐàäÀ°€ÈÕ|Õ|ÄÀ°€À°€À°€À°€À°€À°€À°€À°€À(ÄÐàäÄ°€ÈÕ|Õ|ÄÄ°€À°€À°€À°€À°€À°€À°€À°€À(ÄÐàäÈ°€ÈÕ|Õ|ÄÈ°€À°€À°€À°€À°€À°€À°€À°€À(ÄÐàäÌ°€ÈÕ|Õ|ÄÌ°€À°€À°€À°€À°€À°€À°€À°€À(ÄÐàäÐ°€ÈÕ|Õ|ÄÐ°€À°€À°€À°€À°€À°€À°€À°€À(ÄÐàäÔ°€ÈÕ|Õ|ÄÔ°€À°€À°€À°€À°€À°€À°€À°€À(ÄÐàäØ°€ÈÕ|Õ|ÄØ°€À°€À°€À°€À°€À°€À°€À°€À(ÄÐàäÜ°€ÈÕ|Õ|ÄÜ°€À°€À°€À°€À°€À°€À°€À°€À(ÄÐàäà°€ÈÕ|Õ|Äà°€À°€À°€À°€À°€À°€À°€À°€À(ÄÐàää°€ÈÕ|Õ|Ää°€À°€À°€À°€À°€À°€À°€À°€À(ÄÐäÀÀ°€ÈÕ|Õ|ÈÀ°€À°€À°€À°€À°€À°€À°€À°€À(ÄÐäÀÄ°€ÈÕ|Õ|ÈÄ°€À°€À°€À°€À°€À°€À°€À°€À(ÄÐäÀÈ°€ÈÕ|Õ|ÈÈ°€À°€À°€À°€À°€À°€À°€À°€À(ÄÐäÀÌ°€ÈÕ|Õ|ÈÌ°€À°€À°€À°€À°€À°€À°€À°€À(ÄÐäÀÐ°€ÈÕ|Õ|ÈÐ°€À°€À°€À°€À°€À°€À°€À°€À(ÄÐäÀÔ°€ÈÕ|Õ|ÈÔ°€À°€À°€À°€À°€À°€À°€À°€À(ÄÐäÀØ°€ÈÕ|Õ|ÈØ°€À°€À°€À°€À°€À°€À°€À°€À(ÄÐäÀÜ°€ÈÕ|Õ|ÈÜ°€À°€À°€À°€À°€À°€À°€À°€À(ÄÐäÀà°€ÈÕ|Õ|Èà°€À°€À°€À°€À°€À°€À°€À°€À(ÄÐäÀä°€ÈÕ|Õ|Èä°€À°€À°€À°€À°€À°€À°€À°€À(ÄÐäÄÀ°€ÈÕ|Õ|ÌÀ°€À°€À°€À°€À°€À°€À°€À°€À(ÄÐäÄÄ°€ÈÕ|Õ|ÌÄ°€À°€À°€À°€À°€À°€À°€À°€À(ÄÐäÄÈ°€ÈÕ|Õ|ÌÈ°€À°€À°€À°€À°€À°€À°€À°€À(ÄÐäÄÌ°€ÈÕ|Õ|ÌÌ°€À°€À°€À°€À°€À°€À°€À°€À(ÄÐäÄÐ°€ÈÕ|Õ|ÌÐ°€À°€À°€À°€À°€À°€À°€À°€À(ÄÐäÄÔ°€ÈÕ|Õ|ÌÔ°€À°€À°€À°€À°€À°€À°€À°€À(ÄÐäÄØ°€ÈÕ|Õ|ÌØ°€À°€À°€À°€À°€À°€À°€À°€À(ÄÐäÄÜ°€ÈÕ|Õ|ÌÜ°€À°€À°€À°€À°€À°€À°€À°€À(ÄÐäÄà°€ÈÕ|Õ|Ìà°€À°€À°€À°€À°€À°€À°€À°€À(ÄÐäÄä°€ÈÕ|Õ|Ìä°€À°€À°€À°€À°€À°€À°€À°€À(ÄÐäÈÀ°€ÈÕ|Õ|ÐÀ°€À°€À°€À°€À°€À°€À°€À°€À(ÄÐäÈÄ°€ÈÕ|Õ|ÐÄ°€À°€À°€À°€À°€À°€À°€À°€À(ÄÐäÈÈ°€ÈÕ|Õ|ÐÈ°€À°€À°€À°€À°€À°€À°€À°€À(ÄÐäÈÌ°€ÈÕ|Õ|ÐÌ°€À°€À°€À°€À°€À°€À°€À°€À(ÄÐäÈÐ°€ÈÕ|Õ|ÐÐ°€À°€À°€À°€À°€À°€À°€À°€À(ÄÐäÈÔ°€ÈÕ|Õ|ÐÔ°€À°€À°€À°€À°€À°€À°€À°€À(ÄÐäÈØ°€ÈÕ|Õ|ÐØ°€À°€À°€À°€À°€À°€À°€À°€À(ÄÐäÈÜ°€ÈÕ|Õ|ÐÜ°€À°€À°€À°€À°€À°€À°€À°€À(ÄÐäÈà°€ÈÕ|Õ|Ðà°€À°€À°€À°€À°€À°€À°€À°€À(ÄÐäÈä°€ÈÕ|Õ|Ðä°€À°€À°€À°€À°€À°€À°€À°€À(ÄÐäÌÀ°€ÈÕ|Õ|ÔÀ°€À°€À°€À°€À°€À°€À°€À°€À(ÄÐäÌÄ°€ÈÕ|Õ|ÔÄ°€À°€À°€À°€À°€À°€À°€À°€À(ÄÐäÌÈ°€ÈÕ|Õ|ÔÈ°€À°€À°€À°€À°€À°€À°€À°€À(ÄÐäÌÌ°€ÈÕ|Õ|ÔÌ°€À°€À°€À°€À°€À°€À°€À°€À(ÄÐäÌÐ°€ÈÕ|Õ|ÔÐ°€À°€À°€À°€À°€À°€À°€À°€À(ÄÐäÌÔ°€ÈÕ|Õ|ÔÔ°€À°€À°€À°€À°€À°€À°€À°€À(ÄÐäÌØ°€ÈÕ|Õ|ÔØ°€À°€À°€À°€À°€À°€À°€À°€À(ÄÐäÌÜ°€ÈÕ|Õ|ÔÜ°€À°€À°€À°€À°€À°€À°€À°€À(ÄÐäÌà°€ÈÕ|Õ|Ôà°€À°€À°€À°€À°€À°€À°€À°€À(ÄÐäÌä°€ÈÕ|Õ|Ôä°€À°€À°€À°€À°€À°€À°€À°€À(ÄÐäÐÀ°€ÈÕ|Õ|ØÀ°€À°€À°€À°€À°€À°€À°€À°€À(ÄÐäÐÄ°€ÈÕ|Õ|ØÄ°€À°€À°€À°€À°€À°€À°€À°€À(ÄÐäÐÈ°€ÈÕ|Õ|ØÈ°€À°€À°€À°€À°€À°€À°€À°€À(ÄÐäÐÌ°€ÈÕ|Õ|ØÌ°€À°€À°€À°€À°€À°€À°€À°€À(ÄÐäÐÐ°€ÈÕ|Õ|ØÐ°€À°€À°€À°€À°€À°€À°€À°€À(ÄÐäÐÔ°€ÈÕ|Õ|ØÔ°€À°€À°€À°€À°€À°€À°€À°€À(ÄÐäÐØ°€ÈÕ|Õ|ØØ°€À°€À°€À°€À°€À°€À°€À°€À(ÄÐäÐÜ°€ÈÕ|Õ|ØÜ°€À°€À°€À°€À°€À°€À°€À°€À(ÄÐäÐà°€ÈÕ|Õ|Øà°€À°€À°€À°€À°€À°€À°€À°€À(ÄÐäÐä°€ÈÕ|Õ|Øä°€À°€À°€À°€À°€À°€À°€À°€À(ÄÐäÔÀ°€ÈÕ|Õ|ÜÀ°€À°€À°€À°€À°€À°€À°€À°€À(ÄÐäÔÄ°€ÈÕ|Õ|ÜÄ°€À°€À°€À°€À°€À°€À°€À°€À(ÄÐäÔÈ°€ÈÕ|Õ|ÜÈ°€À°€À°€À°€À°€À°€À°€À°€À(ÄÐäÔÌ°€ÈÕ|Õ|ÜÌ°€À°€À°€À°€À°€À°€À°€À°€À(ÄÐäÔÐ°€ÈÕ|Õ|ÜÐ°€À°€À°€À°€À°€À°€À°€À°€À(ÄÐäÔÔ°€ÈÕ|Õ|ÜÔ°€À°€À°€À°€À°€À°€À°€À°€À(ÄÐäÔØ°€ÈÕ|Õ|ÜØ°€À°€À°€À°€À°€À°€À°€À°€À(ÄÐäÔÜ°€ÈÕ|Õ|ÜÜ°€À°€À°€À°€À°€À°€À°€À°€À(ÄÐäÔà°€ÈÕ|Õ|Üà°€À°€À°€À°€À°€À°€À°€À°€À(ÄÐäÔä°€ÈÕ|Õ|Üä°€À°€À°€À°€À°€À°€À°€À°€À(ÄÐäØÀ°€ÈÕ|Õ|àÀ°€À°€À°€À°€À°€À°€À°€À°€À(ÄÐäØÄ°€ÈÕ|Õ|àÄ°€À°€À°€À°€À°€À°€À°€À°€À(ÄÐäØÈ°€ÈÕ|Õ|àÈ°€À°€À°€À°€À°€À°€À°€À°€À(ÄÐäØÌ°€ÈÕ|Õ|àÌ°€À°€À°€À°€À°€À°€À°€À°€À(ÄÐäØÐ°€ÈÕ|Õ|àÐ°€À°€À°€À°€À°€À°€À°€À°€À(ÄÐäØÔ°€ÈÕ|Õ|àÔ°€À°€À°€À°€À°€À°€À°€À°€À(ÄÐäØØ°€ÈÕ|Õ|àØ°€À°€À°€À°€À°€À°€À°€À°€À(ÄÐäØÜ°€ÈÕ|Õ|àÜ°€À°€À°€À°€À°€À°€À°€À°€À(ÄÐäØà°€ÈÕ|Õ|àà°€À°€À°€À°€À°€À°€À°€À°€À(ÄÐäØä°€ÈÕ|Õ|àä°€À°€À°€À°€À°€À°€À°€À°€À(ÄÐäÜÀ°€ÈÕ|Õ|äÀ°€À°€À°€À°€À°€À°€À°€À°€À(ÄÐäÜÄ°€ÈÕ|Õ|äÄ°€À°€À°€À°€À°€À°€À°€À°€À(ÄÐäÜÈ°€ÈÕ|Õ|äÈ°€À°€À°€À°€À°€À°€À°€À°€À(ÄÐäÜÌ°€ÈÕ|Õ|äÌ°€À°€À°€À°€À°€À°€À°€À°€À(ÄÐäÜÐ°€ÈÕ|Õ|äÐ°€À°€À°€À°€À°€À°€À°€À°€À(ÄÐäÜÔ°€ÈÕ|Õ|äÔ°€À°€À°€À°€À°€À°€À°€À°€À(ÄÐäÜØ°€ÈÙ|Á|ÀÀ°€À°€À°€À°€À°€À°€À°€À°€À(ÄÐäÜÜ°€ÈÙ|Á|ÀÄ°€À°€À°€À°€À°€À°€À°€À°€À(ÄÐäÜà°€ÈÙ|Á|ÀÈ°€À°€À°€À°€À°€À°€À°€À°€À(ÄÐäÜä°€ÈÙ|Á|ÀÌ°€À°€À°€À°€À°€À°€À°€À°€À(ÄÐäàÀ°€ÈÙ|Á|ÀÐ°€À°€À°€À°€À°€À°€À°€À°€À(ÄÐäàÄ°€ÈÙ|Á|ÀÔ°€À°€À°€À°€À°€À°€À°€À°€À(ÄÐäàÈ°€ÈÙ|Á|ÀØ°€À°€À°€À°€À°€À°€À°€À°€À(ÄÐäàÌ°€ÈÙ|Á|ÀÜ°€À°€À°€À°€À°€À°€À°€À°€À(ÄÐäàÐ°€ÈÙ|Á|Àà°€À°€À°€À°€À°€À°€À°€À°€À(ÄÐäàÔ°€ÈÙ|Á|Àä°€À°€À°€À°€À°€À°€À°€À°€À(ÄÐäàØ°€ÈÙ|Á|ÄÀ°€À°€À°€À°€À°€À°€À°€À°€À(ÄÐäàÜ°€ÈÙ|Á|ÄÄ°€À°€À°€À°€À°€À°€À°€À°€À(ÄÐäàà°€ÈÙ|Á|ÄÈ°€À°€À°€À°€À°€À°€À°€À°€À(ÄÐäàä°€ÈÙ|Á|ÄÌ°€À°€À°€À°€À°€À°€À°€À°€À(ÄÐääÀ°€ÈÙ|Á|ÄÐ°€À°€À°€À°€À°€À°€À°€À°€À(ÄÐääÄ°€ÈÙ|Á|ÄÔ°€À°€À°€À°€À°€À°€À°€À°€À(ÄÐääÈ°€ÈÙ|Á|ÄØ°€À°€À°€À°€À°€À°€À°€À°€À(ÄÐääÌ°€ÈÙ|Á|ÄÜ°€À°€À°€À°€À°€À°€À°€À°€À(ÄÐääÐ°€ÈÙ|Á|Äà°€À°€À°€À°€À°€À°€À°€À°€À(ÄÐääÔ°€ÈÙ|Á|Ää°€À°€À°€À°€À°€À°€À°€À°€À(ÄÐääØ°€ÈÙ|Á|ÈÀ°€À°€À°€À°€À°€À°€À°€À°€À(ÄÐääÜ°€ÈÙ|Á|ÈÄ°€À°€À°€À°€À°€À°€À°€À°€À(ÄÐääà°€ÈÙ|Á|ÈÈ°€À°€À°€À°€À°€À°€À°€À°€À(ÄÐäää°€ÈÙ|Á|ÈÌ°€À°€À°€À°€À°€À°€À°€À°€À(ÄÔÀÀÀ°€ÈÙ|Á|ÈÐ°€À°€À°€À°€À°€À°€À°€À°€À(ÄÔÀÀÄ°€ÈÙ|Á|ÈÔ°€À°€À°€À°€À°€À°€À°€À°€À(ÄÔÀÀÈ°€ÈÙ|Á|ÈØ°€À°€À°€À°€À°€À°€À°€À°€À(ÄÔÀÀÌ°€ÈÙ|Á|ÈÜ°€À°€À°€À°€À°€À°€À°€À°€À(ÄÔÀÀÐ°€ÈÙ|Á|Èà°€À°€À°€À°€À°€À°€À°€À°€À(ÄÔÀÀÔ°€ÈÙ|Á|Èä°€À°€À°€À°€À°€À°€À°€À°€À(ÄÔÀÀØ°€ÈÙ|Á|ÌÀ°€À°€À°€À°€À°€À°€À°€À°€À(ÄÔÀÀÜ°€ÈÙ|Á|ÌÄ°€À°€À°€À°€À°€À°€À°€À°€À(ÄÔÀÀà°€ÈÙ|Á|ÌÈ°€À°€À°€À°€À°€À°€À°€À°€À(ÄÔÀÀä°€ÈÙ|Á|ÌÌ°€À°€À°€À°€À°€À°€À°€À°€À(ÄÔÀÄÀ°€ÈÙ|Á|ÌÐ°€À°€À°€À°€À°€À°€À°€À°€À(ÄÔÀÄÄ°€ÈÙ|Á|ÌÔ°€À°€À°€À°€À°€À°€À°€À°€À(ÄÔÀÄÈ°€ÈÙ|Á|ÌØ°€À°€À°€À°€À°€À°€À°€À°€À(ÄÔÀÄÌ°€ÈÙ|Á|ÌÜ°€À°€À°€À°€À°€À°€À°€À°€À(ÄÔÀÄÐ°€ÈÙ|Á|Ìà°€À°€À°€À°€À°€À°€À°€À°€À(ÄÔÀÄÔ°€ÈÙ|Á|Ìä°€À°€À°€À°€À°€À°€À°€À°€À(ÄÔÀÄØ°€ÈÙ|Á|ÐÀ°€À°€À°€À°€À°€À°€À°€À°€À(ÄÔÀÄÜ°€ÈÙ|Á|ÐÄ°€À°€À°€À°€À°€À°€À°€À°€À(ÄÔÀÄà°€ÈÙ|Á|ÐÈ°€À°€À°€À°€À°€À°€À°€À°€À(ÄÔÀÄä°€ÈÙ|Á|ÐÌ°€À°€À°€À°€À°€À°€À°€À°€À(ÄÔÀÈÀ°€ÈÙ|Á|ÐÐ°€À°€À°€À°€À°€À°€À°€À°€À(ÄÔÀÈÄ°€ÈÙ|Á|ÐÔ°€À°€À°€À°€À°€À°€À°€À°€À(ÄÔÀÈÈ°€ÈÙ|Á|ÐØ°€À°€À°€À°€À°€À°€À°€À°€À(ÄÔÀÈÌ°€ÈÙ|Á|ÐÜ°€À°€À°€À°€À°€À°€À°€À°€À(ÄÔÀÈÐ°€ÈÙ|Á|Ðà°€À°€À°€À°€À°€À°€À°€À°€À(ÄÔÀÈÔ°€ÈÙ|Á|Ðä°€À°€À°€À°€À°€À°€À°€À°€À(ÄÔÀÈØ°€ÈÙ|Á|ÔÀ°€À°€À°€À°€À°€À°€À°€À°€À(ÄÔÀÈÜ°€ÈÙ|Á|ÔÄ°€À°€À°€À°€À°€À°€À°€À°€À(ÄÔÀÈà°€ÈÙ|Á|ÔÈ°€À°€À°€À°€À°€À°€À°€À°€À(ÄÔÀÈä°€ÈÙ|Á|ÔÌ°€À°€À°€À°€À°€À°€À°€À°€À(ÄÔÀÌÀ°€ÈÙ|Á|ÔÐ°€À°€À°€À°€À°€À°€À°€À°€À(ÄÔÀÌÄ°€ÈÙ|Á|ÔÔ°€À°€À°€À°€À°€À°€À°€À°€À(ÄÔÀÌÈ°€ÈÙ|Á|ÔØ°€À°€À°€À°€À°€À°€À°€À°€À(ÄÔÀÌÌ°€ÈÙ|Á|ÔÜ°€À°€À°€À°€À°€À°€À°€À°€À(ÄÔÀÌÐ°€ÈÙ|Á|Ôà°€À°€À°€À°€À°€À°€À°€À°€À(ÄÔÀÌÔ°€ÈÙ|Á|Ôä°€À°€À°€À°€À°€À°€À°€À°€À(ÄÔÀÌØ°€ÈÙ|Á|ØÀ°€À°€À°€À°€À°€À°€À°€À°€À(ÄÔÀÌÜ°€ÈÙ|Á|ØÄ°€À°€À°€À°€À°€À°€À°€À°€À(ÄÔÀÌà°€ÈÙ|Á|ØÈ°€À°€À°€À°€À°€À°€À°€À°€À(ÄÔÀÌä°€ÈÙ|Á|ØÌ°€À°€À°€À°€À°€À°€À°€À°€À(ÄÔÀÐÀ°€ÈÙ|Á|ØÐ°€À°€À°€À°€À°€À°€À°€À°€À(ÄÔÀÐÄ°€ÈÙ|Á|ØÔ°€À°€À°€À°€À°€À°€À°€À°€À(ÄÔÀÐÈ°€ÈÙ|Á|ØØ°€À°€À°€À°€À°€À°€À°€À°€À(ÄÔÀÐÌ°€ÈÙ|Á|ØÜ°€À°€À°€À°€À°€À°€À°€À°€À(ÄÔÀÐÐ°€ÈÙ|Á|Øà°€À°€À°€À°€À°€À°€À°€À°€À(ÄÔÀÐÔ°€ÈÙ|Á|Øä°€À°€À°€À°€À°€À°€À°€À°€À(ÄÔÀÐØ°€ÈÙ|Á|ÜÀ°€À°€À°€À°€À°€À°€À°€À°€À(ÄÔÀÐÜ°€ÈÙ|Á|ÜÄ°€À°€À°€À°€À°€À°€À°€À°€À(ÄÔÀÐà°€ÈÙ|Á|ÜÈ°€À°€À°€À°€À°€À°€À°€À°€À(ÄÔÀÐä°€ÈÙ|Á|ÜÌ°€À°€À°€À°€À°€À°€À°€À°€À(ÄÔÀÔÀ°€ÈÙ|Á|ÜÐ°€À°€À°€À°€À°€À°€À°€À°€À(ÄÔÀÔÄ°€ÈÙ|Á|ÜÔ°€À°€À°€À°€À°€À°€À°€À°€À(ÄÔÀÔÈ°€ÈÙ|Á|ÜØ°€À°€À°€À°€À°€À°€À°€À°€À(ÄÔÀÔÌ°€ÈÙ|Á|ÜÜ°€À°€À°€À°€À°€À°€À°€À°€À(ÄÔÀÔÐ°€ÈÙ|Á|Üà°€À°€À°€À°€À°€À°€À°€À°€À(ÄÔÀÔÔ°€ÈÙ|Á|Üä°€À°€À°€À°€À°€À°€À°€À°€À(ÄÔÀÔØ°€ÈÙ|Á|àÀ°€À°€À°€À°€À°€À°€À°€À°€À(ÄÔÀÔÜ°€ÈÙ|Á|àÄ°€À°€À°€À°€À°€À°€À°€À°€À(ÄÔÀÔà°€ÈÙ|Á|àÈ°€À°€À°€À°€À°€À°€À°€À°€À(ÄÔÀÔä°€ÈÙ|Á|àÌ°€À°€À°€À°€À°€À°€À°€À°€À(ÄÔÀØÀ°€ÈÙ|Á|àÐ°€À°€À°€À°€À°€À°€À°€À°€À(ÄÔÀØÄ°€ÈÙ|Á|àÔ°€À°€À°€À°€À°€À°€À°€À°€À(ÄÔÀØÈ°€ÈÙ|Á|àØ°€À°€À°€À°€À°€À°€À°€À°€À(ÄÔÀØÌ°€ÈÙ|Á|àÜ°€À°€À°€À°€À°€À°€À°€À°€À(ÄÔÀØÐ°€ÈÙ|Á|àà°€À°€À°€À°€À°€À°€À°€À°€À(ÄÔÀØÔ°€ÈÙ|Á|àä°€À°€À°€À°€À°€À°€À°€À°€À(ÄÔÀØØ°€ÈÙ|Á|äÀ°€À°€À°€À°€À°€À°€À°€À°€À(ÄÔÀØÜ°€ÈÙ|Á|äÄ°€À°€À°€À°€À°€À°€À°€À°€À(ÄÔÀØà°€ÈÙ|Á|äÈ°€À°€À°€À°€À°€À°€À°€À°€À(ÄÔÀØä°€ÈÙ|Á|äÌ°€À°€À°€À°€À°€À°€À°€À°€À(ÄÔÀÜÀ°€ÈÙ|Á|äÐ°€À°€À°€À°€À°€À°€À°€À°€À(ÄÔÀÜÄ°€ÈÙ|Á|äÔ°€À°€À°€À°€À°€À°€À°€À°€À(ÄÔÀÜÈ°€ÈÙ|Å|ÀÀ°€À°€À°€À°€À°€À°€À°€À°€À(ÄÔÀÜÌ°€ÈÙ|Å|ÀÄ°€À°€À°€À°€À°€À°€À°€À°€À(ÄÔÀÜÐ°€ÈÙ|Å|ÀÈ°€À°€À°€À°€À°€À°€À°€À°€À(ÄÔÀÜÔ°€ÈÙ|Å|ÀÌ°€À°€À°€À°€À°€À°€À°€À°€À(ÄÔÀÜØ°€ÈÙ|Å|ÀÐ°€À°€À°€À°€À°€À°€À°€À°€À(ÄÔÀÜÜ°€ÈÙ|Å|ÀÔ°€À°€À°€À°€À°€À°€À°€À°€À(ÄÔÀÜà°€ÈÙ|Å|ÀØ°€À°€À°€À°€À°€À°€À°€À°€À(ÄÔÀÜä°€ÈÙ|Å|ÀÜ°€À°€À°€À°€À°€À°€À°€À°€À(ÄÔÀàÀ°€ÈÙ|Å|Àà°€À°€À°€À°€À°€À°€À°€À°€À(ÄÔÀàÄ°€ÈÙ|Å|Àä°€À°€À°€À°€À°€À°€À°€À°€À(ÄÔÀàÈ°€ÈÙ|Å|ÄÀ°€À°€À°€À°€À°€À°€À°€À°€À(ÄÔÀàÌ°€ÈÙ|Å|ÄÄ°€À°€À°€À°€À°€À°€À°€À°€À(ÄÔÀàÐ°€ÈÙ|Å|ÄÈ°€À°€À°€À°€À°€À°€À°€À°€À(ÄÔÀàÔ°€ÈÙ|Å|ÄÌ°€À°€À°€À°€À°€À°€À°€À°€À(ÄÔÀàØ°€ÈÙ|Å|ÄÐ°€À°€À°€À°€À°€À°€À°€À°€À(ÄÔÀàÜ°€ÈÙ|Å|ÄÔ°€À°€À°€À°€À°€À°€À°€À°€À(ÄÔÀàà°€ÈÙ|Å|ÄØ°€À°€À°€À°€À°€À°€À°€À°€À(ÄÔÀàä°€ÈÙ|Å|ÄÜ°€À°€À°€À°€À°€À°€À°€À°€À(ÄÔÀäÀ°€ÈÙ|Å|Äà°€À°€À°€À°€À°€À°€À°€À°€À(ÄÔÀäÄ°€ÈÙ|Å|Ää°€À°€À°€À°€À°€À°€À°€À°€À(ÄÔÀäÈ°€ÈÙ|Å|ÈÀ°€À°€À°€À°€À°€À°€À°€À°€À(ÄÔÀäÌ°€ÈÙ|Å|ÈÄ°€À°€À°€À°€À°€À°€À°€À°€À(ÄÔÀäÐ°€ÈÙ|Å|ÈÈ°€À°€À°€À°€À°€À°€À°€À°€À(ÄÔÀäÔ°€ÈÙ|Å|ÈÌ°€À°€À°€À°€À°€À°€À°€À°€À(ÄÔÀäØ°€ÈÙ|Å|ÈÐ°€À°€À°€À°€À°€À°€À°€À°€À(ÄÔÀäÜ°€ÈÙ|Å|ÈÔ°€À°€À°€À°€À°€À°€À°€À°€À(ÄÔÀäà°€ÈÙ|Å|ÈØ°€À°€À°€À°€À°€À°€À°€À°€À(ÄÔÀää°€ÈÙ|Å|ÈÜ°€À°€À°€À°€À°€À°€À°€À°€À(ÄÔÄÀÀ°€ÈÙ|Å|Èà°€À°€À°€À°€À°€À°€À°€À°€À(ÄÔÄÀÄ°€ÈÙ|Å|Èä°€À°€À°€À°€À°€À°€À°€À°€À(ÄÔÄÀÈ°€ÈÙ|Å|ÌÀ°€À°€À°€À°€À°€À°€À°€À°€À(ÄÔÄÀÌ°€ÈÙ|Å|ÌÄ°€À°€À°€À°€À°€À°€À°€À°€À(ÄÔÄÀÐ°€ÈÙ|Å|ÌÈ°€À°€À°€À°€À°€À°€À°€À°€À(ÄÔÄÀÔ°€ÈÙ|Å|ÌÌ°€À°€À°€À°€À°€À°€À°€À°€À(ÄÔÄÀØ°€ÈÙ|Å|ÌÐ°€À°€À°€À°€À°€À°€À°€À°€À(ÄÔÄÀÜ°€ÈÙ|Å|ÌÔ°€À°€À°€À°€À°€À°€À°€À°€À(ÄÔÄÀà°€ÈÙ|Å|ÌØ°€À°€À°€À°€À°€À°€À°€À°€À(ÄÔÄÀä°€ÈÙ|Å|ÌÜ°€À°€À°€À°€À°€À°€À°€À°€À(ÄÔÄÄÀ°€ÈÙ|Å|Ìà°€À°€À°€À°€À°€À°€À°€À°€À(ÄÔÄÄÄ°€ÈÙ|Å|Ìä°€À°€À°€À°€À°€À°€À°€À°€À(ÄÔÄÄÈ°€ÈÙ|Å|ÐÀ°€À°€À°€À°€À°€À°€À°€À°€À(ÄÔÄÄÌ°€ÈÙ|Å|ÐÄ°€À°€À°€À°€À°€À°€À°€À°€À(ÄÔÄÄÐ°€ÈÙ|Å|ÐÈ°€À°€À°€À°€À°€À°€À°€À°€À(ÄÔÄÄÔ°€ÈÙ|Å|ÐÌ°€À°€À°€À°€À°€À°€À°€À°€À(ÄÔÄÄØ°€ÈÙ|Å|ÐÐ°€À°€À°€À°€À°€À°€À°€À°€À(ÄÔÄÄÜ°€ÈÙ|Å|ÐÔ°€À°€À°€À°€À°€À°€À°€À°€À(ÄÔÄÄà°€ÈÙ|Å|ÐØ°€À°€À°€À°€À°€À°€À°€À°€À(ÄÔÄÄä°€ÈÙ|Å|ÐÜ°€À°€À°€À°€À°€À°€À°€À°€À(ÄÔÄÈÀ°€ÈÙ|Å|Ðà°€À°€À°€À°€À°€À°€À°€À°€À(ÄÔÄÈÄ°€ÈÙ|Å|Ðä°€À°€À°€À°€À°€À°€À°€À°€À(ÄÔÄÈÈ°€ÈÙ|Å|ÔÀ°€À°€À°€À°€À°€À°€À°€À°€À(ÄÔÄÈÌ°€ÈÙ|Å|ÔÄ°€À°€À°€À°€À°€À°€À°€À°€À(ÄÔÄÈÐ°€ÈÙ|Å|ÔÈ°€À°€À°€À°€À°€À°€À°€À°€À(ÄÔÄÈÔ°€ÈÙ|Å|ÔÌ°€À°€À°€À°€À°€À°€À°€À°€À(ÄÔÄÈØ°€ÈÙ|Å|ÔÐ°€À°€À°€À°€À°€À°€À°€À°€À(ÄÔÄÈÜ°€ÈÙ|Å|ÔÔ°€À°€À°€À°€À°€À°€À°€À°€À(ÄÔÄÈà°€ÈÙ|Å|ÔØ°€À°€À°€À°€À°€À°€À°€À°€À(ÄÔÄÈä°€ÈÙ|Å|ÔÜ°€À°€À°€À°€À°€À°€À°€À°€À(ÄÔÄÌÀ°€ÈÙ|Å|Ôà°€À°€À°€À°€À°€À°€À°€À°€À(ÄÔÄÌÄ°€ÈÙ|Å|Ôä°€À°€À°€À°€À°€À°€À°€À°€À(ÄÔÄÌÈ°€ÈÙ|Å|ØÀ°€À°€À°€À°€À°€À°€À°€À°€À(ÄÔÄÌÌ°€ÈÙ|Å|ØÄ°€À°€À°€À°€À°€À°€À°€À°€À(ÄÔÄÌÐ°€ÈÙ|Å|ØÈ°€À°€À°€À°€À°€À°€À°€À°€À(ÄÔÄÌÔ°€ÈÙ|Å|ØÌ°€À°€À°€À°€À°€À°€À°€À°€À(ÄÔÄÌØ°€ÈÙ|Å|ØÐ°€À°€À°€À°€À°€À°€À°€À°€À(ÄÔÄÌÜ°€ÈÙ|Å|ØÔ°€À°€À°€À°€À°€À°€À°€À°€À(ÄÔÄÌà°€ÈÙ|Å|ØØ°€À°€À°€À°€À°€À°€À°€À°€À(ÄÔÄÌä°€ÈÙ|Å|ØÜ°€À°€À°€À°€À°€À°€À°€À°€À(ÄÔÄÐÀ°€ÈÙ|Å|Øà°€À°€À°€À°€À°€À°€À°€À°€À(ÄÔÄÐÄ°€ÈÙ|Å|Øä°€À°€À°€À°€À°€À°€À°€À°€À(ÄÔÄÐÈ°€ÈÙ|Å|ÜÀ°€À°€À°€À°€À°€À°€À°€À°€À(ÄÔÄÐÌ°€ÈÙ|Å|ÜÄ°€À°€À°€À°€À°€À°€À°€À°€À(ÄÔÄÐÐ°€ÈÙ|Å|ÜÈ°€À°€À°€À°€À°€À°€À°€À°€À(ÄÔÄÐÔ°€ÈÙ|Å|ÜÌ°€À°€À°€À°€À°€À°€À°€À°€À(ÄÔÄÐØ°€ÈÙ|Å|ÜÐ°€À°€À°€À°€À°€À°€À°€À°€À(ÄÔÄÐÜ°€ÈÙ|Å|ÜÔ°€À°€À°€À°€À°€À°€À°€À°€À(ÄÔÄÐà°€ÈÙ|Å|ÜØ°€À°€À°€À°€À°€À°€À°€À°€À(ÄÔÄÐä°€ÈÙ|Å|ÜÜ°€À°€À°€À°€À°€À°€À°€À°€À(ÄÔÄÔÀ°€ÈÙ|Å|Üà°€À°€À°€À°€À°€À°€À°€À°€À(ÄÔÄÔÄ°€ÈÙ|Å|Üä°€À°€À°€À°€À°€À°€À°€À°€À(ÄÔÄÔÈ°€ÈÙ|Å|àÀ°€À°€À°€À°€À°€À°€À°€À°€À(ÄÔÄÔÌ°€ÈÙ|Å|àÄ°€À°€À°€À°€À°€À°€À°€À°€À(ÄÔÄÔÐ°€ÈÙ|Å|àÈ°€À°€À°€À°€À°€À°€À°€À°€À(ÄÔÄÔÔ°€ÈÙ|Å|àÌ°€À°€À°€À°€À°€À°€À°€À°€À(ÄÔÄÔØ°€ÈÙ|Å|àÐ°€À°€À°€À°€À°€À°€À°€À°€À(ÄÔÄÔÜ°€ÈÙ|Å|àÔ°€À°€À°€À°€À°€À°€À°€À°€À(ÄÔÄÔà°€ÈÙ|Å|àØ°€À°€À°€À°€À°€À°€À°€À°€À(ÄÔÄÔä°€ÈÙ|Å|àÜ°€À°€À°€À°€À°€À°€À°€À°€À(ÄÔÄØÀ°€ÈÙ|Å|àà°€À°€À°€À°€À°€À°€À°€À°€À(ÄÔÄØÄ°€ÈÙ|Å|àä°€À°€À°€À°€À°€À°€À°€À°€À(ÄÔÄØÈ°€ÈÙ|Å|äÀ°€À°€À°€À°€À°€À°€À°€À°€À(ÄÔÄØÌ°€ÈÙ|Å|äÄ°€À°€À°€À°€À°€À°€À°€À°€À(ÄÔÄØÐ°€ÈÙ|Å|äÈ°€À°€À°€À°€À°€À°€À°€À°€À(ÄÔÄØÔ°€ÈÙ|Å|äÌ°€À°€À°€À°€À°€À°€À°€À°€À(ÄÔÄØØ°€ÈÙ|Å|äÐ°€À°€À°€À°€À°€À°€À°€À°€À(ÄÔÄØÜ°€ÈÙ|Å|äÔ°€À°€À°€À°€À°€À°€À°€À°€À(ÄÔÄØà°€ÈÙ|É|ÀÀ°€À°€À°€À°€À°€À°€À°€À°€À(ÄÔÄØä°€ÈÙ|É|ÀÄ°€À°€À°€À°€À°€À°€À°€À°€À(ÄÔÄÜÀ°€ÈÙ|É|ÀÈ°€À°€À°€À°€À°€À°€À°€À°€À(ÄÔÄÜÄ°€ÈÙ|É|ÀÌ°€À°€À°€À°€À°€À°€À°€À°€À(ÄÔÄÜÈ°€ÈÙ|É|ÀÐ°€À°€À°€À°€À°€À°€À°€À°€À(ÄÔÄÜÌ°€ÈÙ|É|ÀÔ°€À°€À°€À°€À°€À°€À°€À°€À(ÄÔÄÜÐ°€ÈÙ|É|ÀØ°€À°€À°€À°€À°€À°€À°€À°€À(ÄÔÄÜÔ°€ÈÙ|É|ÀÜ°€À°€À°€À°€À°€À°€À°€À°€À(ÄÔÄÜØ°€ÈÙ|É|Àà°€À°€À°€À°€À°€À°€À°€À°€À(ÄÔÄÜÜ°€ÈÙ|É|Àä°€À°€À°€À°€À°€À°€À°€À°€À(ÄÔÄÜà°€ÈÙ|É|ÄÀ°€À°€À°€À°€À°€À°€À°€À°€À(ÄÔÄÜä°€ÈÙ|É|ÄÄ°€À°€À°€À°€À°€À°€À°€À°€À(ÄÔÄàÀ°€ÈÙ|É|ÄÈ°€À°€À°€À°€À°€À°€À°€À°€À(ÄÔÄàÄ°€ÈÙ|É|ÄÌ°€À°€À°€À°€À°€À°€À°€À°€À(ÄÔÄàÈ°€ÈÙ|É|ÄÐ°€À°€À°€À°€À°€À°€À°€À°€À(ÄÔÄàÌ°€ÈÙ|É|ÄÔ°€À°€À°€À°€À°€À°€À°€À°€À(ÄÔÄàÐ°€ÈÙ|É|ÄØ°€À°€À°€À°€À°€À°€À°€À°€À(ÄÔÄàÔ°€ÈÙ|É|ÄÜ°€À°€À°€À°€À°€À°€À°€À°€À(ÄÔÄàØ°€ÈÙ|É|Äà°€À°€À°€À°€À°€À°€À°€À°€À(ÄÔÄàÜ°€ÈÙ|É|Ää°€À°€À°€À°€À°€À°€À°€À°€À(ÄÔÄàà°€ÈÙ|É|ÈÀ°€À°€À°€À°€À°€À°€À°€À°€À(ÄÔÄàä°€ÈÙ|É|ÈÄ°€À°€À°€À°€À°€À°€À°€À°€À(ÄÔÄäÀ°€ÈÙ|É|ÈÈ°€À°€À°€À°€À°€À°€À°€À°€À(ÄÔÄäÄ°€ÈÙ|É|ÈÌ°€À°€À°€À°€À°€À°€À°€À°€À(ÄÔÄäÈ°€ÈÙ|É|ÈÐ°€À°€À°€À°€À°€À°€À°€À°€À(ÄÔÄäÌ°€ÈÙ|É|ÈÔ°€À°€À°€À°€À°€À°€À°€À°€À(ÄÔÄäÐ°€ÈÙ|É|ÈØ°€À°€À°€À°€À°€À°€À°€À°€À(ÄÔÄäÔ°€ÈÙ|É|ÈÜ°€À°€À°€À°€À°€À°€À°€À°€À(ÄÔÄäØ°€ÈÙ|É|Èà°€À°€À°€À°€À°€À°€À°€À°€À(ÄÔÄäÜ°€ÈÙ|É|Èä°€À°€À°€À°€À°€À°€À°€À°€À(ÄÔÄäà°€ÈÙ|É|ÌÀ°€À°€À°€À°€À°€À°€À°€À°€À(ÄÔÄää°€ÈÙ|É|ÌÄ°€À°€À°€À°€À°€À°€À°€À°€À(ÄÔÈÀÀ°€ÈÙ|É|ÌÈ°€À°€À°€À°€À°€À°€À°€À°€À(ÄÔÈÀÄ°€ÈÙ|É|ÌÌ°€À°€À°€À°€À°€À°€À°€À°€À(ÄÔÈÀÈ°€ÈÙ|É|ÌÐ°€À°€À°€À°€À°€À°€À°€À°€À(ÄÔÈÀÌ°€ÈÙ|É|ÌÔ°€À°€À°€À°€À°€À°€À°€À°€À(ÄÔÈÀÐ°€ÈÙ|É|ÌØ°€À°€À°€À°€À°€À°€À°€À°€À(ÄÔÈÀÔ°€ÈÙ|É|ÌÜ°€À°€À°€À°€À°€À°€À°€À°€À(ÄÔÈÀØ°€ÈÙ|É|Ìà°€À°€À°€À°€À°€À°€À°€À°€À(ÄÔÈÀÜ°€ÈÙ|É|Ìä°€À°€À°€À°€À°€À°€À°€À°€À(ÄÔÈÀà°€ÈÙ|É|ÐÀ°€À°€À°€À°€À°€À°€À°€À°€À(ÄÔÈÀä°€ÈÙ|É|ÐÄ°€À°€À°€À°€À°€À°€À°€À°€À(ÄÔÈÄÀ°€ÈÙ|É|ÐÈ°€À°€À°€À°€À°€À°€À°€À°€À(ÄÔÈÄÄ°€ÈÙ|É|ÐÌ°€À°€À°€À°€À°€À°€À°€À°€À(ÄÔÈÄÈ°€ÈÙ|É|ÐÐ°€À°€À°€À°€À°€À°€À°€À°€À(ÄÔÈÄÌ°€ÈÙ|É|ÐÔ°€À°€À°€À°€À°€À°€À°€À°€À(ÄÔÈÄÐ°€ÈÙ|É|ÐØ°€À°€À°€À°€À°€À°€À°€À°€À(ÄÔÈÄÔ°€ÈÙ|É|ÐÜ°€À°€À°€À°€À°€À°€À°€À°€À(ÄÔÈÄØ°€ÈÙ|É|Ðà°€À°€À°€À°€À°€À°€À°€À°€À(ÄÔÈÄÜ°€ÈÙ|É|Ðä°€À°€À°€À°€À°€À°€À°€À°€À(ÄÔÈÄà°€ÈÙ|É|ÔÀ°€À°€À°€À°€À°€À°€À°€À°€À(ÄÔÈÄä°€ÈÙ|É|ÔÄ°€À°€À°€À°€À°€À°€À°€À°€À(ÄÔÈÈÀ°€ÈÙ|É|ÔÈ°€À°€À°€À°€À°€À°€À°€À°€À(ÄÔÈÈÄ°€ÈÙ|É|ÔÌ°€À°€À°€À°€À°€À°€À°€À°€À(ÄÔÈÈÈ°€ÈÙ|É|ÔÐ°€À°€À°€À°€À°€À°€À°€À°€À(ÄÔÈÈÌ°€ÈÙ|É|ÔÔ°€À°€À°€À°€À°€À°€À°€À°€À(ÄÔÈÈÐ°€ÈÙ|É|ÔØ°€À°€À°€À°€À°€À°€À°€À°€À(ÄÔÈÈÔ°€ÈÙ|É|ÔÜ°€À°€À°€À°€À°€À°€À°€À°€À(ÄÔÈÈØ°€ÈÙ|É|Ôà°€À°€À°€À°€À°€À°€À°€À°€À(ÄÔÈÈÜ°€ÈÙ|É|Ôä°€À°€À°€À°€À°€À°€À°€À°€À(ÄÔÈÈà°€ÈÙ|É|ØÀ°€À°€À°€À°€À°€À°€À°€À°€À(ÄÔÈÈä°€ÈÙ|É|ØÄ°€À°€À°€À°€À°€À°€À°€À°€À(ÄÔÈÌÀ°€ÈÙ|É|ØÈ°€À°€À°€À°€À°€À°€À°€À°€À(ÄÔÈÌÄ°€ÈÙ|É|ØÌ°€À°€À°€À°€À°€À°€À°€À°€À(ÄÔÈÌÈ°€ÈÙ|É|ØÐ°€À°€À°€À°€À°€À°€À°€À°€À(ÄÔÈÌÌ°€ÈÙ|É|ØÔ°€À°€À°€À°€À°€À°€À°€À°€À(ÄÔÈÌÐ°€ÈÙ|É|ØØ°€À°€À°€À°€À°€À°€À°€À°€À(ÄÔÈÌÔ°€ÈÙ|É|ØÜ°€À°€À°€À°€À°€À°€À°€À°€À(ÄÔÈÌØ°€ÈÙ|É|Øà°€À°€À°€À°€À°€À°€À°€À°€À(ÄÔÈÌÜ°€ÈÙ|É|Øä°€À°€À°€À°€À°€À°€À°€À°€À(ÄÔÈÌà°€ÈÙ|É|ÜÀ°€À°€À°€À°€À°€À°€À°€À°€À(ÄÔÈÌä°€ÈÙ|É|ÜÄ°€À°€À°€À°€À°€À°€À°€À°€À(ÄÔÈÐÀ°€ÈÙ|É|ÜÈ°€À°€À°€À°€À°€À°€À°€À°€À(ÄÔÈÐÄ°€ÈÙ|É|ÜÌ°€À°€À°€À°€À°€À°€À°€À°€À(ÄÔÈÐÈ°€ÈÙ|É|ÜÐ°€À°€À°€À°€À°€À°€À°€À°€À(ÄÔÈÐÌ°€ÈÙ|É|ÜÔ°€À°€À°€À°€À°€À°€À°€À°€À(ÄÔÈÐÐ°€ÈÙ|É|ÜØ°€À°€À°€À°€À°€À°€À°€À°€À(ÄÔÈÐÔ°€ÈÙ|É|ÜÜ°€À°€À°€À°€À°€À°€À°€À°€À(ÄÔÈÐØ°€ÈÙ|É|Üà°€À°€À°€À°€À°€À°€À°€À°€À(ÄÔÈÐÜ°€ÈÙ|É|Üä°€À°€À°€À°€À°€À°€À°€À°€À(ÄÔÈÐà°€ÈÙ|É|àÀ°€À°€À°€À°€À°€À°€À°€À°€À(ÄÔÈÐä°€ÈÙ|É|àÄ°€À°€À°€À°€À°€À°€À°€À°€À(ÄÔÈÔÀ°€ÈÙ|É|àÈ°€À°€À°€À°€À°€À°€À°€À°€À(ÄÔÈÔÄ°€ÈÙ|É|àÌ°€À°€À°€À°€À°€À°€À°€À°€À(ÄÔÈÔÈ°€ÈÙ|É|àÐ°€À°€À°€À°€À°€À°€À°€À°€À(ÄÔÈÔÌ°€ÈÙ|É|àÔ°€À°€À°€À°€À°€À°€À°€À°€À(ÄÔÈÔÐ°€ÈÙ|É|àØ°€À°€À°€À°€À°€À°€À°€À°€À(ÄÔÈÔÔ°€ÈÙ|É|àÜ°€À°€À°€À°€À°€À°€À°€À°€À(ÄÔÈÔØ°€ÈÙ|É|àà°€À°€À°€À°€À°€À°€À°€À°€À(ÄÔÈÔÜ°€ÈÙ|É|àä°€À°€À°€À°€À°€À°€À°€À°€À(ÄÔÈÔà°€ÈÙ|É|äÀ°€À°€À°€À°€À°€À°€À°€À°€À(ÄÔÈÔä°€ÈÙ|É|äÄ°€À°€À°€À°€À°€À°€À°€À°€À(ÄÔÈØÀ°€ÈÙ|É|äÈ°€À°€À°€À°€À°€À°€À°€À°€À(ÄÔÈØÄ°€ÈÙ|É|äÌ°€À°€À°€À°€À°€À°€À°€À°€À(ÄÔÈØÈ°€ÈÙ|É|äÐ°€À°€À°€À°€À°€À°€À°€À°€À(ÄÔÈØÌ°€ÈÙ|É|äÔ°€À°€À°€À°€À°€À°€À°€À°€À(ÄÔÈØÐ°€ÈÙ|Í|ÀÀ°€À°€À°€À°€À°€À°€À°€À°€À(ÄÔÈØÔ°€ÈÙ|Í|ÀÄ°€À°€À°€À°€À°€À°€À°€À°€À(ÄÔÈØØ°€ÈÙ|Í|ÀÈ°€À°€À°€À°€À°€À°€À°€À°€À(ÄÔÈØÜ°€ÈÙ|Í|ÀÌ°€À°€À°€À°€À°€À°€À°€À°€À(ÄÔÈØà°€ÈÙ|Í|ÀÐ°€À°€À°€À°€À°€À°€À°€À°€À(ÄÔÈØä°€ÈÙ|Í|ÀÔ°€À°€À°€À°€À°€À°€À°€À°€À(ÄÔÈÜÀ°€ÈÙ|Í|ÀØ°€À°€À°€À°€À°€À°€À°€À°€À(ÄÔÈÜÄ°€ÈÙ|Í|ÀÜ°€À°€À°€À°€À°€À°€À°€À°€À(ÄÔÈÜÈ°€ÈÙ|Í|Àà°€À°€À°€À°€À°€À°€À°€À°€À(ÄÔÈÜÌ°€ÈÙ|Í|Àä°€À°€À°€À°€À°€À°€À°€À°€À(ÄÔÈÜÐ°€ÈÙ|Í|ÄÀ°€À°€À°€À°€À°€À°€À°€À°€À(ÄÔÈÜÔ°€ÈÙ|Í|ÄÄ°€À°€À°€À°€À°€À°€À°€À°€À(ÄÔÈÜØ°€ÈÙ|Í|ÄÈ°€À°€À°€À°€À°€À°€À°€À°€À(ÄÔÈÜÜ°€ÈÙ|Í|ÄÌ°€À°€À°€À°€À°€À°€À°€À°€À(ÄÔÈÜà°€ÈÙ|Í|ÄÐ°€À°€À°€À°€À°€À°€À°€À°€À(ÄÔÈÜä°€ÈÙ|Í|ÄÔ°€À°€À°€À°€À°€À°€À°€À°€À(ÄÔÈàÀ°€ÈÙ|Í|ÄØ°€À°€À°€À°€À°€À°€À°€À°€À(ÄÔÈàÄ°€ÈÙ|Í|ÄÜ°€À°€À°€À°€À°€À°€À°€À°€À(ÄÔÈàÈ°€ÈÙ|Í|Äà°€À°€À°€À°€À°€À°€À°€À°€À(ÄÔÈàÌ°€ÈÙ|Í|Ää°€À°€À°€À°€À°€À°€À°€À°€À(ÄÔÈàÐ°€ÈÙ|Í|ÈÀ°€À°€À°€À°€À°€À°€À°€À°€À(ÄÔÈàÔ°€ÈÙ|Í|ÈÄ°€À°€À°€À°€À°€À°€À°€À°€À(ÄÔÈàØ°€ÈÙ|Í|ÈÈ°€À°€À°€À°€À°€À°€À°€À°€À(ÄÔÈàÜ°€ÈÙ|Í|ÈÌ°€À°€À°€À°€À°€À°€À°€À°€À(ÄÔÈàà°€ÈÙ|Í|ÈÐ°€À°€À°€À°€À°€À°€À°€À°€À(ÄÔÈàä°€ÈÙ|Í|ÈÔ°€À°€À°€À°€À°€À°€À°€À°€À(ÄÔÈäÀ°€ÈÙ|Í|ÈØ°€À°€À°€À°€À°€À°€À°€À°€À(ÄÔÈäÄ°€ÈÙ|Í|ÈÜ°€À°€À°€À°€À°€À°€À°€À°€À(ÄÔÈäÈ°€ÈÙ|Í|Èà°€À°€À°€À°€À°€À°€À°€À°€À(ÄÔÈäÌ°€ÈÙ|Í|Èä°€À°€À°€À°€À°€À°€À°€À°€À(ÄÔÈäÐ°€ÈÙ|Í|ÌÀ°€À°€À°€À°€À°€À°€À°€À°€À(ÄÔÈäÔ°€ÈÙ|Í|ÌÄ°€À°€À°€À°€À°€À°€À°€À°€À(ÄÔÈäØ°€ÈÙ|Í|ÌÈ°€À°€À°€À°€À°€À°€À°€À°€À(ÄÔÈäÜ°€ÈÙ|Í|ÌÌ°€À°€À°€À°€À°€À°€À°€À°€À(ÄÔÈäà°€ÈÙ|Í|ÌÐ°€À°€À°€À°€À°€À°€À°€À°€À(ÄÔÈää°€ÈÙ|Í|ÌÔ°€À°€À°€À°€À°€À°€À°€À°€À(ÄÔÌÀÀ°€ÈÙ|Í|ÌØ°€À°€À°€À°€À°€À°€À°€À°€À(ÄÔÌÀÄ°€ÈÙ|Í|ÌÜ°€À°€À°€À°€À°€À°€À°€À°€À(ÄÔÌÀÈ°€ÈÙ|Í|Ìà°€À°€À°€À°€À°€À°€À°€À°€À(ÄÔÌÀÌ°€ÈÙ|Í|Ìä°€À°€À°€À°€À°€À°€À°€À°€À(ÄÔÌÀÐ°€ÈÙ|Í|ÐÀ°€À°€À°€À°€À°€À°€À°€À°€À(ÄÔÌÀÔ°€ÈÙ|Í|ÐÄ°€À°€À°€À°€À°€À°€À°€À°€À(ÄÔÌÀØ°€ÈÙ|Í|ÐÈ°€À°€À°€À°€À°€À°€À°€À°€À(ÄÔÌÀÜ°€ÈÙ|Í|ÐÌ°€À°€À°€À°€À°€À°€À°€À°€À(ÄÔÌÀà°€ÈÙ|Í|ÐÐ°€À°€À°€À°€À°€À°€À°€À°€À(ÄÔÌÀä°€ÈÙ|Í|ÐÔ°€À°€À°€À°€À°€À°€À°€À°€À(ÄÔÌÄÀ°€ÈÙ|Í|ÐØ°€À°€À°€À°€À°€À°€À°€À°€À(ÄÔÌÄÄ°€ÈÙ|Í|ÐÜ°€À°€À°€À°€À°€À°€À°€À°€À(ÄÔÌÄÈ°€ÈÙ|Í|Ðà°€À°€À°€À°€À°€À°€À°€À°€À(ÄÔÌÄÌ°€ÈÙ|Í|Ðä°€À°€À°€À°€À°€À°€À°€À°€À(ÄÔÌÄÐ°€ÈÙ|Í|ÔÀ°€À°€À°€À°€À°€À°€À°€À°€À(ÄÔÌÄÔ°€ÈÙ|Í|ÔÄ°€À°€À°€À°€À°€À°€À°€À°€À(ÄÔÌÄØ°€ÈÙ|Í|ÔÈ°€À°€À°€À°€À°€À°€À°€À°€À(ÄÔÌÄÜ°€ÈÙ|Í|ÔÌ°€À°€À°€À°€À°€À°€À°€À°€À(ÄÔÌÄà°€ÈÙ|Í|ÔÐ°€À°€À°€À°€À°€À°€À°€À°€À(ÄÔÌÄä°€ÈÙ|Í|ÔÔ°€À°€À°€À°€À°€À°€À°€À°€À(ÄÔÌÈÀ°€ÈÙ|Í|ÔØ°€À°€À°€À°€À°€À°€À°€À°€À(ÄÔÌÈÄ°€ÈÙ|Í|ÔÜ°€À°€À°€À°€À°€À°€À°€À°€À(ÄÔÌÈÈ°€ÈÙ|Í|Ôà°€À°€À°€À°€À°€À°€À°€À°€À(ÄÔÌÈÌ°€ÈÙ|Í|Ôä°€À°€À°€À°€À°€À°€À°€À°€À(ÄÔÌÈÐ°€ÈÙ|Í|ØÀ°€À°€À°€À°€À°€À°€À°€À°€À(ÄÔÌÈÔ°€ÈÙ|Í|ØÄ°€À°€À°€À°€À°€À°€À°€À°€À(ÄÔÌÈØ°€ÈÙ|Í|ØÈ°€À°€À°€À°€À°€À°€À°€À°€À(ÄÔÌÈÜ°€ÈÙ|Í|ØÌ°€À°€À°€À°€À°€À°€À°€À°€À(ÄÔÌÈà°€ÈÙ|Í|ØÐ°€À°€À°€À°€À°€À°€À°€À°€À(ÄÔÌÈä°€ÈÙ|Í|ØÔ°€À°€À°€À°€À°€À°€À°€À°€À(ÄÔÌÌÀ°€ÈÙ|Í|ØØ°€À°€À°€À°€À°€À°€À°€À°€À(ÄÔÌÌÄ°€ÈÙ|Í|ØÜ°€À°€À°€À°€À°€À°€À°€À°€À(ÄÔÌÌÈ°€ÈÙ|Í|Øà°€À°€À°€À°€À°€À°€À°€À°€À(ÄÔÌÌÌ°€ÈÙ|Í|Øä°€À°€À°€À°€À°€À°€À°€À°€À(ÄÔÌÌÐ°€ÈÙ|Í|ÜÀ°€À°€À°€À°€À°€À°€À°€À°€À(ÄÔÌÌÔ°€ÈÙ|Í|ÜÄ°€À°€À°€À°€À°€À°€À°€À°€À(ÄÔÌÌØ°€ÈÙ|Í|ÜÈ°€À°€À°€À°€À°€À°€À°€À°€À(ÄÔÌÌÜ°€ÈÙ|Í|ÜÌ°€À°€À°€À°€À°€À°€À°€À°€À(ÄÔÌÌà°€ÈÙ|Í|ÜÐ°€À°€À°€À°€À°€À°€À°€À°€À(ÄÔÌÌä°€ÈÙ|Í|ÜÔ°€À°€À°€À°€À°€À°€À°€À°€À(ÄÔÌÐÀ°€ÈÙ|Í|ÜØ°€À°€À°€À°€À°€À°€À°€À°€À(ÄÔÌÐÄ°€ÈÙ|Í|ÜÜ°€À°€À°€À°€À°€À°€À°€À°€À(ÄÔÌÐÈ°€ÈÙ|Í|Üà°€À°€À°€À°€À°€À°€À°€À°€À(ÄÔÌÐÌ°€ÈÙ|Í|Üä°€À°€À°€À°€À°€À°€À°€À°€À(ÄÔÌÐÐ°€ÈÙ|Í|àÀ°€À°€À°€À°€À°€À°€À°€À°€À(ÄÔÌÐÔ°€ÈÙ|Í|àÄ°€À°€À°€À°€À°€À°€À°€À°€À(ÄÔÌÐØ°€ÈÙ|Í|àÈ°€À°€À°€À°€À°€À°€À°€À°€À(ÄÔÌÐÜ°€ÈÙ|Í|àÌ°€À°€À°€À°€À°€À°€À°€À°€À(ÄÔÌÐà°€ÈÙ|Í|àÐ°€À°€À°€À°€À°€À°€À°€À°€À(ÄÔÌÐä°€ÈÙ|Í|àÔ°€À°€À°€À°€À°€À°€À°€À°€À(ÄÔÌÔÀ°€ÈÙ|Í|àØ°€À°€À°€À°€À°€À°€À°€À°€À(ÄÔÌÔÄ°€ÈÙ|Í|àÜ°€À°€À°€À°€À°€À°€À°€À°€À(ÄÔÌÔÈ°€ÈÙ|Í|àà°€À°€À°€À°€À°€À°€À°€À°€À(ÄÔÌÔÌ°€ÈÙ|Í|àä°€À°€À°€À°€À°€À°€À°€À°€À(ÄÔÌÔÐ°€ÈÙ|Í|äÀ°€À°€À°€À°€À°€À°€À°€À°€À(ÄÔÌÔÔ°€ÈÙ|Í|äÄ°€À°€À°€À°€À°€À°€À°€À°€À(ÄÔÌÔØ°€ÈÙ|Í|äÈ°€À°€À°€À°€À°€À°€À°€À°€À(ÄÔÌÔÜ°€ÈÙ|Í|äÌ°€À°€À°€À°€À°€À°€À°€À°€À(ÄÔÌÔà°€ÈÙ|Í|äÐ°€À°€À°€À°€À°€À°€À°€À°€À(ÄÔÌÔä°€ÈÙ|Í|äÔ°€À°€À°€À°€À°€À°€À°€À°€À(ÄÔÌØÀ°€ÈÙ|Ñ|ÀÀ°€À°€À°€À°€À°€À°€À°€À°€À(ÄÔÌØÄ°€ÈÙ|Ñ|ÀÄ°€À°€À°€À°€À°€À°€À°€À°€À(ÄÔÌØÈ°€ÈÙ|Ñ|ÀÈ°€À°€À°€À°€À°€À°€À°€À°€À(ÄÔÌØÌ°€ÈÙ|Ñ|ÀÌ°€À°€À°€À°€À°€À°€À°€À°€À(ÄÔÌØÐ°€ÈÙ|Ñ|ÀÐ°€À°€À°€À°€À°€À°€À°€À°€À(ÄÔÌØÔ°€ÈÙ|Ñ|ÀÔ°€À°€À°€À°€À°€À°€À°€À°€À(ÄÔÌØØ°€ÈÙ|Ñ|ÀØ°€À°€À°€À°€À°€À°€À°€À°€À(ÄÔÌØÜ°€ÈÙ|Ñ|ÀÜ°€À°€À°€À°€À°€À°€À°€À°€À(ÄÔÌØà°€ÈÙ|Ñ|Àà°€À°€À°€À°€À°€À°€À°€À°€À(ÄÔÌØä°€ÈÙ|Ñ|Àä°€À°€À°€À°€À°€À°€À°€À°€À(ÄÔÌÜÀ°€ÈÙ|Ñ|ÄÀ°€À°€À°€À°€À°€À°€À°€À°€À(ÄÔÌÜÄ°€ÈÙ|Ñ|ÄÄ°€À°€À°€À°€À°€À°€À°€À°€À(ÄÔÌÜÈ°€ÈÙ|Ñ|ÄÈ°€À°€À°€À°€À°€À°€À°€À°€À(ÄÔÌÜÌ°€ÈÙ|Ñ|ÄÌ°€À°€À°€À°€À°€À°€À°€À°€À(ÄÔÌÜÐ°€ÈÙ|Ñ|ÄÐ°€À°€À°€À°€À°€À°€À°€À°€À(ÄÔÌÜÔ°€ÈÙ|Ñ|ÄÔ°€À°€À°€À°€À°€À°€À°€À°€À(ÄÔÌÜØ°€ÈÙ|Ñ|ÄØ°€À°€À°€À°€À°€À°€À°€À°€À(ÄÔÌÜÜ°€ÈÙ|Ñ|ÄÜ°€À°€À°€À°€À°€À°€À°€À°€À(ÄÔÌÜà°€ÈÙ|Ñ|Äà°€À°€À°€À°€À°€À°€À°€À°€À(ÄÔÌÜä°€ÈÙ|Ñ|Ää°€À°€À°€À°€À°€À°€À°€À°€À(ÄÔÌàÀ°€ÈÙ|Ñ|ÈÀ°€À°€À°€À°€À°€À°€À°€À°€À(ÄÔÌàÄ°€ÈÙ|Ñ|ÈÄ°€À°€À°€À°€À°€À°€À°€À°€À(ÄÔÌàÈ°€ÈÙ|Ñ|ÈÈ°€À°€À°€À°€À°€À°€À°€À°€À(ÄÔÌàÌ°€ÈÙ|Ñ|ÈÌ°€À°€À°€À°€À°€À°€À°€À°€À(ÄÔÌàÐ°€ÈÙ|Ñ|ÈÐ°€À°€À°€À°€À°€À°€À°€À°€À(ÄÔÌàÔ°€ÈÙ|Ñ|ÈÔ°€À°€À°€À°€À°€À°€À°€À°€À(ÄÔÌàØ°€ÈÙ|Ñ|ÈØ°€À°€À°€À°€À°€À°€À°€À°€À(ÄÔÌàÜ°€ÈÙ|Ñ|ÈÜ°€À°€À°€À°€À°€À°€À°€À°€À(ÄÔÌàà°€ÈÙ|Ñ|Èà°€À°€À°€À°€À°€À°€À°€À°€À(ÄÔÌàä°€ÈÙ|Ñ|Èä°€À°€À°€À°€À°€À°€À°€À°€À(ÄÔÌäÀ°€ÈÙ|Ñ|ÌÀ°€À°€À°€À°€À°€À°€À°€À°€À(ÄÔÌäÄ°€ÈÙ|Ñ|ÌÄ°€À°€À°€À°€À°€À°€À°€À°€À(ÄÔÌäÈ°€ÈÙ|Ñ|ÌÈ°€À°€À°€À°€À°€À°€À°€À°€À(ÄÔÌäÌ°€ÈÙ|Ñ|ÌÌ°€À°€À°€À°€À°€À°€À°€À°€À(ÄÔÌäÐ°€ÈÙ|Ñ|ÌÐ°€À°€À°€À°€À°€À°€À°€À°€À(ÄÔÌäÔ°€ÈÙ|Ñ|ÌÔ°€À°€À°€À°€À°€À°€À°€À°€À(ÄÔÌäØ°€ÈÙ|Ñ|ÌØ°€À°€À°€À°€À°€À°€À°€À°€À(ÄÔÌäÜ°€ÈÙ|Ñ|ÌÜ°€À°€À°€À°€À°€À°€À°€À°€À(ÄÔÌäà°€ÈÙ|Ñ|Ìà°€À°€À°€À°€À°€À°€À°€À°€À(ÄÔÌää°€ÈÙ|Ñ|Ìä°€À°€À°€À°€À°€À°€À°€À°€À(ÄÔÐÀÀ°€ÈÙ|Ñ|ÐÀ°€À°€À°€À°€À°€À°€À°€À°€À(ÄÔÐÀÄ°€ÈÙ|Ñ|ÐÄ°€À°€À°€À°€À°€À°€À°€À°€À(ÄÔÐÀÈ°€ÈÙ|Ñ|ÐÈ°€À°€À°€À°€À°€À°€À°€À°€À(ÄÔÐÀÌ°€ÈÙ|Ñ|ÐÌ°€À°€À°€À°€À°€À°€À°€À°€À(ÄÔÐÀÐ°€ÈÙ|Ñ|ÐÐ°€À°€À°€À°€À°€À°€À°€À°€À(ÄÔÐÀÔ°€ÈÙ|Ñ|ÐÔ°€À°€À°€À°€À°€À°€À°€À°€À(ÄÔÐÀØ°€ÈÙ|Ñ|ÐØ°€À°€À°€À°€À°€À°€À°€À°€À(ÄÔÐÀÜ°€ÈÙ|Ñ|ÐÜ°€À°€À°€À°€À°€À°€À°€À°€À(ÄÔÐÀà°€ÈÙ|Ñ|Ðà°€À°€À°€À°€À°€À°€À°€À°€À(ÄÔÐÀä°€ÈÙ|Ñ|Ðä°€À°€À°€À°€À°€À°€À°€À°€À(ÄÔÐÄÀ°€ÈÙ|Ñ|ÔÀ°€À°€À°€À°€À°€À°€À°€À°€À(ÄÔÐÄÄ°€ÈÙ|Ñ|ÔÄ°€À°€À°€À°€À°€À°€À°€À°€À(ÄÔÐÄÈ°€ÈÙ|Ñ|ÔÈ°€À°€À°€À°€À°€À°€À°€À°€À(ÄÔÐÄÌ°€ÈÙ|Ñ|ÔÌ°€À°€À°€À°€À°€À°€À°€À°€À(ÄÔÐÄÐ°€ÈÙ|Ñ|ÔÐ°€À°€À°€À°€À°€À°€À°€À°€À(ÄÔÐÄÔ°€ÈÙ|Ñ|ÔÔ°€À°€À°€À°€À°€À°€À°€À°€À(ÄÔÐÄØ°€ÈÙ|Ñ|ÔØ°€À°€À°€À°€À°€À°€À°€À°€À(ÄÔÐÄÜ°€ÈÙ|Ñ|ÔÜ°€À°€À°€À°€À°€À°€À°€À°€À(ÄÔÐÄà°€ÈÙ|Ñ|Ôà°€À°€À°€À°€À°€À°€À°€À°€À(ÄÔÐÄä°€ÈÙ|Ñ|Ôä°€À°€À°€À°€À°€À°€À°€À°€À(ÄÔÐÈÀ°€ÈÙ|Ñ|ØÀ°€À°€À°€À°€À°€À°€À°€À°€À(ÄÔÐÈÄ°€ÈÙ|Ñ|ØÄ°€À°€À°€À°€À°€À°€À°€À°€À(ÄÔÐÈÈ°€ÈÙ|Ñ|ØÈ°€À°€À°€À°€À°€À°€À°€À°€À(ÄÔÐÈÌ°€ÈÙ|Ñ|ØÌ°€À°€À°€À°€À°€À°€À°€À°€À(ÄÔÐÈÐ°€ÈÙ|Ñ|ØÐ°€À°€À°€À°€À°€À°€À°€À°€À(ÄÔÐÈÔ°€ÈÙ|Ñ|ØÔ°€À°€À°€À°€À°€À°€À°€À°€À(ÄÔÐÈØ°€ÈÙ|Ñ|ØØ°€À°€À°€À°€À°€À°€À°€À°€À(ÄÔÐÈÜ°€ÈÙ|Ñ|ØÜ°€À°€À°€À°€À°€À°€À°€À°€À(ÄÔÐÈà°€ÈÙ|Ñ|Øà°€À°€À°€À°€À°€À°€À°€À°€À(ÄÔÐÈä°€ÈÙ|Ñ|Øä°€À°€À°€À°€À°€À°€À°€À°€À(ÄÔÐÌÀ°€ÈÙ|Ñ|ÜÀ°€À°€À°€À°€À°€À°€À°€À°€À(ÄÔÐÌÄ°€ÈÙ|Ñ|ÜÄ°€À°€À°€À°€À°€À°€À°€À°€À(ÄÔÐÌÈ°€ÈÙ|Ñ|ÜÈ°€À°€À°€À°€À°€À°€À°€À°€À(ÄÔÐÌÌ°€ÈÙ|Ñ|ÜÌ°€À°€À°€À°€À°€À°€À°€À°€À(ÄÔÐÌÐ°€ÈÙ|Ñ|ÜÐ°€À°€À°€À°€À°€À°€À°€À°€À(ÄÔÐÌÔ°€ÈÙ|Ñ|ÜÔ°€À°€À°€À°€À°€À°€À°€À°€À(ÄÔÐÌØ°€ÈÙ|Ñ|ÜØ°€À°€À°€À°€À°€À°€À°€À°€À(ÄÔÐÌÜ°€ÈÙ|Ñ|ÜÜ°€À°€À°€À°€À°€À°€À°€À°€À(ÄÔÐÌà°€ÈÙ|Ñ|Üà°€À°€À°€À°€À°€À°€À°€À°€À(ÄÔÐÌä°€ÈÙ|Ñ|Üä°€À°€À°€À°€À°€À°€À°€À°€À(ÄÔÐÐÀ°€ÈÙ|Ñ|àÀ°€À°€À°€À°€À°€À°€À°€À°€À(ÄÔÐÐÄ°€ÈÙ|Ñ|àÄ°€À°€À°€À°€À°€À°€À°€À°€À(ÄÔÐÐÈ°€ÈÙ|Ñ|àÈ°€À°€À°€À°€À°€À°€À°€À°€À(ÄÔÐÐÌ°€ÈÙ|Ñ|àÌ°€À°€À°€À°€À°€À°€À°€À°€À(ÄÔÐÐÐ°€ÈÙ|Ñ|àÐ°€À°€À°€À°€À°€À°€À°€À°€À(ÄÔÐÐÔ°€ÈÙ|Ñ|àÔ°€À°€À°€À°€À°€À°€À°€À°€À(ÄÔÐÐØ°€ÈÙ|Ñ|àØ°€À°€À°€À°€À°€À°€À°€À°€À(ÄÔÐÐÜ°€ÈÙ|Ñ|àÜ°€À°€À°€À°€À°€À°€À°€À°€À(ÄÔÐÐà°€ÈÙ|Ñ|àà°€À°€À°€À°€À°€À°€À°€À°€À(ÄÔÐÐä°€ÈÙ|Ñ|àä°€À°€À°€À°€À°€À°€À°€À°€À(ÄÔÐÔÀ°€ÈÙ|Ñ|äÀ°€À°€À°€À°€À°€À°€À°€À°€À(ÄÔÐÔÄ°€ÈÙ|Ñ|äÄ°€À°€À°€À°€À°€À°€À°€À°€À(ÄÔÐÔÈ°€ÈÙ|Ñ|äÈ°€À°€À°€À°€À°€À°€À°€À°€À(ÄÔÐÔÌ°€ÈÙ|Ñ|äÌ°€À°€À°€À°€À°€À°€À°€À°€À(ÄÔÐÔÐ°€ÈÙ|Ñ|äÐ°€À°€À°€À°€À°€À°€À°€À°€À(ÄÔÐÔÔ°€ÈÙ|Ñ|äÔ°€À°€À°€À°€À°€À°€À°€À°€À(ÄÔÐÔØ°€ÈÙ|Õ|ÀÀ°€À°€À°€À°€À°€À°€À°€À°€À(ÄÔÐÔÜ°€ÈÙ|Õ|ÀÄ°€À°€À°€À°€À°€À°€À°€À°€À(ÄÔÐÔà°€ÈÙ|Õ|ÀÈ°€À°€À°€À°€À°€À°€À°€À°€À(ÄÔÐÔä°€ÈÙ|Õ|ÀÌ°€À°€À°€À°€À°€À°€À°€À°€À(ÄÔÐØÀ°€ÈÙ|Õ|ÀÐ°€À°€À°€À°€À°€À°€À°€À°€À(ÄÔÐØÄ°€ÈÙ|Õ|ÀÔ°€À°€À°€À°€À°€À°€À°€À°€À(ÄÔÐØÈ°€ÈÙ|Õ|ÀØ°€À°€À°€À°€À°€À°€À°€À°€À(ÄÔÐØÌ°€ÈÙ|Õ|ÀÜ°€À°€À°€À°€À°€À°€À°€À°€À(ÄÔÐØÐ°€ÈÙ|Õ|Àà°€À°€À°€À°€À°€À°€À°€À°€À(ÄÔÐØÔ°€ÈÙ|Õ|Àä°€À°€À°€À°€À°€À°€À°€À°€À(ÄÔÐØØ°€ÈÙ|Õ|ÄÀ°€À°€À°€À°€À°€À°€À°€À°€À(ÄÔÐØÜ°€ÈÙ|Õ|ÄÄ°€À°€À°€À°€À°€À°€À°€À°€À(ÄÔÐØà°€ÈÙ|Õ|ÄÈ°€À°€À°€À°€À°€À°€À°€À°€À(ÄÔÐØä°€ÈÙ|Õ|ÄÌ°€À°€À°€À°€À°€À°€À°€À°€À(ÄÔÐÜÀ°€ÈÙ|Õ|ÄÐ°€À°€À°€À°€À°€À°€À°€À°€À(ÄÔÐÜÄ°€ÈÙ|Õ|ÄÔ°€À°€À°€À°€À°€À°€À°€À°€À(ÄÔÐÜÈ°€ÈÙ|Õ|ÄØ°€À°€À°€À°€À°€À°€À°€À°€À(ÄÔÐÜÌ°€ÈÙ|Õ|ÄÜ°€À°€À°€À°€À°€À°€À°€À°€À(ÄÔÐÜÐ°€ÈÙ|Õ|Äà°€À°€À°€À°€À°€À°€À°€À°€À(ÄÔÐÜÔ°€ÈÙ|Õ|Ää°€À°€À°€À°€À°€À°€À°€À°€À(ÄÔÐÜØ°€ÈÙ|Õ|ÈÀ°€À°€À°€À°€À°€À°€À°€À°€À(ÄÔÐÜÜ°€ÈÙ|Õ|ÈÄ°€À°€À°€À°€À°€À°€À°€À°€À(ÄÔÐÜà°€ÈÙ|Õ|ÈÈ°€À°€À°€À°€À°€À°€À°€À°€À(ÄÔÐÜä°€ÈÙ|Õ|ÈÌ°€À°€À°€À°€À°€À°€À°€À°€À(ÄÔÐàÀ°€ÈÙ|Õ|ÈÐ°€À°€À°€À°€À°€À°€À°€À°€À(ÄÔÐàÄ°€ÈÙ|Õ|ÈÔ°€À°€À°€À°€À°€À°€À°€À°€À(ÄÔÐàÈ°€ÈÙ|Õ|ÈØ°€À°€À°€À°€À°€À°€À°€À°€À(ÄÔÐàÌ°€ÈÙ|Õ|ÈÜ°€À°€À°€À°€À°€À°€À°€À°€À(ÄÔÐàÐ°€ÈÙ|Õ|Èà°€À°€À°€À°€À°€À°€À°€À°€À(ÄÔÐàÔ°€ÈÙ|Õ|Èä°€À°€À°€À°€À°€À°€À°€À°€À(ÄÔÐàØ°€ÈÙ|Õ|ÌÀ°€À°€À°€À°€À°€À°€À°€À°€À(ÄÔÐàÜ°€ÈÙ|Õ|ÌÄ°€À°€À°€À°€À°€À°€À°€À°€À(ÄÔÐàà°€ÈÙ|Õ|ÌÈ°€À°€À°€À°€À°€À°€À°€À°€À(ÄÔÐàä°€ÈÙ|Õ|ÌÌ°€À°€À°€À°€À°€À°€À°€À°€À(ÄÔÐäÀ°€ÈÙ|Õ|ÌÐ°€À°€À°€À°€À°€À°€À°€À°€À(ÄÔÐäÄ°€ÈÙ|Õ|ÌÔ°€À°€À°€À°€À°€À°€À°€À°€À(ÄÔÐäÈ°€ÈÙ|Õ|ÌØ°€À°€À°€À°€À°€À°€À°€À°€À(ÄÔÐäÌ°€ÈÙ|Õ|ÌÜ°€À°€À°€À°€À°€À°€À°€À°€À(ÄÔÐäÐ°€ÈÙ|Õ|Ìà°€À°€À°€À°€À°€À°€À°€À°€À(ÄÔÐäÔ°€ÈÙ|Õ|Ìä°€À°€À°€À°€À°€À°€À°€À°€À(ÄÔÐäØ°€ÈÙ|Õ|ÐÀ°€À°€À°€À°€À°€À°€À°€À°€À(ÄÔÐäÜ°€ÈÙ|Õ|ÐÄ°€À°€À°€À°€À°€À°€À°€À°€À(ÄÔÐäà°€ÈÙ|Õ|ÐÈ°€À°€À°€À°€À°€À°€À°€À°€À(ÄÔÐää°€ÈÙ|Õ|ÐÌ°€À°€À°€À°€À°€À°€À°€À°€À(ÄÔÔÀÀ°€ÈÙ|Õ|ÐÐ°€À°€À°€À°€À°€À°€À°€À°€À(ÄÔÔÀÄ°€ÈÙ|Õ|ÐÔ°€À°€À°€À°€À°€À°€À°€À°€À(ÄÔÔÀÈ°€ÈÙ|Õ|ÐØ°€À°€À°€À°€À°€À°€À°€À°€À(ÄÔÔÀÌ°€ÈÙ|Õ|ÐÜ°€À°€À°€À°€À°€À°€À°€À°€À(ÄÔÔÀÐ°€ÈÙ|Õ|Ðà°€À°€À°€À°€À°€À°€À°€À°€À(ÄÔÔÀÔ°€ÈÙ|Õ|Ðä°€À°€À°€À°€À°€À°€À°€À°€À(ÄÔÔÀØ°€ÈÙ|Õ|ÔÀ°€À°€À°€À°€À°€À°€À°€À°€À(ÄÔÔÀÜ°€ÈÙ|Õ|ÔÄ°€À°€À°€À°€À°€À°€À°€À°€À(ÄÔÔÀà°€ÈÙ|Õ|ÔÈ°€À°€À°€À°€À°€À°€À°€À°€À(ÄÔÔÀä°€ÈÙ|Õ|ÔÌ°€À°€À°€À°€À°€À°€À°€À°€À(ÄÔÔÄÀ°€ÈÙ|Õ|ÔÐ°€À°€À°€À°€À°€À°€À°€À°€À(ÄÔÔÄÄ°€ÈÙ|Õ|ÔÔ°€À°€À°€À°€À°€À°€À°€À°€À(ÄÔÔÄÈ°€ÈÙ|Õ|ÔØ°€À°€À°€À°€À°€À°€À°€À°€À(ÄÔÔÄÌ°€ÈÙ|Õ|ÔÜ°€À°€À°€À°€À°€À°€À°€À°€À(ÄÔÔÄÐ°€ÈÙ|Õ|Ôà°€À°€À°€À°€À°€À°€À°€À°€À(ÄÔÔÄÔ°€ÈÙ|Õ|Ôä°€À°€À°€À°€À°€À°€À°€À°€À(ÄÔÔÄØ°€ÈÙ|Õ|ØÀ°€À°€À°€À°€À°€À°€À°€À°€À(ÄÔÔÄÜ°€ÈÙ|Õ|ØÄ°€À°€À°€À°€À°€À°€À°€À°€À(ÄÔÔÄà°€ÈÙ|Õ|ØÈ°€À°€À°€À°€À°€À°€À°€À°€À(ÄÔÔÄä°€ÈÙ|Õ|ØÌ°€À°€À°€À°€À°€À°€À°€À°€À(ÄÔÔÈÀ°€ÈÙ|Õ|ØÐ°€À°€À°€À°€À°€À°€À°€À°€À(ÄÔÔÈÄ°€ÈÙ|Õ|ØÔ°€À°€À°€À°€À°€À°€À°€À°€À(ÄÔÔÈÈ°€ÈÙ|Õ|ØØ°€À°€À°€À°€À°€À°€À°€À°€À(ÄÔÔÈÌ°€ÈÙ|Õ|ØÜ°€À°€À°€À°€À°€À°€À°€À°€À(ÄÔÔÈÐ°€ÈÙ|Õ|Øà°€À°€À°€À°€À°€À°€À°€À°€À(ÄÔÔÈÔ°€ÈÙ|Õ|Øä°€À°€À°€À°€À°€À°€À°€À°€À(ÄÔÔÈØ°€ÈÙ|Õ|ÜÀ°€À°€À°€À°€À°€À°€À°€À°€À(ÄÔÔÈÜ°€ÈÙ|Õ|ÜÄ°€À°€À°€À°€À°€À°€À°€À°€À(ÄÔÔÈà°€ÈÙ|Õ|ÜÈ°€À°€À°€À°€À°€À°€À°€À°€À(ÄÔÔÈä°€ÈÙ|Õ|ÜÌ°€À°€À°€À°€À°€À°€À°€À°€À(ÄÔÔÌÀ°€ÈÙ|Õ|ÜÐ°€À°€À°€À°€À°€À°€À°€À°€À(ÄÔÔÌÄ°€ÈÙ|Õ|ÜÔ°€À°€À°€À°€À°€À°€À°€À°€À(ÄÔÔÌÈ°€ÈÙ|Õ|ÜØ°€À°€À°€À°€À°€À°€À°€À°€À(ÄÔÔÌÌ°€ÈÙ|Õ|ÜÜ°€À°€À°€À°€À°€À°€À°€À°€À(ÄÔÔÌÐ°€ÈÙ|Õ|Üà°€À°€À°€À°€À°€À°€À°€À°€À(ÄÔÔÌÔ°€ÈÙ|Õ|Üä°€À°€À°€À°€À°€À°€À°€À°€À(ÄÔÔÌØ°€ÈÙ|Õ|àÀ°€À°€À°€À°€À°€À°€À°€À°€À(ÄÔÔÌÜ°€ÈÙ|Õ|àÄ°€À°€À°€À°€À°€À°€À°€À°€À(ÄÔÔÌà°€ÈÙ|Õ|àÈ°€À°€À°€À°€À°€À°€À°€À°€À(ÄÔÔÌä°€ÈÙ|Õ|àÌ°€À°€À°€À°€À°€À°€À°€À°€À(ÄÔÔÐÀ°€ÈÙ|Õ|àÐ°€À°€À°€À°€À°€À°€À°€À°€À(ÄÔÔÐÄ°€ÈÙ|Õ|àÔ°€À°€À°€À°€À°€À°€À°€À°€À(ÄÔÔÐÈ°€ÈÙ|Õ|àØ°€À°€À°€À°€À°€À°€À°€À°€À(ÄÔÔÐÌ°€ÈÙ|Õ|àÜ°€À°€À°€À°€À°€À°€À°€À°€À(ÄÔÔÐÐ°€ÈÙ|Õ|àà°€À°€À°€À°€À°€À°€À°€À°€À(ÄÔÔÐÔ°€ÈÙ|Õ|àä°€À°€À°€À°€À°€À°€À°€À°€À(ÄÔÔÐØ°€ÈÙ|Õ|äÀ°€À°€À°€À°€À°€À°€À°€À°€À(ÄÔÔÐÜ°€ÈÙ|Õ|äÄ°€À°€À°€À°€À°€À°€À°€À°€À(ÄÔÔÐà°€ÈÙ|Õ|äÈ°€À°€À°€À°€À°€À°€À°€À°€À(ÄÔÔÐä°€ÈÙ|Õ|äÌ°€À°€À°€À°€À°€À°€À°€À°€À(ÄÔÔÔÀ°€ÈÙ|Õ|äÐ°€À°€À°€À°€À°€À°€À°€À°€À(ÄÔÔÔÄ°€ÈÙ|Õ|äÔ°€À°€À°€À°€À°€À°€À°€À°€À(ÄÔÔÔÈ°€ÈÝ|Á|ÀÀ°€À°€À°€À°€À°€À°€À°€À°€À(ÄÔÔÔÌ°€ÈÝ|Á|ÀÄ°€À°€À°€À°€À°€À°€À°€À°€À(ÄÔÔÔÐ°€ÈÝ|Á|ÀÈ°€À°€À°€À°€À°€À°€À°€À°€À(ÄÔÔÔÔ°€ÈÝ|Á|ÀÌ°€À°€À°€À°€À°€À°€À°€À°€À(ÄÔÔÔØ°€ÈÝ|Á|ÀÐ°€À°€À°€À°€À°€À°€À°€À°€À(ÄÔÔÔÜ°€ÈÝ|Á|ÀÔ°€À°€À°€À°€À°€À°€À°€À°€À(ÄÔÔÔà°€ÈÝ|Á|ÀØ°€À°€À°€À°€À°€À°€À°€À°€À(ÄÔÔÔä°€ÈÝ|Á|ÀÜ°€À°€À°€À°€À°€À°€À°€À°€À(ÄÔÔØÀ°€ÈÝ|Á|Àà°€À°€À°€À°€À°€À°€À°€À°€À(ÄÔÔØÄ°€ÈÝ|Á|Àä°€À°€À°€À°€À°€À°€À°€À°€À(ÄÔÔØÈ°€ÈÝ|Á|ÄÀ°€À°€À°€À°€À°€À°€À°€À°€À(ÄÔÔØÌ°€ÈÝ|Á|ÄÄ°€À°€À°€À°€À°€À°€À°€À°€À(ÄÔÔØÐ°€ÈÝ|Á|ÄÈ°€À°€À°€À°€À°€À°€À°€À°€À(ÄÔÔØÔ°€ÈÝ|Á|ÄÌ°€À°€À°€À°€À°€À°€À°€À°€À(ÄÔÔØØ°€ÈÝ|Á|ÄÐ°€À°€À°€À°€À°€À°€À°€À°€À(ÄÔÔØÜ°€ÈÝ|Á|ÄÔ°€À°€À°€À°€À°€À°€À°€À°€À(ÄÔÔØà°€ÈÝ|Á|ÄØ°€À°€À°€À°€À°€À°€À°€À°€À(ÄÔÔØä°€ÈÝ|Á|ÄÜ°€À°€À°€À°€À°€À°€À°€À°€À(ÄÔÔÜÀ°€ÈÝ|Á|Äà°€À°€À°€À°€À°€À°€À°€À°€À(ÄÔÔÜÄ°€ÈÝ|Á|Ää°€À°€À°€À°€À°€À°€À°€À°€À(ÄÔÔÜÈ°€ÈÝ|Á|ÈÀ°€À°€À°€À°€À°€À°€À°€À°€À(ÄÔÔÜÌ°€ÈÝ|Á|ÈÄ°€À°€À°€À°€À°€À°€À°€À°€À(ÄÔÔÜÐ°€ÈÝ|Á|ÈÈ°€À°€À°€À°€À°€À°€À°€À°€À(ÄÔÔÜÔ°€ÈÝ|Á|ÈÌ°€À°€À°€À°€À°€À°€À°€À°€À(ÄÔÔÜØ°€ÈÝ|Á|ÈÐ°€À°€À°€À°€À°€À°€À°€À°€À(ÄÔÔÜÜ°€ÈÝ|Á|ÈÔ°€À°€À°€À°€À°€À°€À°€À°€À(ÄÔÔÜà°€ÈÝ|Á|ÈØ°€À°€À°€À°€À°€À°€À°€À°€À(ÄÔÔÜä°€ÈÝ|Á|ÈÜ°€À°€À°€À°€À°€À°€À°€À°€À(ÄÔÔàÀ°€ÈÝ|Á|Èà°€À°€À°€À°€À°€À°€À°€À°€À(ÄÔÔàÄ°€ÈÝ|Á|Èä°€À°€À°€À°€À°€À°€À°€À°€À(ÄÔÔàÈ°€ÈÝ|Á|ÌÀ°€À°€À°€À°€À°€À°€À°€À°€À(ÄÔÔàÌ°€ÈÝ|Á|ÌÄ°€À°€À°€À°€À°€À°€À°€À°€À(ÄÔÔàÐ°€ÈÝ|Á|ÌÈ°€À°€À°€À°€À°€À°€À°€À°€À(ÄÔÔàÔ°€ÈÝ|Á|ÌÌ°€À°€À°€À°€À°€À°€À°€À°€À(ÄÔÔàØ°€ÈÝ|Á|ÌÐ°€À°€À°€À°€À°€À°€À°€À°€À(ÄÔÔàÜ°€ÈÝ|Á|ÌÔ°€À°€À°€À°€À°€À°€À°€À°€À(ÄÔÔàà°€ÈÝ|Á|ÌØ°€À°€À°€À°€À°€À°€À°€À°€À(ÄÔÔàä°€ÈÝ|Á|ÌÜ°€À°€À°€À°€À°€À°€À°€À°€À(ÄÔÔäÀ°€ÈÝ|Á|Ìà°€À°€À°€À°€À°€À°€À°€À°€À(ÄÔÔäÄ°€ÈÝ|Á|Ìä°€À°€À°€À°€À°€À°€À°€À°€À(ÄÔÔäÈ°€ÈÝ|Á|ÐÀ°€À°€À°€À°€À°€À°€À°€À°€À(ÄÔÔäÌ°€ÈÝ|Á|ÐÄ°€À°€À°€À°€À°€À°€À°€À°€À(ÄÔÔäÐ°€ÈÝ|Á|ÐÈ°€À°€À°€À°€À°€À°€À°€À°€À(ÄÔÔäÔ°€ÈÝ|Á|ÐÌ°€À°€À°€À°€À°€À°€À°€À°€À(ÄÔÔäØ°€ÈÝ|Á|ÐÐ°€À°€À°€À°€À°€À°€À°€À°€À(ÄÔÔäÜ°€ÈÝ|Á|ÐÔ°€À°€À°€À°€À°€À°€À°€À°€À(ÄÔÔäà°€ÈÝ|Á|ÐØ°€À°€À°€À°€À°€À°€À°€À°€À(ÄÔÔää°€ÈÝ|Á|ÐÜ°€À°€À°€À°€À°€À°€À°€À°€À(ÄÔØÀÀ°€ÈÝ|Á|Ðà°€À°€À°€À°€À°€À°€À°€À°€À(ÄÔØÀÄ°€ÈÝ|Á|Ðä°€À°€À°€À°€À°€À°€À°€À°€À(ÄÔØÀÈ°€ÈÝ|Á|ÔÀ°€À°€À°€À°€À°€À°€À°€À°€À(ÄÔØÀÌ°€ÈÝ|Á|ÔÄ°€À°€À°€À°€À°€À°€À°€À°€À(ÄÔØÀÐ°€ÈÝ|Á|ÔÈ°€À°€À°€À°€À°€À°€À°€À°€À(ÄÔØÀÔ°€ÈÝ|Á|ÔÌ°€À°€À°€À°€À°€À°€À°€À°€À(ÄÔØÀØ°€ÈÝ|Á|ÔÐ°€À°€À°€À°€À°€À°€À°€À°€À(ÄÔØÀÜ°€ÈÝ|Á|ÔÔ°€À°€À°€À°€À°€À°€À°€À°€À(ÄÔØÀà°€ÈÝ|Á|ÔØ°€À°€À°€À°€À°€À°€À°€À°€À(ÄÔØÀä°€ÈÝ|Á|ÔÜ°€À°€À°€À°€À°€À°€À°€À°€À(ÄÔØÄÀ°€ÈÝ|Á|Ôà°€À°€À°€À°€À°€À°€À°€À°€À(ÄÔØÄÄ°€ÈÝ|Á|Ôä°€À°€À°€À°€À°€À°€À°€À°€À(ÄÔØÄÈ°€ÈÝ|Á|ØÀ°€À°€À°€À°€À°€À°€À°€À°€À(ÄÔØÄÌ°€ÈÝ|Á|ØÄ°€À°€À°€À°€À°€À°€À°€À°€À(ÄÔØÄÐ°€ÈÝ|Á|ØÈ°€À°€À°€À°€À°€À°€À°€À°€À(ÄÔØÄÔ°€ÈÝ|Á|ØÌ°€À°€À°€À°€À°€À°€À°€À°€À(ÄÔØÄØ°€ÈÝ|Á|ØÐ°€À°€À°€À°€À°€À°€À°€À°€À(ÄÔØÄÜ°€ÈÝ|Á|ØÔ°€À°€À°€À°€À°€À°€À°€À°€À(ÄÔØÄà°€ÈÝ|Á|ØØ°€À°€À°€À°€À°€À°€À°€À°€À(ÄÔØÄä°€ÈÝ|Á|ØÜ°€À°€À°€À°€À°€À°€À°€À°€À(ÄÔØÈÀ°€ÈÝ|Á|Øà°€À°€À°€À°€À°€À°€À°€À°€À(ÄÔØÈÄ°€ÈÝ|Á|Øä°€À°€À°€À°€À°€À°€À°€À°€À(ÄÔØÈÈ°€ÈÝ|Á|ÜÀ°€À°€À°€À°€À°€À°€À°€À°€À(ÄÔØÈÌ°€ÈÝ|Á|ÜÄ°€À°€À°€À°€À°€À°€À°€À°€À(ÄÔØÈÐ°€ÈÝ|Á|ÜÈ°€À°€À°€À°€À°€À°€À°€À°€À(ÄÔØÈÔ°€ÈÝ|Á|ÜÌ°€À°€À°€À°€À°€À°€À°€À°€À(ÄÔØÈØ°€ÈÝ|Á|ÜÐ°€À°€À°€À°€À°€À°€À°€À°€À(ÄÔØÈÜ°€ÈÝ|Á|ÜÔ°€À°€À°€À°€À°€À°€À°€À°€À(ÄÔØÈà°€ÈÝ|Á|ÜØ°€À°€À°€À°€À°€À°€À°€À°€À(ÄÔØÈä°€ÈÝ|Á|ÜÜ°€À°€À°€À°€À°€À°€À°€À°€À(ÄÔØÌÀ°€ÈÝ|Á|Üà°€À°€À°€À°€À°€À°€À°€À°€À(ÄÔØÌÄ°€ÈÝ|Á|Üä°€À°€À°€À°€À°€À°€À°€À°€À(ÄÔØÌÈ°€ÈÝ|Á|àÀ°€À°€À°€À°€À°€À°€À°€À°€À(ÄÔØÌÌ°€ÈÝ|Á|àÄ°€À°€À°€À°€À°€À°€À°€À°€À(ÄÔØÌÐ°€ÈÝ|Á|àÈ°€À°€À°€À°€À°€À°€À°€À°€À(ÄÔØÌÔ°€ÈÝ|Á|àÌ°€À°€À°€À°€À°€À°€À°€À°€À(ÄÔØÌØ°€ÈÝ|Á|àÐ°€À°€À°€À°€À°€À°€À°€À°€À(ÄÔØÌÜ°€ÈÝ|Á|àÔ°€À°€À°€À°€À°€À°€À°€À°€À(ÄÔØÌà°€ÈÝ|Á|àØ°€À°€À°€À°€À°€À°€À°€À°€À(ÄÔØÌä°€ÈÝ|Á|àÜ°€À°€À°€À°€À°€À°€À°€À°€À(ÄÔØÐÀ°€ÈÝ|Á|àà°€À°€À°€À°€À°€À°€À°€À°€À(ÄÔØÐÄ°€ÈÝ|Á|àä°€À°€À°€À°€À°€À°€À°€À°€À(ÄÔØÐÈ°€ÈÝ|Á|äÀ°€À°€À°€À°€À°€À°€À°€À°€À(ÄÔØÐÌ°€ÈÝ|Á|äÄ°€À°€À°€À°€À°€À°€À°€À°€À(ÄÔØÐÐ°€ÈÝ|Á|äÈ°€À°€À°€À°€À°€À°€À°€À°€À(ÄÔØÐÔ°€ÈÝ|Á|äÌ°€À°€À°€À°€À°€À°€À°€À°€À(ÄÔØÐØ°€ÈÝ|Á|äÐ°€À°€À°€À°€À°€À°€À°€À°€À(ÄÔØÐÜ°€ÈÝ|Á|äÔ°€À°€À°€À°€À°€À°€À°€À°€À(ÄÔØÐà°€ÈÝ|Å|ÀÀ°€À°€À°€À°€À°€À°€À°€À°€À(ÄÔØÐä°€ÈÝ|Å|ÀÄ°€À°€À°€À°€À°€À°€À°€À°€À(ÄÔØÔÀ°€ÈÝ|Å|ÀÈ°€À°€À°€À°€À°€À°€À°€À°€À(ÄÔØÔÄ°€ÈÝ|Å|ÀÌ°€À°€À°€À°€À°€À°€À°€À°€À(ÄÔØÔÈ°€ÈÝ|Å|ÀÐ°€À°€À°€À°€À°€À°€À°€À°€À(ÄÔØÔÌ°€ÈÝ|Å|ÀÔ°€À°€À°€À°€À°€À°€À°€À°€À(ÄÔØÔÐ°€ÈÝ|Å|ÀØ°€À°€À°€À°€À°€À°€À°€À°€À(ÄÔØÔÔ°€ÈÝ|Å|ÀÜ°€À°€À°€À°€À°€À°€À°€À°€À(ÄÔØÔØ°€ÈÝ|Å|Àà°€À°€À°€À°€À°€À°€À°€À°€À(ÄÔØÔÜ°€ÈÝ|Å|Àä°€À°€À°€À°€À°€À°€À°€À°€À(ÄÔØÔà°€ÈÝ|Å|ÄÀ°€À°€À°€À°€À°€À°€À°€À°€À(ÄÔØÔä°€ÈÝ|Å|ÄÄ°€À°€À°€À°€À°€À°€À°€À°€À(ÄÔØØÀ°€ÈÝ|Å|ÄÈ°€À°€À°€À°€À°€À°€À°€À°€À(ÄÔØØÄ°€ÈÝ|Å|ÄÌ°€À°€À°€À°€À°€À°€À°€À°€À(ÄÔØØÈ°€ÈÝ|Å|ÄÐ°€À°€À°€À°€À°€À°€À°€À°€À(ÄÔØØÌ°€ÈÝ|Å|ÄÔ°€À°€À°€À°€À°€À°€À°€À°€À(ÄÔØØÐ°€ÈÝ|Å|ÄØ°€À°€À°€À°€À°€À°€À°€À°€À(ÄÔØØÔ°€ÈÝ|Å|ÄÜ°€À°€À°€À°€À°€À°€À°€À°€À(ÄÔØØØ°€ÈÝ|Å|Äà°€À°€À°€À°€À°€À°€À°€À°€À(ÄÔØØÜ°€ÈÝ|Å|Ää°€À°€À°€À°€À°€À°€À°€À°€À(ÄÔØØà°€ÈÝ|Å|ÈÀ°€À°€À°€À°€À°€À°€À°€À°€À(ÄÔØØä°€ÈÝ|Å|ÈÄ°€À°€À°€À°€À°€À°€À°€À°€À(ÄÔØÜÀ°€ÈÝ|Å|ÈÈ°€À°€À°€À°€À°€À°€À°€À°€À(ÄÔØÜÄ°€ÈÝ|Å|ÈÌ°€À°€À°€À°€À°€À°€À°€À°€À(ÄÔØÜÈ°€ÈÝ|Å|ÈÐ°€À°€À°€À°€À°€À°€À°€À°€À(ÄÔØÜÌ°€ÈÝ|Å|ÈÔ°€À°€À°€À°€À°€À°€À°€À°€À(ÄÔØÜÐ°€ÈÝ|Å|ÈØ°€À°€À°€À°€À°€À°€À°€À°€À(ÄÔØÜÔ°€ÈÝ|Å|ÈÜ°€À°€À°€À°€À°€À°€À°€À°€À(ÄÔØÜØ°€ÈÝ|Å|Èà°€À°€À°€À°€À°€À°€À°€À°€À(ÄÔØÜÜ°€ÈÝ|Å|Èä°€À°€À°€À°€À°€À°€À°€À°€À(ÄÔØÜà°€ÈÝ|Å|ÌÀ°€À°€À°€À°€À°€À°€À°€À°€À(ÄÔØÜä°€ÈÝ|Å|ÌÄ°€À°€À°€À°€À°€À°€À°€À°€À(ÄÔØàÀ°€ÈÝ|Å|ÌÈ°€À°€À°€À°€À°€À°€À°€À°€À(ÄÔØàÄ°€ÈÝ|Å|ÌÌ°€À°€À°€À°€À°€À°€À°€À°€À(ÄÔØàÈ°€ÈÝ|Å|ÌÐ°€À°€À°€À°€À°€À°€À°€À°€À(ÄÔØàÌ°€ÈÝ|Å|ÌÔ°€À°€À°€À°€À°€À°€À°€À°€À(ÄÔØàÐ°€ÈÝ|Å|ÌØ°€À°€À°€À°€À°€À°€À°€À°€À(ÄÔØàÔ°€ÈÝ|Å|ÌÜ°€À°€À°€À°€À°€À°€À°€À°€À(ÄÔØàØ°€ÈÝ|Å|Ìà°€À°€À°€À°€À°€À°€À°€À°€À(ÄÔØàÜ°€ÈÝ|Å|Ìä°€À°€À°€À°€À°€À°€À°€À°€À(ÄÔØàà°€ÈÝ|Å|ÐÀ°€À°€À°€À°€À°€À°€À°€À°€À(ÄÔØàä°€ÈÝ|Å|ÐÄ°€À°€À°€À°€À°€À°€À°€À°€À(ÄÔØäÀ°€ÈÝ|Å|ÐÈ°€À°€À°€À°€À°€À°€À°€À°€À(ÄÔØäÄ°€ÈÝ|Å|ÐÌ°€À°€À°€À°€À°€À°€À°€À°€À(ÄÔØäÈ°€ÈÝ|Å|ÐÐ°€À°€À°€À°€À°€À°€À°€À°€À(ÄÔØäÌ°€ÈÝ|Å|ÐÔ°€À°€À°€À°€À°€À°€À°€À°€À(ÄÔØäÐ°€ÈÝ|Å|ÐØ°€À°€À°€À°€À°€À°€À°€À°€À(ÄÔØäÔ°€ÈÝ|Å|ÐÜ°€À°€À°€À°€À°€À°€À°€À°€À(ÄÔØäØ°€ÈÝ|Å|Ðà°€À°€À°€À°€À°€À°€À°€À°€À(ÄÔØäÜ°€ÈÝ|Å|Ðä°€À°€À°€À°€À°€À°€À°€À°€À(ÄÔØäà°€ÈÝ|Å|ÔÀ°€À°€À°€À°€À°€À°€À°€À°€À(ÄÔØää°€ÈÝ|Å|ÔÄ°€À°€À°€À°€À°€À°€À°€À°€À(ÄÔÜÀÀ°€ÈÝ|Å|ÔÈ°€À°€À°€À°€À°€À°€À°€À°€À(ÄÔÜÀÄ°€ÈÝ|Å|ÔÌ°€À°€À°€À°€À°€À°€À°€À°€À(ÄÔÜÀÈ°€ÈÝ|Å|ÔÐ°€À°€À°€À°€À°€À°€À°€À°€À(ÄÔÜÀÌ°€ÈÝ|Å|ÔÔ°€À°€À°€À°€À°€À°€À°€À°€À(ÄÔÜÀÐ°€ÈÝ|Å|ÔØ°€À°€À°€À°€À°€À°€À°€À°€À(ÄÔÜÀÔ°€ÈÝ|Å|ÔÜ°€À°€À°€À°€À°€À°€À°€À°€À(ÄÔÜÀØ°€ÈÝ|Å|Ôà°€À°€À°€À°€À°€À°€À°€À°€À(ÄÔÜÀÜ°€ÈÝ|Å|Ôä°€À°€À°€À°€À°€À°€À°€À°€À(ÄÔÜÀà°€ÈÝ|Å|ØÀ°€À°€À°€À°€À°€À°€À°€À°€À(ÄÔÜÀä°€ÈÝ|Å|ØÄ°€À°€À°€À°€À°€À°€À°€À°€À(ÄÔÜÄÀ°€ÈÝ|Å|ØÈ°€À°€À°€À°€À°€À°€À°€À°€À(ÄÔÜÄÄ°€ÈÝ|Å|ØÌ°€À°€À°€À°€À°€À°€À°€À°€À(ÄÔÜÄÈ°€ÈÝ|Å|ØÐ°€À°€À°€À°€À°€À°€À°€À°€À(ÄÔÜÄÌ°€ÈÝ|Å|ØÔ°€À°€À°€À°€À°€À°€À°€À°€À(ÄÔÜÄÐ°€ÈÝ|Å|ØØ°€À°€À°€À°€À°€À°€À°€À°€À(ÄÔÜÄÔ°€ÈÝ|Å|ØÜ°€À°€À°€À°€À°€À°€À°€À°€À(ÄÔÜÄØ°€ÈÝ|Å|Øà°€À°€À°€À°€À°€À°€À°€À°€À(ÄÔÜÄÜ°€ÈÝ|Å|Øä°€À°€À°€À°€À°€À°€À°€À°€À(ÄÔÜÄà°€ÈÝ|Å|ÜÀ°€À°€À°€À°€À°€À°€À°€À°€À(ÄÔÜÄä°€ÈÝ|Å|ÜÄ°€À°€À°€À°€À°€À°€À°€À°€À(ÄÔÜÈÀ°€ÈÝ|Å|ÜÈ°€À°€À°€À°€À°€À°€À°€À°€À(ÄÔÜÈÄ°€ÈÝ|Å|ÜÌ°€À°€À°€À°€À°€À°€À°€À°€À(ÄÔÜÈÈ°€ÈÝ|Å|ÜÐ°€À°€À°€À°€À°€À°€À°€À°€À(ÄÔÜÈÌ°€ÈÝ|Å|ÜÔ°€À°€À°€À°€À°€À°€À°€À°€À(ÄÔÜÈÐ°€ÈÝ|Å|ÜØ°€À°€À°€À°€À°€À°€À°€À°€À(ÄÔÜÈÔ°€ÈÝ|Å|ÜÜ°€À°€À°€À°€À°€À°€À°€À°€À(ÄÔÜÈØ°€ÈÝ|Å|Üà°€À°€À°€À°€À°€À°€À°€À°€À(ÄÔÜÈÜ°€ÈÝ|Å|Üä°€À°€À°€À°€À°€À°€À°€À°€À(ÄÔÜÈà°€ÈÝ|Å|àÀ°€À°€À°€À°€À°€À°€À°€À°€À(ÄÔÜÈä°€ÈÝ|Å|àÄ°€À°€À°€À°€À°€À°€À°€À°€À(ÄÔÜÌÀ°€ÈÝ|Å|àÈ°€À°€À°€À°€À°€À°€À°€À°€À(ÄÔÜÌÄ°€ÈÝ|Å|àÌ°€À°€À°€À°€À°€À°€À°€À°€À(ÄÔÜÌÈ°€ÈÝ|Å|àÐ°€À°€À°€À°€À°€À°€À°€À°€À(ÄÔÜÌÌ°€ÈÝ|Å|àÔ°€À°€À°€À°€À°€À°€À°€À°€À(ÄÔÜÌÐ°€ÈÝ|Å|àØ°€À°€À°€À°€À°€À°€À°€À°€À(ÄÔÜÌÔ°€ÈÝ|Å|àÜ°€À°€À°€À°€À°€À°€À°€À°€À(ÄÔÜÌØ°€ÈÝ|Å|àà°€À°€À°€À°€À°€À°€À°€À°€À(ÄÔÜÌÜ°€ÈÝ|Å|àä°€À°€À°€À°€À°€À°€À°€À°€À(ÄÔÜÌà°€ÈÝ|Å|äÀ°€À°€À°€À°€À°€À°€À°€À°€À(ÄÔÜÌä°€ÈÝ|Å|äÄ°€À°€À°€À°€À°€À°€À°€À°€À(ÄÔÜÐÀ°€ÈÝ|Å|äÈ°€À°€À°€À°€À°€À°€À°€À°€À(ÄÔÜÐÄ°€ÈÝ|Å|äÌ°€À°€À°€À°€À°€À°€À°€À°€À(ÄÔÜÐÈ°€ÈÝ|Å|äÐ°€À°€À°€À°€À°€À°€À°€À°€À(ÄÔÜÐÌ°€ÈÝ|Å|äÔ°€À°€À°€À°€À°€À°€À°€À°€À(ÄÔÜÐÐ°€ÈÝ|É|ÀÀ°€À°€À°€À°€À°€À°€À°€À°€À(ÄÔÜÐÔ°€ÈÝ|É|ÀÄ°€À°€À°€À°€À°€À°€À°€À°€À(ÄÔÜÐØ°€ÈÝ|É|ÀÈ°€À°€À°€À°€À°€À°€À°€À°€À(ÄÔÜÐÜ°€ÈÝ|É|ÀÌ°€À°€À°€À°€À°€À°€À°€À°€À(ÄÔÜÐà°€ÈÝ|É|ÀÐ°€À°€À°€À°€À°€À°€À°€À°€À(ÄÔÜÐä°€ÈÝ|É|ÀÔ°€À°€À°€À°€À°€À°€À°€À°€À(ÄÔÜÔÀ°€ÈÝ|É|ÀØ°€À°€À°€À°€À°€À°€À°€À°€À(ÄÔÜÔÄ°€ÈÝ|É|ÀÜ°€À°€À°€À°€À°€À°€À°€À°€À(ÄÔÜÔÈ°€ÈÝ|É|Àà°€À°€À°€À°€À°€À°€À°€À°€À(ÄÔÜÔÌ°€ÈÝ|É|Àä°€À°€À°€À°€À°€À°€À°€À°€À(ÄÔÜÔÐ°€ÈÝ|É|ÄÀ°€À°€À°€À°€À°€À°€À°€À°€À(ÄÔÜÔÔ°€ÈÝ|É|ÄÄ°€À°€À°€À°€À°€À°€À°€À°€À(ÄÔÜÔØ°€ÈÝ|É|ÄÈ°€À°€À°€À°€À°€À°€À°€À°€À(ÄÔÜÔÜ°€ÈÝ|É|ÄÌ°€À°€À°€À°€À°€À°€À°€À°€À(ÄÔÜÔà°€ÈÝ|É|ÄÐ°€À°€À°€À°€À°€À°€À°€À°€À(ÄÔÜÔä°€ÈÝ|É|ÄÔ°€À°€À°€À°€À°€À°€À°€À°€À(ÄÔÜØÀ°€ÈÝ|É|ÄØ°€À°€À°€À°€À°€À°€À°€À°€À(ÄÔÜØÄ°€ÈÝ|É|ÄÜ°€À°€À°€À°€À°€À°€À°€À°€À(ÄÔÜØÈ°€ÈÝ|É|Äà°€À°€À°€À°€À°€À°€À°€À°€À(ÄÔÜØÌ°€ÈÝ|É|Ää°€À°€À°€À°€À°€À°€À°€À°€À(ÄÔÜØÐ°€ÈÝ|É|ÈÀ°€À°€À°€À°€À°€À°€À°€À°€À(ÄÔÜØÔ°€ÈÝ|É|ÈÄ°€À°€À°€À°€À°€À°€À°€À°€À(ÄÔÜØØ°€ÈÝ|É|ÈÈ°€À°€À°€À°€À°€À°€À°€À°€À(ÄÔÜØÜ°€ÈÝ|É|ÈÌ°€À°€À°€À°€À°€À°€À°€À°€À(ÄÔÜØà°€ÈÝ|É|ÈÐ°€À°€À°€À°€À°€À°€À°€À°€À(ÄÔÜØä°€ÈÝ|É|ÈÔ°€À°€À°€À°€À°€À°€À°€À°€À(ÄÔÜÜÀ°€ÈÝ|É|ÈØ°€À°€À°€À°€À°€À°€À°€À°€À(ÄÔÜÜÄ°€ÈÝ|É|ÈÜ°€À°€À°€À°€À°€À°€À°€À°€À(ÄÔÜÜÈ°€ÈÝ|É|Èà°€À°€À°€À°€À°€À°€À°€À°€À(ÄÔÜÜÌ°€ÈÝ|É|Èä°€À°€À°€À°€À°€À°€À°€À°€À(ÄÔÜÜÐ°€ÈÝ|É|ÌÀ°€À°€À°€À°€À°€À°€À°€À°€À(ÄÔÜÜÔ°€ÈÝ|É|ÌÄ°€À°€À°€À°€À°€À°€À°€À°€À(ÄÔÜÜØ°€ÈÝ|É|ÌÈ°€À°€À°€À°€À°€À°€À°€À°€À(ÄÔÜÜÜ°€ÈÝ|É|ÌÌ°€À°€À°€À°€À°€À°€À°€À°€À(ÄÔÜÜà°€ÈÝ|É|ÌÐ°€À°€À°€À°€À°€À°€À°€À°€À(ÄÔÜÜä°€ÈÝ|É|ÌÔ°€À°€À°€À°€À°€À°€À°€À°€À(ÄÔÜàÀ°€ÈÝ|É|ÌØ°€À°€À°€À°€À°€À°€À°€À°€À(ÄÔÜàÄ°€ÈÝ|É|ÌÜ°€À°€À°€À°€À°€À°€À°€À°€À(ÄÔÜàÈ°€ÈÝ|É|Ìà°€À°€À°€À°€À°€À°€À°€À°€À(ÄÔÜàÌ°€ÈÝ|É|Ìä°€À°€À°€À°€À°€À°€À°€À°€À(ÄÔÜàÐ°€ÈÝ|É|ÐÀ°€À°€À°€À°€À°€À°€À°€À°€À(ÄÔÜàÔ°€ÈÝ|É|ÐÄ°€À°€À°€À°€À°€À°€À°€À°€À(ÄÔÜàØ°€ÈÝ|É|ÐÈ°€À°€À°€À°€À°€À°€À°€À°€À(ÄÔÜàÜ°€ÈÝ|É|ÐÌ°€À°€À°€À°€À°€À°€À°€À°€À(ÄÔÜàà°€ÈÝ|É|ÐÐ°€À°€À°€À°€À°€À°€À°€À°€À(ÄÔÜàä°€ÈÝ|É|ÐÔ°€À°€À°€À°€À°€À°€À°€À°€À(ÄÔÜäÀ°€ÈÝ|É|ÐØ°€À°€À°€À°€À°€À°€À°€À°€À(ÄÔÜäÄ°€ÈÝ|É|ÐÜ°€À°€À°€À°€À°€À°€À°€À°€À(ÄÔÜäÈ°€ÈÝ|É|Ðà°€À°€À°€À°€À°€À°€À°€À°€À(ÄÔÜäÌ°€ÈÝ|É|Ðä°€À°€À°€À°€À°€À°€À°€À°€À(ÄÔÜäÐ°€ÈÝ|É|ÔÀ°€À°€À°€À°€À°€À°€À°€À°€À(ÄÔÜäÔ°€ÈÝ|É|ÔÄ°€À°€À°€À°€À°€À°€À°€À°€À(ÄÔÜäØ°€ÈÝ|É|ÔÈ°€À°€À°€À°€À°€À°€À°€À°€À(ÄÔÜäÜ°€ÈÝ|É|ÔÌ°€À°€À°€À°€À°€À°€À°€À°€À(ÄÔÜäà°€ÈÝ|É|ÔÐ°€À°€À°€À°€À°€À°€À°€À°€À(ÄÔÜää°€ÈÝ|É|ÔÔ°€À°€À°€À°€À°€À°€À°€À°€À(ÄÔàÀÀ°€ÈÝ|É|ÔØ°€À°€À°€À°€À°€À°€À°€À°€À(ÄÔàÀÄ°€ÈÝ|É|ÔÜ°€À°€À°€À°€À°€À°€À°€À°€À(ÄÔàÀÈ°€ÈÝ|É|Ôà°€À°€À°€À°€À°€À°€À°€À°€À(ÄÔàÀÌ°€ÈÝ|É|Ôä°€À°€À°€À°€À°€À°€À°€À°€À(ÄÔàÀÐ°€ÈÝ|É|ØÀ°€À°€À°€À°€À°€À°€À°€À°€À(ÄÔàÀÔ°€ÈÝ|É|ØÄ°€À°€À°€À°€À°€À°€À°€À°€À(ÄÔàÀØ°€ÈÝ|É|ØÈ°€À°€À°€À°€À°€À°€À°€À°€À(ÄÔàÀÜ°€ÈÝ|É|ØÌ°€À°€À°€À°€À°€À°€À°€À°€À(ÄÔàÀà°€ÈÝ|É|ØÐ°€À°€À°€À°€À°€À°€À°€À°€À(ÄÔàÀä°€ÈÝ|É|ØÔ°€À°€À°€À°€À°€À°€À°€À°€À(ÄÔàÄÀ°€ÈÝ|É|ØØ°€À°€À°€À°€À°€À°€À°€À°€À(ÄÔàÄÄ°€ÈÝ|É|ØÜ°€À°€À°€À°€À°€À°€À°€À°€À(ÄÔàÄÈ°€ÈÝ|É|Øà°€À°€À°€À°€À°€À°€À°€À°€À(ÄÔàÄÌ°€ÈÝ|É|Øä°€À°€À°€À°€À°€À°€À°€À°€À(ÄÔàÄÐ°€ÈÝ|É|ÜÀ°€À°€À°€À°€À°€À°€À°€À°€À(ÄÔàÄÔ°€ÈÝ|É|ÜÄ°€À°€À°€À°€À°€À°€À°€À°€À(ÄÔàÄØ°€ÈÝ|É|ÜÈ°€À°€À°€À°€À°€À°€À°€À°€À(ÄÔàÄÜ°€ÈÝ|É|ÜÌ°€À°€À°€À°€À°€À°€À°€À°€À(ÄÔàÄà°€ÈÝ|É|ÜÐ°€À°€À°€À°€À°€À°€À°€À°€À(ÄÔàÄä°€ÈÝ|É|ÜÔ°€À°€À°€À°€À°€À°€À°€À°€À(ÄÔàÈÀ°€ÈÝ|É|ÜØ°€À°€À°€À°€À°€À°€À°€À°€À(ÄÔàÈÄ°€ÈÝ|É|ÜÜ°€À°€À°€À°€À°€À°€À°€À°€À(ÄÔàÈÈ°€ÈÝ|É|Üà°€À°€À°€À°€À°€À°€À°€À°€À(ÄÔàÈÌ°€ÈÝ|É|Üä°€À°€À°€À°€À°€À°€À°€À°€À(ÄÔàÈÐ°€ÈÝ|É|àÀ°€À°€À°€À°€À°€À°€À°€À°€À(ÄÔàÈÔ°€ÈÝ|É|àÄ°€À°€À°€À°€À°€À°€À°€À°€À(ÄÔàÈØ°€ÈÝ|É|àÈ°€À°€À°€À°€À°€À°€À°€À°€À(ÄÔàÈÜ°€ÈÝ|É|àÌ°€À°€À°€À°€À°€À°€À°€À°€À(ÄÔàÈà°€ÈÝ|É|àÐ°€À°€À°€À°€À°€À°€À°€À°€À(ÄÔàÈä°€ÈÝ|É|àÔ°€À°€À°€À°€À°€À°€À°€À°€À(ÄÔàÌÀ°€ÈÝ|É|àØ°€À°€À°€À°€À°€À°€À°€À°€À(ÄÔàÌÄ°€ÈÝ|É|àÜ°€À°€À°€À°€À°€À°€À°€À°€À(ÄÔàÌÈ°€ÈÝ|É|àà°€À°€À°€À°€À°€À°€À°€À°€À(ÄÔàÌÌ°€ÈÝ|É|àä°€À°€À°€À°€À°€À°€À°€À°€À(ÄÔàÌÐ°€ÈÝ|É|äÀ°€À°€À°€À°€À°€À°€À°€À°€À(ÄÔàÌÔ°€ÈÝ|É|äÄ°€À°€À°€À°€À°€À°€À°€À°€À(ÄÔàÌØ°€ÈÝ|É|äÈ°€À°€À°€À°€À°€À°€À°€À°€À(ÄÔàÌÜ°€ÈÝ|É|äÌ°€À°€À°€À°€À°€À°€À°€À°€À(ÄÔàÌà°€ÈÝ|É|äÐ°€À°€À°€À°€À°€À°€À°€À°€À(ÄÔàÌä°€ÈÝ|É|äÔ°€À°€À°€À°€À°€À°€À°€À°€À(ÄÔàÐÀ°€ÈÝ|Í|ÀÀ°€À°€À°€À°€À°€À°€À°€À°€À(ÄÔàÐÄ°€ÈÝ|Í|ÀÄ°€À°€À°€À°€À°€À°€À°€À°€À(ÄÔàÐÈ°€ÈÝ|Í|ÀÈ°€À°€À°€À°€À°€À°€À°€À°€À(ÄÔàÐÌ°€ÈÝ|Í|ÀÌ°€À°€À°€À°€À°€À°€À°€À°€À(ÄÔàÐÐ°€ÈÝ|Í|ÀÐ°€À°€À°€À°€À°€À°€À°€À°€À(ÄÔàÐÔ°€ÈÝ|Í|ÀÔ°€À°€À°€À°€À°€À°€À°€À°€À(ÄÔàÐØ°€ÈÝ|Í|ÀØ°€À°€À°€À°€À°€À°€À°€À°€À(ÄÔàÐÜ°€ÈÝ|Í|ÀÜ°€À°€À°€À°€À°€À°€À°€À°€À(ÄÔàÐà°€ÈÝ|Í|Àà°€À°€À°€À°€À°€À°€À°€À°€À(ÄÔàÐä°€ÈÝ|Í|Àä°€À°€À°€À°€À°€À°€À°€À°€À(ÄÔàÔÀ°€ÈÝ|Í|ÄÀ°€À°€À°€À°€À°€À°€À°€À°€À(ÄÔàÔÄ°€ÈÝ|Í|ÄÄ°€À°€À°€À°€À°€À°€À°€À°€À(ÄÔàÔÈ°€ÈÝ|Í|ÄÈ°€À°€À°€À°€À°€À°€À°€À°€À(ÄÔàÔÌ°€ÈÝ|Í|ÄÌ°€À°€À°€À°€À°€À°€À°€À°€À(ÄÔàÔÐ°€ÈÝ|Í|ÄÐ°€À°€À°€À°€À°€À°€À°€À°€À(ÄÔàÔÔ°€ÈÝ|Í|ÄÔ°€À°€À°€À°€À°€À°€À°€À°€À(ÄÔàÔØ°€ÈÝ|Í|ÄØ°€À°€À°€À°€À°€À°€À°€À°€À(ÄÔàÔÜ°€ÈÝ|Í|ÄÜ°€À°€À°€À°€À°€À°€À°€À°€À(ÄÔàÔà°€ÈÝ|Í|Äà°€À°€À°€À°€À°€À°€À°€À°€À(ÄÔàÔä°€ÈÝ|Í|Ää°€À°€À°€À°€À°€À°€À°€À°€À(ÄÔàØÀ°€ÈÝ|Í|ÈÀ°€À°€À°€À°€À°€À°€À°€À°€À(ÄÔàØÄ°€ÈÝ|Í|ÈÄ°€À°€À°€À°€À°€À°€À°€À°€À(ÄÔàØÈ°€ÈÝ|Í|ÈÈ°€À°€À°€À°€À°€À°€À°€À°€À(ÄÔàØÌ°€ÈÝ|Í|ÈÌ°€À°€À°€À°€À°€À°€À°€À°€À(ÄÔàØÐ°€ÈÝ|Í|ÈÐ°€À°€À°€À°€À°€À°€À°€À°€À(ÄÔàØÔ°€ÈÝ|Í|ÈÔ°€À°€À°€À°€À°€À°€À°€À°€À(ÄÔàØØ°€ÈÝ|Í|ÈØ°€À°€À°€À°€À°€À°€À°€À°€À(ÄÔàØÜ°€ÈÝ|Í|ÈÜ°€À°€À°€À°€À°€À°€À°€À°€À(ÄÔàØà°€ÈÝ|Í|Èà°€À°€À°€À°€À°€À°€À°€À°€À(ÄÔàØä°€ÈÝ|Í|Èä°€À°€À°€À°€À°€À°€À°€À°€À(ÄÔàÜÀ°€ÈÝ|Í|ÌÀ°€À°€À°€À°€À°€À°€À°€À°€À(ÄÔàÜÄ°€ÈÝ|Í|ÌÄ°€À°€À°€À°€À°€À°€À°€À°€À(ÄÔàÜÈ°€ÈÝ|Í|ÌÈ°€À°€À°€À°€À°€À°€À°€À°€À(ÄÔàÜÌ°€ÈÝ|Í|ÌÌ°€À°€À°€À°€À°€À°€À°€À°€À(ÄÔàÜÐ°€ÈÝ|Í|ÌÐ°€À°€À°€À°€À°€À°€À°€À°€À(ÄÔàÜÔ°€ÈÝ|Í|ÌÔ°€À°€À°€À°€À°€À°€À°€À°€À(ÄÔàÜØ°€ÈÝ|Í|ÌØ°€À°€À°€À°€À°€À°€À°€À°€À(ÄÔàÜÜ°€ÈÝ|Í|ÌÜ°€À°€À°€À°€À°€À°€À°€À°€À(ÄÔàÜà°€ÈÝ|Í|Ìà°€À°€À°€À°€À°€À°€À°€À°€À(ÄÔàÜä°€ÈÝ|Í|Ìä°€À°€À°€À°€À°€À°€À°€À°€À(ÄÔààÀ°€ÈÝ|Í|ÐÀ°€À°€À°€À°€À°€À°€À°€À°€À(ÄÔààÄ°€ÈÝ|Í|ÐÄ°€À°€À°€À°€À°€À°€À°€À°€À(ÄÔààÈ°€ÈÝ|Í|ÐÈ°€À°€À°€À°€À°€À°€À°€À°€À(ÄÔààÌ°€ÈÝ|Í|ÐÌ°€À°€À°€À°€À°€À°€À°€À°€À(ÄÔààÐ°€ÈÝ|Í|ÐÐ°€À°€À°€À°€À°€À°€À°€À°€À(ÄÔààÔ°€ÈÝ|Í|ÐÔ°€À°€À°€À°€À°€À°€À°€À°€À(ÄÔààØ°€ÈÝ|Í|ÐØ°€À°€À°€À°€À°€À°€À°€À°€À(ÄÔààÜ°€ÈÝ|Í|ÐÜ°€À°€À°€À°€À°€À°€À°€À°€À(ÄÔààà°€ÈÝ|Í|Ðà°€À°€À°€À°€À°€À°€À°€À°€À(ÄÔààä°€ÈÝ|Í|Ðä°€À°€À°€À°€À°€À°€À°€À°€À(ÄÔàäÀ°€ÈÝ|Í|ÔÀ°€À°€À°€À°€À°€À°€À°€À°€À(ÄÔàäÄ°€ÈÝ|Í|ÔÄ°€À°€À°€À°€À°€À°€À°€À°€À(ÄÔàäÈ°€ÈÝ|Í|ÔÈ°€À°€À°€À°€À°€À°€À°€À°€À(ÄÔàäÌ°€ÈÝ|Í|ÔÌ°€À°€À°€À°€À°€À°€À°€À°€À(ÄÔàäÐ°€ÈÝ|Í|ÔÐ°€À°€À°€À°€À°€À°€À°€À°€À(ÄÔàäÔ°€ÈÝ|Í|ÔÔ°€À°€À°€À°€À°€À°€À°€À°€À(ÄÔàäØ°€ÈÝ|Í|ÔØ°€À°€À°€À°€À°€À°€À°€À°€À(ÄÔàäÜ°€ÈÝ|Í|ÔÜ°€À°€À°€À°€À°€À°€À°€À°€À(ÄÔàäà°€ÈÝ|Í|Ôà°€À°€À°€À°€À°€À°€À°€À°€À(ÄÔàää°€ÈÝ|Í|Ôä°€À°€À°€À°€À°€À°€À°€À°€À(ÄÔäÀÀ°€ÈÝ|Í|ØÀ°€À°€À°€À°€À°€À°€À°€À°€À(ÄÔäÀÄ°€ÈÝ|Í|ØÄ°€À°€À°€À°€À°€À°€À°€À°€À(ÄÔäÀÈ°€ÈÝ|Í|ØÈ°€À°€À°€À°€À°€À°€À°€À°€À(ÄÔäÀÌ°€ÈÝ|Í|ØÌ°€À°€À°€À°€À°€À°€À°€À°€À(ÄÔäÀÐ°€ÈÝ|Í|ØÐ°€À°€À°€À°€À°€À°€À°€À°€À(ÄÔäÀÔ°€ÈÝ|Í|ØÔ°€À°€À°€À°€À°€À°€À°€À°€À(ÄÔäÀØ°€ÈÝ|Í|ØØ°€À°€À°€À°€À°€À°€À°€À°€À(ÄÔäÀÜ°€ÈÝ|Í|ØÜ°€À°€À°€À°€À°€À°€À°€À°€À(ÄÔäÀà°€ÈÝ|Í|Øà°€À°€À°€À°€À°€À°€À°€À°€À(ÄÔäÀä°€ÈÝ|Í|Øä°€À°€À°€À°€À°€À°€À°€À°€À(ÄÔäÄÀ°€ÈÝ|Í|ÜÀ°€À°€À°€À°€À°€À°€À°€À°€À(ÄÔäÄÄ°€ÈÝ|Í|ÜÄ°€À°€À°€À°€À°€À°€À°€À°€À(ÄÔäÄÈ°€ÈÝ|Í|ÜÈ°€À°€À°€À°€À°€À°€À°€À°€À(ÄÔäÄÌ°€ÈÝ|Í|ÜÌ°€À°€À°€À°€À°€À°€À°€À°€À(ÄÔäÄÐ°€ÈÝ|Í|ÜÐ°€À°€À°€À°€À°€À°€À°€À°€À(ÄÔäÄÔ°€ÈÝ|Í|ÜÔ°€À°€À°€À°€À°€À°€À°€À°€À(ÄÔäÄØ°€ÈÝ|Í|ÜØ°€À°€À°€À°€À°€À°€À°€À°€À(ÄÔäÄÜ°€ÈÝ|Í|ÜÜ°€À°€À°€À°€À°€À°€À°€À°€À(ÄÔäÄà°€ÈÝ|Í|Üà°€À°€À°€À°€À°€À°€À°€À°€À(ÄÔäÄä°€ÈÝ|Í|Üä°€À°€À°€À°€À°€À°€À°€À°€À(ÄÔäÈÀ°€ÈÝ|Í|àÀ°€À°€À°€À°€À°€À°€À°€À°€À(ÄÔäÈÄ°€ÈÝ|Í|àÄ°€À°€À°€À°€À°€À°€À°€À°€À(ÄÔäÈÈ°€ÈÝ|Í|àÈ°€À°€À°€À°€À°€À°€À°€À°€À(ÄÔäÈÌ°€ÈÝ|Í|àÌ°€À°€À°€À°€À°€À°€À°€À°€À(ÄÔäÈÐ°€ÈÝ|Í|àÐ°€À°€À°€À°€À°€À°€À°€À°€À(ÄÔäÈÔ°€ÈÝ|Í|àÔ°€À°€À°€À°€À°€À°€À°€À°€À(ÄÔäÈØ°€ÈÝ|Í|àØ°€À°€À°€À°€À°€À°€À°€À°€À(ÄÔäÈÜ°€ÈÝ|Í|àÜ°€À°€À°€À°€À°€À°€À°€À°€À(ÄÔäÈà°€ÈÝ|Í|àà°€À°€À°€À°€À°€À°€À°€À°€À(ÄÔäÈä°€ÈÝ|Í|àä°€À°€À°€À°€À°€À°€À°€À°€À(ÄÔäÌÀ°€ÈÝ|Í|äÀ°€À°€À°€À°€À°€À°€À°€À°€À(ÄÔäÌÄ°€ÈÝ|Í|äÄ°€À°€À°€À°€À°€À°€À°€À°€À(ÄÔäÌÈ°€ÈÝ|Í|äÈ°€À°€À°€À°€À°€À°€À°€À°€À(ÄÔäÌÌ°€ÈÝ|Í|äÌ°€À°€À°€À°€À°€À°€À°€À°€À(ÄÔäÌÐ°€ÈÝ|Í|äÐ°€À°€À°€À°€À°€À°€À°€À°€À(ÄÔäÌÔ°€ÈÝ|Í|äÔ°€À°€À°€À°€À°€À°€À°€À°€À(ÄÔäÌØ°€ÈÝ|Ñ|ÀÀ°€À°€À°€À°€À°€À°€À°€À°€À(ÄÔäÌÜ°€ÈÝ|Ñ|ÀÄ°€À°€À°€À°€À°€À°€À°€À°€À(ÄÔäÌà°€ÈÝ|Ñ|ÀÈ°€À°€À°€À°€À°€À°€À°€À°€À(ÄÔäÌä°€ÈÝ|Ñ|ÀÌ°€À°€À°€À°€À°€À°€À°€À°€À(ÄÔäÐÀ°€ÈÝ|Ñ|ÀÐ°€À°€À°€À°€À°€À°€À°€À°€À(ÄÔäÐÄ°€ÈÝ|Ñ|ÀÔ°€À°€À°€À°€À°€À°€À°€À°€À(ÄÔäÐÈ°€ÈÝ|Ñ|ÀØ°€À°€À°€À°€À°€À°€À°€À°€À(ÄÔäÐÌ°€ÈÝ|Ñ|ÀÜ°€À°€À°€À°€À°€À°€À°€À°€À(ÄÔäÐÐ°€ÈÝ|Ñ|Àà°€À°€À°€À°€À°€À°€À°€À°€À(ÄÔäÐÔ°€ÈÝ|Ñ|Àä°€À°€À°€À°€À°€À°€À°€À°€À(ÄÔäÐØ°€ÈÝ|Ñ|ÄÀ°€À°€À°€À°€À°€À°€À°€À°€À(ÄÔäÐÜ°€ÈÝ|Ñ|ÄÄ°€À°€À°€À°€À°€À°€À°€À°€À(ÄÔäÐà°€ÈÝ|Ñ|ÄÈ°€À°€À°€À°€À°€À°€À°€À°€À(ÄÔäÐä°€ÈÝ|Ñ|ÄÌ°€À°€À°€À°€À°€À°€À°€À°€À(ÄÔäÔÀ°€ÈÝ|Ñ|ÄÐ°€À°€À°€À°€À°€À°€À°€À°€À(ÄÔäÔÄ°€ÈÝ|Ñ|ÄÔ°€À°€À°€À°€À°€À°€À°€À°€À(ÄÔäÔÈ°€ÈÝ|Ñ|ÄØ°€À°€À°€À°€À°€À°€À°€À°€À(ÄÔäÔÌ°€ÈÝ|Ñ|ÄÜ°€À°€À°€À°€À°€À°€À°€À°€À(ÄÔäÔÐ°€ÈÝ|Ñ|Äà°€À°€À°€À°€À°€À°€À°€À°€À(ÄÔäÔÔ°€ÈÝ|Ñ|Ää°€À°€À°€À°€À°€À°€À°€À°€À(ÄÔäÔØ°€ÈÝ|Ñ|ÈÀ°€À°€À°€À°€À°€À°€À°€À°€À(ÄÔäÔÜ°€ÈÝ|Ñ|ÈÄ°€À°€À°€À°€À°€À°€À°€À°€À(ÄÔäÔà°€ÈÝ|Ñ|ÈÈ°€À°€À°€À°€À°€À°€À°€À°€À(ÄÔäÔä°€ÈÝ|Ñ|ÈÌ°€À°€À°€À°€À°€À°€À°€À°€À(ÄÔäØÀ°€ÈÝ|Ñ|ÈÐ°€À°€À°€À°€À°€À°€À°€À°€À(ÄÔäØÄ°€ÈÝ|Ñ|ÈÔ°€À°€À°€À°€À°€À°€À°€À°€À(ÄÔäØÈ°€ÈÝ|Ñ|ÈØ°€À°€À°€À°€À°€À°€À°€À°€À(ÄÔäØÌ°€ÈÝ|Ñ|ÈÜ°€À°€À°€À°€À°€À°€À°€À°€À(ÄÔäØÐ°€ÈÝ|Ñ|Èà°€À°€À°€À°€À°€À°€À°€À°€À(ÄÔäØÔ°€ÈÝ|Ñ|Èä°€À°€À°€À°€À°€À°€À°€À°€À(ÄÔäØØ°€ÈÝ|Ñ|ÌÀ°€À°€À°€À°€À°€À°€À°€À°€À(ÄÔäØÜ°€ÈÝ|Ñ|ÌÄ°€À°€À°€À°€À°€À°€À°€À°€À(ÄÔäØà°€ÈÝ|Ñ|ÌÈ°€À°€À°€À°€À°€À°€À°€À°€À(ÄÔäØä°€ÈÝ|Ñ|ÌÌ°€À°€À°€À°€À°€À°€À°€À°€À(ÄÔäÜÀ°€ÈÝ|Ñ|ÌÐ°€À°€À°€À°€À°€À°€À°€À°€À(ÄÔäÜÄ°€ÈÝ|Ñ|ÌÔ°€À°€À°€À°€À°€À°€À°€À°€À(ÄÔäÜÈ°€ÈÝ|Ñ|ÌØ°€À°€À°€À°€À°€À°€À°€À°€À(ÄÔäÜÌ°€ÈÝ|Ñ|ÌÜ°€À°€À°€À°€À°€À°€À°€À°€À(ÄÔäÜÐ°€ÈÝ|Ñ|Ìà°€À°€À°€À°€À°€À°€À°€À°€À(ÄÔäÜÔ°€ÈÝ|Ñ|Ìä°€À°€À°€À°€À°€À°€À°€À°€À(ÄÔäÜØ°€ÈÝ|Ñ|ÐÀ°€À°€À°€À°€À°€À°€À°€À°€À(ÄÔäÜÜ°€ÈÝ|Ñ|ÐÄ°€À°€À°€À°€À°€À°€À°€À°€À(ÄÔäÜà°€ÈÝ|Ñ|ÐÈ°€À°€À°€À°€À°€À°€À°€À°€À(ÄÔäÜä°€ÈÝ|Ñ|ÐÌ°€À°€À°€À°€À°€À°€À°€À°€À(ÄÔäàÀ°€ÈÝ|Ñ|ÐÐ°€À°€À°€À°€À°€À°€À°€À°€À(ÄÔäàÄ°€ÈÝ|Ñ|ÐÔ°€À°€À°€À°€À°€À°€À°€À°€À(ÄÔäàÈ°€ÈÝ|Ñ|ÐØ°€À°€À°€À°€À°€À°€À°€À°€À(ÄÔäàÌ°€ÈÝ|Ñ|ÐÜ°€À°€À°€À°€À°€À°€À°€À°€À(ÄÔäàÐ°€ÈÝ|Ñ|Ðà°€À°€À°€À°€À°€À°€À°€À°€À(ÄÔäàÔ°€ÈÝ|Ñ|Ðä°€À°€À°€À°€À°€À°€À°€À°€À(ÄÔäàØ°€ÈÝ|Ñ|ÔÀ°€À°€À°€À°€À°€À°€À°€À°€À(ÄÔäàÜ°€ÈÝ|Ñ|ÔÄ°€À°€À°€À°€À°€À°€À°€À°€À(ÄÔäàà°€ÈÝ|Ñ|ÔÈ°€À°€À°€À°€À°€À°€À°€À°€À(ÄÔäàä°€ÈÝ|Ñ|ÔÌ°€À°€À°€À°€À°€À°€À°€À°€À(ÄÔääÀ°€ÈÝ|Ñ|ÔÐ°€À°€À°€À°€À°€À°€À°€À°€À(ÄÔääÄ°€ÈÝ|Ñ|ÔÔ°€À°€À°€À°€À°€À°€À°€À°€À(ÄÔääÈ°€ÈÝ|Ñ|ÔØ°€À°€À°€À°€À°€À°€À°€À°€À(ÄÔääÌ°€ÈÝ|Ñ|ÔÜ°€À°€À°€À°€À°€À°€À°€À°€À(ÄÔääÐ°€ÈÝ|Ñ|Ôà°€À°€À°€À°€À°€À°€À°€À°€À(ÄÔääÔ°€ÈÝ|Ñ|Ôä°€À°€À°€À°€À°€À°€À°€À°€À(ÄÔääØ°€ÈÝ|Ñ|ØÀ°€À°€À°€À°€À°€À°€À°€À°€À(ÄÔääÜ°€ÈÝ|Ñ|ØÄ°€À°€À°€À°€À°€À°€À°€À°€À(ÄÔääà°€ÈÝ|Ñ|ØÈ°€À°€À°€À°€À°€À°€À°€À°€À(ÄÔäää°€ÈÝ|Ñ|ØÌ°€À°€À°€À°€À°€À°€À°€À°€À(ÄØÀÀÀ°€ÈÝ|Ñ|ØÐ°€À°€À°€À°€À°€À°€À°€À°€À(ÄØÀÀÄ°€ÈÝ|Ñ|ØÔ°€À°€À°€À°€À°€À°€À°€À°€À(ÄØÀÀÈ°€ÈÝ|Ñ|ØØ°€À°€À°€À°€À°€À°€À°€À°€À(ÄØÀÀÌ°€ÈÝ|Ñ|ØÜ°€À°€À°€À°€À°€À°€À°€À°€À(ÄØÀÀÐ°€ÈÝ|Ñ|Øà°€À°€À°€À°€À°€À°€À°€À°€À(ÄØÀÀÔ°€ÈÝ|Ñ|Øä°€À°€À°€À°€À°€À°€À°€À°€À(ÄØÀÀØ°€ÈÝ|Ñ|ÜÀ°€À°€À°€À°€À°€À°€À°€À°€À(ÄØÀÀÜ°€ÈÝ|Ñ|ÜÄ°€À°€À°€À°€À°€À°€À°€À°€À(ÄØÀÀà°€ÈÝ|Ñ|ÜÈ°€À°€À°€À°€À°€À°€À°€À°€À(ÄØÀÀä°€ÈÝ|Ñ|ÜÌ°€À°€À°€À°€À°€À°€À°€À°€À(ÄØÀÄÀ°€ÈÝ|Ñ|ÜÐ°€À°€À°€À°€À°€À°€À°€À°€À(ÄØÀÄÄ°€ÈÝ|Ñ|ÜÔ°€À°€À°€À°€À°€À°€À°€À°€À(ÄØÀÄÈ°€ÈÝ|Ñ|ÜØ°€À°€À°€À°€À°€À°€À°€À°€À(ÄØÀÄÌ°€ÈÝ|Ñ|ÜÜ°€À°€À°€À°€À°€À°€À°€À°€À(ÄØÀÄÐ°€ÈÝ|Ñ|Üà°€À°€À°€À°€À°€À°€À°€À°€À(ÄØÀÄÔ°€ÈÝ|Ñ|Üä°€À°€À°€À°€À°€À°€À°€À°€À(ÄØÀÄØ°€ÈÝ|Ñ|àÀ°€À°€À°€À°€À°€À°€À°€À°€À(ÄØÀÄÜ°€ÈÝ|Ñ|àÄ°€À°€À°€À°€À°€À°€À°€À°€À(ÄØÀÄà°€ÈÝ|Ñ|àÈ°€À°€À°€À°€À°€À°€À°€À°€À(ÄØÀÄä°€ÈÝ|Ñ|àÌ°€À°€À°€À°€À°€À°€À°€À°€À(ÄØÀÈÀ°€ÈÝ|Ñ|àÐ°€À°€À°€À°€À°€À°€À°€À°€À(ÄØÀÈÄ°€ÈÝ|Ñ|àÔ°€À°€À°€À°€À°€À°€À°€À°€À(ÄØÀÈÈ°€ÈÝ|Ñ|àØ°€À°€À°€À°€À°€À°€À°€À°€À(ÄØÀÈÌ°€ÈÝ|Ñ|àÜ°€À°€À°€À°€À°€À°€À°€À°€À(ÄØÀÈÐ°€ÈÝ|Ñ|àà°€À°€À°€À°€À°€À°€À°€À°€À(ÄØÀÈÔ°€ÈÝ|Ñ|àä°€À°€À°€À°€À°€À°€À°€À°€À(ÄØÀÈØ°€ÈÝ|Ñ|äÀ°€À°€À°€À°€À°€À°€À°€À°€À(ÄØÀÈÜ°€ÈÝ|Ñ|äÄ°€À°€À°€À°€À°€À°€À°€À°€À(ÄØÀÈà°€ÈÝ|Ñ|äÈ°€À°€À°€À°€À°€À°€À°€À°€À(ÄØÀÈä°€ÈÝ|Ñ|äÌ°€À°€À°€À°€À°€À°€À°€À°€À(ÄØÀÌÀ°€ÈÝ|Ñ|äÐ°€À°€À°€À°€À°€À°€À°€À°€À(ÄØÀÌÄ°€ÈÝ|Ñ|äÔ°€À°€À°€À°€À°€À°€À°€À°€À(ÄØÀÌÈ°€ÈÝ|Õ|ÀÀ°€À°€À°€À°€À°€À°€À°€À°€À(ÄØÀÌÌ°€ÈÝ|Õ|ÀÄ°€À°€À°€À°€À°€À°€À°€À°€À(ÄØÀÌÐ°€ÈÝ|Õ|ÀÈ°€À°€À°€À°€À°€À°€À°€À°€À(ÄØÀÌÔ°€ÈÝ|Õ|ÀÌ°€À°€À°€À°€À°€À°€À°€À°€À(ÄØÀÌØ°€ÈÝ|Õ|ÀÐ°€À°€À°€À°€À°€À°€À°€À°€À(ÄØÀÌÜ°€ÈÝ|Õ|ÀÔ°€À°€À°€À°€À°€À°€À°€À°€À(ÄØÀÌà°€ÈÝ|Õ|ÀØ°€À°€À°€À°€À°€À°€À°€À°€À(ÄØÀÌä°€ÈÝ|Õ|ÀÜ°€À°€À°€À°€À°€À°€À°€À°€À(ÄØÀÐÀ°€ÈÝ|Õ|Àà°€À°€À°€À°€À°€À°€À°€À°€À(ÄØÀÐÄ°€ÈÝ|Õ|Àä°€À°€À°€À°€À°€À°€À°€À°€À(ÄØÀÐÈ°€ÈÝ|Õ|ÄÀ°€À°€À°€À°€À°€À°€À°€À°€À(ÄØÀÐÌ°€ÈÝ|Õ|ÄÄ°€À°€À°€À°€À°€À°€À°€À°€À(ÄØÀÐÐ°€ÈÝ|Õ|ÄÈ°€À°€À°€À°€À°€À°€À°€À°€À(ÄØÀÐÔ°€ÈÝ|Õ|ÄÌ°€À°€À°€À°€À°€À°€À°€À°€À(ÄØÀÐØ°€ÈÝ|Õ|ÄÐ°€À°€À°€À°€À°€À°€À°€À°€À(ÄØÀÐÜ°€ÈÝ|Õ|ÄÔ°€À°€À°€À°€À°€À°€À°€À°€À(ÄØÀÐà°€ÈÝ|Õ|ÄØ°€À°€À°€À°€À°€À°€À°€À°€À(ÄØÀÐä°€ÈÝ|Õ|ÄÜ°€À°€À°€À°€À°€À°€À°€À°€À(ÄØÀÔÀ°€ÈÝ|Õ|Äà°€À°€À°€À°€À°€À°€À°€À°€À(ÄØÀÔÄ°€ÈÝ|Õ|Ää°€À°€À°€À°€À°€À°€À°€À°€À(ÄØÀÔÈ°€ÈÝ|Õ|ÈÀ°€À°€À°€À°€À°€À°€À°€À°€À(ÄØÀÔÌ°€ÈÝ|Õ|ÈÄ°€À°€À°€À°€À°€À°€À°€À°€À(ÄØÀÔÐ°€ÈÝ|Õ|ÈÈ°€À°€À°€À°€À°€À°€À°€À°€À(ÄØÀÔÔ°€ÈÝ|Õ|ÈÌ°€À°€À°€À°€À°€À°€À°€À°€À(ÄØÀÔØ°€ÈÝ|Õ|ÈÐ°€À°€À°€À°€À°€À°€À°€À°€À(ÄØÀÔÜ°€ÈÝ|Õ|ÈÔ°€À°€À°€À°€À°€À°€À°€À°€À(ÄØÀÔà°€ÈÝ|Õ|ÈØ°€À°€À°€À°€À°€À°€À°€À°€À(ÄØÀÔä°€ÈÝ|Õ|ÈÜ°€À°€À°€À°€À°€À°€À°€À°€À(ÄØÀØÀ°€ÈÝ|Õ|Èà°€À°€À°€À°€À°€À°€À°€À°€À(ÄØÀØÄ°€ÈÝ|Õ|Èä°€À°€À°€À°€À°€À°€À°€À°€À(ÄØÀØÈ°€ÈÝ|Õ|ÌÀ°€À°€À°€À°€À°€À°€À°€À°€À(ÄØÀØÌ°€ÈÝ|Õ|ÌÄ°€À°€À°€À°€À°€À°€À°€À°€À(ÄØÀØÐ°€ÈÝ|Õ|ÌÈ°€À°€À°€À°€À°€À°€À°€À°€À(ÄØÀØÔ°€ÈÝ|Õ|ÌÌ°€À°€À°€À°€À°€À°€À°€À°€À(ÄØÀØØ°€ÈÝ|Õ|ÌÐ°€À°€À°€À°€À°€À°€À°€À°€À(ÄØÀØÜ°€ÈÝ|Õ|ÌÔ°€À°€À°€À°€À°€À°€À°€À°€À(ÄØÀØà°€ÈÝ|Õ|ÌØ°€À°€À°€À°€À°€À°€À°€À°€À(ÄØÀØä°€ÈÝ|Õ|ÌÜ°€À°€À°€À°€À°€À°€À°€À°€À(ÄØÀÜÀ°€ÈÝ|Õ|Ìà°€À°€À°€À°€À°€À°€À°€À°€À(ÄØÀÜÄ°€ÈÝ|Õ|Ìä°€À°€À°€À°€À°€À°€À°€À°€À(ÄØÀÜÈ°€ÈÝ|Õ|ÐÀ°€À°€À°€À°€À°€À°€À°€À°€À(ÄØÀÜÌ°€ÈÝ|Õ|ÐÄ°€À°€À°€À°€À°€À°€À°€À°€À(ÄØÀÜÐ°€ÈÝ|Õ|ÐÈ°€À°€À°€À°€À°€À°€À°€À°€À(ÄØÀÜÔ°€ÈÝ|Õ|ÐÌ°€À°€À°€À°€À°€À°€À°€À°€À(ÄØÀÜØ°€ÈÝ|Õ|ÐÐ°€À°€À°€À°€À°€À°€À°€À°€À(ÄØÀÜÜ°€ÈÝ|Õ|ÐÔ°€À°€À°€À°€À°€À°€À°€À°€À(ÄØÀÜà°€ÈÝ|Õ|ÐØ°€À°€À°€À°€À°€À°€À°€À°€À(ÄØÀÜä°€ÈÝ|Õ|ÐÜ°€À°€À°€À°€À°€À°€À°€À°€À(ÄØÀàÀ°€ÈÝ|Õ|Ðà°€À°€À°€À°€À°€À°€À°€À°€À(ÄØÀàÄ°€ÈÝ|Õ|Ðä°€À°€À°€À°€À°€À°€À°€À°€À(ÄØÀàÈ°€ÈÝ|Õ|ÔÀ°€À°€À°€À°€À°€À°€À°€À°€À(ÄØÀàÌ°€ÈÝ|Õ|ÔÄ°€À°€À°€À°€À°€À°€À°€À°€À(ÄØÀàÐ°€ÈÝ|Õ|ÔÈ°€À°€À°€À°€À°€À°€À°€À°€À(ÄØÀàÔ°€ÈÝ|Õ|ÔÌ°€À°€À°€À°€À°€À°€À°€À°€À(ÄØÀàØ°€ÈÝ|Õ|ÔÐ°€À°€À°€À°€À°€À°€À°€À°€À(ÄØÀàÜ°€ÈÝ|Õ|ÔÔ°€À°€À°€À°€À°€À°€À°€À°€À(ÄØÀàà°€ÈÝ|Õ|ÔØ°€À°€À°€À°€À°€À°€À°€À°€À(ÄØÀàä°€ÈÝ|Õ|ÔÜ°€À°€À°€À°€À°€À°€À°€À°€À(ÄØÀäÀ°€ÈÝ|Õ|Ôà°€À°€À°€À°€À°€À°€À°€À°€À(ÄØÀäÄ°€ÈÝ|Õ|Ôä°€À°€À°€À°€À°€À°€À°€À°€À(ÄØÀäÈ°€ÈÝ|Õ|ØÀ°€À°€À°€À°€À°€À°€À°€À°€À(ÄØÀäÌ°€ÈÝ|Õ|ØÄ°€À°€À°€À°€À°€À°€À°€À°€À(ÄØÀäÐ°€ÈÝ|Õ|ØÈ°€À°€À°€À°€À°€À°€À°€À°€À(ÄØÀäÔ°€ÈÝ|Õ|ØÌ°€À°€À°€À°€À°€À°€À°€À°€À(ÄØÀäØ°€ÈÝ|Õ|ØÐ°€À°€À°€À°€À°€À°€À°€À°€À(ÄØÀäÜ°€ÈÝ|Õ|ØÔ°€À°€À°€À°€À°€À°€À°€À°€À(ÄØÀäà°€ÈÝ|Õ|ØØ°€À°€À°€À°€À°€À°€À°€À°€À(ÄØÀää°€ÈÝ|Õ|ØÜ°€À°€À°€À°€À°€À°€À°€À°€À(ÄØÄÀÀ°€ÈÝ|Õ|Øà°€À°€À°€À°€À°€À°€À°€À°€À(ÄØÄÀÄ°€ÈÝ|Õ|Øä°€À°€À°€À°€À°€À°€À°€À°€À(ÄØÄÀÈ°€ÈÝ|Õ|ÜÀ°€À°€À°€À°€À°€À°€À°€À°€À(ÄØÄÀÌ°€ÈÝ|Õ|ÜÄ°€À°€À°€À°€À°€À°€À°€À°€À(ÄØÄÀÐ°€ÈÝ|Õ|ÜÈ°€À°€À°€À°€À°€À°€À°€À°€À(ÄØÄÀÔ°€ÈÝ|Õ|ÜÌ°€À°€À°€À°€À°€À°€À°€À°€À(ÄØÄÀØ°€ÈÝ|Õ|ÜÐ°€À°€À°€À°€À°€À°€À°€À°€À(ÄØÄÀÜ°€ÈÝ|Õ|ÜÔ°€À°€À°€À°€À°€À°€À°€À°€À(ÄØÄÀà°€ÈÝ|Õ|ÜØ°€À°€À°€À°€À°€À°€À°€À°€À(ÄØÄÀä°€ÈÝ|Õ|ÜÜ°€À°€À°€À°€À°€À°€À°€À°€À(ÄØÄÄÀ°€ÈÝ|Õ|Üà°€À°€À°€À°€À°€À°€À°€À°€À(ÄØÄÄÄ°€ÈÝ|Õ|Üä°€À°€À°€À°€À°€À°€À°€À°€À(ÄØÄÄÈ°€ÈÝ|Õ|àÀ°€À°€À°€À°€À°€À°€À°€À°€À(ÄØÄÄÌ°€ÈÝ|Õ|àÄ°€À°€À°€À°€À°€À°€À°€À°€À(ÄØÄÄÐ°€ÈÝ|Õ|àÈ°€À°€À°€À°€À°€À°€À°€À°€À(ÄØÄÄÔ°€ÈÝ|Õ|àÌ°€À°€À°€À°€À°€À°€À°€À°€À(ÄØÄÄØ°€ÈÝ|Õ|àÐ°€À°€À°€À°€À°€À°€À°€À°€À(ÄØÄÄÜ°€ÈÝ|Õ|àÔ°€À°€À°€À°€À°€À°€À°€À°€À(ÄØÄÄà°€ÈÝ|Õ|àØ°€À°€À°€À°€À°€À°€À°€À°€À(ÄØÄÄä°€ÈÝ|Õ|àÜ°€À°€À°€À°€À°€À°€À°€À°€À(ÄØÄÈÀ°€ÈÝ|Õ|àà°€À°€À°€À°€À°€À°€À°€À°€À(ÄØÄÈÄ°€ÈÝ|Õ|àä°€À°€À°€À°€À°€À°€À°€À°€À(ÄØÄÈÈ°€ÈÝ|Õ|äÀ°€À°€À°€À°€À°€À°€À°€À°€À(ÄØÄÈÌ°€ÈÝ|Õ|äÄ°€À°€À°€À°€À°€À°€À°€À°€À(ÄØÄÈÐ°€ÈÝ|Õ|äÈ°€À°€À°€À°€À°€À°€À°€À°€À(ÄØÄÈÔ°€ÈÝ|Õ|äÌ°€À°€À°€À°€À°€À°€À°€À°€À(ÄØÄÈØ°€ÈÝ|Õ|äÐ°€À°€À°€À°€À°€À°€À°€À°€À(ÄØÄÈÜ°€ÈÝ|Õ|äÔ°€À°€À°€À°€À°€À°€À°€À°€À(ÄØÄÈà°€Èá|Á|ÀÀ°€À°€À°€À°€À°€À°€À°€À°€À(ÄØÄÈä°€Èá|Á|ÀÄ°€À°€À°€À°€À°€À°€À°€À°€À(ÄØÄÌÀ°€Èá|Á|ÀÈ°€À°€À°€À°€À°€À°€À°€À°€À(ÄØÄÌÄ°€Èá|Á|ÀÌ°€À°€À°€À°€À°€À°€À°€À°€À(ÄØÄÌÈ°€Èá|Á|ÀÐ°€À°€À°€À°€À°€À°€À°€À°€À(ÄØÄÌÌ°€Èá|Á|ÀÔ°€À°€À°€À°€À°€À°€À°€À°€À(ÄØÄÌÐ°€Èá|Á|ÀØ°€À°€À°€À°€À°€À°€À°€À°€À(ÄØÄÌÔ°€Èá|Á|ÀÜ°€À°€À°€À°€À°€À°€À°€À°€À(ÄØÄÌØ°€Èá|Á|Àà°€À°€À°€À°€À°€À°€À°€À°€À(ÄØÄÌÜ°€Èá|Á|Àä°€À°€À°€À°€À°€À°€À°€À°€À(ÄØÄÌà°€Èá|Á|ÄÀ°€À°€À°€À°€À°€À°€À°€À°€À(ÄØÄÌä°€Èá|Á|ÄÄ°€À°€À°€À°€À°€À°€À°€À°€À(ÄØÄÐÀ°€Èá|Á|ÄÈ°€À°€À°€À°€À°€À°€À°€À°€À(ÄØÄÐÄ°€Èá|Á|ÄÌ°€À°€À°€À°€À°€À°€À°€À°€À(ÄØÄÐÈ°€Èá|Á|ÄÐ°€À°€À°€À°€À°€À°€À°€À°€À(ÄØÄÐÌ°€Èá|Á|ÄÔ°€À°€À°€À°€À°€À°€À°€À°€À(ÄØÄÐÐ°€Èá|Á|ÄØ°€À°€À°€À°€À°€À°€À°€À°€À(ÄØÄÐÔ°€Èá|Á|ÄÜ°€À°€À°€À°€À°€À°€À°€À°€À(ÄØÄÐØ°€Èá|Á|Äà°€À°€À°€À°€À°€À°€À°€À°€À(ÄØÄÐÜ°€Èá|Á|Ää°€À°€À°€À°€À°€À°€À°€À°€À(ÄØÄÐà°€Èá|Á|ÈÀ°€À°€À°€À°€À°€À°€À°€À°€À(ÄØÄÐä°€Èá|Á|ÈÄ°€À°€À°€À°€À°€À°€À°€À°€À(ÄØÄÔÀ°€Èá|Á|ÈÈ°€À°€À°€À°€À°€À°€À°€À°€À(ÄØÄÔÄ°€Èá|Á|ÈÌ°€À°€À°€À°€À°€À°€À°€À°€À(ÄØÄÔÈ°€Èá|Á|ÈÐ°€À°€À°€À°€À°€À°€À°€À°€À(ÄØÄÔÌ°€Èá|Á|ÈÔ°€À°€À°€À°€À°€À°€À°€À°€À(ÄØÄÔÐ°€Èá|Á|ÈØ°€À°€À°€À°€À°€À°€À°€À°€À(ÄØÄÔÔ°€Èá|Á|ÈÜ°€À°€À°€À°€À°€À°€À°€À°€À(ÄØÄÔØ°€Èá|Á|Èà°€À°€À°€À°€À°€À°€À°€À°€À(ÄØÄÔÜ°€Èá|Á|Èä°€À°€À°€À°€À°€À°€À°€À°€À(ÄØÄÔà°€Èá|Á|ÌÀ°€À°€À°€À°€À°€À°€À°€À°€À(ÄØÄÔä°€Èá|Á|ÌÄ°€À°€À°€À°€À°€À°€À°€À°€À(ÄØÄØÀ°€Èá|Á|ÌÈ°€À°€À°€À°€À°€À°€À°€À°€À(ÄØÄØÄ°€Èá|Á|ÌÌ°€À°€À°€À°€À°€À°€À°€À°€À(ÄØÄØÈ°€Èá|Á|ÌÐ°€À°€À°€À°€À°€À°€À°€À°€À(ÄØÄØÌ°€Èá|Á|ÌÔ°€À°€À°€À°€À°€À°€À°€À°€À(ÄØÄØÐ°€Èá|Á|ÌØ°€À°€À°€À°€À°€À°€À°€À°€À(ÄØÄØÔ°€Èá|Á|ÌÜ°€À°€À°€À°€À°€À°€À°€À°€À(ÄØÄØØ°€Èá|Á|Ìà°€À°€À°€À°€À°€À°€À°€À°€À(ÄØÄØÜ°€Èá|Á|Ìä°€À°€À°€À°€À°€À°€À°€À°€À(ÄØÄØà°€Èá|Á|ÐÀ°€À°€À°€À°€À°€À°€À°€À°€À(ÄØÄØä°€Èá|Á|ÐÄ°€À°€À°€À°€À°€À°€À°€À°€À(ÄØÄÜÀ°€Èá|Á|ÐÈ°€À°€À°€À°€À°€À°€À°€À°€À(ÄØÄÜÄ°€Èá|Á|ÐÌ°€À°€À°€À°€À°€À°€À°€À°€À(ÄØÄÜÈ°€Èá|Á|ÐÐ°€À°€À°€À°€À°€À°€À°€À°€À(ÄØÄÜÌ°€Èá|Á|ÐÔ°€À°€À°€À°€À°€À°€À°€À°€À(ÄØÄÜÐ°€Èá|Á|ÐØ°€À°€À°€À°€À°€À°€À°€À°€À(ÄØÄÜÔ°€Èá|Á|ÐÜ°€À°€À°€À°€À°€À°€À°€À°€À(ÄØÄÜØ°€Èá|Á|Ðà°€À°€À°€À°€À°€À°€À°€À°€À(ÄØÄÜÜ°€Èá|Á|Ðä°€À°€À°€À°€À°€À°€À°€À°€À(ÄØÄÜà°€Èá|Á|ÔÀ°€À°€À°€À°€À°€À°€À°€À°€À(ÄØÄÜä°€Èá|Á|ÔÄ°€À°€À°€À°€À°€À°€À°€À°€À(ÄØÄàÀ°€Èá|Á|ÔÈ°€À°€À°€À°€À°€À°€À°€À°€À(ÄØÄàÄ°€Èá|Á|ÔÌ°€À°€À°€À°€À°€À°€À°€À°€À(ÄØÄàÈ°€Èá|Á|ÔÐ°€À°€À°€À°€À°€À°€À°€À°€À(ÄØÄàÌ°€Èá|Á|ÔÔ°€À°€À°€À°€À°€À°€À°€À°€À(ÄØÄàÐ°€Èá|Á|ÔØ°€À°€À°€À°€À°€À°€À°€À°€À(ÄØÄàÔ°€Èá|Á|ÔÜ°€À°€À°€À°€À°€À°€À°€À°€À(ÄØÄàØ°€Èá|Á|Ôà°€À°€À°€À°€À°€À°€À°€À°€À(ÄØÄàÜ°€Èá|Á|Ôä°€À°€À°€À°€À°€À°€À°€À°€À(ÄØÄàà°€Èá|Á|ØÀ°€À°€À°€À°€À°€À°€À°€À°€À(ÄØÄàä°€Èá|Á|ØÄ°€À°€À°€À°€À°€À°€À°€À°€À(ÄØÄäÀ°€Èá|Á|ØÈ°€À°€À°€À°€À°€À°€À°€À°€À(ÄØÄäÄ°€Èá|Á|ØÌ°€À°€À°€À°€À°€À°€À°€À°€À(ÄØÄäÈ°€Èá|Á|ØÐ°€À°€À°€À°€À°€À°€À°€À°€À(ÄØÄäÌ°€Èá|Á|ØÔ°€À°€À°€À°€À°€À°€À°€À°€À(ÄØÄäÐ°€Èá|Á|ØØ°€À°€À°€À°€À°€À°€À°€À°€À(ÄØÄäÔ°€Èá|Á|ØÜ°€À°€À°€À°€À°€À°€À°€À°€À(ÄØÄäØ°€Èá|Á|Øà°€À°€À°€À°€À°€À°€À°€À°€À(ÄØÄäÜ°€Èá|Á|Øä°€À°€À°€À°€À°€À°€À°€À°€À(ÄØÄäà°€Èá|Á|ÜÀ°€À°€À°€À°€À°€À°€À°€À°€À(ÄØÄää°€Èá|Á|ÜÄ°€À°€À°€À°€À°€À°€À°€À°€À(ÄØÈÀÀ°€Èá|Á|ÜÈ°€À°€À°€À°€À°€À°€À°€À°€À(ÄØÈÀÄ°€Èá|Á|ÜÌ°€À°€À°€À°€À°€À°€À°€À°€À(ÄØÈÀÈ°€Èá|Á|ÜÐ°€À°€À°€À°€À°€À°€À°€À°€À(ÄØÈÀÌ°€Èá|Á|ÜÔ°€À°€À°€À°€À°€À°€À°€À°€À(ÄØÈÀÐ°€Èá|Á|ÜØ°€À°€À°€À°€À°€À°€À°€À°€À(ÄØÈÀÔ°€Èá|Á|ÜÜ°€À°€À°€À°€À°€À°€À°€À°€À(ÄØÈÀØ°€Èá|Á|Üà°€À°€À°€À°€À°€À°€À°€À°€À(ÄØÈÀÜ°€Èá|Á|Üä°€À°€À°€À°€À°€À°€À°€À°€À(ÄØÈÀà°€Èá|Á|àÀ°€À°€À°€À°€À°€À°€À°€À°€À(ÄØÈÀä°€Èá|Á|àÄ°€À°€À°€À°€À°€À°€À°€À°€À(ÄØÈÄÀ°€Èá|Á|àÈ°€À°€À°€À°€À°€À°€À°€À°€À(ÄØÈÄÄ°€Èá|Á|àÌ°€À°€À°€À°€À°€À°€À°€À°€À(ÄØÈÄÈ°€Èá|Á|àÐ°€À°€À°€À°€À°€À°€À°€À°€À(ÄØÈÄÌ°€Èá|Á|àÔ°€À°€À°€À°€À°€À°€À°€À°€À(ÄØÈÄÐ°€Èá|Á|àØ°€À°€À°€À°€À°€À°€À°€À°€À(ÄØÈÄÔ°€Èá|Á|àÜ°€À°€À°€À°€À°€À°€À°€À°€À(ÄØÈÄØ°€Èá|Á|àà°€À°€À°€À°€À°€À°€À°€À°€À(ÄØÈÄÜ°€Èá|Á|àä°€À°€À°€À°€À°€À°€À°€À°€À(ÄØÈÄà°€Èá|Á|äÀ°€À°€À°€À°€À°€À°€À°€À°€À(ÄØÈÄä°€Èá|Á|äÄ°€À°€À°€À°€À°€À°€À°€À°€À(ÄØÈÈÀ°€Èá|Á|äÈ°€À°€À°€À°€À°€À°€À°€À°€À(ÄØÈÈÄ°€Èá|Á|äÌ°€À°€À°€À°€À°€À°€À°€À°€À(ÄØÈÈÈ°€Èá|Á|äÐ°€À°€À°€À°€À°€À°€À°€À°€À(ÄØÈÈÌ°€Èá|Á|äÔ°€À°€À°€À°€À°€À°€À°€À°€À(ÄØÈÈÐ°€Èá|Å|ÀÀ°€À°€À°€À°€À°€À°€À°€À°€À(ÄØÈÈÔ°€Èá|Å|ÀÄ°€À°€À°€À°€À°€À°€À°€À°€À(ÄØÈÈØ°€Èá|Å|ÀÈ°€À°€À°€À°€À°€À°€À°€À°€À(ÄØÈÈÜ°€Èá|Å|ÀÌ°€À°€À°€À°€À°€À°€À°€À°€À(ÄØÈÈà°€Èá|Å|ÀÐ°€À°€À°€À°€À°€À°€À°€À°€À(ÄØÈÈä°€Èá|Å|ÀÔ°€À°€À°€À°€À°€À°€À°€À°€À(ÄØÈÌÀ°€Èá|Å|ÀØ°€À°€À°€À°€À°€À°€À°€À°€À(ÄØÈÌÄ°€Èá|Å|ÀÜ°€À°€À°€À°€À°€À°€À°€À°€À(ÄØÈÌÈ°€Èá|Å|Àà°€À°€À°€À°€À°€À°€À°€À°€À(ÄØÈÌÌ°€Èá|Å|Àä°€À°€À°€À°€À°€À°€À°€À°€À(ÄØÈÌÐ°€Èá|Å|ÄÀ°€À°€À°€À°€À°€À°€À°€À°€À(ÄØÈÌÔ°€Èá|Å|ÄÄ°€À°€À°€À°€À°€À°€À°€À°€À(ÄØÈÌØ°€Èá|Å|ÄÈ°€À°€À°€À°€À°€À°€À°€À°€À(ÄØÈÌÜ°€Èá|Å|ÄÌ°€À°€À°€À°€À°€À°€À°€À°€À(ÄØÈÌà°€Èá|Å|ÄÐ°€À°€À°€À°€À°€À°€À°€À°€À(ÄØÈÌä°€Èá|Å|ÄÔ°€À°€À°€À°€À°€À°€À°€À°€À(ÄØÈÐÀ°€Èá|Å|ÄØ°€À°€À°€À°€À°€À°€À°€À°€À(ÄØÈÐÄ°€Èá|Å|ÄÜ°€À°€À°€À°€À°€À°€À°€À°€À(ÄØÈÐÈ°€Èá|Å|Äà°€À°€À°€À°€À°€À°€À°€À°€À(ÄØÈÐÌ°€Èá|Å|Ää°€À°€À°€À°€À°€À°€À°€À°€À(ÄØÈÐÐ°€Èá|Å|ÈÀ°€À°€À°€À°€À°€À°€À°€À°€À(ÄØÈÐÔ°€Èá|Å|ÈÄ°€À°€À°€À°€À°€À°€À°€À°€À(ÄØÈÐØ°€Èá|Å|ÈÈ°€À°€À°€À°€À°€À°€À°€À°€À(ÄØÈÐÜ°€Èá|Å|ÈÌ°€À°€À°€À°€À°€À°€À°€À°€À(ÄØÈÐà°€Èá|Å|ÈÐ°€À°€À°€À°€À°€À°€À°€À°€À(ÄØÈÐä°€Èá|Å|ÈÔ°€À°€À°€À°€À°€À°€À°€À°€À(ÄØÈÔÀ°€Èá|Å|ÈØ°€À°€À°€À°€À°€À°€À°€À°€À(ÄØÈÔÄ°€Èá|Å|ÈÜ°€À°€À°€À°€À°€À°€À°€À°€À(ÄØÈÔÈ°€Èá|Å|Èà°€À°€À°€À°€À°€À°€À°€À°€À(ÄØÈÔÌ°€Èá|Å|Èä°€À°€À°€À°€À°€À°€À°€À°€À(ÄØÈÔÐ°€Èá|Å|ÌÀ°€À°€À°€À°€À°€À°€À°€À°€À(ÄØÈÔÔ°€Èá|Å|ÌÄ°€À°€À°€À°€À°€À°€À°€À°€À(ÄØÈÔØ°€Èá|Å|ÌÈ°€À°€À°€À°€À°€À°€À°€À°€À(ÄØÈÔÜ°€Èá|Å|ÌÌ°€À°€À°€À°€À°€À°€À°€À°€À(ÄØÈÔà°€Èá|Å|ÌÐ°€À°€À°€À°€À°€À°€À°€À°€À(ÄØÈÔä°€Èá|Å|ÌÔ°€À°€À°€À°€À°€À°€À°€À°€À(ÄØÈØÀ°€Èá|Å|ÌØ°€À°€À°€À°€À°€À°€À°€À°€À(ÄØÈØÄ°€Èá|Å|ÌÜ°€À°€À°€À°€À°€À°€À°€À°€À(ÄØÈØÈ°€Èá|Å|Ìà°€À°€À°€À°€À°€À°€À°€À°€À(ÄØÈØÌ°€Èá|Å|Ìä°€À°€À°€À°€À°€À°€À°€À°€À(ÄØÈØÐ°€Èá|Å|ÐÀ°€À°€À°€À°€À°€À°€À°€À°€À(ÄØÈØÔ°€Èá|Å|ÐÄ°€À°€À°€À°€À°€À°€À°€À°€À(ÄØÈØØ°€Èá|Å|ÐÈ°€À°€À°€À°€À°€À°€À°€À°€À(ÄØÈØÜ°€Èá|Å|ÐÌ°€À°€À°€À°€À°€À°€À°€À°€À(ÄØÈØà°€Èá|Å|ÐÐ°€À°€À°€À°€À°€À°€À°€À°€À(ÄØÈØä°€Èá|Å|ÐÔ°€À°€À°€À°€À°€À°€À°€À°€À(ÄØÈÜÀ°€Èá|Å|ÐØ°€À°€À°€À°€À°€À°€À°€À°€À(ÄØÈÜÄ°€Èá|Å|ÐÜ°€À°€À°€À°€À°€À°€À°€À°€À(ÄØÈÜÈ°€Èá|Å|Ðà°€À°€À°€À°€À°€À°€À°€À°€À(ÄØÈÜÌ°€Èá|Å|Ðä°€À°€À°€À°€À°€À°€À°€À°€À(ÄØÈÜÐ°€Èá|Å|ÔÀ°€À°€À°€À°€À°€À°€À°€À°€À(ÄØÈÜÔ°€Èá|Å|ÔÄ°€À°€À°€À°€À°€À°€À°€À°€À(ÄØÈÜØ°€Èá|Å|ÔÈ°€À°€À°€À°€À°€À°€À°€À°€À(ÄØÈÜÜ°€Èá|Å|ÔÌ°€À°€À°€À°€À°€À°€À°€À°€À(ÄØÈÜà°€Èá|Å|ÔÐ°€À°€À°€À°€À°€À°€À°€À°€À(ÄØÈÜä°€Èá|Å|ÔÔ°€À°€À°€À°€À°€À°€À°€À°€À(ÄØÈàÀ°€Èá|Å|ÔØ°€À°€À°€À°€À°€À°€À°€À°€À(ÄØÈàÄ°€Èá|Å|ÔÜ°€À°€À°€À°€À°€À°€À°€À°€À(ÄØÈàÈ°€Èá|Å|Ôà°€À°€À°€À°€À°€À°€À°€À°€À(ÄØÈàÌ°€Èá|Å|Ôä°€À°€À°€À°€À°€À°€À°€À°€À(ÄØÈàÐ°€Èá|Å|ØÀ°€À°€À°€À°€À°€À°€À°€À°€À(ÄØÈàÔ°€Èá|Å|ØÄ°€À°€À°€À°€À°€À°€À°€À°€À(ÄØÈàØ°€Èá|Å|ØÈ°€À°€À°€À°€À°€À°€À°€À°€À(ÄØÈàÜ°€Èá|Å|ØÌ°€À°€À°€À°€À°€À°€À°€À°€À(ÄØÈàà°€Èá|Å|ØÐ°€À°€À°€À°€À°€À°€À°€À°€À(ÄØÈàä°€Èá|Å|ØÔ°€À°€À°€À°€À°€À°€À°€À°€À(ÄØÈäÀ°€Èá|Å|ØØ°€À°€À°€À°€À°€À°€À°€À°€À(ÄØÈäÄ°€Èá|Å|ØÜ°€À°€À°€À°€À°€À°€À°€À°€À(ÄØÈäÈ°€Èá|Å|Øà°€À°€À°€À°€À°€À°€À°€À°€À(ÄØÈäÌ°€Èá|Å|Øä°€À°€À°€À°€À°€À°€À°€À°€À(ÄØÈäÐ°€Èá|Å|ÜÀ°€À°€À°€À°€À°€À°€À°€À°€À(ÄØÈäÔ°€Èá|Å|ÜÄ°€À°€À°€À°€À°€À°€À°€À°€À(ÄØÈäØ°€Èá|Å|ÜÈ°€À°€À°€À°€À°€À°€À°€À°€À(ÄØÈäÜ°€Èá|Å|ÜÌ°€À°€À°€À°€À°€À°€À°€À°€À(ÄØÈäà°€Èá|Å|ÜÐ°€À°€À°€À°€À°€À°€À°€À°€À(ÄØÈää°€Èá|Å|ÜÔ°€À°€À°€À°€À°€À°€À°€À°€À(ÄØÌÀÀ°€Èá|Å|ÜØ°€À°€À°€À°€À°€À°€À°€À°€À(ÄØÌÀÄ°€Èá|Å|ÜÜ°€À°€À°€À°€À°€À°€À°€À°€À(ÄØÌÀÈ°€Èá|Å|Üà°€À°€À°€À°€À°€À°€À°€À°€À(ÄØÌÀÌ°€Èá|Å|Üä°€À°€À°€À°€À°€À°€À°€À°€À(ÄØÌÀÐ°€Èá|Å|àÀ°€À°€À°€À°€À°€À°€À°€À°€À(ÄØÌÀÔ°€Èá|Å|àÄ°€À°€À°€À°€À°€À°€À°€À°€À(ÄØÌÀØ°€Èá|Å|àÈ°€À°€À°€À°€À°€À°€À°€À°€À(ÄØÌÀÜ°€Èá|Å|àÌ°€À°€À°€À°€À°€À°€À°€À°€À(ÄØÌÀà°€Èá|Å|àÐ°€À°€À°€À°€À°€À°€À°€À°€À(ÄØÌÀä°€Èá|Å|àÔ°€À°€À°€À°€À°€À°€À°€À°€À(ÄØÌÄÀ°€Èá|Å|àØ°€À°€À°€À°€À°€À°€À°€À°€À(ÄØÌÄÄ°€Èá|Å|àÜ°€À°€À°€À°€À°€À°€À°€À°€À(ÄØÌÄÈ°€Èá|Å|àà°€À°€À°€À°€À°€À°€À°€À°€À(ÄØÌÄÌ°€Èá|Å|àä°€À°€À°€À°€À°€À°€À°€À°€À(ÄØÌÄÐ°€Èá|Å|äÀ°€À°€À°€À°€À°€À°€À°€À°€À(ÄØÌÄÔ°€Èá|Å|äÄ°€À°€À°€À°€À°€À°€À°€À°€À(ÄØÌÄØ°€Èá|Å|äÈ°€À°€À°€À°€À°€À°€À°€À°€À(ÄØÌÄÜ°€Èá|Å|äÌ°€À°€À°€À°€À°€À°€À°€À°€À(ÄØÌÄà°€Èá|Å|äÐ°€À°€À°€À°€À°€À°€À°€À°€À(ÄØÌÄä°€Èá|Å|äÔ°€À°€À°€À°€À°€À°€À°€À°€À(ÄØÌÈÀ°€Èá|É|ÀÀ°€À°€À°€À°€À°€À°€À°€À°€À(ÄØÌÈÄ°€Èá|É|ÀÄ°€À°€À°€À°€À°€À°€À°€À°€À(ÄØÌÈÈ°€Èá|É|ÀÈ°€À°€À°€À°€À°€À°€À°€À°€À(ÄØÌÈÌ°€Èá|É|ÀÌ°€À°€À°€À°€À°€À°€À°€À°€À(ÄØÌÈÐ°€Èá|É|ÀÐ°€À°€À°€À°€À°€À°€À°€À°€À(ÄØÌÈÔ°€Èá|É|ÀÔ°€À°€À°€À°€À°€À°€À°€À°€À(ÄØÌÈØ°€Èá|É|ÀØ°€À°€À°€À°€À°€À°€À°€À°€À(ÄØÌÈÜ°€Èá|É|ÀÜ°€À°€À°€À°€À°€À°€À°€À°€À(ÄØÌÈà°€Èá|É|Àà°€À°€À°€À°€À°€À°€À°€À°€À(ÄØÌÈä°€Èá|É|Àä°€À°€À°€À°€À°€À°€À°€À°€À(ÄØÌÌÀ°€Èá|É|ÄÀ°€À°€À°€À°€À°€À°€À°€À°€À(ÄØÌÌÄ°€Èá|É|ÄÄ°€À°€À°€À°€À°€À°€À°€À°€À(ÄØÌÌÈ°€Èá|É|ÄÈ°€À°€À°€À°€À°€À°€À°€À°€À(ÄØÌÌÌ°€Èá|É|ÄÌ°€À°€À°€À°€À°€À°€À°€À°€À(ÄØÌÌÐ°€Èá|É|ÄÐ°€À°€À°€À°€À°€À°€À°€À°€À(ÄØÌÌÔ°€Èá|É|ÄÔ°€À°€À°€À°€À°€À°€À°€À°€À(ÄØÌÌØ°€Èá|É|ÄØ°€À°€À°€À°€À°€À°€À°€À°€À(ÄØÌÌÜ°€Èá|É|ÄÜ°€À°€À°€À°€À°€À°€À°€À°€À(ÄØÌÌà°€Èá|É|Äà°€À°€À°€À°€À°€À°€À°€À°€À(ÄØÌÌä°€Èá|É|Ää°€À°€À°€À°€À°€À°€À°€À°€À(ÄØÌÐÀ°€Èá|É|ÈÀ°€À°€À°€À°€À°€À°€À°€À°€À(ÄØÌÐÄ°€Èá|É|ÈÄ°€À°€À°€À°€À°€À°€À°€À°€À(ÄØÌÐÈ°€Èá|É|ÈÈ°€À°€À°€À°€À°€À°€À°€À°€À(ÄØÌÐÌ°€Èá|É|ÈÌ°€À°€À°€À°€À°€À°€À°€À°€À(ÄØÌÐÐ°€Èá|É|ÈÐ°€À°€À°€À°€À°€À°€À°€À°€À(ÄØÌÐÔ°€Èá|É|ÈÔ°€À°€À°€À°€À°€À°€À°€À°€À(ÄØÌÐØ°€Èá|É|ÈØ°€À°€À°€À°€À°€À°€À°€À°€À(ÄØÌÐÜ°€Èá|É|ÈÜ°€À°€À°€À°€À°€À°€À°€À°€À(ÄØÌÐà°€Èá|É|Èà°€À°€À°€À°€À°€À°€À°€À°€À(ÄØÌÐä°€Èá|É|Èä°€À°€À°€À°€À°€À°€À°€À°€À(ÄØÌÔÀ°€Èá|É|ÌÀ°€À°€À°€À°€À°€À°€À°€À°€À(ÄØÌÔÄ°€Èá|É|ÌÄ°€À°€À°€À°€À°€À°€À°€À°€À(ÄØÌÔÈ°€Èá|É|ÌÈ°€À°€À°€À°€À°€À°€À°€À°€À(ÄØÌÔÌ°€Èá|É|ÌÌ°€À°€À°€À°€À°€À°€À°€À°€À(ÄØÌÔÐ°€Èá|É|ÌÐ°€À°€À°€À°€À°€À°€À°€À°€À(ÄØÌÔÔ°€Èá|É|ÌÔ°€À°€À°€À°€À°€À°€À°€À°€À(ÄØÌÔØ°€Èá|É|ÌØ°€À°€À°€À°€À°€À°€À°€À°€À(ÄØÌÔÜ°€Èá|É|ÌÜ°€À°€À°€À°€À°€À°€À°€À°€À(ÄØÌÔà°€Èá|É|Ìà°€À°€À°€À°€À°€À°€À°€À°€À(ÄØÌÔä°€Èá|É|Ìä°€À°€À°€À°€À°€À°€À°€À°€À(ÄØÌØÀ°€Èá|É|ÐÀ°€À°€À°€À°€À°€À°€À°€À°€À(ÄØÌØÄ°€Èá|É|ÐÄ°€À°€À°€À°€À°€À°€À°€À°€À(ÄØÌØÈ°€Èá|É|ÐÈ°€À°€À°€À°€À°€À°€À°€À°€À(ÄØÌØÌ°€Èá|É|ÐÌ°€À°€À°€À°€À°€À°€À°€À°€À(ÄØÌØÐ°€Èá|É|ÐÐ°€À°€À°€À°€À°€À°€À°€À°€À(ÄØÌØÔ°€Èá|É|ÐÔ°€À°€À°€À°€À°€À°€À°€À°€À(ÄØÌØØ°€Èá|É|ÐØ°€À°€À°€À°€À°€À°€À°€À°€À(ÄØÌØÜ°€Èá|É|ÐÜ°€À°€À°€À°€À°€À°€À°€À°€À(ÄØÌØà°€Èá|É|Ðà°€À°€À°€À°€À°€À°€À°€À°€À(ÄØÌØä°€Èá|É|Ðä°€À°€À°€À°€À°€À°€À°€À°€À(ÄØÌÜÀ°€Èá|É|ÔÀ°€À°€À°€À°€À°€À°€À°€À°€À(ÄØÌÜÄ°€Èá|É|ÔÄ°€À°€À°€À°€À°€À°€À°€À°€À(ÄØÌÜÈ°€Èá|É|ÔÈ°€À°€À°€À°€À°€À°€À°€À°€À(ÄØÌÜÌ°€Èá|É|ÔÌ°€À°€À°€À°€À°€À°€À°€À°€À(ÄØÌÜÐ°€Èá|É|ÔÐ°€À°€À°€À°€À°€À°€À°€À°€À(ÄØÌÜÔ°€Èá|É|ÔÔ°€À°€À°€À°€À°€À°€À°€À°€À(ÄØÌÜØ°€Èá|É|ÔØ°€À°€À°€À°€À°€À°€À°€À°€À(ÄØÌÜÜ°€Èá|É|ÔÜ°€À°€À°€À°€À°€À°€À°€À°€À(ÄØÌÜà°€Èá|É|Ôà°€À°€À°€À°€À°€À°€À°€À°€À(ÄØÌÜä°€Èá|É|Ôä°€À°€À°€À°€À°€À°€À°€À°€À(ÄØÌàÀ°€Èá|É|ØÀ°€À°€À°€À°€À°€À°€À°€À°€À(ÄØÌàÄ°€Èá|É|ØÄ°€À°€À°€À°€À°€À°€À°€À°€À(ÄØÌàÈ°€Èá|É|ØÈ°€À°€À°€À°€À°€À°€À°€À°€À(ÄØÌàÌ°€Èá|É|ØÌ°€À°€À°€À°€À°€À°€À°€À°€À(ÄØÌàÐ°€Èá|É|ØÐ°€À°€À°€À°€À°€À°€À°€À°€À(ÄØÌàÔ°€Èá|É|ØÔ°€À°€À°€À°€À°€À°€À°€À°€À(ÄØÌàØ°€Èá|É|ØØ°€À°€À°€À°€À°€À°€À°€À°€À(ÄØÌàÜ°€Èá|É|ØÜ°€À°€À°€À°€À°€À°€À°€À°€À(ÄØÌàà°€Èá|É|Øà°€À°€À°€À°€À°€À°€À°€À°€À(ÄØÌàä°€Èá|É|Øä°€À°€À°€À°€À°€À°€À°€À°€À(ÄØÌäÀ°€Èá|É|ÜÀ°€À°€À°€À°€À°€À°€À°€À°€À(ÄØÌäÄ°€Èá|É|ÜÄ°€À°€À°€À°€À°€À°€À°€À°€À(ÄØÌäÈ°€Èá|É|ÜÈ°€À°€À°€À°€À°€À°€À°€À°€À(ÄØÌäÌ°€Èá|É|ÜÌ°€À°€À°€À°€À°€À°€À°€À°€À(ÄØÌäÐ°€Èá|É|ÜÐ°€À°€À°€À°€À°€À°€À°€À°€À(ÄØÌäÔ°€Èá|É|ÜÔ°€À°€À°€À°€À°€À°€À°€À°€À(ÄØÌäØ°€Èá|É|ÜØ°€À°€À°€À°€À°€À°€À°€À°€À(ÄØÌäÜ°€Èá|É|ÜÜ°€À°€À°€À°€À°€À°€À°€À°€À(ÄØÌäà°€Èá|É|Üà°€À°€À°€À°€À°€À°€À°€À°€À(ÄØÌää°€Èá|É|Üä°€À°€À°€À°€À°€À°€À°€À°€À(ÄØÐÀÀ°€Èá|É|àÀ°€À°€À°€À°€À°€À°€À°€À°€À(ÄØÐÀÄ°€Èá|É|àÄ°€À°€À°€À°€À°€À°€À°€À°€À(ÄØÐÀÈ°€Èá|É|àÈ°€À°€À°€À°€À°€À°€À°€À°€À(ÄØÐÀÌ°€Èá|É|àÌ°€À°€À°€À°€À°€À°€À°€À°€À(ÄØÐÀÐ°€Èá|É|àÐ°€À°€À°€À°€À°€À°€À°€À°€À(ÄØÐÀÔ°€Èá|É|àÔ°€À°€À°€À°€À°€À°€À°€À°€À(ÄØÐÀØ°€Èá|É|àØ°€À°€À°€À°€À°€À°€À°€À°€À(ÄØÐÀÜ°€Èá|É|àÜ°€À°€À°€À°€À°€À°€À°€À°€À(ÄØÐÀà°€Èá|É|àà°€À°€À°€À°€À°€À°€À°€À°€À(ÄØÐÀä°€Èá|É|àä°€À°€À°€À°€À°€À°€À°€À°€À(ÄØÐÄÀ°€Èá|É|äÀ°€À°€À°€À°€À°€À°€À°€À°€À(ÄØÐÄÄ°€Èá|É|äÄ°€À°€À°€À°€À°€À°€À°€À°€À(ÄØÐÄÈ°€Èá|É|äÈ°€À°€À°€À°€À°€À°€À°€À°€À(ÄØÐÄÌ°€Èá|É|äÌ°€À°€À°€À°€À°€À°€À°€À°€À(ÄØÐÄÐ°€Èá|É|äÐ°€À°€À°€À°€À°€À°€À°€À°€À(ÄØÐÄÔ°€Èá|É|äÔ°€À°€À°€À°€À°€À°€À°€À°€À(ÄØÐÄØ°€Èá|Í|ÀÀ°€À°€À°€À°€À°€À°€À°€À°€À(ÄØÐÄÜ°€Èá|Í|ÀÄ°€À°€À°€À°€À°€À°€À°€À°€À(ÄØÐÄà°€Èá|Í|ÀÈ°€À°€À°€À°€À°€À°€À°€À°€À(ÄØÐÄä°€Èá|Í|ÀÌ°€À°€À°€À°€À°€À°€À°€À°€À(ÄØÐÈÀ°€Èá|Í|ÀÐ°€À°€À°€À°€À°€À°€À°€À°€À(ÄØÐÈÄ°€Èá|Í|ÀÔ°€À°€À°€À°€À°€À°€À°€À°€À(ÄØÐÈÈ°€Èá|Í|ÀØ°€À°€À°€À°€À°€À°€À°€À°€À(ÄØÐÈÌ°€Èá|Í|ÀÜ°€À°€À°€À°€À°€À°€À°€À°€À(ÄØÐÈÐ°€Èá|Í|Àà°€À°€À°€À°€À°€À°€À°€À°€À(ÄØÐÈÔ°€Èá|Í|Àä°€À°€À°€À°€À°€À°€À°€À°€À(ÄØÐÈØ°€Èá|Í|ÄÀ°€À°€À°€À°€À°€À°€À°€À°€À(ÄØÐÈÜ°€Èá|Í|ÄÄ°€À°€À°€À°€À°€À°€À°€À°€À(ÄØÐÈà°€Èá|Í|ÄÈ°€À°€À°€À°€À°€À°€À°€À°€À(ÄØÐÈä°€Èá|Í|ÄÌ°€À°€À°€À°€À°€À°€À°€À°€À(ÄØÐÌÀ°€Èá|Í|ÄÐ°€À°€À°€À°€À°€À°€À°€À°€À(ÄØÐÌÄ°€Èá|Í|ÄÔ°€À°€À°€À°€À°€À°€À°€À°€À(ÄØÐÌÈ°€Èá|Í|ÄØ°€À°€À°€À°€À°€À°€À°€À°€À(ÄØÐÌÌ°€Èá|Í|ÄÜ°€À°€À°€À°€À°€À°€À°€À°€À(ÄØÐÌÐ°€Èá|Í|Äà°€À°€À°€À°€À°€À°€À°€À°€À(ÄØÐÌÔ°€Èá|Í|Ää°€À°€À°€À°€À°€À°€À°€À°€À(ÄØÐÌØ°€Èá|Í|ÈÀ°€À°€À°€À°€À°€À°€À°€À°€À(ÄØÐÌÜ°€Èá|Í|ÈÄ°€À°€À°€À°€À°€À°€À°€À°€À(ÄØÐÌà°€Èá|Í|ÈÈ°€À°€À°€À°€À°€À°€À°€À°€À(ÄØÐÌä°€Èá|Í|ÈÌ°€À°€À°€À°€À°€À°€À°€À°€À(ÄØÐÐÀ°€Èá|Í|ÈÐ°€À°€À°€À°€À°€À°€À°€À°€À(ÄØÐÐÄ°€Èá|Í|ÈÔ°€À°€À°€À°€À°€À°€À°€À°€À(ÄØÐÐÈ°€Èá|Í|ÈØ°€À°€À°€À°€À°€À°€À°€À°€À(ÄØÐÐÌ°€Èá|Í|ÈÜ°€À°€À°€À°€À°€À°€À°€À°€À(ÄØÐÐÐ°€Èá|Í|Èà°€À°€À°€À°€À°€À°€À°€À°€À(ÄØÐÐÔ°€Èá|Í|Èä°€À°€À°€À°€À°€À°€À°€À°€À(ÄØÐÐØ°€Èá|Í|ÌÀ°€À°€À°€À°€À°€À°€À°€À°€À(ÄØÐÐÜ°€Èá|Í|ÌÄ°€À°€À°€À°€À°€À°€À°€À°€À(ÄØÐÐà°€Èá|Í|ÌÈ°€À°€À°€À°€À°€À°€À°€À°€À(ÄØÐÐä°€Èá|Í|ÌÌ°€À°€À°€À°€À°€À°€À°€À°€À(ÄØÐÔÀ°€Èá|Í|ÌÐ°€À°€À°€À°€À°€À°€À°€À°€À(ÄØÐÔÄ°€Èá|Í|ÌÔ°€À°€À°€À°€À°€À°€À°€À°€À(ÄØÐÔÈ°€Èá|Í|ÌØ°€À°€À°€À°€À°€À°€À°€À°€À(ÄØÐÔÌ°€Èá|Í|ÌÜ°€À°€À°€À°€À°€À°€À°€À°€À(ÄØÐÔÐ°€Èá|Í|Ìà°€À°€À°€À°€À°€À°€À°€À°€À(ÄØÐÔÔ°€Èá|Í|Ìä°€À°€À°€À°€À°€À°€À°€À°€À(ÄØÐÔØ°€Èá|Í|ÐÀ°€À°€À°€À°€À°€À°€À°€À°€À(ÄØÐÔÜ°€Èá|Í|ÐÄ°€À°€À°€À°€À°€À°€À°€À°€À(ÄØÐÔà°€Èá|Í|ÐÈ°€À°€À°€À°€À°€À°€À°€À°€À(ÄØÐÔä°€Èá|Í|ÐÌ°€À°€À°€À°€À°€À°€À°€À°€À(ÄØÐØÀ°€Èá|Í|ÐÐ°€À°€À°€À°€À°€À°€À°€À°€À(ÄØÐØÄ°€Èá|Í|ÐÔ°€À°€À°€À°€À°€À°€À°€À°€À(ÄØÐØÈ°€Èá|Í|ÐØ°€À°€À°€À°€À°€À°€À°€À°€À(ÄØÐØÌ°€Èá|Í|ÐÜ°€À°€À°€À°€À°€À°€À°€À°€À(ÄØÐØÐ°€Èá|Í|Ðà°€À°€À°€À°€À°€À°€À°€À°€À(ÄØÐØÔ°€Èá|Í|Ðä°€À°€À°€À°€À°€À°€À°€À°€À(ÄØÐØØ°€Èá|Í|ÔÀ°€À°€À°€À°€À°€À°€À°€À°€À(ÄØÐØÜ°€Èá|Í|ÔÄ°€À°€À°€À°€À°€À°€À°€À°€À(ÄØÐØà°€Èá|Í|ÔÈ°€À°€À°€À°€À°€À°€À°€À°€À(ÄØÐØä°€Èá|Í|ÔÌ°€À°€À°€À°€À°€À°€À°€À°€À(ÄØÐÜÀ°€Èá|Í|ÔÐ°€À°€À°€À°€À°€À°€À°€À°€À(ÄØÐÜÄ°€Èá|Í|ÔÔ°€À°€À°€À°€À°€À°€À°€À°€À(ÄØÐÜÈ°€Èá|Í|ÔØ°€À°€À°€À°€À°€À°€À°€À°€À(ÄØÐÜÌ°€Èá|Í|ÔÜ°€À°€À°€À°€À°€À°€À°€À°€À(ÄØÐÜÐ°€Èá|Í|Ôà°€À°€À°€À°€À°€À°€À°€À°€À(ÄØÐÜÔ°€Èá|Í|Ôä°€À°€À°€À°€À°€À°€À°€À°€À(ÄØÐÜØ°€Èá|Í|ØÀ°€À°€À°€À°€À°€À°€À°€À°€À(ÄØÐÜÜ°€Èá|Í|ØÄ°€À°€À°€À°€À°€À°€À°€À°€À(ÄØÐÜà°€Èá|Í|ØÈ°€À°€À°€À°€À°€À°€À°€À°€À(ÄØÐÜä°€Èá|Í|ØÌ°€À°€À°€À°€À°€À°€À°€À°€À(ÄØÐàÀ°€Èá|Í|ØÐ°€À°€À°€À°€À°€À°€À°€À°€À(ÄØÐàÄ°€Èá|Í|ØÔ°€À°€À°€À°€À°€À°€À°€À°€À(ÄØÐàÈ°€Èá|Í|ØØ°€À°€À°€À°€À°€À°€À°€À°€À(ÄØÐàÌ°€Èá|Í|ØÜ°€À°€À°€À°€À°€À°€À°€À°€À(ÄØÐàÐ°€Èá|Í|Øà°€À°€À°€À°€À°€À°€À°€À°€À(ÄØÐàÔ°€Èá|Í|Øä°€À°€À°€À°€À°€À°€À°€À°€À(ÄØÐàØ°€Èá|Í|ÜÀ°€À°€À°€À°€À°€À°€À°€À°€À(ÄØÐàÜ°€Èá|Í|ÜÄ°€À°€À°€À°€À°€À°€À°€À°€À(ÄØÐàà°€Èá|Í|ÜÈ°€À°€À°€À°€À°€À°€À°€À°€À(ÄØÐàä°€Èá|Í|ÜÌ°€À°€À°€À°€À°€À°€À°€À°€À(ÄØÐäÀ°€Èá|Í|ÜÐ°€À°€À°€À°€À°€À°€À°€À°€À(ÄØÐäÄ°€Èá|Í|ÜÔ°€À°€À°€À°€À°€À°€À°€À°€À(ÄØÐäÈ°€Èá|Í|ÜØ°€À°€À°€À°€À°€À°€À°€À°€À(ÄØÐäÌ°€Èá|Í|ÜÜ°€À°€À°€À°€À°€À°€À°€À°€À(ÄØÐäÐ°€Èá|Í|Üà°€À°€À°€À°€À°€À°€À°€À°€À(ÄØÐäÔ°€Èá|Í|Üä°€À°€À°€À°€À°€À°€À°€À°€À(ÄØÐäØ°€Èá|Í|àÀ°€À°€À°€À°€À°€À°€À°€À°€À(ÄØÐäÜ°€Èá|Í|àÄ°€À°€À°€À°€À°€À°€À°€À°€À(ÄØÐäà°€Èá|Í|àÈ°€À°€À°€À°€À°€À°€À°€À°€À(ÄØÐää°€Èá|Í|àÌ°€À°€À°€À°€À°€À°€À°€À°€À(ÄØÔÀÀ°€Èá|Í|àÐ°€À°€À°€À°€À°€À°€À°€À°€À(ÄØÔÀÄ°€Èá|Í|àÔ°€À°€À°€À°€À°€À°€À°€À°€À(ÄØÔÀÈ°€Èá|Í|àØ°€À°€À°€À°€À°€À°€À°€À°€À(ÄØÔÀÌ°€Èá|Í|àÜ°€À°€À°€À°€À°€À°€À°€À°€À(ÄØÔÀÐ°€Èá|Í|àà°€À°€À°€À°€À°€À°€À°€À°€À(ÄØÔÀÔ°€Èá|Í|àä°€À°€À°€À°€À°€À°€À°€À°€À(ÄØÔÀØ°€Èá|Í|äÀ°€À°€À°€À°€À°€À°€À°€À°€À(ÄØÔÀÜ°€Èá|Í|äÄ°€À°€À°€À°€À°€À°€À°€À°€À(ÄØÔÀà°€Èá|Í|äÈ°€À°€À°€À°€À°€À°€À°€À°€À(ÄØÔÀä°€Èá|Í|äÌ°€À°€À°€À°€À°€À°€À°€À°€À(ÄØÔÄÀ°€Èá|Í|äÐ°€À°€À°€À°€À°€À°€À°€À°€À(ÄØÔÄÄ°€Èá|Í|äÔ°€À°€À°€À°€À°€À°€À°€À°€À(ÄØÔÄÈ°€Èá|Ñ|ÀÀ°€À°€À°€À°€À°€À°€À°€À°€À(ÄØÔÄÌ°€Èá|Ñ|ÀÄ°€À°€À°€À°€À°€À°€À°€À°€À(ÄØÔÄÐ°€Èá|Ñ|ÀÈ°€À°€À°€À°€À°€À°€À°€À°€À(ÄØÔÄÔ°€Èá|Ñ|ÀÌ°€À°€À°€À°€À°€À°€À°€À°€À(ÄØÔÄØ°€Èá|Ñ|ÀÐ°€À°€À°€À°€À°€À°€À°€À°€À(ÄØÔÄÜ°€Èá|Ñ|ÀÔ°€À°€À°€À°€À°€À°€À°€À°€À(ÄØÔÄà°€Èá|Ñ|ÀØ°€À°€À°€À°€À°€À°€À°€À°€À(ÄØÔÄä°€Èá|Ñ|ÀÜ°€À°€À°€À°€À°€À°€À°€À°€À(ÄØÔÈÀ°€Èá|Ñ|Àà°€À°€À°€À°€À°€À°€À°€À°€À(ÄØÔÈÄ°€Èá|Ñ|Àä°€À°€À°€À°€À°€À°€À°€À°€À(ÄØÔÈÈ°€Èá|Ñ|ÄÀ°€À°€À°€À°€À°€À°€À°€À°€À(ÄØÔÈÌ°€Èá|Ñ|ÄÄ°€À°€À°€À°€À°€À°€À°€À°€À(ÄØÔÈÐ°€Èá|Ñ|ÄÈ°€À°€À°€À°€À°€À°€À°€À°€À(ÄØÔÈÔ°€Èá|Ñ|ÄÌ°€À°€À°€À°€À°€À°€À°€À°€À(ÄØÔÈØ°€Èá|Ñ|ÄÐ°€À°€À°€À°€À°€À°€À°€À°€À(ÄØÔÈÜ°€Èá|Ñ|ÄÔ°€À°€À°€À°€À°€À°€À°€À°€À(ÄØÔÈà°€Èá|Ñ|ÄØ°€À°€À°€À°€À°€À°€À°€À°€À(ÄØÔÈä°€Èá|Ñ|ÄÜ°€À°€À°€À°€À°€À°€À°€À°€À(ÄØÔÌÀ°€Èá|Ñ|Äà°€À°€À°€À°€À°€À°€À°€À°€À(ÄØÔÌÄ°€Èá|Ñ|Ää°€À°€À°€À°€À°€À°€À°€À°€À(ÄØÔÌÈ°€Èá|Ñ|ÈÀ°€À°€À°€À°€À°€À°€À°€À°€À(ÄØÔÌÌ°€Èá|Ñ|ÈÄ°€À°€À°€À°€À°€À°€À°€À°€À(ÄØÔÌÐ°€Èá|Ñ|ÈÈ°€À°€À°€À°€À°€À°€À°€À°€À(ÄØÔÌÔ°€Èá|Ñ|ÈÌ°€À°€À°€À°€À°€À°€À°€À°€À(ÄØÔÌØ°€Èá|Ñ|ÈÐ°€À°€À°€À°€À°€À°€À°€À°€À(ÄØÔÌÜ°€Èá|Ñ|ÈÔ°€À°€À°€À°€À°€À°€À°€À°€À(ÄØÔÌà°€Èá|Ñ|ÈØ°€À°€À°€À°€À°€À°€À°€À°€À(ÄØÔÌä°€Èá|Ñ|ÈÜ°€À°€À°€À°€À°€À°€À°€À°€À(ÄØÔÐÀ°€Èá|Ñ|Èà°€À°€À°€À°€À°€À°€À°€À°€À(ÄØÔÐÄ°€Èá|Ñ|Èä°€À°€À°€À°€À°€À°€À°€À°€À(ÄØÔÐÈ°€Èá|Ñ|ÌÀ°€À°€À°€À°€À°€À°€À°€À°€À(ÄØÔÐÌ°€Èá|Ñ|ÌÄ°€À°€À°€À°€À°€À°€À°€À°€À(ÄØÔÐÐ°€Èá|Ñ|ÌÈ°€À°€À°€À°€À°€À°€À°€À°€À(ÄØÔÐÔ°€Èá|Ñ|ÌÌ°€À°€À°€À°€À°€À°€À°€À°€À(ÄØÔÐØ°€Èá|Ñ|ÌÐ°€À°€À°€À°€À°€À°€À°€À°€À(ÄØÔÐÜ°€Èá|Ñ|ÌÔ°€À°€À°€À°€À°€À°€À°€À°€À(ÄØÔÐà°€Èá|Ñ|ÌØ°€À°€À°€À°€À°€À°€À°€À°€À(ÄØÔÐä°€Èá|Ñ|ÌÜ°€À°€À°€À°€À°€À°€À°€À°€À(ÄØÔÔÀ°€Èá|Ñ|Ìà°€À°€À°€À°€À°€À°€À°€À°€À(ÄØÔÔÄ°€Èá|Ñ|Ìä°€À°€À°€À°€À°€À°€À°€À°€À(ÄØÔÔÈ°€Èá|Ñ|ÐÀ°€À°€À°€À°€À°€À°€À°€À°€À(ÄØÔÔÌ°€Èá|Ñ|ÐÄ°€À°€À°€À°€À°€À°€À°€À°€À(ÄØÔÔÐ°€Èá|Ñ|ÐÈ°€À°€À°€À°€À°€À°€À°€À°€À(ÄØÔÔÔ°€Èá|Ñ|ÐÌ°€À°€À°€À°€À°€À°€À°€À°€À(ÄØÔÔØ°€Èá|Ñ|ÐÐ°€À°€À°€À°€À°€À°€À°€À°€À(ÄØÔÔÜ°€Èá|Ñ|ÐÔ°€À°€À°€À°€À°€À°€À°€À°€À(ÄØÔÔà°€Èá|Ñ|ÐØ°€À°€À°€À°€À°€À°€À°€À°€À(ÄØÔÔä°€Èá|Ñ|ÐÜ°€À°€À°€À°€À°€À°€À°€À°€À(ÄØÔØÀ°€Èá|Ñ|Ðà°€À°€À°€À°€À°€À°€À°€À°€À(ÄØÔØÄ°€Èá|Ñ|Ðä°€À°€À°€À°€À°€À°€À°€À°€À(ÄØÔØÈ°€Èá|Ñ|ÔÀ°€À°€À°€À°€À°€À°€À°€À°€À(ÄØÔØÌ°€Èá|Ñ|ÔÄ°€À°€À°€À°€À°€À°€À°€À°€À(ÄØÔØÐ°€Èá|Ñ|ÔÈ°€À°€À°€À°€À°€À°€À°€À°€À(ÄØÔØÔ°€Èá|Ñ|ÔÌ°€À°€À°€À°€À°€À°€À°€À°€À(ÄØÔØØ°€Èá|Ñ|ÔÐ°€À°€À°€À°€À°€À°€À°€À°€À(ÄØÔØÜ°€Èá|Ñ|ÔÔ°€À°€À°€À°€À°€À°€À°€À°€À(ÄØÔØà°€Èá|Ñ|ÔØ°€À°€À°€À°€À°€À°€À°€À°€À(ÄØÔØä°€Èá|Ñ|ÔÜ°€À°€À°€À°€À°€À°€À°€À°€À(ÄØÔÜÀ°€Èá|Ñ|Ôà°€À°€À°€À°€À°€À°€À°€À°€À(ÄØÔÜÄ°€Èá|Ñ|Ôä°€À°€À°€À°€À°€À°€À°€À°€À(ÄØÔÜÈ°€Èá|Ñ|ØÀ°€À°€À°€À°€À°€À°€À°€À°€À(ÄØÔÜÌ°€Èá|Ñ|ØÄ°€À°€À°€À°€À°€À°€À°€À°€À(ÄØÔÜÐ°€Èá|Ñ|ØÈ°€À°€À°€À°€À°€À°€À°€À°€À(ÄØÔÜÔ°€Èá|Ñ|ØÌ°€À°€À°€À°€À°€À°€À°€À°€À(ÄØÔÜØ°€Èá|Ñ|ØÐ°€À°€À°€À°€À°€À°€À°€À°€À(ÄØÔÜÜ°€Èá|Ñ|ØÔ°€À°€À°€À°€À°€À°€À°€À°€À(ÄØÔÜà°€Èá|Ñ|ØØ°€À°€À°€À°€À°€À°€À°€À°€À(ÄØÔÜä°€Èá|Ñ|ØÜ°€À°€À°€À°€À°€À°€À°€À°€À(ÄØÔàÀ°€Èá|Ñ|Øà°€À°€À°€À°€À°€À°€À°€À°€À(ÄØÔàÄ°€Èá|Ñ|Øä°€À°€À°€À°€À°€À°€À°€À°€À(ÄØÔàÈ°€Èá|Ñ|ÜÀ°€À°€À°€À°€À°€À°€À°€À°€À(ÄØÔàÌ°€Èá|Ñ|ÜÄ°€À°€À°€À°€À°€À°€À°€À°€À(ÄØÔàÐ°€Èá|Ñ|ÜÈ°€À°€À°€À°€À°€À°€À°€À°€À(ÄØÔàÔ°€Èá|Ñ|ÜÌ°€À°€À°€À°€À°€À°€À°€À°€À(ÄØÔàØ°€Èá|Ñ|ÜÐ°€À°€À°€À°€À°€À°€À°€À°€À(ÄØÔàÜ°€Èá|Ñ|ÜÔ°€À°€À°€À°€À°€À°€À°€À°€À(ÄØÔàà°€Èá|Ñ|ÜØ°€À°€À°€À°€À°€À°€À°€À°€À(ÄØÔàä°€Èá|Ñ|ÜÜ°€À°€À°€À°€À°€À°€À°€À°€À(ÄØÔäÀ°€Èá|Ñ|Üà°€À°€À°€À°€À°€À°€À°€À°€À(ÄØÔäÄ°€Èá|Ñ|Üä°€À°€À°€À°€À°€À°€À°€À°€À(ÄØÔäÈ°€Èá|Ñ|àÀ°€À°€À°€À°€À°€À°€À°€À°€À(ÄØÔäÌ°€Èá|Ñ|àÄ°€À°€À°€À°€À°€À°€À°€À°€À(ÄØÔäÐ°€Èá|Ñ|àÈ°€À°€À°€À°€À°€À°€À°€À°€À(ÄØÔäÔ°€Èá|Ñ|àÌ°€À°€À°€À°€À°€À°€À°€À°€À(ÄØÔäØ°€Èá|Ñ|àÐ°€À°€À°€À°€À°€À°€À°€À°€À(ÄØÔäÜ°€Èá|Ñ|àÔ°€À°€À°€À°€À°€À°€À°€À°€À(ÄØÔäà°€Èá|Ñ|àØ°€À°€À°€À°€À°€À°€À°€À°€À(ÄØÔää°€Èá|Ñ|àÜ°€À°€À°€À°€À°€À°€À°€À°€À(ÄØØÀÀ°€Èá|Ñ|àà°€À°€À°€À°€À°€À°€À°€À°€À(ÄØØÀÄ°€Èá|Ñ|àä°€À°€À°€À°€À°€À°€À°€À°€À(ÄØØÀÈ°€Èá|Ñ|äÀ°€À°€À°€À°€À°€À°€À°€À°€À(ÄØØÀÌ°€Èá|Ñ|äÄ°€À°€À°€À°€À°€À°€À°€À°€À(ÄØØÀÐ°€Èá|Ñ|äÈ°€À°€À°€À°€À°€À°€À°€À°€À(ÄØØÀÔ°€Èá|Ñ|äÌ°€À°€À°€À°€À°€À°€À°€À°€À(ÄØØÀØ°€Èá|Ñ|äÐ°€À°€À°€À°€À°€À°€À°€À°€À(ÄØØÀÜ°€Èá|Ñ|äÔ°€À°€À°€À°€À°€À°€À°€À°€À(ÄØØÀà°€Èá|Õ|ÀÀ°€À°€À°€À°€À°€À°€À°€À°€À(ÄØØÀä°€Èá|Õ|ÀÄ°€À°€À°€À°€À°€À°€À°€À°€À(ÄØØÄÀ°€Èá|Õ|ÀÈ°€À°€À°€À°€À°€À°€À°€À°€À(ÄØØÄÄ°€Èá|Õ|ÀÌ°€À°€À°€À°€À°€À°€À°€À°€À(ÄØØÄÈ°€Èá|Õ|ÀÐ°€À°€À°€À°€À°€À°€À°€À°€À(ÄØØÄÌ°€Èá|Õ|ÀÔ°€À°€À°€À°€À°€À°€À°€À°€À(ÄØØÄÐ°€Èá|Õ|ÀØ°€À°€À°€À°€À°€À°€À°€À°€À(ÄØØÄÔ°€Èá|Õ|ÀÜ°€À°€À°€À°€À°€À°€À°€À°€À(ÄØØÄØ°€Èá|Õ|Àà°€À°€À°€À°€À°€À°€À°€À°€À(ÄØØÄÜ°€Èá|Õ|Àä°€À°€À°€À°€À°€À°€À°€À°€À(ÄØØÄà°€Èá|Õ|ÄÀ°€À°€À°€À°€À°€À°€À°€À°€À(ÄØØÄä°€Èá|Õ|ÄÄ°€À°€À°€À°€À°€À°€À°€À°€À(ÄØØÈÀ°€Èá|Õ|ÄÈ°€À°€À°€À°€À°€À°€À°€À°€À(ÄØØÈÄ°€Èá|Õ|ÄÌ°€À°€À°€À°€À°€À°€À°€À°€À(ÄØØÈÈ°€Èá|Õ|ÄÐ°€À°€À°€À°€À°€À°€À°€À°€À(ÄØØÈÌ°€Èá|Õ|ÄÔ°€À°€À°€À°€À°€À°€À°€À°€À(ÄØØÈÐ°€Èá|Õ|ÄØ°€À°€À°€À°€À°€À°€À°€À°€À(ÄØØÈÔ°€Èá|Õ|ÄÜ°€À°€À°€À°€À°€À°€À°€À°€À(ÄØØÈØ°€Èá|Õ|Äà°€À°€À°€À°€À°€À°€À°€À°€À(ÄØØÈÜ°€Èá|Õ|Ää°€À°€À°€À°€À°€À°€À°€À°€À(ÄØØÈà°€Èá|Õ|ÈÀ°€À°€À°€À°€À°€À°€À°€À°€À(ÄØØÈä°€Èá|Õ|ÈÄ°€À°€À°€À°€À°€À°€À°€À°€À(ÄØØÌÀ°€Èá|Õ|ÈÈ°€À°€À°€À°€À°€À°€À°€À°€À(ÄØØÌÄ°€Èá|Õ|ÈÌ°€À°€À°€À°€À°€À°€À°€À°€À(ÄØØÌÈ°€Èá|Õ|ÈÐ°€À°€À°€À°€À°€À°€À°€À°€À(ÄØØÌÌ°€Èá|Õ|ÈÔ°€À°€À°€À°€À°€À°€À°€À°€À(ÄØØÌÐ°€Èá|Õ|ÈØ°€À°€À°€À°€À°€À°€À°€À°€À(ÄØØÌÔ°€Èá|Õ|ÈÜ°€À°€À°€À°€À°€À°€À°€À°€À(ÄØØÌØ°€Èá|Õ|Èà°€À°€À°€À°€À°€À°€À°€À°€À(ÄØØÌÜ°€Èá|Õ|Èä°€À°€À°€À°€À°€À°€À°€À°€À(ÄØØÌà°€Èá|Õ|ÌÀ°€À°€À°€À°€À°€À°€À°€À°€À(ÄØØÌä°€Èá|Õ|ÌÄ°€À°€À°€À°€À°€À°€À°€À°€À(ÄØØÐÀ°€Èá|Õ|ÌÈ°€À°€À°€À°€À°€À°€À°€À°€À(ÄØØÐÄ°€Èá|Õ|ÌÌ°€À°€À°€À°€À°€À°€À°€À°€À(ÄØØÐÈ°€Èá|Õ|ÌÐ°€À°€À°€À°€À°€À°€À°€À°€À(ÄØØÐÌ°€Èá|Õ|ÌÔ°€À°€À°€À°€À°€À°€À°€À°€À(ÄØØÐÐ°€Èá|Õ|ÌØ°€À°€À°€À°€À°€À°€À°€À°€À(ÄØØÐÔ°€Èá|Õ|ÌÜ°€À°€À°€À°€À°€À°€À°€À°€À(ÄØØÐØ°€Èá|Õ|Ìà°€À°€À°€À°€À°€À°€À°€À°€À(ÄØØÐÜ°€Èá|Õ|Ìä°€À°€À°€À°€À°€À°€À°€À°€À(ÄØØÐà°€Èá|Õ|ÐÀ°€À°€À°€À°€À°€À°€À°€À°€À(ÄØØÐä°€Èá|Õ|ÐÄ°€À°€À°€À°€À°€À°€À°€À°€À(ÄØØÔÀ°€Èá|Õ|ÐÈ°€À°€À°€À°€À°€À°€À°€À°€À(ÄØØÔÄ°€Èá|Õ|ÐÌ°€À°€À°€À°€À°€À°€À°€À°€À(ÄØØÔÈ°€Èá|Õ|ÐÐ°€À°€À°€À°€À°€À°€À°€À°€À(ÄØØÔÌ°€Èá|Õ|ÐÔ°€À°€À°€À°€À°€À°€À°€À°€À(ÄØØÔÐ°€Èá|Õ|ÐØ°€À°€À°€À°€À°€À°€À°€À°€À(ÄØØÔÔ°€Èá|Õ|ÐÜ°€À°€À°€À°€À°€À°€À°€À°€À(ÄØØÔØ°€Èá|Õ|Ðà°€À°€À°€À°€À°€À°€À°€À°€À(ÄØØÔÜ°€Èá|Õ|Ðä°€À°€À°€À°€À°€À°€À°€À°€À(ÄØØÔà°€Èá|Õ|ÔÀ°€À°€À°€À°€À°€À°€À°€À°€À(ÄØØÔä°€Èá|Õ|ÔÄ°€À°€À°€À°€À°€À°€À°€À°€À(ÄØØØÀ°€Èá|Õ|ÔÈ°€À°€À°€À°€À°€À°€À°€À°€À(ÄØØØÄ°€Èá|Õ|ÔÌ°€À°€À°€À°€À°€À°€À°€À°€À(ÄØØØÈ°€Èá|Õ|ÔÐ°€À°€À°€À°€À°€À°€À°€À°€À(ÄØØØÌ°€Èá|Õ|ÔÔ°€À°€À°€À°€À°€À°€À°€À°€À(ÄØØØÐ°€Èá|Õ|ÔØ°€À°€À°€À°€À°€À°€À°€À°€À(ÄØØØÔ°€Èá|Õ|ÔÜ°€À°€À°€À°€À°€À°€À°€À°€À(ÄØØØØ°€Èá|Õ|Ôà°€À°€À°€À°€À°€À°€À°€À°€À(ÄØØØÜ°€Èá|Õ|Ôä°€À°€À°€À°€À°€À°€À°€À°€À(ÄØØØà°€Èá|Õ|ØÀ°€À°€À°€À°€À°€À°€À°€À°€À(ÄØØØä°€Èá|Õ|ØÄ°€À°€À°€À°€À°€À°€À°€À°€À(ÄØØÜÀ°€Èá|Õ|ØÈ°€À°€À°€À°€À°€À°€À°€À°€À(ÄØØÜÄ°€Èá|Õ|ØÌ°€À°€À°€À°€À°€À°€À°€À°€À(ÄØØÜÈ°€Èá|Õ|ØÐ°€À°€À°€À°€À°€À°€À°€À°€À(ÄØØÜÌ°€Èá|Õ|ØÔ°€À°€À°€À°€À°€À°€À°€À°€À(ÄØØÜÐ°€Èá|Õ|ØØ°€À°€À°€À°€À°€À°€À°€À°€À(ÄØØÜÔ°€Èá|Õ|ØÜ°€À°€À°€À°€À°€À°€À°€À°€À(ÄØØÜØ°€Èá|Õ|Øà°€À°€À°€À°€À°€À°€À°€À°€À(ÄØØÜÜ°€Èá|Õ|Øä°€À°€À°€À°€À°€À°€À°€À°€À(ÄØØÜà°€Èá|Õ|ÜÀ°€À°€À°€À°€À°€À°€À°€À°€À(ÄØØÜä°€Èá|Õ|ÜÄ°€À°€À°€À°€À°€À°€À°€À°€À(ÄØØàÀ°€Èá|Õ|ÜÈ°€À°€À°€À°€À°€À°€À°€À°€À(ÄØØàÄ°€Èá|Õ|ÜÌ°€À°€À°€À°€À°€À°€À°€À°€À(ÄØØàÈ°€Èá|Õ|ÜÐ°€À°€À°€À°€À°€À°€À°€À°€À(ÄØØàÌ°€Èá|Õ|ÜÔ°€À°€À°€À°€À°€À°€À°€À°€À(ÄØØàÐ°€Èá|Õ|ÜØ°€À°€À°€À°€À°€À°€À°€À°€À(ÄØØàÔ°€Èá|Õ|ÜÜ°€À°€À°€À°€À°€À°€À°€À°€À(ÄØØàØ°€Èá|Õ|Üà°€À°€À°€À°€À°€À°€À°€À°€À(ÄØØàÜ°€Èá|Õ|Üä°€À°€À°€À°€À°€À°€À°€À°€À(ÄØØàà°€Èá|Õ|àÀ°€À°€À°€À°€À°€À°€À°€À°€À(ÄØØàä°€Èá|Õ|àÄ°€À°€À°€À°€À°€À°€À°€À°€À(ÄØØäÀ°€Èá|Õ|àÈ°€À°€À°€À°€À°€À°€À°€À°€À(ÄØØäÄ°€Èá|Õ|àÌ°€À°€À°€À°€À°€À°€À°€À°€À(ÄØØäÈ°€Èá|Õ|àÐ°€À°€À°€À°€À°€À°€À°€À°€À(ÄØØäÌ°€Èá|Õ|àÔ°€À°€À°€À°€À°€À°€À°€À°€À(ÄØØäÐ°€Èá|Õ|àØ°€À°€À°€À°€À°€À°€À°€À°€À(ÄØØäÔ°€Èá|Õ|àÜ°€À°€À°€À°€À°€À°€À°€À°€À(ÄØØäØ°€Èá|Õ|àà°€À°€À°€À°€À°€À°€À°€À°€À(ÄØØäÜ°€Èá|Õ|àä°€À°€À°€À°€À°€À°€À°€À°€À(ÄØØäà°€Èá|Õ|äÀ°€À°€À°€À°€À°€À°€À°€À°€À(ÄØØää°€Èá|Õ|äÄ°€À°€À°€À°€À°€À°€À°€À°€À(ÄØÜÀÀ°€Èá|Õ|äÈ°€À°€À°€À°€À°€À°€À°€À°€À(ÄØÜÀÄ°€Èá|Õ|äÌ°€À°€À°€À°€À°€À°€À°€À°€À(ÄØÜÀÈ°€Èá|Õ|äÐ°€À°€À°€À°€À°€À°€À°€À°€À(ÄØÜÀÌ°€Èá|Õ|äÔ°€À°€À°€À°€À°€À°€À°€À°€À(ÄØÜÀÐ°€Èå|Á|ÀÀ°€À°€À°€À°€À°€À°€À°€À°€À(ÄØÜÀÔ°€Èå|Á|ÀÄ°€À°€À°€À°€À°€À°€À°€À°€À(ÄØÜÀØ°€Èå|Á|ÀÈ°€À°€À°€À°€À°€À°€À°€À°€À(ÄØÜÀÜ°€Èå|Á|ÀÌ°€À°€À°€À°€À°€À°€À°€À°€À(ÄØÜÀà°€Èå|Á|ÀÐ°€À°€À°€À°€À°€À°€À°€À°€À(ÄØÜÀä°€Èå|Á|ÀÔ°€À°€À°€À°€À°€À°€À°€À°€À(ÄØÜÄÀ°€Èå|Á|ÀØ°€À°€À°€À°€À°€À°€À°€À°€À(ÄØÜÄÄ°€Èå|Á|ÀÜ°€À°€À°€À°€À°€À°€À°€À°€À(ÄØÜÄÈ°€Èå|Á|Àà°€À°€À°€À°€À°€À°€À°€À°€À(ÄØÜÄÌ°€Èå|Á|Àä°€À°€À°€À°€À°€À°€À°€À°€À(ÄØÜÄÐ°€Èå|Á|ÄÀ°€À°€À°€À°€À°€À°€À°€À°€À(ÄØÜÄÔ°€Èå|Á|ÄÄ°€À°€À°€À°€À°€À°€À°€À°€À(ÄØÜÄØ°€Èå|Á|ÄÈ°€À°€À°€À°€À°€À°€À°€À°€À(ÄØÜÄÜ°€Èå|Á|ÄÌ°€À°€À°€À°€À°€À°€À°€À°€À(ÄØÜÄà°€Èå|Á|ÄÐ°€À°€À°€À°€À°€À°€À°€À°€À(ÄØÜÄä°€Èå|Á|ÄÔ°€À°€À°€À°€À°€À°€À°€À°€À(ÄØÜÈÀ°€Èå|Á|ÄØ°€À°€À°€À°€À°€À°€À°€À°€À(ÄØÜÈÄ°€Èå|Á|ÄÜ°€À°€À°€À°€À°€À°€À°€À°€À(ÄØÜÈÈ°€Èå|Á|Äà°€À°€À°€À°€À°€À°€À°€À°€À(ÄØÜÈÌ°€Èå|Á|Ää°€À°€À°€À°€À°€À°€À°€À°€À(ÄØÜÈÐ°€Èå|Á|ÈÀ°€À°€À°€À°€À°€À°€À°€À°€À(ÄØÜÈÔ°€Èå|Á|ÈÄ°€À°€À°€À°€À°€À°€À°€À°€À(ÄØÜÈØ°€Èå|Á|ÈÈ°€À°€À°€À°€À°€À°€À°€À°€À(ÄØÜÈÜ°€Èå|Á|ÈÌ°€À°€À°€À°€À°€À°€À°€À°€À(ÄØÜÈà°€Èå|Á|ÈÐ°€À°€À°€À°€À°€À°€À°€À°€À(ÄØÜÈä°€Èå|Á|ÈÔ°€À°€À°€À°€À°€À°€À°€À°€À(ÄØÜÌÀ°€Èå|Á|ÈØ°€À°€À°€À°€À°€À°€À°€À°€À(ÄØÜÌÄ°€Èå|Á|ÈÜ°€À°€À°€À°€À°€À°€À°€À°€À(ÄØÜÌÈ°€Èå|Á|Èà°€À°€À°€À°€À°€À°€À°€À°€À(ÄØÜÌÌ°€Èå|Á|Èä°€À°€À°€À°€À°€À°€À°€À°€À(ÄØÜÌÐ°€Èå|Á|ÌÀ°€À°€À°€À°€À°€À°€À°€À°€À(ÄØÜÌÔ°€Èå|Á|ÌÄ°€À°€À°€À°€À°€À°€À°€À°€À(ÄØÜÌØ°€Èå|Á|ÌÈ°€À°€À°€À°€À°€À°€À°€À°€À(ÄØÜÌÜ°€Èå|Á|ÌÌ°€À°€À°€À°€À°€À°€À°€À°€À(ÄØÜÌà°€Èå|Á|ÌÐ°€À°€À°€À°€À°€À°€À°€À°€À(ÄØÜÌä°€Èå|Á|ÌÔ°€À°€À°€À°€À°€À°€À°€À°€À(ÄØÜÐÀ°€Èå|Á|ÌØ°€À°€À°€À°€À°€À°€À°€À°€À(ÄØÜÐÄ°€Èå|Á|ÌÜ°€À°€À°€À°€À°€À°€À°€À°€À(ÄØÜÐÈ°€Èå|Á|Ìà°€À°€À°€À°€À°€À°€À°€À°€À(ÄØÜÐÌ°€Èå|Á|Ìä°€À°€À°€À°€À°€À°€À°€À°€À(ÄØÜÐÐ°€Èå|Á|ÐÀ°€À°€À°€À°€À°€À°€À°€À°€À(ÄØÜÐÔ°€Èå|Á|ÐÄ°€À°€À°€À°€À°€À°€À°€À°€À(ÄØÜÐØ°€Èå|Á|ÐÈ°€À°€À°€À°€À°€À°€À°€À°€À(ÄØÜÐÜ°€Èå|Á|ÐÌ°€À°€À°€À°€À°€À°€À°€À°€À(ÄØÜÐà°€Èå|Á|ÐÐ°€À°€À°€À°€À°€À°€À°€À°€À(ÄØÜÐä°€Èå|Á|ÐÔ°€À°€À°€À°€À°€À°€À°€À°€À(ÄØÜÔÀ°€Èå|Á|ÐØ°€À°€À°€À°€À°€À°€À°€À°€À(ÄØÜÔÄ°€Èå|Á|ÐÜ°€À°€À°€À°€À°€À°€À°€À°€À(ÄØÜÔÈ°€Èå|Á|Ðà°€À°€À°€À°€À°€À°€À°€À°€À(ÄØÜÔÌ°€Èå|Á|Ðä°€À°€À°€À°€À°€À°€À°€À°€À(ÄØÜÔÐ°€Èå|Á|ÔÀ°€À°€À°€À°€À°€À°€À°€À°€À(ÄØÜÔÔ°€Èå|Á|ÔÄ°€À°€À°€À°€À°€À°€À°€À°€À(ÄØÜÔØ°€Èå|Á|ÔÈ°€À°€À°€À°€À°€À°€À°€À°€À(ÄØÜÔÜ°€Èå|Á|ÔÌ°€À°€À°€À°€À°€À°€À°€À°€À(ÄØÜÔà°€Èå|Á|ÔÐ°€À°€À°€À°€À°€À°€À°€À°€À(ÄØÜÔä°€Èå|Á|ÔÔ°€À°€À°€À°€À°€À°€À°€À°€À(ÄØÜØÀ°€Èå|Á|ÔØ°€À°€À°€À°€À°€À°€À°€À°€À(ÄØÜØÄ°€Èå|Á|ÔÜ°€À°€À°€À°€À°€À°€À°€À°€À(ÄØÜØÈ°€Èå|Á|Ôà°€À°€À°€À°€À°€À°€À°€À°€À(ÄØÜØÌ°€Èå|Á|Ôä°€À°€À°€À°€À°€À°€À°€À°€À(ÄØÜØÐ°€Èå|Á|ØÀ°€À°€À°€À°€À°€À°€À°€À°€À(ÄØÜØÔ°€Èå|Á|ØÄ°€À°€À°€À°€À°€À°€À°€À°€À(ÄØÜØØ°€Èå|Á|ØÈ°€À°€À°€À°€À°€À°€À°€À°€À(ÄØÜØÜ°€Èå|Á|ØÌ°€À°€À°€À°€À°€À°€À°€À°€À(ÄØÜØà°€Èå|Á|ØÐ°€À°€À°€À°€À°€À°€À°€À°€À(ÄØÜØä°€Èå|Á|ØÔ°€À°€À°€À°€À°€À°€À°€À°€À(ÄØÜÜÀ°€Èå|Á|ØØ°€À°€À°€À°€À°€À°€À°€À°€À(ÄØÜÜÄ°€Èå|Á|ØÜ°€À°€À°€À°€À°€À°€À°€À°€À(ÄØÜÜÈ°€Èå|Á|Øà°€À°€À°€À°€À°€À°€À°€À°€À(ÄØÜÜÌ°€Èå|Á|Øä°€À°€À°€À°€À°€À°€À°€À°€À(ÄØÜÜÐ°€Èå|Á|ÜÀ°€À°€À°€À°€À°€À°€À°€À°€À(ÄØÜÜÔ°€Èå|Á|ÜÄ°€À°€À°€À°€À°€À°€À°€À°€À(ÄØÜÜØ°€Èå|Á|ÜÈ°€À°€À°€À°€À°€À°€À°€À°€À(ÄØÜÜÜ°€Èå|Á|ÜÌ°€À°€À°€À°€À°€À°€À°€À°€À(ÄØÜÜà°€Èå|Á|ÜÐ°€À°€À°€À°€À°€À°€À°€À°€À(ÄØÜÜä°€Èå|Á|ÜÔ°€À°€À°€À°€À°€À°€À°€À°€À(ÄØÜàÀ°€Èå|Á|ÜØ°€À°€À°€À°€À°€À°€À°€À°€À(ÄØÜàÄ°€Èå|Á|ÜÜ°€À°€À°€À°€À°€À°€À°€À°€À(ÄØÜàÈ°€Èå|Á|Üà°€À°€À°€À°€À°€À°€À°€À°€À(ÄØÜàÌ°€Èå|Á|Üä°€À°€À°€À°€À°€À°€À°€À°€À(ÄØÜàÐ°€Èå|Á|àÀ°€À°€À°€À°€À°€À°€À°€À°€À(ÄØÜàÔ°€Èå|Á|àÄ°€À°€À°€À°€À°€À°€À°€À°€À(ÄØÜàØ°€Èå|Á|àÈ°€À°€À°€À°€À°€À°€À°€À°€À(ÄØÜàÜ°€Èå|Á|àÌ°€À°€À°€À°€À°€À°€À°€À°€À(ÄØÜàà°€Èå|Á|àÐ°€À°€À°€À°€À°€À°€À°€À°€À(ÄØÜàä°€Èå|Á|àÔ°€À°€À°€À°€À°€À°€À°€À°€À(ÄØÜäÀ°€Èå|Á|àØ°€À°€À°€À°€À°€À°€À°€À°€À(ÄØÜäÄ°€Èå|Á|àÜ°€À°€À°€À°€À°€À°€À°€À°€À(ÄØÜäÈ°€Èå|Á|àà°€À°€À°€À°€À°€À°€À°€À°€À(ÄØÜäÌ°€Èå|Á|àä°€À°€À°€À°€À°€À°€À°€À°€À(ÄØÜäÐ°€Èå|Á|äÀ°€À°€À°€À°€À°€À°€À°€À°€À(ÄØÜäÔ°€Èå|Á|äÄ°€À°€À°€À°€À°€À°€À°€À°€À(ÄØÜäØ°€Èå|Á|äÈ°€À°€À°€À°€À°€À°€À°€À°€À(ÄØÜäÜ°€Èå|Á|äÌ°€À°€À°€À°€À°€À°€À°€À°€À(ÄØÜäà°€Èå|Á|äÐ°€À°€À°€À°€À°€À°€À°€À°€À(ÄØÜää°€Èå|Á|äÔ°€À°€À°€À°€À°€À°€À°€À°€À(ÄØàÀÀ°€Èå|Å|ÀÀ°€À°€À°€À°€À°€À°€À°€À°€À(ÄØàÀÄ°€Èå|Å|ÀÄ°€À°€À°€À°€À°€À°€À°€À°€À(ÄØàÀÈ°€Èå|Å|ÀÈ°€À°€À°€À°€À°€À°€À°€À°€À(ÄØàÀÌ°€Èå|Å|ÀÌ°€À°€À°€À°€À°€À°€À°€À°€À(ÄØàÀÐ°€Èå|Å|ÀÐ°€À°€À°€À°€À°€À°€À°€À°€À(ÄØàÀÔ°€Èå|Å|ÀÔ°€À°€À°€À°€À°€À°€À°€À°€À(ÄØàÀØ°€Èå|Å|ÀØ°€À°€À°€À°€À°€À°€À°€À°€À(ÄØàÀÜ°€Èå|Å|ÀÜ°€À°€À°€À°€À°€À°€À°€À°€À(ÄØàÀà°€Èå|Å|Àà°€À°€À°€À°€À°€À°€À°€À°€À(ÄØàÀä°€Èå|Å|Àä°€À°€À°€À°€À°€À°€À°€À°€À(ÄØàÄÀ°€Èå|Å|ÄÀ°€À°€À°€À°€À°€À°€À°€À°€À(ÄØàÄÄ°€Èå|Å|ÄÄ°€À°€À°€À°€À°€À°€À°€À°€À(ÄØàÄÈ°€Èå|Å|ÄÈ°€À°€À°€À°€À°€À°€À°€À°€À(ÄØàÄÌ°€Èå|Å|ÄÌ°€À°€À°€À°€À°€À°€À°€À°€À(ÄØàÄÐ°€Èå|Å|ÄÐ°€À°€À°€À°€À°€À°€À°€À°€À(ÄØàÄÔ°€Èå|Å|ÄÔ°€À°€À°€À°€À°€À°€À°€À°€À(ÄØàÄØ°€Èå|Å|ÄØ°€À°€À°€À°€À°€À°€À°€À°€À(ÄØàÄÜ°€Èå|Å|ÄÜ°€À°€À°€À°€À°€À°€À°€À°€À(ÄØàÄà°€Èå|Å|Äà°€À°€À°€À°€À°€À°€À°€À°€À(ÄØàÄä°€Èå|Å|Ää°€À°€À°€À°€À°€À°€À°€À°€À(ÄØàÈÀ°€Èå|Å|ÈÀ°€À°€À°€À°€À°€À°€À°€À°€À(ÄØàÈÄ°€Èå|Å|ÈÄ°€À°€À°€À°€À°€À°€À°€À°€À(ÄØàÈÈ°€Èå|Å|ÈÈ°€À°€À°€À°€À°€À°€À°€À°€À(ÄØàÈÌ°€Èå|Å|ÈÌ°€À°€À°€À°€À°€À°€À°€À°€À(ÄØàÈÐ°€Èå|Å|ÈÐ°€À°€À°€À°€À°€À°€À°€À°€À(ÄØàÈÔ°€Èå|Å|ÈÔ°€À°€À°€À°€À°€À°€À°€À°€À(ÄØàÈØ°€Èå|Å|ÈØ°€À°€À°€À°€À°€À°€À°€À°€À(ÄØàÈÜ°€Èå|Å|ÈÜ°€À°€À°€À°€À°€À°€À°€À°€À(ÄØàÈà°€Èå|Å|Èà°€À°€À°€À°€À°€À°€À°€À°€À(ÄØàÈä°€Èå|Å|Èä°€À°€À°€À°€À°€À°€À°€À°€À(ÄØàÌÀ°€Èå|Å|ÌÀ°€À°€À°€À°€À°€À°€À°€À°€À(ÄØàÌÄ°€Èå|Å|ÌÄ°€À°€À°€À°€À°€À°€À°€À°€À(ÄØàÌÈ°€Èå|Å|ÌÈ°€À°€À°€À°€À°€À°€À°€À°€À(ÄØàÌÌ°€Èå|Å|ÌÌ°€À°€À°€À°€À°€À°€À°€À°€À(ÄØàÌÐ°€Èå|Å|ÌÐ°€À°€À°€À°€À°€À°€À°€À°€À(ÄØàÌÔ°€Èå|Å|ÌÔ°€À°€À°€À°€À°€À°€À°€À°€À(ÄØàÌØ°€Èå|Å|ÌØ°€À°€À°€À°€À°€À°€À°€À°€À(ÄØàÌÜ°€Èå|Å|ÌÜ°€À°€À°€À°€À°€À°€À°€À°€À(ÄØàÌà°€Èå|Å|Ìà°€À°€À°€À°€À°€À°€À°€À°€À(ÄØàÌä°€Èå|Å|Ìä°€À°€À°€À°€À°€À°€À°€À°€À(ÄØàÐÀ°€Èå|Å|ÐÀ°€À°€À°€À°€À°€À°€À°€À°€À(ÄØàÐÄ°€Èå|Å|ÐÄ°€À°€À°€À°€À°€À°€À°€À°€À(ÄØàÐÈ°€Èå|Å|ÐÈ°€À°€À°€À°€À°€À°€À°€À°€À(ÄØàÐÌ°€Èå|Å|ÐÌ°€À°€À°€À°€À°€À°€À°€À°€À(ÄØàÐÐ°€Èå|Å|ÐÐ°€À°€À°€À°€À°€À°€À°€À°€À(ÄØàÐÔ°€Èå|Å|ÐÔ°€À°€À°€À°€À°€À°€À°€À°€À(ÄØàÐØ°€Èå|Å|ÐØ°€À°€À°€À°€À°€À°€À°€À°€À(ÄØàÐÜ°€Èå|Å|ÐÜ°€À°€À°€À°€À°€À°€À°€À°€À(ÄØàÐà°€Èå|Å|Ðà°€À°€À°€À°€À°€À°€À°€À°€À(ÄØàÐä°€Èå|Å|Ðä°€À°€À°€À°€À°€À°€À°€À°€À(ÄØàÔÀ°€Èå|Å|ÔÀ°€À°€À°€À°€À°€À°€À°€À°€À(ÄØàÔÄ°€Èå|Å|ÔÄ°€À°€À°€À°€À°€À°€À°€À°€À(ÄØàÔÈ°€Èå|Å|ÔÈ°€À°€À°€À°€À°€À°€À°€À°€À(ÄØàÔÌ°€Èå|Å|ÔÌ°€À°€À°€À°€À°€À°€À°€À°€À(ÄØàÔÐ°€Èå|Å|ÔÐ°€À°€À°€À°€À°€À°€À°€À°€À(ÄØàÔÔ°€Èå|Å|ÔÔ°€À°€À°€À°€À°€À°€À°€À°€À(ÄØàÔØ°€Èå|Å|ÔØ°€À°€À°€À°€À°€À°€À°€À°€À(ÄØàÔÜ°€Èå|Å|ÔÜ°€À°€À°€À°€À°€À°€À°€À°€À(ÄØàÔà°€Èå|Å|Ôà°€À°€À°€À°€À°€À°€À°€À°€À(ÄØàÔä°€Èå|Å|Ôä°€À°€À°€À°€À°€À°€À°€À°€À(ÄØàØÀ°€Èå|Å|ØÀ°€À°€À°€À°€À°€À°€À°€À°€À(ÄØàØÄ°€Èå|Å|ØÄ°€À°€À°€À°€À°€À°€À°€À°€À(ÄØàØÈ°€Èå|Å|ØÈ°€À°€À°€À°€À°€À°€À°€À°€À(ÄØàØÌ°€Èå|Å|ØÌ°€À°€À°€À°€À°€À°€À°€À°€À(ÄØàØÐ°€Èå|Å|ØÐ°€À°€À°€À°€À°€À°€À°€À°€À(ÄØàØÔ°€Èå|Å|ØÔ°€À°€À°€À°€À°€À°€À°€À°€À(ÄØàØØ°€Èå|Å|ØØ°€À°€À°€À°€À°€À°€À°€À°€À(ÄØàØÜ°€Èå|Å|ØÜ°€À°€À°€À°€À°€À°€À°€À°€À(ÄØàØà°€Èå|Å|Øà°€À°€À°€À°€À°€À°€À°€À°€À(ÄØàØä°€Èå|Å|Øä°€À°€À°€À°€À°€À°€À°€À°€À(ÄØàÜÀ°€Èå|Å|ÜÀ°€À°€À°€À°€À°€À°€À°€À°€À(ÄØàÜÄ°€Èå|Å|ÜÄ°€À°€À°€À°€À°€À°€À°€À°€À(ÄØàÜÈ°€Èå|Å|ÜÈ°€À°€À°€À°€À°€À°€À°€À°€À(ÄØàÜÌ°€Èå|Å|ÜÌ°€À°€À°€À°€À°€À°€À°€À°€À(ÄØàÜÐ°€Èå|Å|ÜÐ°€À°€À°€À°€À°€À°€À°€À°€À(ÄØàÜÔ°€Èå|Å|ÜÔ°€À°€À°€À°€À°€À°€À°€À°€À(ÄØàÜØ°€Èå|Å|ÜØ°€À°€À°€À°€À°€À°€À°€À°€À(ÄØàÜÜ°€Èå|Å|ÜÜ°€À°€À°€À°€À°€À°€À°€À°€À(ÄØàÜà°€Èå|Å|Üà°€À°€À°€À°€À°€À°€À°€À°€À(ÄØàÜä°€Èå|Å|Üä°€À°€À°€À°€À°€À°€À°€À°€À(ÄØààÀ°€Èå|Å|àÀ°€À°€À°€À°€À°€À°€À°€À°€À(ÄØààÄ°€Èå|Å|àÄ°€À°€À°€À°€À°€À°€À°€À°€À(ÄØààÈ°€Èå|Å|àÈ°€À°€À°€À°€À°€À°€À°€À°€À(ÄØààÌ°€Èå|Å|àÌ°€À°€À°€À°€À°€À°€À°€À°€À(ÄØààÐ°€Èå|Å|àÐ°€À°€À°€À°€À°€À°€À°€À°€À(ÄØààÔ°€Èå|Å|àÔ°€À°€À°€À°€À°€À°€À°€À°€À(ÄØààØ°€Èå|Å|àØ°€À°€À°€À°€À°€À°€À°€À°€À(ÄØààÜ°€Èå|Å|àÜ°€À°€À°€À°€À°€À°€À°€À°€À(ÄØààà°€Èå|Å|àà°€À°€À°€À°€À°€À°€À°€À°€À(ÄØààä°€Èå|Å|àä°€À°€À°€À°€À°€À°€À°€À°€À(ÄØàäÀ°€Èå|Å|äÀ°€À°€À°€À°€À°€À°€À°€À°€À(ÄØàäÄ°€Èå|Å|äÄ°€À°€À°€À°€À°€À°€À°€À°€À(ÄØàäÈ°€Èå|Å|äÈ°€À°€À°€À°€À°€À°€À°€À°€À(ÄØàäÌ°€Èå|Å|äÌ°€À°€À°€À°€À°€À°€À°€À°€À(ÄØàäÐ°€Èå|Å|äÐ°€À°€À°€À°€À°€À°€À°€À°€À(ÄØàäÔ°€Èå|Å|äÔ°€À°€À°€À°€À°€À°€À°€À°€À(ÄØàäØ°€Èå|É|ÀÀ°€À°€À°€À°€À°€À°€À°€À°€À(ÄØàäÜ°€Èå|É|ÀÄ°€À°€À°€À°€À°€À°€À°€À°€À(ÄØàäà°€Èå|É|ÀÈ°€À°€À°€À°€À°€À°€À°€À°€À(ÄØàää°€Èå|É|ÀÌ°€À°€À°€À°€À°€À°€À°€À°€À(ÄØäÀÀ°€Èå|É|ÀÐ°€À°€À°€À°€À°€À°€À°€À°€À(ÄØäÀÄ°€Èå|É|ÀÔ°€À°€À°€À°€À°€À°€À°€À°€À(ÄØäÀÈ°€Èå|É|ÀØ°€À°€À°€À°€À°€À°€À°€À°€À(ÄØäÀÌ°€Èå|É|ÀÜ°€À°€À°€À°€À°€À°€À°€À°€À(ÄØäÀÐ°€Èå|É|Àà°€À°€À°€À°€À°€À°€À°€À°€À(ÄØäÀÔ°€Èå|É|Àä°€À°€À°€À°€À°€À°€À°€À°€À(ÄØäÀØ°€Èå|É|ÄÀ°€À°€À°€À°€À°€À°€À°€À°€À(ÄØäÀÜ°€Èå|É|ÄÄ°€À°€À°€À°€À°€À°€À°€À°€À(ÄØäÀà°€Èå|É|ÄÈ°€À°€À°€À°€À°€À°€À°€À°€À(ÄØäÀä°€Èå|É|ÄÌ°€À°€À°€À°€À°€À°€À°€À°€À(ÄØäÄÀ°€Èå|É|ÄÐ°€À°€À°€À°€À°€À°€À°€À°€À(ÄØäÄÄ°€Èå|É|ÄÔ°€À°€À°€À°€À°€À°€À°€À°€À(ÄØäÄÈ°€Èå|É|ÄØ°€À°€À°€À°€À°€À°€À°€À°€À(ÄØäÄÌ°€Èå|É|ÄÜ°€À°€À°€À°€À°€À°€À°€À°€À(ÄØäÄÐ°€Èå|É|Äà°€À°€À°€À°€À°€À°€À°€À°€À(ÄØäÄÔ°€Èå|É|Ää°€À°€À°€À°€À°€À°€À°€À°€À(ÄØäÄØ°€Èå|É|ÈÀ°€À°€À°€À°€À°€À°€À°€À°€À(ÄØäÄÜ°€Èå|É|ÈÄ°€À°€À°€À°€À°€À°€À°€À°€À(ÄØäÄà°€Èå|É|ÈÈ°€À°€À°€À°€À°€À°€À°€À°€À(ÄØäÄä°€Èå|É|ÈÌ°€À°€À°€À°€À°€À°€À°€À°€À(ÄØäÈÀ°€Èå|É|ÈÐ°€À°€À°€À°€À°€À°€À°€À°€À(ÄØäÈÄ°€Èå|É|ÈÔ°€À°€À°€À°€À°€À°€À°€À°€À(ÄØäÈÈ°€Èå|É|ÈØ°€À°€À°€À°€À°€À°€À°€À°€À(ÄØäÈÌ°€Èå|É|ÈÜ°€À°€À°€À°€À°€À°€À°€À°€À(ÄØäÈÐ°€Èå|É|Èà°€À°€À°€À°€À°€À°€À°€À°€À(ÄØäÈÔ°€Èå|É|Èä°€À°€À°€À°€À°€À°€À°€À°€À(ÄØäÈØ°€Èå|É|ÌÀ°€À°€À°€À°€À°€À°€À°€À°€À(ÄØäÈÜ°€Èå|É|ÌÄ°€À°€À°€À°€À°€À°€À°€À°€À(ÄØäÈà°€Èå|É|ÌÈ°€À°€À°€À°€À°€À°€À°€À°€À(ÄØäÈä°€Èå|É|ÌÌ°€À°€À°€À°€À°€À°€À°€À°€À(ÄØäÌÀ°€Èå|É|ÌÐ°€À°€À°€À°€À°€À°€À°€À°€À(ÄØäÌÄ°€Èå|É|ÌÔ°€À°€À°€À°€À°€À°€À°€À°€À(ÄØäÌÈ°€Èå|É|ÌØ°€À°€À°€À°€À°€À°€À°€À°€À(ÄØäÌÌ°€Èå|É|ÌÜ°€À°€À°€À°€À°€À°€À°€À°€À(ÄØäÌÐ°€Èå|É|Ìà°€À°€À°€À°€À°€À°€À°€À°€À(ÄØäÌÔ°€Èå|É|Ìä°€À°€À°€À°€À°€À°€À°€À°€À(ÄØäÌØ°€Èå|É|ÐÀ°€À°€À°€À°€À°€À°€À°€À°€À(ÄØäÌÜ°€Èå|É|ÐÄ°€À°€À°€À°€À°€À°€À°€À°€À(ÄØäÌà°€Èå|É|ÐÈ°€À°€À°€À°€À°€À°€À°€À°€À(ÄØäÌä°€Èå|É|ÐÌ°€À°€À°€À°€À°€À°€À°€À°€À(ÄØäÐÀ°€Èå|É|ÐÐ°€À°€À°€À°€À°€À°€À°€À°€À(ÄØäÐÄ°€Èå|É|ÐÔ°€À°€À°€À°€À°€À°€À°€À°€À(ÄØäÐÈ°€Èå|É|ÐØ°€À°€À°€À°€À°€À°€À°€À°€À(ÄØäÐÌ°€Èå|É|ÐÜ°€À°€À°€À°€À°€À°€À°€À°€À(ÄØäÐÐ°€Èå|É|Ðà°€À°€À°€À°€À°€À°€À°€À°€À(ÄØäÐÔ°€Èå|É|Ðä°€À°€À°€À°€À°€À°€À°€À°€À(ÄØäÐØ°€Èå|É|ÔÀ°€À°€À°€À°€À°€À°€À°€À°€À(ÄØäÐÜ°€Èå|É|ÔÄ°€À°€À°€À°€À°€À°€À°€À°€À(ÄØäÐà°€Èå|É|ÔÈ°€À°€À°€À°€À°€À°€À°€À°€À(ÄØäÐä°€Èå|É|ÔÌ°€À°€À°€À°€À°€À°€À°€À°€À(ÄØäÔÀ°€Èå|É|ÔÐ°€À°€À°€À°€À°€À°€À°€À°€À(ÄØäÔÄ°€Èå|É|ÔÔ°€À°€À°€À°€À°€À°€À°€À°€À(ÄØäÔÈ°€Èå|É|ÔØ°€À°€À°€À°€À°€À°€À°€À°€À(ÄØäÔÌ°€Èå|É|ÔÜ°€À°€À°€À°€À°€À°€À°€À°€À(ÄØäÔÐ°€Èå|É|Ôà°€À°€À°€À°€À°€À°€À°€À°€À(ÄØäÔÔ°€Èå|É|Ôä°€À°€À°€À°€À°€À°€À°€À°€À(ÄØäÔØ°€Èå|É|ØÀ°€À°€À°€À°€À°€À°€À°€À°€À(ÄØäÔÜ°€Èå|É|ØÄ°€À°€À°€À°€À°€À°€À°€À°€À(ÄØäÔà°€Èå|É|ØÈ°€À°€À°€À°€À°€À°€À°€À°€À(ÄØäÔä°€Èå|É|ØÌ°€À°€À°€À°€À°€À°€À°€À°€À(ÄØäØÀ°€Èå|É|ØÐ°€À°€À°€À°€À°€À°€À°€À°€À(ÄØäØÄ°€Èå|É|ØÔ°€À°€À°€À°€À°€À°€À°€À°€À(ÄØäØÈ°€Èå|É|ØØ°€À°€À°€À°€À°€À°€À°€À°€À(ÄØäØÌ°€Èå|É|ØÜ°€À°€À°€À°€À°€À°€À°€À°€À(ÄØäØÐ°€Èå|É|Øà°€À°€À°€À°€À°€À°€À°€À°€À(ÄØäØÔ°€Èå|É|Øä°€À°€À°€À°€À°€À°€À°€À°€À(ÄØäØØ°€Èå|É|ÜÀ°€À°€À°€À°€À°€À°€À°€À°€À(ÄØäØÜ°€Èå|É|ÜÄ°€À°€À°€À°€À°€À°€À°€À°€À(ÄØäØà°€Èå|É|ÜÈ°€À°€À°€À°€À°€À°€À°€À°€À(ÄØäØä°€Èå|É|ÜÌ°€À°€À°€À°€À°€À°€À°€À°€À(ÄØäÜÀ°€Èå|É|ÜÐ°€À°€À°€À°€À°€À°€À°€À°€À(ÄØäÜÄ°€Èå|É|ÜÔ°€À°€À°€À°€À°€À°€À°€À°€À(ÄØäÜÈ°€Èå|É|ÜØ°€À°€À°€À°€À°€À°€À°€À°€À(ÄØäÜÌ°€Èå|É|ÜÜ°€À°€À°€À°€À°€À°€À°€À°€À(ÄØäÜÐ°€Èå|É|Üà°€À°€À°€À°€À°€À°€À°€À°€À(ÄØäÜÔ°€Èå|É|Üä°€À°€À°€À°€À°€À°€À°€À°€À(ÄØäÜØ°€Èå|É|àÀ°€À°€À°€À°€À°€À°€À°€À°€À(ÄØäÜÜ°€Èå|É|àÄ°€À°€À°€À°€À°€À°€À°€À°€À(ÄØäÜà°€Èå|É|àÈ°€À°€À°€À°€À°€À°€À°€À°€À(ÄØäÜä°€Èå|É|àÌ°€À°€À°€À°€À°€À°€À°€À°€À(ÄØäàÀ°€Èå|É|àÐ°€À°€À°€À°€À°€À°€À°€À°€À(ÄØäàÄ°€Èå|É|àÔ°€À°€À°€À°€À°€À°€À°€À°€À(ÄØäàÈ°€Èå|É|àØ°€À°€À°€À°€À°€À°€À°€À°€À(ÄØäàÌ°€Èå|É|àÜ°€À°€À°€À°€À°€À°€À°€À°€À(ÄØäàÐ°€Èå|É|àà°€À°€À°€À°€À°€À°€À°€À°€À(ÄØäàÔ°€Èå|É|àä°€À°€À°€À°€À°€À°€À°€À°€À(ÄØäàØ°€Èå|É|äÀ°€À°€À°€À°€À°€À°€À°€À°€À(ÄØäàÜ°€Èå|É|äÄ°€À°€À°€À°€À°€À°€À°€À°€À(ÄØäàà°€Èå|É|äÈ°€À°€À°€À°€À°€À°€À°€À°€À(ÄØäàä°€Èå|É|äÌ°€À°€À°€À°€À°€À°€À°€À°€À(ÄØääÀ°€Èå|É|äÐ°€À°€À°€À°€À°€À°€À°€À°€À(ÄØääÄ°€Èå|É|äÔ°€À°€À°€À°€À°€À°€À°€À°€À(ÄØääÈ°€Èå|Í|ÀÀ°€À°€À°€À°€À°€À°€À°€À°€À(ÄØääÌ°€Èå|Í|ÀÄ°€À°€À°€À°€À°€À°€À°€À°€À(ÄØääÐ°€Èå|Í|ÀÈ°€À°€À°€À°€À°€À°€À°€À°€À(ÄØääÔ°€Èå|Í|ÀÌ°€À°€À°€À°€À°€À°€À°€À°€À(ÄØääØ°€Èå|Í|ÀÐ°€À°€À°€À°€À°€À°€À°€À°€À(ÄØääÜ°€Èå|Í|ÀÔ°€À°€À°€À°€À°€À°€À°€À°€À(ÄØääà°€Èå|Í|ÀØ°€À°€À°€À°€À°€À°€À°€À°€À(ÄØäää°€Èå|Í|ÀÜ°€À°€À°€À°€À°€À°€À°€À°€À(ÄÜÀÀÀ°€Èå|Í|Àà°€À°€À°€À°€À°€À°€À°€À°€À(ÄÜÀÀÄ°€Èå|Í|Àä°€À°€À°€À°€À°€À°€À°€À°€À(ÄÜÀÀÈ°€Èå|Í|ÄÀ°€À°€À°€À°€À°€À°€À°€À°€À(ÄÜÀÀÌ°€Èå|Í|ÄÄ°€À°€À°€À°€À°€À°€À°€À°€À(ÄÜÀÀÐ°€Èå|Í|ÄÈ°€À°€À°€À°€À°€À°€À°€À°€À(ÄÜÀÀÔ°€Èå|Í|ÄÌ°€À°€À°€À°€À°€À°€À°€À°€À(ÄÜÀÀØ°€Èå|Í|ÄÐ°€À°€À°€À°€À°€À°€À°€À°€À(ÄÜÀÀÜ°€Èå|Í|ÄÔ°€À°€À°€À°€À°€À°€À°€À°€À(ÄÜÀÀà°€Èå|Í|ÄØ°€À°€À°€À°€À°€À°€À°€À°€À(ÄÜÀÀä°€Èå|Í|ÄÜ°€À°€À°€À°€À°€À°€À°€À°€À(ÄÜÀÄÀ°€Èå|Í|Äà°€À°€À°€À°€À°€À°€À°€À°€À(ÄÜÀÄÄ°€Èå|Í|Ää°€À°€À°€À°€À°€À°€À°€À°€À(ÄÜÀÄÈ°€Èå|Í|ÈÀ°€À°€À°€À°€À°€À°€À°€À°€À(ÄÜÀÄÌ°€Èå|Í|ÈÄ°€À°€À°€À°€À°€À°€À°€À°€À(ÄÜÀÄÐ°€Èå|Í|ÈÈ°€À°€À°€À°€À°€À°€À°€À°€À(ÄÜÀÄÔ°€Èå|Í|ÈÌ°€À°€À°€À°€À°€À°€À°€À°€À(ÄÜÀÄØ°€Èå|Í|ÈÐ°€À°€À°€À°€À°€À°€À°€À°€À(ÄÜÀÄÜ°€Èå|Í|ÈÔ°€À°€À°€À°€À°€À°€À°€À°€À(ÄÜÀÄà°€Èå|Í|ÈØ°€À°€À°€À°€À°€À°€À°€À°€À(ÄÜÀÄä°€Èå|Í|ÈÜ°€À°€À°€À°€À°€À°€À°€À°€À(ÄÜÀÈÀ°€Èå|Í|Èà°€À°€À°€À°€À°€À°€À°€À°€À(ÄÜÀÈÄ°€Èå|Í|Èä°€À°€À°€À°€À°€À°€À°€À°€À(ÄÜÀÈÈ°€Èå|Í|ÌÀ°€À°€À°€À°€À°€À°€À°€À°€À(ÄÜÀÈÌ°€Èå|Í|ÌÄ°€À°€À°€À°€À°€À°€À°€À°€À(ÄÜÀÈÐ°€Èå|Í|ÌÈ°€À°€À°€À°€À°€À°€À°€À°€À(ÄÜÀÈÔ°€Èå|Í|ÌÌ°€À°€À°€À°€À°€À°€À°€À°€À(ÄÜÀÈØ°€Èå|Í|ÌÐ°€À°€À°€À°€À°€À°€À°€À°€À(ÄÜÀÈÜ°€Èå|Í|ÌÔ°€À°€À°€À°€À°€À°€À°€À°€À(ÄÜÀÈà°€Èå|Í|ÌØ°€À°€À°€À°€À°€À°€À°€À°€À(ÄÜÀÈä°€Èå|Í|ÌÜ°€À°€À°€À°€À°€À°€À°€À°€À(ÄÜÀÌÀ°€Èå|Í|Ìà°€À°€À°€À°€À°€À°€À°€À°€À(ÄÜÀÌÄ°€Èå|Í|Ìä°€À°€À°€À°€À°€À°€À°€À°€À(ÄÜÀÌÈ°€Èå|Í|ÐÀ°€À°€À°€À°€À°€À°€À°€À°€À(ÄÜÀÌÌ°€Èå|Í|ÐÄ°€À°€À°€À°€À°€À°€À°€À°€À(ÄÜÀÌÐ°€Èå|Í|ÐÈ°€À°€À°€À°€À°€À°€À°€À°€À(ÄÜÀÌÔ°€Èå|Í|ÐÌ°€À°€À°€À°€À°€À°€À°€À°€À(ÄÜÀÌØ°€Èå|Í|ÐÐ°€À°€À°€À°€À°€À°€À°€À°€À(ÄÜÀÌÜ°€Èå|Í|ÐÔ°€À°€À°€À°€À°€À°€À°€À°€À(ÄÜÀÌà°€Èå|Í|ÐØ°€À°€À°€À°€À°€À°€À°€À°€À(ÄÜÀÌä°€Èå|Í|ÐÜ°€À°€À°€À°€À°€À°€À°€À°€À(ÄÜÀÐÀ°€Èå|Í|Ðà°€À°€À°€À°€À°€À°€À°€À°€À(ÄÜÀÐÄ°€Èå|Í|Ðä°€À°€À°€À°€À°€À°€À°€À°€À(ÄÜÀÐÈ°€Èå|Í|ÔÀ°€À°€À°€À°€À°€À°€À°€À°€À(ÄÜÀÐÌ°€Èå|Í|ÔÄ°€À°€À°€À°€À°€À°€À°€À°€À(ÄÜÀÐÐ°€Èå|Í|ÔÈ°€À°€À°€À°€À°€À°€À°€À°€À(ÄÜÀÐÔ°€Èå|Í|ÔÌ°€À°€À°€À°€À°€À°€À°€À°€À(ÄÜÀÐØ°€Èå|Í|ÔÐ°€À°€À°€À°€À°€À°€À°€À°€À(ÄÜÀÐÜ°€Èå|Í|ÔÔ°€À°€À°€À°€À°€À°€À°€À°€À(ÄÜÀÐà°€Èå|Í|ÔØ°€À°€À°€À°€À°€À°€À°€À°€À(ÄÜÀÐä°€Èå|Í|ÔÜ°€À°€À°€À°€À°€À°€À°€À°€À(ÄÜÀÔÀ°€Èå|Í|Ôà°€À°€À°€À°€À°€À°€À°€À°€À(ÄÜÀÔÄ°€Èå|Í|Ôä°€À°€À°€À°€À°€À°€À°€À°€À(ÄÜÀÔÈ°€Èå|Í|ØÀ°€À°€À°€À°€À°€À°€À°€À°€À(ÄÜÀÔÌ°€Èå|Í|ØÄ°€À°€À°€À°€À°€À°€À°€À°€À(ÄÜÀÔÐ°€Èå|Í|ØÈ°€À°€À°€À°€À°€À°€À°€À°€À(ÄÜÀÔÔ°€Èå|Í|ØÌ°€À°€À°€À°€À°€À°€À°€À°€À(ÄÜÀÔØ°€Èå|Í|ØÐ°€À°€À°€À°€À°€À°€À°€À°€À(ÄÜÀÔÜ°€Èå|Í|ØÔ°€À°€À°€À°€À°€À°€À°€À°€À(ÄÜÀÔà°€Èå|Í|ØØ°€À°€À°€À°€À°€À°€À°€À°€À(ÄÜÀÔä°€Èå|Í|ØÜ°€À°€À°€À°€À°€À°€À°€À°€À(ÄÜÀØÀ°€Èå|Í|Øà°€À°€À°€À°€À°€À°€À°€À°€À(ÄÜÀØÄ°€Èå|Í|Øä°€À°€À°€À°€À°€À°€À°€À°€À(ÄÜÀØÈ°€Èå|Í|ÜÀ°€À°€À°€À°€À°€À°€À°€À°€À(ÄÜÀØÌ°€Èå|Í|ÜÄ°€À°€À°€À°€À°€À°€À°€À°€À(ÄÜÀØÐ°€Èå|Í|ÜÈ°€À°€À°€À°€À°€À°€À°€À°€À(ÄÜÀØÔ°€Èå|Í|ÜÌ°€À°€À°€À°€À°€À°€À°€À°€À(ÄÜÀØØ°€Èå|Í|ÜÐ°€À°€À°€À°€À°€À°€À°€À°€À(ÄÜÀØÜ°€Èå|Í|ÜÔ°€À°€À°€À°€À°€À°€À°€À°€À(ÄÜÀØà°€Èå|Í|ÜØ°€À°€À°€À°€À°€À°€À°€À°€À(ÄÜÀØä°€Èå|Í|ÜÜ°€À°€À°€À°€À°€À°€À°€À°€À(ÄÜÀÜÀ°€Èå|Í|Üà°€À°€À°€À°€À°€À°€À°€À°€À(ÄÜÀÜÄ°€Èå|Í|Üä°€À°€À°€À°€À°€À°€À°€À°€À(ÄÜÀÜÈ°€Èå|Í|àÀ°€À°€À°€À°€À°€À°€À°€À°€À(ÄÜÀÜÌ°€Èå|Í|àÄ°€À°€À°€À°€À°€À°€À°€À°€À(ÄÜÀÜÐ°€Èå|Í|àÈ°€À°€À°€À°€À°€À°€À°€À°€À(ÄÜÀÜÔ°€Èå|Í|àÌ°€À°€À°€À°€À°€À°€À°€À°€À(ÄÜÀÜØ°€Èå|Í|àÐ°€À°€À°€À°€À°€À°€À°€À°€À(ÄÜÀÜÜ°€Èå|Í|àÔ°€À°€À°€À°€À°€À°€À°€À°€À(ÄÜÀÜà°€Èå|Í|àØ°€À°€À°€À°€À°€À°€À°€À°€À(ÄÜÀÜä°€Èå|Í|àÜ°€À°€À°€À°€À°€À°€À°€À°€À(ÄÜÀàÀ°€Èå|Í|àà°€À°€À°€À°€À°€À°€À°€À°€À(ÄÜÀàÄ°€Èå|Í|àä°€À°€À°€À°€À°€À°€À°€À°€À(ÄÜÀàÈ°€Èå|Í|äÀ°€À°€À°€À°€À°€À°€À°€À°€À(ÄÜÀàÌ°€Èå|Í|äÄ°€À°€À°€À°€À°€À°€À°€À°€À(ÄÜÀàÐ°€Èå|Í|äÈ°€À°€À°€À°€À°€À°€À°€À°€À(ÄÜÀàÔ°€Èå|Í|äÌ°€À°€À°€À°€À°€À°€À°€À°€À(ÄÜÀàØ°€Èå|Í|äÐ°€À°€À°€À°€À°€À°€À°€À°€À(ÄÜÀàÜ°€Èå|Í|äÔ°€À°€À°€À°€À°€À°€À°€À°€À(ÄÜÀàà°€Èå|Ñ|ÀÀ°€À°€À°€À°€À°€À°€À°€À°€À(ÄÜÀàä°€Èå|Ñ|ÀÄ°€À°€À°€À°€À°€À°€À°€À°€À(ÄÜÀäÀ°€Èå|Ñ|ÀÈ°€À°€À°€À°€À°€À°€À°€À°€À(ÄÜÀäÄ°€Èå|Ñ|ÀÌ°€À°€À°€À°€À°€À°€À°€À°€À(ÄÜÀäÈ°€Èå|Ñ|ÀÐ°€À°€À°€À°€À°€À°€À°€À°€À(ÄÜÀäÌ°€Èå|Ñ|ÀÔ°€À°€À°€À°€À°€À°€À°€À°€À(ÄÜÀäÐ°€Èå|Ñ|ÀØ°€À°€À°€À°€À°€À°€À°€À°€À(ÄÜÀäÔ°€Èå|Ñ|ÀÜ°€À°€À°€À°€À°€À°€À°€À°€À(ÄÜÀäØ°€Èå|Ñ|Àà°€À°€À°€À°€À°€À°€À°€À°€À(ÄÜÀäÜ°€Èå|Ñ|Àä°€À°€À°€À°€À°€À°€À°€À°€À(ÄÜÀäà°€Èå|Ñ|ÄÀ°€À°€À°€À°€À°€À°€À°€À°€À(ÄÜÀää°€Èå|Ñ|ÄÄ°€À°€À°€À°€À°€À°€À°€À°€À(ÄÜÄÀÀ°€Èå|Ñ|ÄÈ°€À°€À°€À°€À°€À°€À°€À°€À(ÄÜÄÀÄ°€Èå|Ñ|ÄÌ°€À°€À°€À°€À°€À°€À°€À°€À(ÄÜÄÀÈ°€Èå|Ñ|ÄÐ°€À°€À°€À°€À°€À°€À°€À°€À(ÄÜÄÀÌ°€Èå|Ñ|ÄÔ°€À°€À°€À°€À°€À°€À°€À°€À(ÄÜÄÀÐ°€Èå|Ñ|ÄØ°€À°€À°€À°€À°€À°€À°€À°€À(ÄÜÄÀÔ°€Èå|Ñ|ÄÜ°€À°€À°€À°€À°€À°€À°€À°€À(ÄÜÄÀØ°€Èå|Ñ|Äà°€À°€À°€À°€À°€À°€À°€À°€À(ÄÜÄÀÜ°€Èå|Ñ|Ää°€À°€À°€À°€À°€À°€À°€À°€À(ÄÜÄÀà°€Èå|Ñ|ÈÀ°€À°€À°€À°€À°€À°€À°€À°€À(ÄÜÄÀä°€Èå|Ñ|ÈÄ°€À°€À°€À°€À°€À°€À°€À°€À(ÄÜÄÄÀ°€Èå|Ñ|ÈÈ°€À°€À°€À°€À°€À°€À°€À°€À(ÄÜÄÄÄ°€Èå|Ñ|ÈÌ°€À°€À°€À°€À°€À°€À°€À°€À(ÄÜÄÄÈ°€Èå|Ñ|ÈÐ°€À°€À°€À°€À°€À°€À°€À°€À(ÄÜÄÄÌ°€Èå|Ñ|ÈÔ°€À°€À°€À°€À°€À°€À°€À°€À(ÄÜÄÄÐ°€Èå|Ñ|ÈØ°€À°€À°€À°€À°€À°€À°€À°€À(ÄÜÄÄÔ°€Èå|Ñ|ÈÜ°€À°€À°€À°€À°€À°€À°€À°€À(ÄÜÄÄØ°€Èå|Ñ|Èà°€À°€À°€À°€À°€À°€À°€À°€À(ÄÜÄÄÜ°€Èå|Ñ|Èä°€À°€À°€À°€À°€À°€À°€À°€À(ÄÜÄÄà°€Èå|Ñ|ÌÀ°€À°€À°€À°€À°€À°€À°€À°€À(ÄÜÄÄä°€Èå|Ñ|ÌÄ°€À°€À°€À°€À°€À°€À°€À°€À(ÄÜÄÈÀ°€Èå|Ñ|ÌÈ°€À°€À°€À°€À°€À°€À°€À°€À(ÄÜÄÈÄ°€Èå|Ñ|ÌÌ°€À°€À°€À°€À°€À°€À°€À°€À(ÄÜÄÈÈ°€Èå|Ñ|ÌÐ°€À°€À°€À°€À°€À°€À°€À°€À(ÄÜÄÈÌ°€Èå|Ñ|ÌÔ°€À°€À°€À°€À°€À°€À°€À°€À(ÄÜÄÈÐ°€Èå|Ñ|ÌØ°€À°€À°€À°€À°€À°€À°€À°€À(ÄÜÄÈÔ°€Èå|Ñ|ÌÜ°€À°€À°€À°€À°€À°€À°€À°€À(ÄÜÄÈØ°€Èå|Ñ|Ìà°€À°€À°€À°€À°€À°€À°€À°€À(ÄÜÄÈÜ°€Èå|Ñ|Ìä°€À°€À°€À°€À°€À°€À°€À°€À(ÄÜÄÈà°€Èå|Ñ|ÐÀ°€À°€À°€À°€À°€À°€À°€À°€À(ÄÜÄÈä°€Èå|Ñ|ÐÄ°€À°€À°€À°€À°€À°€À°€À°€À(ÄÜÄÌÀ°€Èå|Ñ|ÐÈ°€À°€À°€À°€À°€À°€À°€À°€À(ÄÜÄÌÄ°€Èå|Ñ|ÐÌ°€À°€À°€À°€À°€À°€À°€À°€À(ÄÜÄÌÈ°€Èå|Ñ|ÐÐ°€À°€À°€À°€À°€À°€À°€À°€À(ÄÜÄÌÌ°€Èå|Ñ|ÐÔ°€À°€À°€À°€À°€À°€À°€À°€À(ÄÜÄÌÐ°€Èå|Ñ|ÐØ°€À°€À°€À°€À°€À°€À°€À°€À(ÄÜÄÌÔ°€Èå|Ñ|ÐÜ°€À°€À°€À°€À°€À°€À°€À°€À(ÄÜÄÌØ°€Èå|Ñ|Ðà°€À°€À°€À°€À°€À°€À°€À°€À(ÄÜÄÌÜ°€Èå|Ñ|Ðä°€À°€À°€À°€À°€À°€À°€À°€À(ÄÜÄÌà°€Èå|Ñ|ÔÀ°€À°€À°€À°€À°€À°€À°€À°€À(ÄÜÄÌä°€Èå|Ñ|ÔÄ°€À°€À°€À°€À°€À°€À°€À°€À(ÄÜÄÐÀ°€Èå|Ñ|ÔÈ°€À°€À°€À°€À°€À°€À°€À°€À(ÄÜÄÐÄ°€Èå|Ñ|ÔÌ°€À°€À°€À°€À°€À°€À°€À°€À(ÄÜÄÐÈ°€Èå|Ñ|ÔÐ°€À°€À°€À°€À°€À°€À°€À°€À(ÄÜÄÐÌ°€Èå|Ñ|ÔÔ°€À°€À°€À°€À°€À°€À°€À°€À(ÄÜÄÐÐ°€Èå|Ñ|ÔØ°€À°€À°€À°€À°€À°€À°€À°€À(ÄÜÄÐÔ°€Èå|Ñ|ÔÜ°€À°€À°€À°€À°€À°€À°€À°€À(ÄÜÄÐØ°€Èå|Ñ|Ôà°€À°€À°€À°€À°€À°€À°€À°€À(ÄÜÄÐÜ°€Èå|Ñ|Ôä°€À°€À°€À°€À°€À°€À°€À°€À(ÄÜÄÐà°€Èå|Ñ|ØÀ°€À°€À°€À°€À°€À°€À°€À°€À(ÄÜÄÐä°€Èå|Ñ|ØÄ°€À°€À°€À°€À°€À°€À°€À°€À(ÄÜÄÔÀ°€Èå|Ñ|ØÈ°€À°€À°€À°€À°€À°€À°€À°€À(ÄÜÄÔÄ°€Èå|Ñ|ØÌ°€À°€À°€À°€À°€À°€À°€À°€À(ÄÜÄÔÈ°€Èå|Ñ|ØÐ°€À°€À°€À°€À°€À°€À°€À°€À(ÄÜÄÔÌ°€Èå|Ñ|ØÔ°€À°€À°€À°€À°€À°€À°€À°€À(ÄÜÄÔÐ°€Èå|Ñ|ØØ°€À°€À°€À°€À°€À°€À°€À°€À(ÄÜÄÔÔ°€Èå|Ñ|ØÜ°€À°€À°€À°€À°€À°€À°€À°€À(ÄÜÄÔØ°€Èå|Ñ|Øà°€À°€À°€À°€À°€À°€À°€À°€À(ÄÜÄÔÜ°€Èå|Ñ|Øä°€À°€À°€À°€À°€À°€À°€À°€À(ÄÜÄÔà°€Èå|Ñ|ÜÀ°€À°€À°€À°€À°€À°€À°€À°€À(ÄÜÄÔä°€Èå|Ñ|ÜÄ°€À°€À°€À°€À°€À°€À°€À°€À(ÄÜÄØÀ°€Èå|Ñ|ÜÈ°€À°€À°€À°€À°€À°€À°€À°€À(ÄÜÄØÄ°€Èå|Ñ|ÜÌ°€À°€À°€À°€À°€À°€À°€À°€À(ÄÜÄØÈ°€Èå|Ñ|ÜÐ°€À°€À°€À°€À°€À°€À°€À°€À(ÄÜÄØÌ°€Èå|Ñ|ÜÔ°€À°€À°€À°€À°€À°€À°€À°€À(ÄÜÄØÐ°€Èå|Ñ|ÜØ°€À°€À°€À°€À°€À°€À°€À°€À(ÄÜÄØÔ°€Èå|Ñ|ÜÜ°€À°€À°€À°€À°€À°€À°€À°€À(ÄÜÄØØ°€Èå|Ñ|Üà°€À°€À°€À°€À°€À°€À°€À°€À(ÄÜÄØÜ°€Èå|Ñ|Üä°€À°€À°€À°€À°€À°€À°€À°€À(ÄÜÄØà°€Èå|Ñ|àÀ°€À°€À°€À°€À°€À°€À°€À°€À(ÄÜÄØä°€Èå|Ñ|àÄ°€À°€À°€À°€À°€À°€À°€À°€À(ÄÜÄÜÀ°€Èå|Ñ|àÈ°€À°€À°€À°€À°€À°€À°€À°€À(ÄÜÄÜÄ°€Èå|Ñ|àÌ°€À°€À°€À°€À°€À°€À°€À°€À(ÄÜÄÜÈ°€Èå|Ñ|àÐ°€À°€À°€À°€À°€À°€À°€À°€À(ÄÜÄÜÌ°€Èå|Ñ|àÔ°€À°€À°€À°€À°€À°€À°€À°€À(ÄÜÄÜÐ°€Èå|Ñ|àØ°€À°€À°€À°€À°€À°€À°€À°€À(ÄÜÄÜÔ°€Èå|Ñ|àÜ°€À°€À°€À°€À°€À°€À°€À°€À(ÄÜÄÜØ°€Èå|Ñ|àà°€À°€À°€À°€À°€À°€À°€À°€À(ÄÜÄÜÜ°€Èå|Ñ|àä°€À°€À°€À°€À°€À°€À°€À°€À(ÄÜÄÜà°€Èå|Ñ|äÀ°€À°€À°€À°€À°€À°€À°€À°€À(ÄÜÄÜä°€Èå|Ñ|äÄ°€À°€À°€À°€À°€À°€À°€À°€À(ÄÜÄàÀ°€Èå|Ñ|äÈ°€À°€À°€À°€À°€À°€À°€À°€À(ÄÜÄàÄ°€Èå|Ñ|äÌ°€À°€À°€À°€À°€À°€À°€À°€À(ÄÜÄàÈ°€Èå|Ñ|äÐ°€À°€À°€À°€À°€À°€À°€À°€À(ÄÜÄàÌ°€Èå|Ñ|äÔ°€À°€À°€À°€À°€À°€À°€À°€À(ÄÜÄàÐ°€Èå|Õ|ÀÀ°€À°€À°€À°€À°€À°€À°€À°€À(ÄÜÄàÔ°€Èå|Õ|ÀÄ°€À°€À°€À°€À°€À°€À°€À°€À(ÄÜÄàØ°€Èå|Õ|ÀÈ°€À°€À°€À°€À°€À°€À°€À°€À(ÄÜÄàÜ°€Èå|Õ|ÀÌ°€À°€À°€À°€À°€À°€À°€À°€À(ÄÜÄàà°€Èå|Õ|ÀÐ°€À°€À°€À°€À°€À°€À°€À°€À(ÄÜÄàä°€Èå|Õ|ÀÔ°€À°€À°€À°€À°€À°€À°€À°€À(ÄÜÄäÀ°€Èå|Õ|ÀØ°€À°€À°€À°€À°€À°€À°€À°€À(ÄÜÄäÄ°€Èå|Õ|ÀÜ°€À°€À°€À°€À°€À°€À°€À°€À(ÄÜÄäÈ°€Èå|Õ|Àà°€À°€À°€À°€À°€À°€À°€À°€À(ÄÜÄäÌ°€Èå|Õ|Àä°€À°€À°€À°€À°€À°€À°€À°€À(ÄÜÄäÐ°€Èå|Õ|ÄÀ°€À°€À°€À°€À°€À°€À°€À°€À(ÄÜÄäÔ°€Èå|Õ|ÄÄ°€À°€À°€À°€À°€À°€À°€À°€À(ÄÜÄäØ°€Èå|Õ|ÄÈ°€À°€À°€À°€À°€À°€À°€À°€À(ÄÜÄäÜ°€Èå|Õ|ÄÌ°€À°€À°€À°€À°€À°€À°€À°€À(ÄÜÄäà°€Èå|Õ|ÄÐ°€À°€À°€À°€À°€À°€À°€À°€À(ÄÜÄää°€Èå|Õ|ÄÔ°€À°€À°€À°€À°€À°€À°€À°€À(ÄÜÈÀÀ°€Èå|Õ|ÄØ°€À°€À°€À°€À°€À°€À°€À°€À(ÄÜÈÀÄ°€Èå|Õ|ÄÜ°€À°€À°€À°€À°€À°€À°€À°€À(ÄÜÈÀÈ°€Èå|Õ|Äà°€À°€À°€À°€À°€À°€À°€À°€À(ÄÜÈÀÌ°€Èå|Õ|Ää°€À°€À°€À°€À°€À°€À°€À°€À(ÄÜÈÀÐ°€Èå|Õ|ÈÀ°€À°€À°€À°€À°€À°€À°€À°€À(ÄÜÈÀÔ°€Èå|Õ|ÈÄ°€À°€À°€À°€À°€À°€À°€À°€À(ÄÜÈÀØ°€Èå|Õ|ÈÈ°€À°€À°€À°€À°€À°€À°€À°€À(ÄÜÈÀÜ°€Èå|Õ|ÈÌ°€À°€À°€À°€À°€À°€À°€À°€À(ÄÜÈÀà°€Èå|Õ|ÈÐ°€À°€À°€À°€À°€À°€À°€À°€À(ÄÜÈÀä°€Èå|Õ|ÈÔ°€À°€À°€À°€À°€À°€À°€À°€À(ÄÜÈÄÀ°€Èå|Õ|ÈØ°€À°€À°€À°€À°€À°€À°€À°€À(ÄÜÈÄÄ°€Èå|Õ|ÈÜ°€À°€À°€À°€À°€À°€À°€À°€À(ÄÜÈÄÈ°€Èå|Õ|Èà°€À°€À°€À°€À°€À°€À°€À°€À(ÄÜÈÄÌ°€Èå|Õ|Èä°€À°€À°€À°€À°€À°€À°€À°€À(ÄÜÈÄÐ°€Èå|Õ|ÌÀ°€À°€À°€À°€À°€À°€À°€À°€À(ÄÜÈÄÔ°€Èå|Õ|ÌÄ°€À°€À°€À°€À°€À°€À°€À°€À(ÄÜÈÄØ°€Èå|Õ|ÌÈ°€À°€À°€À°€À°€À°€À°€À°€À(ÄÜÈÄÜ°€Èå|Õ|ÌÌ°€À°€À°€À°€À°€À°€À°€À°€À(ÄÜÈÄà°€Èå|Õ|ÌÐ°€À°€À°€À°€À°€À°€À°€À°€À(ÄÜÈÄä°€Èå|Õ|ÌÔ°€À°€À°€À°€À°€À°€À°€À°€À(ÄÜÈÈÀ°€Èå|Õ|ÌØ°€À°€À°€À°€À°€À°€À°€À°€À(ÄÜÈÈÄ°€Èå|Õ|ÌÜ°€À°€À°€À°€À°€À°€À°€À°€À(ÄÜÈÈÈ°€Èå|Õ|Ìà°€À°€À°€À°€À°€À°€À°€À°€À(ÄÜÈÈÌ°€Èå|Õ|Ìä°€À°€À°€À°€À°€À°€À°€À°€À(ÄÜÈÈÐ°€Èå|Õ|ÐÀ°€À°€À°€À°€À°€À°€À°€À°€À(ÄÜÈÈÔ°€Èå|Õ|ÐÄ°€À°€À°€À°€À°€À°€À°€À°€À(ÄÜÈÈØ°€Èå|Õ|ÐÈ°€À°€À°€À°€À°€À°€À°€À°€À(ÄÜÈÈÜ°€Èå|Õ|ÐÌ°€À°€À°€À°€À°€À°€À°€À°€À(ÄÜÈÈà°€Èå|Õ|ÐÐ°€À°€À°€À°€À°€À°€À°€À°€À(ÄÜÈÈä°€Èå|Õ|ÐÔ°€À°€À°€À°€À°€À°€À°€À°€À(ÄÜÈÌÀ°€Èå|Õ|ÐØ°€À°€À°€À°€À°€À°€À°€À°€À(ÄÜÈÌÄ°€Èå|Õ|ÐÜ°€À°€À°€À°€À°€À°€À°€À°€À(ÄÜÈÌÈ°€Èå|Õ|Ðà°€À°€À°€À°€À°€À°€À°€À°€À(ÄÜÈÌÌ°€Èå|Õ|Ðä°€À°€À°€À°€À°€À°€À°€À°€À(ÄÜÈÌÐ°€Èå|Õ|ÔÀ°€À°€À°€À°€À°€À°€À°€À°€À(ÄÜÈÌÔ°€Èå|Õ|ÔÄ°€À°€À°€À°€À°€À°€À°€À°€À(ÄÜÈÌØ°€Èå|Õ|ÔÈ°€À°€À°€À°€À°€À°€À°€À°€À(ÄÜÈÌÜ°€Èå|Õ|ÔÌ°€À°€À°€À°€À°€À°€À°€À°€À(ÄÜÈÌà°€Èå|Õ|ÔÐ°€À°€À°€À°€À°€À°€À°€À°€À(ÄÜÈÌä°€Èå|Õ|ÔÔ°€À°€À°€À°€À°€À°€À°€À°€À(ÄÜÈÐÀ°€Èå|Õ|ÔØ°€À°€À°€À°€À°€À°€À°€À°€À(ÄÜÈÐÄ°€Èå|Õ|ÔÜ°€À°€À°€À°€À°€À°€À°€À°€À(ÄÜÈÐÈ°€Èå|Õ|Ôà°€À°€À°€À°€À°€À°€À°€À°€À(ÄÜÈÐÌ°€Èå|Õ|Ôä°€À°€À°€À°€À°€À°€À°€À°€À(ÄÜÈÐÐ°€Èå|Õ|ØÀ°€À°€À°€À°€À°€À°€À°€À°€À(ÄÜÈÐÔ°€Èå|Õ|ØÄ°€À°€À°€À°€À°€À°€À°€À°€À(ÄÜÈÐØ°€Èå|Õ|ØÈ°€À°€À°€À°€À°€À°€À°€À°€À(ÄÜÈÐÜ°€Èå|Õ|ØÌ°€À°€À°€À°€À°€À°€À°€À°€À(ÄÜÈÐà°€Èå|Õ|ØÐ°€À°€À°€À°€À°€À°€À°€À°€À(ÄÜÈÐä°€Èå|Õ|ØÔ°€À°€À°€À°€À°€À°€À°€À°€À(ÄÜÈÔÀ°€Èå|Õ|ØØ°€À°€À°€À°€À°€À°€À°€À°€À(ÄÜÈÔÄ°€Èå|Õ|ØÜ°€À°€À°€À°€À°€À°€À°€À°€À(ÄÜÈÔÈ°€Èå|Õ|Øà°€À°€À°€À°€À°€À°€À°€À°€À(ÄÜÈÔÌ°€Èå|Õ|Øä°€À°€À°€À°€À°€À°€À°€À°€À(ÄÜÈÔÐ°€Èå|Õ|ÜÀ°€À°€À°€À°€À°€À°€À°€À°€À(ÄÜÈÔÔ°€Èå|Õ|ÜÄ°€À°€À°€À°€À°€À°€À°€À°€À(ÄÜÈÔØ°€Èå|Õ|ÜÈ°€À°€À°€À°€À°€À°€À°€À°€À(ÄÜÈÔÜ°€Èå|Õ|ÜÌ°€À°€À°€À°€À°€À°€À°€À°€À(ÄÜÈÔà°€Èå|Õ|ÜÐ°€À°€À°€À°€À°€À°€À°€À°€À(ÄÜÈÔä°€Èå|Õ|ÜÔ°€À°€À°€À°€À°€À°€À°€À°€À(ÄÜÈØÀ°€Èå|Õ|ÜØ°€À°€À°€À°€À°€À°€À°€À°€À(ÄÜÈØÄ°€Èå|Õ|ÜÜ°€À°€À°€À°€À°€À°€À°€À°€À(ÄÜÈØÈ°€Èå|Õ|Üà°€À°€À°€À°€À°€À°€À°€À°€À(ÄÜÈØÌ°€Èå|Õ|Üä°€À°€À°€À°€À°€À°€À°€À°€À(ÄÜÈØÐ°€Èå|Õ|àÀ°€À°€À°€À°€À°€À°€À°€À°€À(ÄÜÈØÔ°€Èå|Õ|àÄ°€À°€À°€À°€À°€À°€À°€À°€À(ÄÜÈØØ°€Èå|Õ|àÈ°€À°€À°€À°€À°€À°€À°€À°€À(ÄÜÈØÜ°€Èå|Õ|àÌ°€À°€À°€À°€À°€À°€À°€À°€À(ÄÜÈØà°€Èå|Õ|àÐ°€À°€À°€À°€À°€À°€À°€À°€À(ÄÜÈØä°€Èå|Õ|àÔ°€À°€À°€À°€À°€À°€À°€À°€À(ÄÜÈÜÀ°€Èå|Õ|àØ°€À°€À°€À°€À°€À°€À°€À°€À(ÄÜÈÜÄ°€Èå|Õ|àÜ°€À°€À°€À°€À°€À°€À°€À°€À(ÄÜÈÜÈ°€Èå|Õ|àà°€À°€À°€À°€À°€À°€À°€À°€À(ÄÜÈÜÌ°€Èå|Õ|àä°€À°€À°€À°€À°€À°€À°€À°€À(ÄÜÈÜÐ°€Èå|Õ|äÀ°€À°€À°€À°€À°€À°€À°€À°€À(ÄÜÈÜÔ°€Èå|Õ|äÄ°€À°€À°€À°€À°€À°€À°€À°€À(ÄÜÈÜØ°€Èå|Õ|äÈ°€À°€À°€À°€À°€À°€À°€À°€À(ÄÜÈÜÜ°€Èå|Õ|äÌ°€À°€À°€À°€À°€À°€À°€À°€À(ÄÜÈÜà°€Èå|Õ|äÐ°€À°€À°€À°€À°€À°€À°€À°€À(ÄÜÈÜä°€Èå|Õ|äÔ°€À°€À°€À°€À°€À°€À°€À°€À(ÄÜÈàÀ°€ÌÁ|Á|ÀÀ°€À°€À°€À°€À°€À°€À°€À°€À(ÄÜÈàÄ°€ÌÁ|Á|ÀÄ°€À°€À°€À°€À°€À°€À°€À°€À(ÄÜÈàÈ°€ÌÁ|Á|ÀÈ°€À°€À°€À°€À°€À°€À°€À°€À(ÄÜÈàÌ°€ÌÁ|Á|ÀÌ°€À°€À°€À°€À°€À°€À°€À°€À(ÄÜÈàÐ°€ÌÁ|Á|ÀÐ°€À°€À°€À°€À°€À°€À°€À°€À(ÄÜÈàÔ°€ÌÁ|Á|ÀÔ°€À°€À°€À°€À°€À°€À°€À°€À(ÄÜÈàØ°€ÌÁ|Á|ÀØ°€À°€À°€À°€À°€À°€À°€À°€À(ÄÜÈàÜ°€ÌÁ|Á|ÀÜ°€À°€À°€À°€À°€À°€À°€À°€À(ÄÜÈàà°€ÌÁ|Á|Àà°€À°€À°€À°€À°€À°€À°€À°€À(ÄÜÈàä°€ÌÁ|Á|Àä°€À°€À°€À°€À°€À°€À°€À°€À(ÄÜÈäÀ°€ÌÁ|Á|ÄÀ°€À°€À°€À°€À°€À°€À°€À°€À(ÄÜÈäÄ°€ÌÁ|Á|ÄÄ°€À°€À°€À°€À°€À°€À°€À°€À(ÄÜÈäÈ°€ÌÁ|Á|ÄÈ°€À°€À°€À°€À°€À°€À°€À°€À(ÄÜÈäÌ°€ÌÁ|Á|ÄÌ°€À°€À°€À°€À°€À°€À°€À°€À(ÄÜÈäÐ°€ÌÁ|Á|ÄÐ°€À°€À°€À°€À°€À°€À°€À°€À(ÄÜÈäÔ°€ÌÁ|Á|ÄÔ°€À°€À°€À°€À°€À°€À°€À°€À(ÄÜÈäØ°€ÌÁ|Á|ÄØ°€À°€À°€À°€À°€À°€À°€À°€À(ÄÜÈäÜ°€ÌÁ|Á|ÄÜ°€À°€À°€À°€À°€À°€À°€À°€À(ÄÜÈäà°€ÌÁ|Á|Äà°€À°€À°€À°€À°€À°€À°€À°€À(ÄÜÈää°€ÌÁ|Á|Ää°€À°€À°€À°€À°€À°€À°€À°€À(ÄÜÌÀÀ°€ÌÁ|Á|ÈÀ°€À°€À°€À°€À°€À°€À°€À°€À(ÄÜÌÀÄ°€ÌÁ|Á|ÈÄ°€À°€À°€À°€À°€À°€À°€À°€À(ÄÜÌÀÈ°€ÌÁ|Á|ÈÈ°€À°€À°€À°€À°€À°€À°€À°€À(ÄÜÌÀÌ°€ÌÁ|Á|ÈÌ°€À°€À°€À°€À°€À°€À°€À°€À(ÄÜÌÀÐ°€ÌÁ|Á|ÈÐ°€À°€À°€À°€À°€À°€À°€À°€À(ÄÜÌÀÔ°€ÌÁ|Á|ÈÔ°€À°€À°€À°€À°€À°€À°€À°€À(ÄÜÌÀØ°€ÌÁ|Á|ÈØ°€À°€À°€À°€À°€À°€À°€À°€À(ÄÜÌÀÜ°€ÌÁ|Á|ÈÜ°€À°€À°€À°€À°€À°€À°€À°€À(ÄÜÌÀà°€ÌÁ|Á|Èà°€À°€À°€À°€À°€À°€À°€À°€À(ÄÜÌÀä°€ÌÁ|Á|Èä°€À°€À°€À°€À°€À°€À°€À°€À(ÄÜÌÄÀ°€ÌÁ|Á|ÌÀ°€À°€À°€À°€À°€À°€À°€À°€À(ÄÜÌÄÄ°€ÌÁ|Á|ÌÄ°€À°€À°€À°€À°€À°€À°€À°€À(ÄÜÌÄÈ°€ÌÁ|Á|ÌÈ°€À°€À°€À°€À°€À°€À°€À°€À(ÄÜÌÄÌ°€ÌÁ|Á|ÌÌ°€À°€À°€À°€À°€À°€À°€À°€À(ÄÜÌÄÐ°€ÌÁ|Á|ÌÐ°€À°€À°€À°€À°€À°€À°€À°€À(ÄÜÌÄÔ°€ÌÁ|Á|ÌÔ°€À°€À°€À°€À°€À°€À°€À°€À(ÄÜÌÄØ°€ÌÁ|Á|ÌØ°€À°€À°€À°€À°€À°€À°€À°€À(ÄÜÌÄÜ°€ÌÁ|Á|ÌÜ°€À°€À°€À°€À°€À°€À°€À°€À(ÄÜÌÄà°€ÌÁ|Á|Ìà°€À°€À°€À°€À°€À°€À°€À°€À(ÄÜÌÄä°€ÌÁ|Á|Ìä°€À°€À°€À°€À°€À°€À°€À°€À(ÄÜÌÈÀ°€ÌÁ|Á|ÐÀ°€À°€À°€À°€À°€À°€À°€À°€À(ÄÜÌÈÄ°€ÌÁ|Á|ÐÄ°€À°€À°€À°€À°€À°€À°€À°€À(ÄÜÌÈÈ°€ÌÁ|Á|ÐÈ°€À°€À°€À°€À°€À°€À°€À°€À(ÄÜÌÈÌ°€ÌÁ|Á|ÐÌ°€À°€À°€À°€À°€À°€À°€À°€À(ÄÜÌÈÐ°€ÌÁ|Á|ÐÐ°€À°€À°€À°€À°€À°€À°€À°€À(ÄÜÌÈÔ°€ÌÁ|Á|ÐÔ°€À°€À°€À°€À°€À°€À°€À°€À(ÄÜÌÈØ°€ÌÁ|Á|ÐØ°€À°€À°€À°€À°€À°€À°€À°€À(ÄÜÌÈÜ°€ÌÁ|Á|ÐÜ°€À°€À°€À°€À°€À°€À°€À°€À(ÄÜÌÈà°€ÌÁ|Á|Ðà°€À°€À°€À°€À°€À°€À°€À°€À(ÄÜÌÈä°€ÌÁ|Á|Ðä°€À°€À°€À°€À°€À°€À°€À°€À(ÄÜÌÌÀ°€ÌÁ|Á|ÔÀ°€À°€À°€À°€À°€À°€À°€À°€À(ÄÜÌÌÄ°€ÌÁ|Á|ÔÄ°€À°€À°€À°€À°€À°€À°€À°€À(ÄÜÌÌÈ°€ÌÁ|Á|ÔÈ°€À°€À°€À°€À°€À°€À°€À°€À(ÄÜÌÌÌ°€ÌÁ|Á|ÔÌ°€À°€À°€À°€À°€À°€À°€À°€À(ÄÜÌÌÐ°€ÌÁ|Á|ÔÐ°€À°€À°€À°€À°€À°€À°€À°€À(ÄÜÌÌÔ°€ÌÁ|Á|ÔÔ°€À°€À°€À°€À°€À°€À°€À°€À(ÄÜÌÌØ°€ÌÁ|Á|ÔØ°€À°€À°€À°€À°€À°€À°€À°€À(ÄÜÌÌÜ°€ÌÁ|Á|ÔÜ°€À°€À°€À°€À°€À°€À°€À°€À(ÄÜÌÌà°€ÌÁ|Á|Ôà°€À°€À°€À°€À°€À°€À°€À°€À(ÄÜÌÌä°€ÌÁ|Á|Ôä°€À°€À°€À°€À°€À°€À°€À°€À(ÄÜÌÐÀ°€ÌÁ|Á|ØÀ°€À°€À°€À°€À°€À°€À°€À°€À(ÄÜÌÐÄ°€ÌÁ|Á|ØÄ°€À°€À°€À°€À°€À°€À°€À°€À(ÄÜÌÐÈ°€ÌÁ|Á|ØÈ°€À°€À°€À°€À°€À°€À°€À°€À(ÄÜÌÐÌ°€ÌÁ|Á|ØÌ°€À°€À°€À°€À°€À°€À°€À°€À(ÄÜÌÐÐ°€ÌÁ|Á|ØÐ°€À°€À°€À°€À°€À°€À°€À°€À(ÄÜÌÐÔ°€ÌÁ|Á|ØÔ°€À°€À°€À°€À°€À°€À°€À°€À(ÄÜÌÐØ°€ÌÁ|Á|ØØ°€À°€À°€À°€À°€À°€À°€À°€À(ÄÜÌÐÜ°€ÌÁ|Á|ØÜ°€À°€À°€À°€À°€À°€À°€À°€À(ÄÜÌÐà°€ÌÁ|Á|Øà°€À°€À°€À°€À°€À°€À°€À°€À(ÄÜÌÐä°€ÌÁ|Á|Øä°€À°€À°€À°€À°€À°€À°€À°€À(ÄÜÌÔÀ°€ÌÁ|Á|ÜÀ°€À°€À°€À°€À°€À°€À°€À°€À(ÄÜÌÔÄ°€ÌÁ|Á|ÜÄ°€À°€À°€À°€À°€À°€À°€À°€À(ÄÜÌÔÈ°€ÌÁ|Á|ÜÈ°€À°€À°€À°€À°€À°€À°€À°€À(ÄÜÌÔÌ°€ÌÁ|Á|ÜÌ°€À°€À°€À°€À°€À°€À°€À°€À(ÄÜÌÔÐ°€ÌÁ|Á|ÜÐ°€À°€À°€À°€À°€À°€À°€À°€À(ÄÜÌÔÔ°€ÌÁ|Á|ÜÔ°€À°€À°€À°€À°€À°€À°€À°€À(ÄÜÌÔØ°€ÌÁ|Á|ÜØ°€À°€À°€À°€À°€À°€À°€À°€À(ÄÜÌÔÜ°€ÌÁ|Á|ÜÜ°€À°€À°€À°€À°€À°€À°€À°€À(ÄÜÌÔà°€ÌÁ|Á|Üà°€À°€À°€À°€À°€À°€À°€À°€À(ÄÜÌÔä°€ÌÁ|Á|Üä°€À°€À°€À°€À°€À°€À°€À°€À(ÄÜÌØÀ°€ÌÁ|Á|àÀ°€À°€À°€À°€À°€À°€À°€À°€À(ÄÜÌØÄ°€ÌÁ|Á|àÄ°€À°€À°€À°€À°€À°€À°€À°€À(ÄÜÌØÈ°€ÌÁ|Á|àÈ°€À°€À°€À°€À°€À°€À°€À°€À(ÄÜÌØÌ°€ÌÁ|Á|àÌ°€À°€À°€À°€À°€À°€À°€À°€À(ÄÜÌØÐ°€ÌÁ|Á|àÐ°€À°€À°€À°€À°€À°€À°€À°€À(ÄÜÌØÔ°€ÌÁ|Á|àÔ°€À°€À°€À°€À°€À°€À°€À°€À(ÄÜÌØØ°€ÌÁ|Á|àØ°€À°€À°€À°€À°€À°€À°€À°€À(ÄÜÌØÜ°€ÌÁ|Á|àÜ°€À°€À°€À°€À°€À°€À°€À°€À(ÄÜÌØà°€ÌÁ|Á|àà°€À°€À°€À°€À°€À°€À°€À°€À(ÄÜÌØä°€ÌÁ|Á|àä°€À°€À°€À°€À°€À°€À°€À°€À(ÄÜÌÜÀ°€ÌÁ|Á|äÀ°€À°€À°€À°€À°€À°€À°€À°€À(ÄÜÌÜÄ°€ÌÁ|Á|äÄ°€À°€À°€À°€À°€À°€À°€À°€À(ÄÜÌÜÈ°€ÌÁ|Á|äÈ°€À°€À°€À°€À°€À°€À°€À°€À(ÄÜÌÜÌ°€ÌÁ|Á|äÌ°€À°€À°€À°€À°€À°€À°€À°€À(ÄÜÌÜÐ°€ÌÁ|Á|äÐ°€À°€À°€À°€À°€À°€À°€À°€À(ÄÜÌÜÔ°€ÌÁ|Á|äÔ°€À°€À°€À°€À°€À°€À°€À°€À(ÄÜÌÜØ°€ÌÁ|Å|ÀÀ°€À°€À°€À°€À°€À°€À°€À°€À(ÄÜÌÜÜ°€ÌÁ|Å|ÀÄ°€À°€À°€À°€À°€À°€À°€À°€À(ÄÜÌÜà°€ÌÁ|Å|ÀÈ°€À°€À°€À°€À°€À°€À°€À°€À(ÄÜÌÜä°€ÌÁ|Å|ÀÌ°€À°€À°€À°€À°€À°€À°€À°€À(ÄÜÌàÀ°€ÌÁ|Å|ÀÐ°€À°€À°€À°€À°€À°€À°€À°€À(ÄÜÌàÄ°€ÌÁ|Å|ÀÔ°€À°€À°€À°€À°€À°€À°€À°€À(ÄÜÌàÈ°€ÌÁ|Å|ÀØ°€À°€À°€À°€À°€À°€À°€À°€À(ÄÜÌàÌ°€ÌÁ|Å|ÀÜ°€À°€À°€À°€À°€À°€À°€À°€À(ÄÜÌàÐ°€ÌÁ|Å|Àà°€À°€À°€À°€À°€À°€À°€À°€À(ÄÜÌàÔ°€ÌÁ|Å|Àä°€À°€À°€À°€À°€À°€À°€À°€À(ÄÜÌàØ°€ÌÁ|Å|ÄÀ°€À°€À°€À°€À°€À°€À°€À°€À(ÄÜÌàÜ°€ÌÁ|Å|ÄÄ°€À°€À°€À°€À°€À°€À°€À°€À(ÄÜÌàà°€ÌÁ|Å|ÄÈ°€À°€À°€À°€À°€À°€À°€À°€À(ÄÜÌàä°€ÌÁ|Å|ÄÌ°€À°€À°€À°€À°€À°€À°€À°€À(ÄÜÌäÀ°€ÌÁ|Å|ÄÐ°€À°€À°€À°€À°€À°€À°€À°€À(ÄÜÌäÄ°€ÌÁ|Å|ÄÔ°€À°€À°€À°€À°€À°€À°€À°€À(ÄÜÌäÈ°€ÌÁ|Å|ÄØ°€À°€À°€À°€À°€À°€À°€À°€À(ÄÜÌäÌ°€ÌÁ|Å|ÄÜ°€À°€À°€À°€À°€À°€À°€À°€À(ÄÜÌäÐ°€ÌÁ|Å|Äà°€À°€À°€À°€À°€À°€À°€À°€À(ÄÜÌäÔ°€ÌÁ|Å|Ää°€À°€À°€À°€À°€À°€À°€À°€À(ÄÜÌäØ°€ÌÁ|Å|ÈÀ°€À°€À°€À°€À°€À°€À°€À°€À(ÄÜÌäÜ°€ÌÁ|Å|ÈÄ°€À°€À°€À°€À°€À°€À°€À°€À(ÄÜÌäà°€ÌÁ|Å|ÈÈ°€À°€À°€À°€À°€À°€À°€À°€À(ÄÜÌää°€ÌÁ|Å|ÈÌ°€À°€À°€À°€À°€À°€À°€À°€À(ÄÜÐÀÀ°€ÌÁ|Å|ÈÐ°€À°€À°€À°€À°€À°€À°€À°€À(ÄÜÐÀÄ°€ÌÁ|Å|ÈÔ°€À°€À°€À°€À°€À°€À°€À°€À(ÄÜÐÀÈ°€ÌÁ|Å|ÈØ°€À°€À°€À°€À°€À°€À°€À°€À(ÄÜÐÀÌ°€ÌÁ|Å|ÈÜ°€À°€À°€À°€À°€À°€À°€À°€À(ÄÜÐÀÐ°€ÌÁ|Å|Èà°€À°€À°€À°€À°€À°€À°€À°€À(ÄÜÐÀÔ°€ÌÁ|Å|Èä°€À°€À°€À°€À°€À°€À°€À°€À(ÄÜÐÀØ°€ÌÁ|Å|ÌÀ°€À°€À°€À°€À°€À°€À°€À°€À(ÄÜÐÀÜ°€ÌÁ|Å|ÌÄ°€À°€À°€À°€À°€À°€À°€À°€À(ÄÜÐÀà°€ÌÁ|Å|ÌÈ°€À°€À°€À°€À°€À°€À°€À°€À(ÄÜÐÀä°€ÌÁ|Å|ÌÌ°€À°€À°€À°€À°€À°€À°€À°€À(ÄÜÐÄÀ°€ÌÁ|Å|ÌÐ°€À°€À°€À°€À°€À°€À°€À°€À(ÄÜÐÄÄ°€ÌÁ|Å|ÌÔ°€À°€À°€À°€À°€À°€À°€À°€À(ÄÜÐÄÈ°€ÌÁ|Å|ÌØ°€À°€À°€À°€À°€À°€À°€À°€À(ÄÜÐÄÌ°€ÌÁ|Å|ÌÜ°€À°€À°€À°€À°€À°€À°€À°€À(ÄÜÐÄÐ°€ÌÁ|Å|Ìà°€À°€À°€À°€À°€À°€À°€À°€À(ÄÜÐÄÔ°€ÌÁ|Å|Ìä°€À°€À°€À°€À°€À°€À°€À°€À(ÄÜÐÄØ°€ÌÁ|Å|ÐÀ°€À°€À°€À°€À°€À°€À°€À°€À(ÄÜÐÄÜ°€ÌÁ|Å|ÐÄ°€À°€À°€À°€À°€À°€À°€À°€À(ÄÜÐÄà°€ÌÁ|Å|ÐÈ°€À°€À°€À°€À°€À°€À°€À°€À(ÄÜÐÄä°€ÌÁ|Å|ÐÌ°€À°€À°€À°€À°€À°€À°€À°€À(ÄÜÐÈÀ°€ÌÁ|Å|ÐÐ°€À°€À°€À°€À°€À°€À°€À°€À(ÄÜÐÈÄ°€ÌÁ|Å|ÐÔ°€À°€À°€À°€À°€À°€À°€À°€À(ÄÜÐÈÈ°€ÌÁ|Å|ÐØ°€À°€À°€À°€À°€À°€À°€À°€À(ÄÜÐÈÌ°€ÌÁ|Å|ÐÜ°€À°€À°€À°€À°€À°€À°€À°€À(ÄÜÐÈÐ°€ÌÁ|Å|Ðà°€À°€À°€À°€À°€À°€À°€À°€À(ÄÜÐÈÔ°€ÌÁ|Å|Ðä°€À°€À°€À°€À°€À°€À°€À°€À(ÄÜÐÈØ°€ÌÁ|Å|ÔÀ°€À°€À°€À°€À°€À°€À°€À°€À(ÄÜÐÈÜ°€ÌÁ|Å|ÔÄ°€À°€À°€À°€À°€À°€À°€À°€À(ÄÜÐÈà°€ÌÁ|Å|ÔÈ°€À°€À°€À°€À°€À°€À°€À°€À(ÄÜÐÈä°€ÌÁ|Å|ÔÌ°€À°€À°€À°€À°€À°€À°€À°€À(ÄÜÐÌÀ°€ÌÁ|Å|ÔÐ°€À°€À°€À°€À°€À°€À°€À°€À(ÄÜÐÌÄ°€ÌÁ|Å|ÔÔ°€À°€À°€À°€À°€À°€À°€À°€À(ÄÜÐÌÈ°€ÌÁ|Å|ÔØ°€À°€À°€À°€À°€À°€À°€À°€À(ÄÜÐÌÌ°€ÌÁ|Å|ÔÜ°€À°€À°€À°€À°€À°€À°€À°€À(ÄÜÐÌÐ°€ÌÁ|Å|Ôà°€À°€À°€À°€À°€À°€À°€À°€À(ÄÜÐÌÔ°€ÌÁ|Å|Ôä°€À°€À°€À°€À°€À°€À°€À°€À(ÄÜÐÌØ°€ÌÁ|Å|ØÀ°€À°€À°€À°€À°€À°€À°€À°€À(ÄÜÐÌÜ°€ÌÁ|Å|ØÄ°€À°€À°€À°€À°€À°€À°€À°€À(ÄÜÐÌà°€ÌÁ|Å|ØÈ°€À°€À°€À°€À°€À°€À°€À°€À(ÄÜÐÌä°€ÌÁ|Å|ØÌ°€À°€À°€À°€À°€À°€À°€À°€À(ÄÜÐÐÀ°€ÌÁ|Å|ØÐ°€À°€À°€À°€À°€À°€À°€À°€À(ÄÜÐÐÄ°€ÌÁ|Å|ØÔ°€À°€À°€À°€À°€À°€À°€À°€À(ÄÜÐÐÈ°€ÌÁ|Å|ØØ°€À°€À°€À°€À°€À°€À°€À°€À(ÄÜÐÐÌ°€ÌÁ|Å|ØÜ°€À°€À°€À°€À°€À°€À°€À°€À(ÄÜÐÐÐ°€ÌÁ|Å|Øà°€À°€À°€À°€À°€À°€À°€À°€À(ÄÜÐÐÔ°€ÌÁ|Å|Øä°€À°€À°€À°€À°€À°€À°€À°€À(ÄÜÐÐØ°€ÌÁ|Å|ÜÀ°€À°€À°€À°€À°€À°€À°€À°€À(ÄÜÐÐÜ°€ÌÁ|Å|ÜÄ°€À°€À°€À°€À°€À°€À°€À°€À(ÄÜÐÐà°€ÌÁ|Å|ÜÈ°€À°€À°€À°€À°€À°€À°€À°€À(ÄÜÐÐä°€ÌÁ|Å|ÜÌ°€À°€À°€À°€À°€À°€À°€À°€À(ÄÜÐÔÀ°€ÌÁ|Å|ÜÐ°€À°€À°€À°€À°€À°€À°€À°€À(ÄÜÐÔÄ°€ÌÁ|Å|ÜÔ°€À°€À°€À°€À°€À°€À°€À°€À(ÄÜÐÔÈ°€ÌÁ|Å|ÜØ°€À°€À°€À°€À°€À°€À°€À°€À(ÄÜÐÔÌ°€ÌÁ|Å|ÜÜ°€À°€À°€À°€À°€À°€À°€À°€À(ÄÜÐÔÐ°€ÌÁ|Å|Üà°€À°€À°€À°€À°€À°€À°€À°€À(ÄÜÐÔÔ°€ÌÁ|Å|Üä°€À°€À°€À°€À°€À°€À°€À°€À(ÄÜÐÔØ°€ÌÁ|Å|àÀ°€À°€À°€À°€À°€À°€À°€À°€À(ÄÜÐÔÜ°€ÌÁ|Å|àÄ°€À°€À°€À°€À°€À°€À°€À°€À(ÄÜÐÔà°€ÌÁ|Å|àÈ°€À°€À°€À°€À°€À°€À°€À°€À(ÄÜÐÔä°€ÌÁ|Å|àÌ°€À°€À°€À°€À°€À°€À°€À°€À(ÄÜÐØÀ°€ÌÁ|Å|àÐ°€À°€À°€À°€À°€À°€À°€À°€À(ÄÜÐØÄ°€ÌÁ|Å|àÔ°€À°€À°€À°€À°€À°€À°€À°€À(ÄÜÐØÈ°€ÌÁ|Å|àØ°€À°€À°€À°€À°€À°€À°€À°€À(ÄÜÐØÌ°€ÌÁ|Å|àÜ°€À°€À°€À°€À°€À°€À°€À°€À(ÄÜÐØÐ°€ÌÁ|Å|àà°€À°€À°€À°€À°€À°€À°€À°€À(ÄÜÐØÔ°€ÌÁ|Å|àä°€À°€À°€À°€À°€À°€À°€À°€À(ÄÜÐØØ°€ÌÁ|Å|äÀ°€À°€À°€À°€À°€À°€À°€À°€À(ÄÜÐØÜ°€ÌÁ|Å|äÄ°€À°€À°€À°€À°€À°€À°€À°€À(ÄÜÐØà°€ÌÁ|Å|äÈ°€À°€À°€À°€À°€À°€À°€À°€À(ÄÜÐØä°€ÌÁ|Å|äÌ°€À°€À°€À°€À°€À°€À°€À°€À(ÄÜÐÜÀ°€ÌÁ|Å|äÐ°€À°€À°€À°€À°€À°€À°€À°€À(ÄÜÐÜÄ°€ÌÁ|Å|äÔ°€À°€À°€À°€À°€À°€À°€À°€À(ÄÜÐÜÈ°€ÌÁ|É|ÀÀ°€À°€À°€À°€À°€À°€À°€À°€À(ÄÜÐÜÌ°€ÌÁ|É|ÀÄ°€À°€À°€À°€À°€À°€À°€À°€À(ÄÜÐÜÐ°€ÌÁ|É|ÀÈ°€À°€À°€À°€À°€À°€À°€À°€À(ÄÜÐÜÔ°€ÌÁ|É|ÀÌ°€À°€À°€À°€À°€À°€À°€À°€À(ÄÜÐÜØ°€ÌÁ|É|ÀÐ°€À°€À°€À°€À°€À°€À°€À°€À(ÄÜÐÜÜ°€ÌÁ|É|ÀÔ°€À°€À°€À°€À°€À°€À°€À°€À(ÄÜÐÜà°€ÌÁ|É|ÀØ°€À°€À°€À°€À°€À°€À°€À°€À(ÄÜÐÜä°€ÌÁ|É|ÀÜ°€À°€À°€À°€À°€À°€À°€À°€À(ÄÜÐàÀ°€ÌÁ|É|Àà°€À°€À°€À°€À°€À°€À°€À°€À(ÄÜÐàÄ°€ÌÁ|É|Àä°€À°€À°€À°€À°€À°€À°€À°€À(ÄÜÐàÈ°€ÌÁ|É|ÄÀ°€À°€À°€À°€À°€À°€À°€À°€À(ÄÜÐàÌ°€ÌÁ|É|ÄÄ°€À°€À°€À°€À°€À°€À°€À°€À(ÄÜÐàÐ°€ÌÁ|É|ÄÈ°€À°€À°€À°€À°€À°€À°€À°€À(ÄÜÐàÔ°€ÌÁ|É|ÄÌ°€À°€À°€À°€À°€À°€À°€À°€À(ÄÜÐàØ°€ÌÁ|É|ÄÐ°€À°€À°€À°€À°€À°€À°€À°€À(ÄÜÐàÜ°€ÌÁ|É|ÄÔ°€À°€À°€À°€À°€À°€À°€À°€À(ÄÜÐàà°€ÌÁ|É|ÄØ°€À°€À°€À°€À°€À°€À°€À°€À(ÄÜÐàä°€ÌÁ|É|ÄÜ°€À°€À°€À°€À°€À°€À°€À°€À(ÄÜÐäÀ°€ÌÁ|É|Äà°€À°€À°€À°€À°€À°€À°€À°€À(ÄÜÐäÄ°€ÌÁ|É|Ää°€À°€À°€À°€À°€À°€À°€À°€À(ÄÜÐäÈ°€ÌÁ|É|ÈÀ°€À°€À°€À°€À°€À°€À°€À°€À(ÄÜÐäÌ°€ÌÁ|É|ÈÄ°€À°€À°€À°€À°€À°€À°€À°€À(ÄÜÐäÐ°€ÌÁ|É|ÈÈ°€À°€À°€À°€À°€À°€À°€À°€À(ÄÜÐäÔ°€ÌÁ|É|ÈÌ°€À°€À°€À°€À°€À°€À°€À°€À(ÄÜÐäØ°€ÌÁ|É|ÈÐ°€À°€À°€À°€À°€À°€À°€À°€À(ÄÜÐäÜ°€ÌÁ|É|ÈÔ°€À°€À°€À°€À°€À°€À°€À°€À(ÄÜÐäà°€ÌÁ|É|ÈØ°€À°€À°€À°€À°€À°€À°€À°€À(ÄÜÐää°€ÌÁ|É|ÈÜ°€À°€À°€À°€À°€À°€À°€À°€À(ÄÜÔÀÀ°€ÌÁ|É|Èà°€À°€À°€À°€À°€À°€À°€À°€À(ÄÜÔÀÄ°€ÌÁ|É|Èä°€À°€À°€À°€À°€À°€À°€À°€À(ÄÜÔÀÈ°€ÌÁ|É|ÌÀ°€À°€À°€À°€À°€À°€À°€À°€À(ÄÜÔÀÌ°€ÌÁ|É|ÌÄ°€À°€À°€À°€À°€À°€À°€À°€À(ÄÜÔÀÐ°€ÌÁ|É|ÌÈ°€À°€À°€À°€À°€À°€À°€À°€À(ÄÜÔÀÔ°€ÌÁ|É|ÌÌ°€À°€À°€À°€À°€À°€À°€À°€À(ÄÜÔÀØ°€ÌÁ|É|ÌÐ°€À°€À°€À°€À°€À°€À°€À°€À(ÄÜÔÀÜ°€ÌÁ|É|ÌÔ°€À°€À°€À°€À°€À°€À°€À°€À(ÄÜÔÀà°€ÌÁ|É|ÌØ°€À°€À°€À°€À°€À°€À°€À°€À(ÄÜÔÀä°€ÌÁ|É|ÌÜ°€À°€À°€À°€À°€À°€À°€À°€À(ÄÜÔÄÀ°€ÌÁ|É|Ìà°€À°€À°€À°€À°€À°€À°€À°€À(ÄÜÔÄÄ°€ÌÁ|É|Ìä°€À°€À°€À°€À°€À°€À°€À°€À(ÄÜÔÄÈ°€ÌÁ|É|ÐÀ°€À°€À°€À°€À°€À°€À°€À°€À(ÄÜÔÄÌ°€ÌÁ|É|ÐÄ°€À°€À°€À°€À°€À°€À°€À°€À(ÄÜÔÄÐ°€ÌÁ|É|ÐÈ°€À°€À°€À°€À°€À°€À°€À°€À(ÄÜÔÄÔ°€ÌÁ|É|ÐÌ°€À°€À°€À°€À°€À°€À°€À°€À(ÄÜÔÄØ°€ÌÁ|É|ÐÐ°€À°€À°€À°€À°€À°€À°€À°€À(ÄÜÔÄÜ°€ÌÁ|É|ÐÔ°€À°€À°€À°€À°€À°€À°€À°€À(ÄÜÔÄà°€ÌÁ|É|ÐØ°€À°€À°€À°€À°€À°€À°€À°€À(ÄÜÔÄä°€ÌÁ|É|ÐÜ°€À°€À°€À°€À°€À°€À°€À°€À(ÄÜÔÈÀ°€ÌÁ|É|Ðà°€À°€À°€À°€À°€À°€À°€À°€À(ÄÜÔÈÄ°€ÌÁ|É|Ðä°€À°€À°€À°€À°€À°€À°€À°€À(ÄÜÔÈÈ°€ÌÁ|É|ÔÀ°€À°€À°€À°€À°€À°€À°€À°€À(ÄÜÔÈÌ°€ÌÁ|É|ÔÄ°€À°€À°€À°€À°€À°€À°€À°€À(ÄÜÔÈÐ°€ÌÁ|É|ÔÈ°€À°€À°€À°€À°€À°€À°€À°€À(ÄÜÔÈÔ°€ÌÁ|É|ÔÌ°€À°€À°€À°€À°€À°€À°€À°€À(ÄÜÔÈØ°€ÌÁ|É|ÔÐ°€À°€À°€À°€À°€À°€À°€À°€À(ÄÜÔÈÜ°€ÌÁ|É|ÔÔ°€À°€À°€À°€À°€À°€À°€À°€À(ÄÜÔÈà°€ÌÁ|É|ÔØ°€À°€À°€À°€À°€À°€À°€À°€À(ÄÜÔÈä°€ÌÁ|É|ÔÜ°€À°€À°€À°€À°€À°€À°€À°€À(ÄÜÔÌÀ°€ÌÁ|É|Ôà°€À°€À°€À°€À°€À°€À°€À°€À(ÄÜÔÌÄ°€ÌÁ|É|Ôä°€À°€À°€À°€À°€À°€À°€À°€À(ÄÜÔÌÈ°€ÌÁ|É|ØÀ°€À°€À°€À°€À°€À°€À°€À°€À(ÄÜÔÌÌ°€ÌÁ|É|ØÄ°€À°€À°€À°€À°€À°€À°€À°€À(ÄÜÔÌÐ°€ÌÁ|É|ØÈ°€À°€À°€À°€À°€À°€À°€À°€À(ÄÜÔÌÔ°€ÌÁ|É|ØÌ°€À°€À°€À°€À°€À°€À°€À°€À(ÄÜÔÌØ°€ÌÁ|É|ØÐ°€À°€À°€À°€À°€À°€À°€À°€À(ÄÜÔÌÜ°€ÌÁ|É|ØÔ°€À°€À°€À°€À°€À°€À°€À°€À(ÄÜÔÌà°€ÌÁ|É|ØØ°€À°€À°€À°€À°€À°€À°€À°€À(ÄÜÔÌä°€ÌÁ|É|ØÜ°€À°€À°€À°€À°€À°€À°€À°€À(ÄÜÔÐÀ°€ÌÁ|É|Øà°€À°€À°€À°€À°€À°€À°€À°€À(ÄÜÔÐÄ°€ÌÁ|É|Øä°€À°€À°€À°€À°€À°€À°€À°€À(ÄÜÔÐÈ°€ÌÁ|É|ÜÀ°€À°€À°€À°€À°€À°€À°€À°€À(ÄÜÔÐÌ°€ÌÁ|É|ÜÄ°€À°€À°€À°€À°€À°€À°€À°€À(ÄÜÔÐÐ°€ÌÁ|É|ÜÈ°€À°€À°€À°€À°€À°€À°€À°€À(ÄÜÔÐÔ°€ÌÁ|É|ÜÌ°€À°€À°€À°€À°€À°€À°€À°€À(ÄÜÔÐØ°€ÌÁ|É|ÜÐ°€À°€À°€À°€À°€À°€À°€À°€À(ÄÜÔÐÜ°€ÌÁ|É|ÜÔ°€À°€À°€À°€À°€À°€À°€À°€À(ÄÜÔÐà°€ÌÁ|É|ÜØ°€À°€À°€À°€À°€À°€À°€À°€À(ÄÜÔÐä°€ÌÁ|É|ÜÜ°€À°€À°€À°€À°€À°€À°€À°€À(ÄÜÔÔÀ°€ÌÁ|É|Üà°€À°€À°€À°€À°€À°€À°€À°€À(ÄÜÔÔÄ°€ÌÁ|É|Üä°€À°€À°€À°€À°€À°€À°€À°€À(ÄÜÔÔÈ°€ÌÁ|É|àÀ°€À°€À°€À°€À°€À°€À°€À°€À(ÄÜÔÔÌ°€ÌÁ|É|àÄ°€À°€À°€À°€À°€À°€À°€À°€À(ÄÜÔÔÐ°€ÌÁ|É|àÈ°€À°€À°€À°€À°€À°€À°€À°€À(ÄÜÔÔÔ°€ÌÁ|É|àÌ°€À°€À°€À°€À°€À°€À°€À°€À(ÄÜÔÔØ°€ÌÁ|É|àÐ°€À°€À°€À°€À°€À°€À°€À°€À(ÄÜÔÔÜ°€ÌÁ|É|àÔ°€À°€À°€À°€À°€À°€À°€À°€À(ÄÜÔÔà°€ÌÁ|É|àØ°€À°€À°€À°€À°€À°€À°€À°€À(ÄÜÔÔä°€ÌÁ|É|àÜ°€À°€À°€À°€À°€À°€À°€À°€À(ÄÜÔØÀ°€ÌÁ|É|àà°€À°€À°€À°€À°€À°€À°€À°€À(ÄÜÔØÄ°€ÌÁ|É|àä°€À°€À°€À°€À°€À°€À°€À°€À(ÄÜÔØÈ°€ÌÁ|É|äÀ°€À°€À°€À°€À°€À°€À°€À°€À(ÄÜÔØÌ°€ÌÁ|É|äÄ°€À°€À°€À°€À°€À°€À°€À°€À(ÄÜÔØÐ°€ÌÁ|É|äÈ°€À°€À°€À°€À°€À°€À°€À°€À(ÄÜÔØÔ°€ÌÁ|É|äÌ°€À°€À°€À°€À°€À°€À°€À°€À(ÄÜÔØØ°€ÌÁ|É|äÐ°€À°€À°€À°€À°€À°€À°€À°€À(ÄÜÔØÜ°€ÌÁ|É|äÔ°€À°€À°€À°€À°€À°€À°€À°€À(ÄÜÔØà°€ÌÁ|Í|ÀÀ°€À°€À°€À°€À°€À°€À°€À°€À(ÄÜÔØä°€ÌÁ|Í|ÀÄ°€À°€À°€À°€À°€À°€À°€À°€À(ÄÜÔÜÀ°€ÌÁ|Í|ÀÈ°€À°€À°€À°€À°€À°€À°€À°€À(ÄÜÔÜÄ°€ÌÁ|Í|ÀÌ°€À°€À°€À°€À°€À°€À°€À°€À(ÄÜÔÜÈ°€ÌÁ|Í|ÀÐ°€À°€À°€À°€À°€À°€À°€À°€À(ÄÜÔÜÌ°€ÌÁ|Í|ÀÔ°€À°€À°€À°€À°€À°€À°€À°€À(ÄÜÔÜÐ°€ÌÁ|Í|ÀØ°€À°€À°€À°€À°€À°€À°€À°€À(ÄÜÔÜÔ°€ÌÁ|Í|ÀÜ°€À°€À°€À°€À°€À°€À°€À°€À(ÄÜÔÜØ°€ÌÁ|Í|Àà°€À°€À°€À°€À°€À°€À°€À°€À(ÄÜÔÜÜ°€ÌÁ|Í|Àä°€À°€À°€À°€À°€À°€À°€À°€À(ÄÜÔÜà°€ÌÁ|Í|ÄÀ°€À°€À°€À°€À°€À°€À°€À°€À(ÄÜÔÜä°€ÌÁ|Í|ÄÄ°€À°€À°€À°€À°€À°€À°€À°€À(ÄÜÔàÀ°€ÌÁ|Í|ÄÈ°€À°€À°€À°€À°€À°€À°€À°€À(ÄÜÔàÄ°€ÌÁ|Í|ÄÌ°€À°€À°€À°€À°€À°€À°€À°€À(ÄÜÔàÈ°€ÌÁ|Í|ÄÐ°€À°€À°€À°€À°€À°€À°€À°€À(ÄÜÔàÌ°€ÌÁ|Í|ÄÔ°€À°€À°€À°€À°€À°€À°€À°€À(ÄÜÔàÐ°€ÌÁ|Í|ÄØ°€À°€À°€À°€À°€À°€À°€À°€À(ÄÜÔàÔ°€ÌÁ|Í|ÄÜ°€À°€À°€À°€À°€À°€À°€À°€À(ÄÜÔàØ°€ÌÁ|Í|Äà°€À°€À°€À°€À°€À°€À°€À°€À(ÄÜÔàÜ°€ÌÁ|Í|Ää°€À°€À°€À°€À°€À°€À°€À°€À(ÄÜÔàà°€ÌÁ|Í|ÈÀ°€À°€À°€À°€À°€À°€À°€À°€À(ÄÜÔàä°€ÌÁ|Í|ÈÄ°€À°€À°€À°€À°€À°€À°€À°€À(ÄÜÔäÀ°€ÌÁ|Í|ÈÈ°€À°€À°€À°€À°€À°€À°€À°€À(ÄÜÔäÄ°€ÌÁ|Í|ÈÌ°€À°€À°€À°€À°€À°€À°€À°€À(ÄÜÔäÈ°€ÌÁ|Í|ÈÐ°€À°€À°€À°€À°€À°€À°€À°€À(ÄÜÔäÌ°€ÌÁ|Í|ÈÔ°€À°€À°€À°€À°€À°€À°€À°€À(ÄÜÔäÐ°€ÌÁ|Í|ÈØ°€À°€À°€À°€À°€À°€À°€À°€À(ÄÜÔäÔ°€ÌÁ|Í|ÈÜ°€À°€À°€À°€À°€À°€À°€À°€À(ÄÜÔäØ°€ÌÁ|Í|Èà°€À°€À°€À°€À°€À°€À°€À°€À(ÄÜÔäÜ°€ÌÁ|Í|Èä°€À°€À°€À°€À°€À°€À°€À°€À(ÄÜÔäà°€ÌÁ|Í|ÌÀ°€À°€À°€À°€À°€À°€À°€À°€À(ÄÜÔää°€ÌÁ|Í|ÌÄ°€À°€À°€À°€À°€À°€À°€À°€À(ÄÜØÀÀ°€ÌÁ|Í|ÌÈ°€À°€À°€À°€À°€À°€À°€À°€À(ÄÜØÀÄ°€ÌÁ|Í|ÌÌ°€À°€À°€À°€À°€À°€À°€À°€À(ÄÜØÀÈ°€ÌÁ|Í|ÌÐ°€À°€À°€À°€À°€À°€À°€À°€À(ÄÜØÀÌ°€ÌÁ|Í|ÌÔ°€À°€À°€À°€À°€À°€À°€À°€À(ÄÜØÀÐ°€ÌÁ|Í|ÌØ°€À°€À°€À°€À°€À°€À°€À°€À(ÄÜØÀÔ°€ÌÁ|Í|ÌÜ°€À°€À°€À°€À°€À°€À°€À°€À(ÄÜØÀØ°€ÌÁ|Í|Ìà°€À°€À°€À°€À°€À°€À°€À°€À(ÄÜØÀÜ°€ÌÁ|Í|Ìä°€À°€À°€À°€À°€À°€À°€À°€À(ÄÜØÀà°€ÌÁ|Í|ÐÀ°€À°€À°€À°€À°€À°€À°€À°€À(ÄÜØÀä°€ÌÁ|Í|ÐÄ°€À°€À°€À°€À°€À°€À°€À°€À(ÄÜØÄÀ°€ÌÁ|Í|ÐÈ°€À°€À°€À°€À°€À°€À°€À°€À(ÄÜØÄÄ°€ÌÁ|Í|ÐÌ°€À°€À°€À°€À°€À°€À°€À°€À(ÄÜØÄÈ°€ÌÁ|Í|ÐÐ°€À°€À°€À°€À°€À°€À°€À°€À(ÄÜØÄÌ°€ÌÁ|Í|ÐÔ°€À°€À°€À°€À°€À°€À°€À°€À(ÄÜØÄÐ°€ÌÁ|Í|ÐØ°€À°€À°€À°€À°€À°€À°€À°€À(ÄÜØÄÔ°€ÌÁ|Í|ÐÜ°€À°€À°€À°€À°€À°€À°€À°€À(ÄÜØÄØ°€ÌÁ|Í|Ðà°€À°€À°€À°€À°€À°€À°€À°€À(ÄÜØÄÜ°€ÌÁ|Í|Ðä°€À°€À°€À°€À°€À°€À°€À°€À(ÄÜØÄà°€ÌÁ|Í|ÔÀ°€À°€À°€À°€À°€À°€À°€À°€À(ÄÜØÄä°€ÌÁ|Í|ÔÄ°€À°€À°€À°€À°€À°€À°€À°€À(ÄÜØÈÀ°€ÌÁ|Í|ÔÈ°€À°€À°€À°€À°€À°€À°€À°€À(ÄÜØÈÄ°€ÌÁ|Í|ÔÌ°€À°€À°€À°€À°€À°€À°€À°€À(ÄÜØÈÈ°€ÌÁ|Í|ÔÐ°€À°€À°€À°€À°€À°€À°€À°€À(ÄÜØÈÌ°€ÌÁ|Í|ÔÔ°€À°€À°€À°€À°€À°€À°€À°€À(ÄÜØÈÐ°€ÌÁ|Í|ÔØ°€À°€À°€À°€À°€À°€À°€À°€À(ÄÜØÈÔ°€ÌÁ|Í|ÔÜ°€À°€À°€À°€À°€À°€À°€À°€À(ÄÜØÈØ°€ÌÁ|Í|Ôà°€À°€À°€À°€À°€À°€À°€À°€À(ÄÜØÈÜ°€ÌÁ|Í|Ôä°€À°€À°€À°€À°€À°€À°€À°€À(ÄÜØÈà°€ÌÁ|Í|ØÀ°€À°€À°€À°€À°€À°€À°€À°€À(ÄÜØÈä°€ÌÁ|Í|ØÄ°€À°€À°€À°€À°€À°€À°€À°€À(ÄÜØÌÀ°€ÌÁ|Í|ØÈ°€À°€À°€À°€À°€À°€À°€À°€À(ÄÜØÌÄ°€ÌÁ|Í|ØÌ°€À°€À°€À°€À°€À°€À°€À°€À(ÄÜØÌÈ°€ÌÁ|Í|ØÐ°€À°€À°€À°€À°€À°€À°€À°€À(ÄÜØÌÌ°€ÌÁ|Í|ØÔ°€À°€À°€À°€À°€À°€À°€À°€À(ÄÜØÌÐ°€ÌÁ|Í|ØØ°€À°€À°€À°€À°€À°€À°€À°€À(ÄÜØÌÔ°€ÌÁ|Í|ØÜ°€À°€À°€À°€À°€À°€À°€À°€À(ÄÜØÌØ°€ÌÁ|Í|Øà°€À°€À°€À°€À°€À°€À°€À°€À(ÄÜØÌÜ°€ÌÁ|Í|Øä°€À°€À°€À°€À°€À°€À°€À°€À(ÄÜØÌà°€ÌÁ|Í|ÜÀ°€À°€À°€À°€À°€À°€À°€À°€À(ÄÜØÌä°€ÌÁ|Í|ÜÄ°€À°€À°€À°€À°€À°€À°€À°€À(ÄÜØÐÀ°€ÌÁ|Í|ÜÈ°€À°€À°€À°€À°€À°€À°€À°€À(ÄÜØÐÄ°€ÌÁ|Í|ÜÌ°€À°€À°€À°€À°€À°€À°€À°€À(ÄÜØÐÈ°€ÌÁ|Í|ÜÐ°€À°€À°€À°€À°€À°€À°€À°€À(ÄÜØÐÌ°€ÌÁ|Í|ÜÔ°€À°€À°€À°€À°€À°€À°€À°€À(ÄÜØÐÐ°€ÌÁ|Í|ÜØ°€À°€À°€À°€À°€À°€À°€À°€À(ÄÜØÐÔ°€ÌÁ|Í|ÜÜ°€À°€À°€À°€À°€À°€À°€À°€À(ÄÜØÐØ°€ÌÁ|Í|Üà°€À°€À°€À°€À°€À°€À°€À°€À(ÄÜØÐÜ°€ÌÁ|Í|Üä°€À°€À°€À°€À°€À°€À°€À°€À(ÄÜØÐà°€ÌÁ|Í|àÀ°€À°€À°€À°€À°€À°€À°€À°€À(ÄÜØÐä°€ÌÁ|Í|àÄ°€À°€À°€À°€À°€À°€À°€À°€À(ÄÜØÔÀ°€ÌÁ|Í|àÈ°€À°€À°€À°€À°€À°€À°€À°€À(ÄÜØÔÄ°€ÌÁ|Í|àÌ°€À°€À°€À°€À°€À°€À°€À°€À(ÄÜØÔÈ°€ÌÁ|Í|àÐ°€À°€À°€À°€À°€À°€À°€À°€À(ÄÜØÔÌ°€ÌÁ|Í|àÔ°€À°€À°€À°€À°€À°€À°€À°€À(ÄÜØÔÐ°€ÌÁ|Í|àØ°€À°€À°€À°€À°€À°€À°€À°€À(ÄÜØÔÔ°€ÌÁ|Í|àÜ°€À°€À°€À°€À°€À°€À°€À°€À(ÄÜØÔØ°€ÌÁ|Í|àà°€À°€À°€À°€À°€À°€À°€À°€À(ÄÜØÔÜ°€ÌÁ|Í|àä°€À°€À°€À°€À°€À°€À°€À°€À(ÄÜØÔà°€ÌÁ|Í|äÀ°€À°€À°€À°€À°€À°€À°€À°€À(ÄÜØÔä°€ÌÁ|Í|äÄ°€À°€À°€À°€À°€À°€À°€À°€À(ÄÜØØÀ°€ÌÁ|Í|äÈ°€À°€À°€À°€À°€À°€À°€À°€À(ÄÜØØÄ°€ÌÁ|Í|äÌ°€À°€À°€À°€À°€À°€À°€À°€À(ÄÜØØÈ°€ÌÁ|Í|äÐ°€À°€À°€À°€À°€À°€À°€À°€À(ÄÜØØÌ°€ÌÁ|Í|äÔ°€À°€À°€À°€À°€À°€À°€À°€À(ÄÜØØÐ°€ÌÁ|Ñ|ÀÀ°€À°€À°€À°€À°€À°€À°€À°€À(ÄÜØØÔ°€ÌÁ|Ñ|ÀÄ°€À°€À°€À°€À°€À°€À°€À°€À(ÄÜØØØ°€ÌÁ|Ñ|ÀÈ°€À°€À°€À°€À°€À°€À°€À°€À(ÄÜØØÜ°€ÌÁ|Ñ|ÀÌ°€À°€À°€À°€À°€À°€À°€À°€À(ÄÜØØà°€ÌÁ|Ñ|ÀÐ°€À°€À°€À°€À°€À°€À°€À°€À(ÄÜØØä°€ÌÁ|Ñ|ÀÔ°€À°€À°€À°€À°€À°€À°€À°€À(ÄÜØÜÀ°€ÌÁ|Ñ|ÀØ°€À°€À°€À°€À°€À°€À°€À°€À(ÄÜØÜÄ°€ÌÁ|Ñ|ÀÜ°€À°€À°€À°€À°€À°€À°€À°€À(ÄÜØÜÈ°€ÌÁ|Ñ|Àà°€À°€À°€À°€À°€À°€À°€À°€À(ÄÜØÜÌ°€ÌÁ|Ñ|Àä°€À°€À°€À°€À°€À°€À°€À°€À(ÄÜØÜÐ°€ÌÁ|Ñ|ÄÀ°€À°€À°€À°€À°€À°€À°€À°€À(ÄÜØÜÔ°€ÌÁ|Ñ|ÄÄ°€À°€À°€À°€À°€À°€À°€À°€À(ÄÜØÜØ°€ÌÁ|Ñ|ÄÈ°€À°€À°€À°€À°€À°€À°€À°€À(ÄÜØÜÜ°€ÌÁ|Ñ|ÄÌ°€À°€À°€À°€À°€À°€À°€À°€À(ÄÜØÜà°€ÌÁ|Ñ|ÄÐ°€À°€À°€À°€À°€À°€À°€À°€À(ÄÜØÜä°€ÌÁ|Ñ|ÄÔ°€À°€À°€À°€À°€À°€À°€À°€À(ÄÜØàÀ°€ÌÁ|Ñ|ÄØ°€À°€À°€À°€À°€À°€À°€À°€À(ÄÜØàÄ°€ÌÁ|Ñ|ÄÜ°€À°€À°€À°€À°€À°€À°€À°€À(ÄÜØàÈ°€ÌÁ|Ñ|Äà°€À°€À°€À°€À°€À°€À°€À°€À(ÄÜØàÌ°€ÌÁ|Ñ|Ää°€À°€À°€À°€À°€À°€À°€À°€À(ÄÜØàÐ°€ÌÁ|Ñ|ÈÀ°€À°€À°€À°€À°€À°€À°€À°€À(ÄÜØàÔ°€ÌÁ|Ñ|ÈÄ°€À°€À°€À°€À°€À°€À°€À°€À(ÄÜØàØ°€ÌÁ|Ñ|ÈÈ°€À°€À°€À°€À°€À°€À°€À°€À(ÄÜØàÜ°€ÌÁ|Ñ|ÈÌ°€À°€À°€À°€À°€À°€À°€À°€À(ÄÜØàà°€ÌÁ|Ñ|ÈÐ°€À°€À°€À°€À°€À°€À°€À°€À(ÄÜØàä°€ÌÁ|Ñ|ÈÔ°€À°€À°€À°€À°€À°€À°€À°€À(ÄÜØäÀ°€ÌÁ|Ñ|ÈØ°€À°€À°€À°€À°€À°€À°€À°€À(ÄÜØäÄ°€ÌÁ|Ñ|ÈÜ°€À°€À°€À°€À°€À°€À°€À°€À(ÄÜØäÈ°€ÌÁ|Ñ|Èà°€À°€À°€À°€À°€À°€À°€À°€À(ÄÜØäÌ°€ÌÁ|Ñ|Èä°€À°€À°€À°€À°€À°€À°€À°€À(ÄÜØäÐ°€ÌÁ|Ñ|ÌÀ°€À°€À°€À°€À°€À°€À°€À°€À(ÄÜØäÔ°€ÌÁ|Ñ|ÌÄ°€À°€À°€À°€À°€À°€À°€À°€À(ÄÜØäØ°€ÌÁ|Ñ|ÌÈ°€À°€À°€À°€À°€À°€À°€À°€À(ÄÜØäÜ°€ÌÁ|Ñ|ÌÌ°€À°€À°€À°€À°€À°€À°€À°€À(ÄÜØäà°€ÌÁ|Ñ|ÌÐ°€À°€À°€À°€À°€À°€À°€À°€À(ÄÜØää°€ÌÁ|Ñ|ÌÔ°€À°€À°€À°€À°€À°€À°€À°€À(ÄÜÜÀÀ°€ÌÁ|Ñ|ÌØ°€À°€À°€À°€À°€À°€À°€À°€À(ÄÜÜÀÄ°€ÌÁ|Ñ|ÌÜ°€À°€À°€À°€À°€À°€À°€À°€À(ÄÜÜÀÈ°€ÌÁ|Ñ|Ìà°€À°€À°€À°€À°€À°€À°€À°€À(ÄÜÜÀÌ°€ÌÁ|Ñ|Ìä°€À°€À°€À°€À°€À°€À°€À°€À(ÄÜÜÀÐ°€ÌÁ|Ñ|ÐÀ°€À°€À°€À°€À°€À°€À°€À°€À(ÄÜÜÀÔ°€ÌÁ|Ñ|ÐÄ°€À°€À°€À°€À°€À°€À°€À°€À(ÄÜÜÀØ°€ÌÁ|Ñ|ÐÈ°€À°€À°€À°€À°€À°€À°€À°€À(ÄÜÜÀÜ°€ÌÁ|Ñ|ÐÌ°€À°€À°€À°€À°€À°€À°€À°€À(ÄÜÜÀà°€ÌÁ|Ñ|ÐÐ°€À°€À°€À°€À°€À°€À°€À°€À(ÄÜÜÀä°€ÌÁ|Ñ|ÐÔ°€À°€À°€À°€À°€À°€À°€À°€À(ÄÜÜÄÀ°€ÌÁ|Ñ|ÐØ°€À°€À°€À°€À°€À°€À°€À°€À(ÄÜÜÄÄ°€ÌÁ|Ñ|ÐÜ°€À°€À°€À°€À°€À°€À°€À°€À(ÄÜÜÄÈ°€ÌÁ|Ñ|Ðà°€À°€À°€À°€À°€À°€À°€À°€À(ÄÜÜÄÌ°€ÌÁ|Ñ|Ðä°€À°€À°€À°€À°€À°€À°€À°€À(ÄÜÜÄÐ°€ÌÁ|Ñ|ÔÀ°€À°€À°€À°€À°€À°€À°€À°€À(ÄÜÜÄÔ°€ÌÁ|Ñ|ÔÄ°€À°€À°€À°€À°€À°€À°€À°€À(ÄÜÜÄØ°€ÌÁ|Ñ|ÔÈ°€À°€À°€À°€À°€À°€À°€À°€À(ÄÜÜÄÜ°€ÌÁ|Ñ|ÔÌ°€À°€À°€À°€À°€À°€À°€À°€À(ÄÜÜÄà°€ÌÁ|Ñ|ÔÐ°€À°€À°€À°€À°€À°€À°€À°€À(ÄÜÜÄä°€ÌÁ|Ñ|ÔÔ°€À°€À°€À°€À°€À°€À°€À°€À(ÄÜÜÈÀ°€ÌÁ|Ñ|ÔØ°€À°€À°€À°€À°€À°€À°€À°€À(ÄÜÜÈÄ°€ÌÁ|Ñ|ÔÜ°€À°€À°€À°€À°€À°€À°€À°€À(ÄÜÜÈÈ°€ÌÁ|Ñ|Ôà°€À°€À°€À°€À°€À°€À°€À°€À(ÄÜÜÈÌ°€ÌÁ|Ñ|Ôä°€À°€À°€À°€À°€À°€À°€À°€À(ÄÜÜÈÐ°€ÌÁ|Ñ|ØÀ°€À°€À°€À°€À°€À°€À°€À°€À(ÄÜÜÈÔ°€ÌÁ|Ñ|ØÄ°€À°€À°€À°€À°€À°€À°€À°€À(ÄÜÜÈØ°€ÌÁ|Ñ|ØÈ°€À°€À°€À°€À°€À°€À°€À°€À(ÄÜÜÈÜ°€ÌÁ|Ñ|ØÌ°€À°€À°€À°€À°€À°€À°€À°€À(ÄÜÜÈà°€ÌÁ|Ñ|ØÐ°€À°€À°€À°€À°€À°€À°€À°€À(ÄÜÜÈä°€ÌÁ|Ñ|ØÔ°€À°€À°€À°€À°€À°€À°€À°€À(ÄÜÜÌÀ°€ÌÁ|Ñ|ØØ°€À°€À°€À°€À°€À°€À°€À°€À(ÄÜÜÌÄ°€ÌÁ|Ñ|ØÜ°€À°€À°€À°€À°€À°€À°€À°€À(ÄÜÜÌÈ°€ÌÁ|Ñ|Øà°€À°€À°€À°€À°€À°€À°€À°€À(ÄÜÜÌÌ°€ÌÁ|Ñ|Øä°€À°€À°€À°€À°€À°€À°€À°€À(ÄÜÜÌÐ°€ÌÁ|Ñ|ÜÀ°€À°€À°€À°€À°€À°€À°€À°€À(ÄÜÜÌÔ°€ÌÁ|Ñ|ÜÄ°€À°€À°€À°€À°€À°€À°€À°€À(ÄÜÜÌØ°€ÌÁ|Ñ|ÜÈ°€À°€À°€À°€À°€À°€À°€À°€À(ÄÜÜÌÜ°€ÌÁ|Ñ|ÜÌ°€À°€À°€À°€À°€À°€À°€À°€À(ÄÜÜÌà°€ÌÁ|Ñ|ÜÐ°€À°€À°€À°€À°€À°€À°€À°€À(ÄÜÜÌä°€ÌÁ|Ñ|ÜÔ°€À°€À°€À°€À°€À°€À°€À°€À(ÄÜÜÐÀ°€ÌÁ|Ñ|ÜØ°€À°€À°€À°€À°€À°€À°€À°€À(ÄÜÜÐÄ°€ÌÁ|Ñ|ÜÜ°€À°€À°€À°€À°€À°€À°€À°€À(ÄÜÜÐÈ°€ÌÁ|Ñ|Üà°€À°€À°€À°€À°€À°€À°€À°€À(ÄÜÜÐÌ°€ÌÁ|Ñ|Üä°€À°€À°€À°€À°€À°€À°€À°€À(ÄÜÜÐÐ°€ÌÁ|Ñ|àÀ°€À°€À°€À°€À°€À°€À°€À°€À(ÄÜÜÐÔ°€ÌÁ|Ñ|àÄ°€À°€À°€À°€À°€À°€À°€À°€À(ÄÜÜÐØ°€ÌÁ|Ñ|àÈ°€À°€À°€À°€À°€À°€À°€À°€À(ÄÜÜÐÜ°€ÌÁ|Ñ|àÌ°€À°€À°€À°€À°€À°€À°€À°€À(ÄÜÜÐà°€ÌÁ|Ñ|àÐ°€À°€À°€À°€À°€À°€À°€À°€À(ÄÜÜÐä°€ÌÁ|Ñ|àÔ°€À°€À°€À°€À°€À°€À°€À°€À(ÄÜÜÔÀ°€ÌÁ|Ñ|àØ°€À°€À°€À°€À°€À°€À°€À°€À(ÄÜÜÔÄ°€ÌÁ|Ñ|àÜ°€À°€À°€À°€À°€À°€À°€À°€À(ÄÜÜÔÈ°€ÌÁ|Ñ|àà°€À°€À°€À°€À°€À°€À°€À°€À(ÄÜÜÔÌ°€ÌÁ|Ñ|àä°€À°€À°€À°€À°€À°€À°€À°€À(ÄÜÜÔÐ°€ÌÁ|Ñ|äÀ°€À°€À°€À°€À°€À°€À°€À°€À(ÄÜÜÔÔ°€ÌÁ|Ñ|äÄ°€À°€À°€À°€À°€À°€À°€À°€À(ÄÜÜÔØ°€ÌÁ|Ñ|äÈ°€À°€À°€À°€À°€À°€À°€À°€À(ÄÜÜÔÜ°€ÌÁ|Ñ|äÌ°€À°€À°€À°€À°€À°€À°€À°€À(ÄÜÜÔà°€ÌÁ|Ñ|äÐ°€À°€À°€À°€À°€À°€À°€À°€À(ÄÜÜÔä°€ÌÁ|Ñ|äÔ°€À°€À°€À°€À°€À°€À°€À°€À(ÄÜÜØÀ°€ÌÁ|Õ|ÀÀ°€À°€À°€À°€À°€À°€À°€À°€À(ÄÜÜØÄ°€ÌÁ|Õ|ÀÄ°€À°€À°€À°€À°€À°€À°€À°€À(ÄÜÜØÈ°€ÌÁ|Õ|ÀÈ°€À°€À°€À°€À°€À°€À°€À°€À(ÄÜÜØÌ°€ÌÁ|Õ|ÀÌ°€À°€À°€À°€À°€À°€À°€À°€À(ÄÜÜØÐ°€ÌÁ|Õ|ÀÐ°€À°€À°€À°€À°€À°€À°€À°€À(ÄÜÜØÔ°€ÌÁ|Õ|ÀÔ°€À°€À°€À°€À°€À°€À°€À°€À(ÄÜÜØØ°€ÌÁ|Õ|ÀØ°€À°€À°€À°€À°€À°€À°€À°€À(ÄÜÜØÜ°€ÌÁ|Õ|ÀÜ°€À°€À°€À°€À°€À°€À°€À°€À(ÄÜÜØà°€ÌÁ|Õ|Àà°€À°€À°€À°€À°€À°€À°€À°€À(ÄÜÜØä°€ÌÁ|Õ|Àä°€À°€À°€À°€À°€À°€À°€À°€À(ÄÜÜÜÀ°€ÌÁ|Õ|ÄÀ°€À°€À°€À°€À°€À°€À°€À°€À(ÄÜÜÜÄ°€ÌÁ|Õ|ÄÄ°€À°€À°€À°€À°€À°€À°€À°€À(ÄÜÜÜÈ°€ÌÁ|Õ|ÄÈ°€À°€À°€À°€À°€À°€À°€À°€À(ÄÜÜÜÌ°€ÌÁ|Õ|ÄÌ°€À°€À°€À°€À°€À°€À°€À°€À(ÄÜÜÜÐ°€ÌÁ|Õ|ÄÐ°€À°€À°€À°€À°€À°€À°€À°€À(ÄÜÜÜÔ°€ÌÁ|Õ|ÄÔ°€À°€À°€À°€À°€À°€À°€À°€À(ÄÜÜÜØ°€ÌÁ|Õ|ÄØ°€À°€À°€À°€À°€À°€À°€À°€À(ÄÜÜÜÜ°€ÌÁ|Õ|ÄÜ°€À°€À°€À°€À°€À°€À°€À°€À(ÄÜÜÜà°€ÌÁ|Õ|Äà°€À°€À°€À°€À°€À°€À°€À°€À(ÄÜÜÜä°€ÌÁ|Õ|Ää°€À°€À°€À°€À°€À°€À°€À°€À(ÄÜÜàÀ°€ÌÁ|Õ|ÈÀ°€À°€À°€À°€À°€À°€À°€À°€À(ÄÜÜàÄ°€ÌÁ|Õ|ÈÄ°€À°€À°€À°€À°€À°€À°€À°€À(ÄÜÜàÈ°€ÌÁ|Õ|ÈÈ°€À°€À°€À°€À°€À°€À°€À°€À(ÄÜÜàÌ°€ÌÁ|Õ|ÈÌ°€À°€À°€À°€À°€À°€À°€À°€À(ÄÜÜàÐ°€ÌÁ|Õ|ÈÐ°€À°€À°€À°€À°€À°€À°€À°€À(ÄÜÜàÔ°€ÌÁ|Õ|ÈÔ°€À°€À°€À°€À°€À°€À°€À°€À(ÄÜÜàØ°€ÌÁ|Õ|ÈØ°€À°€À°€À°€À°€À°€À°€À°€À(ÄÜÜàÜ°€ÌÁ|Õ|ÈÜ°€À°€À°€À°€À°€À°€À°€À°€À(ÄÜÜàà°€ÌÁ|Õ|Èà°€À°€À°€À°€À°€À°€À°€À°€À(ÄÜÜàä°€ÌÁ|Õ|Èä°€À°€À°€À°€À°€À°€À°€À°€À(ÄÜÜäÀ°€ÌÁ|Õ|ÌÀ°€À°€À°€À°€À°€À°€À°€À°€À(ÄÜÜäÄ°€ÌÁ|Õ|ÌÄ°€À°€À°€À°€À°€À°€À°€À°€À(ÄÜÜäÈ°€ÌÁ|Õ|ÌÈ°€À°€À°€À°€À°€À°€À°€À°€À(ÄÜÜäÌ°€ÌÁ|Õ|ÌÌ°€À°€À°€À°€À°€À°€À°€À°€À(ÄÜÜäÐ°€ÌÁ|Õ|ÌÐ°€À°€À°€À°€À°€À°€À°€À°€À(ÄÜÜäÔ°€ÌÁ|Õ|ÌÔ°€À°€À°€À°€À°€À°€À°€À°€À(ÄÜÜäØ°€ÌÁ|Õ|ÌØ°€À°€À°€À°€À°€À°€À°€À°€À(ÄÜÜäÜ°€ÌÁ|Õ|ÌÜ°€À°€À°€À°€À°€À°€À°€À°€À(ÄÜÜäà°€ÌÁ|Õ|Ìà°€À°€À°€À°€À°€À°€À°€À°€À(ÄÜÜää°€ÌÁ|Õ|Ìä°€À°€À°€À°€À°€À°€À°€À°€À(ÄÜàÀÀ°€ÌÁ|Õ|ÐÀ°€À°€À°€À°€À°€À°€À°€À°€À(ÄÜàÀÄ°€ÌÁ|Õ|ÐÄ°€À°€À°€À°€À°€À°€À°€À°€À(ÄÜàÀÈ°€ÌÁ|Õ|ÐÈ°€À°€À°€À°€À°€À°€À°€À°€À(ÄÜàÀÌ°€ÌÁ|Õ|ÐÌ°€À°€À°€À°€À°€À°€À°€À°€À(ÄÜàÀÐ°€ÌÁ|Õ|ÐÐ°€À°€À°€À°€À°€À°€À°€À°€À(ÄÜàÀÔ°€ÌÁ|Õ|ÐÔ°€À°€À°€À°€À°€À°€À°€À°€À(ÄÜàÀØ°€ÌÁ|Õ|ÐØ°€À°€À°€À°€À°€À°€À°€À°€À(ÄÜàÀÜ°€ÌÁ|Õ|ÐÜ°€À°€À°€À°€À°€À°€À°€À°€À(ÄÜàÀà°€ÌÁ|Õ|Ðà°€À°€À°€À°€À°€À°€À°€À°€À(ÄÜàÀä°€ÌÁ|Õ|Ðä°€À°€À°€À°€À°€À°€À°€À°€À(ÄÜàÄÀ°€ÌÁ|Õ|ÔÀ°€À°€À°€À°€À°€À°€À°€À°€À(ÄÜàÄÄ°€ÌÁ|Õ|ÔÄ°€À°€À°€À°€À°€À°€À°€À°€À(ÄÜàÄÈ°€ÌÁ|Õ|ÔÈ°€À°€À°€À°€À°€À°€À°€À°€À(ÄÜàÄÌ°€ÌÁ|Õ|ÔÌ°€À°€À°€À°€À°€À°€À°€À°€À(ÄÜàÄÐ°€ÌÁ|Õ|ÔÐ°€À°€À°€À°€À°€À°€À°€À°€À(ÄÜàÄÔ°€ÌÁ|Õ|ÔÔ°€À°€À°€À°€À°€À°€À°€À°€À(ÄÜàÄØ°€ÌÁ|Õ|ÔØ°€À°€À°€À°€À°€À°€À°€À°€À(ÄÜàÄÜ°€ÌÁ|Õ|ÔÜ°€À°€À°€À°€À°€À°€À°€À°€À(ÄÜàÄà°€ÌÁ|Õ|Ôà°€À°€À°€À°€À°€À°€À°€À°€À(ÄÜàÄä°€ÌÁ|Õ|Ôä°€À°€À°€À°€À°€À°€À°€À°€À(ÄÜàÈÀ°€ÌÁ|Õ|ØÀ°€À°€À°€À°€À°€À°€À°€À°€À(ÄÜàÈÄ°€ÌÁ|Õ|ØÄ°€À°€À°€À°€À°€À°€À°€À°€À(ÄÜàÈÈ°€ÌÁ|Õ|ØÈ°€À°€À°€À°€À°€À°€À°€À°€À(ÄÜàÈÌ°€ÌÁ|Õ|ØÌ°€À°€À°€À°€À°€À°€À°€À°€À(ÄÜàÈÐ°€ÌÁ|Õ|ØÐ°€À°€À°€À°€À°€À°€À°€À°€À(ÄÜàÈÔ°€ÌÁ|Õ|ØÔ°€À°€À°€À°€À°€À°€À°€À°€À(ÄÜàÈØ°€ÌÁ|Õ|ØØ°€À°€À°€À°€À°€À°€À°€À°€À(ÄÜàÈÜ°€ÌÁ|Õ|ØÜ°€À°€À°€À°€À°€À°€À°€À°€À(ÄÜàÈà°€ÌÁ|Õ|Øà°€À°€À°€À°€À°€À°€À°€À°€À(ÄÜàÈä°€ÌÁ|Õ|Øä°€À°€À°€À°€À°€À°€À°€À°€À(ÄÜàÌÀ°€ÌÁ|Õ|ÜÀ°€À°€À°€À°€À°€À°€À°€À°€À(ÄÜàÌÄ°€ÌÁ|Õ|ÜÄ°€À°€À°€À°€À°€À°€À°€À°€À(ÄÜàÌÈ°€ÌÁ|Õ|ÜÈ°€À°€À°€À°€À°€À°€À°€À°€À(ÄÜàÌÌ°€ÌÁ|Õ|ÜÌ°€À°€À°€À°€À°€À°€À°€À°€À(ÄÜàÌÐ°€ÌÁ|Õ|ÜÐ°€À°€À°€À°€À°€À°€À°€À°€À(ÄÜàÌÔ°€ÌÁ|Õ|ÜÔ°€À°€À°€À°€À°€À°€À°€À°€À(ÄÜàÌØ°€ÌÁ|Õ|ÜØ°€À°€À°€À°€À°€À°€À°€À°€À(ÄÜàÌÜ°€ÌÁ|Õ|ÜÜ°€À°€À°€À°€À°€À°€À°€À°€À(ÄÜàÌà°€ÌÁ|Õ|Üà°€À°€À°€À°€À°€À°€À°€À°€À(ÄÜàÌä°€ÌÁ|Õ|Üä°€À°€À°€À°€À°€À°€À°€À°€À(ÄÜàÐÀ°€ÌÁ|Õ|àÀ°€À°€À°€À°€À°€À°€À°€À°€À(ÄÜàÐÄ°€ÌÁ|Õ|àÄ°€À°€À°€À°€À°€À°€À°€À°€À(ÄÜàÐÈ°€ÌÁ|Õ|àÈ°€À°€À°€À°€À°€À°€À°€À°€À(ÄÜàÐÌ°€ÌÁ|Õ|àÌ°€À°€À°€À°€À°€À°€À°€À°€À(ÄÜàÐÐ°€ÌÁ|Õ|àÐ°€À°€À°€À°€À°€À°€À°€À°€À(ÄÜàÐÔ°€ÌÁ|Õ|àÔ°€À°€À°€À°€À°€À°€À°€À°€À(ÄÜàÐØ°€ÌÁ|Õ|àØ°€À°€À°€À°€À°€À°€À°€À°€À(ÄÜàÐÜ°€ÌÁ|Õ|àÜ°€À°€À°€À°€À°€À°€À°€À°€À(ÄÜàÐà°€ÌÁ|Õ|àà°€À°€À°€À°€À°€À°€À°€À°€À(ÄÜàÐä°€ÌÁ|Õ|àä°€À°€À°€À°€À°€À°€À°€À°€À(ÄÜàÔÀ°€ÌÁ|Õ|äÀ°€À°€À°€À°€À°€À°€À°€À°€À(ÄÜàÔÄ°€ÌÁ|Õ|äÄ°€À°€À°€À°€À°€À°€À°€À°€À(ÄÜàÔÈ°€ÌÁ|Õ|äÈ°€À°€À°€À°€À°€À°€À°€À°€À(ÄÜàÔÌ°€ÌÁ|Õ|äÌ°€À°€À°€À°€À°€À°€À°€À°€À(ÄÜàÔÐ°€ÌÁ|Õ|äÐ°€À°€À°€À°€À°€À°€À°€À°€À(ÄÜàÔÔ°€ÌÁ|Õ|äÔ°€À°€À°€À°€À°€À°€À°€À°€À(ÄÜàÔØ°€ÌÅ|Á|ÀÀ°€À°€À°€À°€À°€À°€À°€À°€À(ÄÜàÔÜ°€ÌÅ|Á|ÀÄ°€À°€À°€À°€À°€À°€À°€À°€À(ÄÜàÔà°€ÌÅ|Á|ÀÈ°€À°€À°€À°€À°€À°€À°€À°€À(ÄÜàÔä°€ÌÅ|Á|ÀÌ°€À°€À°€À°€À°€À°€À°€À°€À(ÄÜàØÀ°€ÌÅ|Á|ÀÐ°€À°€À°€À°€À°€À°€À°€À°€À(ÄÜàØÄ°€ÌÅ|Á|ÀÔ°€À°€À°€À°€À°€À°€À°€À°€À(ÄÜàØÈ°€ÌÅ|Á|ÀØ°€À°€À°€À°€À°€À°€À°€À°€À(ÄÜàØÌ°€ÌÅ|Á|ÀÜ°€À°€À°€À°€À°€À°€À°€À°€À(ÄÜàØÐ°€ÌÅ|Á|Àà°€À°€À°€À°€À°€À°€À°€À°€À(ÄÜàØÔ°€ÌÅ|Á|Àä°€À°€À°€À°€À°€À°€À°€À°€À(ÄÜàØØ°€ÌÅ|Á|ÄÀ°€À°€À°€À°€À°€À°€À°€À°€À(ÄÜàØÜ°€ÌÅ|Á|ÄÄ°€À°€À°€À°€À°€À°€À°€À°€À(ÄÜàØà°€ÌÅ|Á|ÄÈ°€À°€À°€À°€À°€À°€À°€À°€À(ÄÜàØä°€ÌÅ|Á|ÄÌ°€À°€À°€À°€À°€À°€À°€À°€À(ÄÜàÜÀ°€ÌÅ|Á|ÄÐ°€À°€À°€À°€À°€À°€À°€À°€À(ÄÜàÜÄ°€ÌÅ|Á|ÄÔ°€À°€À°€À°€À°€À°€À°€À°€À(ÄÜàÜÈ°€ÌÅ|Á|ÄØ°€À°€À°€À°€À°€À°€À°€À°€À(ÄÜàÜÌ°€ÌÅ|Á|ÄÜ°€À°€À°€À°€À°€À°€À°€À°€À(ÄÜàÜÐ°€ÌÅ|Á|Äà°€À°€À°€À°€À°€À°€À°€À°€À(ÄÜàÜÔ°€ÌÅ|Á|Ää°€À°€À°€À°€À°€À°€À°€À°€À(ÄÜàÜØ°€ÌÅ|Á|ÈÀ°€À°€À°€À°€À°€À°€À°€À°€À(ÄÜàÜÜ°€ÌÅ|Á|ÈÄ°€À°€À°€À°€À°€À°€À°€À°€À(ÄÜàÜà°€ÌÅ|Á|ÈÈ°€À°€À°€À°€À°€À°€À°€À°€À(ÄÜàÜä°€ÌÅ|Á|ÈÌ°€À°€À°€À°€À°€À°€À°€À°€À(ÄÜààÀ°€ÌÅ|Á|ÈÐ°€À°€À°€À°€À°€À°€À°€À°€À(ÄÜààÄ°€ÌÅ|Á|ÈÔ°€À°€À°€À°€À°€À°€À°€À°€À(ÄÜààÈ°€ÌÅ|Á|ÈØ°€À°€À°€À°€À°€À°€À°€À°€À(ÄÜààÌ°€ÌÅ|Á|ÈÜ°€À°€À°€À°€À°€À°€À°€À°€À(ÄÜààÐ°€ÌÅ|Á|Èà°€À°€À°€À°€À°€À°€À°€À°€À(ÄÜààÔ°€ÌÅ|Á|Èä°€À°€À°€À°€À°€À°€À°€À°€À(ÄÜààØ°€ÌÅ|Á|ÌÀ°€À°€À°€À°€À°€À°€À°€À°€À(ÄÜààÜ°€ÌÅ|Á|ÌÄ°€À°€À°€À°€À°€À°€À°€À°€À(ÄÜààà°€ÌÅ|Á|ÌÈ°€À°€À°€À°€À°€À°€À°€À°€À(ÄÜààä°€ÌÅ|Á|ÌÌ°€À°€À°€À°€À°€À°€À°€À°€À(ÄÜàäÀ°€ÌÅ|Á|ÌÐ°€À°€À°€À°€À°€À°€À°€À°€À(ÄÜàäÄ°€ÌÅ|Á|ÌÔ°€À°€À°€À°€À°€À°€À°€À°€À(ÄÜàäÈ°€ÌÅ|Á|ÌØ°€À°€À°€À°€À°€À°€À°€À°€À(ÄÜàäÌ°€ÌÅ|Á|ÌÜ°€À°€À°€À°€À°€À°€À°€À°€À(ÄÜàäÐ°€ÌÅ|Á|Ìà°€À°€À°€À°€À°€À°€À°€À°€À(ÄÜàäÔ°€ÌÅ|Á|Ìä°€À°€À°€À°€À°€À°€À°€À°€À(ÄÜàäØ°€ÌÅ|Á|ÐÀ°€À°€À°€À°€À°€À°€À°€À°€À(ÄÜàäÜ°€ÌÅ|Á|ÐÄ°€À°€À°€À°€À°€À°€À°€À°€À(ÄÜàäà°€ÌÅ|Á|ÐÈ°€À°€À°€À°€À°€À°€À°€À°€À(ÄÜàää°€ÌÅ|Á|ÐÌ°€À°€À°€À°€À°€À°€À°€À°€À(ÄÜäÀÀ°€ÌÅ|Á|ÐÐ°€À°€À°€À°€À°€À°€À°€À°€À(ÄÜäÀÄ°€ÌÅ|Á|ÐÔ°€À°€À°€À°€À°€À°€À°€À°€À(ÄÜäÀÈ°€ÌÅ|Á|ÐØ°€À°€À°€À°€À°€À°€À°€À°€À(ÄÜäÀÌ°€ÌÅ|Á|ÐÜ°€À°€À°€À°€À°€À°€À°€À°€À(ÄÜäÀÐ°€ÌÅ|Á|Ðà°€À°€À°€À°€À°€À°€À°€À°€À(ÄÜäÀÔ°€ÌÅ|Á|Ðä°€À°€À°€À°€À°€À°€À°€À°€À(ÄÜäÀØ°€ÌÅ|Á|ÔÀ°€À°€À°€À°€À°€À°€À°€À°€À(ÄÜäÀÜ°€ÌÅ|Á|ÔÄ°€À°€À°€À°€À°€À°€À°€À°€À(ÄÜäÀà°€ÌÅ|Á|ÔÈ°€À°€À°€À°€À°€À°€À°€À°€À(ÄÜäÀä°€ÌÅ|Á|ÔÌ°€À°€À°€À°€À°€À°€À°€À°€À(ÄÜäÄÀ°€ÌÅ|Á|ÔÐ°€À°€À°€À°€À°€À°€À°€À°€À(ÄÜäÄÄ°€ÌÅ|Á|ÔÔ°€À°€À°€À°€À°€À°€À°€À°€À(ÄÜäÄÈ°€ÌÅ|Á|ÔØ°€À°€À°€À°€À°€À°€À°€À°€À(ÄÜäÄÌ°€ÌÅ|Á|ÔÜ°€À°€À°€À°€À°€À°€À°€À°€À(ÄÜäÄÐ°€ÌÅ|Á|Ôà°€À°€À°€À°€À°€À°€À°€À°€À(ÄÜäÄÔ°€ÌÅ|Á|Ôä°€À°€À°€À°€À°€À°€À°€À°€À(ÄÜäÄØ°€ÌÅ|Á|ØÀ°€À°€À°€À°€À°€À°€À°€À°€À(ÄÜäÄÜ°€ÌÅ|Á|ØÄ°€À°€À°€À°€À°€À°€À°€À°€À(ÄÜäÄà°€ÌÅ|Á|ØÈ°€À°€À°€À°€À°€À°€À°€À°€À(ÄÜäÄä°€ÌÅ|Á|ØÌ°€À°€À°€À°€À°€À°€À°€À°€À(ÄÜäÈÀ°€ÌÅ|Á|ØÐ°€À°€À°€À°€À°€À°€À°€À°€À(ÄÜäÈÄ°€ÌÅ|Á|ØÔ°€À°€À°€À°€À°€À°€À°€À°€À(ÄÜäÈÈ°€ÌÅ|Á|ØØ°€À°€À°€À°€À°€À°€À°€À°€À(ÄÜäÈÌ°€ÌÅ|Á|ØÜ°€À°€À°€À°€À°€À°€À°€À°€À(ÄÜäÈÐ°€ÌÅ|Á|Øà°€À°€À°€À°€À°€À°€À°€À°€À(ÄÜäÈÔ°€ÌÅ|Á|Øä°€À°€À°€À°€À°€À°€À°€À°€À(ÄÜäÈØ°€ÌÅ|Á|ÜÀ°€À°€À°€À°€À°€À°€À°€À°€À(ÄÜäÈÜ°€ÌÅ|Á|ÜÄ°€À°€À°€À°€À°€À°€À°€À°€À(ÄÜäÈà°€ÌÅ|Á|ÜÈ°€À°€À°€À°€À°€À°€À°€À°€À(ÄÜäÈä°€ÌÅ|Á|ÜÌ°€À°€À°€À°€À°€À°€À°€À°€À(ÄÜäÌÀ°€ÌÅ|Á|ÜÐ°€À°€À°€À°€À°€À°€À°€À°€À(ÄÜäÌÄ°€ÌÅ|Á|ÜÔ°€À°€À°€À°€À°€À°€À°€À°€À(ÄÜäÌÈ°€ÌÅ|Á|ÜØ°€À°€À°€À°€À°€À°€À°€À°€À(ÄÜäÌÌ°€ÌÅ|Á|ÜÜ°€À°€À°€À°€À°€À°€À°€À°€À(ÄÜäÌÐ°€ÌÅ|Á|Üà°€À°€À°€À°€À°€À°€À°€À°€À(ÄÜäÌÔ°€ÌÅ|Á|Üä°€À°€À°€À°€À°€À°€À°€À°€À(ÄÜäÌØ°€ÌÅ|Á|àÀ°€À°€À°€À°€À°€À°€À°€À°€À(ÄÜäÌÜ°€ÌÅ|Á|àÄ°€À°€À°€À°€À°€À°€À°€À°€À(ÄÜäÌà°€ÌÅ|Á|àÈ°€À°€À°€À°€À°€À°€À°€À°€À(ÄÜäÌä°€ÌÅ|Á|àÌ°€À°€À°€À°€À°€À°€À°€À°€À(ÄÜäÐÀ°€ÌÅ|Á|àÐ°€À°€À°€À°€À°€À°€À°€À°€À(ÄÜäÐÄ°€ÌÅ|Á|àÔ°€À°€À°€À°€À°€À°€À°€À°€À(ÄÜäÐÈ°€ÌÅ|Á|àØ°€À°€À°€À°€À°€À°€À°€À°€À(ÄÜäÐÌ°€ÌÅ|Á|àÜ°€À°€À°€À°€À°€À°€À°€À°€À(ÄÜäÐÐ°€ÌÅ|Á|àà°€À°€À°€À°€À°€À°€À°€À°€À(ÄÜäÐÔ°€ÌÅ|Á|àä°€À°€À°€À°€À°€À°€À°€À°€À(ÄÜäÐØ°€ÌÅ|Á|äÀ°€À°€À°€À°€À°€À°€À°€À°€À(ÄÜäÐÜ°€ÌÅ|Á|äÄ°€À°€À°€À°€À°€À°€À°€À°€À(ÄÜäÐà°€ÌÅ|Á|äÈ°€À°€À°€À°€À°€À°€À°€À°€À(ÄÜäÐä°€ÌÅ|Á|äÌ°€À°€À°€À°€À°€À°€À°€À°€À(ÄÜäÔÀ°€ÌÅ|Á|äÐ°€À°€À°€À°€À°€À°€À°€À°€À(ÄÜäÔÄ°€ÌÅ|Á|äÔ°€À°€À°€À°€À°€À°€À°€À°€À(ÄÜäÔÈ°€ÌÅ|Å|ÀÀ°€À°€À°€À°€À°€À°€À°€À°€À(ÄÜäÔÌ°€ÌÅ|Å|ÀÄ°€À°€À°€À°€À°€À°€À°€À°€À(ÄÜäÔÐ°€ÌÅ|Å|ÀÈ°€À°€À°€À°€À°€À°€À°€À°€À(ÄÜäÔÔ°€ÌÅ|Å|ÀÌ°€À°€À°€À°€À°€À°€À°€À°€À(ÄÜäÔØ°€ÌÅ|Å|ÀÐ°€À°€À°€À°€À°€À°€À°€À°€À(ÄÜäÔÜ°€ÌÅ|Å|ÀÔ°€À°€À°€À°€À°€À°€À°€À°€À(ÄÜäÔà°€ÌÅ|Å|ÀØ°€À°€À°€À°€À°€À°€À°€À°€À(ÄÜäÔä°€ÌÅ|Å|ÀÜ°€À°€À°€À°€À°€À°€À°€À°€À(ÄÜäØÀ°€ÌÅ|Å|Àà°€À°€À°€À°€À°€À°€À°€À°€À(ÄÜäØÄ°€ÌÅ|Å|Àä°€À°€À°€À°€À°€À°€À°€À°€À(ÄÜäØÈ°€ÌÅ|Å|ÄÀ°€À°€À°€À°€À°€À°€À°€À°€À(ÄÜäØÌ°€ÌÅ|Å|ÄÄ°€À°€À°€À°€À°€À°€À°€À°€À(ÄÜäØÐ°€ÌÅ|Å|ÄÈ°€À°€À°€À°€À°€À°€À°€À°€À(ÄÜäØÔ°€ÌÅ|Å|ÄÌ°€À°€À°€À°€À°€À°€À°€À°€À(ÄÜäØØ°€ÌÅ|Å|ÄÐ°€À°€À°€À°€À°€À°€À°€À°€À(ÄÜäØÜ°€ÌÅ|Å|ÄÔ°€À°€À°€À°€À°€À°€À°€À°€À(ÄÜäØà°€ÌÅ|Å|ÄØ°€À°€À°€À°€À°€À°€À°€À°€À(ÄÜäØä°€ÌÅ|Å|ÄÜ°€À°€À°€À°€À°€À°€À°€À°€À(ÄÜäÜÀ°€ÌÅ|Å|Äà°€À°€À°€À°€À°€À°€À°€À°€À(ÄÜäÜÄ°€ÌÅ|Å|Ää°€À°€À°€À°€À°€À°€À°€À°€À(ÄÜäÜÈ°€ÌÅ|Å|ÈÀ°€À°€À°€À°€À°€À°€À°€À°€À(ÄÜäÜÌ°€ÌÅ|Å|ÈÄ°€À°€À°€À°€À°€À°€À°€À°€À(ÄÜäÜÐ°€ÌÅ|Å|ÈÈ°€À°€À°€À°€À°€À°€À°€À°€À(ÄÜäÜÔ°€ÌÅ|Å|ÈÌ°€À°€À°€À°€À°€À°€À°€À°€À(ÄÜäÜØ°€ÌÅ|Å|ÈÐ°€À°€À°€À°€À°€À°€À°€À°€À(ÄÜäÜÜ°€ÌÅ|Å|ÈÔ°€À°€À°€À°€À°€À°€À°€À°€À(ÄÜäÜà°€ÌÅ|Å|ÈØ°€À°€À°€À°€À°€À°€À°€À°€À(ÄÜäÜä°€ÌÅ|Å|ÈÜ°€À°€À°€À°€À°€À°€À°€À°€À(ÄÜäàÀ°€ÌÅ|Å|Èà°€À°€À°€À°€À°€À°€À°€À°€À(ÄÜäàÄ°€ÌÅ|Å|Èä°€À°€À°€À°€À°€À°€À°€À°€À(ÄÜäàÈ°€ÌÅ|Å|ÌÀ°€À°€À°€À°€À°€À°€À°€À°€À(ÄÜäàÌ°€ÌÅ|Å|ÌÄ°€À°€À°€À°€À°€À°€À°€À°€À(ÄÜäàÐ°€ÌÅ|Å|ÌÈ°€À°€À°€À°€À°€À°€À°€À°€À(ÄÜäàÔ°€ÌÅ|Å|ÌÌ°€À°€À°€À°€À°€À°€À°€À°€À(ÄÜäàØ°€ÌÅ|Å|ÌÐ°€À°€À°€À°€À°€À°€À°€À°€À(ÄÜäàÜ°€ÌÅ|Å|ÌÔ°€À°€À°€À°€À°€À°€À°€À°€À(ÄÜäàà°€ÌÅ|Å|ÌØ°€À°€À°€À°€À°€À°€À°€À°€À(ÄÜäàä°€ÌÅ|Å|ÌÜ°€À°€À°€À°€À°€À°€À°€À°€À(ÄÜääÀ°€ÌÅ|Å|Ìà°€À°€À°€À°€À°€À°€À°€À°€À(ÄÜääÄ°€ÌÅ|Å|Ìä°€À°€À°€À°€À°€À°€À°€À°€À(ÄÜääÈ°€ÌÅ|Å|ÐÀ°€À°€À°€À°€À°€À°€À°€À°€À(ÄÜääÌ°€ÌÅ|Å|ÐÄ°€À°€À°€À°€À°€À°€À°€À°€À(ÄÜääÐ°€ÌÅ|Å|ÐÈ°€À°€À°€À°€À°€À°€À°€À°€À(ÄÜääÔ°€ÌÅ|Å|ÐÌ°€À°€À°€À°€À°€À°€À°€À°€À(ÄÜääØ°€ÌÅ|Å|ÐÐ°€À°€À°€À°€À°€À°€À°€À°€À(ÄÜääÜ°€ÌÅ|Å|ÐÔ°€À°€À°€À°€À°€À°€À°€À°€À(ÄÜääà°€ÌÅ|Å|ÐØ°€À°€À°€À°€À°€À°€À°€À°€À(ÄÜäää°€ÌÅ|Å|ÐÜ°€À°€À°€À°€À°€À°€À°€À°€À(ÄàÀÀÀ°€ÌÅ|Å|Ðà°€À°€À°€À°€À°€À°€À°€À°€À(ÄàÀÀÄ°€ÌÅ|Å|Ðä°€À°€À°€À°€À°€À°€À°€À°€À(ÄàÀÀÈ°€ÌÅ|Å|ÔÀ°€À°€À°€À°€À°€À°€À°€À°€À(ÄàÀÀÌ°€ÌÅ|Å|ÔÄ°€À°€À°€À°€À°€À°€À°€À°€À(ÄàÀÀÐ°€ÌÅ|Å|ÔÈ°€À°€À°€À°€À°€À°€À°€À°€À(ÄàÀÀÔ°€ÌÅ|Å|ÔÌ°€À°€À°€À°€À°€À°€À°€À°€À(ÄàÀÀØ°€ÌÅ|Å|ÔÐ°€À°€À°€À°€À°€À°€À°€À°€À(ÄàÀÀÜ°€ÌÅ|Å|ÔÔ°€À°€À°€À°€À°€À°€À°€À°€À(ÄàÀÀà°€ÌÅ|Å|ÔØ°€À°€À°€À°€À°€À°€À°€À°€À(ÄàÀÀä°€ÌÅ|Å|ÔÜ°€À°€À°€À°€À°€À°€À°€À°€À(ÄàÀÄÀ°€ÌÅ|Å|Ôà°€À°€À°€À°€À°€À°€À°€À°€À(ÄàÀÄÄ°€ÌÅ|Å|Ôä°€À°€À°€À°€À°€À°€À°€À°€À(ÄàÀÄÈ°€ÌÅ|Å|ØÀ°€À°€À°€À°€À°€À°€À°€À°€À(ÄàÀÄÌ°€ÌÅ|Å|ØÄ°€À°€À°€À°€À°€À°€À°€À°€À(ÄàÀÄÐ°€ÌÅ|Å|ØÈ°€À°€À°€À°€À°€À°€À°€À°€À(ÄàÀÄÔ°€ÌÅ|Å|ØÌ°€À°€À°€À°€À°€À°€À°€À°€À(ÄàÀÄØ°€ÌÅ|Å|ØÐ°€À°€À°€À°€À°€À°€À°€À°€À(ÄàÀÄÜ°€ÌÅ|Å|ØÔ°€À°€À°€À°€À°€À°€À°€À°€À(ÄàÀÄà°€ÌÅ|Å|ØØ°€À°€À°€À°€À°€À°€À°€À°€À(ÄàÀÄä°€ÌÅ|Å|ØÜ°€À°€À°€À°€À°€À°€À°€À°€À(ÄàÀÈÀ°€ÌÅ|Å|Øà°€À°€À°€À°€À°€À°€À°€À°€À(ÄàÀÈÄ°€ÌÅ|Å|Øä°€À°€À°€À°€À°€À°€À°€À°€À(ÄàÀÈÈ°€ÌÅ|Å|ÜÀ°€À°€À°€À°€À°€À°€À°€À°€À(ÄàÀÈÌ°€ÌÅ|Å|ÜÄ°€À°€À°€À°€À°€À°€À°€À°€À(ÄàÀÈÐ°€ÌÅ|Å|ÜÈ°€À°€À°€À°€À°€À°€À°€À°€À(ÄàÀÈÔ°€ÌÅ|Å|ÜÌ°€À°€À°€À°€À°€À°€À°€À°€À(ÄàÀÈØ°€ÌÅ|Å|ÜÐ°€À°€À°€À°€À°€À°€À°€À°€À(ÄàÀÈÜ°€ÌÅ|Å|ÜÔ°€À°€À°€À°€À°€À°€À°€À°€À(ÄàÀÈà°€ÌÅ|Å|ÜØ°€À°€À°€À°€À°€À°€À°€À°€À(ÄàÀÈä°€ÌÅ|Å|ÜÜ°€À°€À°€À°€À°€À°€À°€À°€À(ÄàÀÌÀ°€ÌÅ|Å|Üà°€À°€À°€À°€À°€À°€À°€À°€À(ÄàÀÌÄ°€ÌÅ|Å|Üä°€À°€À°€À°€À°€À°€À°€À°€À(ÄàÀÌÈ°€ÌÅ|Å|àÀ°€À°€À°€À°€À°€À°€À°€À°€À(ÄàÀÌÌ°€ÌÅ|Å|àÄ°€À°€À°€À°€À°€À°€À°€À°€À(ÄàÀÌÐ°€ÌÅ|Å|àÈ°€À°€À°€À°€À°€À°€À°€À°€À(ÄàÀÌÔ°€ÌÅ|Å|àÌ°€À°€À°€À°€À°€À°€À°€À°€À(ÄàÀÌØ°€ÌÅ|Å|àÐ°€À°€À°€À°€À°€À°€À°€À°€À(ÄàÀÌÜ°€ÌÅ|Å|àÔ°€À°€À°€À°€À°€À°€À°€À°€À(ÄàÀÌà°€ÌÅ|Å|àØ°€À°€À°€À°€À°€À°€À°€À°€À(ÄàÀÌä°€ÌÅ|Å|àÜ°€À°€À°€À°€À°€À°€À°€À°€À(ÄàÀÐÀ°€ÌÅ|Å|àà°€À°€À°€À°€À°€À°€À°€À°€À(ÄàÀÐÄ°€ÌÅ|Å|àä°€À°€À°€À°€À°€À°€À°€À°€À(ÄàÀÐÈ°€ÌÅ|Å|äÀ°€À°€À°€À°€À°€À°€À°€À°€À(ÄàÀÐÌ°€ÌÅ|Å|äÄ°€À°€À°€À°€À°€À°€À°€À°€À(ÄàÀÐÐ°€ÌÅ|Å|äÈ°€À°€À°€À°€À°€À°€À°€À°€À(ÄàÀÐÔ°€ÌÅ|Å|äÌ°€À°€À°€À°€À°€À°€À°€À°€À(ÄàÀÐØ°€ÌÅ|Å|äÐ°€À°€À°€À°€À°€À°€À°€À°€À(ÄàÀÐÜ°€ÌÅ|Å|äÔ°€À°€À°€À°€À°€À°€À°€À°€À(ÄàÀÐà°€ÌÅ|É|ÀÀ°€À°€À°€À°€À°€À°€À°€À°€À(ÄàÀÐä°€ÌÅ|É|ÀÄ°€À°€À°€À°€À°€À°€À°€À°€À(ÄàÀÔÀ°€ÌÅ|É|ÀÈ°€À°€À°€À°€À°€À°€À°€À°€À(ÄàÀÔÄ°€ÌÅ|É|ÀÌ°€À°€À°€À°€À°€À°€À°€À°€À(ÄàÀÔÈ°€ÌÅ|É|ÀÐ°€À°€À°€À°€À°€À°€À°€À°€À(ÄàÀÔÌ°€ÌÅ|É|ÀÔ°€À°€À°€À°€À°€À°€À°€À°€À(ÄàÀÔÐ°€ÌÅ|É|ÀØ°€À°€À°€À°€À°€À°€À°€À°€À(ÄàÀÔÔ°€ÌÅ|É|ÀÜ°€À°€À°€À°€À°€À°€À°€À°€À(ÄàÀÔØ°€ÌÅ|É|Àà°€À°€À°€À°€À°€À°€À°€À°€À(ÄàÀÔÜ°€ÌÅ|É|Àä°€À°€À°€À°€À°€À°€À°€À°€À(ÄàÀÔà°€ÌÅ|É|ÄÀ°€À°€À°€À°€À°€À°€À°€À°€À(ÄàÀÔä°€ÌÅ|É|ÄÄ°€À°€À°€À°€À°€À°€À°€À°€À(ÄàÀØÀ°€ÌÅ|É|ÄÈ°€À°€À°€À°€À°€À°€À°€À°€À(ÄàÀØÄ°€ÌÅ|É|ÄÌ°€À°€À°€À°€À°€À°€À°€À°€À(ÄàÀØÈ°€ÌÅ|É|ÄÐ°€À°€À°€À°€À°€À°€À°€À°€À(ÄàÀØÌ°€ÌÅ|É|ÄÔ°€À°€À°€À°€À°€À°€À°€À°€À(ÄàÀØÐ°€ÌÅ|É|ÄØ°€À°€À°€À°€À°€À°€À°€À°€À(ÄàÀØÔ°€ÌÅ|É|ÄÜ°€À°€À°€À°€À°€À°€À°€À°€À(ÄàÀØØ°€ÌÅ|É|Äà°€À°€À°€À°€À°€À°€À°€À°€À(ÄàÀØÜ°€ÌÅ|É|Ää°€À°€À°€À°€À°€À°€À°€À°€À(ÄàÀØà°€ÌÅ|É|ÈÀ°€À°€À°€À°€À°€À°€À°€À°€À(ÄàÀØä°€ÌÅ|É|ÈÄ°€À°€À°€À°€À°€À°€À°€À°€À(ÄàÀÜÀ°€ÌÅ|É|ÈÈ°€À°€À°€À°€À°€À°€À°€À°€À(ÄàÀÜÄ°€ÌÅ|É|ÈÌ°€À°€À°€À°€À°€À°€À°€À°€À(ÄàÀÜÈ°€ÌÅ|É|ÈÐ°€À°€À°€À°€À°€À°€À°€À°€À(ÄàÀÜÌ°€ÌÅ|É|ÈÔ°€À°€À°€À°€À°€À°€À°€À°€À(ÄàÀÜÐ°€ÌÅ|É|ÈØ°€À°€À°€À°€À°€À°€À°€À°€À(ÄàÀÜÔ°€ÌÅ|É|ÈÜ°€À°€À°€À°€À°€À°€À°€À°€À(ÄàÀÜØ°€ÌÅ|É|Èà°€À°€À°€À°€À°€À°€À°€À°€À(ÄàÀÜÜ°€ÌÅ|É|Èä°€À°€À°€À°€À°€À°€À°€À°€À(ÄàÀÜà°€ÌÅ|É|ÌÀ°€À°€À°€À°€À°€À°€À°€À°€À(ÄàÀÜä°€ÌÅ|É|ÌÄ°€À°€À°€À°€À°€À°€À°€À°€À(ÄàÀàÀ°€ÌÅ|É|ÌÈ°€À°€À°€À°€À°€À°€À°€À°€À(ÄàÀàÄ°€ÌÅ|É|ÌÌ°€À°€À°€À°€À°€À°€À°€À°€À(ÄàÀàÈ°€ÌÅ|É|ÌÐ°€À°€À°€À°€À°€À°€À°€À°€À(ÄàÀàÌ°€ÌÅ|É|ÌÔ°€À°€À°€À°€À°€À°€À°€À°€À(ÄàÀàÐ°€ÌÅ|É|ÌØ°€À°€À°€À°€À°€À°€À°€À°€À(ÄàÀàÔ°€ÌÅ|É|ÌÜ°€À°€À°€À°€À°€À°€À°€À°€À(ÄàÀàØ°€ÌÅ|É|Ìà°€À°€À°€À°€À°€À°€À°€À°€À(ÄàÀàÜ°€ÌÅ|É|Ìä°€À°€À°€À°€À°€À°€À°€À°€À(ÄàÀàà°€ÌÅ|É|ÐÀ°€À°€À°€À°€À°€À°€À°€À°€À(ÄàÀàä°€ÌÅ|É|ÐÄ°€À°€À°€À°€À°€À°€À°€À°€À(ÄàÀäÀ°€ÌÅ|É|ÐÈ°€À°€À°€À°€À°€À°€À°€À°€À(ÄàÀäÄ°€ÌÅ|É|ÐÌ°€À°€À°€À°€À°€À°€À°€À°€À(ÄàÀäÈ°€ÌÅ|É|ÐÐ°€À°€À°€À°€À°€À°€À°€À°€À(ÄàÀäÌ°€ÌÅ|É|ÐÔ°€À°€À°€À°€À°€À°€À°€À°€À(ÄàÀäÐ°€ÌÅ|É|ÐØ°€À°€À°€À°€À°€À°€À°€À°€À(ÄàÀäÔ°€ÌÅ|É|ÐÜ°€À°€À°€À°€À°€À°€À°€À°€À(ÄàÀäØ°€ÌÅ|É|Ðà°€À°€À°€À°€À°€À°€À°€À°€À(ÄàÀäÜ°€ÌÅ|É|Ðä°€À°€À°€À°€À°€À°€À°€À°€À(ÄàÀäà°€ÌÅ|É|ÔÀ°€À°€À°€À°€À°€À°€À°€À°€À(ÄàÀää°€ÌÅ|É|ÔÄ°€À°€À°€À°€À°€À°€À°€À°€À(ÄàÄÀÀ°€ÌÅ|É|ÔÈ°€À°€À°€À°€À°€À°€À°€À°€À(ÄàÄÀÄ°€ÌÅ|É|ÔÌ°€À°€À°€À°€À°€À°€À°€À°€À(ÄàÄÀÈ°€ÌÅ|É|ÔÐ°€À°€À°€À°€À°€À°€À°€À°€À(ÄàÄÀÌ°€ÌÅ|É|ÔÔ°€À°€À°€À°€À°€À°€À°€À°€À(ÄàÄÀÐ°€ÌÅ|É|ÔØ°€À°€À°€À°€À°€À°€À°€À°€À(ÄàÄÀÔ°€ÌÅ|É|ÔÜ°€À°€À°€À°€À°€À°€À°€À°€À(ÄàÄÀØ°€ÌÅ|É|Ôà°€À°€À°€À°€À°€À°€À°€À°€À(ÄàÄÀÜ°€ÌÅ|É|Ôä°€À°€À°€À°€À°€À°€À°€À°€À(ÄàÄÀà°€ÌÅ|É|ØÀ°€À°€À°€À°€À°€À°€À°€À°€À(ÄàÄÀä°€ÌÅ|É|ØÄ°€À°€À°€À°€À°€À°€À°€À°€À(ÄàÄÄÀ°€ÌÅ|É|ØÈ°€À°€À°€À°€À°€À°€À°€À°€À(ÄàÄÄÄ°€ÌÅ|É|ØÌ°€À°€À°€À°€À°€À°€À°€À°€À(ÄàÄÄÈ°€ÌÅ|É|ØÐ°€À°€À°€À°€À°€À°€À°€À°€À(ÄàÄÄÌ°€ÌÅ|É|ØÔ°€À°€À°€À°€À°€À°€À°€À°€À(ÄàÄÄÐ°€ÌÅ|É|ØØ°€À°€À°€À°€À°€À°€À°€À°€À(ÄàÄÄÔ°€ÌÅ|É|ØÜ°€À°€À°€À°€À°€À°€À°€À°€À(ÄàÄÄØ°€ÌÅ|É|Øà°€À°€À°€À°€À°€À°€À°€À°€À(ÄàÄÄÜ°€ÌÅ|É|Øä°€À°€À°€À°€À°€À°€À°€À°€À(ÄàÄÄà°€ÌÅ|É|ÜÀ°€À°€À°€À°€À°€À°€À°€À°€À(ÄàÄÄä°€ÌÅ|É|ÜÄ°€À°€À°€À°€À°€À°€À°€À°€À(ÄàÄÈÀ°€ÌÅ|É|ÜÈ°€À°€À°€À°€À°€À°€À°€À°€À(ÄàÄÈÄ°€ÌÅ|É|ÜÌ°€À°€À°€À°€À°€À°€À°€À°€À(ÄàÄÈÈ°€ÌÅ|É|ÜÐ°€À°€À°€À°€À°€À°€À°€À°€À(ÄàÄÈÌ°€ÌÅ|É|ÜÔ°€À°€À°€À°€À°€À°€À°€À°€À(ÄàÄÈÐ°€ÌÅ|É|ÜØ°€À°€À°€À°€À°€À°€À°€À°€À(ÄàÄÈÔ°€ÌÅ|É|ÜÜ°€À°€À°€À°€À°€À°€À°€À°€À(ÄàÄÈØ°€ÌÅ|É|Üà°€À°€À°€À°€À°€À°€À°€À°€À(ÄàÄÈÜ°€ÌÅ|É|Üä°€À°€À°€À°€À°€À°€À°€À°€À(ÄàÄÈà°€ÌÅ|É|àÀ°€À°€À°€À°€À°€À°€À°€À°€À(ÄàÄÈä°€ÌÅ|É|àÄ°€À°€À°€À°€À°€À°€À°€À°€À(ÄàÄÌÀ°€ÌÅ|É|àÈ°€À°€À°€À°€À°€À°€À°€À°€À(ÄàÄÌÄ°€ÌÅ|É|àÌ°€À°€À°€À°€À°€À°€À°€À°€À(ÄàÄÌÈ°€ÌÅ|É|àÐ°€À°€À°€À°€À°€À°€À°€À°€À(ÄàÄÌÌ°€ÌÅ|É|àÔ°€À°€À°€À°€À°€À°€À°€À°€À(ÄàÄÌÐ°€ÌÅ|É|àØ°€À°€À°€À°€À°€À°€À°€À°€À(ÄàÄÌÔ°€ÌÅ|É|àÜ°€À°€À°€À°€À°€À°€À°€À°€À(ÄàÄÌØ°€ÌÅ|É|àà°€À°€À°€À°€À°€À°€À°€À°€À(ÄàÄÌÜ°€ÌÅ|É|àä°€À°€À°€À°€À°€À°€À°€À°€À(ÄàÄÌà°€ÌÅ|É|äÀ°€À°€À°€À°€À°€À°€À°€À°€À(ÄàÄÌä°€ÌÅ|É|äÄ°€À°€À°€À°€À°€À°€À°€À°€À(ÄàÄÐÀ°€ÌÅ|É|äÈ°€À°€À°€À°€À°€À°€À°€À°€À(ÄàÄÐÄ°€ÌÅ|É|äÌ°€À°€À°€À°€À°€À°€À°€À°€À(ÄàÄÐÈ°€ÌÅ|É|äÐ°€À°€À°€À°€À°€À°€À°€À°€À(ÄàÄÐÌ°€ÌÅ|É|äÔ°€À°€À°€À°€À°€À°€À°€À°€À(ÄàÄÐÐ°€ÌÅ|Í|ÀÀ°€À°€À°€À°€À°€À°€À°€À°€À(ÄàÄÐÔ°€ÌÅ|Í|ÀÄ°€À°€À°€À°€À°€À°€À°€À°€À(ÄàÄÐØ°€ÌÅ|Í|ÀÈ°€À°€À°€À°€À°€À°€À°€À°€À(ÄàÄÐÜ°€ÌÅ|Í|ÀÌ°€À°€À°€À°€À°€À°€À°€À°€À(ÄàÄÐà°€ÌÅ|Í|ÀÐ°€À°€À°€À°€À°€À°€À°€À°€À(ÄàÄÐä°€ÌÅ|Í|ÀÔ°€À°€À°€À°€À°€À°€À°€À°€À(ÄàÄÔÀ°€ÌÅ|Í|ÀØ°€À°€À°€À°€À°€À°€À°€À°€À(ÄàÄÔÄ°€ÌÅ|Í|ÀÜ°€À°€À°€À°€À°€À°€À°€À°€À(ÄàÄÔÈ°€ÌÅ|Í|Àà°€À°€À°€À°€À°€À°€À°€À°€À(ÄàÄÔÌ°€ÌÅ|Í|Àä°€À°€À°€À°€À°€À°€À°€À°€À(ÄàÄÔÐ°€ÌÅ|Í|ÄÀ°€À°€À°€À°€À°€À°€À°€À°€À(ÄàÄÔÔ°€ÌÅ|Í|ÄÄ°€À°€À°€À°€À°€À°€À°€À°€À(ÄàÄÔØ°€ÌÅ|Í|ÄÈ°€À°€À°€À°€À°€À°€À°€À°€À(ÄàÄÔÜ°€ÌÅ|Í|ÄÌ°€À°€À°€À°€À°€À°€À°€À°€À(ÄàÄÔà°€ÌÅ|Í|ÄÐ°€À°€À°€À°€À°€À°€À°€À°€À(ÄàÄÔä°€ÌÅ|Í|ÄÔ°€À°€À°€À°€À°€À°€À°€À°€À(ÄàÄØÀ°€ÌÅ|Í|ÄØ°€À°€À°€À°€À°€À°€À°€À°€À(ÄàÄØÄ°€ÌÅ|Í|ÄÜ°€À°€À°€À°€À°€À°€À°€À°€À(ÄàÄØÈ°€ÌÅ|Í|Äà°€À°€À°€À°€À°€À°€À°€À°€À(ÄàÄØÌ°€ÌÅ|Í|Ää°€À°€À°€À°€À°€À°€À°€À°€À(ÄàÄØÐ°€ÌÅ|Í|ÈÀ°€À°€À°€À°€À°€À°€À°€À°€À(ÄàÄØÔ°€ÌÅ|Í|ÈÄ°€À°€À°€À°€À°€À°€À°€À°€À(ÄàÄØØ°€ÌÅ|Í|ÈÈ°€À°€À°€À°€À°€À°€À°€À°€À(ÄàÄØÜ°€ÌÅ|Í|ÈÌ°€À°€À°€À°€À°€À°€À°€À°€À(ÄàÄØà°€ÌÅ|Í|ÈÐ°€À°€À°€À°€À°€À°€À°€À°€À(ÄàÄØä°€ÌÅ|Í|ÈÔ°€À°€À°€À°€À°€À°€À°€À°€À(ÄàÄÜÀ°€ÌÅ|Í|ÈØ°€À°€À°€À°€À°€À°€À°€À°€À(ÄàÄÜÄ°€ÌÅ|Í|ÈÜ°€À°€À°€À°€À°€À°€À°€À°€À(ÄàÄÜÈ°€ÌÅ|Í|Èà°€À°€À°€À°€À°€À°€À°€À°€À(ÄàÄÜÌ°€ÌÅ|Í|Èä°€À°€À°€À°€À°€À°€À°€À°€À(ÄàÄÜÐ°€ÌÅ|Í|ÌÀ°€À°€À°€À°€À°€À°€À°€À°€À(ÄàÄÜÔ°€ÌÅ|Í|ÌÄ°€À°€À°€À°€À°€À°€À°€À°€À(ÄàÄÜØ°€ÌÅ|Í|ÌÈ°€À°€À°€À°€À°€À°€À°€À°€À(ÄàÄÜÜ°€ÌÅ|Í|ÌÌ°€À°€À°€À°€À°€À°€À°€À°€À(ÄàÄÜà°€ÌÅ|Í|ÌÐ°€À°€À°€À°€À°€À°€À°€À°€À(ÄàÄÜä°€ÌÅ|Í|ÌÔ°€À°€À°€À°€À°€À°€À°€À°€À(ÄàÄàÀ°€ÌÅ|Í|ÌØ°€À°€À°€À°€À°€À°€À°€À°€À(ÄàÄàÄ°€ÌÅ|Í|ÌÜ°€À°€À°€À°€À°€À°€À°€À°€À(ÄàÄàÈ°€ÌÅ|Í|Ìà°€À°€À°€À°€À°€À°€À°€À°€À(ÄàÄàÌ°€ÌÅ|Í|Ìä°€À°€À°€À°€À°€À°€À°€À°€À(ÄàÄàÐ°€ÌÅ|Í|ÐÀ°€À°€À°€À°€À°€À°€À°€À°€À(ÄàÄàÔ°€ÌÅ|Í|ÐÄ°€À°€À°€À°€À°€À°€À°€À°€À(ÄàÄàØ°€ÌÅ|Í|ÐÈ°€À°€À°€À°€À°€À°€À°€À°€À(ÄàÄàÜ°€ÌÅ|Í|ÐÌ°€À°€À°€À°€À°€À°€À°€À°€À(ÄàÄàà°€ÌÅ|Í|ÐÐ°€À°€À°€À°€À°€À°€À°€À°€À(ÄàÄàä°€ÌÅ|Í|ÐÔ°€À°€À°€À°€À°€À°€À°€À°€À(ÄàÄäÀ°€ÌÅ|Í|ÐØ°€À°€À°€À°€À°€À°€À°€À°€À(ÄàÄäÄ°€ÌÅ|Í|ÐÜ°€À°€À°€À°€À°€À°€À°€À°€À(ÄàÄäÈ°€ÌÅ|Í|Ðà°€À°€À°€À°€À°€À°€À°€À°€À(ÄàÄäÌ°€ÌÅ|Í|Ðä°€À°€À°€À°€À°€À°€À°€À°€À(ÄàÄäÐ°€ÌÅ|Í|ÔÀ°€À°€À°€À°€À°€À°€À°€À°€À(ÄàÄäÔ°€ÌÅ|Í|ÔÄ°€À°€À°€À°€À°€À°€À°€À°€À(ÄàÄäØ°€ÌÅ|Í|ÔÈ°€À°€À°€À°€À°€À°€À°€À°€À(ÄàÄäÜ°€ÌÅ|Í|ÔÌ°€À°€À°€À°€À°€À°€À°€À°€À(ÄàÄäà°€ÌÅ|Í|ÔÐ°€À°€À°€À°€À°€À°€À°€À°€À(ÄàÄää°€ÌÅ|Í|ÔÔ°€À°€À°€À°€À°€À°€À°€À°€À(ÄàÈÀÀ°€ÌÅ|Í|ÔØ°€À°€À°€À°€À°€À°€À°€À°€À(ÄàÈÀÄ°€ÌÅ|Í|ÔÜ°€À°€À°€À°€À°€À°€À°€À°€À(ÄàÈÀÈ°€ÌÅ|Í|Ôà°€À°€À°€À°€À°€À°€À°€À°€À(ÄàÈÀÌ°€ÌÅ|Í|Ôä°€À°€À°€À°€À°€À°€À°€À°€À(ÄàÈÀÐ°€ÌÅ|Í|ØÀ°€À°€À°€À°€À°€À°€À°€À°€À(ÄàÈÀÔ°€ÌÅ|Í|ØÄ°€À°€À°€À°€À°€À°€À°€À°€À(ÄàÈÀØ°€ÌÅ|Í|ØÈ°€À°€À°€À°€À°€À°€À°€À°€À(ÄàÈÀÜ°€ÌÅ|Í|ØÌ°€À°€À°€À°€À°€À°€À°€À°€À(ÄàÈÀà°€ÌÅ|Í|ØÐ°€À°€À°€À°€À°€À°€À°€À°€À(ÄàÈÀä°€ÌÅ|Í|ØÔ°€À°€À°€À°€À°€À°€À°€À°€À(ÄàÈÄÀ°€ÌÅ|Í|ØØ°€À°€À°€À°€À°€À°€À°€À°€À(ÄàÈÄÄ°€ÌÅ|Í|ØÜ°€À°€À°€À°€À°€À°€À°€À°€À(ÄàÈÄÈ°€ÌÅ|Í|Øà°€À°€À°€À°€À°€À°€À°€À°€À(ÄàÈÄÌ°€ÌÅ|Í|Øä°€À°€À°€À°€À°€À°€À°€À°€À(ÄàÈÄÐ°€ÌÅ|Í|ÜÀ°€À°€À°€À°€À°€À°€À°€À°€À(ÄàÈÄÔ°€ÌÅ|Í|ÜÄ°€À°€À°€À°€À°€À°€À°€À°€À(ÄàÈÄØ°€ÌÅ|Í|ÜÈ°€À°€À°€À°€À°€À°€À°€À°€À(ÄàÈÄÜ°€ÌÅ|Í|ÜÌ°€À°€À°€À°€À°€À°€À°€À°€À(ÄàÈÄà°€ÌÅ|Í|ÜÐ°€À°€À°€À°€À°€À°€À°€À°€À(ÄàÈÄä°€ÌÅ|Í|ÜÔ°€À°€À°€À°€À°€À°€À°€À°€À(ÄàÈÈÀ°€ÌÅ|Í|ÜØ°€À°€À°€À°€À°€À°€À°€À°€À(ÄàÈÈÄ°€ÌÅ|Í|ÜÜ°€À°€À°€À°€À°€À°€À°€À°€À(ÄàÈÈÈ°€ÌÅ|Í|Üà°€À°€À°€À°€À°€À°€À°€À°€À(ÄàÈÈÌ°€ÌÅ|Í|Üä°€À°€À°€À°€À°€À°€À°€À°€À(ÄàÈÈÐ°€ÌÅ|Í|àÀ°€À°€À°€À°€À°€À°€À°€À°€À(ÄàÈÈÔ°€ÌÅ|Í|àÄ°€À°€À°€À°€À°€À°€À°€À°€À(ÄàÈÈØ°€ÌÅ|Í|àÈ°€À°€À°€À°€À°€À°€À°€À°€À(ÄàÈÈÜ°€ÌÅ|Í|àÌ°€À°€À°€À°€À°€À°€À°€À°€À(ÄàÈÈà°€ÌÅ|Í|àÐ°€À°€À°€À°€À°€À°€À°€À°€À(ÄàÈÈä°€ÌÅ|Í|àÔ°€À°€À°€À°€À°€À°€À°€À°€À(ÄàÈÌÀ°€ÌÅ|Í|àØ°€À°€À°€À°€À°€À°€À°€À°€À(ÄàÈÌÄ°€ÌÅ|Í|àÜ°€À°€À°€À°€À°€À°€À°€À°€À(ÄàÈÌÈ°€ÌÅ|Í|àà°€À°€À°€À°€À°€À°€À°€À°€À(ÄàÈÌÌ°€ÌÅ|Í|àä°€À°€À°€À°€À°€À°€À°€À°€À(ÄàÈÌÐ°€ÌÅ|Í|äÀ°€À°€À°€À°€À°€À°€À°€À°€À(ÄàÈÌÔ°€ÌÅ|Í|äÄ°€À°€À°€À°€À°€À°€À°€À°€À(ÄàÈÌØ°€ÌÅ|Í|äÈ°€À°€À°€À°€À°€À°€À°€À°€À(ÄàÈÌÜ°€ÌÅ|Í|äÌ°€À°€À°€À°€À°€À°€À°€À°€À(ÄàÈÌà°€ÌÅ|Í|äÐ°€À°€À°€À°€À°€À°€À°€À°€À(ÄàÈÌä°€ÌÅ|Í|äÔ°€À°€À°€À°€À°€À°€À°€À°€À(ÄàÈÐÀ°€ÌÅ|Ñ|ÀÀ°€À°€À°€À°€À°€À°€À°€À°€À(ÄàÈÐÄ°€ÌÅ|Ñ|ÀÄ°€À°€À°€À°€À°€À°€À°€À°€À(ÄàÈÐÈ°€ÌÅ|Ñ|ÀÈ°€À°€À°€À°€À°€À°€À°€À°€À(ÄàÈÐÌ°€ÌÅ|Ñ|ÀÌ°€À°€À°€À°€À°€À°€À°€À°€À(ÄàÈÐÐ°€ÌÅ|Ñ|ÀÐ°€À°€À°€À°€À°€À°€À°€À°€À(ÄàÈÐÔ°€ÌÅ|Ñ|ÀÔ°€À°€À°€À°€À°€À°€À°€À°€À(ÄàÈÐØ°€ÌÅ|Ñ|ÀØ°€À°€À°€À°€À°€À°€À°€À°€À(ÄàÈÐÜ°€ÌÅ|Ñ|ÀÜ°€À°€À°€À°€À°€À°€À°€À°€À(ÄàÈÐà°€ÌÅ|Ñ|Àà°€À°€À°€À°€À°€À°€À°€À°€À(ÄàÈÐä°€ÌÅ|Ñ|Àä°€À°€À°€À°€À°€À°€À°€À°€À(ÄàÈÔÀ°€ÌÅ|Ñ|ÄÀ°€À°€À°€À°€À°€À°€À°€À°€À(ÄàÈÔÄ°€ÌÅ|Ñ|ÄÄ°€À°€À°€À°€À°€À°€À°€À°€À(ÄàÈÔÈ°€ÌÅ|Ñ|ÄÈ°€À°€À°€À°€À°€À°€À°€À°€À(ÄàÈÔÌ°€ÌÅ|Ñ|ÄÌ°€À°€À°€À°€À°€À°€À°€À°€À(ÄàÈÔÐ°€ÌÅ|Ñ|ÄÐ°€À°€À°€À°€À°€À°€À°€À°€À(ÄàÈÔÔ°€ÌÅ|Ñ|ÄÔ°€À°€À°€À°€À°€À°€À°€À°€À(ÄàÈÔØ°€ÌÅ|Ñ|ÄØ°€À°€À°€À°€À°€À°€À°€À°€À(ÄàÈÔÜ°€ÌÅ|Ñ|ÄÜ°€À°€À°€À°€À°€À°€À°€À°€À(ÄàÈÔà°€ÌÅ|Ñ|Äà°€À°€À°€À°€À°€À°€À°€À°€À(ÄàÈÔä°€ÌÅ|Ñ|Ää°€À°€À°€À°€À°€À°€À°€À°€À(ÄàÈØÀ°€ÌÅ|Ñ|ÈÀ°€À°€À°€À°€À°€À°€À°€À°€À(ÄàÈØÄ°€ÌÅ|Ñ|ÈÄ°€À°€À°€À°€À°€À°€À°€À°€À(ÄàÈØÈ°€ÌÅ|Ñ|ÈÈ°€À°€À°€À°€À°€À°€À°€À°€À(ÄàÈØÌ°€ÌÅ|Ñ|ÈÌ°€À°€À°€À°€À°€À°€À°€À°€À(ÄàÈØÐ°€ÌÅ|Ñ|ÈÐ°€À°€À°€À°€À°€À°€À°€À°€À(ÄàÈØÔ°€ÌÅ|Ñ|ÈÔ°€À°€À°€À°€À°€À°€À°€À°€À(ÄàÈØØ°€ÌÅ|Ñ|ÈØ°€À°€À°€À°€À°€À°€À°€À°€À(ÄàÈØÜ°€ÌÅ|Ñ|ÈÜ°€À°€À°€À°€À°€À°€À°€À°€À(ÄàÈØà°€ÌÅ|Ñ|Èà°€À°€À°€À°€À°€À°€À°€À°€À(ÄàÈØä°€ÌÅ|Ñ|Èä°€À°€À°€À°€À°€À°€À°€À°€À(ÄàÈÜÀ°€ÌÅ|Ñ|ÌÀ°€À°€À°€À°€À°€À°€À°€À°€À(ÄàÈÜÄ°€ÌÅ|Ñ|ÌÄ°€À°€À°€À°€À°€À°€À°€À°€À(ÄàÈÜÈ°€ÌÅ|Ñ|ÌÈ°€À°€À°€À°€À°€À°€À°€À°€À(ÄàÈÜÌ°€ÌÅ|Ñ|ÌÌ°€À°€À°€À°€À°€À°€À°€À°€À(ÄàÈÜÐ°€ÌÅ|Ñ|ÌÐ°€À°€À°€À°€À°€À°€À°€À°€À(ÄàÈÜÔ°€ÌÅ|Ñ|ÌÔ°€À°€À°€À°€À°€À°€À°€À°€À(ÄàÈÜØ°€ÌÅ|Ñ|ÌØ°€À°€À°€À°€À°€À°€À°€À°€À(ÄàÈÜÜ°€ÌÅ|Ñ|ÌÜ°€À°€À°€À°€À°€À°€À°€À°€À(ÄàÈÜà°€ÌÅ|Ñ|Ìà°€À°€À°€À°€À°€À°€À°€À°€À(ÄàÈÜä°€ÌÅ|Ñ|Ìä°€À°€À°€À°€À°€À°€À°€À°€À(ÄàÈàÀ°€ÌÅ|Ñ|ÐÀ°€À°€À°€À°€À°€À°€À°€À°€À(ÄàÈàÄ°€ÌÅ|Ñ|ÐÄ°€À°€À°€À°€À°€À°€À°€À°€À(ÄàÈàÈ°€ÌÅ|Ñ|ÐÈ°€À°€À°€À°€À°€À°€À°€À°€À(ÄàÈàÌ°€ÌÅ|Ñ|ÐÌ°€À°€À°€À°€À°€À°€À°€À°€À(ÄàÈàÐ°€ÌÅ|Ñ|ÐÐ°€À°€À°€À°€À°€À°€À°€À°€À(ÄàÈàÔ°€ÌÅ|Ñ|ÐÔ°€À°€À°€À°€À°€À°€À°€À°€À(ÄàÈàØ°€ÌÅ|Ñ|ÐØ°€À°€À°€À°€À°€À°€À°€À°€À(ÄàÈàÜ°€ÌÅ|Ñ|ÐÜ°€À°€À°€À°€À°€À°€À°€À°€À(ÄàÈàà°€ÌÅ|Ñ|Ðà°€À°€À°€À°€À°€À°€À°€À°€À(ÄàÈàä°€ÌÅ|Ñ|Ðä°€À°€À°€À°€À°€À°€À°€À°€À(ÄàÈäÀ°€ÌÅ|Ñ|ÔÀ°€À°€À°€À°€À°€À°€À°€À°€À(ÄàÈäÄ°€ÌÅ|Ñ|ÔÄ°€À°€À°€À°€À°€À°€À°€À°€À(ÄàÈäÈ°€ÌÅ|Ñ|ÔÈ°€À°€À°€À°€À°€À°€À°€À°€À(ÄàÈäÌ°€ÌÅ|Ñ|ÔÌ°€À°€À°€À°€À°€À°€À°€À°€À(ÄàÈäÐ°€ÌÅ|Ñ|ÔÐ°€À°€À°€À°€À°€À°€À°€À°€À(ÄàÈäÔ°€ÌÅ|Ñ|ÔÔ°€À°€À°€À°€À°€À°€À°€À°€À(ÄàÈäØ°€ÌÅ|Ñ|ÔØ°€À°€À°€À°€À°€À°€À°€À°€À(ÄàÈäÜ°€ÌÅ|Ñ|ÔÜ°€À°€À°€À°€À°€À°€À°€À°€À(ÄàÈäà°€ÌÅ|Ñ|Ôà°€À°€À°€À°€À°€À°€À°€À°€À(ÄàÈää°€ÌÅ|Ñ|Ôä°€À°€À°€À°€À°€À°€À°€À°€À(ÄàÌÀÀ°€ÌÅ|Ñ|ØÀ°€À°€À°€À°€À°€À°€À°€À°€À(ÄàÌÀÄ°€ÌÅ|Ñ|ØÄ°€À°€À°€À°€À°€À°€À°€À°€À(ÄàÌÀÈ°€ÌÅ|Ñ|ØÈ°€À°€À°€À°€À°€À°€À°€À°€À(ÄàÌÀÌ°€ÌÅ|Ñ|ØÌ°€À°€À°€À°€À°€À°€À°€À°€À(ÄàÌÀÐ°€ÌÅ|Ñ|ØÐ°€À°€À°€À°€À°€À°€À°€À°€À(ÄàÌÀÔ°€ÌÅ|Ñ|ØÔ°€À°€À°€À°€À°€À°€À°€À°€À(ÄàÌÀØ°€ÌÅ|Ñ|ØØ°€À°€À°€À°€À°€À°€À°€À°€À(ÄàÌÀÜ°€ÌÅ|Ñ|ØÜ°€À°€À°€À°€À°€À°€À°€À°€À(ÄàÌÀà°€ÌÅ|Ñ|Øà°€À°€À°€À°€À°€À°€À°€À°€À(ÄàÌÀä°€ÌÅ|Ñ|Øä°€À°€À°€À°€À°€À°€À°€À°€À(ÄàÌÄÀ°€ÌÅ|Ñ|ÜÀ°€À°€À°€À°€À°€À°€À°€À°€À(ÄàÌÄÄ°€ÌÅ|Ñ|ÜÄ°€À°€À°€À°€À°€À°€À°€À°€À(ÄàÌÄÈ°€ÌÅ|Ñ|ÜÈ°€À°€À°€À°€À°€À°€À°€À°€À(ÄàÌÄÌ°€ÌÅ|Ñ|ÜÌ°€À°€À°€À°€À°€À°€À°€À°€À(ÄàÌÄÐ°€ÌÅ|Ñ|ÜÐ°€À°€À°€À°€À°€À°€À°€À°€À(ÄàÌÄÔ°€ÌÅ|Ñ|ÜÔ°€À°€À°€À°€À°€À°€À°€À°€À(ÄàÌÄØ°€ÌÅ|Ñ|ÜØ°€À°€À°€À°€À°€À°€À°€À°€À(ÄàÌÄÜ°€ÌÅ|Ñ|ÜÜ°€À°€À°€À°€À°€À°€À°€À°€À(ÄàÌÄà°€ÌÅ|Ñ|Üà°€À°€À°€À°€À°€À°€À°€À°€À(ÄàÌÄä°€ÌÅ|Ñ|Üä°€À°€À°€À°€À°€À°€À°€À°€À(ÄàÌÈÀ°€ÌÅ|Ñ|àÀ°€À°€À°€À°€À°€À°€À°€À°€À(ÄàÌÈÄ°€ÌÅ|Ñ|àÄ°€À°€À°€À°€À°€À°€À°€À°€À(ÄàÌÈÈ°€ÌÅ|Ñ|àÈ°€À°€À°€À°€À°€À°€À°€À°€À(ÄàÌÈÌ°€ÌÅ|Ñ|àÌ°€À°€À°€À°€À°€À°€À°€À°€À(ÄàÌÈÐ°€ÌÅ|Ñ|àÐ°€À°€À°€À°€À°€À°€À°€À°€À(ÄàÌÈÔ°€ÌÅ|Ñ|àÔ°€À°€À°€À°€À°€À°€À°€À°€À(ÄàÌÈØ°€ÌÅ|Ñ|àØ°€À°€À°€À°€À°€À°€À°€À°€À(ÄàÌÈÜ°€ÌÅ|Ñ|àÜ°€À°€À°€À°€À°€À°€À°€À°€À(ÄàÌÈà°€ÌÅ|Ñ|àà°€À°€À°€À°€À°€À°€À°€À°€À(ÄàÌÈä°€ÌÅ|Ñ|àä°€À°€À°€À°€À°€À°€À°€À°€À(ÄàÌÌÀ°€ÌÅ|Ñ|äÀ°€À°€À°€À°€À°€À°€À°€À°€À(ÄàÌÌÄ°€ÌÅ|Ñ|äÄ°€À°€À°€À°€À°€À°€À°€À°€À(ÄàÌÌÈ°€ÌÅ|Ñ|äÈ°€À°€À°€À°€À°€À°€À°€À°€À(ÄàÌÌÌ°€ÌÅ|Ñ|äÌ°€À°€À°€À°€À°€À°€À°€À°€À(ÄàÌÌÐ°€ÌÅ|Ñ|äÐ°€À°€À°€À°€À°€À°€À°€À°€À(ÄàÌÌÔ°€ÌÅ|Ñ|äÔ°€À°€À°€À°€À°€À°€À°€À°€À(ÄàÌÌØ°€ÌÅ|Õ|ÀÀ°€À°€À°€À°€À°€À°€À°€À°€À(ÄàÌÌÜ°€ÌÅ|Õ|ÀÄ°€À°€À°€À°€À°€À°€À°€À°€À(ÄàÌÌà°€ÌÅ|Õ|ÀÈ°€À°€À°€À°€À°€À°€À°€À°€À(ÄàÌÌä°€ÌÅ|Õ|ÀÌ°€À°€À°€À°€À°€À°€À°€À°€À(ÄàÌÐÀ°€ÌÅ|Õ|ÀÐ°€À°€À°€À°€À°€À°€À°€À°€À(ÄàÌÐÄ°€ÌÅ|Õ|ÀÔ°€À°€À°€À°€À°€À°€À°€À°€À(ÄàÌÐÈ°€ÌÅ|Õ|ÀØ°€À°€À°€À°€À°€À°€À°€À°€À(ÄàÌÐÌ°€ÌÅ|Õ|ÀÜ°€À°€À°€À°€À°€À°€À°€À°€À(ÄàÌÐÐ°€ÌÅ|Õ|Àà°€À°€À°€À°€À°€À°€À°€À°€À(ÄàÌÐÔ°€ÌÅ|Õ|Àä°€À°€À°€À°€À°€À°€À°€À°€À(ÄàÌÐØ°€ÌÅ|Õ|ÄÀ°€À°€À°€À°€À°€À°€À°€À°€À(ÄàÌÐÜ°€ÌÅ|Õ|ÄÄ°€À°€À°€À°€À°€À°€À°€À°€À(ÄàÌÐà°€ÌÅ|Õ|ÄÈ°€À°€À°€À°€À°€À°€À°€À°€À(ÄàÌÐä°€ÌÅ|Õ|ÄÌ°€À°€À°€À°€À°€À°€À°€À°€À(ÄàÌÔÀ°€ÌÅ|Õ|ÄÐ°€À°€À°€À°€À°€À°€À°€À°€À(ÄàÌÔÄ°€ÌÅ|Õ|ÄÔ°€À°€À°€À°€À°€À°€À°€À°€À(ÄàÌÔÈ°€ÌÅ|Õ|ÄØ°€À°€À°€À°€À°€À°€À°€À°€À(ÄàÌÔÌ°€ÌÅ|Õ|ÄÜ°€À°€À°€À°€À°€À°€À°€À°€À(ÄàÌÔÐ°€ÌÅ|Õ|Äà°€À°€À°€À°€À°€À°€À°€À°€À(ÄàÌÔÔ°€ÌÅ|Õ|Ää°€À°€À°€À°€À°€À°€À°€À°€À(ÄàÌÔØ°€ÌÅ|Õ|ÈÀ°€À°€À°€À°€À°€À°€À°€À°€À(ÄàÌÔÜ°€ÌÅ|Õ|ÈÄ°€À°€À°€À°€À°€À°€À°€À°€À(ÄàÌÔà°€ÌÅ|Õ|ÈÈ°€À°€À°€À°€À°€À°€À°€À°€À(ÄàÌÔä°€ÌÅ|Õ|ÈÌ°€À°€À°€À°€À°€À°€À°€À°€À(ÄàÌØÀ°€ÌÅ|Õ|ÈÐ°€À°€À°€À°€À°€À°€À°€À°€À(ÄàÌØÄ°€ÌÅ|Õ|ÈÔ°€À°€À°€À°€À°€À°€À°€À°€À(ÄàÌØÈ°€ÌÅ|Õ|ÈØ°€À°€À°€À°€À°€À°€À°€À°€À(ÄàÌØÌ°€ÌÅ|Õ|ÈÜ°€À°€À°€À°€À°€À°€À°€À°€À(ÄàÌØÐ°€ÌÅ|Õ|Èà°€À°€À°€À°€À°€À°€À°€À°€À(ÄàÌØÔ°€ÌÅ|Õ|Èä°€À°€À°€À°€À°€À°€À°€À°€À(ÄàÌØØ°€ÌÅ|Õ|ÌÀ°€À°€À°€À°€À°€À°€À°€À°€À(ÄàÌØÜ°€ÌÅ|Õ|ÌÄ°€À°€À°€À°€À°€À°€À°€À°€À(ÄàÌØà°€ÌÅ|Õ|ÌÈ°€À°€À°€À°€À°€À°€À°€À°€À(ÄàÌØä°€ÌÅ|Õ|ÌÌ°€À°€À°€À°€À°€À°€À°€À°€À(ÄàÌÜÀ°€ÌÅ|Õ|ÌÐ°€À°€À°€À°€À°€À°€À°€À°€À(ÄàÌÜÄ°€ÌÅ|Õ|ÌÔ°€À°€À°€À°€À°€À°€À°€À°€À(ÄàÌÜÈ°€ÌÅ|Õ|ÌØ°€À°€À°€À°€À°€À°€À°€À°€À(ÄàÌÜÌ°€ÌÅ|Õ|ÌÜ°€À°€À°€À°€À°€À°€À°€À°€À(ÄàÌÜÐ°€ÌÅ|Õ|Ìà°€À°€À°€À°€À°€À°€À°€À°€À(ÄàÌÜÔ°€ÌÅ|Õ|Ìä°€À°€À°€À°€À°€À°€À°€À°€À(ÄàÌÜØ°€ÌÅ|Õ|ÐÀ°€À°€À°€À°€À°€À°€À°€À°€À(ÄàÌÜÜ°€ÌÅ|Õ|ÐÄ°€À°€À°€À°€À°€À°€À°€À°€À(ÄàÌÜà°€ÌÅ|Õ|ÐÈ°€À°€À°€À°€À°€À°€À°€À°€À(ÄàÌÜä°€ÌÅ|Õ|ÐÌ°€À°€À°€À°€À°€À°€À°€À°€À(ÄàÌàÀ°€ÌÅ|Õ|ÐÐ°€À°€À°€À°€À°€À°€À°€À°€À(ÄàÌàÄ°€ÌÅ|Õ|ÐÔ°€À°€À°€À°€À°€À°€À°€À°€À(ÄàÌàÈ°€ÌÅ|Õ|ÐØ°€À°€À°€À°€À°€À°€À°€À°€À(ÄàÌàÌ°€ÌÅ|Õ|ÐÜ°€À°€À°€À°€À°€À°€À°€À°€À(ÄàÌàÐ°€ÌÅ|Õ|Ðà°€À°€À°€À°€À°€À°€À°€À°€À(ÄàÌàÔ°€ÌÅ|Õ|Ðä°€À°€À°€À°€À°€À°€À°€À°€À(ÄàÌàØ°€ÌÅ|Õ|ÔÀ°€À°€À°€À°€À°€À°€À°€À°€À(ÄàÌàÜ°€ÌÅ|Õ|ÔÄ°€À°€À°€À°€À°€À°€À°€À°€À(ÄàÌàà°€ÌÅ|Õ|ÔÈ°€À°€À°€À°€À°€À°€À°€À°€À(ÄàÌàä°€ÌÅ|Õ|ÔÌ°€À°€À°€À°€À°€À°€À°€À°€À(ÄàÌäÀ°€ÌÅ|Õ|ÔÐ°€À°€À°€À°€À°€À°€À°€À°€À(ÄàÌäÄ°€ÌÅ|Õ|ÔÔ°€À°€À°€À°€À°€À°€À°€À°€À(ÄàÌäÈ°€ÌÅ|Õ|ÔØ°€À°€À°€À°€À°€À°€À°€À°€À(ÄàÌäÌ°€ÌÅ|Õ|ÔÜ°€À°€À°€À°€À°€À°€À°€À°€À(ÄàÌäÐ°€ÌÅ|Õ|Ôà°€À°€À°€À°€À°€À°€À°€À°€À(ÄàÌäÔ°€ÌÅ|Õ|Ôä°€À°€À°€À°€À°€À°€À°€À°€À(ÄàÌäØ°€ÌÅ|Õ|ØÀ°€À°€À°€À°€À°€À°€À°€À°€À(ÄàÌäÜ°€ÌÅ|Õ|ØÄ°€À°€À°€À°€À°€À°€À°€À°€À(ÄàÌäà°€ÌÅ|Õ|ØÈ°€À°€À°€À°€À°€À°€À°€À°€À(ÄàÌää°€ÌÅ|Õ|ØÌ°€À°€À°€À°€À°€À°€À°€À°€À(ÄàÐÀÀ°€ÌÅ|Õ|ØÐ°€À°€À°€À°€À°€À°€À°€À°€À(ÄàÐÀÄ°€ÌÅ|Õ|ØÔ°€À°€À°€À°€À°€À°€À°€À°€À(ÄàÐÀÈ°€ÌÅ|Õ|ØØ°€À°€À°€À°€À°€À°€À°€À°€À(ÄàÐÀÌ°€ÌÅ|Õ|ØÜ°€À°€À°€À°€À°€À°€À°€À°€À(ÄàÐÀÐ°€ÌÅ|Õ|Øà°€À°€À°€À°€À°€À°€À°€À°€À(ÄàÐÀÔ°€ÌÅ|Õ|Øä°€À°€À°€À°€À°€À°€À°€À°€À(ÄàÐÀØ°€ÌÅ|Õ|ÜÀ°€À°€À°€À°€À°€À°€À°€À°€À(ÄàÐÀÜ°€ÌÅ|Õ|ÜÄ°€À°€À°€À°€À°€À°€À°€À°€À(ÄàÐÀà°€ÌÅ|Õ|ÜÈ°€À°€À°€À°€À°€À°€À°€À°€À(ÄàÐÀä°€ÌÅ|Õ|ÜÌ°€À°€À°€À°€À°€À°€À°€À°€À(ÄàÐÄÀ°€ÌÅ|Õ|ÜÐ°€À°€À°€À°€À°€À°€À°€À°€À(ÄàÐÄÄ°€ÌÅ|Õ|ÜÔ°€À°€À°€À°€À°€À°€À°€À°€À(ÄàÐÄÈ°€ÌÅ|Õ|ÜØ°€À°€À°€À°€À°€À°€À°€À°€À(ÄàÐÄÌ°€ÌÅ|Õ|ÜÜ°€À°€À°€À°€À°€À°€À°€À°€À(ÄàÐÄÐ°€ÌÅ|Õ|Üà°€À°€À°€À°€À°€À°€À°€À°€À(ÄàÐÄÔ°€ÌÅ|Õ|Üä°€À°€À°€À°€À°€À°€À°€À°€À(ÄàÐÄØ°€ÌÅ|Õ|àÀ°€À°€À°€À°€À°€À°€À°€À°€À(ÄàÐÄÜ°€ÌÅ|Õ|àÄ°€À°€À°€À°€À°€À°€À°€À°€À(ÄàÐÄà°€ÌÅ|Õ|àÈ°€À°€À°€À°€À°€À°€À°€À°€À(ÄàÐÄä°€ÌÅ|Õ|àÌ°€À°€À°€À°€À°€À°€À°€À°€À(ÄàÐÈÀ°€ÌÅ|Õ|àÐ°€À°€À°€À°€À°€À°€À°€À°€À(ÄàÐÈÄ°€ÌÅ|Õ|àÔ°€À°€À°€À°€À°€À°€À°€À°€À(ÄàÐÈÈ°€ÌÅ|Õ|àØ°€À°€À°€À°€À°€À°€À°€À°€À(ÄàÐÈÌ°€ÌÅ|Õ|àÜ°€À°€À°€À°€À°€À°€À°€À°€À(ÄàÐÈÐ°€ÌÅ|Õ|àà°€À°€À°€À°€À°€À°€À°€À°€À(ÄàÐÈÔ°€ÌÅ|Õ|àä°€À°€À°€À°€À°€À°€À°€À°€À(ÄàÐÈØ°€ÌÅ|Õ|äÀ°€À°€À°€À°€À°€À°€À°€À°€À(ÄàÐÈÜ°€ÌÅ|Õ|äÄ°€À°€À°€À°€À°€À°€À°€À°€À(ÄàÐÈà°€ÌÅ|Õ|äÈ°€À°€À°€À°€À°€À°€À°€À°€À(ÄàÐÈä°€ÌÅ|Õ|äÌ°€À°€À°€À°€À°€À°€À°€À°€À(ÄàÐÌÀ°€ÌÅ|Õ|äÐ°€À°€À°€À°€À°€À°€À°€À°€À(ÄàÐÌÄ°€ÌÅ|Õ|äÔ°€À°€À°€À°€À°€À°€À°€À°€À(ÄàÐÌÈ°€ÌÉ|Á|ÀÀ°€À°€À°€À°€À°€À°€À°€À°€À(ÄàÐÌÌ°€ÌÉ|Á|ÀÄ°€À°€À°€À°€À°€À°€À°€À°€À(ÄàÐÌÐ°€ÌÉ|Á|ÀÈ°€À°€À°€À°€À°€À°€À°€À°€À(ÄàÐÌÔ°€ÌÉ|Á|ÀÌ°€À°€À°€À°€À°€À°€À°€À°€À(ÄàÐÌØ°€ÌÉ|Á|ÀÐ°€À°€À°€À°€À°€À°€À°€À°€À(ÄàÐÌÜ°€ÌÉ|Á|ÀÔ°€À°€À°€À°€À°€À°€À°€À°€À(ÄàÐÌà°€ÌÉ|Á|ÀØ°€À°€À°€À°€À°€À°€À°€À°€À(ÄàÐÌä°€ÌÉ|Á|ÀÜ°€À°€À°€À°€À°€À°€À°€À°€À(ÄàÐÐÀ°€ÌÉ|Á|Àà°€À°€À°€À°€À°€À°€À°€À°€À(ÄàÐÐÄ°€ÌÉ|Á|Àä°€À°€À°€À°€À°€À°€À°€À°€À(ÄàÐÐÈ°€ÌÉ|Á|ÄÀ°€À°€À°€À°€À°€À°€À°€À°€À(ÄàÐÐÌ°€ÌÉ|Á|ÄÄ°€À°€À°€À°€À°€À°€À°€À°€À(ÄàÐÐÐ°€ÌÉ|Á|ÄÈ°€À°€À°€À°€À°€À°€À°€À°€À(ÄàÐÐÔ°€ÌÉ|Á|ÄÌ°€À°€À°€À°€À°€À°€À°€À°€À(ÄàÐÐØ°€ÌÉ|Á|ÄÐ°€À°€À°€À°€À°€À°€À°€À°€À(ÄàÐÐÜ°€ÌÉ|Á|ÄÔ°€À°€À°€À°€À°€À°€À°€À°€À(ÄàÐÐà°€ÌÉ|Á|ÄØ°€À°€À°€À°€À°€À°€À°€À°€À(ÄàÐÐä°€ÌÉ|Á|ÄÜ°€À°€À°€À°€À°€À°€À°€À°€À(ÄàÐÔÀ°€ÌÉ|Á|Äà°€À°€À°€À°€À°€À°€À°€À°€À(ÄàÐÔÄ°€ÌÉ|Á|Ää°€À°€À°€À°€À°€À°€À°€À°€À(ÄàÐÔÈ°€ÌÉ|Á|ÈÀ°€À°€À°€À°€À°€À°€À°€À°€À(ÄàÐÔÌ°€ÌÉ|Á|ÈÄ°€À°€À°€À°€À°€À°€À°€À°€À(ÄàÐÔÐ°€ÌÉ|Á|ÈÈ°€À°€À°€À°€À°€À°€À°€À°€À(ÄàÐÔÔ°€ÌÉ|Á|ÈÌ°€À°€À°€À°€À°€À°€À°€À°€À(ÄàÐÔØ°€ÌÉ|Á|ÈÐ°€À°€À°€À°€À°€À°€À°€À°€À(ÄàÐÔÜ°€ÌÉ|Á|ÈÔ°€À°€À°€À°€À°€À°€À°€À°€À(ÄàÐÔà°€ÌÉ|Á|ÈØ°€À°€À°€À°€À°€À°€À°€À°€À(ÄàÐÔä°€ÌÉ|Á|ÈÜ°€À°€À°€À°€À°€À°€À°€À°€À(ÄàÐØÀ°€ÌÉ|Á|Èà°€À°€À°€À°€À°€À°€À°€À°€À(ÄàÐØÄ°€ÌÉ|Á|Èä°€À°€À°€À°€À°€À°€À°€À°€À(ÄàÐØÈ°€ÌÉ|Á|ÌÀ°€À°€À°€À°€À°€À°€À°€À°€À(ÄàÐØÌ°€ÌÉ|Á|ÌÄ°€À°€À°€À°€À°€À°€À°€À°€À(ÄàÐØÐ°€ÌÉ|Á|ÌÈ°€À°€À°€À°€À°€À°€À°€À°€À(ÄàÐØÔ°€ÌÉ|Á|ÌÌ°€À°€À°€À°€À°€À°€À°€À°€À(ÄàÐØØ°€ÌÉ|Á|ÌÐ°€À°€À°€À°€À°€À°€À°€À°€À(ÄàÐØÜ°€ÌÉ|Á|ÌÔ°€À°€À°€À°€À°€À°€À°€À°€À(ÄàÐØà°€ÌÉ|Á|ÌØ°€À°€À°€À°€À°€À°€À°€À°€À(ÄàÐØä°€ÌÉ|Á|ÌÜ°€À°€À°€À°€À°€À°€À°€À°€À(ÄàÐÜÀ°€ÌÉ|Á|Ìà°€À°€À°€À°€À°€À°€À°€À°€À(ÄàÐÜÄ°€ÌÉ|Á|Ìä°€À°€À°€À°€À°€À°€À°€À°€À(ÄàÐÜÈ°€ÌÉ|Á|ÐÀ°€À°€À°€À°€À°€À°€À°€À°€À(ÄàÐÜÌ°€ÌÉ|Á|ÐÄ°€À°€À°€À°€À°€À°€À°€À°€À(ÄàÐÜÐ°€ÌÉ|Á|ÐÈ°€À°€À°€À°€À°€À°€À°€À°€À(ÄàÐÜÔ°€ÌÉ|Á|ÐÌ°€À°€À°€À°€À°€À°€À°€À°€À(ÄàÐÜØ°€ÌÉ|Á|ÐÐ°€À°€À°€À°€À°€À°€À°€À°€À(ÄàÐÜÜ°€ÌÉ|Á|ÐÔ°€À°€À°€À°€À°€À°€À°€À°€À(ÄàÐÜà°€ÌÉ|Á|ÐØ°€À°€À°€À°€À°€À°€À°€À°€À(ÄàÐÜä°€ÌÉ|Á|ÐÜ°€À°€À°€À°€À°€À°€À°€À°€À(ÄàÐàÀ°€ÌÉ|Á|Ðà°€À°€À°€À°€À°€À°€À°€À°€À(ÄàÐàÄ°€ÌÉ|Á|Ðä°€À°€À°€À°€À°€À°€À°€À°€À(ÄàÐàÈ°€ÌÉ|Á|ÔÀ°€À°€À°€À°€À°€À°€À°€À°€À(ÄàÐàÌ°€ÌÉ|Á|ÔÄ°€À°€À°€À°€À°€À°€À°€À°€À(ÄàÐàÐ°€ÌÉ|Á|ÔÈ°€À°€À°€À°€À°€À°€À°€À°€À(ÄàÐàÔ°€ÌÉ|Á|ÔÌ°€À°€À°€À°€À°€À°€À°€À°€À(ÄàÐàØ°€ÌÉ|Á|ÔÐ°€À°€À°€À°€À°€À°€À°€À°€À(ÄàÐàÜ°€ÌÉ|Á|ÔÔ°€À°€À°€À°€À°€À°€À°€À°€À(ÄàÐàà°€ÌÉ|Á|ÔØ°€À°€À°€À°€À°€À°€À°€À°€À(ÄàÐàä°€ÌÉ|Á|ÔÜ°€À°€À°€À°€À°€À°€À°€À°€À(ÄàÐäÀ°€ÌÉ|Á|Ôà°€À°€À°€À°€À°€À°€À°€À°€À(ÄàÐäÄ°€ÌÉ|Á|Ôä°€À°€À°€À°€À°€À°€À°€À°€À(ÄàÐäÈ°€ÌÉ|Á|ØÀ°€À°€À°€À°€À°€À°€À°€À°€À(ÄàÐäÌ°€ÌÉ|Á|ØÄ°€À°€À°€À°€À°€À°€À°€À°€À(ÄàÐäÐ°€ÌÉ|Á|ØÈ°€À°€À°€À°€À°€À°€À°€À°€À(ÄàÐäÔ°€ÌÉ|Á|ØÌ°€À°€À°€À°€À°€À°€À°€À°€À(ÄàÐäØ°€ÌÉ|Á|ØÐ°€À°€À°€À°€À°€À°€À°€À°€À(ÄàÐäÜ°€ÌÉ|Á|ØÔ°€À°€À°€À°€À°€À°€À°€À°€À(ÄàÐäà°€ÌÉ|Á|ØØ°€À°€À°€À°€À°€À°€À°€À°€À(ÄàÐää°€ÌÉ|Á|ØÜ°€À°€À°€À°€À°€À°€À°€À°€À(ÄàÔÀÀ°€ÌÉ|Á|Øà°€À°€À°€À°€À°€À°€À°€À°€À(ÄàÔÀÄ°€ÌÉ|Á|Øä°€À°€À°€À°€À°€À°€À°€À°€À(ÄàÔÀÈ°€ÌÉ|Á|ÜÀ°€À°€À°€À°€À°€À°€À°€À°€À(ÄàÔÀÌ°€ÌÉ|Á|ÜÄ°€À°€À°€À°€À°€À°€À°€À°€À(ÄàÔÀÐ°€ÌÉ|Á|ÜÈ°€À°€À°€À°€À°€À°€À°€À°€À(ÄàÔÀÔ°€ÌÉ|Á|ÜÌ°€À°€À°€À°€À°€À°€À°€À°€À(ÄàÔÀØ°€ÌÉ|Á|ÜÐ°€À°€À°€À°€À°€À°€À°€À°€À(ÄàÔÀÜ°€ÌÉ|Á|ÜÔ°€À°€À°€À°€À°€À°€À°€À°€À(ÄàÔÀà°€ÌÉ|Á|ÜØ°€À°€À°€À°€À°€À°€À°€À°€À(ÄàÔÀä°€ÌÉ|Á|ÜÜ°€À°€À°€À°€À°€À°€À°€À°€À(ÄàÔÄÀ°€ÌÉ|Á|Üà°€À°€À°€À°€À°€À°€À°€À°€À(ÄàÔÄÄ°€ÌÉ|Á|Üä°€À°€À°€À°€À°€À°€À°€À°€À(ÄàÔÄÈ°€ÌÉ|Á|àÀ°€À°€À°€À°€À°€À°€À°€À°€À(ÄàÔÄÌ°€ÌÉ|Á|àÄ°€À°€À°€À°€À°€À°€À°€À°€À(ÄàÔÄÐ°€ÌÉ|Á|àÈ°€À°€À°€À°€À°€À°€À°€À°€À(ÄàÔÄÔ°€ÌÉ|Á|àÌ°€À°€À°€À°€À°€À°€À°€À°€À(ÄàÔÄØ°€ÌÉ|Á|àÐ°€À°€À°€À°€À°€À°€À°€À°€À(ÄàÔÄÜ°€ÌÉ|Á|àÔ°€À°€À°€À°€À°€À°€À°€À°€À(ÄàÔÄà°€ÌÉ|Á|àØ°€À°€À°€À°€À°€À°€À°€À°€À(ÄàÔÄä°€ÌÉ|Á|àÜ°€À°€À°€À°€À°€À°€À°€À°€À(ÄàÔÈÀ°€ÌÉ|Á|àà°€À°€À°€À°€À°€À°€À°€À°€À(ÄàÔÈÄ°€ÌÉ|Á|àä°€À°€À°€À°€À°€À°€À°€À°€À(ÄàÔÈÈ°€ÌÉ|Á|äÀ°€À°€À°€À°€À°€À°€À°€À°€À(ÄàÔÈÌ°€ÌÉ|Á|äÄ°€À°€À°€À°€À°€À°€À°€À°€À(ÄàÔÈÐ°€ÌÉ|Á|äÈ°€À°€À°€À°€À°€À°€À°€À°€À(ÄàÔÈÔ°€ÌÉ|Á|äÌ°€À°€À°€À°€À°€À°€À°€À°€À(ÄàÔÈØ°€ÌÉ|Á|äÐ°€À°€À°€À°€À°€À°€À°€À°€À(ÄàÔÈÜ°€ÌÉ|Á|äÔ°€À°€À°€À°€À°€À°€À°€À°€À(ÄàÔÈà°€ÌÉ|Å|ÀÀ°€À°€À°€À°€À°€À°€À°€À°€À(ÄàÔÈä°€ÌÉ|Å|ÀÄ°€À°€À°€À°€À°€À°€À°€À°€À(ÄàÔÌÀ°€ÌÉ|Å|ÀÈ°€À°€À°€À°€À°€À°€À°€À°€À(ÄàÔÌÄ°€ÌÉ|Å|ÀÌ°€À°€À°€À°€À°€À°€À°€À°€À(ÄàÔÌÈ°€ÌÉ|Å|ÀÐ°€À°€À°€À°€À°€À°€À°€À°€À(ÄàÔÌÌ°€ÌÉ|Å|ÀÔ°€À°€À°€À°€À°€À°€À°€À°€À(ÄàÔÌÐ°€ÌÉ|Å|ÀØ°€À°€À°€À°€À°€À°€À°€À°€À(ÄàÔÌÔ°€ÌÉ|Å|ÀÜ°€À°€À°€À°€À°€À°€À°€À°€À(ÄàÔÌØ°€ÌÉ|Å|Àà°€À°€À°€À°€À°€À°€À°€À°€À(ÄàÔÌÜ°€ÌÉ|Å|Àä°€À°€À°€À°€À°€À°€À°€À°€À(ÄàÔÌà°€ÌÉ|Å|ÄÀ°€À°€À°€À°€À°€À°€À°€À°€À(ÄàÔÌä°€ÌÉ|Å|ÄÄ°€À°€À°€À°€À°€À°€À°€À°€À(ÄàÔÐÀ°€ÌÉ|Å|ÄÈ°€À°€À°€À°€À°€À°€À°€À°€À(ÄàÔÐÄ°€ÌÉ|Å|ÄÌ°€À°€À°€À°€À°€À°€À°€À°€À(ÄàÔÐÈ°€ÌÉ|Å|ÄÐ°€À°€À°€À°€À°€À°€À°€À°€À(ÄàÔÐÌ°€ÌÉ|Å|ÄÔ°€À°€À°€À°€À°€À°€À°€À°€À(ÄàÔÐÐ°€ÌÉ|Å|ÄØ°€À°€À°€À°€À°€À°€À°€À°€À(ÄàÔÐÔ°€ÌÉ|Å|ÄÜ°€À°€À°€À°€À°€À°€À°€À°€À(ÄàÔÐØ°€ÌÉ|Å|Äà°€À°€À°€À°€À°€À°€À°€À°€À(ÄàÔÐÜ°€ÌÉ|Å|Ää°€À°€À°€À°€À°€À°€À°€À°€À(ÄàÔÐà°€ÌÉ|Å|ÈÀ°€À°€À°€À°€À°€À°€À°€À°€À(ÄàÔÐä°€ÌÉ|Å|ÈÄ°€À°€À°€À°€À°€À°€À°€À°€À(ÄàÔÔÀ°€ÌÉ|Å|ÈÈ°€À°€À°€À°€À°€À°€À°€À°€À(ÄàÔÔÄ°€ÌÉ|Å|ÈÌ°€À°€À°€À°€À°€À°€À°€À°€À(ÄàÔÔÈ°€ÌÉ|Å|ÈÐ°€À°€À°€À°€À°€À°€À°€À°€À(ÄàÔÔÌ°€ÌÉ|Å|ÈÔ°€À°€À°€À°€À°€À°€À°€À°€À(ÄàÔÔÐ°€ÌÉ|Å|ÈØ°€À°€À°€À°€À°€À°€À°€À°€À(ÄàÔÔÔ°€ÌÉ|Å|ÈÜ°€À°€À°€À°€À°€À°€À°€À°€À(ÄàÔÔØ°€ÌÉ|Å|Èà°€À°€À°€À°€À°€À°€À°€À°€À(ÄàÔÔÜ°€ÌÉ|Å|Èä°€À°€À°€À°€À°€À°€À°€À°€À(ÄàÔÔà°€ÌÉ|Å|ÌÀ°€À°€À°€À°€À°€À°€À°€À°€À(ÄàÔÔä°€ÌÉ|Å|ÌÄ°€À°€À°€À°€À°€À°€À°€À°€À(ÄàÔØÀ°€ÌÉ|Å|ÌÈ°€À°€À°€À°€À°€À°€À°€À°€À(ÄàÔØÄ°€ÌÉ|Å|ÌÌ°€À°€À°€À°€À°€À°€À°€À°€À(ÄàÔØÈ°€ÌÉ|Å|ÌÐ°€À°€À°€À°€À°€À°€À°€À°€À(ÄàÔØÌ°€ÌÉ|Å|ÌÔ°€À°€À°€À°€À°€À°€À°€À°€À(ÄàÔØÐ°€ÌÉ|Å|ÌØ°€À°€À°€À°€À°€À°€À°€À°€À(ÄàÔØÔ°€ÌÉ|Å|ÌÜ°€À°€À°€À°€À°€À°€À°€À°€À(ÄàÔØØ°€ÌÉ|Å|Ìà°€À°€À°€À°€À°€À°€À°€À°€À(ÄàÔØÜ°€ÌÉ|Å|Ìä°€À°€À°€À°€À°€À°€À°€À°€À(ÄàÔØà°€ÌÉ|Å|ÐÀ°€À°€À°€À°€À°€À°€À°€À°€À(ÄàÔØä°€ÌÉ|Å|ÐÄ°€À°€À°€À°€À°€À°€À°€À°€À(ÄàÔÜÀ°€ÌÉ|Å|ÐÈ°€À°€À°€À°€À°€À°€À°€À°€À(ÄàÔÜÄ°€ÌÉ|Å|ÐÌ°€À°€À°€À°€À°€À°€À°€À°€À(ÄàÔÜÈ°€ÌÉ|Å|ÐÐ°€À°€À°€À°€À°€À°€À°€À°€À(ÄàÔÜÌ°€ÌÉ|Å|ÐÔ°€À°€À°€À°€À°€À°€À°€À°€À(ÄàÔÜÐ°€ÌÉ|Å|ÐØ°€À°€À°€À°€À°€À°€À°€À°€À(ÄàÔÜÔ°€ÌÉ|Å|ÐÜ°€À°€À°€À°€À°€À°€À°€À°€À(ÄàÔÜØ°€ÌÉ|Å|Ðà°€À°€À°€À°€À°€À°€À°€À°€À(ÄàÔÜÜ°€ÌÉ|Å|Ðä°€À°€À°€À°€À°€À°€À°€À°€À(ÄàÔÜà°€ÌÉ|Å|ÔÀ°€À°€À°€À°€À°€À°€À°€À°€À(ÄàÔÜä°€ÌÉ|Å|ÔÄ°€À°€À°€À°€À°€À°€À°€À°€À(ÄàÔàÀ°€ÌÉ|Å|ÔÈ°€À°€À°€À°€À°€À°€À°€À°€À(ÄàÔàÄ°€ÌÉ|Å|ÔÌ°€À°€À°€À°€À°€À°€À°€À°€À(ÄàÔàÈ°€ÌÉ|Å|ÔÐ°€À°€À°€À°€À°€À°€À°€À°€À(ÄàÔàÌ°€ÌÉ|Å|ÔÔ°€À°€À°€À°€À°€À°€À°€À°€À(ÄàÔàÐ°€ÌÉ|Å|ÔØ°€À°€À°€À°€À°€À°€À°€À°€À(ÄàÔàÔ°€ÌÉ|Å|ÔÜ°€À°€À°€À°€À°€À°€À°€À°€À(ÄàÔàØ°€ÌÉ|Å|Ôà°€À°€À°€À°€À°€À°€À°€À°€À(ÄàÔàÜ°€ÌÉ|Å|Ôä°€À°€À°€À°€À°€À°€À°€À°€À(ÄàÔàà°€ÌÉ|Å|ØÀ°€À°€À°€À°€À°€À°€À°€À°€À(ÄàÔàä°€ÌÉ|Å|ØÄ°€À°€À°€À°€À°€À°€À°€À°€À(ÄàÔäÀ°€ÌÉ|Å|ØÈ°€À°€À°€À°€À°€À°€À°€À°€À(ÄàÔäÄ°€ÌÉ|Å|ØÌ°€À°€À°€À°€À°€À°€À°€À°€À(ÄàÔäÈ°€ÌÉ|Å|ØÐ°€À°€À°€À°€À°€À°€À°€À°€À(ÄàÔäÌ°€ÌÉ|Å|ØÔ°€À°€À°€À°€À°€À°€À°€À°€À(ÄàÔäÐ°€ÌÉ|Å|ØØ°€À°€À°€À°€À°€À°€À°€À°€À(ÄàÔäÔ°€ÌÉ|Å|ØÜ°€À°€À°€À°€À°€À°€À°€À°€À(ÄàÔäØ°€ÌÉ|Å|Øà°€À°€À°€À°€À°€À°€À°€À°€À(ÄàÔäÜ°€ÌÉ|Å|Øä°€À°€À°€À°€À°€À°€À°€À°€À(ÄàÔäà°€ÌÉ|Å|ÜÀ°€À°€À°€À°€À°€À°€À°€À°€À(ÄàÔää°€ÌÉ|Å|ÜÄ°€À°€À°€À°€À°€À°€À°€À°€À(ÄàØÀÀ°€ÌÉ|Å|ÜÈ°€À°€À°€À°€À°€À°€À°€À°€À(ÄàØÀÄ°€ÌÉ|Å|ÜÌ°€À°€À°€À°€À°€À°€À°€À°€À(ÄàØÀÈ°€ÌÉ|Å|ÜÐ°€À°€À°€À°€À°€À°€À°€À°€À(ÄàØÀÌ°€ÌÉ|Å|ÜÔ°€À°€À°€À°€À°€À°€À°€À°€À(ÄàØÀÐ°€ÌÉ|Å|ÜØ°€À°€À°€À°€À°€À°€À°€À°€À(ÄàØÀÔ°€ÌÉ|Å|ÜÜ°€À°€À°€À°€À°€À°€À°€À°€À(ÄàØÀØ°€ÌÉ|Å|Üà°€À°€À°€À°€À°€À°€À°€À°€À(ÄàØÀÜ°€ÌÉ|Å|Üä°€À°€À°€À°€À°€À°€À°€À°€À(ÄàØÀà°€ÌÉ|Å|àÀ°€À°€À°€À°€À°€À°€À°€À°€À(ÄàØÀä°€ÌÉ|Å|àÄ°€À°€À°€À°€À°€À°€À°€À°€À(ÄàØÄÀ°€ÌÉ|Å|àÈ°€À°€À°€À°€À°€À°€À°€À°€À(ÄàØÄÄ°€ÌÉ|Å|àÌ°€À°€À°€À°€À°€À°€À°€À°€À(ÄàØÄÈ°€ÌÉ|Å|àÐ°€À°€À°€À°€À°€À°€À°€À°€À(ÄàØÄÌ°€ÌÉ|Å|àÔ°€À°€À°€À°€À°€À°€À°€À°€À(ÄàØÄÐ°€ÌÉ|Å|àØ°€À°€À°€À°€À°€À°€À°€À°€À(ÄàØÄÔ°€ÌÉ|Å|àÜ°€À°€À°€À°€À°€À°€À°€À°€À(ÄàØÄØ°€ÌÉ|Å|àà°€À°€À°€À°€À°€À°€À°€À°€À(ÄàØÄÜ°€ÌÉ|Å|àä°€À°€À°€À°€À°€À°€À°€À°€À(ÄàØÄà°€ÌÉ|Å|äÀ°€À°€À°€À°€À°€À°€À°€À°€À(ÄàØÄä°€ÌÉ|Å|äÄ°€À°€À°€À°€À°€À°€À°€À°€À(ÄàØÈÀ°€ÌÉ|Å|äÈ°€À°€À°€À°€À°€À°€À°€À°€À(ÄàØÈÄ°€ÌÉ|Å|äÌ°€À°€À°€À°€À°€À°€À°€À°€À(ÄàØÈÈ°€ÌÉ|Å|äÐ°€À°€À°€À°€À°€À°€À°€À°€À(ÄàØÈÌ°€ÌÉ|Å|äÔ°€À°€À°€À°€À°€À°€À°€À°€À(ÄàØÈÐ°€ÌÉ|É|ÀÀ°€À°€À°€À°€À°€À°€À°€À°€À(ÄàØÈÔ°€ÌÉ|É|ÀÄ°€À°€À°€À°€À°€À°€À°€À°€À(ÄàØÈØ°€ÌÉ|É|ÀÈ°€À°€À°€À°€À°€À°€À°€À°€À(ÄàØÈÜ°€ÌÉ|É|ÀÌ°€À°€À°€À°€À°€À°€À°€À°€À(ÄàØÈà°€ÌÉ|É|ÀÐ°€À°€À°€À°€À°€À°€À°€À°€À(ÄàØÈä°€ÌÉ|É|ÀÔ°€À°€À°€À°€À°€À°€À°€À°€À(ÄàØÌÀ°€ÌÉ|É|ÀØ°€À°€À°€À°€À°€À°€À°€À°€À(ÄàØÌÄ°€ÌÉ|É|ÀÜ°€À°€À°€À°€À°€À°€À°€À°€À(ÄàØÌÈ°€ÌÉ|É|Àà°€À°€À°€À°€À°€À°€À°€À°€À(ÄàØÌÌ°€ÌÉ|É|Àä°€À°€À°€À°€À°€À°€À°€À°€À(ÄàØÌÐ°€ÌÉ|É|ÄÀ°€À°€À°€À°€À°€À°€À°€À°€À(ÄàØÌÔ°€ÌÉ|É|ÄÄ°€À°€À°€À°€À°€À°€À°€À°€À(ÄàØÌØ°€ÌÉ|É|ÄÈ°€À°€À°€À°€À°€À°€À°€À°€À(ÄàØÌÜ°€ÌÉ|É|ÄÌ°€À°€À°€À°€À°€À°€À°€À°€À(ÄàØÌà°€ÌÉ|É|ÄÐ°€À°€À°€À°€À°€À°€À°€À°€À(ÄàØÌä°€ÌÉ|É|ÄÔ°€À°€À°€À°€À°€À°€À°€À°€À(ÄàØÐÀ°€ÌÉ|É|ÄØ°€À°€À°€À°€À°€À°€À°€À°€À(ÄàØÐÄ°€ÌÉ|É|ÄÜ°€À°€À°€À°€À°€À°€À°€À°€À(ÄàØÐÈ°€ÌÉ|É|Äà°€À°€À°€À°€À°€À°€À°€À°€À(ÄàØÐÌ°€ÌÉ|É|Ää°€À°€À°€À°€À°€À°€À°€À°€À(ÄàØÐÐ°€ÌÉ|É|ÈÀ°€À°€À°€À°€À°€À°€À°€À°€À(ÄàØÐÔ°€ÌÉ|É|ÈÄ°€À°€À°€À°€À°€À°€À°€À°€À(ÄàØÐØ°€ÌÉ|É|ÈÈ°€À°€À°€À°€À°€À°€À°€À°€À(ÄàØÐÜ°€ÌÉ|É|ÈÌ°€À°€À°€À°€À°€À°€À°€À°€À(ÄàØÐà°€ÌÉ|É|ÈÐ°€À°€À°€À°€À°€À°€À°€À°€À(ÄàØÐä°€ÌÉ|É|ÈÔ°€À°€À°€À°€À°€À°€À°€À°€À(ÄàØÔÀ°€ÌÉ|É|ÈØ°€À°€À°€À°€À°€À°€À°€À°€À(ÄàØÔÄ°€ÌÉ|É|ÈÜ°€À°€À°€À°€À°€À°€À°€À°€À(ÄàØÔÈ°€ÌÉ|É|Èà°€À°€À°€À°€À°€À°€À°€À°€À(ÄàØÔÌ°€ÌÉ|É|Èä°€À°€À°€À°€À°€À°€À°€À°€À(ÄàØÔÐ°€ÌÉ|É|ÌÀ°€À°€À°€À°€À°€À°€À°€À°€À(ÄàØÔÔ°€ÌÉ|É|ÌÄ°€À°€À°€À°€À°€À°€À°€À°€À(ÄàØÔØ°€ÌÉ|É|ÌÈ°€À°€À°€À°€À°€À°€À°€À°€À(ÄàØÔÜ°€ÌÉ|É|ÌÌ°€À°€À°€À°€À°€À°€À°€À°€À(ÄàØÔà°€ÌÉ|É|ÌÐ°€À°€À°€À°€À°€À°€À°€À°€À(ÄàØÔä°€ÌÉ|É|ÌÔ°€À°€À°€À°€À°€À°€À°€À°€À(ÄàØØÀ°€ÌÉ|É|ÌØ°€À°€À°€À°€À°€À°€À°€À°€À(ÄàØØÄ°€ÌÉ|É|ÌÜ°€À°€À°€À°€À°€À°€À°€À°€À(ÄàØØÈ°€ÌÉ|É|Ìà°€À°€À°€À°€À°€À°€À°€À°€À(ÄàØØÌ°€ÌÉ|É|Ìä°€À°€À°€À°€À°€À°€À°€À°€À(ÄàØØÐ°€ÌÉ|É|ÐÀ°€À°€À°€À°€À°€À°€À°€À°€À(ÄàØØÔ°€ÌÉ|É|ÐÄ°€À°€À°€À°€À°€À°€À°€À°€À(ÄàØØØ°€ÌÉ|É|ÐÈ°€À°€À°€À°€À°€À°€À°€À°€À(ÄàØØÜ°€ÌÉ|É|ÐÌ°€À°€À°€À°€À°€À°€À°€À°€À(ÄàØØà°€ÌÉ|É|ÐÐ°€À°€À°€À°€À°€À°€À°€À°€À(ÄàØØä°€ÌÉ|É|ÐÔ°€À°€À°€À°€À°€À°€À°€À°€À(ÄàØÜÀ°€ÌÉ|É|ÐØ°€À°€À°€À°€À°€À°€À°€À°€À(ÄàØÜÄ°€ÌÉ|É|ÐÜ°€À°€À°€À°€À°€À°€À°€À°€À(ÄàØÜÈ°€ÌÉ|É|Ðà°€À°€À°€À°€À°€À°€À°€À°€À(ÄàØÜÌ°€ÌÉ|É|Ðä°€À°€À°€À°€À°€À°€À°€À°€À(ÄàØÜÐ°€ÌÉ|É|ÔÀ°€À°€À°€À°€À°€À°€À°€À°€À(ÄàØÜÔ°€ÌÉ|É|ÔÄ°€À°€À°€À°€À°€À°€À°€À°€À(ÄàØÜØ°€ÌÉ|É|ÔÈ°€À°€À°€À°€À°€À°€À°€À°€À(ÄàØÜÜ°€ÌÉ|É|ÔÌ°€À°€À°€À°€À°€À°€À°€À°€À(ÄàØÜà°€ÌÉ|É|ÔÐ°€À°€À°€À°€À°€À°€À°€À°€À(ÄàØÜä°€ÌÉ|É|ÔÔ°€À°€À°€À°€À°€À°€À°€À°€À(ÄàØàÀ°€ÌÉ|É|ÔØ°€À°€À°€À°€À°€À°€À°€À°€À(ÄàØàÄ°€ÌÉ|É|ÔÜ°€À°€À°€À°€À°€À°€À°€À°€À(ÄàØàÈ°€ÌÉ|É|Ôà°€À°€À°€À°€À°€À°€À°€À°€À(ÄàØàÌ°€ÌÉ|É|Ôä°€À°€À°€À°€À°€À°€À°€À°€À(ÄàØàÐ°€ÌÉ|É|ØÀ°€À°€À°€À°€À°€À°€À°€À°€À(ÄàØàÔ°€ÌÉ|É|ØÄ°€À°€À°€À°€À°€À°€À°€À°€À(ÄàØàØ°€ÌÉ|É|ØÈ°€À°€À°€À°€À°€À°€À°€À°€À(ÄàØàÜ°€ÌÉ|É|ØÌ°€À°€À°€À°€À°€À°€À°€À°€À(ÄàØàà°€ÌÉ|É|ØÐ°€À°€À°€À°€À°€À°€À°€À°€À(ÄàØàä°€ÌÉ|É|ØÔ°€À°€À°€À°€À°€À°€À°€À°€À(ÄàØäÀ°€ÌÉ|É|ØØ°€À°€À°€À°€À°€À°€À°€À°€À(ÄàØäÄ°€ÌÉ|É|ØÜ°€À°€À°€À°€À°€À°€À°€À°€À(ÄàØäÈ°€ÌÉ|É|Øà°€À°€À°€À°€À°€À°€À°€À°€À(ÄàØäÌ°€ÌÉ|É|Øä°€À°€À°€À°€À°€À°€À°€À°€À(ÄàØäÐ°€ÌÉ|É|ÜÀ°€À°€À°€À°€À°€À°€À°€À°€À(ÄàØäÔ°€ÌÉ|É|ÜÄ°€À°€À°€À°€À°€À°€À°€À°€À(ÄàØäØ°€ÌÉ|É|ÜÈ°€À°€À°€À°€À°€À°€À°€À°€À(ÄàØäÜ°€ÌÉ|É|ÜÌ°€À°€À°€À°€À°€À°€À°€À°€À(ÄàØäà°€ÌÉ|É|ÜÐ°€À°€À°€À°€À°€À°€À°€À°€À(ÄàØää°€ÌÉ|É|ÜÔ°€À°€À°€À°€À°€À°€À°€À°€À(ÄàÜÀÀ°€ÌÉ|É|ÜØ°€À°€À°€À°€À°€À°€À°€À°€À(ÄàÜÀÄ°€ÌÉ|É|ÜÜ°€À°€À°€À°€À°€À°€À°€À°€À(ÄàÜÀÈ°€ÌÉ|É|Üà°€À°€À°€À°€À°€À°€À°€À°€À(ÄàÜÀÌ°€ÌÉ|É|Üä°€À°€À°€À°€À°€À°€À°€À°€À(ÄàÜÀÐ°€ÌÉ|É|àÀ°€À°€À°€À°€À°€À°€À°€À°€À(ÄàÜÀÔ°€ÌÉ|É|àÄ°€À°€À°€À°€À°€À°€À°€À°€À(ÄàÜÀØ°€ÌÉ|É|àÈ°€À°€À°€À°€À°€À°€À°€À°€À(ÄàÜÀÜ°€ÌÉ|É|àÌ°€À°€À°€À°€À°€À°€À°€À°€À(ÄàÜÀà°€ÌÉ|É|àÐ°€À°€À°€À°€À°€À°€À°€À°€À(ÄàÜÀä°€ÌÉ|É|àÔ°€À°€À°€À°€À°€À°€À°€À°€À(ÄàÜÄÀ°€ÌÉ|É|àØ°€À°€À°€À°€À°€À°€À°€À°€À(ÄàÜÄÄ°€ÌÉ|É|àÜ°€À°€À°€À°€À°€À°€À°€À°€À(ÄàÜÄÈ°€ÌÉ|É|àà°€À°€À°€À°€À°€À°€À°€À°€À(ÄàÜÄÌ°€ÌÉ|É|àä°€À°€À°€À°€À°€À°€À°€À°€À(ÄàÜÄÐ°€ÌÉ|É|äÀ°€À°€À°€À°€À°€À°€À°€À°€À(ÄàÜÄÔ°€ÌÉ|É|äÄ°€À°€À°€À°€À°€À°€À°€À°€À(ÄàÜÄØ°€ÌÉ|É|äÈ°€À°€À°€À°€À°€À°€À°€À°€À(ÄàÜÄÜ°€ÌÉ|É|äÌ°€À°€À°€À°€À°€À°€À°€À°€À(ÄàÜÄà°€ÌÉ|É|äÐ°€À°€À°€À°€À°€À°€À°€À°€À(ÄàÜÄä°€ÌÉ|É|äÔ°€À°€À°€À°€À°€À°€À°€À°€À(ÄàÜÈÀ°€ÌÉ|Í|ÀÀ°€À°€À°€À°€À°€À°€À°€À°€À(ÄàÜÈÄ°€ÌÉ|Í|ÀÄ°€À°€À°€À°€À°€À°€À°€À°€À(ÄàÜÈÈ°€ÌÉ|Í|ÀÈ°€À°€À°€À°€À°€À°€À°€À°€À(ÄàÜÈÌ°€ÌÉ|Í|ÀÌ°€À°€À°€À°€À°€À°€À°€À°€À(ÄàÜÈÐ°€ÌÉ|Í|ÀÐ°€À°€À°€À°€À°€À°€À°€À°€À(ÄàÜÈÔ°€ÌÉ|Í|ÀÔ°€À°€À°€À°€À°€À°€À°€À°€À(ÄàÜÈØ°€ÌÉ|Í|ÀØ°€À°€À°€À°€À°€À°€À°€À°€À(ÄàÜÈÜ°€ÌÉ|Í|ÀÜ°€À°€À°€À°€À°€À°€À°€À°€À(ÄàÜÈà°€ÌÉ|Í|Àà°€À°€À°€À°€À°€À°€À°€À°€À(ÄàÜÈä°€ÌÉ|Í|Àä°€À°€À°€À°€À°€À°€À°€À°€À(ÄàÜÌÀ°€ÌÉ|Í|ÄÀ°€À°€À°€À°€À°€À°€À°€À°€À(ÄàÜÌÄ°€ÌÉ|Í|ÄÄ°€À°€À°€À°€À°€À°€À°€À°€À(ÄàÜÌÈ°€ÌÉ|Í|ÄÈ°€À°€À°€À°€À°€À°€À°€À°€À(ÄàÜÌÌ°€ÌÉ|Í|ÄÌ°€À°€À°€À°€À°€À°€À°€À°€À(ÄàÜÌÐ°€ÌÉ|Í|ÄÐ°€À°€À°€À°€À°€À°€À°€À°€À(ÄàÜÌÔ°€ÌÉ|Í|ÄÔ°€À°€À°€À°€À°€À°€À°€À°€À(ÄàÜÌØ°€ÌÉ|Í|ÄØ°€À°€À°€À°€À°€À°€À°€À°€À(ÄàÜÌÜ°€ÌÉ|Í|ÄÜ°€À°€À°€À°€À°€À°€À°€À°€À(ÄàÜÌà°€ÌÉ|Í|Äà°€À°€À°€À°€À°€À°€À°€À°€À(ÄàÜÌä°€ÌÉ|Í|Ää°€À°€À°€À°€À°€À°€À°€À°€À(ÄàÜÐÀ°€ÌÉ|Í|ÈÀ°€À°€À°€À°€À°€À°€À°€À°€À(ÄàÜÐÄ°€ÌÉ|Í|ÈÄ°€À°€À°€À°€À°€À°€À°€À°€À(ÄàÜÐÈ°€ÌÉ|Í|ÈÈ°€À°€À°€À°€À°€À°€À°€À°€À(ÄàÜÐÌ°€ÌÉ|Í|ÈÌ°€À°€À°€À°€À°€À°€À°€À°€À(ÄàÜÐÐ°€ÌÉ|Í|ÈÐ°€À°€À°€À°€À°€À°€À°€À°€À(ÄàÜÐÔ°€ÌÉ|Í|ÈÔ°€À°€À°€À°€À°€À°€À°€À°€À(ÄàÜÐØ°€ÌÉ|Í|ÈØ°€À°€À°€À°€À°€À°€À°€À°€À(ÄàÜÐÜ°€ÌÉ|Í|ÈÜ°€À°€À°€À°€À°€À°€À°€À°€À(ÄàÜÐà°€ÌÉ|Í|Èà°€À°€À°€À°€À°€À°€À°€À°€À(ÄàÜÐä°€ÌÉ|Í|Èä°€À°€À°€À°€À°€À°€À°€À°€À(ÄàÜÔÀ°€ÌÉ|Í|ÌÀ°€À°€À°€À°€À°€À°€À°€À°€À(ÄàÜÔÄ°€ÌÉ|Í|ÌÄ°€À°€À°€À°€À°€À°€À°€À°€À(ÄàÜÔÈ°€ÌÉ|Í|ÌÈ°€À°€À°€À°€À°€À°€À°€À°€À(ÄàÜÔÌ°€ÌÉ|Í|ÌÌ°€À°€À°€À°€À°€À°€À°€À°€À(ÄàÜÔÐ°€ÌÉ|Í|ÌÐ°€À°€À°€À°€À°€À°€À°€À°€À(ÄàÜÔÔ°€ÌÉ|Í|ÌÔ°€À°€À°€À°€À°€À°€À°€À°€À(ÄàÜÔØ°€ÌÉ|Í|ÌØ°€À°€À°€À°€À°€À°€À°€À°€À(ÄàÜÔÜ°€ÌÉ|Í|ÌÜ°€À°€À°€À°€À°€À°€À°€À°€À(ÄàÜÔà°€ÌÉ|Í|Ìà°€À°€À°€À°€À°€À°€À°€À°€À(ÄàÜÔä°€ÌÉ|Í|Ìä°€À°€À°€À°€À°€À°€À°€À°€À(ÄàÜØÀ°€ÌÉ|Í|ÐÀ°€À°€À°€À°€À°€À°€À°€À°€À(ÄàÜØÄ°€ÌÉ|Í|ÐÄ°€À°€À°€À°€À°€À°€À°€À°€À(ÄàÜØÈ°€ÌÉ|Í|ÐÈ°€À°€À°€À°€À°€À°€À°€À°€À(ÄàÜØÌ°€ÌÉ|Í|ÐÌ°€À°€À°€À°€À°€À°€À°€À°€À(ÄàÜØÐ°€ÌÉ|Í|ÐÐ°€À°€À°€À°€À°€À°€À°€À°€À(ÄàÜØÔ°€ÌÉ|Í|ÐÔ°€À°€À°€À°€À°€À°€À°€À°€À(ÄàÜØØ°€ÌÉ|Í|ÐØ°€À°€À°€À°€À°€À°€À°€À°€À(ÄàÜØÜ°€ÌÉ|Í|ÐÜ°€À°€À°€À°€À°€À°€À°€À°€À(ÄàÜØà°€ÌÉ|Í|Ðà°€À°€À°€À°€À°€À°€À°€À°€À(ÄàÜØä°€ÌÉ|Í|Ðä°€À°€À°€À°€À°€À°€À°€À°€À(ÄàÜÜÀ°€ÌÉ|Í|ÔÀ°€À°€À°€À°€À°€À°€À°€À°€À(ÄàÜÜÄ°€ÌÉ|Í|ÔÄ°€À°€À°€À°€À°€À°€À°€À°€À(ÄàÜÜÈ°€ÌÉ|Í|ÔÈ°€À°€À°€À°€À°€À°€À°€À°€À(ÄàÜÜÌ°€ÌÉ|Í|ÔÌ°€À°€À°€À°€À°€À°€À°€À°€À(ÄàÜÜÐ°€ÌÉ|Í|ÔÐ°€À°€À°€À°€À°€À°€À°€À°€À(ÄàÜÜÔ°€ÌÉ|Í|ÔÔ°€À°€À°€À°€À°€À°€À°€À°€À(ÄàÜÜØ°€ÌÉ|Í|ÔØ°€À°€À°€À°€À°€À°€À°€À°€À(ÄàÜÜÜ°€ÌÉ|Í|ÔÜ°€À°€À°€À°€À°€À°€À°€À°€À(ÄàÜÜà°€ÌÉ|Í|Ôà°€À°€À°€À°€À°€À°€À°€À°€À(ÄàÜÜä°€ÌÉ|Í|Ôä°€À°€À°€À°€À°€À°€À°€À°€À(ÄàÜàÀ°€ÌÉ|Í|ØÀ°€À°€À°€À°€À°€À°€À°€À°€À(ÄàÜàÄ°€ÌÉ|Í|ØÄ°€À°€À°€À°€À°€À°€À°€À°€À(ÄàÜàÈ°€ÌÉ|Í|ØÈ°€À°€À°€À°€À°€À°€À°€À°€À(ÄàÜàÌ°€ÌÉ|Í|ØÌ°€À°€À°€À°€À°€À°€À°€À°€À(ÄàÜàÐ°€ÌÉ|Í|ØÐ°€À°€À°€À°€À°€À°€À°€À°€À(ÄàÜàÔ°€ÌÉ|Í|ØÔ°€À°€À°€À°€À°€À°€À°€À°€À(ÄàÜàØ°€ÌÉ|Í|ØØ°€À°€À°€À°€À°€À°€À°€À°€À(ÄàÜàÜ°€ÌÉ|Í|ØÜ°€À°€À°€À°€À°€À°€À°€À°€À(ÄàÜàà°€ÌÉ|Í|Øà°€À°€À°€À°€À°€À°€À°€À°€À(ÄàÜàä°€ÌÉ|Í|Øä°€À°€À°€À°€À°€À°€À°€À°€À(ÄàÜäÀ°€ÌÉ|Í|ÜÀ°€À°€À°€À°€À°€À°€À°€À°€À(ÄàÜäÄ°€ÌÉ|Í|ÜÄ°€À°€À°€À°€À°€À°€À°€À°€À(ÄàÜäÈ°€ÌÉ|Í|ÜÈ°€À°€À°€À°€À°€À°€À°€À°€À(ÄàÜäÌ°€ÌÉ|Í|ÜÌ°€À°€À°€À°€À°€À°€À°€À°€À(ÄàÜäÐ°€ÌÉ|Í|ÜÐ°€À°€À°€À°€À°€À°€À°€À°€À(ÄàÜäÔ°€ÌÉ|Í|ÜÔ°€À°€À°€À°€À°€À°€À°€À°€À(ÄàÜäØ°€ÌÉ|Í|ÜØ°€À°€À°€À°€À°€À°€À°€À°€À(ÄàÜäÜ°€ÌÉ|Í|ÜÜ°€À°€À°€À°€À°€À°€À°€À°€À(ÄàÜäà°€ÌÉ|Í|Üà°€À°€À°€À°€À°€À°€À°€À°€À(ÄàÜää°€ÌÉ|Í|Üä°€À°€À°€À°€À°€À°€À°€À°€À(ÄààÀÀ°€ÌÉ|Í|àÀ°€À°€À°€À°€À°€À°€À°€À°€À(ÄààÀÄ°€ÌÉ|Í|àÄ°€À°€À°€À°€À°€À°€À°€À°€À(ÄààÀÈ°€ÌÉ|Í|àÈ°€À°€À°€À°€À°€À°€À°€À°€À(ÄààÀÌ°€ÌÉ|Í|àÌ°€À°€À°€À°€À°€À°€À°€À°€À(ÄààÀÐ°€ÌÉ|Í|àÐ°€À°€À°€À°€À°€À°€À°€À°€À(ÄààÀÔ°€ÌÉ|Í|àÔ°€À°€À°€À°€À°€À°€À°€À°€À(ÄààÀØ°€ÌÉ|Í|àØ°€À°€À°€À°€À°€À°€À°€À°€À(ÄààÀÜ°€ÌÉ|Í|àÜ°€À°€À°€À°€À°€À°€À°€À°€À(ÄààÀà°€ÌÉ|Í|àà°€À°€À°€À°€À°€À°€À°€À°€À(ÄààÀä°€ÌÉ|Í|àä°€À°€À°€À°€À°€À°€À°€À°€À(ÄààÄÀ°€ÌÉ|Í|äÀ°€À°€À°€À°€À°€À°€À°€À°€À(ÄààÄÄ°€ÌÉ|Í|äÄ°€À°€À°€À°€À°€À°€À°€À°€À(ÄààÄÈ°€ÌÉ|Í|äÈ°€À°€À°€À°€À°€À°€À°€À°€À(ÄààÄÌ°€ÌÉ|Í|äÌ°€À°€À°€À°€À°€À°€À°€À°€À(ÄààÄÐ°€ÌÉ|Í|äÐ°€À°€À°€À°€À°€À°€À°€À°€À(ÄààÄÔ°€ÌÉ|Í|äÔ°€À°€À°€À°€À°€À°€À°€À°€À(ÄààÄØ°€ÌÉ|Ñ|ÀÀ°€À°€À°€À°€À°€À°€À°€À°€À(ÄààÄÜ°€ÌÉ|Ñ|ÀÄ°€À°€À°€À°€À°€À°€À°€À°€À(ÄààÄà°€ÌÉ|Ñ|ÀÈ°€À°€À°€À°€À°€À°€À°€À°€À(ÄààÄä°€ÌÉ|Ñ|ÀÌ°€À°€À°€À°€À°€À°€À°€À°€À(ÄààÈÀ°€ÌÉ|Ñ|ÀÐ°€À°€À°€À°€À°€À°€À°€À°€À(ÄààÈÄ°€ÌÉ|Ñ|ÀÔ°€À°€À°€À°€À°€À°€À°€À°€À(ÄààÈÈ°€ÌÉ|Ñ|ÀØ°€À°€À°€À°€À°€À°€À°€À°€À(ÄààÈÌ°€ÌÉ|Ñ|ÀÜ°€À°€À°€À°€À°€À°€À°€À°€À(ÄààÈÐ°€ÌÉ|Ñ|Àà°€À°€À°€À°€À°€À°€À°€À°€À(ÄààÈÔ°€ÌÉ|Ñ|Àä°€À°€À°€À°€À°€À°€À°€À°€À(ÄààÈØ°€ÌÉ|Ñ|ÄÀ°€À°€À°€À°€À°€À°€À°€À°€À(ÄààÈÜ°€ÌÉ|Ñ|ÄÄ°€À°€À°€À°€À°€À°€À°€À°€À(ÄààÈà°€ÌÉ|Ñ|ÄÈ°€À°€À°€À°€À°€À°€À°€À°€À(ÄààÈä°€ÌÉ|Ñ|ÄÌ°€À°€À°€À°€À°€À°€À°€À°€À(ÄààÌÀ°€ÌÉ|Ñ|ÄÐ°€À°€À°€À°€À°€À°€À°€À°€À(ÄààÌÄ°€ÌÉ|Ñ|ÄÔ°€À°€À°€À°€À°€À°€À°€À°€À(ÄààÌÈ°€ÌÉ|Ñ|ÄØ°€À°€À°€À°€À°€À°€À°€À°€À(ÄààÌÌ°€ÌÉ|Ñ|ÄÜ°€À°€À°€À°€À°€À°€À°€À°€À(ÄààÌÐ°€ÌÉ|Ñ|Äà°€À°€À°€À°€À°€À°€À°€À°€À(ÄààÌÔ°€ÌÉ|Ñ|Ää°€À°€À°€À°€À°€À°€À°€À°€À(ÄààÌØ°€ÌÉ|Ñ|ÈÀ°€À°€À°€À°€À°€À°€À°€À°€À(ÄààÌÜ°€ÌÉ|Ñ|ÈÄ°€À°€À°€À°€À°€À°€À°€À°€À(ÄààÌà°€ÌÉ|Ñ|ÈÈ°€À°€À°€À°€À°€À°€À°€À°€À(ÄààÌä°€ÌÉ|Ñ|ÈÌ°€À°€À°€À°€À°€À°€À°€À°€À(ÄààÐÀ°€ÌÉ|Ñ|ÈÐ°€À°€À°€À°€À°€À°€À°€À°€À(ÄààÐÄ°€ÌÉ|Ñ|ÈÔ°€À°€À°€À°€À°€À°€À°€À°€À(ÄààÐÈ°€ÌÉ|Ñ|ÈØ°€À°€À°€À°€À°€À°€À°€À°€À(ÄààÐÌ°€ÌÉ|Ñ|ÈÜ°€À°€À°€À°€À°€À°€À°€À°€À(ÄààÐÐ°€ÌÉ|Ñ|Èà°€À°€À°€À°€À°€À°€À°€À°€À(ÄààÐÔ°€ÌÉ|Ñ|Èä°€À°€À°€À°€À°€À°€À°€À°€À(ÄààÐØ°€ÌÉ|Ñ|ÌÀ°€À°€À°€À°€À°€À°€À°€À°€À(ÄààÐÜ°€ÌÉ|Ñ|ÌÄ°€À°€À°€À°€À°€À°€À°€À°€À(ÄààÐà°€ÌÉ|Ñ|ÌÈ°€À°€À°€À°€À°€À°€À°€À°€À(ÄààÐä°€ÌÉ|Ñ|ÌÌ°€À°€À°€À°€À°€À°€À°€À°€À(ÄààÔÀ°€ÌÉ|Ñ|ÌÐ°€À°€À°€À°€À°€À°€À°€À°€À(ÄààÔÄ°€ÌÉ|Ñ|ÌÔ°€À°€À°€À°€À°€À°€À°€À°€À(ÄààÔÈ°€ÌÉ|Ñ|ÌØ°€À°€À°€À°€À°€À°€À°€À°€À(ÄààÔÌ°€ÌÉ|Ñ|ÌÜ°€À°€À°€À°€À°€À°€À°€À°€À(ÄààÔÐ°€ÌÉ|Ñ|Ìà°€À°€À°€À°€À°€À°€À°€À°€À(ÄààÔÔ°€ÌÉ|Ñ|Ìä°€À°€À°€À°€À°€À°€À°€À°€À(ÄààÔØ°€ÌÉ|Ñ|ÐÀ°€À°€À°€À°€À°€À°€À°€À°€À(ÄààÔÜ°€ÌÉ|Ñ|ÐÄ°€À°€À°€À°€À°€À°€À°€À°€À(ÄààÔà°€ÌÉ|Ñ|ÐÈ°€À°€À°€À°€À°€À°€À°€À°€À(ÄààÔä°€ÌÉ|Ñ|ÐÌ°€À°€À°€À°€À°€À°€À°€À°€À(ÄààØÀ°€ÌÉ|Ñ|ÐÐ°€À°€À°€À°€À°€À°€À°€À°€À(ÄààØÄ°€ÌÉ|Ñ|ÐÔ°€À°€À°€À°€À°€À°€À°€À°€À(ÄààØÈ°€ÌÉ|Ñ|ÐØ°€À°€À°€À°€À°€À°€À°€À°€À(ÄààØÌ°€ÌÉ|Ñ|ÐÜ°€À°€À°€À°€À°€À°€À°€À°€À(ÄààØÐ°€ÌÉ|Ñ|Ðà°€À°€À°€À°€À°€À°€À°€À°€À(ÄààØÔ°€ÌÉ|Ñ|Ðä°€À°€À°€À°€À°€À°€À°€À°€À(ÄààØØ°€ÌÉ|Ñ|ÔÀ°€À°€À°€À°€À°€À°€À°€À°€À(ÄààØÜ°€ÌÉ|Ñ|ÔÄ°€À°€À°€À°€À°€À°€À°€À°€À(ÄààØà°€ÌÉ|Ñ|ÔÈ°€À°€À°€À°€À°€À°€À°€À°€À(ÄààØä°€ÌÉ|Ñ|ÔÌ°€À°€À°€À°€À°€À°€À°€À°€À(ÄààÜÀ°€ÌÉ|Ñ|ÔÐ°€À°€À°€À°€À°€À°€À°€À°€À(ÄààÜÄ°€ÌÉ|Ñ|ÔÔ°€À°€À°€À°€À°€À°€À°€À°€À(ÄààÜÈ°€ÌÉ|Ñ|ÔØ°€À°€À°€À°€À°€À°€À°€À°€À(ÄààÜÌ°€ÌÉ|Ñ|ÔÜ°€À°€À°€À°€À°€À°€À°€À°€À(ÄààÜÐ°€ÌÉ|Ñ|Ôà°€À°€À°€À°€À°€À°€À°€À°€À(ÄààÜÔ°€ÌÉ|Ñ|Ôä°€À°€À°€À°€À°€À°€À°€À°€À(ÄààÜØ°€ÌÉ|Ñ|ØÀ°€À°€À°€À°€À°€À°€À°€À°€À(ÄààÜÜ°€ÌÉ|Ñ|ØÄ°€À°€À°€À°€À°€À°€À°€À°€À(ÄààÜà°€ÌÉ|Ñ|ØÈ°€À°€À°€À°€À°€À°€À°€À°€À(ÄààÜä°€ÌÉ|Ñ|ØÌ°€À°€À°€À°€À°€À°€À°€À°€À(ÄàààÀ°€ÌÉ|Ñ|ØÐ°€À°€À°€À°€À°€À°€À°€À°€À(ÄàààÄ°€ÌÉ|Ñ|ØÔ°€À°€À°€À°€À°€À°€À°€À°€À(ÄàààÈ°€ÌÉ|Ñ|ØØ°€À°€À°€À°€À°€À°€À°€À°€À(ÄàààÌ°€ÌÉ|Ñ|ØÜ°€À°€À°€À°€À°€À°€À°€À°€À(ÄàààÐ°€ÌÉ|Ñ|Øà°€À°€À°€À°€À°€À°€À°€À°€À(ÄàààÔ°€ÌÉ|Ñ|Øä°€À°€À°€À°€À°€À°€À°€À°€À(ÄàààØ°€ÌÉ|Ñ|ÜÀ°€À°€À°€À°€À°€À°€À°€À°€À(ÄàààÜ°€ÌÉ|Ñ|ÜÄ°€À°€À°€À°€À°€À°€À°€À°€À(Äàààà°€ÌÉ|Ñ|ÜÈ°€À°€À°€À°€À°€À°€À°€À°€À(Äàààä°€ÌÉ|Ñ|ÜÌ°€À°€À°€À°€À°€À°€À°€À°€À(ÄààäÀ°€ÌÉ|Ñ|ÜÐ°€À°€À°€À°€À°€À°€À°€À°€À(ÄààäÄ°€ÌÉ|Ñ|ÜÔ°€À°€À°€À°€À°€À°€À°€À°€À(ÄààäÈ°€ÌÉ|Ñ|ÜØ°€À°€À°€À°€À°€À°€À°€À°€À(ÄààäÌ°€ÌÉ|Ñ|ÜÜ°€À°€À°€À°€À°€À°€À°€À°€À(ÄààäÐ°€ÌÉ|Ñ|Üà°€À°€À°€À°€À°€À°€À°€À°€À(ÄààäÔ°€ÌÉ|Ñ|Üä°€À°€À°€À°€À°€À°€À°€À°€À(ÄààäØ°€ÌÉ|Ñ|àÀ°€À°€À°€À°€À°€À°€À°€À°€À(ÄààäÜ°€ÌÉ|Ñ|àÄ°€À°€À°€À°€À°€À°€À°€À°€À(Äààäà°€ÌÉ|Ñ|àÈ°€À°€À°€À°€À°€À°€À°€À°€À(Äààää°€ÌÉ|Ñ|àÌ°€À°€À°€À°€À°€À°€À°€À°€À(ÄàäÀÀ°€ÌÉ|Ñ|àÐ°€À°€À°€À°€À°€À°€À°€À°€À(ÄàäÀÄ°€ÌÉ|Ñ|àÔ°€À°€À°€À°€À°€À°€À°€À°€À(ÄàäÀÈ°€ÌÉ|Ñ|àØ°€À°€À°€À°€À°€À°€À°€À°€À(ÄàäÀÌ°€ÌÉ|Ñ|àÜ°€À°€À°€À°€À°€À°€À°€À°€À(ÄàäÀÐ°€ÌÉ|Ñ|àà°€À°€À°€À°€À°€À°€À°€À°€À(ÄàäÀÔ°€ÌÉ|Ñ|àä°€À°€À°€À°€À°€À°€À°€À°€À(ÄàäÀØ°€ÌÉ|Ñ|äÀ°€À°€À°€À°€À°€À°€À°€À°€À(ÄàäÀÜ°€ÌÉ|Ñ|äÄ°€À°€À°€À°€À°€À°€À°€À°€À(ÄàäÀà°€ÌÉ|Ñ|äÈ°€À°€À°€À°€À°€À°€À°€À°€À(ÄàäÀä°€ÌÉ|Ñ|äÌ°€À°€À°€À°€À°€À°€À°€À°€À(ÄàäÄÀ°€ÌÉ|Ñ|äÐ°€À°€À°€À°€À°€À°€À°€À°€À(ÄàäÄÄ°€ÌÉ|Ñ|äÔ°€À°€À°€À°€À°€À°€À°€À°€À(ÄàäÄÈ°€ÌÉ|Õ|ÀÀ°€À°€À°€À°€À°€À°€À°€À°€À(ÄàäÄÌ°€ÌÉ|Õ|ÀÄ°€À°€À°€À°€À°€À°€À°€À°€À(ÄàäÄÐ°€ÌÉ|Õ|ÀÈ°€À°€À°€À°€À°€À°€À°€À°€À(ÄàäÄÔ°€ÌÉ|Õ|ÀÌ°€À°€À°€À°€À°€À°€À°€À°€À(ÄàäÄØ°€ÌÉ|Õ|ÀÐ°€À°€À°€À°€À°€À°€À°€À°€À(ÄàäÄÜ°€ÌÉ|Õ|ÀÔ°€À°€À°€À°€À°€À°€À°€À°€À(ÄàäÄà°€ÌÉ|Õ|ÀØ°€À°€À°€À°€À°€À°€À°€À°€À(ÄàäÄä°€ÌÉ|Õ|ÀÜ°€À°€À°€À°€À°€À°€À°€À°€À(ÄàäÈÀ°€ÌÉ|Õ|Àà°€À°€À°€À°€À°€À°€À°€À°€À(ÄàäÈÄ°€ÌÉ|Õ|Àä°€À°€À°€À°€À°€À°€À°€À°€À(ÄàäÈÈ°€ÌÉ|Õ|ÄÀ°€À°€À°€À°€À°€À°€À°€À°€À(ÄàäÈÌ°€ÌÉ|Õ|ÄÄ°€À°€À°€À°€À°€À°€À°€À°€À(ÄàäÈÐ°€ÌÉ|Õ|ÄÈ°€À°€À°€À°€À°€À°€À°€À°€À(ÄàäÈÔ°€ÌÉ|Õ|ÄÌ°€À°€À°€À°€À°€À°€À°€À°€À(ÄàäÈØ°€ÌÉ|Õ|ÄÐ°€À°€À°€À°€À°€À°€À°€À°€À(ÄàäÈÜ°€ÌÉ|Õ|ÄÔ°€À°€À°€À°€À°€À°€À°€À°€À(ÄàäÈà°€ÌÉ|Õ|ÄØ°€À°€À°€À°€À°€À°€À°€À°€À(ÄàäÈä°€ÌÉ|Õ|ÄÜ°€À°€À°€À°€À°€À°€À°€À°€À(ÄàäÌÀ°€ÌÉ|Õ|Äà°€À°€À°€À°€À°€À°€À°€À°€À(ÄàäÌÄ°€ÌÉ|Õ|Ää°€À°€À°€À°€À°€À°€À°€À°€À(ÄàäÌÈ°€ÌÉ|Õ|ÈÀ°€À°€À°€À°€À°€À°€À°€À°€À(ÄàäÌÌ°€ÌÉ|Õ|ÈÄ°€À°€À°€À°€À°€À°€À°€À°€À(ÄàäÌÐ°€ÌÉ|Õ|ÈÈ°€À°€À°€À°€À°€À°€À°€À°€À(ÄàäÌÔ°€ÌÉ|Õ|ÈÌ°€À°€À°€À°€À°€À°€À°€À°€À(ÄàäÌØ°€ÌÉ|Õ|ÈÐ°€À°€À°€À°€À°€À°€À°€À°€À(ÄàäÌÜ°€ÌÉ|Õ|ÈÔ°€À°€À°€À°€À°€À°€À°€À°€À(ÄàäÌà°€ÌÉ|Õ|ÈØ°€À°€À°€À°€À°€À°€À°€À°€À(ÄàäÌä°€ÌÉ|Õ|ÈÜ°€À°€À°€À°€À°€À°€À°€À°€À(ÄàäÐÀ°€ÌÉ|Õ|Èà°€À°€À°€À°€À°€À°€À°€À°€À(ÄàäÐÄ°€ÌÉ|Õ|Èä°€À°€À°€À°€À°€À°€À°€À°€À(ÄàäÐÈ°€ÌÉ|Õ|ÌÀ°€À°€À°€À°€À°€À°€À°€À°€À(ÄàäÐÌ°€ÌÉ|Õ|ÌÄ°€À°€À°€À°€À°€À°€À°€À°€À(ÄàäÐÐ°€ÌÉ|Õ|ÌÈ°€À°€À°€À°€À°€À°€À°€À°€À(ÄàäÐÔ°€ÌÉ|Õ|ÌÌ°€À°€À°€À°€À°€À°€À°€À°€À(ÄàäÐØ°€ÌÉ|Õ|ÌÐ°€À°€À°€À°€À°€À°€À°€À°€À(ÄàäÐÜ°€ÌÉ|Õ|ÌÔ°€À°€À°€À°€À°€À°€À°€À°€À(ÄàäÐà°€ÌÉ|Õ|ÌØ°€À°€À°€À°€À°€À°€À°€À°€À(ÄàäÐä°€ÌÉ|Õ|ÌÜ°€À°€À°€À°€À°€À°€À°€À°€À(ÄàäÔÀ°€ÌÉ|Õ|Ìà°€À°€À°€À°€À°€À°€À°€À°€À(ÄàäÔÄ°€ÌÉ|Õ|Ìä°€À°€À°€À°€À°€À°€À°€À°€À(ÄàäÔÈ°€ÌÉ|Õ|ÐÀ°€À°€À°€À°€À°€À°€À°€À°€À(ÄàäÔÌ°€ÌÉ|Õ|ÐÄ°€À°€À°€À°€À°€À°€À°€À°€À(ÄàäÔÐ°€ÌÉ|Õ|ÐÈ°€À°€À°€À°€À°€À°€À°€À°€À(ÄàäÔÔ°€ÌÉ|Õ|ÐÌ°€À°€À°€À°€À°€À°€À°€À°€À(ÄàäÔØ°€ÌÉ|Õ|ÐÐ°€À°€À°€À°€À°€À°€À°€À°€À(ÄàäÔÜ°€ÌÉ|Õ|ÐÔ°€À°€À°€À°€À°€À°€À°€À°€À(ÄàäÔà°€ÌÉ|Õ|ÐØ°€À°€À°€À°€À°€À°€À°€À°€À(ÄàäÔä°€ÌÉ|Õ|ÐÜ°€À°€À°€À°€À°€À°€À°€À°€À(ÄàäØÀ°€ÌÉ|Õ|Ðà°€À°€À°€À°€À°€À°€À°€À°€À(ÄàäØÄ°€ÌÉ|Õ|Ðä°€À°€À°€À°€À°€À°€À°€À°€À(ÄàäØÈ°€ÌÉ|Õ|ÔÀ°€À°€À°€À°€À°€À°€À°€À°€À(ÄàäØÌ°€ÌÉ|Õ|ÔÄ°€À°€À°€À°€À°€À°€À°€À°€À(ÄàäØÐ°€ÌÉ|Õ|ÔÈ°€À°€À°€À°€À°€À°€À°€À°€À(ÄàäØÔ°€ÌÉ|Õ|ÔÌ°€À°€À°€À°€À°€À°€À°€À°€À(ÄàäØØ°€ÌÉ|Õ|ÔÐ°€À°€À°€À°€À°€À°€À°€À°€À(ÄàäØÜ°€ÌÉ|Õ|ÔÔ°€À°€À°€À°€À°€À°€À°€À°€À(ÄàäØà°€ÌÉ|Õ|ÔØ°€À°€À°€À°€À°€À°€À°€À°€À(ÄàäØä°€ÌÉ|Õ|ÔÜ°€À°€À°€À°€À°€À°€À°€À°€À(ÄàäÜÀ°€ÌÉ|Õ|Ôà°€À°€À°€À°€À°€À°€À°€À°€À(ÄàäÜÄ°€ÌÉ|Õ|Ôä°€À°€À°€À°€À°€À°€À°€À°€À(ÄàäÜÈ°€ÌÉ|Õ|ØÀ°€À°€À°€À°€À°€À°€À°€À°€À(ÄàäÜÌ°€ÌÉ|Õ|ØÄ°€À°€À°€À°€À°€À°€À°€À°€À(ÄàäÜÐ°€ÌÉ|Õ|ØÈ°€À°€À°€À°€À°€À°€À°€À°€À(ÄàäÜÔ°€ÌÉ|Õ|ØÌ°€À°€À°€À°€À°€À°€À°€À°€À(ÄàäÜØ°€ÌÉ|Õ|ØÐ°€À°€À°€À°€À°€À°€À°€À°€À(ÄàäÜÜ°€ÌÉ|Õ|ØÔ°€À°€À°€À°€À°€À°€À°€À°€À(ÄàäÜà°€ÌÉ|Õ|ØØ°€À°€À°€À°€À°€À°€À°€À°€À(ÄàäÜä°€ÌÉ|Õ|ØÜ°€À°€À°€À°€À°€À°€À°€À°€À(ÄàäàÀ°€ÌÉ|Õ|Øà°€À°€À°€À°€À°€À°€À°€À°€À(ÄàäàÄ°€ÌÉ|Õ|Øä°€À°€À°€À°€À°€À°€À°€À°€À(ÄàäàÈ°€ÌÉ|Õ|ÜÀ°€À°€À°€À°€À°€À°€À°€À°€À(ÄàäàÌ°€ÌÉ|Õ|ÜÄ°€À°€À°€À°€À°€À°€À°€À°€À(ÄàäàÐ°€ÌÉ|Õ|ÜÈ°€À°€À°€À°€À°€À°€À°€À°€À(ÄàäàÔ°€ÌÉ|Õ|ÜÌ°€À°€À°€À°€À°€À°€À°€À°€À(ÄàäàØ°€ÌÉ|Õ|ÜÐ°€À°€À°€À°€À°€À°€À°€À°€À(ÄàäàÜ°€ÌÉ|Õ|ÜÔ°€À°€À°€À°€À°€À°€À°€À°€À(Äàäàà°€ÌÉ|Õ|ÜØ°€À°€À°€À°€À°€À°€À°€À°€À(Äàäàä°€ÌÉ|Õ|ÜÜ°€À°€À°€À°€À°€À°€À°€À°€À(ÄàääÀ°€ÌÉ|Õ|Üà°€À°€À°€À°€À°€À°€À°€À°€À(ÄàääÄ°€ÌÉ|Õ|Üä°€À°€À°€À°€À°€À°€À°€À°€À(ÄàääÈ°€ÌÉ|Õ|àÀ°€À°€À°€À°€À°€À°€À°€À°€À(ÄàääÌ°€ÌÉ|Õ|àÄ°€À°€À°€À°€À°€À°€À°€À°€À(ÄàääÐ°€ÌÉ|Õ|àÈ°€À°€À°€À°€À°€À°€À°€À°€À(ÄàääÔ°€ÌÉ|Õ|àÌ°€À°€À°€À°€À°€À°€À°€À°€À(ÄàääØ°€ÌÉ|Õ|àÐ°€À°€À°€À°€À°€À°€À°€À°€À(ÄàääÜ°€ÌÉ|Õ|àÔ°€À°€À°€À°€À°€À°€À°€À°€À(Äàääà°€ÌÉ|Õ|àØ°€À°€À°€À°€À°€À°€À°€À°€À(Äàäää°€ÌÉ|Õ|àÜ°€À°€À°€À°€À°€À°€À°€À°€À(ÄäÀÀÀ°€ÌÉ|Õ|àà°€À°€À°€À°€À°€À°€À°€À°€À(ÄäÀÀÄ°€ÌÉ|Õ|àä°€À°€À°€À°€À°€À°€À°€À°€À(ÄäÀÀÈ°€ÌÉ|Õ|äÀ°€À°€À°€À°€À°€À°€À°€À°€À(ÄäÀÀÌ°€ÌÉ|Õ|äÄ°€À°€À°€À°€À°€À°€À°€À°€À(ÄäÀÀÐ°€ÌÉ|Õ|äÈ°€À°€À°€À°€À°€À°€À°€À°€À(ÄäÀÀÔ°€ÌÉ|Õ|äÌ°€À°€À°€À°€À°€À°€À°€À°€À(ÄäÀÀØ°€ÌÉ|Õ|äÐ°€À°€À°€À°€À°€À°€À°€À°€À(ÄäÀÀÜ°€ÌÉ|Õ|äÔ°€À°€À°€À°€À°€À°€À°€À°€À(ÄäÀÀà°€ÌÍ|Á|ÀÀ°€À°€À°€À°€À°€À°€À°€À°€À(ÄäÀÀä°€ÌÍ|Á|ÀÄ°€À°€À°€À°€À°€À°€À°€À°€À(ÄäÀÄÀ°€ÌÍ|Á|ÀÈ°€À°€À°€À°€À°€À°€À°€À°€À(ÄäÀÄÄ°€ÌÍ|Á|ÀÌ°€À°€À°€À°€À°€À°€À°€À°€À(ÄäÀÄÈ°€ÌÍ|Á|ÀÐ°€À°€À°€À°€À°€À°€À°€À°€À(ÄäÀÄÌ°€ÌÍ|Á|ÀÔ°€À°€À°€À°€À°€À°€À°€À°€À(ÄäÀÄÐ°€ÌÍ|Á|ÀØ°€À°€À°€À°€À°€À°€À°€À°€À(ÄäÀÄÔ°€ÌÍ|Á|ÀÜ°€À°€À°€À°€À°€À°€À°€À°€À(ÄäÀÄØ°€ÌÍ|Á|Àà°€À°€À°€À°€À°€À°€À°€À°€À(ÄäÀÄÜ°€ÌÍ|Á|Àä°€À°€À°€À°€À°€À°€À°€À°€À(ÄäÀÄà°€ÌÍ|Á|ÄÀ°€À°€À°€À°€À°€À°€À°€À°€À(ÄäÀÄä°€ÌÍ|Á|ÄÄ°€À°€À°€À°€À°€À°€À°€À°€À(ÄäÀÈÀ°€ÌÍ|Á|ÄÈ°€À°€À°€À°€À°€À°€À°€À°€À(ÄäÀÈÄ°€ÌÍ|Á|ÄÌ°€À°€À°€À°€À°€À°€À°€À°€À(ÄäÀÈÈ°€ÌÍ|Á|ÄÐ°€À°€À°€À°€À°€À°€À°€À°€À(ÄäÀÈÌ°€ÌÍ|Á|ÄÔ°€À°€À°€À°€À°€À°€À°€À°€À(ÄäÀÈÐ°€ÌÍ|Á|ÄØ°€À°€À°€À°€À°€À°€À°€À°€À(ÄäÀÈÔ°€ÌÍ|Á|ÄÜ°€À°€À°€À°€À°€À°€À°€À°€À(ÄäÀÈØ°€ÌÍ|Á|Äà°€À°€À°€À°€À°€À°€À°€À°€À(ÄäÀÈÜ°€ÌÍ|Á|Ää°€À°€À°€À°€À°€À°€À°€À°€À(ÄäÀÈà°€ÌÍ|Á|ÈÀ°€À°€À°€À°€À°€À°€À°€À°€À(ÄäÀÈä°€ÌÍ|Á|ÈÄ°€À°€À°€À°€À°€À°€À°€À°€À(ÄäÀÌÀ°€ÌÍ|Á|ÈÈ°€À°€À°€À°€À°€À°€À°€À°€À(ÄäÀÌÄ°€ÌÍ|Á|ÈÌ°€À°€À°€À°€À°€À°€À°€À°€À(ÄäÀÌÈ°€ÌÍ|Á|ÈÐ°€À°€À°€À°€À°€À°€À°€À°€À(ÄäÀÌÌ°€ÌÍ|Á|ÈÔ°€À°€À°€À°€À°€À°€À°€À°€À(ÄäÀÌÐ°€ÌÍ|Á|ÈØ°€À°€À°€À°€À°€À°€À°€À°€À(ÄäÀÌÔ°€ÌÍ|Á|ÈÜ°€À°€À°€À°€À°€À°€À°€À°€À(ÄäÀÌØ°€ÌÍ|Á|Èà°€À°€À°€À°€À°€À°€À°€À°€À(ÄäÀÌÜ°€ÌÍ|Á|Èä°€À°€À°€À°€À°€À°€À°€À°€À(ÄäÀÌà°€ÌÍ|Á|ÌÀ°€À°€À°€À°€À°€À°€À°€À°€À(ÄäÀÌä°€ÌÍ|Á|ÌÄ°€À°€À°€À°€À°€À°€À°€À°€À(ÄäÀÐÀ°€ÌÍ|Á|ÌÈ°€À°€À°€À°€À°€À°€À°€À°€À(ÄäÀÐÄ°€ÌÍ|Á|ÌÌ°€À°€À°€À°€À°€À°€À°€À°€À(ÄäÀÐÈ°€ÌÍ|Á|ÌÐ°€À°€À°€À°€À°€À°€À°€À°€À(ÄäÀÐÌ°€ÌÍ|Á|ÌÔ°€À°€À°€À°€À°€À°€À°€À°€À(ÄäÀÐÐ°€ÌÍ|Á|ÌØ°€À°€À°€À°€À°€À°€À°€À°€À(ÄäÀÐÔ°€ÌÍ|Á|ÌÜ°€À°€À°€À°€À°€À°€À°€À°€À(ÄäÀÐØ°€ÌÍ|Á|Ìà°€À°€À°€À°€À°€À°€À°€À°€À(ÄäÀÐÜ°€ÌÍ|Á|Ìä°€À°€À°€À°€À°€À°€À°€À°€À(ÄäÀÐà°€ÌÍ|Á|ÐÀ°€À°€À°€À°€À°€À°€À°€À°€À(ÄäÀÐä°€ÌÍ|Á|ÐÄ°€À°€À°€À°€À°€À°€À°€À°€À(ÄäÀÔÀ°€ÌÍ|Á|ÐÈ°€À°€À°€À°€À°€À°€À°€À°€À(ÄäÀÔÄ°€ÌÍ|Á|ÐÌ°€À°€À°€À°€À°€À°€À°€À°€À(ÄäÀÔÈ°€ÌÍ|Á|ÐÐ°€À°€À°€À°€À°€À°€À°€À°€À(ÄäÀÔÌ°€ÌÍ|Á|ÐÔ°€À°€À°€À°€À°€À°€À°€À°€À(ÄäÀÔÐ°€ÌÍ|Á|ÐØ°€À°€À°€À°€À°€À°€À°€À°€À(ÄäÀÔÔ°€ÌÍ|Á|ÐÜ°€À°€À°€À°€À°€À°€À°€À°€À(ÄäÀÔØ°€ÌÍ|Á|Ðà°€À°€À°€À°€À°€À°€À°€À°€À(ÄäÀÔÜ°€ÌÍ|Á|Ðä°€À°€À°€À°€À°€À°€À°€À°€À(ÄäÀÔà°€ÌÍ|Á|ÔÀ°€À°€À°€À°€À°€À°€À°€À°€À(ÄäÀÔä°€ÌÍ|Á|ÔÄ°€À°€À°€À°€À°€À°€À°€À°€À(ÄäÀØÀ°€ÌÍ|Á|ÔÈ°€À°€À°€À°€À°€À°€À°€À°€À(ÄäÀØÄ°€ÌÍ|Á|ÔÌ°€À°€À°€À°€À°€À°€À°€À°€À(ÄäÀØÈ°€ÌÍ|Á|ÔÐ°€À°€À°€À°€À°€À°€À°€À°€À(ÄäÀØÌ°€ÌÍ|Á|ÔÔ°€À°€À°€À°€À°€À°€À°€À°€À(ÄäÀØÐ°€ÌÍ|Á|ÔØ°€À°€À°€À°€À°€À°€À°€À°€À(ÄäÀØÔ°€ÌÍ|Á|ÔÜ°€À°€À°€À°€À°€À°€À°€À°€À(ÄäÀØØ°€ÌÍ|Á|Ôà°€À°€À°€À°€À°€À°€À°€À°€À(ÄäÀØÜ°€ÌÍ|Á|Ôä°€À°€À°€À°€À°€À°€À°€À°€À(ÄäÀØà°€ÌÍ|Á|ØÀ°€À°€À°€À°€À°€À°€À°€À°€À(ÄäÀØä°€ÌÍ|Á|ØÄ°€À°€À°€À°€À°€À°€À°€À°€À(ÄäÀÜÀ°€ÌÍ|Á|ØÈ°€À°€À°€À°€À°€À°€À°€À°€À(ÄäÀÜÄ°€ÌÍ|Á|ØÌ°€À°€À°€À°€À°€À°€À°€À°€À(ÄäÀÜÈ°€ÌÍ|Á|ØÐ°€À°€À°€À°€À°€À°€À°€À°€À(ÄäÀÜÌ°€ÌÍ|Á|ØÔ°€À°€À°€À°€À°€À°€À°€À°€À(ÄäÀÜÐ°€ÌÍ|Á|ØØ°€À°€À°€À°€À°€À°€À°€À°€À(ÄäÀÜÔ°€ÌÍ|Á|ØÜ°€À°€À°€À°€À°€À°€À°€À°€À(ÄäÀÜØ°€ÌÍ|Á|Øà°€À°€À°€À°€À°€À°€À°€À°€À(ÄäÀÜÜ°€ÌÍ|Á|Øä°€À°€À°€À°€À°€À°€À°€À°€À(ÄäÀÜà°€ÌÍ|Á|ÜÀ°€À°€À°€À°€À°€À°€À°€À°€À(ÄäÀÜä°€ÌÍ|Á|ÜÄ°€À°€À°€À°€À°€À°€À°€À°€À(ÄäÀàÀ°€ÌÍ|Á|ÜÈ°€À°€À°€À°€À°€À°€À°€À°€À(ÄäÀàÄ°€ÌÍ|Á|ÜÌ°€À°€À°€À°€À°€À°€À°€À°€À(ÄäÀàÈ°€ÌÍ|Á|ÜÐ°€À°€À°€À°€À°€À°€À°€À°€À(ÄäÀàÌ°€ÌÍ|Á|ÜÔ°€À°€À°€À°€À°€À°€À°€À°€À(ÄäÀàÐ°€ÌÍ|Á|ÜØ°€À°€À°€À°€À°€À°€À°€À°€À(ÄäÀàÔ°€ÌÍ|Á|ÜÜ°€À°€À°€À°€À°€À°€À°€À°€À(ÄäÀàØ°€ÌÍ|Á|Üà°€À°€À°€À°€À°€À°€À°€À°€À(ÄäÀàÜ°€ÌÍ|Á|Üä°€À°€À°€À°€À°€À°€À°€À°€À(ÄäÀàà°€ÌÍ|Á|àÀ°€À°€À°€À°€À°€À°€À°€À°€À(ÄäÀàä°€ÌÍ|Á|àÄ°€À°€À°€À°€À°€À°€À°€À°€À(ÄäÀäÀ°€ÌÍ|Á|àÈ°€À°€À°€À°€À°€À°€À°€À°€À(ÄäÀäÄ°€ÌÍ|Á|àÌ°€À°€À°€À°€À°€À°€À°€À°€À(ÄäÀäÈ°€ÌÍ|Á|àÐ°€À°€À°€À°€À°€À°€À°€À°€À(ÄäÀäÌ°€ÌÍ|Á|àÔ°€À°€À°€À°€À°€À°€À°€À°€À(ÄäÀäÐ°€ÌÍ|Á|àØ°€À°€À°€À°€À°€À°€À°€À°€À(ÄäÀäÔ°€ÌÍ|Á|àÜ°€À°€À°€À°€À°€À°€À°€À°€À(ÄäÀäØ°€ÌÍ|Á|àà°€À°€À°€À°€À°€À°€À°€À°€À(ÄäÀäÜ°€ÌÍ|Á|àä°€À°€À°€À°€À°€À°€À°€À°€À(ÄäÀäà°€ÌÍ|Á|äÀ°€À°€À°€À°€À°€À°€À°€À°€À(ÄäÀää°€ÌÍ|Á|äÄ°€À°€À°€À°€À°€À°€À°€À°€À(ÄäÄÀÀ°€ÌÍ|Á|äÈ°€À°€À°€À°€À°€À°€À°€À°€À(ÄäÄÀÄ°€ÌÍ|Á|äÌ°€À°€À°€À°€À°€À°€À°€À°€À(ÄäÄÀÈ°€ÌÍ|Á|äÐ°€À°€À°€À°€À°€À°€À°€À°€À(ÄäÄÀÌ°€ÌÍ|Á|äÔ°€À°€À°€À°€À°€À°€À°€À°€À(ÄäÄÀÐ°€ÌÍ|Å|ÀÀ°€À°€À°€À°€À°€À°€À°€À°€À(ÄäÄÀÔ°€ÌÍ|Å|ÀÄ°€À°€À°€À°€À°€À°€À°€À°€À(ÄäÄÀØ°€ÌÍ|Å|ÀÈ°€À°€À°€À°€À°€À°€À°€À°€À(ÄäÄÀÜ°€ÌÍ|Å|ÀÌ°€À°€À°€À°€À°€À°€À°€À°€À(ÄäÄÀà°€ÌÍ|Å|ÀÐ°€À°€À°€À°€À°€À°€À°€À°€À(ÄäÄÀä°€ÌÍ|Å|ÀÔ°€À°€À°€À°€À°€À°€À°€À°€À(ÄäÄÄÀ°€ÌÍ|Å|ÀØ°€À°€À°€À°€À°€À°€À°€À°€À(ÄäÄÄÄ°€ÌÍ|Å|ÀÜ°€À°€À°€À°€À°€À°€À°€À°€À(ÄäÄÄÈ°€ÌÍ|Å|Àà°€À°€À°€À°€À°€À°€À°€À°€À(ÄäÄÄÌ°€ÌÍ|Å|Àä°€À°€À°€À°€À°€À°€À°€À°€À(ÄäÄÄÐ°€ÌÍ|Å|ÄÀ°€À°€À°€À°€À°€À°€À°€À°€À(ÄäÄÄÔ°€ÌÍ|Å|ÄÄ°€À°€À°€À°€À°€À°€À°€À°€À(ÄäÄÄØ°€ÌÍ|Å|ÄÈ°€À°€À°€À°€À°€À°€À°€À°€À(ÄäÄÄÜ°€ÌÍ|Å|ÄÌ°€À°€À°€À°€À°€À°€À°€À°€À(ÄäÄÄà°€ÌÍ|Å|ÄÐ°€À°€À°€À°€À°€À°€À°€À°€À(ÄäÄÄä°€ÌÍ|Å|ÄÔ°€À°€À°€À°€À°€À°€À°€À°€À(ÄäÄÈÀ°€ÌÍ|Å|ÄØ°€À°€À°€À°€À°€À°€À°€À°€À(ÄäÄÈÄ°€ÌÍ|Å|ÄÜ°€À°€À°€À°€À°€À°€À°€À°€À(ÄäÄÈÈ°€ÌÍ|Å|Äà°€À°€À°€À°€À°€À°€À°€À°€À(ÄäÄÈÌ°€ÌÍ|Å|Ää°€À°€À°€À°€À°€À°€À°€À°€À(ÄäÄÈÐ°€ÌÍ|Å|ÈÀ°€À°€À°€À°€À°€À°€À°€À°€À(ÄäÄÈÔ°€ÌÍ|Å|ÈÄ°€À°€À°€À°€À°€À°€À°€À°€À(ÄäÄÈØ°€ÌÍ|Å|ÈÈ°€À°€À°€À°€À°€À°€À°€À°€À(ÄäÄÈÜ°€ÌÍ|Å|ÈÌ°€À°€À°€À°€À°€À°€À°€À°€À(ÄäÄÈà°€ÌÍ|Å|ÈÐ°€À°€À°€À°€À°€À°€À°€À°€À(ÄäÄÈä°€ÌÍ|Å|ÈÔ°€À°€À°€À°€À°€À°€À°€À°€À(ÄäÄÌÀ°€ÌÍ|Å|ÈØ°€À°€À°€À°€À°€À°€À°€À°€À(ÄäÄÌÄ°€ÌÍ|Å|ÈÜ°€À°€À°€À°€À°€À°€À°€À°€À(ÄäÄÌÈ°€ÌÍ|Å|Èà°€À°€À°€À°€À°€À°€À°€À°€À(ÄäÄÌÌ°€ÌÍ|Å|Èä°€À°€À°€À°€À°€À°€À°€À°€À(ÄäÄÌÐ°€ÌÍ|Å|ÌÀ°€À°€À°€À°€À°€À°€À°€À°€À(ÄäÄÌÔ°€ÌÍ|Å|ÌÄ°€À°€À°€À°€À°€À°€À°€À°€À(ÄäÄÌØ°€ÌÍ|Å|ÌÈ°€À°€À°€À°€À°€À°€À°€À°€À(ÄäÄÌÜ°€ÌÍ|Å|ÌÌ°€À°€À°€À°€À°€À°€À°€À°€À(ÄäÄÌà°€ÌÍ|Å|ÌÐ°€À°€À°€À°€À°€À°€À°€À°€À(ÄäÄÌä°€ÌÍ|Å|ÌÔ°€À°€À°€À°€À°€À°€À°€À°€À(ÄäÄÐÀ°€ÌÍ|Å|ÌØ°€À°€À°€À°€À°€À°€À°€À°€À(ÄäÄÐÄ°€ÌÍ|Å|ÌÜ°€À°€À°€À°€À°€À°€À°€À°€À(ÄäÄÐÈ°€ÌÍ|Å|Ìà°€À°€À°€À°€À°€À°€À°€À°€À(ÄäÄÐÌ°€ÌÍ|Å|Ìä°€À°€À°€À°€À°€À°€À°€À°€À(ÄäÄÐÐ°€ÌÍ|Å|ÐÀ°€À°€À°€À°€À°€À°€À°€À°€À(ÄäÄÐÔ°€ÌÍ|Å|ÐÄ°€À°€À°€À°€À°€À°€À°€À°€À(ÄäÄÐØ°€ÌÍ|Å|ÐÈ°€À°€À°€À°€À°€À°€À°€À°€À(ÄäÄÐÜ°€ÌÍ|Å|ÐÌ°€À°€À°€À°€À°€À°€À°€À°€À(ÄäÄÐà°€ÌÍ|Å|ÐÐ°€À°€À°€À°€À°€À°€À°€À°€À(ÄäÄÐä°€ÌÍ|Å|ÐÔ°€À°€À°€À°€À°€À°€À°€À°€À(ÄäÄÔÀ°€ÌÍ|Å|ÐØ°€À°€À°€À°€À°€À°€À°€À°€À(ÄäÄÔÄ°€ÌÍ|Å|ÐÜ°€À°€À°€À°€À°€À°€À°€À°€À(ÄäÄÔÈ°€ÌÍ|Å|Ðà°€À°€À°€À°€À°€À°€À°€À°€À(ÄäÄÔÌ°€ÌÍ|Å|Ðä°€À°€À°€À°€À°€À°€À°€À°€À(ÄäÄÔÐ°€ÌÍ|Å|ÔÀ°€À°€À°€À°€À°€À°€À°€À°€À(ÄäÄÔÔ°€ÌÍ|Å|ÔÄ°€À°€À°€À°€À°€À°€À°€À°€À(ÄäÄÔØ°€ÌÍ|Å|ÔÈ°€À°€À°€À°€À°€À°€À°€À°€À(ÄäÄÔÜ°€ÌÍ|Å|ÔÌ°€À°€À°€À°€À°€À°€À°€À°€À(ÄäÄÔà°€ÌÍ|Å|ÔÐ°€À°€À°€À°€À°€À°€À°€À°€À(ÄäÄÔä°€ÌÍ|Å|ÔÔ°€À°€À°€À°€À°€À°€À°€À°€À(ÄäÄØÀ°€ÌÍ|Å|ÔØ°€À°€À°€À°€À°€À°€À°€À°€À(ÄäÄØÄ°€ÌÍ|Å|ÔÜ°€À°€À°€À°€À°€À°€À°€À°€À(ÄäÄØÈ°€ÌÍ|Å|Ôà°€À°€À°€À°€À°€À°€À°€À°€À(ÄäÄØÌ°€ÌÍ|Å|Ôä°€À°€À°€À°€À°€À°€À°€À°€À(ÄäÄØÐ°€ÌÍ|Å|ØÀ°€À°€À°€À°€À°€À°€À°€À°€À(ÄäÄØÔ°€ÌÍ|Å|ØÄ°€À°€À°€À°€À°€À°€À°€À°€À(ÄäÄØØ°€ÌÍ|Å|ØÈ°€À°€À°€À°€À°€À°€À°€À°€À(ÄäÄØÜ°€ÌÍ|Å|ØÌ°€À°€À°€À°€À°€À°€À°€À°€À(ÄäÄØà°€ÌÍ|Å|ØÐ°€À°€À°€À°€À°€À°€À°€À°€À(ÄäÄØä°€ÌÍ|Å|ØÔ°€À°€À°€À°€À°€À°€À°€À°€À(ÄäÄÜÀ°€ÌÍ|Å|ØØ°€À°€À°€À°€À°€À°€À°€À°€À(ÄäÄÜÄ°€ÌÍ|Å|ØÜ°€À°€À°€À°€À°€À°€À°€À°€À(ÄäÄÜÈ°€ÌÍ|Å|Øà°€À°€À°€À°€À°€À°€À°€À°€À(ÄäÄÜÌ°€ÌÍ|Å|Øä°€À°€À°€À°€À°€À°€À°€À°€À(ÄäÄÜÐ°€ÌÍ|Å|ÜÀ°€À°€À°€À°€À°€À°€À°€À°€À(ÄäÄÜÔ°€ÌÍ|Å|ÜÄ°€À°€À°€À°€À°€À°€À°€À°€À(ÄäÄÜØ°€ÌÍ|Å|ÜÈ°€À°€À°€À°€À°€À°€À°€À°€À(ÄäÄÜÜ°€ÌÍ|Å|ÜÌ°€À°€À°€À°€À°€À°€À°€À°€À(ÄäÄÜà°€ÌÍ|Å|ÜÐ°€À°€À°€À°€À°€À°€À°€À°€À(ÄäÄÜä°€ÌÍ|Å|ÜÔ°€À°€À°€À°€À°€À°€À°€À°€À(ÄäÄàÀ°€ÌÍ|Å|ÜØ°€À°€À°€À°€À°€À°€À°€À°€À(ÄäÄàÄ°€ÌÍ|Å|ÜÜ°€À°€À°€À°€À°€À°€À°€À°€À(ÄäÄàÈ°€ÌÍ|Å|Üà°€À°€À°€À°€À°€À°€À°€À°€À(ÄäÄàÌ°€ÌÍ|Å|Üä°€À°€À°€À°€À°€À°€À°€À°€À(ÄäÄàÐ°€ÌÍ|Å|àÀ°€À°€À°€À°€À°€À°€À°€À°€À(ÄäÄàÔ°€ÌÍ|Å|àÄ°€À°€À°€À°€À°€À°€À°€À°€À(ÄäÄàØ°€ÌÍ|Å|àÈ°€À°€À°€À°€À°€À°€À°€À°€À(ÄäÄàÜ°€ÌÍ|Å|àÌ°€À°€À°€À°€À°€À°€À°€À°€À(ÄäÄàà°€ÌÍ|Å|àÐ°€À°€À°€À°€À°€À°€À°€À°€À(ÄäÄàä°€ÌÍ|Å|àÔ°€À°€À°€À°€À°€À°€À°€À°€À(ÄäÄäÀ°€ÌÍ|Å|àØ°€À°€À°€À°€À°€À°€À°€À°€À(ÄäÄäÄ°€ÌÍ|Å|àÜ°€À°€À°€À°€À°€À°€À°€À°€À(ÄäÄäÈ°€ÌÍ|Å|àà°€À°€À°€À°€À°€À°€À°€À°€À(ÄäÄäÌ°€ÌÍ|Å|àä°€À°€À°€À°€À°€À°€À°€À°€À(ÄäÄäÐ°€ÌÍ|Å|äÀ°€À°€À°€À°€À°€À°€À°€À°€À(ÄäÄäÔ°€ÌÍ|Å|äÄ°€À°€À°€À°€À°€À°€À°€À°€À(ÄäÄäØ°€ÌÍ|Å|äÈ°€À°€À°€À°€À°€À°€À°€À°€À(ÄäÄäÜ°€ÌÍ|Å|äÌ°€À°€À°€À°€À°€À°€À°€À°€À(ÄäÄäà°€ÌÍ|Å|äÐ°€À°€À°€À°€À°€À°€À°€À°€À(ÄäÄää°€ÌÍ|Å|äÔ°€À°€À°€À°€À°€À°€À°€À°€À(ÄäÈÀÀ°€ÌÍ|É|ÀÀ°€À°€À°€À°€À°€À°€À°€À°€À(ÄäÈÀÄ°€ÌÍ|É|ÀÄ°€À°€À°€À°€À°€À°€À°€À°€À(ÄäÈÀÈ°€ÌÍ|É|ÀÈ°€À°€À°€À°€À°€À°€À°€À°€À(ÄäÈÀÌ°€ÌÍ|É|ÀÌ°€À°€À°€À°€À°€À°€À°€À°€À(ÄäÈÀÐ°€ÌÍ|É|ÀÐ°€À°€À°€À°€À°€À°€À°€À°€À(ÄäÈÀÔ°€ÌÍ|É|ÀÔ°€À°€À°€À°€À°€À°€À°€À°€À(ÄäÈÀØ°€ÌÍ|É|ÀØ°€À°€À°€À°€À°€À°€À°€À°€À(ÄäÈÀÜ°€ÌÍ|É|ÀÜ°€À°€À°€À°€À°€À°€À°€À°€À(ÄäÈÀà°€ÌÍ|É|Àà°€À°€À°€À°€À°€À°€À°€À°€À(ÄäÈÀä°€ÌÍ|É|Àä°€À°€À°€À°€À°€À°€À°€À°€À(ÄäÈÄÀ°€ÌÍ|É|ÄÀ°€À°€À°€À°€À°€À°€À°€À°€À(ÄäÈÄÄ°€ÌÍ|É|ÄÄ°€À°€À°€À°€À°€À°€À°€À°€À(ÄäÈÄÈ°€ÌÍ|É|ÄÈ°€À°€À°€À°€À°€À°€À°€À°€À(ÄäÈÄÌ°€ÌÍ|É|ÄÌ°€À°€À°€À°€À°€À°€À°€À°€À(ÄäÈÄÐ°€ÌÍ|É|ÄÐ°€À°€À°€À°€À°€À°€À°€À°€À(ÄäÈÄÔ°€ÌÍ|É|ÄÔ°€À°€À°€À°€À°€À°€À°€À°€À(ÄäÈÄØ°€ÌÍ|É|ÄØ°€À°€À°€À°€À°€À°€À°€À°€À(ÄäÈÄÜ°€ÌÍ|É|ÄÜ°€À°€À°€À°€À°€À°€À°€À°€À(ÄäÈÄà°€ÌÍ|É|Äà°€À°€À°€À°€À°€À°€À°€À°€À(ÄäÈÄä°€ÌÍ|É|Ää°€À°€À°€À°€À°€À°€À°€À°€À(ÄäÈÈÀ°€ÌÍ|É|ÈÀ°€À°€À°€À°€À°€À°€À°€À°€À(ÄäÈÈÄ°€ÌÍ|É|ÈÄ°€À°€À°€À°€À°€À°€À°€À°€À(ÄäÈÈÈ°€ÌÍ|É|ÈÈ°€À°€À°€À°€À°€À°€À°€À°€À(ÄäÈÈÌ°€ÌÍ|É|ÈÌ°€À°€À°€À°€À°€À°€À°€À°€À(ÄäÈÈÐ°€ÌÍ|É|ÈÐ°€À°€À°€À°€À°€À°€À°€À°€À(ÄäÈÈÔ°€ÌÍ|É|ÈÔ°€À°€À°€À°€À°€À°€À°€À°€À(ÄäÈÈØ°€ÌÍ|É|ÈØ°€À°€À°€À°€À°€À°€À°€À°€À(ÄäÈÈÜ°€ÌÍ|É|ÈÜ°€À°€À°€À°€À°€À°€À°€À°€À(ÄäÈÈà°€ÌÍ|É|Èà°€À°€À°€À°€À°€À°€À°€À°€À(ÄäÈÈä°€ÌÍ|É|Èä°€À°€À°€À°€À°€À°€À°€À°€À(ÄäÈÌÀ°€ÌÍ|É|ÌÀ°€À°€À°€À°€À°€À°€À°€À°€À(ÄäÈÌÄ°€ÌÍ|É|ÌÄ°€À°€À°€À°€À°€À°€À°€À°€À(ÄäÈÌÈ°€ÌÍ|É|ÌÈ°€À°€À°€À°€À°€À°€À°€À°€À(ÄäÈÌÌ°€ÌÍ|É|ÌÌ°€À°€À°€À°€À°€À°€À°€À°€À(ÄäÈÌÐ°€ÌÍ|É|ÌÐ°€À°€À°€À°€À°€À°€À°€À°€À(ÄäÈÌÔ°€ÌÍ|É|ÌÔ°€À°€À°€À°€À°€À°€À°€À°€À(ÄäÈÌØ°€ÌÍ|É|ÌØ°€À°€À°€À°€À°€À°€À°€À°€À(ÄäÈÌÜ°€ÌÍ|É|ÌÜ°€À°€À°€À°€À°€À°€À°€À°€À(ÄäÈÌà°€ÌÍ|É|Ìà°€À°€À°€À°€À°€À°€À°€À°€À(ÄäÈÌä°€ÌÍ|É|Ìä°€À°€À°€À°€À°€À°€À°€À°€À(ÄäÈÐÀ°€ÌÍ|É|ÐÀ°€À°€À°€À°€À°€À°€À°€À°€À(ÄäÈÐÄ°€ÌÍ|É|ÐÄ°€À°€À°€À°€À°€À°€À°€À°€À(ÄäÈÐÈ°€ÌÍ|É|ÐÈ°€À°€À°€À°€À°€À°€À°€À°€À(ÄäÈÐÌ°€ÌÍ|É|ÐÌ°€À°€À°€À°€À°€À°€À°€À°€À(ÄäÈÐÐ°€ÌÍ|É|ÐÐ°€À°€À°€À°€À°€À°€À°€À°€À(ÄäÈÐÔ°€ÌÍ|É|ÐÔ°€À°€À°€À°€À°€À°€À°€À°€À(ÄäÈÐØ°€ÌÍ|É|ÐØ°€À°€À°€À°€À°€À°€À°€À°€À(ÄäÈÐÜ°€ÌÍ|É|ÐÜ°€À°€À°€À°€À°€À°€À°€À°€À(ÄäÈÐà°€ÌÍ|É|Ðà°€À°€À°€À°€À°€À°€À°€À°€À(ÄäÈÐä°€ÌÍ|É|Ðä°€À°€À°€À°€À°€À°€À°€À°€À(ÄäÈÔÀ°€ÌÍ|É|ÔÀ°€À°€À°€À°€À°€À°€À°€À°€À(ÄäÈÔÄ°€ÌÍ|É|ÔÄ°€À°€À°€À°€À°€À°€À°€À°€À(ÄäÈÔÈ°€ÌÍ|É|ÔÈ°€À°€À°€À°€À°€À°€À°€À°€À(ÄäÈÔÌ°€ÌÍ|É|ÔÌ°€À°€À°€À°€À°€À°€À°€À°€À(ÄäÈÔÐ°€ÌÍ|É|ÔÐ°€À°€À°€À°€À°€À°€À°€À°€À(ÄäÈÔÔ°€ÌÍ|É|ÔÔ°€À°€À°€À°€À°€À°€À°€À°€À(ÄäÈÔØ°€ÌÍ|É|ÔØ°€À°€À°€À°€À°€À°€À°€À°€À(ÄäÈÔÜ°€ÌÍ|É|ÔÜ°€À°€À°€À°€À°€À°€À°€À°€À(ÄäÈÔà°€ÌÍ|É|Ôà°€À°€À°€À°€À°€À°€À°€À°€À(ÄäÈÔä°€ÌÍ|É|Ôä°€À°€À°€À°€À°€À°€À°€À°€À(ÄäÈØÀ°€ÌÍ|É|ØÀ°€À°€À°€À°€À°€À°€À°€À°€À(ÄäÈØÄ°€ÌÍ|É|ØÄ°€À°€À°€À°€À°€À°€À°€À°€À(ÄäÈØÈ°€ÌÍ|É|ØÈ°€À°€À°€À°€À°€À°€À°€À°€À(ÄäÈØÌ°€ÌÍ|É|ØÌ°€À°€À°€À°€À°€À°€À°€À°€À(ÄäÈØÐ°€ÌÍ|É|ØÐ°€À°€À°€À°€À°€À°€À°€À°€À(ÄäÈØÔ°€ÌÍ|É|ØÔ°€À°€À°€À°€À°€À°€À°€À°€À(ÄäÈØØ°€ÌÍ|É|ØØ°€À°€À°€À°€À°€À°€À°€À°€À(ÄäÈØÜ°€ÌÍ|É|ØÜ°€À°€À°€À°€À°€À°€À°€À°€À(ÄäÈØà°€ÌÍ|É|Øà°€À°€À°€À°€À°€À°€À°€À°€À(ÄäÈØä°€ÌÍ|É|Øä°€À°€À°€À°€À°€À°€À°€À°€À(ÄäÈÜÀ°€ÌÍ|É|ÜÀ°€À°€À°€À°€À°€À°€À°€À°€À(ÄäÈÜÄ°€ÌÍ|É|ÜÄ°€À°€À°€À°€À°€À°€À°€À°€À(ÄäÈÜÈ°€ÌÍ|É|ÜÈ°€À°€À°€À°€À°€À°€À°€À°€À(ÄäÈÜÌ°€ÌÍ|É|ÜÌ°€À°€À°€À°€À°€À°€À°€À°€À(ÄäÈÜÐ°€ÌÍ|É|ÜÐ°€À°€À°€À°€À°€À°€À°€À°€À(ÄäÈÜÔ°€ÌÍ|É|ÜÔ°€À°€À°€À°€À°€À°€À°€À°€À(ÄäÈÜØ°€ÌÍ|É|ÜØ°€À°€À°€À°€À°€À°€À°€À°€À(ÄäÈÜÜ°€ÌÍ|É|ÜÜ°€À°€À°€À°€À°€À°€À°€À°€À(ÄäÈÜà°€ÌÍ|É|Üà°€À°€À°€À°€À°€À°€À°€À°€À(ÄäÈÜä°€ÌÍ|É|Üä°€À°€À°€À°€À°€À°€À°€À°€À(ÄäÈàÀ°€ÌÍ|É|àÀ°€À°€À°€À°€À°€À°€À°€À°€À(ÄäÈàÄ°€ÌÍ|É|àÄ°€À°€À°€À°€À°€À°€À°€À°€À(ÄäÈàÈ°€ÌÍ|É|àÈ°€À°€À°€À°€À°€À°€À°€À°€À(ÄäÈàÌ°€ÌÍ|É|àÌ°€À°€À°€À°€À°€À°€À°€À°€À(ÄäÈàÐ°€ÌÍ|É|àÐ°€À°€À°€À°€À°€À°€À°€À°€À(ÄäÈàÔ°€ÌÍ|É|àÔ°€À°€À°€À°€À°€À°€À°€À°€À(ÄäÈàØ°€ÌÍ|É|àØ°€À°€À°€À°€À°€À°€À°€À°€À(ÄäÈàÜ°€ÌÍ|É|àÜ°€À°€À°€À°€À°€À°€À°€À°€À(ÄäÈàà°€ÌÍ|É|àà°€À°€À°€À°€À°€À°€À°€À°€À(ÄäÈàä°€ÌÍ|É|àä°€À°€À°€À°€À°€À°€À°€À°€À(ÄäÈäÀ°€ÌÍ|É|äÀ°€À°€À°€À°€À°€À°€À°€À°€À(ÄäÈäÄ°€ÌÍ|É|äÄ°€À°€À°€À°€À°€À°€À°€À°€À(ÄäÈäÈ°€ÌÍ|É|äÈ°€À°€À°€À°€À°€À°€À°€À°€À(ÄäÈäÌ°€ÌÍ|É|äÌ°€À°€À°€À°€À°€À°€À°€À°€À(ÄäÈäÐ°€ÌÍ|É|äÐ°€À°€À°€À°€À°€À°€À°€À°€À(ÄäÈäÔ°€ÌÍ|É|äÔ°€À°€À°€À°€À°€À°€À°€À°€À(ÄäÈäØ°€ÌÍ|Í|ÀÀ°€À°€À°€À°€À°€À°€À°€À°€À(ÄäÈäÜ°€ÌÍ|Í|ÀÄ°€À°€À°€À°€À°€À°€À°€À°€À(ÄäÈäà°€ÌÍ|Í|ÀÈ°€À°€À°€À°€À°€À°€À°€À°€À(ÄäÈää°€ÌÍ|Í|ÀÌ°€À°€À°€À°€À°€À°€À°€À°€À(ÄäÌÀÀ°€ÌÍ|Í|ÀÐ°€À°€À°€À°€À°€À°€À°€À°€À(ÄäÌÀÄ°€ÌÍ|Í|ÀÔ°€À°€À°€À°€À°€À°€À°€À°€À(ÄäÌÀÈ°€ÌÍ|Í|ÀØ°€À°€À°€À°€À°€À°€À°€À°€À(ÄäÌÀÌ°€ÌÍ|Í|ÀÜ°€À°€À°€À°€À°€À°€À°€À°€À(ÄäÌÀÐ°€ÌÍ|Í|Àà°€À°€À°€À°€À°€À°€À°€À°€À(ÄäÌÀÔ°€ÌÍ|Í|Àä°€À°€À°€À°€À°€À°€À°€À°€À(ÄäÌÀØ°€ÌÍ|Í|ÄÀ°€À°€À°€À°€À°€À°€À°€À°€À(ÄäÌÀÜ°€ÌÍ|Í|ÄÄ°€À°€À°€À°€À°€À°€À°€À°€À(ÄäÌÀà°€ÌÍ|Í|ÄÈ°€À°€À°€À°€À°€À°€À°€À°€À(ÄäÌÀä°€ÌÍ|Í|ÄÌ°€À°€À°€À°€À°€À°€À°€À°€À(ÄäÌÄÀ°€ÌÍ|Í|ÄÐ°€À°€À°€À°€À°€À°€À°€À°€À(ÄäÌÄÄ°€ÌÍ|Í|ÄÔ°€À°€À°€À°€À°€À°€À°€À°€À(ÄäÌÄÈ°€ÌÍ|Í|ÄØ°€À°€À°€À°€À°€À°€À°€À°€À(ÄäÌÄÌ°€ÌÍ|Í|ÄÜ°€À°€À°€À°€À°€À°€À°€À°€À(ÄäÌÄÐ°€ÌÍ|Í|Äà°€À°€À°€À°€À°€À°€À°€À°€À(ÄäÌÄÔ°€ÌÍ|Í|Ää°€À°€À°€À°€À°€À°€À°€À°€À(ÄäÌÄØ°€ÌÍ|Í|ÈÀ°€À°€À°€À°€À°€À°€À°€À°€À(ÄäÌÄÜ°€ÌÍ|Í|ÈÄ°€À°€À°€À°€À°€À°€À°€À°€À(ÄäÌÄà°€ÌÍ|Í|ÈÈ°€À°€À°€À°€À°€À°€À°€À°€À(ÄäÌÄä°€ÌÍ|Í|ÈÌ°€À°€À°€À°€À°€À°€À°€À°€À(ÄäÌÈÀ°€ÌÍ|Í|ÈÐ°€À°€À°€À°€À°€À°€À°€À°€À(ÄäÌÈÄ°€ÌÍ|Í|ÈÔ°€À°€À°€À°€À°€À°€À°€À°€À(ÄäÌÈÈ°€ÌÍ|Í|ÈØ°€À°€À°€À°€À°€À°€À°€À°€À(ÄäÌÈÌ°€ÌÍ|Í|ÈÜ°€À°€À°€À°€À°€À°€À°€À°€À(ÄäÌÈÐ°€ÌÍ|Í|Èà°€À°€À°€À°€À°€À°€À°€À°€À(ÄäÌÈÔ°€ÌÍ|Í|Èä°€À°€À°€À°€À°€À°€À°€À°€À(ÄäÌÈØ°€ÌÍ|Í|ÌÀ°€À°€À°€À°€À°€À°€À°€À°€À(ÄäÌÈÜ°€ÌÍ|Í|ÌÄ°€À°€À°€À°€À°€À°€À°€À°€À(ÄäÌÈà°€ÌÍ|Í|ÌÈ°€À°€À°€À°€À°€À°€À°€À°€À(ÄäÌÈä°€ÌÍ|Í|ÌÌ°€À°€À°€À°€À°€À°€À°€À°€À(ÄäÌÌÀ°€ÌÍ|Í|ÌÐ°€À°€À°€À°€À°€À°€À°€À°€À(ÄäÌÌÄ°€ÌÍ|Í|ÌÔ°€À°€À°€À°€À°€À°€À°€À°€À(ÄäÌÌÈ°€ÌÍ|Í|ÌØ°€À°€À°€À°€À°€À°€À°€À°€À(ÄäÌÌÌ°€ÌÍ|Í|ÌÜ°€À°€À°€À°€À°€À°€À°€À°€À(ÄäÌÌÐ°€ÌÍ|Í|Ìà°€À°€À°€À°€À°€À°€À°€À°€À(ÄäÌÌÔ°€ÌÍ|Í|Ìä°€À°€À°€À°€À°€À°€À°€À°€À(ÄäÌÌØ°€ÌÍ|Í|ÐÀ°€À°€À°€À°€À°€À°€À°€À°€À(ÄäÌÌÜ°€ÌÍ|Í|ÐÄ°€À°€À°€À°€À°€À°€À°€À°€À(ÄäÌÌà°€ÌÍ|Í|ÐÈ°€À°€À°€À°€À°€À°€À°€À°€À(ÄäÌÌä°€ÌÍ|Í|ÐÌ°€À°€À°€À°€À°€À°€À°€À°€À(ÄäÌÐÀ°€ÌÍ|Í|ÐÐ°€À°€À°€À°€À°€À°€À°€À°€À(ÄäÌÐÄ°€ÌÍ|Í|ÐÔ°€À°€À°€À°€À°€À°€À°€À°€À(ÄäÌÐÈ°€ÌÍ|Í|ÐØ°€À°€À°€À°€À°€À°€À°€À°€À(ÄäÌÐÌ°€ÌÍ|Í|ÐÜ°€À°€À°€À°€À°€À°€À°€À°€À(ÄäÌÐÐ°€ÌÍ|Í|Ðà°€À°€À°€À°€À°€À°€À°€À°€À(ÄäÌÐÔ°€ÌÍ|Í|Ðä°€À°€À°€À°€À°€À°€À°€À°€À(ÄäÌÐØ°€ÌÍ|Í|ÔÀ°€À°€À°€À°€À°€À°€À°€À°€À(ÄäÌÐÜ°€ÌÍ|Í|ÔÄ°€À°€À°€À°€À°€À°€À°€À°€À(ÄäÌÐà°€ÌÍ|Í|ÔÈ°€À°€À°€À°€À°€À°€À°€À°€À(ÄäÌÐä°€ÌÍ|Í|ÔÌ°€À°€À°€À°€À°€À°€À°€À°€À(ÄäÌÔÀ°€ÌÍ|Í|ÔÐ°€À°€À°€À°€À°€À°€À°€À°€À(ÄäÌÔÄ°€ÌÍ|Í|ÔÔ°€À°€À°€À°€À°€À°€À°€À°€À(ÄäÌÔÈ°€ÌÍ|Í|ÔØ°€À°€À°€À°€À°€À°€À°€À°€À(ÄäÌÔÌ°€ÌÍ|Í|ÔÜ°€À°€À°€À°€À°€À°€À°€À°€À(ÄäÌÔÐ°€ÌÍ|Í|Ôà°€À°€À°€À°€À°€À°€À°€À°€À(ÄäÌÔÔ°€ÌÍ|Í|Ôä°€À°€À°€À°€À°€À°€À°€À°€À(ÄäÌÔØ°€ÌÍ|Í|ØÀ°€À°€À°€À°€À°€À°€À°€À°€À(ÄäÌÔÜ°€ÌÍ|Í|ØÄ°€À°€À°€À°€À°€À°€À°€À°€À(ÄäÌÔà°€ÌÍ|Í|ØÈ°€À°€À°€À°€À°€À°€À°€À°€À(ÄäÌÔä°€ÌÍ|Í|ØÌ°€À°€À°€À°€À°€À°€À°€À°€À(ÄäÌØÀ°€ÌÍ|Í|ØÐ°€À°€À°€À°€À°€À°€À°€À°€À(ÄäÌØÄ°€ÌÍ|Í|ØÔ°€À°€À°€À°€À°€À°€À°€À°€À(ÄäÌØÈ°€ÌÍ|Í|ØØ°€À°€À°€À°€À°€À°€À°€À°€À(ÄäÌØÌ°€ÌÍ|Í|ØÜ°€À°€À°€À°€À°€À°€À°€À°€À(ÄäÌØÐ°€ÌÍ|Í|Øà°€À°€À°€À°€À°€À°€À°€À°€À(ÄäÌØÔ°€ÌÍ|Í|Øä°€À°€À°€À°€À°€À°€À°€À°€À(ÄäÌØØ°€ÌÍ|Í|ÜÀ°€À°€À°€À°€À°€À°€À°€À°€À(ÄäÌØÜ°€ÌÍ|Í|ÜÄ°€À°€À°€À°€À°€À°€À°€À°€À(ÄäÌØà°€ÌÍ|Í|ÜÈ°€À°€À°€À°€À°€À°€À°€À°€À(ÄäÌØä°€ÌÍ|Í|ÜÌ°€À°€À°€À°€À°€À°€À°€À°€À(ÄäÌÜÀ°€ÌÍ|Í|ÜÐ°€À°€À°€À°€À°€À°€À°€À°€À(ÄäÌÜÄ°€ÌÍ|Í|ÜÔ°€À°€À°€À°€À°€À°€À°€À°€À(ÄäÌÜÈ°€ÌÍ|Í|ÜØ°€À°€À°€À°€À°€À°€À°€À°€À(ÄäÌÜÌ°€ÌÍ|Í|ÜÜ°€À°€À°€À°€À°€À°€À°€À°€À(ÄäÌÜÐ°€ÌÍ|Í|Üà°€À°€À°€À°€À°€À°€À°€À°€À(ÄäÌÜÔ°€ÌÍ|Í|Üä°€À°€À°€À°€À°€À°€À°€À°€À(ÄäÌÜØ°€ÌÍ|Í|àÀ°€À°€À°€À°€À°€À°€À°€À°€À(ÄäÌÜÜ°€ÌÍ|Í|àÄ°€À°€À°€À°€À°€À°€À°€À°€À(ÄäÌÜà°€ÌÍ|Í|àÈ°€À°€À°€À°€À°€À°€À°€À°€À(ÄäÌÜä°€ÌÍ|Í|àÌ°€À°€À°€À°€À°€À°€À°€À°€À(ÄäÌàÀ°€ÌÍ|Í|àÐ°€À°€À°€À°€À°€À°€À°€À°€À(ÄäÌàÄ°€ÌÍ|Í|àÔ°€À°€À°€À°€À°€À°€À°€À°€À(ÄäÌàÈ°€ÌÍ|Í|àØ°€À°€À°€À°€À°€À°€À°€À°€À(ÄäÌàÌ°€ÌÍ|Í|àÜ°€À°€À°€À°€À°€À°€À°€À°€À(ÄäÌàÐ°€ÌÍ|Í|àà°€À°€À°€À°€À°€À°€À°€À°€À(ÄäÌàÔ°€ÌÍ|Í|àä°€À°€À°€À°€À°€À°€À°€À°€À(ÄäÌàØ°€ÌÍ|Í|äÀ°€À°€À°€À°€À°€À°€À°€À°€À(ÄäÌàÜ°€ÌÍ|Í|äÄ°€À°€À°€À°€À°€À°€À°€À°€À(ÄäÌàà°€ÌÍ|Í|äÈ°€À°€À°€À°€À°€À°€À°€À°€À(ÄäÌàä°€ÌÍ|Í|äÌ°€À°€À°€À°€À°€À°€À°€À°€À(ÄäÌäÀ°€ÌÍ|Í|äÐ°€À°€À°€À°€À°€À°€À°€À°€À(ÄäÌäÄ°€ÌÍ|Í|äÔ°€À°€À°€À°€À°€À°€À°€À°€À(ÄäÌäÈ°€ÌÍ|Ñ|ÀÀ°€À°€À°€À°€À°€À°€À°€À°€À(ÄäÌäÌ°€ÌÍ|Ñ|ÀÄ°€À°€À°€À°€À°€À°€À°€À°€À(ÄäÌäÐ°€ÌÍ|Ñ|ÀÈ°€À°€À°€À°€À°€À°€À°€À°€À(ÄäÌäÔ°€ÌÍ|Ñ|ÀÌ°€À°€À°€À°€À°€À°€À°€À°€À(ÄäÌäØ°€ÌÍ|Ñ|ÀÐ°€À°€À°€À°€À°€À°€À°€À°€À(ÄäÌäÜ°€ÌÍ|Ñ|ÀÔ°€À°€À°€À°€À°€À°€À°€À°€À(ÄäÌäà°€ÌÍ|Ñ|ÀØ°€À°€À°€À°€À°€À°€À°€À°€À(ÄäÌää°€ÌÍ|Ñ|ÀÜ°€À°€À°€À°€À°€À°€À°€À°€À(ÄäÐÀÀ°€ÌÍ|Ñ|Àà°€À°€À°€À°€À°€À°€À°€À°€À(ÄäÐÀÄ°€ÌÍ|Ñ|Àä°€À°€À°€À°€À°€À°€À°€À°€À(ÄäÐÀÈ°€ÌÍ|Ñ|ÄÀ°€À°€À°€À°€À°€À°€À°€À°€À(ÄäÐÀÌ°€ÌÍ|Ñ|ÄÄ°€À°€À°€À°€À°€À°€À°€À°€À(ÄäÐÀÐ°€ÌÍ|Ñ|ÄÈ°€À°€À°€À°€À°€À°€À°€À°€À(ÄäÐÀÔ°€ÌÍ|Ñ|ÄÌ°€À°€À°€À°€À°€À°€À°€À°€À(ÄäÐÀØ°€ÌÍ|Ñ|ÄÐ°€À°€À°€À°€À°€À°€À°€À°€À(ÄäÐÀÜ°€ÌÍ|Ñ|ÄÔ°€À°€À°€À°€À°€À°€À°€À°€À(ÄäÐÀà°€ÌÍ|Ñ|ÄØ°€À°€À°€À°€À°€À°€À°€À°€À(ÄäÐÀä°€ÌÍ|Ñ|ÄÜ°€À°€À°€À°€À°€À°€À°€À°€À(ÄäÐÄÀ°€ÌÍ|Ñ|Äà°€À°€À°€À°€À°€À°€À°€À°€À(ÄäÐÄÄ°€ÌÍ|Ñ|Ää°€À°€À°€À°€À°€À°€À°€À°€À(ÄäÐÄÈ°€ÌÍ|Ñ|ÈÀ°€À°€À°€À°€À°€À°€À°€À°€À(ÄäÐÄÌ°€ÌÍ|Ñ|ÈÄ°€À°€À°€À°€À°€À°€À°€À°€À(ÄäÐÄÐ°€ÌÍ|Ñ|ÈÈ°€À°€À°€À°€À°€À°€À°€À°€À(ÄäÐÄÔ°€ÌÍ|Ñ|ÈÌ°€À°€À°€À°€À°€À°€À°€À°€À(ÄäÐÄØ°€ÌÍ|Ñ|ÈÐ°€À°€À°€À°€À°€À°€À°€À°€À(ÄäÐÄÜ°€ÌÍ|Ñ|ÈÔ°€À°€À°€À°€À°€À°€À°€À°€À(ÄäÐÄà°€ÌÍ|Ñ|ÈØ°€À°€À°€À°€À°€À°€À°€À°€À(ÄäÐÄä°€ÌÍ|Ñ|ÈÜ°€À°€À°€À°€À°€À°€À°€À°€À(ÄäÐÈÀ°€ÌÍ|Ñ|Èà°€À°€À°€À°€À°€À°€À°€À°€À(ÄäÐÈÄ°€ÌÍ|Ñ|Èä°€À°€À°€À°€À°€À°€À°€À°€À(ÄäÐÈÈ°€ÌÍ|Ñ|ÌÀ°€À°€À°€À°€À°€À°€À°€À°€À(ÄäÐÈÌ°€ÌÍ|Ñ|ÌÄ°€À°€À°€À°€À°€À°€À°€À°€À(ÄäÐÈÐ°€ÌÍ|Ñ|ÌÈ°€À°€À°€À°€À°€À°€À°€À°€À(ÄäÐÈÔ°€ÌÍ|Ñ|ÌÌ°€À°€À°€À°€À°€À°€À°€À°€À(ÄäÐÈØ°€ÌÍ|Ñ|ÌÐ°€À°€À°€À°€À°€À°€À°€À°€À(ÄäÐÈÜ°€ÌÍ|Ñ|ÌÔ°€À°€À°€À°€À°€À°€À°€À°€À(ÄäÐÈà°€ÌÍ|Ñ|ÌØ°€À°€À°€À°€À°€À°€À°€À°€À(ÄäÐÈä°€ÌÍ|Ñ|ÌÜ°€À°€À°€À°€À°€À°€À°€À°€À(ÄäÐÌÀ°€ÌÍ|Ñ|Ìà°€À°€À°€À°€À°€À°€À°€À°€À(ÄäÐÌÄ°€ÌÍ|Ñ|Ìä°€À°€À°€À°€À°€À°€À°€À°€À(ÄäÐÌÈ°€ÌÍ|Ñ|ÐÀ°€À°€À°€À°€À°€À°€À°€À°€À(ÄäÐÌÌ°€ÌÍ|Ñ|ÐÄ°€À°€À°€À°€À°€À°€À°€À°€À(ÄäÐÌÐ°€ÌÍ|Ñ|ÐÈ°€À°€À°€À°€À°€À°€À°€À°€À(ÄäÐÌÔ°€ÌÍ|Ñ|ÐÌ°€À°€À°€À°€À°€À°€À°€À°€À(ÄäÐÌØ°€ÌÍ|Ñ|ÐÐ°€À°€À°€À°€À°€À°€À°€À°€À(ÄäÐÌÜ°€ÌÍ|Ñ|ÐÔ°€À°€À°€À°€À°€À°€À°€À°€À(ÄäÐÌà°€ÌÍ|Ñ|ÐØ°€À°€À°€À°€À°€À°€À°€À°€À(ÄäÐÌä°€ÌÍ|Ñ|ÐÜ°€À°€À°€À°€À°€À°€À°€À°€À(ÄäÐÐÀ°€ÌÍ|Ñ|Ðà°€À°€À°€À°€À°€À°€À°€À°€À(ÄäÐÐÄ°€ÌÍ|Ñ|Ðä°€À°€À°€À°€À°€À°€À°€À°€À(ÄäÐÐÈ°€ÌÍ|Ñ|ÔÀ°€À°€À°€À°€À°€À°€À°€À°€À(ÄäÐÐÌ°€ÌÍ|Ñ|ÔÄ°€À°€À°€À°€À°€À°€À°€À°€À(ÄäÐÐÐ°€ÌÍ|Ñ|ÔÈ°€À°€À°€À°€À°€À°€À°€À°€À(ÄäÐÐÔ°€ÌÍ|Ñ|ÔÌ°€À°€À°€À°€À°€À°€À°€À°€À(ÄäÐÐØ°€ÌÍ|Ñ|ÔÐ°€À°€À°€À°€À°€À°€À°€À°€À(ÄäÐÐÜ°€ÌÍ|Ñ|ÔÔ°€À°€À°€À°€À°€À°€À°€À°€À(ÄäÐÐà°€ÌÍ|Ñ|ÔØ°€À°€À°€À°€À°€À°€À°€À°€À(ÄäÐÐä°€ÌÍ|Ñ|ÔÜ°€À°€À°€À°€À°€À°€À°€À°€À(ÄäÐÔÀ°€ÌÍ|Ñ|Ôà°€À°€À°€À°€À°€À°€À°€À°€À(ÄäÐÔÄ°€ÌÍ|Ñ|Ôä°€À°€À°€À°€À°€À°€À°€À°€À(ÄäÐÔÈ°€ÌÍ|Ñ|ØÀ°€À°€À°€À°€À°€À°€À°€À°€À(ÄäÐÔÌ°€ÌÍ|Ñ|ØÄ°€À°€À°€À°€À°€À°€À°€À°€À(ÄäÐÔÐ°€ÌÍ|Ñ|ØÈ°€À°€À°€À°€À°€À°€À°€À°€À(ÄäÐÔÔ°€ÌÍ|Ñ|ØÌ°€À°€À°€À°€À°€À°€À°€À°€À(ÄäÐÔØ°€ÌÍ|Ñ|ØÐ°€À°€À°€À°€À°€À°€À°€À°€À(ÄäÐÔÜ°€ÌÍ|Ñ|ØÔ°€À°€À°€À°€À°€À°€À°€À°€À(ÄäÐÔà°€ÌÍ|Ñ|ØØ°€À°€À°€À°€À°€À°€À°€À°€À(ÄäÐÔä°€ÌÍ|Ñ|ØÜ°€À°€À°€À°€À°€À°€À°€À°€À(ÄäÐØÀ°€ÌÍ|Ñ|Øà°€À°€À°€À°€À°€À°€À°€À°€À(ÄäÐØÄ°€ÌÍ|Ñ|Øä°€À°€À°€À°€À°€À°€À°€À°€À(ÄäÐØÈ°€ÌÍ|Ñ|ÜÀ°€À°€À°€À°€À°€À°€À°€À°€À(ÄäÐØÌ°€ÌÍ|Ñ|ÜÄ°€À°€À°€À°€À°€À°€À°€À°€À(ÄäÐØÐ°€ÌÍ|Ñ|ÜÈ°€À°€À°€À°€À°€À°€À°€À°€À(ÄäÐØÔ°€ÌÍ|Ñ|ÜÌ°€À°€À°€À°€À°€À°€À°€À°€À(ÄäÐØØ°€ÌÍ|Ñ|ÜÐ°€À°€À°€À°€À°€À°€À°€À°€À(ÄäÐØÜ°€ÌÍ|Ñ|ÜÔ°€À°€À°€À°€À°€À°€À°€À°€À(ÄäÐØà°€ÌÍ|Ñ|ÜØ°€À°€À°€À°€À°€À°€À°€À°€À(ÄäÐØä°€ÌÍ|Ñ|ÜÜ°€À°€À°€À°€À°€À°€À°€À°€À(ÄäÐÜÀ°€ÌÍ|Ñ|Üà°€À°€À°€À°€À°€À°€À°€À°€À(ÄäÐÜÄ°€ÌÍ|Ñ|Üä°€À°€À°€À°€À°€À°€À°€À°€À(ÄäÐÜÈ°€ÌÍ|Ñ|àÀ°€À°€À°€À°€À°€À°€À°€À°€À(ÄäÐÜÌ°€ÌÍ|Ñ|àÄ°€À°€À°€À°€À°€À°€À°€À°€À(ÄäÐÜÐ°€ÌÍ|Ñ|àÈ°€À°€À°€À°€À°€À°€À°€À°€À(ÄäÐÜÔ°€ÌÍ|Ñ|àÌ°€À°€À°€À°€À°€À°€À°€À°€À(ÄäÐÜØ°€ÌÍ|Ñ|àÐ°€À°€À°€À°€À°€À°€À°€À°€À(ÄäÐÜÜ°€ÌÍ|Ñ|àÔ°€À°€À°€À°€À°€À°€À°€À°€À(ÄäÐÜà°€ÌÍ|Ñ|àØ°€À°€À°€À°€À°€À°€À°€À°€À(ÄäÐÜä°€ÌÍ|Ñ|àÜ°€À°€À°€À°€À°€À°€À°€À°€À(ÄäÐàÀ°€ÌÍ|Ñ|àà°€À°€À°€À°€À°€À°€À°€À°€À(ÄäÐàÄ°€ÌÍ|Ñ|àä°€À°€À°€À°€À°€À°€À°€À°€À(ÄäÐàÈ°€ÌÍ|Ñ|äÀ°€À°€À°€À°€À°€À°€À°€À°€À(ÄäÐàÌ°€ÌÍ|Ñ|äÄ°€À°€À°€À°€À°€À°€À°€À°€À(ÄäÐàÐ°€ÌÍ|Ñ|äÈ°€À°€À°€À°€À°€À°€À°€À°€À(ÄäÐàÔ°€ÌÍ|Ñ|äÌ°€À°€À°€À°€À°€À°€À°€À°€À(ÄäÐàØ°€ÌÍ|Ñ|äÐ°€À°€À°€À°€À°€À°€À°€À°€À(ÄäÐàÜ°€ÌÍ|Ñ|äÔ°€À°€À°€À°€À°€À°€À°€À°€À(ÄäÐàà°€ÌÍ|Õ|ÀÀ°€À°€À°€À°€À°€À°€À°€À°€À(ÄäÐàä°€ÌÍ|Õ|ÀÄ°€À°€À°€À°€À°€À°€À°€À°€À(ÄäÐäÀ°€ÌÍ|Õ|ÀÈ°€À°€À°€À°€À°€À°€À°€À°€À(ÄäÐäÄ°€ÌÍ|Õ|ÀÌ°€À°€À°€À°€À°€À°€À°€À°€À(ÄäÐäÈ°€ÌÍ|Õ|ÀÐ°€À°€À°€À°€À°€À°€À°€À°€À(ÄäÐäÌ°€ÌÍ|Õ|ÀÔ°€À°€À°€À°€À°€À°€À°€À°€À(ÄäÐäÐ°€ÌÍ|Õ|ÀØ°€À°€À°€À°€À°€À°€À°€À°€À(ÄäÐäÔ°€ÌÍ|Õ|ÀÜ°€À°€À°€À°€À°€À°€À°€À°€À(ÄäÐäØ°€ÌÍ|Õ|Àà°€À°€À°€À°€À°€À°€À°€À°€À(ÄäÐäÜ°€ÌÍ|Õ|Àä°€À°€À°€À°€À°€À°€À°€À°€À(ÄäÐäà°€ÌÍ|Õ|ÄÀ°€À°€À°€À°€À°€À°€À°€À°€À(ÄäÐää°€ÌÍ|Õ|ÄÄ°€À°€À°€À°€À°€À°€À°€À°€À(ÄäÔÀÀ°€ÌÍ|Õ|ÄÈ°€À°€À°€À°€À°€À°€À°€À°€À(ÄäÔÀÄ°€ÌÍ|Õ|ÄÌ°€À°€À°€À°€À°€À°€À°€À°€À(ÄäÔÀÈ°€ÌÍ|Õ|ÄÐ°€À°€À°€À°€À°€À°€À°€À°€À(ÄäÔÀÌ°€ÌÍ|Õ|ÄÔ°€À°€À°€À°€À°€À°€À°€À°€À(ÄäÔÀÐ°€ÌÍ|Õ|ÄØ°€À°€À°€À°€À°€À°€À°€À°€À(ÄäÔÀÔ°€ÌÍ|Õ|ÄÜ°€À°€À°€À°€À°€À°€À°€À°€À(ÄäÔÀØ°€ÌÍ|Õ|Äà°€À°€À°€À°€À°€À°€À°€À°€À(ÄäÔÀÜ°€ÌÍ|Õ|Ää°€À°€À°€À°€À°€À°€À°€À°€À(ÄäÔÀà°€ÌÍ|Õ|ÈÀ°€À°€À°€À°€À°€À°€À°€À°€À(ÄäÔÀä°€ÌÍ|Õ|ÈÄ°€À°€À°€À°€À°€À°€À°€À°€À(ÄäÔÄÀ°€ÌÍ|Õ|ÈÈ°€À°€À°€À°€À°€À°€À°€À°€À(ÄäÔÄÄ°€ÌÍ|Õ|ÈÌ°€À°€À°€À°€À°€À°€À°€À°€À(ÄäÔÄÈ°€ÌÍ|Õ|ÈÐ°€À°€À°€À°€À°€À°€À°€À°€À(ÄäÔÄÌ°€ÌÍ|Õ|ÈÔ°€À°€À°€À°€À°€À°€À°€À°€À(ÄäÔÄÐ°€ÌÍ|Õ|ÈØ°€À°€À°€À°€À°€À°€À°€À°€À(ÄäÔÄÔ°€ÌÍ|Õ|ÈÜ°€À°€À°€À°€À°€À°€À°€À°€À(ÄäÔÄØ°€ÌÍ|Õ|Èà°€À°€À°€À°€À°€À°€À°€À°€À(ÄäÔÄÜ°€ÌÍ|Õ|Èä°€À°€À°€À°€À°€À°€À°€À°€À(ÄäÔÄà°€ÌÍ|Õ|ÌÀ°€À°€À°€À°€À°€À°€À°€À°€À(ÄäÔÄä°€ÌÍ|Õ|ÌÄ°€À°€À°€À°€À°€À°€À°€À°€À(ÄäÔÈÀ°€ÌÍ|Õ|ÌÈ°€À°€À°€À°€À°€À°€À°€À°€À(ÄäÔÈÄ°€ÌÍ|Õ|ÌÌ°€À°€À°€À°€À°€À°€À°€À°€À(ÄäÔÈÈ°€ÌÍ|Õ|ÌÐ°€À°€À°€À°€À°€À°€À°€À°€À(ÄäÔÈÌ°€ÌÍ|Õ|ÌÔ°€À°€À°€À°€À°€À°€À°€À°€À(ÄäÔÈÐ°€ÌÍ|Õ|ÌØ°€À°€À°€À°€À°€À°€À°€À°€À(ÄäÔÈÔ°€ÌÍ|Õ|ÌÜ°€À°€À°€À°€À°€À°€À°€À°€À(ÄäÔÈØ°€ÌÍ|Õ|Ìà°€À°€À°€À°€À°€À°€À°€À°€À(ÄäÔÈÜ°€ÌÍ|Õ|Ìä°€À°€À°€À°€À°€À°€À°€À°€À(ÄäÔÈà°€ÌÍ|Õ|ÐÀ°€À°€À°€À°€À°€À°€À°€À°€À(ÄäÔÈä°€ÌÍ|Õ|ÐÄ°€À°€À°€À°€À°€À°€À°€À°€À(ÄäÔÌÀ°€ÌÍ|Õ|ÐÈ°€À°€À°€À°€À°€À°€À°€À°€À(ÄäÔÌÄ°€ÌÍ|Õ|ÐÌ°€À°€À°€À°€À°€À°€À°€À°€À(ÄäÔÌÈ°€ÌÍ|Õ|ÐÐ°€À°€À°€À°€À°€À°€À°€À°€À(ÄäÔÌÌ°€ÌÍ|Õ|ÐÔ°€À°€À°€À°€À°€À°€À°€À°€À(ÄäÔÌÐ°€ÌÍ|Õ|ÐØ°€À°€À°€À°€À°€À°€À°€À°€À(ÄäÔÌÔ°€ÌÍ|Õ|ÐÜ°€À°€À°€À°€À°€À°€À°€À°€À(ÄäÔÌØ°€ÌÍ|Õ|Ðà°€À°€À°€À°€À°€À°€À°€À°€À(ÄäÔÌÜ°€ÌÍ|Õ|Ðä°€À°€À°€À°€À°€À°€À°€À°€À(ÄäÔÌà°€ÌÍ|Õ|ÔÀ°€À°€À°€À°€À°€À°€À°€À°€À(ÄäÔÌä°€ÌÍ|Õ|ÔÄ°€À°€À°€À°€À°€À°€À°€À°€À(ÄäÔÐÀ°€ÌÍ|Õ|ÔÈ°€À°€À°€À°€À°€À°€À°€À°€À(ÄäÔÐÄ°€ÌÍ|Õ|ÔÌ°€À°€À°€À°€À°€À°€À°€À°€À(ÄäÔÐÈ°€ÌÍ|Õ|ÔÐ°€À°€À°€À°€À°€À°€À°€À°€À(ÄäÔÐÌ°€ÌÍ|Õ|ÔÔ°€À°€À°€À°€À°€À°€À°€À°€À(ÄäÔÐÐ°€ÌÍ|Õ|ÔØ°€À°€À°€À°€À°€À°€À°€À°€À(ÄäÔÐÔ°€ÌÍ|Õ|ÔÜ°€À°€À°€À°€À°€À°€À°€À°€À(ÄäÔÐØ°€ÌÍ|Õ|Ôà°€À°€À°€À°€À°€À°€À°€À°€À(ÄäÔÐÜ°€ÌÍ|Õ|Ôä°€À°€À°€À°€À°€À°€À°€À°€À(ÄäÔÐà°€ÌÍ|Õ|ØÀ°€À°€À°€À°€À°€À°€À°€À°€À(ÄäÔÐä°€ÌÍ|Õ|ØÄ°€À°€À°€À°€À°€À°€À°€À°€À(ÄäÔÔÀ°€ÌÍ|Õ|ØÈ°€À°€À°€À°€À°€À°€À°€À°€À(ÄäÔÔÄ°€ÌÍ|Õ|ØÌ°€À°€À°€À°€À°€À°€À°€À°€À(ÄäÔÔÈ°€ÌÍ|Õ|ØÐ°€À°€À°€À°€À°€À°€À°€À°€À(ÄäÔÔÌ°€ÌÍ|Õ|ØÔ°€À°€À°€À°€À°€À°€À°€À°€À(ÄäÔÔÐ°€ÌÍ|Õ|ØØ°€À°€À°€À°€À°€À°€À°€À°€À(ÄäÔÔÔ°€ÌÍ|Õ|ØÜ°€À°€À°€À°€À°€À°€À°€À°€À(ÄäÔÔØ°€ÌÍ|Õ|Øà°€À°€À°€À°€À°€À°€À°€À°€À(ÄäÔÔÜ°€ÌÍ|Õ|Øä°€À°€À°€À°€À°€À°€À°€À°€À(ÄäÔÔà°€ÌÍ|Õ|ÜÀ°€À°€À°€À°€À°€À°€À°€À°€À(ÄäÔÔä°€ÌÍ|Õ|ÜÄ°€À°€À°€À°€À°€À°€À°€À°€À(ÄäÔØÀ°€ÌÍ|Õ|ÜÈ°€À°€À°€À°€À°€À°€À°€À°€À(ÄäÔØÄ°€ÌÍ|Õ|ÜÌ°€À°€À°€À°€À°€À°€À°€À°€À(ÄäÔØÈ°€ÌÍ|Õ|ÜÐ°€À°€À°€À°€À°€À°€À°€À°€À(ÄäÔØÌ°€ÌÍ|Õ|ÜÔ°€À°€À°€À°€À°€À°€À°€À°€À(ÄäÔØÐ°€ÌÍ|Õ|ÜØ°€À°€À°€À°€À°€À°€À°€À°€À(ÄäÔØÔ°€ÌÍ|Õ|ÜÜ°€À°€À°€À°€À°€À°€À°€À°€À(ÄäÔØØ°€ÌÍ|Õ|Üà°€À°€À°€À°€À°€À°€À°€À°€À(ÄäÔØÜ°€ÌÍ|Õ|Üä°€À°€À°€À°€À°€À°€À°€À°€À(ÄäÔØà°€ÌÍ|Õ|àÀ°€À°€À°€À°€À°€À°€À°€À°€À(ÄäÔØä°€ÌÍ|Õ|àÄ°€À°€À°€À°€À°€À°€À°€À°€À(ÄäÔÜÀ°€ÌÍ|Õ|àÈ°€À°€À°€À°€À°€À°€À°€À°€À(ÄäÔÜÄ°€ÌÍ|Õ|àÌ°€À°€À°€À°€À°€À°€À°€À°€À(ÄäÔÜÈ°€ÌÍ|Õ|àÐ°€À°€À°€À°€À°€À°€À°€À°€À(ÄäÔÜÌ°€ÌÍ|Õ|àÔ°€À°€À°€À°€À°€À°€À°€À°€À(ÄäÔÜÐ°€ÌÍ|Õ|àØ°€À°€À°€À°€À°€À°€À°€À°€À(ÄäÔÜÔ°€ÌÍ|Õ|àÜ°€À°€À°€À°€À°€À°€À°€À°€À(ÄäÔÜØ°€ÌÍ|Õ|àà°€À°€À°€À°€À°€À°€À°€À°€À(ÄäÔÜÜ°€ÌÍ|Õ|àä°€À°€À°€À°€À°€À°€À°€À°€À(ÄäÔÜà°€ÌÍ|Õ|äÀ°€À°€À°€À°€À°€À°€À°€À°€À(ÄäÔÜä°€ÌÍ|Õ|äÄ°€À°€À°€À°€À°€À°€À°€À°€À(ÄäÔàÀ°€ÌÍ|Õ|äÈ°€À°€À°€À°€À°€À°€À°€À°€À(ÄäÔàÄ°€ÌÍ|Õ|äÌ°€À°€À°€À°€À°€À°€À°€À°€À(ÄäÔàÈ°€ÌÍ|Õ|äÐ°€À°€À°€À°€À°€À°€À°€À°€À(ÄäÔàÌ°€ÌÍ|Õ|äÔ°€À°€À°€À°€À°€À°€À°€À°€À(ÄäÔàÐ°€ÌÑ|Á|ÀÀ°€À°€À°€À°€À°€À°€À°€À°€À(ÄäÔàÔ°€ÌÑ|Á|ÀÄ°€À°€À°€À°€À°€À°€À°€À°€À(ÄäÔàØ°€ÌÑ|Á|ÀÈ°€À°€À°€À°€À°€À°€À°€À°€À(ÄäÔàÜ°€ÌÑ|Á|ÀÌ°€À°€À°€À°€À°€À°€À°€À°€À(ÄäÔàà°€ÌÑ|Á|ÀÐ°€À°€À°€À°€À°€À°€À°€À°€À(ÄäÔàä°€ÌÑ|Á|ÀÔ°€À°€À°€À°€À°€À°€À°€À°€À(ÄäÔäÀ°€ÌÑ|Á|ÀØ°€À°€À°€À°€À°€À°€À°€À°€À(ÄäÔäÄ°€ÌÑ|Á|ÀÜ°€À°€À°€À°€À°€À°€À°€À°€À(ÄäÔäÈ°€ÌÑ|Á|Àà°€À°€À°€À°€À°€À°€À°€À°€À(ÄäÔäÌ°€ÌÑ|Á|Àä°€À°€À°€À°€À°€À°€À°€À°€À(ÄäÔäÐ°€ÌÑ|Á|ÄÀ°€À°€À°€À°€À°€À°€À°€À°€À(ÄäÔäÔ°€ÌÑ|Á|ÄÄ°€À°€À°€À°€À°€À°€À°€À°€À(ÄäÔäØ°€ÌÑ|Á|ÄÈ°€À°€À°€À°€À°€À°€À°€À°€À(ÄäÔäÜ°€ÌÑ|Á|ÄÌ°€À°€À°€À°€À°€À°€À°€À°€À(ÄäÔäà°€ÌÑ|Á|ÄÐ°€À°€À°€À°€À°€À°€À°€À°€À(ÄäÔää°€ÌÑ|Á|ÄÔ°€À°€À°€À°€À°€À°€À°€À°€À(ÄäØÀÀ°€ÌÑ|Á|ÄØ°€À°€À°€À°€À°€À°€À°€À°€À(ÄäØÀÄ°€ÌÑ|Á|ÄÜ°€À°€À°€À°€À°€À°€À°€À°€À(ÄäØÀÈ°€ÌÑ|Á|Äà°€À°€À°€À°€À°€À°€À°€À°€À(ÄäØÀÌ°€ÌÑ|Á|Ää°€À°€À°€À°€À°€À°€À°€À°€À(ÄäØÀÐ°€ÌÑ|Á|ÈÀ°€À°€À°€À°€À°€À°€À°€À°€À(ÄäØÀÔ°€ÌÑ|Á|ÈÄ°€À°€À°€À°€À°€À°€À°€À°€À(ÄäØÀØ°€ÌÑ|Á|ÈÈ°€À°€À°€À°€À°€À°€À°€À°€À(ÄäØÀÜ°€ÌÑ|Á|ÈÌ°€À°€À°€À°€À°€À°€À°€À°€À(ÄäØÀà°€ÌÑ|Á|ÈÐ°€À°€À°€À°€À°€À°€À°€À°€À(ÄäØÀä°€ÌÑ|Á|ÈÔ°€À°€À°€À°€À°€À°€À°€À°€À(ÄäØÄÀ°€ÌÑ|Á|ÈØ°€À°€À°€À°€À°€À°€À°€À°€À(ÄäØÄÄ°€ÌÑ|Á|ÈÜ°€À°€À°€À°€À°€À°€À°€À°€À(ÄäØÄÈ°€ÌÑ|Á|Èà°€À°€À°€À°€À°€À°€À°€À°€À(ÄäØÄÌ°€ÌÑ|Á|Èä°€À°€À°€À°€À°€À°€À°€À°€À(ÄäØÄÐ°€ÌÑ|Á|ÌÀ°€À°€À°€À°€À°€À°€À°€À°€À(ÄäØÄÔ°€ÌÑ|Á|ÌÄ°€À°€À°€À°€À°€À°€À°€À°€À(ÄäØÄØ°€ÌÑ|Á|ÌÈ°€À°€À°€À°€À°€À°€À°€À°€À(ÄäØÄÜ°€ÌÑ|Á|ÌÌ°€À°€À°€À°€À°€À°€À°€À°€À(ÄäØÄà°€ÌÑ|Á|ÌÐ°€À°€À°€À°€À°€À°€À°€À°€À(ÄäØÄä°€ÌÑ|Á|ÌÔ°€À°€À°€À°€À°€À°€À°€À°€À(ÄäØÈÀ°€ÌÑ|Á|ÌØ°€À°€À°€À°€À°€À°€À°€À°€À(ÄäØÈÄ°€ÌÑ|Á|ÌÜ°€À°€À°€À°€À°€À°€À°€À°€À(ÄäØÈÈ°€ÌÑ|Á|Ìà°€À°€À°€À°€À°€À°€À°€À°€À(ÄäØÈÌ°€ÌÑ|Á|Ìä°€À°€À°€À°€À°€À°€À°€À°€À(ÄäØÈÐ°€ÌÑ|Á|ÐÀ°€À°€À°€À°€À°€À°€À°€À°€À(ÄäØÈÔ°€ÌÑ|Á|ÐÄ°€À°€À°€À°€À°€À°€À°€À°€À(ÄäØÈØ°€ÌÑ|Á|ÐÈ°€À°€À°€À°€À°€À°€À°€À°€À(ÄäØÈÜ°€ÌÑ|Á|ÐÌ°€À°€À°€À°€À°€À°€À°€À°€À(ÄäØÈà°€ÌÑ|Á|ÐÐ°€À°€À°€À°€À°€À°€À°€À°€À(ÄäØÈä°€ÌÑ|Á|ÐÔ°€À°€À°€À°€À°€À°€À°€À°€À(ÄäØÌÀ°€ÌÑ|Á|ÐØ°€À°€À°€À°€À°€À°€À°€À°€À(ÄäØÌÄ°€ÌÑ|Á|ÐÜ°€À°€À°€À°€À°€À°€À°€À°€À(ÄäØÌÈ°€ÌÑ|Á|Ðà°€À°€À°€À°€À°€À°€À°€À°€À(ÄäØÌÌ°€ÌÑ|Á|Ðä°€À°€À°€À°€À°€À°€À°€À°€À(ÄäØÌÐ°€ÌÑ|Á|ÔÀ°€À°€À°€À°€À°€À°€À°€À°€À(ÄäØÌÔ°€ÌÑ|Á|ÔÄ°€À°€À°€À°€À°€À°€À°€À°€À(ÄäØÌØ°€ÌÑ|Á|ÔÈ°€À°€À°€À°€À°€À°€À°€À°€À(ÄäØÌÜ°€ÌÑ|Á|ÔÌ°€À°€À°€À°€À°€À°€À°€À°€À(ÄäØÌà°€ÌÑ|Á|ÔÐ°€À°€À°€À°€À°€À°€À°€À°€À(ÄäØÌä°€ÌÑ|Á|ÔÔ°€À°€À°€À°€À°€À°€À°€À°€À(ÄäØÐÀ°€ÌÑ|Á|ÔØ°€À°€À°€À°€À°€À°€À°€À°€À(ÄäØÐÄ°€ÌÑ|Á|ÔÜ°€À°€À°€À°€À°€À°€À°€À°€À(ÄäØÐÈ°€ÌÑ|Á|Ôà°€À°€À°€À°€À°€À°€À°€À°€À(ÄäØÐÌ°€ÌÑ|Á|Ôä°€À°€À°€À°€À°€À°€À°€À°€À(ÄäØÐÐ°€ÌÑ|Á|ØÀ°€À°€À°€À°€À°€À°€À°€À°€À(ÄäØÐÔ°€ÌÑ|Á|ØÄ°€À°€À°€À°€À°€À°€À°€À°€À(ÄäØÐØ°€ÌÑ|Á|ØÈ°€À°€À°€À°€À°€À°€À°€À°€À(ÄäØÐÜ°€ÌÑ|Á|ØÌ°€À°€À°€À°€À°€À°€À°€À°€À(ÄäØÐà°€ÌÑ|Á|ØÐ°€À°€À°€À°€À°€À°€À°€À°€À(ÄäØÐä°€ÌÑ|Á|ØÔ°€À°€À°€À°€À°€À°€À°€À°€À(ÄäØÔÀ°€ÌÑ|Á|ØØ°€À°€À°€À°€À°€À°€À°€À°€À(ÄäØÔÄ°€ÌÑ|Á|ØÜ°€À°€À°€À°€À°€À°€À°€À°€À(ÄäØÔÈ°€ÌÑ|Á|Øà°€À°€À°€À°€À°€À°€À°€À°€À(ÄäØÔÌ°€ÌÑ|Á|Øä°€À°€À°€À°€À°€À°€À°€À°€À(ÄäØÔÐ°€ÌÑ|Á|ÜÀ°€À°€À°€À°€À°€À°€À°€À°€À(ÄäØÔÔ°€ÌÑ|Á|ÜÄ°€À°€À°€À°€À°€À°€À°€À°€À(ÄäØÔØ°€ÌÑ|Á|ÜÈ°€À°€À°€À°€À°€À°€À°€À°€À(ÄäØÔÜ°€ÌÑ|Á|ÜÌ°€À°€À°€À°€À°€À°€À°€À°€À(ÄäØÔà°€ÌÑ|Á|ÜÐ°€À°€À°€À°€À°€À°€À°€À°€À(ÄäØÔä°€ÌÑ|Á|ÜÔ°€À°€À°€À°€À°€À°€À°€À°€À(ÄäØØÀ°€ÌÑ|Á|ÜØ°€À°€À°€À°€À°€À°€À°€À°€À(ÄäØØÄ°€ÌÑ|Á|ÜÜ°€À°€À°€À°€À°€À°€À°€À°€À(ÄäØØÈ°€ÌÑ|Á|Üà°€À°€À°€À°€À°€À°€À°€À°€À(ÄäØØÌ°€ÌÑ|Á|Üä°€À°€À°€À°€À°€À°€À°€À°€À(ÄäØØÐ°€ÌÑ|Á|àÀ°€À°€À°€À°€À°€À°€À°€À°€À(ÄäØØÔ°€ÌÑ|Á|àÄ°€À°€À°€À°€À°€À°€À°€À°€À(ÄäØØØ°€ÌÑ|Á|àÈ°€À°€À°€À°€À°€À°€À°€À°€À(ÄäØØÜ°€ÌÑ|Á|àÌ°€À°€À°€À°€À°€À°€À°€À°€À(ÄäØØà°€ÌÑ|Á|àÐ°€À°€À°€À°€À°€À°€À°€À°€À(ÄäØØä°€ÌÑ|Á|àÔ°€À°€À°€À°€À°€À°€À°€À°€À(ÄäØÜÀ°€ÌÑ|Á|àØ°€À°€À°€À°€À°€À°€À°€À°€À(ÄäØÜÄ°€ÌÑ|Á|àÜ°€À°€À°€À°€À°€À°€À°€À°€À(ÄäØÜÈ°€ÌÑ|Á|àà°€À°€À°€À°€À°€À°€À°€À°€À(ÄäØÜÌ°€ÌÑ|Á|àä°€À°€À°€À°€À°€À°€À°€À°€À(ÄäØÜÐ°€ÌÑ|Á|äÀ°€À°€À°€À°€À°€À°€À°€À°€À(ÄäØÜÔ°€ÌÑ|Á|äÄ°€À°€À°€À°€À°€À°€À°€À°€À(ÄäØÜØ°€ÌÑ|Á|äÈ°€À°€À°€À°€À°€À°€À°€À°€À(ÄäØÜÜ°€ÌÑ|Á|äÌ°€À°€À°€À°€À°€À°€À°€À°€À(ÄäØÜà°€ÌÑ|Á|äÐ°€À°€À°€À°€À°€À°€À°€À°€À(ÄäØÜä°€ÌÑ|Á|äÔ°€À°€À°€À°€À°€À°€À°€À°€À(ÄäØàÀ°€ÌÑ|Å|ÀÀ°€À°€À°€À°€À°€À°€À°€À°€À(ÄäØàÄ°€ÌÑ|Å|ÀÄ°€À°€À°€À°€À°€À°€À°€À°€À(ÄäØàÈ°€ÌÑ|Å|ÀÈ°€À°€À°€À°€À°€À°€À°€À°€À(ÄäØàÌ°€ÌÑ|Å|ÀÌ°€À°€À°€À°€À°€À°€À°€À°€À(ÄäØàÐ°€ÌÑ|Å|ÀÐ°€À°€À°€À°€À°€À°€À°€À°€À(ÄäØàÔ°€ÌÑ|Å|ÀÔ°€À°€À°€À°€À°€À°€À°€À°€À(ÄäØàØ°€ÌÑ|Å|ÀØ°€À°€À°€À°€À°€À°€À°€À°€À(ÄäØàÜ°€ÌÑ|Å|ÀÜ°€À°€À°€À°€À°€À°€À°€À°€À(ÄäØàà°€ÌÑ|Å|Àà°€À°€À°€À°€À°€À°€À°€À°€À(ÄäØàä°€ÌÑ|Å|Àä°€À°€À°€À°€À°€À°€À°€À°€À(ÄäØäÀ°€ÌÑ|Å|ÄÀ°€À°€À°€À°€À°€À°€À°€À°€À(ÄäØäÄ°€ÌÑ|Å|ÄÄ°€À°€À°€À°€À°€À°€À°€À°€À(ÄäØäÈ°€ÌÑ|Å|ÄÈ°€À°€À°€À°€À°€À°€À°€À°€À(ÄäØäÌ°€ÌÑ|Å|ÄÌ°€À°€À°€À°€À°€À°€À°€À°€À(ÄäØäÐ°€ÌÑ|Å|ÄÐ°€À°€À°€À°€À°€À°€À°€À°€À(ÄäØäÔ°€ÌÑ|Å|ÄÔ°€À°€À°€À°€À°€À°€À°€À°€À(ÄäØäØ°€ÌÑ|Å|ÄØ°€À°€À°€À°€À°€À°€À°€À°€À(ÄäØäÜ°€ÌÑ|Å|ÄÜ°€À°€À°€À°€À°€À°€À°€À°€À(ÄäØäà°€ÌÑ|Å|Äà°€À°€À°€À°€À°€À°€À°€À°€À(ÄäØää°€ÌÑ|Å|Ää°€À°€À°€À°€À°€À°€À°€À°€À(ÄäÜÀÀ°€ÌÑ|Å|ÈÀ°€À°€À°€À°€À°€À°€À°€À°€À(ÄäÜÀÄ°€ÌÑ|Å|ÈÄ°€À°€À°€À°€À°€À°€À°€À°€À(ÄäÜÀÈ°€ÌÑ|Å|ÈÈ°€À°€À°€À°€À°€À°€À°€À°€À(ÄäÜÀÌ°€ÌÑ|Å|ÈÌ°€À°€À°€À°€À°€À°€À°€À°€À(ÄäÜÀÐ°€ÌÑ|Å|ÈÐ°€À°€À°€À°€À°€À°€À°€À°€À(ÄäÜÀÔ°€ÌÑ|Å|ÈÔ°€À°€À°€À°€À°€À°€À°€À°€À(ÄäÜÀØ°€ÌÑ|Å|ÈØ°€À°€À°€À°€À°€À°€À°€À°€À(ÄäÜÀÜ°€ÌÑ|Å|ÈÜ°€À°€À°€À°€À°€À°€À°€À°€À(ÄäÜÀà°€ÌÑ|Å|Èà°€À°€À°€À°€À°€À°€À°€À°€À(ÄäÜÀä°€ÌÑ|Å|Èä°€À°€À°€À°€À°€À°€À°€À°€À(ÄäÜÄÀ°€ÌÑ|Å|ÌÀ°€À°€À°€À°€À°€À°€À°€À°€À(ÄäÜÄÄ°€ÌÑ|Å|ÌÄ°€À°€À°€À°€À°€À°€À°€À°€À(ÄäÜÄÈ°€ÌÑ|Å|ÌÈ°€À°€À°€À°€À°€À°€À°€À°€À(ÄäÜÄÌ°€ÌÑ|Å|ÌÌ°€À°€À°€À°€À°€À°€À°€À°€À(ÄäÜÄÐ°€ÌÑ|Å|ÌÐ°€À°€À°€À°€À°€À°€À°€À°€À(ÄäÜÄÔ°€ÌÑ|Å|ÌÔ°€À°€À°€À°€À°€À°€À°€À°€À(ÄäÜÄØ°€ÌÑ|Å|ÌØ°€À°€À°€À°€À°€À°€À°€À°€À(ÄäÜÄÜ°€ÌÑ|Å|ÌÜ°€À°€À°€À°€À°€À°€À°€À°€À(ÄäÜÄà°€ÌÑ|Å|Ìà°€À°€À°€À°€À°€À°€À°€À°€À(ÄäÜÄä°€ÌÑ|Å|Ìä°€À°€À°€À°€À°€À°€À°€À°€À(ÄäÜÈÀ°€ÌÑ|Å|ÐÀ°€À°€À°€À°€À°€À°€À°€À°€À(ÄäÜÈÄ°€ÌÑ|Å|ÐÄ°€À°€À°€À°€À°€À°€À°€À°€À(ÄäÜÈÈ°€ÌÑ|Å|ÐÈ°€À°€À°€À°€À°€À°€À°€À°€À(ÄäÜÈÌ°€ÌÑ|Å|ÐÌ°€À°€À°€À°€À°€À°€À°€À°€À(ÄäÜÈÐ°€ÌÑ|Å|ÐÐ°€À°€À°€À°€À°€À°€À°€À°€À(ÄäÜÈÔ°€ÌÑ|Å|ÐÔ°€À°€À°€À°€À°€À°€À°€À°€À(ÄäÜÈØ°€ÌÑ|Å|ÐØ°€À°€À°€À°€À°€À°€À°€À°€À(ÄäÜÈÜ°€ÌÑ|Å|ÐÜ°€À°€À°€À°€À°€À°€À°€À°€À(ÄäÜÈà°€ÌÑ|Å|Ðà°€À°€À°€À°€À°€À°€À°€À°€À(ÄäÜÈä°€ÌÑ|Å|Ðä°€À°€À°€À°€À°€À°€À°€À°€À(ÄäÜÌÀ°€ÌÑ|Å|ÔÀ°€À°€À°€À°€À°€À°€À°€À°€À(ÄäÜÌÄ°€ÌÑ|Å|ÔÄ°€À°€À°€À°€À°€À°€À°€À°€À(ÄäÜÌÈ°€ÌÑ|Å|ÔÈ°€À°€À°€À°€À°€À°€À°€À°€À(ÄäÜÌÌ°€ÌÑ|Å|ÔÌ°€À°€À°€À°€À°€À°€À°€À°€À(ÄäÜÌÐ°€ÌÑ|Å|ÔÐ°€À°€À°€À°€À°€À°€À°€À°€À(ÄäÜÌÔ°€ÌÑ|Å|ÔÔ°€À°€À°€À°€À°€À°€À°€À°€À(ÄäÜÌØ°€ÌÑ|Å|ÔØ°€À°€À°€À°€À°€À°€À°€À°€À(ÄäÜÌÜ°€ÌÑ|Å|ÔÜ°€À°€À°€À°€À°€À°€À°€À°€À(ÄäÜÌà°€ÌÑ|Å|Ôà°€À°€À°€À°€À°€À°€À°€À°€À(ÄäÜÌä°€ÌÑ|Å|Ôä°€À°€À°€À°€À°€À°€À°€À°€À(ÄäÜÐÀ°€ÌÑ|Å|ØÀ°€À°€À°€À°€À°€À°€À°€À°€À(ÄäÜÐÄ°€ÌÑ|Å|ØÄ°€À°€À°€À°€À°€À°€À°€À°€À(ÄäÜÐÈ°€ÌÑ|Å|ØÈ°€À°€À°€À°€À°€À°€À°€À°€À(ÄäÜÐÌ°€ÌÑ|Å|ØÌ°€À°€À°€À°€À°€À°€À°€À°€À(ÄäÜÐÐ°€ÌÑ|Å|ØÐ°€À°€À°€À°€À°€À°€À°€À°€À(ÄäÜÐÔ°€ÌÑ|Å|ØÔ°€À°€À°€À°€À°€À°€À°€À°€À(ÄäÜÐØ°€ÌÑ|Å|ØØ°€À°€À°€À°€À°€À°€À°€À°€À(ÄäÜÐÜ°€ÌÑ|Å|ØÜ°€À°€À°€À°€À°€À°€À°€À°€À(ÄäÜÐà°€ÌÑ|Å|Øà°€À°€À°€À°€À°€À°€À°€À°€À(ÄäÜÐä°€ÌÑ|Å|Øä°€À°€À°€À°€À°€À°€À°€À°€À(ÄäÜÔÀ°€ÌÑ|Å|ÜÀ°€À°€À°€À°€À°€À°€À°€À°€À(ÄäÜÔÄ°€ÌÑ|Å|ÜÄ°€À°€À°€À°€À°€À°€À°€À°€À(ÄäÜÔÈ°€ÌÑ|Å|ÜÈ°€À°€À°€À°€À°€À°€À°€À°€À(ÄäÜÔÌ°€ÌÑ|Å|ÜÌ°€À°€À°€À°€À°€À°€À°€À°€À(ÄäÜÔÐ°€ÌÑ|Å|ÜÐ°€À°€À°€À°€À°€À°€À°€À°€À(ÄäÜÔÔ°€ÌÑ|Å|ÜÔ°€À°€À°€À°€À°€À°€À°€À°€À(ÄäÜÔØ°€ÌÑ|Å|ÜØ°€À°€À°€À°€À°€À°€À°€À°€À(ÄäÜÔÜ°€ÌÑ|Å|ÜÜ°€À°€À°€À°€À°€À°€À°€À°€À(ÄäÜÔà°€ÌÑ|Å|Üà°€À°€À°€À°€À°€À°€À°€À°€À(ÄäÜÔä°€ÌÑ|Å|Üä°€À°€À°€À°€À°€À°€À°€À°€À(ÄäÜØÀ°€ÌÑ|Å|àÀ°€À°€À°€À°€À°€À°€À°€À°€À(ÄäÜØÄ°€ÌÑ|Å|àÄ°€À°€À°€À°€À°€À°€À°€À°€À(ÄäÜØÈ°€ÌÑ|Å|àÈ°€À°€À°€À°€À°€À°€À°€À°€À(ÄäÜØÌ°€ÌÑ|Å|àÌ°€À°€À°€À°€À°€À°€À°€À°€À(ÄäÜØÐ°€ÌÑ|Å|àÐ°€À°€À°€À°€À°€À°€À°€À°€À(ÄäÜØÔ°€ÌÑ|Å|àÔ°€À°€À°€À°€À°€À°€À°€À°€À(ÄäÜØØ°€ÌÑ|Å|àØ°€À°€À°€À°€À°€À°€À°€À°€À(ÄäÜØÜ°€ÌÑ|Å|àÜ°€À°€À°€À°€À°€À°€À°€À°€À(ÄäÜØà°€ÌÑ|Å|àà°€À°€À°€À°€À°€À°€À°€À°€À(ÄäÜØä°€ÌÑ|Å|àä°€À°€À°€À°€À°€À°€À°€À°€À(ÄäÜÜÀ°€ÌÑ|Å|äÀ°€À°€À°€À°€À°€À°€À°€À°€À(ÄäÜÜÄ°€ÌÑ|Å|äÄ°€À°€À°€À°€À°€À°€À°€À°€À(ÄäÜÜÈ°€ÌÑ|Å|äÈ°€À°€À°€À°€À°€À°€À°€À°€À(ÄäÜÜÌ°€ÌÑ|Å|äÌ°€À°€À°€À°€À°€À°€À°€À°€À(ÄäÜÜÐ°€ÌÑ|Å|äÐ°€À°€À°€À°€À°€À°€À°€À°€À(ÄäÜÜÔ°€ÌÑ|Å|äÔ°€À°€À°€À°€À°€À°€À°€À°€À(ÄäÜÜØ°€ÌÑ|É|ÀÀ°€À°€À°€À°€À°€À°€À°€À°€À(ÄäÜÜÜ°€ÌÑ|É|ÀÄ°€À°€À°€À°€À°€À°€À°€À°€À(ÄäÜÜà°€ÌÑ|É|ÀÈ°€À°€À°€À°€À°€À°€À°€À°€À(ÄäÜÜä°€ÌÑ|É|ÀÌ°€À°€À°€À°€À°€À°€À°€À°€À(ÄäÜàÀ°€ÌÑ|É|ÀÐ°€À°€À°€À°€À°€À°€À°€À°€À(ÄäÜàÄ°€ÌÑ|É|ÀÔ°€À°€À°€À°€À°€À°€À°€À°€À(ÄäÜàÈ°€ÌÑ|É|ÀØ°€À°€À°€À°€À°€À°€À°€À°€À(ÄäÜàÌ°€ÌÑ|É|ÀÜ°€À°€À°€À°€À°€À°€À°€À°€À(ÄäÜàÐ°€ÌÑ|É|Àà°€À°€À°€À°€À°€À°€À°€À°€À(ÄäÜàÔ°€ÌÑ|É|Àä°€À°€À°€À°€À°€À°€À°€À°€À(ÄäÜàØ°€ÌÑ|É|ÄÀ°€À°€À°€À°€À°€À°€À°€À°€À(ÄäÜàÜ°€ÌÑ|É|ÄÄ°€À°€À°€À°€À°€À°€À°€À°€À(ÄäÜàà°€ÌÑ|É|ÄÈ°€À°€À°€À°€À°€À°€À°€À°€À(ÄäÜàä°€ÌÑ|É|ÄÌ°€À°€À°€À°€À°€À°€À°€À°€À(ÄäÜäÀ°€ÌÑ|É|ÄÐ°€À°€À°€À°€À°€À°€À°€À°€À(ÄäÜäÄ°€ÌÑ|É|ÄÔ°€À°€À°€À°€À°€À°€À°€À°€À(ÄäÜäÈ°€ÌÑ|É|ÄØ°€À°€À°€À°€À°€À°€À°€À°€À(ÄäÜäÌ°€ÌÑ|É|ÄÜ°€À°€À°€À°€À°€À°€À°€À°€À(ÄäÜäÐ°€ÌÑ|É|Äà°€À°€À°€À°€À°€À°€À°€À°€À(ÄäÜäÔ°€ÌÑ|É|Ää°€À°€À°€À°€À°€À°€À°€À°€À(ÄäÜäØ°€ÌÑ|É|ÈÀ°€À°€À°€À°€À°€À°€À°€À°€À(ÄäÜäÜ°€ÌÑ|É|ÈÄ°€À°€À°€À°€À°€À°€À°€À°€À(ÄäÜäà°€ÌÑ|É|ÈÈ°€À°€À°€À°€À°€À°€À°€À°€À(ÄäÜää°€ÌÑ|É|ÈÌ°€À°€À°€À°€À°€À°€À°€À°€À(ÄäàÀÀ°€ÌÑ|É|ÈÐ°€À°€À°€À°€À°€À°€À°€À°€À(ÄäàÀÄ°€ÌÑ|É|ÈÔ°€À°€À°€À°€À°€À°€À°€À°€À(ÄäàÀÈ°€ÌÑ|É|ÈØ°€À°€À°€À°€À°€À°€À°€À°€À(ÄäàÀÌ°€ÌÑ|É|ÈÜ°€À°€À°€À°€À°€À°€À°€À°€À(ÄäàÀÐ°€ÌÑ|É|Èà°€À°€À°€À°€À°€À°€À°€À°€À(ÄäàÀÔ°€ÌÑ|É|Èä°€À°€À°€À°€À°€À°€À°€À°€À(ÄäàÀØ°€ÌÑ|É|ÌÀ°€À°€À°€À°€À°€À°€À°€À°€À(ÄäàÀÜ°€ÌÑ|É|ÌÄ°€À°€À°€À°€À°€À°€À°€À°€À(ÄäàÀà°€ÌÑ|É|ÌÈ°€À°€À°€À°€À°€À°€À°€À°€À(ÄäàÀä°€ÌÑ|É|ÌÌ°€À°€À°€À°€À°€À°€À°€À°€À(ÄäàÄÀ°€ÌÑ|É|ÌÐ°€À°€À°€À°€À°€À°€À°€À°€À(ÄäàÄÄ°€ÌÑ|É|ÌÔ°€À°€À°€À°€À°€À°€À°€À°€À(ÄäàÄÈ°€ÌÑ|É|ÌØ°€À°€À°€À°€À°€À°€À°€À°€À(ÄäàÄÌ°€ÌÑ|É|ÌÜ°€À°€À°€À°€À°€À°€À°€À°€À(ÄäàÄÐ°€ÌÑ|É|Ìà°€À°€À°€À°€À°€À°€À°€À°€À(ÄäàÄÔ°€ÌÑ|É|Ìä°€À°€À°€À°€À°€À°€À°€À°€À(ÄäàÄØ°€ÌÑ|É|ÐÀ°€À°€À°€À°€À°€À°€À°€À°€À(ÄäàÄÜ°€ÌÑ|É|ÐÄ°€À°€À°€À°€À°€À°€À°€À°€À(ÄäàÄà°€ÌÑ|É|ÐÈ°€À°€À°€À°€À°€À°€À°€À°€À(ÄäàÄä°€ÌÑ|É|ÐÌ°€À°€À°€À°€À°€À°€À°€À°€À(ÄäàÈÀ°€ÌÑ|É|ÐÐ°€À°€À°€À°€À°€À°€À°€À°€À(ÄäàÈÄ°€ÌÑ|É|ÐÔ°€À°€À°€À°€À°€À°€À°€À°€À(ÄäàÈÈ°€ÌÑ|É|ÐØ°€À°€À°€À°€À°€À°€À°€À°€À(ÄäàÈÌ°€ÌÑ|É|ÐÜ°€À°€À°€À°€À°€À°€À°€À°€À(ÄäàÈÐ°€ÌÑ|É|Ðà°€À°€À°€À°€À°€À°€À°€À°€À(ÄäàÈÔ°€ÌÑ|É|Ðä°€À°€À°€À°€À°€À°€À°€À°€À(ÄäàÈØ°€ÌÑ|É|ÔÀ°€À°€À°€À°€À°€À°€À°€À°€À(ÄäàÈÜ°€ÌÑ|É|ÔÄ°€À°€À°€À°€À°€À°€À°€À°€À(ÄäàÈà°€ÌÑ|É|ÔÈ°€À°€À°€À°€À°€À°€À°€À°€À(ÄäàÈä°€ÌÑ|É|ÔÌ°€À°€À°€À°€À°€À°€À°€À°€À(ÄäàÌÀ°€ÌÑ|É|ÔÐ°€À°€À°€À°€À°€À°€À°€À°€À(ÄäàÌÄ°€ÌÑ|É|ÔÔ°€À°€À°€À°€À°€À°€À°€À°€À(ÄäàÌÈ°€ÌÑ|É|ÔØ°€À°€À°€À°€À°€À°€À°€À°€À(ÄäàÌÌ°€ÌÑ|É|ÔÜ°€À°€À°€À°€À°€À°€À°€À°€À(ÄäàÌÐ°€ÌÑ|É|Ôà°€À°€À°€À°€À°€À°€À°€À°€À(ÄäàÌÔ°€ÌÑ|É|Ôä°€À°€À°€À°€À°€À°€À°€À°€À(ÄäàÌØ°€ÌÑ|É|ØÀ°€À°€À°€À°€À°€À°€À°€À°€À(ÄäàÌÜ°€ÌÑ|É|ØÄ°€À°€À°€À°€À°€À°€À°€À°€À(ÄäàÌà°€ÌÑ|É|ØÈ°€À°€À°€À°€À°€À°€À°€À°€À(ÄäàÌä°€ÌÑ|É|ØÌ°€À°€À°€À°€À°€À°€À°€À°€À(ÄäàÐÀ°€ÌÑ|É|ØÐ°€À°€À°€À°€À°€À°€À°€À°€À(ÄäàÐÄ°€ÌÑ|É|ØÔ°€À°€À°€À°€À°€À°€À°€À°€À(ÄäàÐÈ°€ÌÑ|É|ØØ°€À°€À°€À°€À°€À°€À°€À°€À(ÄäàÐÌ°€ÌÑ|É|ØÜ°€À°€À°€À°€À°€À°€À°€À°€À(ÄäàÐÐ°€ÌÑ|É|Øà°€À°€À°€À°€À°€À°€À°€À°€À(ÄäàÐÔ°€ÌÑ|É|Øä°€À°€À°€À°€À°€À°€À°€À°€À(ÄäàÐØ°€ÌÑ|É|ÜÀ°€À°€À°€À°€À°€À°€À°€À°€À(ÄäàÐÜ°€ÌÑ|É|ÜÄ°€À°€À°€À°€À°€À°€À°€À°€À(ÄäàÐà°€ÌÑ|É|ÜÈ°€À°€À°€À°€À°€À°€À°€À°€À(ÄäàÐä°€ÌÑ|É|ÜÌ°€À°€À°€À°€À°€À°€À°€À°€À(ÄäàÔÀ°€ÌÑ|É|ÜÐ°€À°€À°€À°€À°€À°€À°€À°€À(ÄäàÔÄ°€ÌÑ|É|ÜÔ°€À°€À°€À°€À°€À°€À°€À°€À(ÄäàÔÈ°€ÌÑ|É|ÜØ°€À°€À°€À°€À°€À°€À°€À°€À(ÄäàÔÌ°€ÌÑ|É|ÜÜ°€À°€À°€À°€À°€À°€À°€À°€À(ÄäàÔÐ°€ÌÑ|É|Üà°€À°€À°€À°€À°€À°€À°€À°€À(ÄäàÔÔ°€ÌÑ|É|Üä°€À°€À°€À°€À°€À°€À°€À°€À(ÄäàÔØ°€ÌÑ|É|àÀ°€À°€À°€À°€À°€À°€À°€À°€À(ÄäàÔÜ°€ÌÑ|É|àÄ°€À°€À°€À°€À°€À°€À°€À°€À(ÄäàÔà°€ÌÑ|É|àÈ°€À°€À°€À°€À°€À°€À°€À°€À(ÄäàÔä°€ÌÑ|É|àÌ°€À°€À°€À°€À°€À°€À°€À°€À(ÄäàØÀ°€ÌÑ|É|àÐ°€À°€À°€À°€À°€À°€À°€À°€À(ÄäàØÄ°€ÌÑ|É|àÔ°€À°€À°€À°€À°€À°€À°€À°€À(ÄäàØÈ°€ÌÑ|É|àØ°€À°€À°€À°€À°€À°€À°€À°€À(ÄäàØÌ°€ÌÑ|É|àÜ°€À°€À°€À°€À°€À°€À°€À°€À(ÄäàØÐ°€ÌÑ|É|àà°€À°€À°€À°€À°€À°€À°€À°€À(ÄäàØÔ°€ÌÑ|É|àä°€À°€À°€À°€À°€À°€À°€À°€À(ÄäàØØ°€ÌÑ|É|äÀ°€À°€À°€À°€À°€À°€À°€À°€À(ÄäàØÜ°€ÌÑ|É|äÄ°€À°€À°€À°€À°€À°€À°€À°€À(ÄäàØà°€ÌÑ|É|äÈ°€À°€À°€À°€À°€À°€À°€À°€À(ÄäàØä°€ÌÑ|É|äÌ°€À°€À°€À°€À°€À°€À°€À°€À(ÄäàÜÀ°€ÌÑ|É|äÐ°€À°€À°€À°€À°€À°€À°€À°€À(ÄäàÜÄ°€ÌÑ|É|äÔ°€À°€À°€À°€À°€À°€À°€À°€À(ÄäàÜÈ°€ÌÑ|Í|ÀÀ°€À°€À°€À°€À°€À°€À°€À°€À(ÄäàÜÌ°€ÌÑ|Í|ÀÄ°€À°€À°€À°€À°€À°€À°€À°€À(ÄäàÜÐ°€ÌÑ|Í|ÀÈ°€À°€À°€À°€À°€À°€À°€À°€À(ÄäàÜÔ°€ÌÑ|Í|ÀÌ°€À°€À°€À°€À°€À°€À°€À°€À(ÄäàÜØ°€ÌÑ|Í|ÀÐ°€À°€À°€À°€À°€À°€À°€À°€À(ÄäàÜÜ°€ÌÑ|Í|ÀÔ°€À°€À°€À°€À°€À°€À°€À°€À(ÄäàÜà°€ÌÑ|Í|ÀØ°€À°€À°€À°€À°€À°€À°€À°€À(ÄäàÜä°€ÌÑ|Í|ÀÜ°€À°€À°€À°€À°€À°€À°€À°€À(ÄäààÀ°€ÌÑ|Í|Àà°€À°€À°€À°€À°€À°€À°€À°€À(ÄäààÄ°€ÌÑ|Í|Àä°€À°€À°€À°€À°€À°€À°€À°€À(ÄäààÈ°€ÌÑ|Í|ÄÀ°€À°€À°€À°€À°€À°€À°€À°€À(ÄäààÌ°€ÌÑ|Í|ÄÄ°€À°€À°€À°€À°€À°€À°€À°€À(ÄäààÐ°€ÌÑ|Í|ÄÈ°€À°€À°€À°€À°€À°€À°€À°€À(ÄäààÔ°€ÌÑ|Í|ÄÌ°€À°€À°€À°€À°€À°€À°€À°€À(ÄäààØ°€ÌÑ|Í|ÄÐ°€À°€À°€À°€À°€À°€À°€À°€À(ÄäààÜ°€ÌÑ|Í|ÄÔ°€À°€À°€À°€À°€À°€À°€À°€À(Ääààà°€ÌÑ|Í|ÄØ°€À°€À°€À°€À°€À°€À°€À°€À(Ääààä°€ÌÑ|Í|ÄÜ°€À°€À°€À°€À°€À°€À°€À°€À(ÄäàäÀ°€ÌÑ|Í|Äà°€À°€À°€À°€À°€À°€À°€À°€À(ÄäàäÄ°€ÌÑ|Í|Ää°€À°€À°€À°€À°€À°€À°€À°€À(ÄäàäÈ°€ÌÑ|Í|ÈÀ°€À°€À°€À°€À°€À°€À°€À°€À(ÄäàäÌ°€ÌÑ|Í|ÈÄ°€À°€À°€À°€À°€À°€À°€À°€À(ÄäàäÐ°€ÌÑ|Í|ÈÈ°€À°€À°€À°€À°€À°€À°€À°€À(ÄäàäÔ°€ÌÑ|Í|ÈÌ°€À°€À°€À°€À°€À°€À°€À°€À(ÄäàäØ°€ÌÑ|Í|ÈÐ°€À°€À°€À°€À°€À°€À°€À°€À(ÄäàäÜ°€ÌÑ|Í|ÈÔ°€À°€À°€À°€À°€À°€À°€À°€À(Ääàäà°€ÌÑ|Í|ÈØ°€À°€À°€À°€À°€À°€À°€À°€À(Ääàää°€ÌÑ|Í|ÈÜ°€À°€À°€À°€À°€À°€À°€À°€À(ÄääÀÀ°€ÌÑ|Í|Èà°€À°€À°€À°€À°€À°€À°€À°€À(ÄääÀÄ°€ÌÑ|Í|Èä°€À°€À°€À°€À°€À°€À°€À°€À(ÄääÀÈ°€ÌÑ|Í|ÌÀ°€À°€À°€À°€À°€À°€À°€À°€À(ÄääÀÌ°€ÌÑ|Í|ÌÄ°€À°€À°€À°€À°€À°€À°€À°€À(ÄääÀÐ°€ÌÑ|Í|ÌÈ°€À°€À°€À°€À°€À°€À°€À°€À(ÄääÀÔ°€ÌÑ|Í|ÌÌ°€À°€À°€À°€À°€À°€À°€À°€À(ÄääÀØ°€ÌÑ|Í|ÌÐ°€À°€À°€À°€À°€À°€À°€À°€À(ÄääÀÜ°€ÌÑ|Í|ÌÔ°€À°€À°€À°€À°€À°€À°€À°€À(ÄääÀà°€ÌÑ|Í|ÌØ°€À°€À°€À°€À°€À°€À°€À°€À(ÄääÀä°€ÌÑ|Í|ÌÜ°€À°€À°€À°€À°€À°€À°€À°€À(ÄääÄÀ°€ÌÑ|Í|Ìà°€À°€À°€À°€À°€À°€À°€À°€À(ÄääÄÄ°€ÌÑ|Í|Ìä°€À°€À°€À°€À°€À°€À°€À°€À(ÄääÄÈ°€ÌÑ|Í|ÐÀ°€À°€À°€À°€À°€À°€À°€À°€À(ÄääÄÌ°€ÌÑ|Í|ÐÄ°€À°€À°€À°€À°€À°€À°€À°€À(ÄääÄÐ°€ÌÑ|Í|ÐÈ°€À°€À°€À°€À°€À°€À°€À°€À(ÄääÄÔ°€ÌÑ|Í|ÐÌ°€À°€À°€À°€À°€À°€À°€À°€À(ÄääÄØ°€ÌÑ|Í|ÐÐ°€À°€À°€À°€À°€À°€À°€À°€À(ÄääÄÜ°€ÌÑ|Í|ÐÔ°€À°€À°€À°€À°€À°€À°€À°€À(ÄääÄà°€ÌÑ|Í|ÐØ°€À°€À°€À°€À°€À°€À°€À°€À(ÄääÄä°€ÌÑ|Í|ÐÜ°€À°€À°€À°€À°€À°€À°€À°€À(ÄääÈÀ°€ÌÑ|Í|Ðà°€À°€À°€À°€À°€À°€À°€À°€À(ÄääÈÄ°€ÌÑ|Í|Ðä°€À°€À°€À°€À°€À°€À°€À°€À(ÄääÈÈ°€ÌÑ|Í|ÔÀ°€À°€À°€À°€À°€À°€À°€À°€À(ÄääÈÌ°€ÌÑ|Í|ÔÄ°€À°€À°€À°€À°€À°€À°€À°€À(ÄääÈÐ°€ÌÑ|Í|ÔÈ°€À°€À°€À°€À°€À°€À°€À°€À(ÄääÈÔ°€ÌÑ|Í|ÔÌ°€À°€À°€À°€À°€À°€À°€À°€À(ÄääÈØ°€ÌÑ|Í|ÔÐ°€À°€À°€À°€À°€À°€À°€À°€À(ÄääÈÜ°€ÌÑ|Í|ÔÔ°€À°€À°€À°€À°€À°€À°€À°€À(ÄääÈà°€ÌÑ|Í|ÔØ°€À°€À°€À°€À°€À°€À°€À°€À(ÄääÈä°€ÌÑ|Í|ÔÜ°€À°€À°€À°€À°€À°€À°€À°€À(ÄääÌÀ°€ÌÑ|Í|Ôà°€À°€À°€À°€À°€À°€À°€À°€À(ÄääÌÄ°€ÌÑ|Í|Ôä°€À°€À°€À°€À°€À°€À°€À°€À(ÄääÌÈ°€ÌÑ|Í|ØÀ°€À°€À°€À°€À°€À°€À°€À°€À(ÄääÌÌ°€ÌÑ|Í|ØÄ°€À°€À°€À°€À°€À°€À°€À°€À(ÄääÌÐ°€ÌÑ|Í|ØÈ°€À°€À°€À°€À°€À°€À°€À°€À(ÄääÌÔ°€ÌÑ|Í|ØÌ°€À°€À°€À°€À°€À°€À°€À°€À(ÄääÌØ°€ÌÑ|Í|ØÐ°€À°€À°€À°€À°€À°€À°€À°€À(ÄääÌÜ°€ÌÑ|Í|ØÔ°€À°€À°€À°€À°€À°€À°€À°€À(ÄääÌà°€ÌÑ|Í|ØØ°€À°€À°€À°€À°€À°€À°€À°€À(ÄääÌä°€ÌÑ|Í|ØÜ°€À°€À°€À°€À°€À°€À°€À°€À(ÄääÐÀ°€ÌÑ|Í|Øà°€À°€À°€À°€À°€À°€À°€À°€À(ÄääÐÄ°€ÌÑ|Í|Øä°€À°€À°€À°€À°€À°€À°€À°€À(ÄääÐÈ°€ÌÑ|Í|ÜÀ°€À°€À°€À°€À°€À°€À°€À°€À(ÄääÐÌ°€ÌÑ|Í|ÜÄ°€À°€À°€À°€À°€À°€À°€À°€À(ÄääÐÐ°€ÌÑ|Í|ÜÈ°€À°€À°€À°€À°€À°€À°€À°€À(ÄääÐÔ°€ÌÑ|Í|ÜÌ°€À°€À°€À°€À°€À°€À°€À°€À(ÄääÐØ°€ÌÑ|Í|ÜÐ°€À°€À°€À°€À°€À°€À°€À°€À(ÄääÐÜ°€ÌÑ|Í|ÜÔ°€À°€À°€À°€À°€À°€À°€À°€À(ÄääÐà°€ÌÑ|Í|ÜØ°€À°€À°€À°€À°€À°€À°€À°€À(ÄääÐä°€ÌÑ|Í|ÜÜ°€À°€À°€À°€À°€À°€À°€À°€À(ÄääÔÀ°€ÌÑ|Í|Üà°€À°€À°€À°€À°€À°€À°€À°€À(ÄääÔÄ°€ÌÑ|Í|Üä°€À°€À°€À°€À°€À°€À°€À°€À(ÄääÔÈ°€ÌÑ|Í|àÀ°€À°€À°€À°€À°€À°€À°€À°€À(ÄääÔÌ°€ÌÑ|Í|àÄ°€À°€À°€À°€À°€À°€À°€À°€À(ÄääÔÐ°€ÌÑ|Í|àÈ°€À°€À°€À°€À°€À°€À°€À°€À(ÄääÔÔ°€ÌÑ|Í|àÌ°€À°€À°€À°€À°€À°€À°€À°€À(ÄääÔØ°€ÌÑ|Í|àÐ°€À°€À°€À°€À°€À°€À°€À°€À(ÄääÔÜ°€ÌÑ|Í|àÔ°€À°€À°€À°€À°€À°€À°€À°€À(ÄääÔà°€ÌÑ|Í|àØ°€À°€À°€À°€À°€À°€À°€À°€À(ÄääÔä°€ÌÑ|Í|àÜ°€À°€À°€À°€À°€À°€À°€À°€À(ÄääØÀ°€ÌÑ|Í|àà°€À°€À°€À°€À°€À°€À°€À°€À(ÄääØÄ°€ÌÑ|Í|àä°€À°€À°€À°€À°€À°€À°€À°€À(ÄääØÈ°€ÌÑ|Í|äÀ°€À°€À°€À°€À°€À°€À°€À°€À(ÄääØÌ°€ÌÑ|Í|äÄ°€À°€À°€À°€À°€À°€À°€À°€À(ÄääØÐ°€ÌÑ|Í|äÈ°€À°€À°€À°€À°€À°€À°€À°€À(ÄääØÔ°€ÌÑ|Í|äÌ°€À°€À°€À°€À°€À°€À°€À°€À(ÄääØØ°€ÌÑ|Í|äÐ°€À°€À°€À°€À°€À°€À°€À°€À(ÄääØÜ°€ÌÑ|Í|äÔ°€À°€À°€À°€À°€À°€À°€À°€À(ÄääØà°€ÌÑ|Ñ|ÀÀ°€À°€À°€À°€À°€À°€À°€À°€À(ÄääØä°€ÌÑ|Ñ|ÀÄ°€À°€À°€À°€À°€À°€À°€À°€À(ÄääÜÀ°€ÌÑ|Ñ|ÀÈ°€À°€À°€À°€À°€À°€À°€À°€À(ÄääÜÄ°€ÌÑ|Ñ|ÀÌ°€À°€À°€À°€À°€À°€À°€À°€À(ÄääÜÈ°€ÌÑ|Ñ|ÀÐ°€À°€À°€À°€À°€À°€À°€À°€À(ÄääÜÌ°€ÌÑ|Ñ|ÀÔ°€À°€À°€À°€À°€À°€À°€À°€À(ÄääÜÐ°€ÌÑ|Ñ|ÀØ°€À°€À°€À°€À°€À°€À°€À°€À(ÄääÜÔ°€ÌÑ|Ñ|ÀÜ°€À°€À°€À°€À°€À°€À°€À°€À(ÄääÜØ°€ÌÑ|Ñ|Àà°€À°€À°€À°€À°€À°€À°€À°€À(ÄääÜÜ°€ÌÑ|Ñ|Àä°€À°€À°€À°€À°€À°€À°€À°€À(ÄääÜà°€ÌÑ|Ñ|ÄÀ°€À°€À°€À°€À°€À°€À°€À°€À(ÄääÜä°€ÌÑ|Ñ|ÄÄ°€À°€À°€À°€À°€À°€À°€À°€À(ÄääàÀ°€ÌÑ|Ñ|ÄÈ°€À°€À°€À°€À°€À°€À°€À°€À(ÄääàÄ°€ÌÑ|Ñ|ÄÌ°€À°€À°€À°€À°€À°€À°€À°€À(ÄääàÈ°€ÌÑ|Ñ|ÄÐ°€À°€À°€À°€À°€À°€À°€À°€À(ÄääàÌ°€ÌÑ|Ñ|ÄÔ°€À°€À°€À°€À°€À°€À°€À°€À(ÄääàÐ°€ÌÑ|Ñ|ÄØ°€À°€À°€À°€À°€À°€À°€À°€À(ÄääàÔ°€ÌÑ|Ñ|ÄÜ°€À°€À°€À°€À°€À°€À°€À°€À(ÄääàØ°€ÌÑ|Ñ|Äà°€À°€À°€À°€À°€À°€À°€À°€À(ÄääàÜ°€ÌÑ|Ñ|Ää°€À°€À°€À°€À°€À°€À°€À°€À(Äääàà°€ÌÑ|Ñ|ÈÀ°€À°€À°€À°€À°€À°€À°€À°€À(Äääàä°€ÌÑ|Ñ|ÈÄ°€À°€À°€À°€À°€À°€À°€À°€À(ÄäääÀ°€ÌÑ|Ñ|ÈÈ°€À°€À°€À°€À°€À°€À°€À°€À(ÄäääÄ°€ÌÑ|Ñ|ÈÌ°€À°€À°€À°€À°€À°€À°€À°€À(ÄäääÈ°€ÌÑ|Ñ|ÈÐ°€À°€À°€À°€À°€À°€À°€À°€À(ÄäääÌ°€ÌÑ|Ñ|ÈÔ°€À°€À°€À°€À°€À°€À°€À°€À(ÄäääÐ°€ÌÑ|Ñ|ÈØ°€À°€À°€À°€À°€À°€À°€À°€À(ÄäääÔ°€ÌÑ|Ñ|ÈÜ°€À°€À°€À°€À°€À°€À°€À°€À(ÄäääØ°€ÌÑ|Ñ|Èà°€À°€À°€À°€À°€À°€À°€À°€À(ÄäääÜ°€ÌÑ|Ñ|Èä°€À°€À°€À°€À°€À°€À°€À°€À(Ääääà°€ÌÑ|Ñ|ÌÀ°€À°€À°€À°€À°€À°€À°€À°€À(Äääää°€ÌÑ|Ñ|ÌÄ°€À°€À°€À°€À°€À°€À°€À°€À(ÈÀÀÀÀ°€ÌÑ|Ñ|ÌÈ°€À°€À°€À°€À°€À°€À°€À°€À(ÈÀÀÀÄ°€ÌÑ|Ñ|ÌÌ°€À°€À°€À°€À°€À°€À°€À°€À(ÈÀÀÀÈ°€ÌÑ|Ñ|ÌÐ°€À°€À°€À°€À°€À°€À°€À°€À(ÈÀÀÀÌ°€ÌÑ|Ñ|ÌÔ°€À°€À°€À°€À°€À°€À°€À°€À(ÈÀÀÀÐ°€ÌÑ|Ñ|ÌØ°€À°€À°€À°€À°€À°€À°€À°€À(ÈÀÀÀÔ°€ÌÑ|Ñ|ÌÜ°€À°€À°€À°€À°€À°€À°€À°€À(ÈÀÀÀØ°€ÌÑ|Ñ|Ìà°€À°€À°€À°€À°€À°€À°€À°€À(ÈÀÀÀÜ°€ÌÑ|Ñ|Ìä°€À°€À°€À°€À°€À°€À°€À°€À(ÈÀÀÀà°€ÌÑ|Ñ|ÐÀ°€À°€À°€À°€À°€À°€À°€À°€À(ÈÀÀÀä°€ÌÑ|Ñ|ÐÄ°€À°€À°€À°€À°€À°€À°€À°€À(ÈÀÀÄÀ°€ÌÑ|Ñ|ÐÈ°€À°€À°€À°€À°€À°€À°€À°€À(ÈÀÀÄÄ°€ÌÑ|Ñ|ÐÌ°€À°€À°€À°€À°€À°€À°€À°€À(ÈÀÀÄÈ°€ÌÑ|Ñ|ÐÐ°€À°€À°€À°€À°€À°€À°€À°€À(ÈÀÀÄÌ°€ÌÑ|Ñ|ÐÔ°€À°€À°€À°€À°€À°€À°€À°€À(ÈÀÀÄÐ°€ÌÑ|Ñ|ÐØ°€À°€À°€À°€À°€À°€À°€À°€À(ÈÀÀÄÔ°€ÌÑ|Ñ|ÐÜ°€À°€À°€À°€À°€À°€À°€À°€À(ÈÀÀÄØ°€ÌÑ|Ñ|Ðà°€À°€À°€À°€À°€À°€À°€À°€À(ÈÀÀÄÜ°€ÌÑ|Ñ|Ðä°€À°€À°€À°€À°€À°€À°€À°€À(ÈÀÀÄà°€ÌÑ|Ñ|ÔÀ°€À°€À°€À°€À°€À°€À°€À°€À(ÈÀÀÄä°€ÌÑ|Ñ|ÔÄ°€À°€À°€À°€À°€À°€À°€À°€À(ÈÀÀÈÀ°€ÌÑ|Ñ|ÔÈ°€À°€À°€À°€À°€À°€À°€À°€À(ÈÀÀÈÄ°€ÌÑ|Ñ|ÔÌ°€À°€À°€À°€À°€À°€À°€À°€À(ÈÀÀÈÈ°€ÌÑ|Ñ|ÔÐ°€À°€À°€À°€À°€À°€À°€À°€À(ÈÀÀÈÌ°€ÌÑ|Ñ|ÔÔ°€À°€À°€À°€À°€À°€À°€À°€À(ÈÀÀÈÐ°€ÌÑ|Ñ|ÔØ°€À°€À°€À°€À°€À°€À°€À°€À(ÈÀÀÈÔ°€ÌÑ|Ñ|ÔÜ°€À°€À°€À°€À°€À°€À°€À°€À(ÈÀÀÈØ°€ÌÑ|Ñ|Ôà°€À°€À°€À°€À°€À°€À°€À°€À(ÈÀÀÈÜ°€ÌÑ|Ñ|Ôä°€À°€À°€À°€À°€À°€À°€À°€À(ÈÀÀÈà°€ÌÑ|Ñ|ØÀ°€À°€À°€À°€À°€À°€À°€À°€À(ÈÀÀÈä°€ÌÑ|Ñ|ØÄ°€À°€À°€À°€À°€À°€À°€À°€À(ÈÀÀÌÀ°€ÌÑ|Ñ|ØÈ°€À°€À°€À°€À°€À°€À°€À°€À(ÈÀÀÌÄ°€ÌÑ|Ñ|ØÌ°€À°€À°€À°€À°€À°€À°€À°€À(ÈÀÀÌÈ°€ÌÑ|Ñ|ØÐ°€À°€À°€À°€À°€À°€À°€À°€À(ÈÀÀÌÌ°€ÌÑ|Ñ|ØÔ°€À°€À°€À°€À°€À°€À°€À°€À(ÈÀÀÌÐ°€ÌÑ|Ñ|ØØ°€À°€À°€À°€À°€À°€À°€À°€À(ÈÀÀÌÔ°€ÌÑ|Ñ|ØÜ°€À°€À°€À°€À°€À°€À°€À°€À(ÈÀÀÌØ°€ÌÑ|Ñ|Øà°€À°€À°€À°€À°€À°€À°€À°€À(ÈÀÀÌÜ°€ÌÑ|Ñ|Øä°€À°€À°€À°€À°€À°€À°€À°€À(ÈÀÀÌà°€ÌÑ|Ñ|ÜÀ°€À°€À°€À°€À°€À°€À°€À°€À(ÈÀÀÌä°€ÌÑ|Ñ|ÜÄ°€À°€À°€À°€À°€À°€À°€À°€À(ÈÀÀÐÀ°€ÌÑ|Ñ|ÜÈ°€À°€À°€À°€À°€À°€À°€À°€À(ÈÀÀÐÄ°€ÌÑ|Ñ|ÜÌ°€À°€À°€À°€À°€À°€À°€À°€À(ÈÀÀÐÈ°€ÌÑ|Ñ|ÜÐ°€À°€À°€À°€À°€À°€À°€À°€À(ÈÀÀÐÌ°€ÌÑ|Ñ|ÜÔ°€À°€À°€À°€À°€À°€À°€À°€À(ÈÀÀÐÐ°€ÌÑ|Ñ|ÜØ°€À°€À°€À°€À°€À°€À°€À°€À(ÈÀÀÐÔ°€ÌÑ|Ñ|ÜÜ°€À°€À°€À°€À°€À°€À°€À°€À(ÈÀÀÐØ°€ÌÑ|Ñ|Üà°€À°€À°€À°€À°€À°€À°€À°€À(ÈÀÀÐÜ°€ÌÑ|Ñ|Üä°€À°€À°€À°€À°€À°€À°€À°€À(ÈÀÀÐà°€ÌÑ|Ñ|àÀ°€À°€À°€À°€À°€À°€À°€À°€À(ÈÀÀÐä°€ÌÑ|Ñ|àÄ°€À°€À°€À°€À°€À°€À°€À°€À(ÈÀÀÔÀ°€ÌÑ|Ñ|àÈ°€À°€À°€À°€À°€À°€À°€À°€À(ÈÀÀÔÄ°€ÌÑ|Ñ|àÌ°€À°€À°€À°€À°€À°€À°€À°€À(ÈÀÀÔÈ°€ÌÑ|Ñ|àÐ°€À°€À°€À°€À°€À°€À°€À°€À(ÈÀÀÔÌ°€ÌÑ|Ñ|àÔ°€À°€À°€À°€À°€À°€À°€À°€À(ÈÀÀÔÐ°€ÌÑ|Ñ|àØ°€À°€À°€À°€À°€À°€À°€À°€À(ÈÀÀÔÔ°€ÌÑ|Ñ|àÜ°€À°€À°€À°€À°€À°€À°€À°€À(ÈÀÀÔØ°€ÌÑ|Ñ|àà°€À°€À°€À°€À°€À°€À°€À°€À(ÈÀÀÔÜ°€ÌÑ|Ñ|àä°€À°€À°€À°€À°€À°€À°€À°€À(ÈÀÀÔà°€ÌÑ|Ñ|äÀ°€À°€À°€À°€À°€À°€À°€À°€À(ÈÀÀÔä°€ÌÑ|Ñ|äÄ°€À°€À°€À°€À°€À°€À°€À°€À(ÈÀÀØÀ°€ÌÑ|Ñ|äÈ°€À°€À°€À°€À°€À°€À°€À°€À(ÈÀÀØÄ°€ÌÑ|Ñ|äÌ°€À°€À°€À°€À°€À°€À°€À°€À(ÈÀÀØÈ°€ÌÑ|Ñ|äÐ°€À°€À°€À°€À°€À°€À°€À°€À(ÈÀÀØÌ°€ÌÑ|Ñ|äÔ°€À°€À°€À°€À°€À°€À°€À°€À(ÈÀÀØÐ°€ÌÑ|Õ|ÀÀ°€À°€À°€À°€À°€À°€À°€À°€À(ÈÀÀØÔ°€ÌÑ|Õ|ÀÄ°€À°€À°€À°€À°€À°€À°€À°€À(ÈÀÀØØ°€ÌÑ|Õ|ÀÈ°€À°€À°€À°€À°€À°€À°€À°€À(ÈÀÀØÜ°€ÌÑ|Õ|ÀÌ°€À°€À°€À°€À°€À°€À°€À°€À(ÈÀÀØà°€ÌÑ|Õ|ÀÐ°€À°€À°€À°€À°€À°€À°€À°€À(ÈÀÀØä°€ÌÑ|Õ|ÀÔ°€À°€À°€À°€À°€À°€À°€À°€À(ÈÀÀÜÀ°€ÌÑ|Õ|ÀØ°€À°€À°€À°€À°€À°€À°€À°€À(ÈÀÀÜÄ°€ÌÑ|Õ|ÀÜ°€À°€À°€À°€À°€À°€À°€À°€À(ÈÀÀÜÈ°€ÌÑ|Õ|Àà°€À°€À°€À°€À°€À°€À°€À°€À(ÈÀÀÜÌ°€ÌÑ|Õ|Àä°€À°€À°€À°€À°€À°€À°€À°€À(ÈÀÀÜÐ°€ÌÑ|Õ|ÄÀ°€À°€À°€À°€À°€À°€À°€À°€À(ÈÀÀÜÔ°€ÌÑ|Õ|ÄÄ°€À°€À°€À°€À°€À°€À°€À°€À(ÈÀÀÜØ°€ÌÑ|Õ|ÄÈ°€À°€À°€À°€À°€À°€À°€À°€À(ÈÀÀÜÜ°€ÌÑ|Õ|ÄÌ°€À°€À°€À°€À°€À°€À°€À°€À(ÈÀÀÜà°€ÌÑ|Õ|ÄÐ°€À°€À°€À°€À°€À°€À°€À°€À(ÈÀÀÜä°€ÌÑ|Õ|ÄÔ°€À°€À°€À°€À°€À°€À°€À°€À(ÈÀÀàÀ°€ÌÑ|Õ|ÄØ°€À°€À°€À°€À°€À°€À°€À°€À(ÈÀÀàÄ°€ÌÑ|Õ|ÄÜ°€À°€À°€À°€À°€À°€À°€À°€À(ÈÀÀàÈ°€ÌÑ|Õ|Äà°€À°€À°€À°€À°€À°€À°€À°€À(ÈÀÀàÌ°€ÌÑ|Õ|Ää°€À°€À°€À°€À°€À°€À°€À°€À(ÈÀÀàÐ°€ÌÑ|Õ|ÈÀ°€À°€À°€À°€À°€À°€À°€À°€À(ÈÀÀàÔ°€ÌÑ|Õ|ÈÄ°€À°€À°€À°€À°€À°€À°€À°€À(ÈÀÀàØ°€ÌÑ|Õ|ÈÈ°€À°€À°€À°€À°€À°€À°€À°€À(ÈÀÀàÜ°€ÌÑ|Õ|ÈÌ°€À°€À°€À°€À°€À°€À°€À°€À(ÈÀÀàà°€ÌÑ|Õ|ÈÐ°€À°€À°€À°€À°€À°€À°€À°€À(ÈÀÀàä°€ÌÑ|Õ|ÈÔ°€À°€À°€À°€À°€À°€À°€À°€À(ÈÀÀäÀ°€ÌÑ|Õ|ÈØ°€À°€À°€À°€À°€À°€À°€À°€À(ÈÀÀäÄ°€ÌÑ|Õ|ÈÜ°€À°€À°€À°€À°€À°€À°€À°€À(ÈÀÀäÈ°€ÌÑ|Õ|Èà°€À°€À°€À°€À°€À°€À°€À°€À(ÈÀÀäÌ°€ÌÑ|Õ|Èä°€À°€À°€À°€À°€À°€À°€À°€À(ÈÀÀäÐ°€ÌÑ|Õ|ÌÀ°€À°€À°€À°€À°€À°€À°€À°€À(ÈÀÀäÔ°€ÌÑ|Õ|ÌÄ°€À°€À°€À°€À°€À°€À°€À°€À(ÈÀÀäØ°€ÌÑ|Õ|ÌÈ°€À°€À°€À°€À°€À°€À°€À°€À(ÈÀÀäÜ°€ÌÑ|Õ|ÌÌ°€À°€À°€À°€À°€À°€À°€À°€À(ÈÀÀäà°€ÌÑ|Õ|ÌÐ°€À°€À°€À°€À°€À°€À°€À°€À(ÈÀÀää°€ÌÑ|Õ|ÌÔ°€À°€À°€À°€À°€À°€À°€À°€À(ÈÀÄÀÀ°€ÌÑ|Õ|ÌØ°€À°€À°€À°€À°€À°€À°€À°€À(ÈÀÄÀÄ°€ÌÑ|Õ|ÌÜ°€À°€À°€À°€À°€À°€À°€À°€À(ÈÀÄÀÈ°€ÌÑ|Õ|Ìà°€À°€À°€À°€À°€À°€À°€À°€À(ÈÀÄÀÌ°€ÌÑ|Õ|Ìä°€À°€À°€À°€À°€À°€À°€À°€À(ÈÀÄÀÐ°€ÌÑ|Õ|ÐÀ°€À°€À°€À°€À°€À°€À°€À°€À(ÈÀÄÀÔ°€ÌÑ|Õ|ÐÄ°€À°€À°€À°€À°€À°€À°€À°€À(ÈÀÄÀØ°€ÌÑ|Õ|ÐÈ°€À°€À°€À°€À°€À°€À°€À°€À(ÈÀÄÀÜ°€ÌÑ|Õ|ÐÌ°€À°€À°€À°€À°€À°€À°€À°€À(ÈÀÄÀà°€ÌÑ|Õ|ÐÐ°€À°€À°€À°€À°€À°€À°€À°€À(ÈÀÄÀä°€ÌÑ|Õ|ÐÔ°€À°€À°€À°€À°€À°€À°€À°€À(ÈÀÄÄÀ°€ÌÑ|Õ|ÐØ°€À°€À°€À°€À°€À°€À°€À°€À(ÈÀÄÄÄ°€ÌÑ|Õ|ÐÜ°€À°€À°€À°€À°€À°€À°€À°€À(ÈÀÄÄÈ°€ÌÑ|Õ|Ðà°€À°€À°€À°€À°€À°€À°€À°€À(ÈÀÄÄÌ°€ÌÑ|Õ|Ðä°€À°€À°€À°€À°€À°€À°€À°€À(ÈÀÄÄÐ°€ÌÑ|Õ|ÔÀ°€À°€À°€À°€À°€À°€À°€À°€À(ÈÀÄÄÔ°€ÌÑ|Õ|ÔÄ°€À°€À°€À°€À°€À°€À°€À°€À(ÈÀÄÄØ°€ÌÑ|Õ|ÔÈ°€À°€À°€À°€À°€À°€À°€À°€À(ÈÀÄÄÜ°€ÌÑ|Õ|ÔÌ°€À°€À°€À°€À°€À°€À°€À°€À(ÈÀÄÄà°€ÌÑ|Õ|ÔÐ°€À°€À°€À°€À°€À°€À°€À°€À(ÈÀÄÄä°€ÌÑ|Õ|ÔÔ°€À°€À°€À°€À°€À°€À°€À°€À(ÈÀÄÈÀ°€ÌÑ|Õ|ÔØ°€À°€À°€À°€À°€À°€À°€À°€À(ÈÀÄÈÄ°€ÌÑ|Õ|ÔÜ°€À°€À°€À°€À°€À°€À°€À°€À(ÈÀÄÈÈ°€ÌÑ|Õ|Ôà°€À°€À°€À°€À°€À°€À°€À°€À(ÈÀÄÈÌ°€ÌÑ|Õ|Ôä°€À°€À°€À°€À°€À°€À°€À°€À(ÈÀÄÈÐ°€ÌÑ|Õ|ØÀ°€À°€À°€À°€À°€À°€À°€À°€À(ÈÀÄÈÔ°€ÌÑ|Õ|ØÄ°€À°€À°€À°€À°€À°€À°€À°€À(ÈÀÄÈØ°€ÌÑ|Õ|ØÈ°€À°€À°€À°€À°€À°€À°€À°€À(ÈÀÄÈÜ°€ÌÑ|Õ|ØÌ°€À°€À°€À°€À°€À°€À°€À°€À(ÈÀÄÈà°€ÌÑ|Õ|ØÐ°€À°€À°€À°€À°€À°€À°€À°€À(ÈÀÄÈä°€ÌÑ|Õ|ØÔ°€À°€À°€À°€À°€À°€À°€À°€À(ÈÀÄÌÀ°€ÌÑ|Õ|ØØ°€À°€À°€À°€À°€À°€À°€À°€À(ÈÀÄÌÄ°€ÌÑ|Õ|ØÜ°€À°€À°€À°€À°€À°€À°€À°€À(ÈÀÄÌÈ°€ÌÑ|Õ|Øà°€À°€À°€À°€À°€À°€À°€À°€À(ÈÀÄÌÌ°€ÌÑ|Õ|Øä°€À°€À°€À°€À°€À°€À°€À°€À(ÈÀÄÌÐ°€ÌÑ|Õ|ÜÀ°€À°€À°€À°€À°€À°€À°€À°€À(ÈÀÄÌÔ°€ÌÑ|Õ|ÜÄ°€À°€À°€À°€À°€À°€À°€À°€À(ÈÀÄÌØ°€ÌÑ|Õ|ÜÈ°€À°€À°€À°€À°€À°€À°€À°€À(ÈÀÄÌÜ°€ÌÑ|Õ|ÜÌ°€À°€À°€À°€À°€À°€À°€À°€À(ÈÀÄÌà°€ÌÑ|Õ|ÜÐ°€À°€À°€À°€À°€À°€À°€À°€À(ÈÀÄÌä°€ÌÑ|Õ|ÜÔ°€À°€À°€À°€À°€À°€À°€À°€À(ÈÀÄÐÀ°€ÌÑ|Õ|ÜØ°€À°€À°€À°€À°€À°€À°€À°€À(ÈÀÄÐÄ°€ÌÑ|Õ|ÜÜ°€À°€À°€À°€À°€À°€À°€À°€À(ÈÀÄÐÈ°€ÌÑ|Õ|Üà°€À°€À°€À°€À°€À°€À°€À°€À(ÈÀÄÐÌ°€ÌÑ|Õ|Üä°€À°€À°€À°€À°€À°€À°€À°€À(ÈÀÄÐÐ°€ÌÑ|Õ|àÀ°€À°€À°€À°€À°€À°€À°€À°€À(ÈÀÄÐÔ°€ÌÑ|Õ|àÄ°€À°€À°€À°€À°€À°€À°€À°€À(ÈÀÄÐØ°€ÌÑ|Õ|àÈ°€À°€À°€À°€À°€À°€À°€À°€À(ÈÀÄÐÜ°€ÌÑ|Õ|àÌ°€À°€À°€À°€À°€À°€À°€À°€À(ÈÀÄÐà°€ÌÑ|Õ|àÐ°€À°€À°€À°€À°€À°€À°€À°€À(ÈÀÄÐä°€ÌÑ|Õ|àÔ°€À°€À°€À°€À°€À°€À°€À°€À(ÈÀÄÔÀ°€ÌÑ|Õ|àØ°€À°€À°€À°€À°€À°€À°€À°€À(ÈÀÄÔÄ°€ÌÑ|Õ|àÜ°€À°€À°€À°€À°€À°€À°€À°€À(ÈÀÄÔÈ°€ÌÑ|Õ|àà°€À°€À°€À°€À°€À°€À°€À°€À(ÈÀÄÔÌ°€ÌÑ|Õ|àä°€À°€À°€À°€À°€À°€À°€À°€À(ÈÀÄÔÐ°€ÌÑ|Õ|äÀ°€À°€À°€À°€À°€À°€À°€À°€À(ÈÀÄÔÔ°€ÌÑ|Õ|äÄ°€À°€À°€À°€À°€À°€À°€À°€À(ÈÀÄÔØ°€ÌÑ|Õ|äÈ°€À°€À°€À°€À°€À°€À°€À°€À(ÈÀÄÔÜ°€ÌÑ|Õ|äÌ°€À°€À°€À°€À°€À°€À°€À°€À(ÈÀÄÔà°€ÌÑ|Õ|äÐ°€À°€À°€À°€À°€À°€À°€À°€À(ÈÀÄÔä°€ÌÑ|Õ|äÔ°€À°€À°€À°€À°€À°€À°€À°€À(ÈÀÄØÀ°€ÌÕ|Á|ÀÀ°€À°€À°€À°€À°€À°€À°€À°€À(ÈÀÄØÄ°€ÌÕ|Á|ÀÄ°€À°€À°€À°€À°€À°€À°€À°€À(ÈÀÄØÈ°€ÌÕ|Á|ÀÈ°€À°€À°€À°€À°€À°€À°€À°€À(ÈÀÄØÌ°€ÌÕ|Á|ÀÌ°€À°€À°€À°€À°€À°€À°€À°€À(ÈÀÄØÐ°€ÌÕ|Á|ÀÐ°€À°€À°€À°€À°€À°€À°€À°€À(ÈÀÄØÔ°€ÌÕ|Á|ÀÔ°€À°€À°€À°€À°€À°€À°€À°€À(ÈÀÄØØ°€ÌÕ|Á|ÀØ°€À°€À°€À°€À°€À°€À°€À°€À(ÈÀÄØÜ°€ÌÕ|Á|ÀÜ°€À°€À°€À°€À°€À°€À°€À°€À(ÈÀÄØà°€ÌÕ|Á|Àà°€À°€À°€À°€À°€À°€À°€À°€À(ÈÀÄØä°€ÌÕ|Á|Àä°€À°€À°€À°€À°€À°€À°€À°€À(ÈÀÄÜÀ°€ÌÕ|Á|ÄÀ°€À°€À°€À°€À°€À°€À°€À°€À(ÈÀÄÜÄ°€ÌÕ|Á|ÄÄ°€À°€À°€À°€À°€À°€À°€À°€À(ÈÀÄÜÈ°€ÌÕ|Á|ÄÈ°€À°€À°€À°€À°€À°€À°€À°€À(ÈÀÄÜÌ°€ÌÕ|Á|ÄÌ°€À°€À°€À°€À°€À°€À°€À°€À(ÈÀÄÜÐ°€ÌÕ|Á|ÄÐ°€À°€À°€À°€À°€À°€À°€À°€À(ÈÀÄÜÔ°€ÌÕ|Á|ÄÔ°€À°€À°€À°€À°€À°€À°€À°€À(ÈÀÄÜØ°€ÌÕ|Á|ÄØ°€À°€À°€À°€À°€À°€À°€À°€À(ÈÀÄÜÜ°€ÌÕ|Á|ÄÜ°€À°€À°€À°€À°€À°€À°€À°€À(ÈÀÄÜà°€ÌÕ|Á|Äà°€À°€À°€À°€À°€À°€À°€À°€À(ÈÀÄÜä°€ÌÕ|Á|Ää°€À°€À°€À°€À°€À°€À°€À°€À(ÈÀÄàÀ°€ÌÕ|Á|ÈÀ°€À°€À°€À°€À°€À°€À°€À°€À(ÈÀÄàÄ°€ÌÕ|Á|ÈÄ°€À°€À°€À°€À°€À°€À°€À°€À(ÈÀÄàÈ°€ÌÕ|Á|ÈÈ°€À°€À°€À°€À°€À°€À°€À°€À(ÈÀÄàÌ°€ÌÕ|Á|ÈÌ°€À°€À°€À°€À°€À°€À°€À°€À(ÈÀÄàÐ°€ÌÕ|Á|ÈÐ°€À°€À°€À°€À°€À°€À°€À°€À(ÈÀÄàÔ°€ÌÕ|Á|ÈÔ°€À°€À°€À°€À°€À°€À°€À°€À(ÈÀÄàØ°€ÌÕ|Á|ÈØ°€À°€À°€À°€À°€À°€À°€À°€À(ÈÀÄàÜ°€ÌÕ|Á|ÈÜ°€À°€À°€À°€À°€À°€À°€À°€À(ÈÀÄàà°€ÌÕ|Á|Èà°€À°€À°€À°€À°€À°€À°€À°€À(ÈÀÄàä°€ÌÕ|Á|Èä°€À°€À°€À°€À°€À°€À°€À°€À(ÈÀÄäÀ°€ÌÕ|Á|ÌÀ°€À°€À°€À°€À°€À°€À°€À°€À(ÈÀÄäÄ°€ÌÕ|Á|ÌÄ°€À°€À°€À°€À°€À°€À°€À°€À(ÈÀÄäÈ°€ÌÕ|Á|ÌÈ°€À°€À°€À°€À°€À°€À°€À°€À(ÈÀÄäÌ°€ÌÕ|Á|ÌÌ°€À°€À°€À°€À°€À°€À°€À°€À(ÈÀÄäÐ°€ÌÕ|Á|ÌÐ°€À°€À°€À°€À°€À°€À°€À°€À(ÈÀÄäÔ°€ÌÕ|Á|ÌÔ°€À°€À°€À°€À°€À°€À°€À°€À(ÈÀÄäØ°€ÌÕ|Á|ÌØ°€À°€À°€À°€À°€À°€À°€À°€À(ÈÀÄäÜ°€ÌÕ|Á|ÌÜ°€À°€À°€À°€À°€À°€À°€À°€À(ÈÀÄäà°€ÌÕ|Á|Ìà°€À°€À°€À°€À°€À°€À°€À°€À(ÈÀÄää°€ÌÕ|Á|Ìä°€À°€À°€À°€À°€À°€À°€À°€À(ÈÀÈÀÀ°€ÌÕ|Á|ÐÀ°€À°€À°€À°€À°€À°€À°€À°€À(ÈÀÈÀÄ°€ÌÕ|Á|ÐÄ°€À°€À°€À°€À°€À°€À°€À°€À(ÈÀÈÀÈ°€ÌÕ|Á|ÐÈ°€À°€À°€À°€À°€À°€À°€À°€À(ÈÀÈÀÌ°€ÌÕ|Á|ÐÌ°€À°€À°€À°€À°€À°€À°€À°€À(ÈÀÈÀÐ°€ÌÕ|Á|ÐÐ°€À°€À°€À°€À°€À°€À°€À°€À(ÈÀÈÀÔ°€ÌÕ|Á|ÐÔ°€À°€À°€À°€À°€À°€À°€À°€À(ÈÀÈÀØ°€ÌÕ|Á|ÐØ°€À°€À°€À°€À°€À°€À°€À°€À(ÈÀÈÀÜ°€ÌÕ|Á|ÐÜ°€À°€À°€À°€À°€À°€À°€À°€À(ÈÀÈÀà°€ÌÕ|Á|Ðà°€À°€À°€À°€À°€À°€À°€À°€À(ÈÀÈÀä°€ÌÕ|Á|Ðä°€À°€À°€À°€À°€À°€À°€À°€À(ÈÀÈÄÀ°€ÌÕ|Á|ÔÀ°€À°€À°€À°€À°€À°€À°€À°€À(ÈÀÈÄÄ°€ÌÕ|Á|ÔÄ°€À°€À°€À°€À°€À°€À°€À°€À(ÈÀÈÄÈ°€ÌÕ|Á|ÔÈ°€À°€À°€À°€À°€À°€À°€À°€À(ÈÀÈÄÌ°€ÌÕ|Á|ÔÌ°€À°€À°€À°€À°€À°€À°€À°€À(ÈÀÈÄÐ°€ÌÕ|Á|ÔÐ°€À°€À°€À°€À°€À°€À°€À°€À(ÈÀÈÄÔ°€ÌÕ|Á|ÔÔ°€À°€À°€À°€À°€À°€À°€À°€À(ÈÀÈÄØ°€ÌÕ|Á|ÔØ°€À°€À°€À°€À°€À°€À°€À°€À(ÈÀÈÄÜ°€ÌÕ|Á|ÔÜ°€À°€À°€À°€À°€À°€À°€À°€À(ÈÀÈÄà°€ÌÕ|Á|Ôà°€À°€À°€À°€À°€À°€À°€À°€À(ÈÀÈÄä°€ÌÕ|Á|Ôä°€À°€À°€À°€À°€À°€À°€À°€À(ÈÀÈÈÀ°€ÌÕ|Á|ØÀ°€À°€À°€À°€À°€À°€À°€À°€À(ÈÀÈÈÄ°€ÌÕ|Á|ØÄ°€À°€À°€À°€À°€À°€À°€À°€À(ÈÀÈÈÈ°€ÌÕ|Á|ØÈ°€À°€À°€À°€À°€À°€À°€À°€À(ÈÀÈÈÌ°€ÌÕ|Á|ØÌ°€À°€À°€À°€À°€À°€À°€À°€À(ÈÀÈÈÐ°€ÌÕ|Á|ØÐ°€À°€À°€À°€À°€À°€À°€À°€À(ÈÀÈÈÔ°€ÌÕ|Á|ØÔ°€À°€À°€À°€À°€À°€À°€À°€À(ÈÀÈÈØ°€ÌÕ|Á|ØØ°€À°€À°€À°€À°€À°€À°€À°€À(ÈÀÈÈÜ°€ÌÕ|Á|ØÜ°€À°€À°€À°€À°€À°€À°€À°€À(ÈÀÈÈà°€ÌÕ|Á|Øà°€À°€À°€À°€À°€À°€À°€À°€À(ÈÀÈÈä°€ÌÕ|Á|Øä°€À°€À°€À°€À°€À°€À°€À°€À(ÈÀÈÌÀ°€ÌÕ|Á|ÜÀ°€À°€À°€À°€À°€À°€À°€À°€À(ÈÀÈÌÄ°€ÌÕ|Á|ÜÄ°€À°€À°€À°€À°€À°€À°€À°€À(ÈÀÈÌÈ°€ÌÕ|Á|ÜÈ°€À°€À°€À°€À°€À°€À°€À°€À(ÈÀÈÌÌ°€ÌÕ|Á|ÜÌ°€À°€À°€À°€À°€À°€À°€À°€À(ÈÀÈÌÐ°€ÌÕ|Á|ÜÐ°€À°€À°€À°€À°€À°€À°€À°€À(ÈÀÈÌÔ°€ÌÕ|Á|ÜÔ°€À°€À°€À°€À°€À°€À°€À°€À(ÈÀÈÌØ°€ÌÕ|Á|ÜØ°€À°€À°€À°€À°€À°€À°€À°€À(ÈÀÈÌÜ°€ÌÕ|Á|ÜÜ°€À°€À°€À°€À°€À°€À°€À°€À(ÈÀÈÌà°€ÌÕ|Á|Üà°€À°€À°€À°€À°€À°€À°€À°€À(ÈÀÈÌä°€ÌÕ|Á|Üä°€À°€À°€À°€À°€À°€À°€À°€À(ÈÀÈÐÀ°€ÌÕ|Á|àÀ°€À°€À°€À°€À°€À°€À°€À°€À(ÈÀÈÐÄ°€ÌÕ|Á|àÄ°€À°€À°€À°€À°€À°€À°€À°€À(ÈÀÈÐÈ°€ÌÕ|Á|àÈ°€À°€À°€À°€À°€À°€À°€À°€À(ÈÀÈÐÌ°€ÌÕ|Á|àÌ°€À°€À°€À°€À°€À°€À°€À°€À(ÈÀÈÐÐ°€ÌÕ|Á|àÐ°€À°€À°€À°€À°€À°€À°€À°€À(ÈÀÈÐÔ°€ÌÕ|Á|àÔ°€À°€À°€À°€À°€À°€À°€À°€À(ÈÀÈÐØ°€ÌÕ|Á|àØ°€À°€À°€À°€À°€À°€À°€À°€À(ÈÀÈÐÜ°€ÌÕ|Á|àÜ°€À°€À°€À°€À°€À°€À°€À°€À(ÈÀÈÐà°€ÌÕ|Á|àà°€À°€À°€À°€À°€À°€À°€À°€À(ÈÀÈÐä°€ÌÕ|Á|àä°€À°€À°€À°€À°€À°€À°€À°€À(ÈÀÈÔÀ°€ÌÕ|Á|äÀ°€À°€À°€À°€À°€À°€À°€À°€À(ÈÀÈÔÄ°€ÌÕ|Á|äÄ°€À°€À°€À°€À°€À°€À°€À°€À(ÈÀÈÔÈ°€ÌÕ|Á|äÈ°€À°€À°€À°€À°€À°€À°€À°€À(ÈÀÈÔÌ°€ÌÕ|Á|äÌ°€À°€À°€À°€À°€À°€À°€À°€À(ÈÀÈÔÐ°€ÌÕ|Á|äÐ°€À°€À°€À°€À°€À°€À°€À°€À(ÈÀÈÔÔ°€ÌÕ|Á|äÔ°€À°€À°€À°€À°€À°€À°€À°€À(ÈÀÈÔØ°€ÌÕ|Å|ÀÀ°€À°€À°€À°€À°€À°€À°€À°€À(ÈÀÈÔÜ°€ÌÕ|Å|ÀÄ°€À°€À°€À°€À°€À°€À°€À°€À(ÈÀÈÔà°€ÌÕ|Å|ÀÈ°€À°€À°€À°€À°€À°€À°€À°€À(ÈÀÈÔä°€ÌÕ|Å|ÀÌ°€À°€À°€À°€À°€À°€À°€À°€À(ÈÀÈØÀ°€ÌÕ|Å|ÀÐ°€À°€À°€À°€À°€À°€À°€À°€À(ÈÀÈØÄ°€ÌÕ|Å|ÀÔ°€À°€À°€À°€À°€À°€À°€À°€À(ÈÀÈØÈ°€ÌÕ|Å|ÀØ°€À°€À°€À°€À°€À°€À°€À°€À(ÈÀÈØÌ°€ÌÕ|Å|ÀÜ°€À°€À°€À°€À°€À°€À°€À°€À(ÈÀÈØÐ°€ÌÕ|Å|Àà°€À°€À°€À°€À°€À°€À°€À°€À(ÈÀÈØÔ°€ÌÕ|Å|Àä°€À°€À°€À°€À°€À°€À°€À°€À(ÈÀÈØØ°€ÌÕ|Å|ÄÀ°€À°€À°€À°€À°€À°€À°€À°€À(ÈÀÈØÜ°€ÌÕ|Å|ÄÄ°€À°€À°€À°€À°€À°€À°€À°€À(ÈÀÈØà°€ÌÕ|Å|ÄÈ°€À°€À°€À°€À°€À°€À°€À°€À(ÈÀÈØä°€ÌÕ|Å|ÄÌ°€À°€À°€À°€À°€À°€À°€À°€À(ÈÀÈÜÀ°€ÌÕ|Å|ÄÐ°€À°€À°€À°€À°€À°€À°€À°€À(ÈÀÈÜÄ°€ÌÕ|Å|ÄÔ°€À°€À°€À°€À°€À°€À°€À°€À(ÈÀÈÜÈ°€ÌÕ|Å|ÄØ°€À°€À°€À°€À°€À°€À°€À°€À(ÈÀÈÜÌ°€ÌÕ|Å|ÄÜ°€À°€À°€À°€À°€À°€À°€À°€À(ÈÀÈÜÐ°€ÌÕ|Å|Äà°€À°€À°€À°€À°€À°€À°€À°€À(ÈÀÈÜÔ°€ÌÕ|Å|Ää°€À°€À°€À°€À°€À°€À°€À°€À(ÈÀÈÜØ°€ÌÕ|Å|ÈÀ°€À°€À°€À°€À°€À°€À°€À°€À(ÈÀÈÜÜ°€ÌÕ|Å|ÈÄ°€À°€À°€À°€À°€À°€À°€À°€À(ÈÀÈÜà°€ÌÕ|Å|ÈÈ°€À°€À°€À°€À°€À°€À°€À°€À(ÈÀÈÜä°€ÌÕ|Å|ÈÌ°€À°€À°€À°€À°€À°€À°€À°€À(ÈÀÈàÀ°€ÌÕ|Å|ÈÐ°€À°€À°€À°€À°€À°€À°€À°€À(ÈÀÈàÄ°€ÌÕ|Å|ÈÔ°€À°€À°€À°€À°€À°€À°€À°€À(ÈÀÈàÈ°€ÌÕ|Å|ÈØ°€À°€À°€À°€À°€À°€À°€À°€À(ÈÀÈàÌ°€ÌÕ|Å|ÈÜ°€À°€À°€À°€À°€À°€À°€À°€À(ÈÀÈàÐ°€ÌÕ|Å|Èà°€À°€À°€À°€À°€À°€À°€À°€À(ÈÀÈàÔ°€ÌÕ|Å|Èä°€À°€À°€À°€À°€À°€À°€À°€À(ÈÀÈàØ°€ÌÕ|Å|ÌÀ°€À°€À°€À°€À°€À°€À°€À°€À(ÈÀÈàÜ°€ÌÕ|Å|ÌÄ°€À°€À°€À°€À°€À°€À°€À°€À(ÈÀÈàà°€ÌÕ|Å|ÌÈ°€À°€À°€À°€À°€À°€À°€À°€À(ÈÀÈàä°€ÌÕ|Å|ÌÌ°€À°€À°€À°€À°€À°€À°€À°€À(ÈÀÈäÀ°€ÌÕ|Å|ÌÐ°€À°€À°€À°€À°€À°€À°€À°€À(ÈÀÈäÄ°€ÌÕ|Å|ÌÔ°€À°€À°€À°€À°€À°€À°€À°€À(ÈÀÈäÈ°€ÌÕ|Å|ÌØ°€À°€À°€À°€À°€À°€À°€À°€À(ÈÀÈäÌ°€ÌÕ|Å|ÌÜ°€À°€À°€À°€À°€À°€À°€À°€À(ÈÀÈäÐ°€ÌÕ|Å|Ìà°€À°€À°€À°€À°€À°€À°€À°€À(ÈÀÈäÔ°€ÌÕ|Å|Ìä°€À°€À°€À°€À°€À°€À°€À°€À(ÈÀÈäØ°€ÌÕ|Å|ÐÀ°€À°€À°€À°€À°€À°€À°€À°€À(ÈÀÈäÜ°€ÌÕ|Å|ÐÄ°€À°€À°€À°€À°€À°€À°€À°€À(ÈÀÈäà°€ÌÕ|Å|ÐÈ°€À°€À°€À°€À°€À°€À°€À°€À(ÈÀÈää°€ÌÕ|Å|ÐÌ°€À°€À°€À°€À°€À°€À°€À°€À(ÈÀÌÀÀ°€ÌÕ|Å|ÐÐ°€À°€À°€À°€À°€À°€À°€À°€À(ÈÀÌÀÄ°€ÌÕ|Å|ÐÔ°€À°€À°€À°€À°€À°€À°€À°€À(ÈÀÌÀÈ°€ÌÕ|Å|ÐØ°€À°€À°€À°€À°€À°€À°€À°€À(ÈÀÌÀÌ°€ÌÕ|Å|ÐÜ°€À°€À°€À°€À°€À°€À°€À°€À(ÈÀÌÀÐ°€ÌÕ|Å|Ðà°€À°€À°€À°€À°€À°€À°€À°€À(ÈÀÌÀÔ°€ÌÕ|Å|Ðä°€À°€À°€À°€À°€À°€À°€À°€À(ÈÀÌÀØ°€ÌÕ|Å|ÔÀ°€À°€À°€À°€À°€À°€À°€À°€À(ÈÀÌÀÜ°€ÌÕ|Å|ÔÄ°€À°€À°€À°€À°€À°€À°€À°€À(ÈÀÌÀà°€ÌÕ|Å|ÔÈ°€À°€À°€À°€À°€À°€À°€À°€À(ÈÀÌÀä°€ÌÕ|Å|ÔÌ°€À°€À°€À°€À°€À°€À°€À°€À(ÈÀÌÄÀ°€ÌÕ|Å|ÔÐ°€À°€À°€À°€À°€À°€À°€À°€À(ÈÀÌÄÄ°€ÌÕ|Å|ÔÔ°€À°€À°€À°€À°€À°€À°€À°€À(ÈÀÌÄÈ°€ÌÕ|Å|ÔØ°€À°€À°€À°€À°€À°€À°€À°€À(ÈÀÌÄÌ°€ÌÕ|Å|ÔÜ°€À°€À°€À°€À°€À°€À°€À°€À(ÈÀÌÄÐ°€ÌÕ|Å|Ôà°€À°€À°€À°€À°€À°€À°€À°€À(ÈÀÌÄÔ°€ÌÕ|Å|Ôä°€À°€À°€À°€À°€À°€À°€À°€À(ÈÀÌÄØ°€ÌÕ|Å|ØÀ°€À°€À°€À°€À°€À°€À°€À°€À(ÈÀÌÄÜ°€ÌÕ|Å|ØÄ°€À°€À°€À°€À°€À°€À°€À°€À(ÈÀÌÄà°€ÌÕ|Å|ØÈ°€À°€À°€À°€À°€À°€À°€À°€À(ÈÀÌÄä°€ÌÕ|Å|ØÌ°€À°€À°€À°€À°€À°€À°€À°€À(ÈÀÌÈÀ°€ÌÕ|Å|ØÐ°€À°€À°€À°€À°€À°€À°€À°€À(ÈÀÌÈÄ°€ÌÕ|Å|ØÔ°€À°€À°€À°€À°€À°€À°€À°€À(ÈÀÌÈÈ°€ÌÕ|Å|ØØ°€À°€À°€À°€À°€À°€À°€À°€À(ÈÀÌÈÌ°€ÌÕ|Å|ØÜ°€À°€À°€À°€À°€À°€À°€À°€À(ÈÀÌÈÐ°€ÌÕ|Å|Øà°€À°€À°€À°€À°€À°€À°€À°€À(ÈÀÌÈÔ°€ÌÕ|Å|Øä°€À°€À°€À°€À°€À°€À°€À°€À(ÈÀÌÈØ°€ÌÕ|Å|ÜÀ°€À°€À°€À°€À°€À°€À°€À°€À(ÈÀÌÈÜ°€ÌÕ|Å|ÜÄ°€À°€À°€À°€À°€À°€À°€À°€À(ÈÀÌÈà°€ÌÕ|Å|ÜÈ°€À°€À°€À°€À°€À°€À°€À°€À(ÈÀÌÈä°€ÌÕ|Å|ÜÌ°€À°€À°€À°€À°€À°€À°€À°€À(ÈÀÌÌÀ°€ÌÕ|Å|ÜÐ°€À°€À°€À°€À°€À°€À°€À°€À(ÈÀÌÌÄ°€ÌÕ|Å|ÜÔ°€À°€À°€À°€À°€À°€À°€À°€À(ÈÀÌÌÈ°€ÌÕ|Å|ÜØ°€À°€À°€À°€À°€À°€À°€À°€À(ÈÀÌÌÌ°€ÌÕ|Å|ÜÜ°€À°€À°€À°€À°€À°€À°€À°€À(ÈÀÌÌÐ°€ÌÕ|Å|Üà°€À°€À°€À°€À°€À°€À°€À°€À(ÈÀÌÌÔ°€ÌÕ|Å|Üä°€À°€À°€À°€À°€À°€À°€À°€À(ÈÀÌÌØ°€ÌÕ|Å|àÀ°€À°€À°€À°€À°€À°€À°€À°€À(ÈÀÌÌÜ°€ÌÕ|Å|àÄ°€À°€À°€À°€À°€À°€À°€À°€À(ÈÀÌÌà°€ÌÕ|Å|àÈ°€À°€À°€À°€À°€À°€À°€À°€À(ÈÀÌÌä°€ÌÕ|Å|àÌ°€À°€À°€À°€À°€À°€À°€À°€À(ÈÀÌÐÀ°€ÌÕ|Å|àÐ°€À°€À°€À°€À°€À°€À°€À°€À(ÈÀÌÐÄ°€ÌÕ|Å|àÔ°€À°€À°€À°€À°€À°€À°€À°€À(ÈÀÌÐÈ°€ÌÕ|Å|àØ°€À°€À°€À°€À°€À°€À°€À°€À(ÈÀÌÐÌ°€ÌÕ|Å|àÜ°€À°€À°€À°€À°€À°€À°€À°€À(ÈÀÌÐÐ°€ÌÕ|Å|àà°€À°€À°€À°€À°€À°€À°€À°€À(ÈÀÌÐÔ°€ÌÕ|Å|àä°€À°€À°€À°€À°€À°€À°€À°€À(ÈÀÌÐØ°€ÌÕ|Å|äÀ°€À°€À°€À°€À°€À°€À°€À°€À(ÈÀÌÐÜ°€ÌÕ|Å|äÄ°€À°€À°€À°€À°€À°€À°€À°€À(ÈÀÌÐà°€ÌÕ|Å|äÈ°€À°€À°€À°€À°€À°€À°€À°€À(ÈÀÌÐä°€ÌÕ|Å|äÌ°€À°€À°€À°€À°€À°€À°€À°€À(ÈÀÌÔÀ°€ÌÕ|Å|äÐ°€À°€À°€À°€À°€À°€À°€À°€À(ÈÀÌÔÄ°€ÌÕ|Å|äÔ°€À°€À°€À°€À°€À°€À°€À°€À(ÈÀÌÔÈ°€ÌÕ|É|ÀÀ°€À°€À°€À°€À°€À°€À°€À°€À(ÈÀÌÔÌ°€ÌÕ|É|ÀÄ°€À°€À°€À°€À°€À°€À°€À°€À(ÈÀÌÔÐ°€ÌÕ|É|ÀÈ°€À°€À°€À°€À°€À°€À°€À°€À(ÈÀÌÔÔ°€ÌÕ|É|ÀÌ°€À°€À°€À°€À°€À°€À°€À°€À(ÈÀÌÔØ°€ÌÕ|É|ÀÐ°€À°€À°€À°€À°€À°€À°€À°€À(ÈÀÌÔÜ°€ÌÕ|É|ÀÔ°€À°€À°€À°€À°€À°€À°€À°€À(ÈÀÌÔà°€ÌÕ|É|ÀØ°€À°€À°€À°€À°€À°€À°€À°€À(ÈÀÌÔä°€ÌÕ|É|ÀÜ°€À°€À°€À°€À°€À°€À°€À°€À(ÈÀÌØÀ°€ÌÕ|É|Àà°€À°€À°€À°€À°€À°€À°€À°€À(ÈÀÌØÄ°€ÌÕ|É|Àä°€À°€À°€À°€À°€À°€À°€À°€À(ÈÀÌØÈ°€ÌÕ|É|ÄÀ°€À°€À°€À°€À°€À°€À°€À°€À(ÈÀÌØÌ°€ÌÕ|É|ÄÄ°€À°€À°€À°€À°€À°€À°€À°€À(ÈÀÌØÐ°€ÌÕ|É|ÄÈ°€À°€À°€À°€À°€À°€À°€À°€À(ÈÀÌØÔ°€ÌÕ|É|ÄÌ°€À°€À°€À°€À°€À°€À°€À°€À(ÈÀÌØØ°€ÌÕ|É|ÄÐ°€À°€À°€À°€À°€À°€À°€À°€À(ÈÀÌØÜ°€ÌÕ|É|ÄÔ°€À°€À°€À°€À°€À°€À°€À°€À(ÈÀÌØà°€ÌÕ|É|ÄØ°€À°€À°€À°€À°€À°€À°€À°€À(ÈÀÌØä°€ÌÕ|É|ÄÜ°€À°€À°€À°€À°€À°€À°€À°€À(ÈÀÌÜÀ°€ÌÕ|É|Äà°€À°€À°€À°€À°€À°€À°€À°€À(ÈÀÌÜÄ°€ÌÕ|É|Ää°€À°€À°€À°€À°€À°€À°€À°€À(ÈÀÌÜÈ°€ÌÕ|É|ÈÀ°€À°€À°€À°€À°€À°€À°€À°€À(ÈÀÌÜÌ°€ÌÕ|É|ÈÄ°€À°€À°€À°€À°€À°€À°€À°€À(ÈÀÌÜÐ°€ÌÕ|É|ÈÈ°€À°€À°€À°€À°€À°€À°€À°€À(ÈÀÌÜÔ°€ÌÕ|É|ÈÌ°€À°€À°€À°€À°€À°€À°€À°€À(ÈÀÌÜØ°€ÌÕ|É|ÈÐ°€À°€À°€À°€À°€À°€À°€À°€À(ÈÀÌÜÜ°€ÌÕ|É|ÈÔ°€À°€À°€À°€À°€À°€À°€À°€À(ÈÀÌÜà°€ÌÕ|É|ÈØ°€À°€À°€À°€À°€À°€À°€À°€À(ÈÀÌÜä°€ÌÕ|É|ÈÜ°€À°€À°€À°€À°€À°€À°€À°€À(ÈÀÌàÀ°€ÌÕ|É|Èà°€À°€À°€À°€À°€À°€À°€À°€À(ÈÀÌàÄ°€ÌÕ|É|Èä°€À°€À°€À°€À°€À°€À°€À°€À(ÈÀÌàÈ°€ÌÕ|É|ÌÀ°€À°€À°€À°€À°€À°€À°€À°€À(ÈÀÌàÌ°€ÌÕ|É|ÌÄ°€À°€À°€À°€À°€À°€À°€À°€À(ÈÀÌàÐ°€ÌÕ|É|ÌÈ°€À°€À°€À°€À°€À°€À°€À°€À(ÈÀÌàÔ°€ÌÕ|É|ÌÌ°€À°€À°€À°€À°€À°€À°€À°€À(ÈÀÌàØ°€ÌÕ|É|ÌÐ°€À°€À°€À°€À°€À°€À°€À°€À(ÈÀÌàÜ°€ÌÕ|É|ÌÔ°€À°€À°€À°€À°€À°€À°€À°€À(ÈÀÌàà°€ÌÕ|É|ÌØ°€À°€À°€À°€À°€À°€À°€À°€À(ÈÀÌàä°€ÌÕ|É|ÌÜ°€À°€À°€À°€À°€À°€À°€À°€À(ÈÀÌäÀ°€ÌÕ|É|Ìà°€À°€À°€À°€À°€À°€À°€À°€À(ÈÀÌäÄ°€ÌÕ|É|Ìä°€À°€À°€À°€À°€À°€À°€À°€À(ÈÀÌäÈ°€ÌÕ|É|ÐÀ°€À°€À°€À°€À°€À°€À°€À°€À(ÈÀÌäÌ°€ÌÕ|É|ÐÄ°€À°€À°€À°€À°€À°€À°€À°€À(ÈÀÌäÐ°€ÌÕ|É|ÐÈ°€À°€À°€À°€À°€À°€À°€À°€À(ÈÀÌäÔ°€ÌÕ|É|ÐÌ°€À°€À°€À°€À°€À°€À°€À°€À(ÈÀÌäØ°€ÌÕ|É|ÐÐ°€À°€À°€À°€À°€À°€À°€À°€À(ÈÀÌäÜ°€ÌÕ|É|ÐÔ°€À°€À°€À°€À°€À°€À°€À°€À(ÈÀÌäà°€ÌÕ|É|ÐØ°€À°€À°€À°€À°€À°€À°€À°€À(ÈÀÌää°€ÌÕ|É|ÐÜ°€À°€À°€À°€À°€À°€À°€À°€À(ÈÀÐÀÀ°€ÌÕ|É|Ðà°€À°€À°€À°€À°€À°€À°€À°€À(ÈÀÐÀÄ°€ÌÕ|É|Ðä°€À°€À°€À°€À°€À°€À°€À°€À(ÈÀÐÀÈ°€ÌÕ|É|ÔÀ°€À°€À°€À°€À°€À°€À°€À°€À(ÈÀÐÀÌ°€ÌÕ|É|ÔÄ°€À°€À°€À°€À°€À°€À°€À°€À(ÈÀÐÀÐ°€ÌÕ|É|ÔÈ°€À°€À°€À°€À°€À°€À°€À°€À(ÈÀÐÀÔ°€ÌÕ|É|ÔÌ°€À°€À°€À°€À°€À°€À°€À°€À(ÈÀÐÀØ°€ÌÕ|É|ÔÐ°€À°€À°€À°€À°€À°€À°€À°€À(ÈÀÐÀÜ°€ÌÕ|É|ÔÔ°€À°€À°€À°€À°€À°€À°€À°€À(ÈÀÐÀà°€ÌÕ|É|ÔØ°€À°€À°€À°€À°€À°€À°€À°€À(ÈÀÐÀä°€ÌÕ|É|ÔÜ°€À°€À°€À°€À°€À°€À°€À°€À(ÈÀÐÄÀ°€ÌÕ|É|Ôà°€À°€À°€À°€À°€À°€À°€À°€À(ÈÀÐÄÄ°€ÌÕ|É|Ôä°€À°€À°€À°€À°€À°€À°€À°€À(ÈÀÐÄÈ°€ÌÕ|É|ØÀ°€À°€À°€À°€À°€À°€À°€À°€À(ÈÀÐÄÌ°€ÌÕ|É|ØÄ°€À°€À°€À°€À°€À°€À°€À°€À(ÈÀÐÄÐ°€ÌÕ|É|ØÈ°€À°€À°€À°€À°€À°€À°€À°€À(ÈÀÐÄÔ°€ÌÕ|É|ØÌ°€À°€À°€À°€À°€À°€À°€À°€À(ÈÀÐÄØ°€ÌÕ|É|ØÐ°€À°€À°€À°€À°€À°€À°€À°€À(ÈÀÐÄÜ°€ÌÕ|É|ØÔ°€À°€À°€À°€À°€À°€À°€À°€À(ÈÀÐÄà°€ÌÕ|É|ØØ°€À°€À°€À°€À°€À°€À°€À°€À(ÈÀÐÄä°€ÌÕ|É|ØÜ°€À°€À°€À°€À°€À°€À°€À°€À(ÈÀÐÈÀ°€ÌÕ|É|Øà°€À°€À°€À°€À°€À°€À°€À°€À(ÈÀÐÈÄ°€ÌÕ|É|Øä°€À°€À°€À°€À°€À°€À°€À°€À(ÈÀÐÈÈ°€ÌÕ|É|ÜÀ°€À°€À°€À°€À°€À°€À°€À°€À(ÈÀÐÈÌ°€ÌÕ|É|ÜÄ°€À°€À°€À°€À°€À°€À°€À°€À(ÈÀÐÈÐ°€ÌÕ|É|ÜÈ°€À°€À°€À°€À°€À°€À°€À°€À(ÈÀÐÈÔ°€ÌÕ|É|ÜÌ°€À°€À°€À°€À°€À°€À°€À°€À(ÈÀÐÈØ°€ÌÕ|É|ÜÐ°€À°€À°€À°€À°€À°€À°€À°€À(ÈÀÐÈÜ°€ÌÕ|É|ÜÔ°€À°€À°€À°€À°€À°€À°€À°€À(ÈÀÐÈà°€ÌÕ|É|ÜØ°€À°€À°€À°€À°€À°€À°€À°€À(ÈÀÐÈä°€ÌÕ|É|ÜÜ°€À°€À°€À°€À°€À°€À°€À°€À(ÈÀÐÌÀ°€ÌÕ|É|Üà°€À°€À°€À°€À°€À°€À°€À°€À(ÈÀÐÌÄ°€ÌÕ|É|Üä°€À°€À°€À°€À°€À°€À°€À°€À(ÈÀÐÌÈ°€ÌÕ|É|àÀ°€À°€À°€À°€À°€À°€À°€À°€À(ÈÀÐÌÌ°€ÌÕ|É|àÄ°€À°€À°€À°€À°€À°€À°€À°€À(ÈÀÐÌÐ°€ÌÕ|É|àÈ°€À°€À°€À°€À°€À°€À°€À°€À(ÈÀÐÌÔ°€ÌÕ|É|àÌ°€À°€À°€À°€À°€À°€À°€À°€À(ÈÀÐÌØ°€ÌÕ|É|àÐ°€À°€À°€À°€À°€À°€À°€À°€À(ÈÀÐÌÜ°€ÌÕ|É|àÔ°€À°€À°€À°€À°€À°€À°€À°€À(ÈÀÐÌà°€ÌÕ|É|àØ°€À°€À°€À°€À°€À°€À°€À°€À(ÈÀÐÌä°€ÌÕ|É|àÜ°€À°€À°€À°€À°€À°€À°€À°€À(ÈÀÐÐÀ°€ÌÕ|É|àà°€À°€À°€À°€À°€À°€À°€À°€À(ÈÀÐÐÄ°€ÌÕ|É|àä°€À°€À°€À°€À°€À°€À°€À°€À(ÈÀÐÐÈ°€ÌÕ|É|äÀ°€À°€À°€À°€À°€À°€À°€À°€À(ÈÀÐÐÌ°€ÌÕ|É|äÄ°€À°€À°€À°€À°€À°€À°€À°€À(ÈÀÐÐÐ°€ÌÕ|É|äÈ°€À°€À°€À°€À°€À°€À°€À°€À(ÈÀÐÐÔ°€ÌÕ|É|äÌ°€À°€À°€À°€À°€À°€À°€À°€À(ÈÀÐÐØ°€ÌÕ|É|äÐ°€À°€À°€À°€À°€À°€À°€À°€À(ÈÀÐÐÜ°€ÌÕ|É|äÔ°€À°€À°€À°€À°€À°€À°€À°€À(ÈÀÐÐà°€ÌÕ|Í|ÀÀ°€À°€À°€À°€À°€À°€À°€À°€À(ÈÀÐÐä°€ÌÕ|Í|ÀÄ°€À°€À°€À°€À°€À°€À°€À°€À(ÈÀÐÔÀ°€ÌÕ|Í|ÀÈ°€À°€À°€À°€À°€À°€À°€À°€À(ÈÀÐÔÄ°€ÌÕ|Í|ÀÌ°€À°€À°€À°€À°€À°€À°€À°€À(ÈÀÐÔÈ°€ÌÕ|Í|ÀÐ°€À°€À°€À°€À°€À°€À°€À°€À(ÈÀÐÔÌ°€ÌÕ|Í|ÀÔ°€À°€À°€À°€À°€À°€À°€À°€À(ÈÀÐÔÐ°€ÌÕ|Í|ÀØ°€À°€À°€À°€À°€À°€À°€À°€À(ÈÀÐÔÔ°€ÌÕ|Í|ÀÜ°€À°€À°€À°€À°€À°€À°€À°€À(ÈÀÐÔØ°€ÌÕ|Í|Àà°€À°€À°€À°€À°€À°€À°€À°€À(ÈÀÐÔÜ°€ÌÕ|Í|Àä°€À°€À°€À°€À°€À°€À°€À°€À(ÈÀÐÔà°€ÌÕ|Í|ÄÀ°€À°€À°€À°€À°€À°€À°€À°€À(ÈÀÐÔä°€ÌÕ|Í|ÄÄ°€À°€À°€À°€À°€À°€À°€À°€À(ÈÀÐØÀ°€ÌÕ|Í|ÄÈ°€À°€À°€À°€À°€À°€À°€À°€À(ÈÀÐØÄ°€ÌÕ|Í|ÄÌ°€À°€À°€À°€À°€À°€À°€À°€À(ÈÀÐØÈ°€ÌÕ|Í|ÄÐ°€À°€À°€À°€À°€À°€À°€À°€À(ÈÀÐØÌ°€ÌÕ|Í|ÄÔ°€À°€À°€À°€À°€À°€À°€À°€À(ÈÀÐØÐ°€ÌÕ|Í|ÄØ°€À°€À°€À°€À°€À°€À°€À°€À(ÈÀÐØÔ°€ÌÕ|Í|ÄÜ°€À°€À°€À°€À°€À°€À°€À°€À(ÈÀÐØØ°€ÌÕ|Í|Äà°€À°€À°€À°€À°€À°€À°€À°€À(ÈÀÐØÜ°€ÌÕ|Í|Ää°€À°€À°€À°€À°€À°€À°€À°€À(ÈÀÐØà°€ÌÕ|Í|ÈÀ°€À°€À°€À°€À°€À°€À°€À°€À(ÈÀÐØä°€ÌÕ|Í|ÈÄ°€À°€À°€À°€À°€À°€À°€À°€À(ÈÀÐÜÀ°€ÌÕ|Í|ÈÈ°€À°€À°€À°€À°€À°€À°€À°€À(ÈÀÐÜÄ°€ÌÕ|Í|ÈÌ°€À°€À°€À°€À°€À°€À°€À°€À(ÈÀÐÜÈ°€ÌÕ|Í|ÈÐ°€À°€À°€À°€À°€À°€À°€À°€À(ÈÀÐÜÌ°€ÌÕ|Í|ÈÔ°€À°€À°€À°€À°€À°€À°€À°€À(ÈÀÐÜÐ°€ÌÕ|Í|ÈØ°€À°€À°€À°€À°€À°€À°€À°€À(ÈÀÐÜÔ°€ÌÕ|Í|ÈÜ°€À°€À°€À°€À°€À°€À°€À°€À(ÈÀÐÜØ°€ÌÕ|Í|Èà°€À°€À°€À°€À°€À°€À°€À°€À(ÈÀÐÜÜ°€ÌÕ|Í|Èä°€À°€À°€À°€À°€À°€À°€À°€À(ÈÀÐÜà°€ÌÕ|Í|ÌÀ°€À°€À°€À°€À°€À°€À°€À°€À(ÈÀÐÜä°€ÌÕ|Í|ÌÄ°€À°€À°€À°€À°€À°€À°€À°€À(ÈÀÐàÀ°€ÌÕ|Í|ÌÈ°€À°€À°€À°€À°€À°€À°€À°€À(ÈÀÐàÄ°€ÌÕ|Í|ÌÌ°€À°€À°€À°€À°€À°€À°€À°€À(ÈÀÐàÈ°€ÌÕ|Í|ÌÐ°€À°€À°€À°€À°€À°€À°€À°€À(ÈÀÐàÌ°€ÌÕ|Í|ÌÔ°€À°€À°€À°€À°€À°€À°€À°€À(ÈÀÐàÐ°€ÌÕ|Í|ÌØ°€À°€À°€À°€À°€À°€À°€À°€À(ÈÀÐàÔ°€ÌÕ|Í|ÌÜ°€À°€À°€À°€À°€À°€À°€À°€À(ÈÀÐàØ°€ÌÕ|Í|Ìà°€À°€À°€À°€À°€À°€À°€À°€À(ÈÀÐàÜ°€ÌÕ|Í|Ìä°€À°€À°€À°€À°€À°€À°€À°€À(ÈÀÐàà°€ÌÕ|Í|ÐÀ°€À°€À°€À°€À°€À°€À°€À°€À(ÈÀÐàä°€ÌÕ|Í|ÐÄ°€À°€À°€À°€À°€À°€À°€À°€À(ÈÀÐäÀ°€ÌÕ|Í|ÐÈ°€À°€À°€À°€À°€À°€À°€À°€À(ÈÀÐäÄ°€ÌÕ|Í|ÐÌ°€À°€À°€À°€À°€À°€À°€À°€À(ÈÀÐäÈ°€ÌÕ|Í|ÐÐ°€À°€À°€À°€À°€À°€À°€À°€À(ÈÀÐäÌ°€ÌÕ|Í|ÐÔ°€À°€À°€À°€À°€À°€À°€À°€À(ÈÀÐäÐ°€ÌÕ|Í|ÐØ°€À°€À°€À°€À°€À°€À°€À°€À(ÈÀÐäÔ°€ÌÕ|Í|ÐÜ°€À°€À°€À°€À°€À°€À°€À°€À(ÈÀÐäØ°€ÌÕ|Í|Ðà°€À°€À°€À°€À°€À°€À°€À°€À(ÈÀÐäÜ°€ÌÕ|Í|Ðä°€À°€À°€À°€À°€À°€À°€À°€À(ÈÀÐäà°€ÌÕ|Í|ÔÀ°€À°€À°€À°€À°€À°€À°€À°€À(ÈÀÐää°€ÌÕ|Í|ÔÄ°€À°€À°€À°€À°€À°€À°€À°€À(ÈÀÔÀÀ°€ÌÕ|Í|ÔÈ°€À°€À°€À°€À°€À°€À°€À°€À(ÈÀÔÀÄ°€ÌÕ|Í|ÔÌ°€À°€À°€À°€À°€À°€À°€À°€À(ÈÀÔÀÈ°€ÌÕ|Í|ÔÐ°€À°€À°€À°€À°€À°€À°€À°€À(ÈÀÔÀÌ°€ÌÕ|Í|ÔÔ°€À°€À°€À°€À°€À°€À°€À°€À(ÈÀÔÀÐ°€ÌÕ|Í|ÔØ°€À°€À°€À°€À°€À°€À°€À°€À(ÈÀÔÀÔ°€ÌÕ|Í|ÔÜ°€À°€À°€À°€À°€À°€À°€À°€À(ÈÀÔÀØ°€ÌÕ|Í|Ôà°€À°€À°€À°€À°€À°€À°€À°€À(ÈÀÔÀÜ°€ÌÕ|Í|Ôä°€À°€À°€À°€À°€À°€À°€À°€À(ÈÀÔÀà°€ÌÕ|Í|ØÀ°€À°€À°€À°€À°€À°€À°€À°€À(ÈÀÔÀä°€ÌÕ|Í|ØÄ°€À°€À°€À°€À°€À°€À°€À°€À(ÈÀÔÄÀ°€ÌÕ|Í|ØÈ°€À°€À°€À°€À°€À°€À°€À°€À(ÈÀÔÄÄ°€ÌÕ|Í|ØÌ°€À°€À°€À°€À°€À°€À°€À°€À(ÈÀÔÄÈ°€ÌÕ|Í|ØÐ°€À°€À°€À°€À°€À°€À°€À°€À(ÈÀÔÄÌ°€ÌÕ|Í|ØÔ°€À°€À°€À°€À°€À°€À°€À°€À(ÈÀÔÄÐ°€ÌÕ|Í|ØØ°€À°€À°€À°€À°€À°€À°€À°€À(ÈÀÔÄÔ°€ÌÕ|Í|ØÜ°€À°€À°€À°€À°€À°€À°€À°€À(ÈÀÔÄØ°€ÌÕ|Í|Øà°€À°€À°€À°€À°€À°€À°€À°€À(ÈÀÔÄÜ°€ÌÕ|Í|Øä°€À°€À°€À°€À°€À°€À°€À°€À(ÈÀÔÄà°€ÌÕ|Í|ÜÀ°€À°€À°€À°€À°€À°€À°€À°€À(ÈÀÔÄä°€ÌÕ|Í|ÜÄ°€À°€À°€À°€À°€À°€À°€À°€À(ÈÀÔÈÀ°€ÌÕ|Í|ÜÈ°€À°€À°€À°€À°€À°€À°€À°€À(ÈÀÔÈÄ°€ÌÕ|Í|ÜÌ°€À°€À°€À°€À°€À°€À°€À°€À(ÈÀÔÈÈ°€ÌÕ|Í|ÜÐ°€À°€À°€À°€À°€À°€À°€À°€À(ÈÀÔÈÌ°€ÌÕ|Í|ÜÔ°€À°€À°€À°€À°€À°€À°€À°€À(ÈÀÔÈÐ°€ÌÕ|Í|ÜØ°€À°€À°€À°€À°€À°€À°€À°€À(ÈÀÔÈÔ°€ÌÕ|Í|ÜÜ°€À°€À°€À°€À°€À°€À°€À°€À(ÈÀÔÈØ°€ÌÕ|Í|Üà°€À°€À°€À°€À°€À°€À°€À°€À(ÈÀÔÈÜ°€ÌÕ|Í|Üä°€À°€À°€À°€À°€À°€À°€À°€À(ÈÀÔÈà°€ÌÕ|Í|àÀ°€À°€À°€À°€À°€À°€À°€À°€À(ÈÀÔÈä°€ÌÕ|Í|àÄ°€À°€À°€À°€À°€À°€À°€À°€À(ÈÀÔÌÀ°€ÌÕ|Í|àÈ°€À°€À°€À°€À°€À°€À°€À°€À(ÈÀÔÌÄ°€ÌÕ|Í|àÌ°€À°€À°€À°€À°€À°€À°€À°€À(ÈÀÔÌÈ°€ÌÕ|Í|àÐ°€À°€À°€À°€À°€À°€À°€À°€À(ÈÀÔÌÌ°€ÌÕ|Í|àÔ°€À°€À°€À°€À°€À°€À°€À°€À(ÈÀÔÌÐ°€ÌÕ|Í|àØ°€À°€À°€À°€À°€À°€À°€À°€À(ÈÀÔÌÔ°€ÌÕ|Í|àÜ°€À°€À°€À°€À°€À°€À°€À°€À(ÈÀÔÌØ°€ÌÕ|Í|àà°€À°€À°€À°€À°€À°€À°€À°€À(ÈÀÔÌÜ°€ÌÕ|Í|àä°€À°€À°€À°€À°€À°€À°€À°€À(ÈÀÔÌà°€ÌÕ|Í|äÀ°€À°€À°€À°€À°€À°€À°€À°€À(ÈÀÔÌä°€ÌÕ|Í|äÄ°€À°€À°€À°€À°€À°€À°€À°€À(ÈÀÔÐÀ°€ÌÕ|Í|äÈ°€À°€À°€À°€À°€À°€À°€À°€À(ÈÀÔÐÄ°€ÌÕ|Í|äÌ°€À°€À°€À°€À°€À°€À°€À°€À(ÈÀÔÐÈ°€ÌÕ|Í|äÐ°€À°€À°€À°€À°€À°€À°€À°€À(ÈÀÔÐÌ°€ÌÕ|Í|äÔ°€À°€À°€À°€À°€À°€À°€À°€À(ÈÀÔÐÐ°€ÌÕ|Ñ|ÀÀ°€À°€À°€À°€À°€À°€À°€À°€À(ÈÀÔÐÔ°€ÌÕ|Ñ|ÀÄ°€À°€À°€À°€À°€À°€À°€À°€À(ÈÀÔÐØ°€ÌÕ|Ñ|ÀÈ°€À°€À°€À°€À°€À°€À°€À°€À(ÈÀÔÐÜ°€ÌÕ|Ñ|ÀÌ°€À°€À°€À°€À°€À°€À°€À°€À(ÈÀÔÐà°€ÌÕ|Ñ|ÀÐ°€À°€À°€À°€À°€À°€À°€À°€À(ÈÀÔÐä°€ÌÕ|Ñ|ÀÔ°€À°€À°€À°€À°€À°€À°€À°€À(ÈÀÔÔÀ°€ÌÕ|Ñ|ÀØ°€À°€À°€À°€À°€À°€À°€À°€À(ÈÀÔÔÄ°€ÌÕ|Ñ|ÀÜ°€À°€À°€À°€À°€À°€À°€À°€À(ÈÀÔÔÈ°€ÌÕ|Ñ|Àà°€À°€À°€À°€À°€À°€À°€À°€À(ÈÀÔÔÌ°€ÌÕ|Ñ|Àä°€À°€À°€À°€À°€À°€À°€À°€À(ÈÀÔÔÐ°€ÌÕ|Ñ|ÄÀ°€À°€À°€À°€À°€À°€À°€À°€À(ÈÀÔÔÔ°€ÌÕ|Ñ|ÄÄ°€À°€À°€À°€À°€À°€À°€À°€À(ÈÀÔÔØ°€ÌÕ|Ñ|ÄÈ°€À°€À°€À°€À°€À°€À°€À°€À(ÈÀÔÔÜ°€ÌÕ|Ñ|ÄÌ°€À°€À°€À°€À°€À°€À°€À°€À(ÈÀÔÔà°€ÌÕ|Ñ|ÄÐ°€À°€À°€À°€À°€À°€À°€À°€À(ÈÀÔÔä°€ÌÕ|Ñ|ÄÔ°€À°€À°€À°€À°€À°€À°€À°€À(ÈÀÔØÀ°€ÌÕ|Ñ|ÄØ°€À°€À°€À°€À°€À°€À°€À°€À(ÈÀÔØÄ°€ÌÕ|Ñ|ÄÜ°€À°€À°€À°€À°€À°€À°€À°€À(ÈÀÔØÈ°€ÌÕ|Ñ|Äà°€À°€À°€À°€À°€À°€À°€À°€À(ÈÀÔØÌ°€ÌÕ|Ñ|Ää°€À°€À°€À°€À°€À°€À°€À°€À(ÈÀÔØÐ°€ÌÕ|Ñ|ÈÀ°€À°€À°€À°€À°€À°€À°€À°€À(ÈÀÔØÔ°€ÌÕ|Ñ|ÈÄ°€À°€À°€À°€À°€À°€À°€À°€À(ÈÀÔØØ°€ÌÕ|Ñ|ÈÈ°€À°€À°€À°€À°€À°€À°€À°€À(ÈÀÔØÜ°€ÌÕ|Ñ|ÈÌ°€À°€À°€À°€À°€À°€À°€À°€À(ÈÀÔØà°€ÌÕ|Ñ|ÈÐ°€À°€À°€À°€À°€À°€À°€À°€À(ÈÀÔØä°€ÌÕ|Ñ|ÈÔ°€À°€À°€À°€À°€À°€À°€À°€À(ÈÀÔÜÀ°€ÌÕ|Ñ|ÈØ°€À°€À°€À°€À°€À°€À°€À°€À(ÈÀÔÜÄ°€ÌÕ|Ñ|ÈÜ°€À°€À°€À°€À°€À°€À°€À°€À(ÈÀÔÜÈ°€ÌÕ|Ñ|Èà°€À°€À°€À°€À°€À°€À°€À°€À(ÈÀÔÜÌ°€ÌÕ|Ñ|Èä°€À°€À°€À°€À°€À°€À°€À°€À(ÈÀÔÜÐ°€ÌÕ|Ñ|ÌÀ°€À°€À°€À°€À°€À°€À°€À°€À(ÈÀÔÜÔ°€ÌÕ|Ñ|ÌÄ°€À°€À°€À°€À°€À°€À°€À°€À(ÈÀÔÜØ°€ÌÕ|Ñ|ÌÈ°€À°€À°€À°€À°€À°€À°€À°€À(ÈÀÔÜÜ°€ÌÕ|Ñ|ÌÌ°€À°€À°€À°€À°€À°€À°€À°€À(ÈÀÔÜà°€ÌÕ|Ñ|ÌÐ°€À°€À°€À°€À°€À°€À°€À°€À(ÈÀÔÜä°€ÌÕ|Ñ|ÌÔ°€À°€À°€À°€À°€À°€À°€À°€À(ÈÀÔàÀ°€ÌÕ|Ñ|ÌØ°€À°€À°€À°€À°€À°€À°€À°€À(ÈÀÔàÄ°€ÌÕ|Ñ|ÌÜ°€À°€À°€À°€À°€À°€À°€À°€À(ÈÀÔàÈ°€ÌÕ|Ñ|Ìà°€À°€À°€À°€À°€À°€À°€À°€À(ÈÀÔàÌ°€ÌÕ|Ñ|Ìä°€À°€À°€À°€À°€À°€À°€À°€À(ÈÀÔàÐ°€ÌÕ|Ñ|ÐÀ°€À°€À°€À°€À°€À°€À°€À°€À(ÈÀÔàÔ°€ÌÕ|Ñ|ÐÄ°€À°€À°€À°€À°€À°€À°€À°€À(ÈÀÔàØ°€ÌÕ|Ñ|ÐÈ°€À°€À°€À°€À°€À°€À°€À°€À(ÈÀÔàÜ°€ÌÕ|Ñ|ÐÌ°€À°€À°€À°€À°€À°€À°€À°€À(ÈÀÔàà°€ÌÕ|Ñ|ÐÐ°€À°€À°€À°€À°€À°€À°€À°€À(ÈÀÔàä°€ÌÕ|Ñ|ÐÔ°€À°€À°€À°€À°€À°€À°€À°€À(ÈÀÔäÀ°€ÌÕ|Ñ|ÐØ°€À°€À°€À°€À°€À°€À°€À°€À(ÈÀÔäÄ°€ÌÕ|Ñ|ÐÜ°€À°€À°€À°€À°€À°€À°€À°€À(ÈÀÔäÈ°€ÌÕ|Ñ|Ðà°€À°€À°€À°€À°€À°€À°€À°€À(ÈÀÔäÌ°€ÌÕ|Ñ|Ðä°€À°€À°€À°€À°€À°€À°€À°€À(ÈÀÔäÐ°€ÌÕ|Ñ|ÔÀ°€À°€À°€À°€À°€À°€À°€À°€À(ÈÀÔäÔ°€ÌÕ|Ñ|ÔÄ°€À°€À°€À°€À°€À°€À°€À°€À(ÈÀÔäØ°€ÌÕ|Ñ|ÔÈ°€À°€À°€À°€À°€À°€À°€À°€À(ÈÀÔäÜ°€ÌÕ|Ñ|ÔÌ°€À°€À°€À°€À°€À°€À°€À°€À(ÈÀÔäà°€ÌÕ|Ñ|ÔÐ°€À°€À°€À°€À°€À°€À°€À°€À(ÈÀÔää°€ÌÕ|Ñ|ÔÔ°€À°€À°€À°€À°€À°€À°€À°€À(ÈÀØÀÀ°€ÌÕ|Ñ|ÔØ°€À°€À°€À°€À°€À°€À°€À°€À(ÈÀØÀÄ°€ÌÕ|Ñ|ÔÜ°€À°€À°€À°€À°€À°€À°€À°€À(ÈÀØÀÈ°€ÌÕ|Ñ|Ôà°€À°€À°€À°€À°€À°€À°€À°€À(ÈÀØÀÌ°€ÌÕ|Ñ|Ôä°€À°€À°€À°€À°€À°€À°€À°€À(ÈÀØÀÐ°€ÌÕ|Ñ|ØÀ°€À°€À°€À°€À°€À°€À°€À°€À(ÈÀØÀÔ°€ÌÕ|Ñ|ØÄ°€À°€À°€À°€À°€À°€À°€À°€À(ÈÀØÀØ°€ÌÕ|Ñ|ØÈ°€À°€À°€À°€À°€À°€À°€À°€À(ÈÀØÀÜ°€ÌÕ|Ñ|ØÌ°€À°€À°€À°€À°€À°€À°€À°€À(ÈÀØÀà°€ÌÕ|Ñ|ØÐ°€À°€À°€À°€À°€À°€À°€À°€À(ÈÀØÀä°€ÌÕ|Ñ|ØÔ°€À°€À°€À°€À°€À°€À°€À°€À(ÈÀØÄÀ°€ÌÕ|Ñ|ØØ°€À°€À°€À°€À°€À°€À°€À°€À(ÈÀØÄÄ°€ÌÕ|Ñ|ØÜ°€À°€À°€À°€À°€À°€À°€À°€À(ÈÀØÄÈ°€ÌÕ|Ñ|Øà°€À°€À°€À°€À°€À°€À°€À°€À(ÈÀØÄÌ°€ÌÕ|Ñ|Øä°€À°€À°€À°€À°€À°€À°€À°€À(ÈÀØÄÐ°€ÌÕ|Ñ|ÜÀ°€À°€À°€À°€À°€À°€À°€À°€À(ÈÀØÄÔ°€ÌÕ|Ñ|ÜÄ°€À°€À°€À°€À°€À°€À°€À°€À(ÈÀØÄØ°€ÌÕ|Ñ|ÜÈ°€À°€À°€À°€À°€À°€À°€À°€À(ÈÀØÄÜ°€ÌÕ|Ñ|ÜÌ°€À°€À°€À°€À°€À°€À°€À°€À(ÈÀØÄà°€ÌÕ|Ñ|ÜÐ°€À°€À°€À°€À°€À°€À°€À°€À(ÈÀØÄä°€ÌÕ|Ñ|ÜÔ°€À°€À°€À°€À°€À°€À°€À°€À(ÈÀØÈÀ°€ÌÕ|Ñ|ÜØ°€À°€À°€À°€À°€À°€À°€À°€À(ÈÀØÈÄ°€ÌÕ|Ñ|ÜÜ°€À°€À°€À°€À°€À°€À°€À°€À(ÈÀØÈÈ°€ÌÕ|Ñ|Üà°€À°€À°€À°€À°€À°€À°€À°€À(ÈÀØÈÌ°€ÌÕ|Ñ|Üä°€À°€À°€À°€À°€À°€À°€À°€À(ÈÀØÈÐ°€ÌÕ|Ñ|àÀ°€À°€À°€À°€À°€À°€À°€À°€À(ÈÀØÈÔ°€ÌÕ|Ñ|àÄ°€À°€À°€À°€À°€À°€À°€À°€À(ÈÀØÈØ°€ÌÕ|Ñ|àÈ°€À°€À°€À°€À°€À°€À°€À°€À(ÈÀØÈÜ°€ÌÕ|Ñ|àÌ°€À°€À°€À°€À°€À°€À°€À°€À(ÈÀØÈà°€ÌÕ|Ñ|àÐ°€À°€À°€À°€À°€À°€À°€À°€À(ÈÀØÈä°€ÌÕ|Ñ|àÔ°€À°€À°€À°€À°€À°€À°€À°€À(ÈÀØÌÀ°€ÌÕ|Ñ|àØ°€À°€À°€À°€À°€À°€À°€À°€À(ÈÀØÌÄ°€ÌÕ|Ñ|àÜ°€À°€À°€À°€À°€À°€À°€À°€À(ÈÀØÌÈ°€ÌÕ|Ñ|àà°€À°€À°€À°€À°€À°€À°€À°€À(ÈÀØÌÌ°€ÌÕ|Ñ|àä°€À°€À°€À°€À°€À°€À°€À°€À(ÈÀØÌÐ°€ÌÕ|Ñ|äÀ°€À°€À°€À°€À°€À°€À°€À°€À(ÈÀØÌÔ°€ÌÕ|Ñ|äÄ°€À°€À°€À°€À°€À°€À°€À°€À(ÈÀØÌØ°€ÌÕ|Ñ|äÈ°€À°€À°€À°€À°€À°€À°€À°€À(ÈÀØÌÜ°€ÌÕ|Ñ|äÌ°€À°€À°€À°€À°€À°€À°€À°€À(ÈÀØÌà°€ÌÕ|Ñ|äÐ°€À°€À°€À°€À°€À°€À°€À°€À(ÈÀØÌä°€ÌÕ|Ñ|äÔ°€À°€À°€À°€À°€À°€À°€À°€À(ÈÀØÐÀ°€ÌÕ|Õ|ÀÀ°€À°€À°€À°€À°€À°€À°€À°€À(ÈÀØÐÄ°€ÌÕ|Õ|ÀÄ°€À°€À°€À°€À°€À°€À°€À°€À(ÈÀØÐÈ°€ÌÕ|Õ|ÀÈ°€À°€À°€À°€À°€À°€À°€À°€À(ÈÀØÐÌ°€ÌÕ|Õ|ÀÌ°€À°€À°€À°€À°€À°€À°€À°€À(ÈÀØÐÐ°€ÌÕ|Õ|ÀÐ°€À°€À°€À°€À°€À°€À°€À°€À(ÈÀØÐÔ°€ÌÕ|Õ|ÀÔ°€À°€À°€À°€À°€À°€À°€À°€À(ÈÀØÐØ°€ÌÕ|Õ|ÀØ°€À°€À°€À°€À°€À°€À°€À°€À(ÈÀØÐÜ°€ÌÕ|Õ|ÀÜ°€À°€À°€À°€À°€À°€À°€À°€À(ÈÀØÐà°€ÌÕ|Õ|Àà°€À°€À°€À°€À°€À°€À°€À°€À(ÈÀØÐä°€ÌÕ|Õ|Àä°€À°€À°€À°€À°€À°€À°€À°€À(ÈÀØÔÀ°€ÌÕ|Õ|ÄÀ°€À°€À°€À°€À°€À°€À°€À°€À(ÈÀØÔÄ°€ÌÕ|Õ|ÄÄ°€À°€À°€À°€À°€À°€À°€À°€À(ÈÀØÔÈ°€ÌÕ|Õ|ÄÈ°€À°€À°€À°€À°€À°€À°€À°€À(ÈÀØÔÌ°€ÌÕ|Õ|ÄÌ°€À°€À°€À°€À°€À°€À°€À°€À(ÈÀØÔÐ°€ÌÕ|Õ|ÄÐ°€À°€À°€À°€À°€À°€À°€À°€À(ÈÀØÔÔ°€ÌÕ|Õ|ÄÔ°€À°€À°€À°€À°€À°€À°€À°€À(ÈÀØÔØ°€ÌÕ|Õ|ÄØ°€À°€À°€À°€À°€À°€À°€À°€À(ÈÀØÔÜ°€ÌÕ|Õ|ÄÜ°€À°€À°€À°€À°€À°€À°€À°€À(ÈÀØÔà°€ÌÕ|Õ|Äà°€À°€À°€À°€À°€À°€À°€À°€À(ÈÀØÔä°€ÌÕ|Õ|Ää°€À°€À°€À°€À°€À°€À°€À°€À(ÈÀØØÀ°€ÌÕ|Õ|ÈÀ°€À°€À°€À°€À°€À°€À°€À°€À(ÈÀØØÄ°€ÌÕ|Õ|ÈÄ°€À°€À°€À°€À°€À°€À°€À°€À(ÈÀØØÈ°€ÌÕ|Õ|ÈÈ°€À°€À°€À°€À°€À°€À°€À°€À(ÈÀØØÌ°€ÌÕ|Õ|ÈÌ°€À°€À°€À°€À°€À°€À°€À°€À(ÈÀØØÐ°€ÌÕ|Õ|ÈÐ°€À°€À°€À°€À°€À°€À°€À°€À(ÈÀØØÔ°€ÌÕ|Õ|ÈÔ°€À°€À°€À°€À°€À°€À°€À°€À(ÈÀØØØ°€ÌÕ|Õ|ÈØ°€À°€À°€À°€À°€À°€À°€À°€À(ÈÀØØÜ°€ÌÕ|Õ|ÈÜ°€À°€À°€À°€À°€À°€À°€À°€À(ÈÀØØà°€ÌÕ|Õ|Èà°€À°€À°€À°€À°€À°€À°€À°€À(ÈÀØØä°€ÌÕ|Õ|Èä°€À°€À°€À°€À°€À°€À°€À°€À(ÈÀØÜÀ°€ÌÕ|Õ|ÌÀ°€À°€À°€À°€À°€À°€À°€À°€À(ÈÀØÜÄ°€ÌÕ|Õ|ÌÄ°€À°€À°€À°€À°€À°€À°€À°€À(ÈÀØÜÈ°€ÌÕ|Õ|ÌÈ°€À°€À°€À°€À°€À°€À°€À°€À(ÈÀØÜÌ°€ÌÕ|Õ|ÌÌ°€À°€À°€À°€À°€À°€À°€À°€À(ÈÀØÜÐ°€ÌÕ|Õ|ÌÐ°€À°€À°€À°€À°€À°€À°€À°€À(ÈÀØÜÔ°€ÌÕ|Õ|ÌÔ°€À°€À°€À°€À°€À°€À°€À°€À(ÈÀØÜØ°€ÌÕ|Õ|ÌØ°€À°€À°€À°€À°€À°€À°€À°€À(ÈÀØÜÜ°€ÌÕ|Õ|ÌÜ°€À°€À°€À°€À°€À°€À°€À°€À(ÈÀØÜà°€ÌÕ|Õ|Ìà°€À°€À°€À°€À°€À°€À°€À°€À(ÈÀØÜä°€ÌÕ|Õ|Ìä°€À°€À°€À°€À°€À°€À°€À°€À(ÈÀØàÀ°€ÌÕ|Õ|ÐÀ°€À°€À°€À°€À°€À°€À°€À°€À(ÈÀØàÄ°€ÌÕ|Õ|ÐÄ°€À°€À°€À°€À°€À°€À°€À°€À(ÈÀØàÈ°€ÌÕ|Õ|ÐÈ°€À°€À°€À°€À°€À°€À°€À°€À(ÈÀØàÌ°€ÌÕ|Õ|ÐÌ°€À°€À°€À°€À°€À°€À°€À°€À(ÈÀØàÐ°€ÌÕ|Õ|ÐÐ°€À°€À°€À°€À°€À°€À°€À°€À(ÈÀØàÔ°€ÌÕ|Õ|ÐÔ°€À°€À°€À°€À°€À°€À°€À°€À(ÈÀØàØ°€ÌÕ|Õ|ÐØ°€À°€À°€À°€À°€À°€À°€À°€À(ÈÀØàÜ°€ÌÕ|Õ|ÐÜ°€À°€À°€À°€À°€À°€À°€À°€À(ÈÀØàà°€ÌÕ|Õ|Ðà°€À°€À°€À°€À°€À°€À°€À°€À(ÈÀØàä°€ÌÕ|Õ|Ðä°€À°€À°€À°€À°€À°€À°€À°€À(ÈÀØäÀ°€ÌÕ|Õ|ÔÀ°€À°€À°€À°€À°€À°€À°€À°€À(ÈÀØäÄ°€ÌÕ|Õ|ÔÄ°€À°€À°€À°€À°€À°€À°€À°€À(ÈÀØäÈ°€ÌÕ|Õ|ÔÈ°€À°€À°€À°€À°€À°€À°€À°€À(ÈÀØäÌ°€ÌÕ|Õ|ÔÌ°€À°€À°€À°€À°€À°€À°€À°€À(ÈÀØäÐ°€ÌÕ|Õ|ÔÐ°€À°€À°€À°€À°€À°€À°€À°€À(ÈÀØäÔ°€ÌÕ|Õ|ÔÔ°€À°€À°€À°€À°€À°€À°€À°€À(ÈÀØäØ°€ÌÕ|Õ|ÔØ°€À°€À°€À°€À°€À°€À°€À°€À(ÈÀØäÜ°€ÌÕ|Õ|ÔÜ°€À°€À°€À°€À°€À°€À°€À°€À(ÈÀØäà°€ÌÕ|Õ|Ôà°€À°€À°€À°€À°€À°€À°€À°€À(ÈÀØää°€ÌÕ|Õ|Ôä°€À°€À°€À°€À°€À°€À°€À°€À(ÈÀÜÀÀ°€ÌÕ|Õ|ØÀ°€À°€À°€À°€À°€À°€À°€À°€À(ÈÀÜÀÄ°€ÌÕ|Õ|ØÄ°€À°€À°€À°€À°€À°€À°€À°€À(ÈÀÜÀÈ°€ÌÕ|Õ|ØÈ°€À°€À°€À°€À°€À°€À°€À°€À(ÈÀÜÀÌ°€ÌÕ|Õ|ØÌ°€À°€À°€À°€À°€À°€À°€À°€À(ÈÀÜÀÐ°€ÌÕ|Õ|ØÐ°€À°€À°€À°€À°€À°€À°€À°€À(ÈÀÜÀÔ°€ÌÕ|Õ|ØÔ°€À°€À°€À°€À°€À°€À°€À°€À(ÈÀÜÀØ°€ÌÕ|Õ|ØØ°€À°€À°€À°€À°€À°€À°€À°€À(ÈÀÜÀÜ°€ÌÕ|Õ|ØÜ°€À°€À°€À°€À°€À°€À°€À°€À(ÈÀÜÀà°€ÌÕ|Õ|Øà°€À°€À°€À°€À°€À°€À°€À°€À(ÈÀÜÀä°€ÌÕ|Õ|Øä°€À°€À°€À°€À°€À°€À°€À°€À(ÈÀÜÄÀ°€ÌÕ|Õ|ÜÀ°€À°€À°€À°€À°€À°€À°€À°€À(ÈÀÜÄÄ°€ÌÕ|Õ|ÜÄ°€À°€À°€À°€À°€À°€À°€À°€À(ÈÀÜÄÈ°€ÌÕ|Õ|ÜÈ°€À°€À°€À°€À°€À°€À°€À°€À(ÈÀÜÄÌ°€ÌÕ|Õ|ÜÌ°€À°€À°€À°€À°€À°€À°€À°€À(ÈÀÜÄÐ°€ÌÕ|Õ|ÜÐ°€À°€À°€À°€À°€À°€À°€À°€À(ÈÀÜÄÔ°€ÌÕ|Õ|ÜÔ°€À°€À°€À°€À°€À°€À°€À°€À(ÈÀÜÄØ°€ÌÕ|Õ|ÜØ°€À°€À°€À°€À°€À°€À°€À°€À(ÈÀÜÄÜ°€ÌÕ|Õ|ÜÜ°€À°€À°€À°€À°€À°€À°€À°€À(ÈÀÜÄà°€ÌÕ|Õ|Üà°€À°€À°€À°€À°€À°€À°€À°€À(ÈÀÜÄä°€ÌÕ|Õ|Üä°€À°€À°€À°€À°€À°€À°€À°€À(ÈÀÜÈÀ°€ÌÕ|Õ|àÀ°€À°€À°€À°€À°€À°€À°€À°€À(ÈÀÜÈÄ°€ÌÕ|Õ|àÄ°€À°€À°€À°€À°€À°€À°€À°€À(ÈÀÜÈÈ°€ÌÕ|Õ|àÈ°€À°€À°€À°€À°€À°€À°€À°€À(ÈÀÜÈÌ°€ÌÕ|Õ|àÌ°€À°€À°€À°€À°€À°€À°€À°€À(ÈÀÜÈÐ°€ÌÕ|Õ|àÐ°€À°€À°€À°€À°€À°€À°€À°€À(ÈÀÜÈÔ°€ÌÕ|Õ|àÔ°€À°€À°€À°€À°€À°€À°€À°€À(ÈÀÜÈØ°€ÌÕ|Õ|àØ°€À°€À°€À°€À°€À°€À°€À°€À(ÈÀÜÈÜ°€ÌÕ|Õ|àÜ°€À°€À°€À°€À°€À°€À°€À°€À(ÈÀÜÈà°€ÌÕ|Õ|àà°€À°€À°€À°€À°€À°€À°€À°€À(ÈÀÜÈä°€ÌÕ|Õ|àä°€À°€À°€À°€À°€À°€À°€À°€À(ÈÀÜÌÀ°€ÌÕ|Õ|äÀ°€À°€À°€À°€À°€À°€À°€À°€À(ÈÀÜÌÄ°€ÌÕ|Õ|äÄ°€À°€À°€À°€À°€À°€À°€À°€À(ÈÀÜÌÈ°€ÌÕ|Õ|äÈ°€À°€À°€À°€À°€À°€À°€À°€À(ÈÀÜÌÌ°€ÌÕ|Õ|äÌ°€À°€À°€À°€À°€À°€À°€À°€À(ÈÀÜÌÐ°€ÌÕ|Õ|äÐ°€À°€À°€À°€À°€À°€À°€À°€À(ÈÀÜÌÔ°€ÌÕ|Õ|äÔ°€À°€À°€À°€À°€À°€À°€À°€