
TABLE TrkDelayRStraw
0,0.0,0.0
1,0.0,0.0
2,0.0,0.0
3,0.0,0.0
4,0.0,0.0
5,0.0,0.0
6,0.0,0.0
7,0.0,0.0
8,0.0,0.0
9,0.0,0.0
10,0.0,0.0
11,0.0,0.0
12,0.0,0.0
13,0.0,0.0
14,0.0,0.0
15,0.0,0.0
16,0.0,0.0
17,0.0,0.0
18,0.0,0.0
19,0.0,0.0
20,0.0,0.0
21,0.0,0.0
22,0.0,0.0
23,0.0,0.0
24,0.0,0.0
25,0.0,0.0
26,0.0,0.0
27,0.0,0.0
28,0.0,0.0
29,0.0,0.0
30,0.0,0.0
31,0.0,0.0
32,0.0,0.0
33,0.0,0.0
34,0.0,0.0
35,0.0,0.0
36,0.0,0.0
37,0.0,0.0
38,0.0,0.0
39,0.0,0.0
40,0.0,0.0
41,0.0,0.0
42,0.0,0.0
43,0.0,0.0
44,0.0,0.0
45,0.0,0.0
46,0.0,0.0
47,0.0,0.0
48,0.0,0.0
49,0.0,0.0
50,0.0,0.0
51,0.0,0.0
52,0.0,0.0
53,0.0,0.0
54,0.0,0.0
55,0.0,0.0
56,0.0,0.0
57,0.0,0.0
58,0.0,0.0
59,0.0,0.0
60,0.0,0.0
61,0.0,0.0
62,0.0,0.0
63,0.0,0.0
64,0.0,0.0
65,0.0,0.0
66,0.0,0.0
67,0.0,0.0
68,0.0,0.0
69,0.0,0.0
70,0.0,0.0
71,0.0,0.0
72,0.0,0.0
73,0.0,0.0
74,0.0,0.0
75,0.0,0.0
76,0.0,0.0
77,0.0,0.0
78,0.0,0.0
79,0.0,0.0
80,0.0,0.0
81,0.0,0.0
82,0.0,0.0
83,0.0,0.0
84,0.0,0.0
85,0.0,0.0
86,0.0,0.0
87,0.0,0.0
88,0.0,0.0
89,0.0,0.0
90,0.0,0.0
91,0.0,0.0
92,0.0,0.0
93,0.0,0.0
94,0.0,0.0
95,0.0,0.0
TABLE TrkAlignTracker
0, 0_0_0,0.0,0.0,0.0,0.0,0.0,0.0
TABLE TrkStrawStatusLong
TABLE TrkStrawStatusShort
TABLE TrkPlaneStatus
TABLE TrkPanelStatus
TABLE TrkPreampStraw 1-122273
0,0.000000,0.000000,12.0,12.0,1528000.0
1,0.000000,0.000000,12.0,12.0,1528000.0
2,0.000000,0.000000,12.0,12.0,1528000.0
3,0.000000,0.000000,12.0,12.0,1528000.0
4,0.000000,0.000000,12.0,12.0,1528000.0
5,0.000000,0.000000,12.0,12.0,1528000.0
6,0.000000,0.000000,12.0,12.0,1528000.0
7,0.000000,0.000000,12.0,12.0,1528000.0
8,0.000000,0.000000,12.0,12.0,1528000.0
9,0.000000,0.000000,12.0,12.0,1528000.0
10,0.000000,0.000000,12.0,12.0,1528000.0
11,0.000000,0.000000,12.0,12.0,1528000.0
12,0.000000,0.000000,12.0,12.0,1528000.0
13,0.000000,0.000000,12.0,12.0,1528000.0
14,0.000000,0.000000,12.0,12.0,1528000.0
15,0.000000,0.000000,12.0,12.0,1528000.0
16,0.000000,0.000000,12.0,12.0,1528000.0
17,0.000000,0.000000,12.0,12.0,1528000.0
18,0.000000,0.000000,12.0,12.0,1528000.0
19,0.000000,0.000000,12.0,12.0,1528000.0
20,0.000000,0.000000,12.0,12.0,1528000.0
21,0.000000,0.000000,12.0,12.0,1528000.0
22,0.000000,0.000000,12.0,12.0,1528000.0
23,0.000000,0.000000,12.0,12.0,1528000.0
24,0.000000,0.000000,12.0,12.0,1528000.0
25,0.000000,0.000000,12.0,12.0,1528000.0
26,0.000000,0.000000,12.0,12.0,1528000.0
27,0.000000,0.000000,12.0,12.0,1528000.0
28,0.000000,0.000000,12.0,12.0,1528000.0
29,0.000000,0.000000,12.0,12.0,1528000.0
30,0.000000,0.000000,12.0,12.0,1528000.0
31,0.000000,0.000000,12.0,12.0,1528000.0
32,0.000000,0.000000,12.0,12.0,1528000.0
33,0.000000,0.000000,12.0,12.0,1528000.0
34,0.000000,0.000000,12.0,12.0,1528000.0
35,0.000000,0.000000,12.0,12.0,1528000.0
36,0.000000,0.000000,12.0,12.0,1528000.0
37,0.000000,0.000000,12.0,12.0,1528000.0
38,0.000000,0.000000,12.0,12.0,1528000.0
39,0.000000,0.000000,12.0,12.0,1528000.0
40,0.000000,0.000000,12.0,12.0,1528000.0
41,0.000000,0.000000,12.0,12.0,1528000.0
42,0.000000,0.000000,12.0,12.0,1528000.0
43,0.000000,0.000000,12.0,12.0,1528000.0
44,0.000000,0.000000,12.0,12.0,1528000.0
45,0.000000,0.000000,12.0,12.0,1528000.0
46,0.000000,0.000000,12.0,12.0,1528000.0
47,0.000000,0.000000,12.0,12.0,1528000.0
48,0.000000,0.000000,12.0,12.0,1528000.0
49,0.000000,0.000000,12.0,12.0,1528000.0
50,0.000000,0.000000,12.0,12.0,1528000.0
51,0.000000,0.000000,12.0,12.0,1528000.0
52,0.000000,0.000000,12.0,12.0,1528000.0
53,0.000000,0.000000,12.0,12.0,1528000.0
54,0.000000,0.000000,12.0,12.0,1528000.0
55,0.000000,0.000000,12.0,12.0,1528000.0
56,0.000000,0.000000,12.0,12.0,1528000.0
57,0.000000,0.000000,12.0,12.0,1528000.0
58,0.000000,0.000000,12.0,12.0,1528000.0
59,0.000000,0.000000,12.0,12.0,1528000.0
60,0.000000,0.000000,12.0,12.0,1528000.0
61,0.000000,0.000000,12.0,12.0,1528000.0
62,0.000000,0.000000,12.0,12.0,1528000.0
63,0.000000,0.000000,12.0,12.0,1528000.0
64,0.000000,0.000000,12.0,12.0,1528000.0
65,0.000000,0.000000,12.0,12.0,1528000.0
66,0.000000,0.000000,12.0,12.0,1528000.0
67,0.000000,0.000000,12.0,12.0,1528000.0
68,0.000000,0.000000,12.0,12.0,1528000.0
69,0.000000,0.000000,12.0,12.0,1528000.0
70,0.000000,0.000000,12.0,12.0,1528000.0
71,0.000000,0.000000,12.0,12.0,1528000.0
72,0.000000,0.000000,12.0,12.0,1528000.0
73,0.000000,0.000000,12.0,12.0,1528000.0
74,0.000000,0.000000,12.0,12.0,1528000.0
75,0.000000,0.000000,12.0,12.0,1528000.0
76,0.000000,0.000000,12.0,12.0,1528000.0
77,0.000000,0.000000,12.0,12.0,1528000.0
78,0.000000,0.000000,12.0,12.0,1528000.0
79,0.000000,0.000000,12.0,12.0,1528000.0
80,0.000000,0.000000,12.0,12.0,1528000.0
81,0.000000,0.000000,12.0,12.0,1528000.0
82,0.000000,0.000000,12.0,12.0,1528000.0
83,0.000000,0.000000,12.0,12.0,1528000.0
84,0.000000,0.000000,12.0,12.0,1528000.0
85,0.000000,0.000000,12.0,12.0,1528000.0
86,0.000000,0.000000,12.0,12.0,1528000.0
87,0.000000,0.000000,12.0,12.0,1528000.0
88,0.000000,0.000000,12.0,12.0,1528000.0
89,0.000000,0.000000,12.0,12.0,1528000.0
90,0.000000,0.000000,12.0,12.0,1528000.0
91,0.000000,0.000000,12.0,12.0,1528000.0
92,0.000000,0.000000,12.0,12.0,1528000.0
93,0.000000,0.000000,12.0,12.0,1528000.0
94,0.000000,0.000000,12.0,12.0,1528000.0
95,0.000000,0.000000,12.0,12.0,1528000.0
96,0.000000,0.000000,12.0,12.0,1528000.0
97,0.000000,0.000000,12.0,12.0,1528000.0
98,0.000000,0.000000,12.0,12.0,1528000.0
99,0.000000,0.000000,12.0,12.0,1528000.0
100,0.000000,0.000000,12.0,12.0,1528000.0
101,0.000000,0.000000,12.0,12.0,1528000.0
102,0.000000,0.000000,12.0,12.0,1528000.0
103,0.000000,0.000000,12.0,12.0,1528000.0
104,0.000000,0.000000,12.0,12.0,1528000.0
105,0.000000,0.000000,12.0,12.0,1528000.0
106,0.000000,0.000000,12.0,12.0,1528000.0
107,0.000000,0.000000,12.0,12.0,1528000.0
108,0.000000,0.000000,12.0,12.0,1528000.0
109,0.000000,0.000000,12.0,12.0,1528000.0
110,0.000000,0.000000,12.0,12.0,1528000.0
111,0.000000,0.000000,12.0,12.0,1528000.0
112,0.000000,0.000000,12.0,12.0,1528000.0
113,0.000000,0.000000,12.0,12.0,1528000.0
114,0.000000,0.000000,12.0,12.0,1528000.0
115,0.000000,0.000000,12.0,12.0,1528000.0
116,0.000000,0.000000,12.0,12.0,1528000.0
117,0.000000,0.000000,12.0,12.0,1528000.0
118,0.000000,0.000000,12.0,12.0,1528000.0
119,0.000000,0.000000,12.0,12.0,1528000.0
120,0.000000,0.000000,12.0,12.0,1528000.0
121,0.000000,0.000000,12.0,12.0,1528000.0
122,0.000000,0.000000,12.0,12.0,1528000.0
123,0.000000,0.000000,12.0,12.0,1528000.0
124,0.000000,0.000000,12.0,12.0,1528000.0
125,0.000000,0.000000,12.0,12.0,1528000.0
126,0.000000,0.000000,12.0,12.0,1528000.0
127,0.000000,0.000000,12.0,12.0,1528000.0
128,0.000000,0.000000,12.0,12.0,1528000.0
129,0.000000,0.000000,12.0,12.0,1528000.0
130,0.000000,0.000000,12.0,12.0,1528000.0
131,0.000000,0.000000,12.0,12.0,1528000.0
132,0.000000,0.000000,12.0,12.0,1528000.0
133,0.000000,0.000000,12.0,12.0,1528000.0
134,0.000000,0.000000,12.0,12.0,1528000.0
135,0.000000,0.000000,12.0,12.0,1528000.0
136,0.000000,0.000000,12.0,12.0,1528000.0
137,0.000000,0.000000,12.0,12.0,1528000.0
138,0.000000,0.000000,12.0,12.0,1528000.0
139,0.000000,0.000000,12.0,12.0,1528000.0
140,0.000000,0.000000,12.0,12.0,1528000.0
141,0.000000,0.000000,12.0,12.0,1528000.0
142,0.000000,0.000000,12.0,12.0,1528000.0
143,0.000000,0.000000,12.0,12.0,1528000.0
144,0.000000,0.000000,12.0,12.0,1528000.0
145,0.000000,0.000000,12.0,12.0,1528000.0
146,0.000000,0.000000,12.0,12.0,1528000.0
147,0.000000,0.000000,12.0,12.0,1528000.0
148,0.000000,0.000000,12.0,12.0,1528000.0
149,0.000000,0.000000,12.0,12.0,1528000.0
150,0.000000,0.000000,12.0,12.0,1528000.0
151,0.000000,0.000000,12.0,12.0,1528000.0
152,0.000000,0.000000,12.0,12.0,1528000.0
153,0.000000,0.000000,12.0,12.0,1528000.0
154,0.000000,0.000000,12.0,12.0,1528000.0
155,0.000000,0.000000,12.0,12.0,1528000.0
156,0.000000,0.000000,12.0,12.0,1528000.0
157,0.000000,0.000000,12.0,12.0,1528000.0
158,0.000000,0.000000,12.0,12.0,1528000.0
159,0.000000,0.000000,12.0,12.0,1528000.0
160,0.000000,0.000000,12.0,12.0,1528000.0
161,0.000000,0.000000,12.0,12.0,1528000.0
162,0.000000,0.000000,12.0,12.0,1528000.0
163,0.000000,0.000000,12.0,12.0,1528000.0
164,0.000000,0.000000,12.0,12.0,1528000.0
165,0.000000,0.000000,12.0,12.0,1528000.0
166,0.000000,0.000000,12.0,12.0,1528000.0
167,0.000000,0.000000,12.0,12.0,1528000.0
168,0.000000,0.000000,12.0,12.0,1528000.0
169,0.000000,0.000000,12.0,12.0,1528000.0
170,0.000000,0.000000,12.0,12.0,1528000.0
171,0.000000,0.000000,12.0,12.0,1528000.0
172,0.000000,0.000000,12.0,12.0,1528000.0
173,0.000000,0.000000,12.0,12.0,1528000.0
174,0.000000,0.000000,12.0,12.0,1528000.0
175,0.000000,0.000000,12.0,12.0,1528000.0
176,0.000000,0.000000,12.0,12.0,1528000.0
177,0.000000,0.000000,12.0,12.0,1528000.0
178,0.000000,0.000000,12.0,12.0,1528000.0
179,0.000000,0.000000,12.0,12.0,1528000.0
180,0.000000,0.000000,12.0,12.0,1528000.0
181,0.000000,0.000000,12.0,12.0,1528000.0
182,0.000000,0.000000,12.0,12.0,1528000.0
183,0.000000,0.000000,12.0,12.0,1528000.0
184,0.000000,0.000000,12.0,12.0,1528000.0
185,0.000000,0.000000,12.0,12.0,1528000.0
186,0.000000,0.000000,12.0,12.0,1528000.0
187,0.000000,0.000000,12.0,12.0,1528000.0
188,0.000000,0.000000,12.0,12.0,1528000.0
189,0.000000,0.000000,12.0,12.0,1528000.0
190,0.000000,0.000000,12.0,12.0,1528000.0
191,0.000000,0.000000,12.0,12.0,1528000.0
192,0.000000,0.000000,12.0,12.0,1528000.0
193,0.000000,0.000000,12.0,12.0,1528000.0
194,0.000000,0.000000,12.0,12.0,1528000.0
195,0.000000,0.000000,12.0,12.0,1528000.0
196,0.000000,0.000000,12.0,12.0,1528000.0
197,0.000000,0.000000,12.0,12.0,1528000.0
198,0.000000,0.000000,12.0,12.0,1528000.0
199,0.000000,0.000000,12.0,12.0,1528000.0
200,0.000000,0.000000,12.0,12.0,1528000.0
201,0.000000,0.000000,12.0,12.0,1528000.0
202,0.000000,0.000000,12.0,12.0,1528000.0
203,0.000000,0.000000,12.0,12.0,1528000.0
204,0.000000,0.000000,12.0,12.0,1528000.0
205,0.000000,0.000000,12.0,12.0,1528000.0
206,0.000000,0.000000,12.0,12.0,1528000.0
207,0.000000,0.000000,12.0,12.0,1528000.0
208,0.000000,0.000000,12.0,12.0,1528000.0
209,0.000000,0.000000,12.0,12.0,1528000.0
210,0.000000,0.000000,12.0,12.0,1528000.0
211,0.000000,0.000000,12.0,12.0,1528000.0
212,0.000000,0.000000,12.0,12.0,1528000.0
213,0.000000,0.000000,12.0,12.0,1528000.0
214,0.000000,0.000000,12.0,12.0,1528000.0
215,0.000000,0.000000,12.0,12.0,1528000.0
216,0.000000,0.000000,12.0,12.0,1528000.0
217,0.000000,0.000000,12.0,12.0,1528000.0
218,0.000000,0.000000,12.0,12.0,1528000.0
219,0.000000,0.000000,12.0,12.0,1528000.0
220,0.000000,0.000000,12.0,12.0,1528000.0
221,0.000000,0.000000,12.0,12.0,1528000.0
222,0.000000,0.000000,12.0,12.0,1528000.0
223,0.000000,0.000000,12.0,12.0,1528000.0
224,0.000000,0.000000,12.0,12.0,1528000.0
225,0.000000,0.000000,12.0,12.0,1528000.0
226,0.000000,0.000000,12.0,12.0,1528000.0
227,0.000000,0.000000,12.0,12.0,1528000.0
228,0.000000,0.000000,12.0,12.0,1528000.0
229,0.000000,0.000000,12.0,12.0,1528000.0
230,0.000000,0.000000,12.0,12.0,1528000.0
231,0.000000,0.000000,12.0,12.0,1528000.0
232,0.000000,0.000000,12.0,12.0,1528000.0
233,0.000000,0.000000,12.0,12.0,1528000.0
234,0.000000,0.000000,12.0,12.0,1528000.0
235,0.000000,0.000000,12.0,12.0,1528000.0
236,0.000000,0.000000,12.0,12.0,1528000.0
237,0.000000,0.000000,12.0,12.0,1528000.0
238,0.000000,0.000000,12.0,12.0,1528000.0
239,0.000000,0.000000,12.0,12.0,1528000.0
240,0.000000,0.000000,12.0,12.0,1528000.0
241,0.000000,0.000000,12.0,12.0,1528000.0
242,0.000000,0.000000,12.0,12.0,1528000.0
243,0.000000,0.000000,12.0,12.0,1528000.0
244,0.000000,0.000000,12.0,12.0,1528000.0
245,0.000000,0.000000,12.0,12.0,1528000.0
246,0.000000,0.000000,12.0,12.0,1528000.0
247,0.000000,0.000000,12.0,12.0,1528000.0
248,0.000000,0.000000,12.0,12.0,1528000.0
249,0.000000,0.000000,12.0,12.0,1528000.0
250,0.000000,0.000000,12.0,12.0,1528000.0
251,0.000000,0.000000,12.0,12.0,1528000.0
252,0.000000,0.000000,12.0,12.0,1528000.0
253,0.000000,0.000000,12.0,12.0,1528000.0
254,0.000000,0.000000,12.0,12.0,1528000.0
255,0.000000,0.000000,12.0,12.0,1528000.0
256,0.000000,0.000000,12.0,12.0,1528000.0
257,0.000000,0.000000,12.0,12.0,1528000.0
258,0.000000,0.000000,12.0,12.0,1528000.0
259,0.000000,0.000000,12.0,12.0,1528000.0
260,0.000000,0.000000,12.0,12.0,1528000.0
261,0.000000,0.000000,12.0,12.0,1528000.0
262,0.000000,0.000000,12.0,12.0,1528000.0
263,0.000000,0.000000,12.0,12.0,1528000.0
264,0.000000,0.000000,12.0,12.0,1528000.0
265,0.000000,0.000000,12.0,12.0,1528000.0
266,0.000000,0.000000,12.0,12.0,1528000.0
267,0.000000,0.000000,12.0,12.0,1528000.0
268,0.000000,0.000000,12.0,12.0,1528000.0
269,0.000000,0.000000,12.0,12.0,1528000.0
270,0.000000,0.000000,12.0,12.0,1528000.0
271,0.000000,0.000000,12.0,12.0,1528000.0
272,0.000000,0.000000,12.0,12.0,1528000.0
273,0.000000,0.000000,12.0,12.0,1528000.0
274,0.000000,0.000000,12.0,12.0,1528000.0
275,0.000000,0.000000,12.0,12.0,1528000.0
276,0.000000,0.000000,12.0,12.0,1528000.0
277,0.000000,0.000000,12.0,12.0,1528000.0
278,0.000000,0.000000,12.0,12.0,1528000.0
279,0.000000,0.000000,12.0,12.0,1528000.0
280,0.000000,0.000000,12.0,12.0,1528000.0
281,0.000000,0.000000,12.0,12.0,1528000.0
282,0.000000,0.000000,12.0,12.0,1528000.0
283,0.000000,0.000000,12.0,12.0,1528000.0
284,0.000000,0.000000,12.0,12.0,1528000.0
285,0.000000,0.000000,12.0,12.0,1528000.0
286,0.000000,0.000000,12.0,12.0,1528000.0
287,0.000000,0.000000,12.0,12.0,1528000.0
288,0.000000,0.000000,12.0,12.0,1528000.0
289,0.000000,0.000000,12.0,12.0,1528000.0
290,0.000000,0.000000,12.0,12.0,1528000.0
291,0.000000,0.000000,12.0,12.0,1528000.0
292,0.000000,0.000000,12.0,12.0,1528000.0
293,0.000000,0.000000,12.0,12.0,1528000.0
294,0.000000,0.000000,12.0,12.0,1528000.0
295,0.000000,0.000000,12.0,12.0,1528000.0
296,0.000000,0.000000,12.0,12.0,1528000.0
297,0.000000,0.000000,12.0,12.0,1528000.0
298,0.000000,0.000000,12.0,12.0,1528000.0
299,0.000000,0.000000,12.0,12.0,1528000.0
300,0.000000,0.000000,12.0,12.0,1528000.0
301,0.000000,0.000000,12.0,12.0,1528000.0
302,0.000000,0.000000,12.0,12.0,1528000.0
303,0.000000,0.000000,12.0,12.0,1528000.0
304,0.000000,0.000000,12.0,12.0,1528000.0
305,0.000000,0.000000,12.0,12.0,1528000.0
306,0.000000,0.000000,12.0,12.0,1528000.0
307,0.000000,0.000000,12.0,12.0,1528000.0
308,0.000000,0.000000,12.0,12.0,1528000.0
309,0.000000,0.000000,12.0,12.0,1528000.0
310,0.000000,0.000000,12.0,12.0,1528000.0
311,0.000000,0.000000,12.0,12.0,1528000.0
312,0.000000,0.000000,12.0,12.0,1528000.0
313,0.000000,0.000000,12.0,12.0,1528000.0
314,0.000000,0.000000,12.0,12.0,1528000.0
315,0.000000,0.000000,12.0,12.0,1528000.0
316,0.000000,0.000000,12.0,12.0,1528000.0
317,0.000000,0.000000,12.0,12.0,1528000.0
318,0.000000,0.000000,12.0,12.0,1528000.0
319,0.000000,0.000000,12.0,12.0,1528000.0
320,0.000000,0.000000,12.0,12.0,1528000.0
321,0.000000,0.000000,12.0,12.0,1528000.0
322,0.000000,0.000000,12.0,12.0,1528000.0
323,0.000000,0.000000,12.0,12.0,1528000.0
324,0.000000,0.000000,12.0,12.0,1528000.0
325,0.000000,0.000000,12.0,12.0,1528000.0
326,0.000000,0.000000,12.0,12.0,1528000.0
327,0.000000,0.000000,12.0,12.0,1528000.0
328,0.000000,0.000000,12.0,12.0,1528000.0
329,0.000000,0.000000,12.0,12.0,1528000.0
330,0.000000,0.000000,12.0,12.0,1528000.0
331,0.000000,0.000000,12.0,12.0,1528000.0
332,0.000000,0.000000,12.0,12.0,1528000.0
333,0.000000,0.000000,12.0,12.0,1528000.0
334,0.000000,0.000000,12.0,12.0,1528000.0
335,0.000000,0.000000,12.0,12.0,1528000.0
336,0.000000,0.000000,12.0,12.0,1528000.0
337,0.000000,0.000000,12.0,12.0,1528000.0
338,0.000000,0.000000,12.0,12.0,1528000.0
339,0.000000,0.000000,12.0,12.0,1528000.0
340,0.000000,0.000000,12.0,12.0,1528000.0
341,0.000000,0.000000,12.0,12.0,1528000.0
342,0.000000,0.000000,12.0,12.0,1528000.0
343,0.000000,0.000000,12.0,12.0,1528000.0
344,0.000000,0.000000,12.0,12.0,1528000.0
345,0.000000,0.000000,12.0,12.0,1528000.0
346,0.000000,0.000000,12.0,12.0,1528000.0
347,0.000000,0.000000,12.0,12.0,1528000.0
348,0.000000,0.000000,12.0,12.0,1528000.0
349,0.000000,0.000000,12.0,12.0,1528000.0
350,0.000000,0.000000,12.0,12.0,1528000.0
351,0.000000,0.000000,12.0,12.0,1528000.0
352,0.000000,0.000000,12.0,12.0,1528000.0
353,0.000000,0.000000,12.0,12.0,1528000.0
354,0.000000,0.000000,12.0,12.0,1528000.0
355,0.000000,0.000000,12.0,12.0,1528000.0
356,0.000000,0.000000,12.0,12.0,1528000.0
357,0.000000,0.000000,12.0,12.0,1528000.0
358,0.000000,0.000000,12.0,12.0,1528000.0
359,0.000000,0.000000,12.0,12.0,1528000.0
360,0.000000,0.000000,12.0,12.0,1528000.0
361,0.000000,0.000000,12.0,12.0,1528000.0
362,0.000000,0.000000,12.0,12.0,1528000.0
363,0.000000,0.000000,12.0,12.0,1528000.0
364,0.000000,0.000000,12.0,12.0,1528000.0
365,0.000000,0.000000,12.0,12.0,1528000.0
366,0.000000,0.000000,12.0,12.0,1528000.0
367,0.000000,0.000000,12.0,12.0,1528000.0
368,0.000000,0.000000,12.0,12.0,1528000.0
369,0.000000,0.000000,12.0,12.0,1528000.0
370,0.000000,0.000000,12.0,12.0,1528000.0
371,0.000000,0.000000,12.0,12.0,1528000.0
372,0.000000,0.000000,12.0,12.0,1528000.0
373,0.000000,0.000000,12.0,12.0,1528000.0
374,0.000000,0.000000,12.0,12.0,1528000.0
375,0.000000,0.000000,12.0,12.0,1528000.0
376,0.000000,0.000000,12.0,12.0,1528000.0
377,0.000000,0.000000,12.0,12.0,1528000.0
378,0.000000,0.000000,12.0,12.0,1528000.0
379,0.000000,0.000000,12.0,12.0,1528000.0
380,0.000000,0.000000,12.0,12.0,1528000.0
381,0.000000,0.000000,12.0,12.0,1528000.0
382,0.000000,0.000000,12.0,12.0,1528000.0
383,0.000000,0.000000,12.0,12.0,1528000.0
384,0.000000,0.000000,12.0,12.0,1528000.0
385,0.000000,0.000000,12.0,12.0,1528000.0
386,0.000000,0.000000,12.0,12.0,1528000.0
387,0.000000,0.000000,12.0,12.0,1528000.0
388,0.000000,0.000000,12.0,12.0,1528000.0
389,0.000000,0.000000,12.0,12.0,1528000.0
390,0.000000,0.000000,12.0,12.0,1528000.0
391,0.000000,0.000000,12.0,12.0,1528000.0
392,0.000000,0.000000,12.0,12.0,1528000.0
393,0.000000,0.000000,12.0,12.0,1528000.0
394,0.000000,0.000000,12.0,12.0,1528000.0
395,0.000000,0.000000,12.0,12.0,1528000.0
396,0.000000,0.000000,12.0,12.0,1528000.0
397,0.000000,0.000000,12.0,12.0,1528000.0
398,0.000000,0.000000,12.0,12.0,1528000.0
399,0.000000,0.000000,12.0,12.0,1528000.0
400,0.000000,0.000000,12.0,12.0,1528000.0
401,0.000000,0.000000,12.0,12.0,1528000.0
402,0.000000,0.000000,12.0,12.0,1528000.0
403,0.000000,0.000000,12.0,12.0,1528000.0
404,0.000000,0.000000,12.0,12.0,1528000.0
405,0.000000,0.000000,12.0,12.0,1528000.0
406,0.000000,0.000000,12.0,12.0,1528000.0
407,0.000000,0.000000,12.0,12.0,1528000.0
408,0.000000,0.000000,12.0,12.0,1528000.0
409,0.000000,0.000000,12.0,12.0,1528000.0
410,0.000000,0.000000,12.0,12.0,1528000.0
411,0.000000,0.000000,12.0,12.0,1528000.0
412,0.000000,0.000000,12.0,12.0,1528000.0
413,0.000000,0.000000,12.0,12.0,1528000.0
414,0.000000,0.000000,12.0,12.0,1528000.0
415,0.000000,0.000000,12.0,12.0,1528000.0
416,0.000000,0.000000,12.0,12.0,1528000.0
417,0.000000,0.000000,12.0,12.0,1528000.0
418,0.000000,0.000000,12.0,12.0,1528000.0
419,0.000000,0.000000,12.0,12.0,1528000.0
420,0.000000,0.000000,12.0,12.0,1528000.0
421,0.000000,0.000000,12.0,12.0,1528000.0
422,0.000000,0.000000,12.0,12.0,1528000.0
423,0.000000,0.000000,12.0,12.0,1528000.0
424,0.000000,0.000000,12.0,12.0,1528000.0
425,0.000000,0.000000,12.0,12.0,1528000.0
426,0.000000,0.000000,12.0,12.0,1528000.0
427,0.000000,0.000000,12.0,12.0,1528000.0
428,0.000000,0.000000,12.0,12.0,1528000.0
429,0.000000,0.000000,12.0,12.0,1528000.0
430,0.000000,0.000000,12.0,12.0,1528000.0
431,0.000000,0.000000,12.0,12.0,1528000.0
432,0.000000,0.000000,12.0,12.0,1528000.0
433,0.000000,0.000000,12.0,12.0,1528000.0
434,0.000000,0.000000,12.0,12.0,1528000.0
435,0.000000,0.000000,12.0,12.0,1528000.0
436,0.000000,0.000000,12.0,12.0,1528000.0
437,0.000000,0.000000,12.0,12.0,1528000.0
438,0.000000,0.000000,12.0,12.0,1528000.0
439,0.000000,0.000000,12.0,12.0,1528000.0
440,0.000000,0.000000,12.0,12.0,1528000.0
441,0.000000,0.000000,12.0,12.0,1528000.0
442,0.000000,0.000000,12.0,12.0,1528000.0
443,0.000000,0.000000,12.0,12.0,1528000.0
444,0.000000,0.000000,12.0,12.0,1528000.0
445,0.000000,0.000000,12.0,12.0,1528000.0
446,0.000000,0.000000,12.0,12.0,1528000.0
447,0.000000,0.000000,12.0,12.0,1528000.0
448,0.000000,0.000000,12.0,12.0,1528000.0
449,0.000000,0.000000,12.0,12.0,1528000.0
450,0.000000,0.000000,12.0,12.0,1528000.0
451,0.000000,0.000000,12.0,12.0,1528000.0
452,0.000000,0.000000,12.0,12.0,1528000.0
453,0.000000,0.000000,12.0,12.0,1528000.0
454,0.000000,0.000000,12.0,12.0,1528000.0
455,0.000000,0.000000,12.0,12.0,1528000.0
456,0.000000,0.000000,12.0,12.0,1528000.0
457,0.000000,0.000000,12.0,12.0,1528000.0
458,0.000000,0.000000,12.0,12.0,1528000.0
459,0.000000,0.000000,12.0,12.0,1528000.0
460,0.000000,0.000000,12.0,12.0,1528000.0
461,0.000000,0.000000,12.0,12.0,1528000.0
462,0.000000,0.000000,12.0,12.0,1528000.0
463,0.000000,0.000000,12.0,12.0,1528000.0
464,0.000000,0.000000,12.0,12.0,1528000.0
465,0.000000,0.000000,12.0,12.0,1528000.0
466,0.000000,0.000000,12.0,12.0,1528000.0
467,0.000000,0.000000,12.0,12.0,1528000.0
468,0.000000,0.000000,12.0,12.0,1528000.0
469,0.000000,0.000000,12.0,12.0,1528000.0
470,0.000000,0.000000,12.0,12.0,1528000.0
471,0.000000,0.000000,12.0,12.0,1528000.0
472,0.000000,0.000000,12.0,12.0,1528000.0
473,0.000000,0.000000,12.0,12.0,1528000.0
474,0.000000,0.000000,12.0,12.0,1528000.0
475,0.000000,0.000000,12.0,12.0,1528000.0
476,0.000000,0.000000,12.0,12.0,1528000.0
477,0.000000,0.000000,12.0,12.0,1528000.0
478,0.000000,0.000000,12.0,12.0,1528000.0
479,0.000000,0.000000,12.0,12.0,1528000.0
480,0.000000,0.000000,12.0,12.0,1528000.0
481,0.000000,0.000000,12.0,12.0,1528000.0
482,0.000000,0.000000,12.0,12.0,1528000.0
483,0.000000,0.000000,12.0,12.0,1528000.0
484,0.000000,0.000000,12.0,12.0,1528000.0
485,0.000000,0.000000,12.0,12.0,1528000.0
486,0.000000,0.000000,12.0,12.0,1528000.0
487,0.000000,0.000000,12.0,12.0,1528000.0
488,0.000000,0.000000,12.0,12.0,1528000.0
489,0.000000,0.000000,12.0,12.0,1528000.0
490,0.000000,0.000000,12.0,12.0,1528000.0
491,0.000000,0.000000,12.0,12.0,1528000.0
492,0.000000,0.000000,12.0,12.0,1528000.0
493,0.000000,0.000000,12.0,12.0,1528000.0
494,0.000000,0.000000,12.0,12.0,1528000.0
495,0.000000,0.000000,12.0,12.0,1528000.0
496,0.000000,0.000000,12.0,12.0,1528000.0
497,0.000000,0.000000,12.0,12.0,1528000.0
498,0.000000,0.000000,12.0,12.0,1528000.0
499,0.000000,0.000000,12.0,12.0,1528000.0
500,0.000000,0.000000,12.0,12.0,1528000.0
501,0.000000,0.000000,12.0,12.0,1528000.0
502,0.000000,0.000000,12.0,12.0,1528000.0
503,0.000000,0.000000,12.0,12.0,1528000.0
504,0.000000,0.000000,12.0,12.0,1528000.0
505,0.000000,0.000000,12.0,12.0,1528000.0
506,0.000000,0.000000,12.0,12.0,1528000.0
507,0.000000,0.000000,12.0,12.0,1528000.0
508,0.000000,0.000000,12.0,12.0,1528000.0
509,0.000000,0.000000,12.0,12.0,1528000.0
510,0.000000,0.000000,12.0,12.0,1528000.0
511,0.000000,0.000000,12.0,12.0,1528000.0
512,0.000000,0.000000,12.0,12.0,1528000.0
513,0.000000,0.000000,12.0,12.0,1528000.0
514,0.000000,0.000000,12.0,12.0,1528000.0
515,0.000000,0.000000,12.0,12.0,1528000.0
516,0.000000,0.000000,12.0,12.0,1528000.0
517,0.000000,0.000000,12.0,12.0,1528000.0
518,0.000000,0.000000,12.0,12.0,1528000.0
519,0.000000,0.000000,12.0,12.0,1528000.0
520,0.000000,0.000000,12.0,12.0,1528000.0
521,0.000000,0.000000,12.0,12.0,1528000.0
522,0.000000,0.000000,12.0,12.0,1528000.0
523,0.000000,0.000000,12.0,12.0,1528000.0
524,0.000000,0.000000,12.0,12.0,1528000.0
525,0.000000,0.000000,12.0,12.0,1528000.0
526,0.000000,0.000000,12.0,12.0,1528000.0
527,0.000000,0.000000,12.0,12.0,1528000.0
528,0.000000,0.000000,12.0,12.0,1528000.0
529,0.000000,0.000000,12.0,12.0,1528000.0
530,0.000000,0.000000,12.0,12.0,1528000.0
531,0.000000,0.000000,12.0,12.0,1528000.0
532,0.000000,0.000000,12.0,12.0,1528000.0
533,0.000000,0.000000,12.0,12.0,1528000.0
534,0.000000,0.000000,12.0,12.0,1528000.0
535,0.000000,0.000000,12.0,12.0,1528000.0
536,0.000000,0.000000,12.0,12.0,1528000.0
537,0.000000,0.000000,12.0,12.0,1528000.0
538,0.000000,0.000000,12.0,12.0,1528000.0
539,0.000000,0.000000,12.0,12.0,1528000.0
540,0.000000,0.000000,12.0,12.0,1528000.0
541,0.000000,0.000000,12.0,12.0,1528000.0
542,0.000000,0.000000,12.0,12.0,1528000.0
543,0.000000,0.000000,12.0,12.0,1528000.0
544,0.000000,0.000000,12.0,12.0,1528000.0
545,0.000000,0.000000,12.0,12.0,1528000.0
546,0.000000,0.000000,12.0,12.0,1528000.0
547,0.000000,0.000000,12.0,12.0,1528000.0
548,0.000000,0.000000,12.0,12.0,1528000.0
549,0.000000,0.000000,12.0,12.0,1528000.0
550,0.000000,0.000000,12.0,12.0,1528000.0
551,0.000000,0.000000,12.0,12.0,1528000.0
552,0.000000,0.000000,12.0,12.0,1528000.0
553,0.000000,0.000000,12.0,12.0,1528000.0
554,0.000000,0.000000,12.0,12.0,1528000.0
555,0.000000,0.000000,12.0,12.0,1528000.0
556,0.000000,0.000000,12.0,12.0,1528000.0
557,0.000000,0.000000,12.0,12.0,1528000.0
558,0.000000,0.000000,12.0,12.0,1528000.0
559,0.000000,0.000000,12.0,12.0,1528000.0
560,0.000000,0.000000,12.0,12.0,1528000.0
561,0.000000,0.000000,12.0,12.0,1528000.0
562,0.000000,0.000000,12.0,12.0,1528000.0
563,0.000000,0.000000,12.0,12.0,1528000.0
564,0.000000,0.000000,12.0,12.0,1528000.0
565,0.000000,0.000000,12.0,12.0,1528000.0
566,0.000000,0.000000,12.0,12.0,1528000.0
567,0.000000,0.000000,12.0,12.0,1528000.0
568,0.000000,0.000000,12.0,12.0,1528000.0
569,0.000000,0.000000,12.0,12.0,1528000.0
570,0.000000,0.000000,12.0,12.0,1528000.0
571,0.000000,0.000000,12.0,12.0,1528000.0
572,0.000000,0.000000,12.0,12.0,1528000.0
573,0.000000,0.000000,12.0,12.0,1528000.0
574,0.000000,0.000000,12.0,12.0,1528000.0
575,0.000000,0.000000,12.0,12.0,1528000.0
576,0.000000,0.000000,12.0,12.0,1528000.0
577,0.000000,0.000000,12.0,12.0,1528000.0
578,0.000000,0.000000,12.0,12.0,1528000.0
579,0.000000,0.000000,12.0,12.0,1528000.0
580,0.000000,0.000000,12.0,12.0,1528000.0
581,0.000000,0.000000,12.0,12.0,1528000.0
582,0.000000,0.000000,12.0,12.0,1528000.0
583,0.000000,0.000000,12.0,12.0,1528000.0
584,0.000000,0.000000,12.0,12.0,1528000.0
585,0.000000,0.000000,12.0,12.0,1528000.0
586,0.000000,0.000000,12.0,12.0,1528000.0
587,0.000000,0.000000,12.0,12.0,1528000.0
588,0.000000,0.000000,12.0,12.0,1528000.0
589,0.000000,0.000000,12.0,12.0,1528000.0
590,0.000000,0.000000,12.0,12.0,1528000.0
591,0.000000,0.000000,12.0,12.0,1528000.0
592,0.000000,0.000000,12.0,12.0,1528000.0
593,0.000000,0.000000,12.0,12.0,1528000.0
594,0.000000,0.000000,12.0,12.0,1528000.0
595,0.000000,0.000000,12.0,12.0,1528000.0
596,0.000000,0.000000,12.0,12.0,1528000.0
597,0.000000,0.000000,12.0,12.0,1528000.0
598,0.000000,0.000000,12.0,12.0,1528000.0
599,0.000000,0.000000,12.0,12.0,1528000.0
600,0.000000,0.000000,12.0,12.0,1528000.0
601,0.000000,0.000000,12.0,12.0,1528000.0
602,0.000000,0.000000,12.0,12.0,1528000.0
603,0.000000,0.000000,12.0,12.0,1528000.0
604,0.000000,0.000000,12.0,12.0,1528000.0
605,0.000000,0.000000,12.0,12.0,1528000.0
606,0.000000,0.000000,12.0,12.0,1528000.0
607,0.000000,0.000000,12.0,12.0,1528000.0
608,0.000000,0.000000,12.0,12.0,1528000.0
609,0.000000,0.000000,12.0,12.0,1528000.0
610,0.000000,0.000000,12.0,12.0,1528000.0
611,0.000000,0.000000,12.0,12.0,1528000.0
612,0.000000,0.000000,12.0,12.0,1528000.0
613,0.000000,0.000000,12.0,12.0,1528000.0
614,0.000000,0.000000,12.0,12.0,1528000.0
615,0.000000,0.000000,12.0,12.0,1528000.0
616,0.000000,0.000000,12.0,12.0,1528000.0
617,0.000000,0.000000,12.0,12.0,1528000.0
618,0.000000,0.000000,12.0,12.0,1528000.0
619,0.000000,0.000000,12.0,12.0,1528000.0
620,0.000000,0.000000,12.0,12.0,1528000.0
621,0.000000,0.000000,12.0,12.0,1528000.0
622,0.000000,0.000000,12.0,12.0,1528000.0
623,0.000000,0.000000,12.0,12.0,1528000.0
624,0.000000,0.000000,12.0,12.0,1528000.0
625,0.000000,0.000000,12.0,12.0,1528000.0
626,0.000000,0.000000,12.0,12.0,1528000.0
627,0.000000,0.000000,12.0,12.0,1528000.0
628,0.000000,0.000000,12.0,12.0,1528000.0
629,0.000000,0.000000,12.0,12.0,1528000.0
630,0.000000,0.000000,12.0,12.0,1528000.0
631,0.000000,0.000000,12.0,12.0,1528000.0
632,0.000000,0.000000,12.0,12.0,1528000.0
633,0.000000,0.000000,12.0,12.0,1528000.0
634,0.000000,0.000000,12.0,12.0,1528000.0
635,0.000000,0.000000,12.0,12.0,1528000.0
636,0.000000,0.000000,12.0,12.0,1528000.0
637,0.000000,0.000000,12.0,12.0,1528000.0
638,0.000000,0.000000,12.0,12.0,1528000.0
639,0.000000,0.000000,12.0,12.0,1528000.0
640,0.000000,0.000000,12.0,12.0,1528000.0
641,0.000000,0.000000,12.0,12.0,1528000.0
642,0.000000,0.000000,12.0,12.0,1528000.0
643,0.000000,0.000000,12.0,12.0,1528000.0
644,0.000000,0.000000,12.0,12.0,1528000.0
645,0.000000,0.000000,12.0,12.0,1528000.0
646,0.000000,0.000000,12.0,12.0,1528000.0
647,0.000000,0.000000,12.0,12.0,1528000.0
648,0.000000,0.000000,12.0,12.0,1528000.0
649,0.000000,0.000000,12.0,12.0,1528000.0
650,0.000000,0.000000,12.0,12.0,1528000.0
651,0.000000,0.000000,12.0,12.0,1528000.0
652,0.000000,0.000000,12.0,12.0,1528000.0
653,0.000000,0.000000,12.0,12.0,1528000.0
654,0.000000,0.000000,12.0,12.0,1528000.0
655,0.000000,0.000000,12.0,12.0,1528000.0
656,0.000000,0.000000,12.0,12.0,1528000.0
657,0.000000,0.000000,12.0,12.0,1528000.0
658,0.000000,0.000000,12.0,12.0,1528000.0
659,0.000000,0.000000,12.0,12.0,1528000.0
660,0.000000,0.000000,12.0,12.0,1528000.0
661,0.000000,0.000000,12.0,12.0,1528000.0
662,0.000000,0.000000,12.0,12.0,1528000.0
663,0.000000,0.000000,12.0,12.0,1528000.0
664,0.000000,0.000000,12.0,12.0,1528000.0
665,0.000000,0.000000,12.0,12.0,1528000.0
666,0.000000,0.000000,12.0,12.0,1528000.0
667,0.000000,0.000000,12.0,12.0,1528000.0
668,0.000000,0.000000,12.0,12.0,1528000.0
669,0.000000,0.000000,12.0,12.0,1528000.0
670,0.000000,0.000000,12.0,12.0,1528000.0
671,0.000000,0.000000,12.0,12.0,1528000.0
672,0.000000,0.000000,12.0,12.0,1528000.0
673,0.000000,0.000000,12.0,12.0,1528000.0
674,0.000000,0.000000,12.0,12.0,1528000.0
675,0.000000,0.000000,12.0,12.0,1528000.0
676,0.000000,0.000000,12.0,12.0,1528000.0
677,0.000000,0.000000,12.0,12.0,1528000.0
678,0.000000,0.000000,12.0,12.0,1528000.0
679,0.000000,0.000000,12.0,12.0,1528000.0
680,0.000000,0.000000,12.0,12.0,1528000.0
681,0.000000,0.000000,12.0,12.0,1528000.0
682,0.000000,0.000000,12.0,12.0,1528000.0
683,0.000000,0.000000,12.0,12.0,1528000.0
684,0.000000,0.000000,12.0,12.0,1528000.0
685,0.000000,0.000000,12.0,12.0,1528000.0
686,0.000000,0.000000,12.0,12.0,1528000.0
687,0.000000,0.000000,12.0,12.0,1528000.0
688,0.000000,0.000000,12.0,12.0,1528000.0
689,0.000000,0.000000,12.0,12.0,1528000.0
690,0.000000,0.000000,12.0,12.0,1528000.0
691,0.000000,0.000000,12.0,12.0,1528000.0
692,0.000000,0.000000,12.0,12.0,1528000.0
693,0.000000,0.000000,12.0,12.0,1528000.0
694,0.000000,0.000000,12.0,12.0,1528000.0
695,0.000000,0.000000,12.0,12.0,1528000.0
696,0.000000,0.000000,12.0,12.0,1528000.0
697,0.000000,0.000000,12.0,12.0,1528000.0
698,0.000000,0.000000,12.0,12.0,1528000.0
699,0.000000,0.000000,12.0,12.0,1528000.0
700,0.000000,0.000000,12.0,12.0,1528000.0
701,0.000000,0.000000,12.0,12.0,1528000.0
702,0.000000,0.000000,12.0,12.0,1528000.0
703,0.000000,0.000000,12.0,12.0,1528000.0
704,0.000000,0.000000,12.0,12.0,1528000.0
705,0.000000,0.000000,12.0,12.0,1528000.0
706,0.000000,0.000000,12.0,12.0,1528000.0
707,0.000000,0.000000,12.0,12.0,1528000.0
708,0.000000,0.000000,12.0,12.0,1528000.0
709,0.000000,0.000000,12.0,12.0,1528000.0
710,0.000000,0.000000,12.0,12.0,1528000.0
711,0.000000,0.000000,12.0,12.0,1528000.0
712,0.000000,0.000000,12.0,12.0,1528000.0
713,0.000000,0.000000,12.0,12.0,1528000.0
714,0.000000,0.000000,12.0,12.0,1528000.0
715,0.000000,0.000000,12.0,12.0,1528000.0
716,0.000000,0.000000,12.0,12.0,1528000.0
717,0.000000,0.000000,12.0,12.0,1528000.0
718,0.000000,0.000000,12.0,12.0,1528000.0
719,0.000000,0.000000,12.0,12.0,1528000.0
720,0.000000,0.000000,12.0,12.0,1528000.0
721,0.000000,0.000000,12.0,12.0,1528000.0
722,0.000000,0.000000,12.0,12.0,1528000.0
723,0.000000,0.000000,12.0,12.0,1528000.0
724,0.000000,0.000000,12.0,12.0,1528000.0
725,0.000000,0.000000,12.0,12.0,1528000.0
726,0.000000,0.000000,12.0,12.0,1528000.0
727,0.000000,0.000000,12.0,12.0,1528000.0
728,0.000000,0.000000,12.0,12.0,1528000.0
729,0.000000,0.000000,12.0,12.0,1528000.0
730,0.000000,0.000000,12.0,12.0,1528000.0
731,0.000000,0.000000,12.0,12.0,1528000.0
732,0.000000,0.000000,12.0,12.0,1528000.0
733,0.000000,0.000000,12.0,12.0,1528000.0
734,0.000000,0.000000,12.0,12.0,1528000.0
735,0.000000,0.000000,12.0,12.0,1528000.0
736,0.000000,0.000000,12.0,12.0,1528000.0
737,0.000000,0.000000,12.0,12.0,1528000.0
738,0.000000,0.000000,12.0,12.0,1528000.0
739,0.000000,0.000000,12.0,12.0,1528000.0
740,0.000000,0.000000,12.0,12.0,1528000.0
741,0.000000,0.000000,12.0,12.0,1528000.0
742,0.000000,0.000000,12.0,12.0,1528000.0
743,0.000000,0.000000,12.0,12.0,1528000.0
744,0.000000,0.000000,12.0,12.0,1528000.0
745,0.000000,0.000000,12.0,12.0,1528000.0
746,0.000000,0.000000,12.0,12.0,1528000.0
747,0.000000,0.000000,12.0,12.0,1528000.0
748,0.000000,0.000000,12.0,12.0,1528000.0
749,0.000000,0.000000,12.0,12.0,1528000.0
750,0.000000,0.000000,12.0,12.0,1528000.0
751,0.000000,0.000000,12.0,12.0,1528000.0
752,0.000000,0.000000,12.0,12.0,1528000.0
753,0.000000,0.000000,12.0,12.0,1528000.0
754,0.000000,0.000000,12.0,12.0,1528000.0
755,0.000000,0.000000,12.0,12.0,1528000.0
756,0.000000,0.000000,12.0,12.0,1528000.0
757,0.000000,0.000000,12.0,12.0,1528000.0
758,0.000000,0.000000,12.0,12.0,1528000.0
759,0.000000,0.000000,12.0,12.0,1528000.0
760,0.000000,0.000000,12.0,12.0,1528000.0
761,0.000000,0.000000,12.0,12.0,1528000.0
762,0.000000,0.000000,12.0,12.0,1528000.0
763,0.000000,0.000000,12.0,12.0,1528000.0
764,0.000000,0.000000,12.0,12.0,1528000.0
765,0.000000,0.000000,12.0,12.0,1528000.0
766,0.000000,0.000000,12.0,12.0,1528000.0
767,0.000000,0.000000,12.0,12.0,1528000.0
768,0.000000,0.000000,12.0,12.0,1528000.0
769,0.000000,0.000000,12.0,12.0,1528000.0
770,0.000000,0.000000,12.0,12.0,1528000.0
771,0.000000,0.000000,12.0,12.0,1528000.0
772,0.000000,0.000000,12.0,12.0,1528000.0
773,0.000000,0.000000,12.0,12.0,1528000.0
774,0.000000,0.000000,12.0,12.0,1528000.0
775,0.000000,0.000000,12.0,12.0,1528000.0
776,0.000000,0.000000,12.0,12.0,1528000.0
777,0.000000,0.000000,12.0,12.0,1528000.0
778,0.000000,0.000000,12.0,12.0,1528000.0
779,0.000000,0.000000,12.0,12.0,1528000.0
780,0.000000,0.000000,12.0,12.0,1528000.0
781,0.000000,0.000000,12.0,12.0,1528000.0
782,0.000000,0.000000,12.0,12.0,1528000.0
783,0.000000,0.000000,12.0,12.0,1528000.0
784,0.000000,0.000000,12.0,12.0,1528000.0
785,0.000000,0.000000,12.0,12.0,1528000.0
786,0.000000,0.000000,12.0,12.0,1528000.0
787,0.000000,0.000000,12.0,12.0,1528000.0
788,0.000000,0.000000,12.0,12.0,1528000.0
789,0.000000,0.000000,12.0,12.0,1528000.0
790,0.000000,0.000000,12.0,12.0,1528000.0
791,0.000000,0.000000,12.0,12.0,1528000.0
792,0.000000,0.000000,12.0,12.0,1528000.0
793,0.000000,0.000000,12.0,12.0,1528000.0
794,0.000000,0.000000,12.0,12.0,1528000.0
795,0.000000,0.000000,12.0,12.0,1528000.0
796,0.000000,0.000000,12.0,12.0,1528000.0
797,0.000000,0.000000,12.0,12.0,1528000.0
798,0.000000,0.000000,12.0,12.0,1528000.0
799,0.000000,0.000000,12.0,12.0,1528000.0
800,0.000000,0.000000,12.0,12.0,1528000.0
801,0.000000,0.000000,12.0,12.0,1528000.0
802,0.000000,0.000000,12.0,12.0,1528000.0
803,0.000000,0.000000,12.0,12.0,1528000.0
804,0.000000,0.000000,12.0,12.0,1528000.0
805,0.000000,0.000000,12.0,12.0,1528000.0
806,0.000000,0.000000,12.0,12.0,1528000.0
807,0.000000,0.000000,12.0,12.0,1528000.0
808,0.000000,0.000000,12.0,12.0,1528000.0
809,0.000000,0.000000,12.0,12.0,1528000.0
810,0.000000,0.000000,12.0,12.0,1528000.0
811,0.000000,0.000000,12.0,12.0,1528000.0
812,0.000000,0.000000,12.0,12.0,1528000.0
813,0.000000,0.000000,12.0,12.0,1528000.0
814,0.000000,0.000000,12.0,12.0,1528000.0
815,0.000000,0.000000,12.0,12.0,1528000.0
816,0.000000,0.000000,12.0,12.0,1528000.0
817,0.000000,0.000000,12.0,12.0,1528000.0
818,0.000000,0.000000,12.0,12.0,1528000.0
819,0.000000,0.000000,12.0,12.0,1528000.0
820,0.000000,0.000000,12.0,12.0,1528000.0
821,0.000000,0.000000,12.0,12.0,1528000.0
822,0.000000,0.000000,12.0,12.0,1528000.0
823,0.000000,0.000000,12.0,12.0,1528000.0
824,0.000000,0.000000,12.0,12.0,1528000.0
825,0.000000,0.000000,12.0,12.0,1528000.0
826,0.000000,0.000000,12.0,12.0,1528000.0
827,0.000000,0.000000,12.0,12.0,1528000.0
828,0.000000,0.000000,12.0,12.0,1528000.0
829,0.000000,0.000000,12.0,12.0,1528000.0
830,0.000000,0.000000,12.0,12.0,1528000.0
831,0.000000,0.000000,12.0,12.0,1528000.0
832,0.000000,0.000000,12.0,12.0,1528000.0
833,0.000000,0.000000,12.0,12.0,1528000.0
834,0.000000,0.000000,12.0,12.0,1528000.0
835,0.000000,0.000000,12.0,12.0,1528000.0
836,0.000000,0.000000,12.0,12.0,1528000.0
837,0.000000,0.000000,12.0,12.0,1528000.0
838,0.000000,0.000000,12.0,12.0,1528000.0
839,0.000000,0.000000,12.0,12.0,1528000.0
840,0.000000,0.000000,12.0,12.0,1528000.0
841,0.000000,0.000000,12.0,12.0,1528000.0
842,0.000000,0.000000,12.0,12.0,1528000.0
843,0.000000,0.000000,12.0,12.0,1528000.0
844,0.000000,0.000000,12.0,12.0,1528000.0
845,0.000000,0.000000,12.0,12.0,1528000.0
846,0.000000,0.000000,12.0,12.0,1528000.0
847,0.000000,0.000000,12.0,12.0,1528000.0
848,0.000000,0.000000,12.0,12.0,1528000.0
849,0.000000,0.000000,12.0,12.0,1528000.0
850,0.000000,0.000000,12.0,12.0,1528000.0
851,0.000000,0.000000,12.0,12.0,1528000.0
852,0.000000,0.000000,12.0,12.0,1528000.0
853,0.000000,0.000000,12.0,12.0,1528000.0
854,0.000000,0.000000,12.0,12.0,1528000.0
855,0.000000,0.000000,12.0,12.0,1528000.0
856,0.000000,0.000000,12.0,12.0,1528000.0
857,0.000000,0.000000,12.0,12.0,1528000.0
858,0.000000,0.000000,12.0,12.0,1528000.0
859,0.000000,0.000000,12.0,12.0,1528000.0
860,0.000000,0.000000,12.0,12.0,1528000.0
861,0.000000,0.000000,12.0,12.0,1528000.0
862,0.000000,0.000000,12.0,12.0,1528000.0
863,0.000000,0.000000,12.0,12.0,1528000.0
864,0.000000,0.000000,12.0,12.0,1528000.0
865,0.000000,0.000000,12.0,12.0,1528000.0
866,0.000000,0.000000,12.0,12.0,1528000.0
867,0.000000,0.000000,12.0,12.0,1528000.0
868,0.000000,0.000000,12.0,12.0,1528000.0
869,0.000000,0.000000,12.0,12.0,1528000.0
870,0.000000,0.000000,12.0,12.0,1528000.0
871,0.000000,0.000000,12.0,12.0,1528000.0
872,0.000000,0.000000,12.0,12.0,1528000.0
873,0.000000,0.000000,12.0,12.0,1528000.0
874,0.000000,0.000000,12.0,12.0,1528000.0
875,0.000000,0.000000,12.0,12.0,1528000.0
876,0.000000,0.000000,12.0,12.0,1528000.0
877,0.000000,0.000000,12.0,12.0,1528000.0
878,0.000000,0.000000,12.0,12.0,1528000.0
879,0.000000,0.000000,12.0,12.0,1528000.0
880,0.000000,0.000000,12.0,12.0,1528000.0
881,0.000000,0.000000,12.0,12.0,1528000.0
882,0.000000,0.000000,12.0,12.0,1528000.0
883,0.000000,0.000000,12.0,12.0,1528000.0
884,0.000000,0.000000,12.0,12.0,1528000.0
885,0.000000,0.000000,12.0,12.0,1528000.0
886,0.000000,0.000000,12.0,12.0,1528000.0
887,0.000000,0.000000,12.0,12.0,1528000.0
888,0.000000,0.000000,12.0,12.0,1528000.0
889,0.000000,0.000000,12.0,12.0,1528000.0
890,0.000000,0.000000,12.0,12.0,1528000.0
891,0.000000,0.000000,12.0,12.0,1528000.0
892,0.000000,0.000000,12.0,12.0,1528000.0
893,0.000000,0.000000,12.0,12.0,1528000.0
894,0.000000,0.000000,12.0,12.0,1528000.0
895,0.000000,0.000000,12.0,12.0,1528000.0
896,0.000000,0.000000,12.0,12.0,1528000.0
897,0.000000,0.000000,12.0,12.0,1528000.0
898,0.000000,0.000000,12.0,12.0,1528000.0
899,0.000000,0.000000,12.0,12.0,1528000.0
900,0.000000,0.000000,12.0,12.0,1528000.0
901,0.000000,0.000000,12.0,12.0,1528000.0
902,0.000000,0.000000,12.0,12.0,1528000.0
903,0.000000,0.000000,12.0,12.0,1528000.0
904,0.000000,0.000000,12.0,12.0,1528000.0
905,0.000000,0.000000,12.0,12.0,1528000.0
906,0.000000,0.000000,12.0,12.0,1528000.0
907,0.000000,0.000000,12.0,12.0,1528000.0
908,0.000000,0.000000,12.0,12.0,1528000.0
909,0.000000,0.000000,12.0,12.0,1528000.0
910,0.000000,0.000000,12.0,12.0,1528000.0
911,0.000000,0.000000,12.0,12.0,1528000.0
912,0.000000,0.000000,12.0,12.0,1528000.0
913,0.000000,0.000000,12.0,12.0,1528000.0
914,0.000000,0.000000,12.0,12.0,1528000.0
915,0.000000,0.000000,12.0,12.0,1528000.0
916,0.000000,0.000000,12.0,12.0,1528000.0
917,0.000000,0.000000,12.0,12.0,1528000.0
918,0.000000,0.000000,12.0,12.0,1528000.0
919,0.000000,0.000000,12.0,12.0,1528000.0
920,0.000000,0.000000,12.0,12.0,1528000.0
921,0.000000,0.000000,12.0,12.0,1528000.0
922,0.000000,0.000000,12.0,12.0,1528000.0
923,0.000000,0.000000,12.0,12.0,1528000.0
924,0.000000,0.000000,12.0,12.0,1528000.0
925,0.000000,0.000000,12.0,12.0,1528000.0
926,0.000000,0.000000,12.0,12.0,1528000.0
927,0.000000,0.000000,12.0,12.0,1528000.0
928,0.000000,0.000000,12.0,12.0,1528000.0
929,0.000000,0.000000,12.0,12.0,1528000.0
930,0.000000,0.000000,12.0,12.0,1528000.0
931,0.000000,0.000000,12.0,12.0,1528000.0
932,0.000000,0.000000,12.0,12.0,1528000.0
933,0.000000,0.000000,12.0,12.0,1528000.0
934,0.000000,0.000000,12.0,12.0,1528000.0
935,0.000000,0.000000,12.0,12.0,1528000.0
936,0.000000,0.000000,12.0,12.0,1528000.0
937,0.000000,0.000000,12.0,12.0,1528000.0
938,0.000000,0.000000,12.0,12.0,1528000.0
939,0.000000,0.000000,12.0,12.0,1528000.0
940,0.000000,0.000000,12.0,12.0,1528000.0
941,0.000000,0.000000,12.0,12.0,1528000.0
942,0.000000,0.000000,12.0,12.0,1528000.0
943,0.000000,0.000000,12.0,12.0,1528000.0
944,0.000000,0.000000,12.0,12.0,1528000.0
945,0.000000,0.000000,12.0,12.0,1528000.0
946,0.000000,0.000000,12.0,12.0,1528000.0
947,0.000000,0.000000,12.0,12.0,1528000.0
948,0.000000,0.000000,12.0,12.0,1528000.0
949,0.000000,0.000000,12.0,12.0,1528000.0
950,0.000000,0.000000,12.0,12.0,1528000.0
951,0.000000,0.000000,12.0,12.0,1528000.0
952,0.000000,0.000000,12.0,12.0,1528000.0
953,0.000000,0.000000,12.0,12.0,1528000.0
954,0.000000,0.000000,12.0,12.0,1528000.0
955,0.000000,0.000000,12.0,12.0,1528000.0
956,0.000000,0.000000,12.0,12.0,1528000.0
957,0.000000,0.000000,12.0,12.0,1528000.0
958,0.000000,0.000000,12.0,12.0,1528000.0
959,0.000000,0.000000,12.0,12.0,1528000.0
960,0.000000,0.000000,12.0,12.0,1528000.0
961,0.000000,0.000000,12.0,12.0,1528000.0
962,0.000000,0.000000,12.0,12.0,1528000.0
963,0.000000,0.000000,12.0,12.0,1528000.0
964,0.000000,0.000000,12.0,12.0,1528000.0
965,0.000000,0.000000,12.0,12.0,1528000.0
966,0.000000,0.000000,12.0,12.0,1528000.0
967,0.000000,0.000000,12.0,12.0,1528000.0
968,0.000000,0.000000,12.0,12.0,1528000.0
969,0.000000,0.000000,12.0,12.0,1528000.0
970,0.000000,0.000000,12.0,12.0,1528000.0
971,0.000000,0.000000,12.0,12.0,1528000.0
972,0.000000,0.000000,12.0,12.0,1528000.0
973,0.000000,0.000000,12.0,12.0,1528000.0
974,0.000000,0.000000,12.0,12.0,1528000.0
975,0.000000,0.000000,12.0,12.0,1528000.0
976,0.000000,0.000000,12.0,12.0,1528000.0
977,0.000000,0.000000,12.0,12.0,1528000.0
978,0.000000,0.000000,12.0,12.0,1528000.0
979,0.000000,0.000000,12.0,12.0,1528000.0
980,0.000000,0.000000,12.0,12.0,1528000.0
981,0.000000,0.000000,12.0,12.0,1528000.0
982,0.000000,0.000000,12.0,12.0,1528000.0
983,0.000000,0.000000,12.0,12.0,1528000.0
984,0.000000,0.000000,12.0,12.0,1528000.0
985,0.000000,0.000000,12.0,12.0,1528000.0
986,0.000000,0.000000,12.0,12.0,1528000.0
987,0.000000,0.000000,12.0,12.0,1528000.0
988,0.000000,0.000000,12.0,12.0,1528000.0
989,0.000000,0.000000,12.0,12.0,1528000.0
990,0.000000,0.000000,12.0,12.0,1528000.0
991,0.000000,0.000000,12.0,12.0,1528000.0
992,0.000000,0.000000,12.0,12.0,1528000.0
993,0.000000,0.000000,12.0,12.0,1528000.0
994,0.000000,0.000000,12.0,12.0,1528000.0
995,0.000000,0.000000,12.0,12.0,1528000.0
996,0.000000,0.000000,12.0,12.0,1528000.0
997,0.000000,0.000000,12.0,12.0,1528000.0
998,0.000000,0.000000,12.0,12.0,1528000.0
999,0.000000,0.000000,12.0,12.0,1528000.0
1000,0.000000,0.000000,12.0,12.0,1528000.0
1001,0.000000,0.000000,12.0,12.0,1528000.0
1002,0.000000,0.000000,12.0,12.0,1528000.0
1003,0.000000,0.000000,12.0,12.0,1528000.0
1004,0.000000,0.000000,12.0,12.0,1528000.0
1005,0.000000,0.000000,12.0,12.0,1528000.0
1006,0.000000,0.000000,12.0,12.0,1528000.0
1007,0.000000,0.000000,12.0,12.0,1528000.0
1008,0.000000,0.000000,12.0,12.0,1528000.0
1009,0.000000,0.000000,12.0,12.0,1528000.0
1010,0.000000,0.000000,12.0,12.0,1528000.0
1011,0.000000,0.000000,12.0,12.0,1528000.0
1012,0.000000,0.000000,12.0,12.0,1528000.0
1013,0.000000,0.000000,12.0,12.0,1528000.0
1014,0.000000,0.000000,12.0,12.0,1528000.0
1015,0.000000,0.000000,12.0,12.0,1528000.0
1016,0.000000,0.000000,12.0,12.0,1528000.0
1017,0.000000,0.000000,12.0,12.0,1528000.0
1018,0.000000,0.000000,12.0,12.0,1528000.0
1019,0.000000,0.000000,12.0,12.0,1528000.0
1020,0.000000,0.000000,12.0,12.0,1528000.0
1021,0.000000,0.000000,12.0,12.0,1528000.0
1022,0.000000,0.000000,12.0,12.0,1528000.0
1023,0.000000,0.000000,12.0,12.0,1528000.0
1024,0.000000,0.000000,12.0,12.0,1528000.0
1025,0.000000,0.000000,12.0,12.0,1528000.0
1026,0.000000,0.000000,12.0,12.0,1528000.0
1027,0.000000,0.000000,12.0,12.0,1528000.0
1028,0.000000,0.000000,12.0,12.0,1528000.0
1029,0.000000,0.000000,12.0,12.0,1528000.0
1030,0.000000,0.000000,12.0,12.0,1528000.0
1031,0.000000,0.000000,12.0,12.0,1528000.0
1032,0.000000,0.000000,12.0,12.0,1528000.0
1033,0.000000,0.000000,12.0,12.0,1528000.0
1034,0.000000,0.000000,12.0,12.0,1528000.0
1035,0.000000,0.000000,12.0,12.0,1528000.0
1036,0.000000,0.000000,12.0,12.0,1528000.0
1037,0.000000,0.000000,12.0,12.0,1528000.0
1038,0.000000,0.000000,12.0,12.0,1528000.0
1039,0.000000,0.000000,12.0,12.0,1528000.0
1040,0.000000,0.000000,12.0,12.0,1528000.0
1041,0.000000,0.000000,12.0,12.0,1528000.0
1042,0.000000,0.000000,12.0,12.0,1528000.0
1043,0.000000,0.000000,12.0,12.0,1528000.0
1044,0.000000,0.000000,12.0,12.0,1528000.0
1045,0.000000,0.000000,12.0,12.0,1528000.0
1046,0.000000,0.000000,12.0,12.0,1528000.0
1047,0.000000,0.000000,12.0,12.0,1528000.0
1048,0.000000,0.000000,12.0,12.0,1528000.0
1049,0.000000,0.000000,12.0,12.0,1528000.0
1050,0.000000,0.000000,12.0,12.0,1528000.0
1051,0.000000,0.000000,12.0,12.0,1528000.0
1052,0.000000,0.000000,12.0,12.0,1528000.0
1053,0.000000,0.000000,12.0,12.0,1528000.0
1054,0.000000,0.000000,12.0,12.0,1528000.0
1055,0.000000,0.000000,12.0,12.0,1528000.0
1056,0.000000,0.000000,12.0,12.0,1528000.0
1057,0.000000,0.000000,12.0,12.0,1528000.0
1058,0.000000,0.000000,12.0,12.0,1528000.0
1059,0.000000,0.000000,12.0,12.0,1528000.0
1060,0.000000,0.000000,12.0,12.0,1528000.0
1061,0.000000,0.000000,12.0,12.0,1528000.0
1062,0.000000,0.000000,12.0,12.0,1528000.0
1063,0.000000,0.000000,12.0,12.0,1528000.0
1064,0.000000,0.000000,12.0,12.0,1528000.0
1065,0.000000,0.000000,12.0,12.0,1528000.0
1066,0.000000,0.000000,12.0,12.0,1528000.0
1067,0.000000,0.000000,12.0,12.0,1528000.0
1068,0.000000,0.000000,12.0,12.0,1528000.0
1069,0.000000,0.000000,12.0,12.0,1528000.0
1070,0.000000,0.000000,12.0,12.0,1528000.0
1071,0.000000,0.000000,12.0,12.0,1528000.0
1072,0.000000,0.000000,12.0,12.0,1528000.0
1073,0.000000,0.000000,12.0,12.0,1528000.0
1074,0.000000,0.000000,12.0,12.0,1528000.0
1075,0.000000,0.000000,12.0,12.0,1528000.0
1076,0.000000,0.000000,12.0,12.0,1528000.0
1077,0.000000,0.000000,12.0,12.0,1528000.0
1078,0.000000,0.000000,12.0,12.0,1528000.0
1079,0.000000,0.000000,12.0,12.0,1528000.0
1080,0.000000,0.000000,12.0,12.0,1528000.0
1081,0.000000,0.000000,12.0,12.0,1528000.0
1082,0.000000,0.000000,12.0,12.0,1528000.0
1083,0.000000,0.000000,12.0,12.0,1528000.0
1084,0.000000,0.000000,12.0,12.0,1528000.0
1085,0.000000,0.000000,12.0,12.0,1528000.0
1086,0.000000,0.000000,12.0,12.0,1528000.0
1087,0.000000,0.000000,12.0,12.0,1528000.0
1088,0.000000,0.000000,12.0,12.0,1528000.0
1089,0.000000,0.000000,12.0,12.0,1528000.0
1090,0.000000,0.000000,12.0,12.0,1528000.0
1091,0.000000,0.000000,12.0,12.0,1528000.0
1092,0.000000,0.000000,12.0,12.0,1528000.0
1093,0.000000,0.000000,12.0,12.0,1528000.0
1094,0.000000,0.000000,12.0,12.0,1528000.0
1095,0.000000,0.000000,12.0,12.0,1528000.0
1096,0.000000,0.000000,12.0,12.0,1528000.0
1097,0.000000,0.000000,12.0,12.0,1528000.0
1098,0.000000,0.000000,12.0,12.0,1528000.0
1099,0.000000,0.000000,12.0,12.0,1528000.0
1100,0.000000,0.000000,12.0,12.0,1528000.0
1101,0.000000,0.000000,12.0,12.0,1528000.0
1102,0.000000,0.000000,12.0,12.0,1528000.0
1103,0.000000,0.000000,12.0,12.0,1528000.0
1104,0.000000,0.000000,12.0,12.0,1528000.0
1105,0.000000,0.000000,12.0,12.0,1528000.0
1106,0.000000,0.000000,12.0,12.0,1528000.0
1107,0.000000,0.000000,12.0,12.0,1528000.0
1108,0.000000,0.000000,12.0,12.0,1528000.0
1109,0.000000,0.000000,12.0,12.0,1528000.0
1110,0.000000,0.000000,12.0,12.0,1528000.0
1111,0.000000,0.000000,12.0,12.0,1528000.0
1112,0.000000,0.000000,12.0,12.0,1528000.0
1113,0.000000,0.000000,12.0,12.0,1528000.0
1114,0.000000,0.000000,12.0,12.0,1528000.0
1115,0.000000,0.000000,12.0,12.0,1528000.0
1116,0.000000,0.000000,12.0,12.0,1528000.0
1117,0.000000,0.000000,12.0,12.0,1528000.0
1118,0.000000,0.000000,12.0,12.0,1528000.0
1119,0.000000,0.000000,12.0,12.0,1528000.0
1120,0.000000,0.000000,12.0,12.0,1528000.0
1121,0.000000,0.000000,12.0,12.0,1528000.0
1122,0.000000,0.000000,12.0,12.0,1528000.0
1123,0.000000,0.000000,12.0,12.0,1528000.0
1124,0.000000,0.000000,12.0,12.0,1528000.0
1125,0.000000,0.000000,12.0,12.0,1528000.0
1126,0.000000,0.000000,12.0,12.0,1528000.0
1127,0.000000,0.000000,12.0,12.0,1528000.0
1128,0.000000,0.000000,12.0,12.0,1528000.0
1129,0.000000,0.000000,12.0,12.0,1528000.0
1130,0.000000,0.000000,12.0,12.0,1528000.0
1131,0.000000,0.000000,12.0,12.0,1528000.0
1132,0.000000,0.000000,12.0,12.0,1528000.0
1133,0.000000,0.000000,12.0,12.0,1528000.0
1134,0.000000,0.000000,12.0,12.0,1528000.0
1135,0.000000,0.000000,12.0,12.0,1528000.0
1136,0.000000,0.000000,12.0,12.0,1528000.0
1137,0.000000,0.000000,12.0,12.0,1528000.0
1138,0.000000,0.000000,12.0,12.0,1528000.0
1139,0.000000,0.000000,12.0,12.0,1528000.0
1140,0.000000,0.000000,12.0,12.0,1528000.0
1141,0.000000,0.000000,12.0,12.0,1528000.0
1142,0.000000,0.000000,12.0,12.0,1528000.0
1143,0.000000,0.000000,12.0,12.0,1528000.0
1144,0.000000,0.000000,12.0,12.0,1528000.0
1145,0.000000,0.000000,12.0,12.0,1528000.0
1146,0.000000,0.000000,12.0,12.0,1528000.0
1147,0.000000,0.000000,12.0,12.0,1528000.0
1148,0.000000,0.000000,12.0,12.0,1528000.0
1149,0.000000,0.000000,12.0,12.0,1528000.0
1150,0.000000,0.000000,12.0,12.0,1528000.0
1151,0.000000,0.000000,12.0,12.0,1528000.0
1152,0.000000,0.000000,12.0,12.0,1528000.0
1153,0.000000,0.000000,12.0,12.0,1528000.0
1154,0.000000,0.000000,12.0,12.0,1528000.0
1155,0.000000,0.000000,12.0,12.0,1528000.0
1156,0.000000,0.000000,12.0,12.0,1528000.0
1157,1.759334,-3.055666,12.0,12.0,1528000.0
1158,-4.406487,-2.341911,12.0,12.0,1528000.0
1159,-2.956842,-1.637640,12.0,12.0,1528000.0
1160,2.286081,1.140293,12.0,12.0,1528000.0
1161,-2.830825,0.220235,12.0,12.0,1528000.0
1162,2.622333,-0.661507,12.0,12.0,1528000.0
1163,0.090507,-2.343505,12.0,12.0,1528000.0
1164,-1.481643,-0.083821,12.0,12.0,1528000.0
1165,0.175603,-1.201331,12.0,12.0,1528000.0
1166,-1.158896,-1.996096,12.0,12.0,1528000.0
1167,-2.815353,0.289505,12.0,12.0,1528000.0
1168,2.134916,-1.645544,12.0,12.0,1528000.0
1169,1.203981,-0.904181,12.0,12.0,1528000.0
1170,0.245100,1.513432,12.0,12.0,1528000.0
1171,0.991555,1.984693,12.0,12.0,1528000.0
1172,1.831123,0.425373,12.0,12.0,1528000.0
1173,-0.714193,1.492353,12.0,12.0,1528000.0
1174,0.911848,-1.239450,12.0,12.0,1528000.0
1175,-0.491173,-0.555931,12.0,12.0,1528000.0
1176,0.000000,0.000000,12.0,12.0,1528000.0
1177,1.593306,4.294550,12.0,12.0,1528000.0
1178,2.657579,1.536905,12.0,12.0,1528000.0
1179,-1.182726,1.613440,12.0,12.0,1528000.0
1180,1.607116,-0.697732,12.0,12.0,1528000.0
1181,2.711358,1.109566,12.0,12.0,1528000.0
1182,0.000000,0.000000,12.0,12.0,1528000.0
1183,-2.738869,-1.135163,12.0,12.0,1528000.0
1184,0.000000,0.000000,12.0,12.0,1528000.0
1185,-2.705921,-1.862277,12.0,12.0,1528000.0
1186,0.000000,0.000000,12.0,12.0,1528000.0
1187,0.074567,-3.964083,12.0,12.0,1528000.0
1188,0.000000,0.000000,12.0,12.0,1528000.0
1189,0.000000,0.000000,12.0,12.0,1528000.0
1190,0.000000,0.000000,12.0,12.0,1528000.0
1191,-1.301183,0.374643,12.0,12.0,1528000.0
1192,0.000000,0.000000,12.0,12.0,1528000.0
1193,0.011267,-1.547735,12.0,12.0,1528000.0
1194,-2.521815,1.713307,12.0,12.0,1528000.0
1195,-4.765814,-2.617280,12.0,12.0,1528000.0
1196,0.697611,-0.940983,12.0,12.0,1528000.0
1197,-0.588985,-1.994919,12.0,12.0,1528000.0
1198,0.341738,-1.315990,12.0,12.0,1528000.0
1199,2.650640,-1.517234,12.0,12.0,1528000.0
1200,-2.923816,-1.578740,12.0,12.0,1528000.0
1201,-2.273438,-1.270040,12.0,12.0,1528000.0
1202,1.729265,-0.189705,12.0,12.0,1528000.0
1203,-3.939282,-1.371716,12.0,12.0,1528000.0
1204,1.621950,0.790146,12.0,12.0,1528000.0
1205,-0.000115,-2.644971,12.0,12.0,1528000.0
1206,-1.905761,1.297015,12.0,12.0,1528000.0
1207,0.000000,0.000000,12.0,12.0,1528000.0
1208,0.000000,0.000000,12.0,12.0,1528000.0
1209,0.510663,1.236033,12.0,12.0,1528000.0
1210,1.131649,-0.816507,12.0,12.0,1528000.0
1211,-2.111829,-2.561175,12.0,12.0,1528000.0
1212,0.000000,0.000000,12.0,12.0,1528000.0
1213,4.596560,3.396616,12.0,12.0,1528000.0
1214,4.257129,4.257129,12.0,12.0,1528000.0
1215,-0.936574,-0.936574,12.0,12.0,1528000.0
1216,2.081812,2.081812,12.0,12.0,1528000.0
1217,0.000000,0.000000,12.0,12.0,1528000.0
1218,1.197763,3.361671,12.0,12.0,1528000.0
1219,0.000000,0.000000,12.0,12.0,1528000.0
1220,2.328188,-1.017030,12.0,12.0,1528000.0
1221,-0.268396,2.344666,12.0,12.0,1528000.0
1222,-1.439087,-1.439087,12.0,12.0,1528000.0
1223,-1.382548,-1.382548,12.0,12.0,1528000.0
1224,0.221986,1.371462,12.0,12.0,1528000.0
1225,0.972207,2.292891,12.0,12.0,1528000.0
1226,4.135552,0.997448,12.0,12.0,1528000.0
1227,-2.300431,-0.232235,12.0,12.0,1528000.0
1228,-2.406304,-2.406304,12.0,12.0,1528000.0
1229,1.369362,1.369362,12.0,12.0,1528000.0
1230,4.753890,7.046850,12.0,12.0,1528000.0
1231,-1.806974,-0.369790,12.0,12.0,1528000.0
1232,0.734001,-0.734001,12.0,12.0,1528000.0
1233,0.000000,0.000000,12.0,12.0,1528000.0
1234,0.000000,0.000000,12.0,12.0,1528000.0
1235,0.000000,0.000000,12.0,12.0,1528000.0
1236,0.000000,0.000000,12.0,12.0,1528000.0
1237,0.000000,0.000000,12.0,12.0,1528000.0
1238,0.151495,-0.231995,12.0,12.0,1528000.0
1239,0.000000,0.000000,12.0,12.0,1528000.0
1240,4.837220,4.837220,12.0,12.0,1528000.0
1241,0.392947,0.392947,12.0,12.0,1528000.0
1242,-0.525618,-0.525618,12.0,12.0,1528000.0
1243,0.000000,0.000000,12.0,12.0,1528000.0
1244,0.000000,0.000000,12.0,12.0,1528000.0
1245,0.000000,0.000000,12.0,12.0,1528000.0
1246,0.000000,0.000000,12.0,12.0,1528000.0
1247,0.000000,0.000000,12.0,12.0,1528000.0
1248,0.000000,0.000000,12.0,12.0,1528000.0
1249,-5.305938,-3.067474,12.0,12.0,1528000.0
1250,5.248511,2.050073,12.0,12.0,1528000.0
1251,-1.804256,1.296680,12.0,12.0,1528000.0
1252,1.899380,-0.087362,12.0,12.0,1528000.0
1253,0.032909,0.032909,12.0,12.0,1528000.0
1254,-1.482030,1.221238,12.0,12.0,1528000.0
1255,-1.792264,0.345900,12.0,12.0,1528000.0
1256,1.872069,1.884567,12.0,12.0,1528000.0
1257,-2.473137,1.559387,12.0,12.0,1528000.0
1258,1.132075,-1.286359,12.0,12.0,1528000.0
1259,1.188757,0.442111,12.0,12.0,1528000.0
1260,-2.086911,0.395467,12.0,12.0,1528000.0
1261,-1.746732,-1.748522,12.0,12.0,1528000.0
1262,1.123857,0.815431,12.0,12.0,1528000.0
1263,-1.197001,1.569385,12.0,12.0,1528000.0
1264,2.510545,-0.782249,12.0,12.0,1528000.0
1265,-0.976251,-1.886575,12.0,12.0,1528000.0
1266,-2.250172,0.138920,12.0,12.0,1528000.0
1267,-0.598699,0.525397,12.0,12.0,1528000.0
1268,3.300120,2.257534,12.0,12.0,1528000.0
1269,-0.041694,1.891508,12.0,12.0,1528000.0
1270,2.619044,1.223610,12.0,12.0,1528000.0
1271,1.167340,1.167340,12.0,12.0,1528000.0
1272,0.000000,0.000000,12.0,12.0,1528000.0
1273,0.000000,0.000000,12.0,12.0,1528000.0
1274,0.000000,0.000000,12.0,12.0,1528000.0
1275,0.000000,0.000000,12.0,12.0,1528000.0
1276,0.000000,0.000000,12.0,12.0,1528000.0
1277,-0.091229,-0.091229,12.0,12.0,1528000.0
1278,-3.025754,-1.011792,12.0,12.0,1528000.0
1279,-0.378079,1.283069,12.0,12.0,1528000.0
1280,1.198526,2.913956,12.0,12.0,1528000.0
1281,-0.194594,3.009540,12.0,12.0,1528000.0
1282,0.902963,0.346599,12.0,12.0,1528000.0
1283,-0.798604,-0.798604,12.0,12.0,1528000.0
1284,0.675812,3.536970,12.0,12.0,1528000.0
1285,2.358166,3.440928,12.0,12.0,1528000.0
1286,2.318884,0.712628,12.0,12.0,1528000.0
1287,0.000000,0.000000,12.0,12.0,1528000.0
1288,3.745622,1.756224,12.0,12.0,1528000.0
1289,-0.237481,-1.191841,12.0,12.0,1528000.0
1290,1.623198,5.569070,12.0,12.0,1528000.0
1291,-2.068674,0.152386,12.0,12.0,1528000.0
1292,0.000000,0.000000,12.0,12.0,1528000.0
1293,-2.145240,-3.792488,12.0,12.0,1528000.0
1294,3.195414,2.482158,12.0,12.0,1528000.0
1295,0.179774,0.179774,12.0,12.0,1528000.0
1296,-2.794464,-1.014070,12.0,12.0,1528000.0
1297,-0.734436,0.467972,12.0,12.0,1528000.0
1298,0.432433,-1.043621,12.0,12.0,1528000.0
1299,0.000000,0.000000,12.0,12.0,1528000.0
1300,3.791801,2.951515,12.0,12.0,1528000.0
1301,1.540288,-0.329220,12.0,12.0,1528000.0
1302,-0.845644,2.837476,12.0,12.0,1528000.0
1303,-0.380054,3.177936,12.0,12.0,1528000.0
1304,0.349551,0.556729,12.0,12.0,1528000.0
1305,-1.016591,0.056283,12.0,12.0,1528000.0
1306,4.382222,2.273194,12.0,12.0,1528000.0
1307,-2.078782,-1.999872,12.0,12.0,1528000.0
1308,-1.058863,0.958945,12.0,12.0,1528000.0
1309,2.822076,2.042382,12.0,12.0,1528000.0
1310,3.171053,3.171053,12.0,12.0,1528000.0
1311,-4.402900,-1.940514,12.0,12.0,1528000.0
1312,0.000000,0.000000,12.0,12.0,1528000.0
1313,-1.948986,-1.628514,12.0,12.0,1528000.0
1314,-1.713758,1.713758,12.0,12.0,1528000.0
1315,0.722646,0.595382,12.0,12.0,1528000.0
1316,-0.225829,-0.225829,12.0,12.0,1528000.0
1317,1.722692,4.291472,12.0,12.0,1528000.0
1318,0.000000,0.000000,12.0,12.0,1528000.0
1319,0.000000,0.000000,12.0,12.0,1528000.0
1320,0.000000,0.000000,12.0,12.0,1528000.0
1321,0.000000,0.000000,12.0,12.0,1528000.0
1322,0.000000,0.000000,12.0,12.0,1528000.0
1323,0.000000,0.000000,12.0,12.0,1528000.0
1324,0.000000,0.000000,12.0,12.0,1528000.0
1325,0.000000,0.000000,12.0,12.0,1528000.0
1326,0.000000,0.000000,12.0,12.0,1528000.0
1327,0.000000,0.000000,12.0,12.0,1528000.0
1328,0.000000,0.000000,12.0,12.0,1528000.0
1329,0.000000,0.000000,12.0,12.0,1528000.0
1330,0.000000,0.000000,12.0,12.0,1528000.0
1331,0.000000,0.000000,12.0,12.0,1528000.0
1332,0.000000,0.000000,12.0,12.0,1528000.0
1333,0.000000,0.000000,12.0,12.0,1528000.0
1334,0.000000,0.000000,12.0,12.0,1528000.0
1335,0.000000,0.000000,12.0,12.0,1528000.0
1336,0.000000,0.000000,12.0,12.0,1528000.0
1337,0.000000,0.000000,12.0,12.0,1528000.0
1338,0.000000,0.000000,12.0,12.0,1528000.0
1339,0.000000,0.000000,12.0,12.0,1528000.0
1340,0.000000,0.000000,12.0,12.0,1528000.0
1341,0.000000,0.000000,12.0,12.0,1528000.0
1342,0.000000,0.000000,12.0,12.0,1528000.0
1343,0.000000,0.000000,12.0,12.0,1528000.0
1344,0.000000,0.000000,12.0,12.0,1528000.0
1345,0.000000,0.000000,12.0,12.0,1528000.0
1346,0.000000,0.000000,12.0,12.0,1528000.0
1347,0.000000,0.000000,12.0,12.0,1528000.0
1348,0.000000,0.000000,12.0,12.0,1528000.0
1349,0.000000,0.000000,12.0,12.0,1528000.0
1350,0.000000,0.000000,12.0,12.0,1528000.0
1351,0.000000,0.000000,12.0,12.0,1528000.0
1352,0.000000,0.000000,12.0,12.0,1528000.0
1353,0.000000,0.000000,12.0,12.0,1528000.0
1354,0.000000,0.000000,12.0,12.0,1528000.0
1355,0.000000,0.000000,12.0,12.0,1528000.0
1356,0.000000,0.000000,12.0,12.0,1528000.0
1357,0.000000,0.000000,12.0,12.0,1528000.0
1358,0.000000,0.000000,12.0,12.0,1528000.0
1359,0.000000,0.000000,12.0,12.0,1528000.0
1360,0.000000,0.000000,12.0,12.0,1528000.0
1361,0.000000,0.000000,12.0,12.0,1528000.0
1362,0.000000,0.000000,12.0,12.0,1528000.0
1363,0.000000,0.000000,12.0,12.0,1528000.0
1364,0.000000,0.000000,12.0,12.0,1528000.0
1365,0.000000,0.000000,12.0,12.0,1528000.0
1366,0.000000,0.000000,12.0,12.0,1528000.0
1367,0.000000,0.000000,12.0,12.0,1528000.0
1368,0.000000,0.000000,12.0,12.0,1528000.0
1369,0.000000,0.000000,12.0,12.0,1528000.0
1370,0.000000,0.000000,12.0,12.0,1528000.0
1371,0.000000,0.000000,12.0,12.0,1528000.0
1372,0.000000,0.000000,12.0,12.0,1528000.0
1373,0.000000,0.000000,12.0,12.0,1528000.0
1374,0.000000,0.000000,12.0,12.0,1528000.0
1375,0.000000,0.000000,12.0,12.0,1528000.0
1376,0.000000,0.000000,12.0,12.0,1528000.0
1377,0.000000,0.000000,12.0,12.0,1528000.0
1378,0.000000,0.000000,12.0,12.0,1528000.0
1379,0.000000,0.000000,12.0,12.0,1528000.0
1380,0.000000,0.000000,12.0,12.0,1528000.0
1381,0.000000,0.000000,12.0,12.0,1528000.0
1382,0.000000,0.000000,12.0,12.0,1528000.0
1383,0.000000,0.000000,12.0,12.0,1528000.0
1384,0.000000,0.000000,12.0,12.0,1528000.0
1385,0.000000,0.000000,12.0,12.0,1528000.0
1386,0.000000,0.000000,12.0,12.0,1528000.0
1387,0.000000,0.000000,12.0,12.0,1528000.0
1388,0.000000,0.000000,12.0,12.0,1528000.0
1389,0.000000,0.000000,12.0,12.0,1528000.0
1390,0.000000,0.000000,12.0,12.0,1528000.0
1391,0.000000,0.000000,12.0,12.0,1528000.0
1392,0.000000,0.000000,12.0,12.0,1528000.0
1393,0.000000,0.000000,12.0,12.0,1528000.0
1394,0.000000,0.000000,12.0,12.0,1528000.0
1395,0.000000,0.000000,12.0,12.0,1528000.0
1396,0.000000,0.000000,12.0,12.0,1528000.0
1397,0.000000,0.000000,12.0,12.0,1528000.0
1398,0.000000,0.000000,12.0,12.0,1528000.0
1399,0.000000,0.000000,12.0,12.0,1528000.0
1400,0.000000,0.000000,12.0,12.0,1528000.0
1401,0.000000,0.000000,12.0,12.0,1528000.0
1402,0.000000,0.000000,12.0,12.0,1528000.0
1403,0.000000,0.000000,12.0,12.0,1528000.0
1404,0.000000,0.000000,12.0,12.0,1528000.0
1405,0.000000,0.000000,12.0,12.0,1528000.0
1406,0.000000,0.000000,12.0,12.0,1528000.0
1407,0.000000,0.000000,12.0,12.0,1528000.0
1408,0.000000,0.000000,12.0,12.0,1528000.0
1409,0.000000,0.000000,12.0,12.0,1528000.0
1410,0.000000,0.000000,12.0,12.0,1528000.0
1411,0.000000,0.000000,12.0,12.0,1528000.0
1412,0.000000,0.000000,12.0,12.0,1528000.0
1413,0.000000,0.000000,12.0,12.0,1528000.0
1414,0.000000,0.000000,12.0,12.0,1528000.0
1415,0.000000,0.000000,12.0,12.0,1528000.0
1416,0.000000,0.000000,12.0,12.0,1528000.0
1417,0.000000,0.000000,12.0,12.0,1528000.0
1418,0.000000,0.000000,12.0,12.0,1528000.0
1419,0.000000,0.000000,12.0,12.0,1528000.0
1420,0.000000,0.000000,12.0,12.0,1528000.0
1421,0.000000,0.000000,12.0,12.0,1528000.0
1422,0.000000,0.000000,12.0,12.0,1528000.0
1423,0.000000,0.000000,12.0,12.0,1528000.0
1424,0.000000,0.000000,12.0,12.0,1528000.0
1425,0.000000,0.000000,12.0,12.0,1528000.0
1426,0.000000,0.000000,12.0,12.0,1528000.0
1427,0.000000,0.000000,12.0,12.0,1528000.0
1428,0.000000,0.000000,12.0,12.0,1528000.0
1429,0.000000,0.000000,12.0,12.0,1528000.0
1430,0.000000,0.000000,12.0,12.0,1528000.0
1431,0.000000,0.000000,12.0,12.0,1528000.0
1432,0.000000,0.000000,12.0,12.0,1528000.0
1433,0.000000,0.000000,12.0,12.0,1528000.0
1434,0.000000,0.000000,12.0,12.0,1528000.0
1435,0.000000,0.000000,12.0,12.0,1528000.0
1436,0.000000,0.000000,12.0,12.0,1528000.0
1437,0.000000,0.000000,12.0,12.0,1528000.0
1438,0.000000,0.000000,12.0,12.0,1528000.0
1439,0.000000,0.000000,12.0,12.0,1528000.0
1440,0.000000,0.000000,12.0,12.0,1528000.0
1441,0.000000,0.000000,12.0,12.0,1528000.0
1442,0.000000,0.000000,12.0,12.0,1528000.0
1443,-4.699570,-2.796956,12.0,12.0,1528000.0
1444,1.513769,-2.188903,12.0,12.0,1528000.0
1445,1.600199,-3.988989,12.0,12.0,1528000.0
1446,-1.170856,0.581262,12.0,12.0,1528000.0
1447,-1.485030,-1.068044,12.0,12.0,1528000.0
1448,2.893513,0.931005,12.0,12.0,1528000.0
1449,-1.278429,1.721465,12.0,12.0,1528000.0
1450,2.814587,-0.571097,12.0,12.0,1528000.0
1451,-1.444253,-3.646165,12.0,12.0,1528000.0
1452,-2.618843,-1.359487,12.0,12.0,1528000.0
1453,-0.684445,-1.492499,12.0,12.0,1528000.0
1454,1.008613,-1.136813,12.0,12.0,1528000.0
1455,-0.531766,2.172456,12.0,12.0,1528000.0
1456,2.845908,-0.508788,12.0,12.0,1528000.0
1457,-0.350854,-2.085094,12.0,12.0,1528000.0
1458,-0.513680,0.597412,12.0,12.0,1528000.0
1459,0.000000,0.000000,12.0,12.0,1528000.0
1460,0.499881,-0.495021,12.0,12.0,1528000.0
1461,0.000000,0.000000,12.0,12.0,1528000.0
1462,0.963237,-1.471093,12.0,12.0,1528000.0
1463,-0.321291,-0.866577,12.0,12.0,1528000.0
1464,-4.109023,-3.108571,12.0,12.0,1528000.0
1465,-0.360449,1.841301,12.0,12.0,1528000.0
1466,0.590393,-0.835099,12.0,12.0,1528000.0
1467,-2.766402,-0.543400,12.0,12.0,1528000.0
1468,1.293570,-0.902474,12.0,12.0,1528000.0
1469,0.236903,-2.174547,12.0,12.0,1528000.0
1470,-1.744583,0.031305,12.0,12.0,1528000.0
1471,0.000000,0.000000,12.0,12.0,1528000.0
1472,-1.571718,-1.075530,12.0,12.0,1528000.0
1473,-2.819941,-0.881569,12.0,12.0,1528000.0
1474,0.619840,-1.672032,12.0,12.0,1528000.0
1475,1.677190,-2.423722,12.0,12.0,1528000.0
1476,-1.495864,0.446048,12.0,12.0,1528000.0
1477,-0.599862,0.358842,12.0,12.0,1528000.0
1478,2.114413,-0.561963,12.0,12.0,1528000.0
1479,-2.756254,-1.786102,12.0,12.0,1528000.0
1480,1.291807,-1.528673,12.0,12.0,1528000.0
1481,2.038032,0.482994,12.0,12.0,1528000.0
1482,-1.992200,2.095494,12.0,12.0,1528000.0
1483,-1.305858,-0.052014,12.0,12.0,1528000.0
1484,0.802291,-1.583803,12.0,12.0,1528000.0
1485,-1.125030,-3.058880,12.0,12.0,1528000.0
1486,0.806486,-0.857164,12.0,12.0,1528000.0
1487,2.474008,-1.975760,12.0,12.0,1528000.0
1488,-1.919346,-0.711222,12.0,12.0,1528000.0
1489,0.055870,1.063990,12.0,12.0,1528000.0
1490,2.546837,0.443351,12.0,12.0,1528000.0
1491,-3.345021,-1.083337,12.0,12.0,1528000.0
1492,3.070403,0.652041,12.0,12.0,1528000.0
1493,-1.580793,-4.144363,12.0,12.0,1528000.0
1494,1.106457,3.932015,12.0,12.0,1528000.0
1495,-1.468348,1.248026,12.0,12.0,1528000.0
1496,0.219477,-0.367991,12.0,12.0,1528000.0
1497,-3.474638,-2.474712,12.0,12.0,1528000.0
1498,3.775620,0.614720,12.0,12.0,1528000.0
1499,-2.938622,-3.550908,12.0,12.0,1528000.0
1500,-3.282659,-1.646667,12.0,12.0,1528000.0
1501,0.302443,-1.125961,12.0,12.0,1528000.0
1502,4.388323,-0.046915,12.0,12.0,1528000.0
1503,0.000000,0.000000,12.0,12.0,1528000.0
1504,3.307467,0.109657,12.0,12.0,1528000.0
1505,-1.935974,-1.769328,12.0,12.0,1528000.0
1506,1.480082,3.750690,12.0,12.0,1528000.0
1507,-0.112778,-0.539260,12.0,12.0,1528000.0
1508,2.500710,-0.412286,12.0,12.0,1528000.0
1509,-1.133287,1.831851,12.0,12.0,1528000.0
1510,0.000000,0.000000,12.0,12.0,1528000.0
1511,-2.190451,-2.190451,12.0,12.0,1528000.0
1512,0.000000,0.000000,12.0,12.0,1528000.0
1513,0.000000,0.000000,12.0,12.0,1528000.0
1514,0.000000,0.000000,12.0,12.0,1528000.0
1515,0.000000,0.000000,12.0,12.0,1528000.0
1516,0.000000,0.000000,12.0,12.0,1528000.0
1517,0.000000,0.000000,12.0,12.0,1528000.0
1518,0.000000,0.000000,12.0,12.0,1528000.0
1519,0.000000,0.000000,12.0,12.0,1528000.0
1520,0.000000,0.000000,12.0,12.0,1528000.0
1521,0.000000,0.000000,12.0,12.0,1528000.0
1522,0.000000,0.000000,12.0,12.0,1528000.0
1523,0.000000,0.000000,12.0,12.0,1528000.0
1524,0.000000,0.000000,12.0,12.0,1528000.0
1525,0.000000,0.000000,12.0,12.0,1528000.0
1526,0.000000,0.000000,12.0,12.0,1528000.0
1527,0.000000,0.000000,12.0,12.0,1528000.0
1528,0.000000,0.000000,12.0,12.0,1528000.0
1529,0.000000,0.000000,12.0,12.0,1528000.0
1530,0.000000,0.000000,12.0,12.0,1528000.0
1531,0.000000,0.000000,12.0,12.0,1528000.0
1532,0.000000,0.000000,12.0,12.0,1528000.0
1533,0.000000,0.000000,12.0,12.0,1528000.0
1534,0.000000,0.000000,12.0,12.0,1528000.0
1535,0.000000,0.000000,12.0,12.0,1528000.0
1536,0.000000,0.000000,12.0,12.0,1528000.0
1537,0.000000,0.000000,12.0,12.0,1528000.0
1538,2.944753,0.129025,12.0,12.0,1528000.0
1539,-1.986005,0.831497,12.0,12.0,1528000.0
1540,3.631486,1.397966,12.0,12.0,1528000.0
1541,0.000000,0.000000,12.0,12.0,1528000.0
1542,-0.439398,1.442080,12.0,12.0,1528000.0
1543,0.000000,0.000000,12.0,12.0,1528000.0
1544,1.683621,0.727715,12.0,12.0,1528000.0
1545,0.000000,0.000000,12.0,12.0,1528000.0
1546,2.466506,-0.078764,12.0,12.0,1528000.0
1547,-0.995133,-2.666897,12.0,12.0,1528000.0
1548,-3.686081,-1.779171,12.0,12.0,1528000.0
1549,-0.439339,-1.039009,12.0,12.0,1528000.0
1550,-3.097333,-3.629533,12.0,12.0,1528000.0
1551,-1.312208,1.126844,12.0,12.0,1528000.0
1552,2.017897,-1.147795,12.0,12.0,1528000.0
1553,-1.415420,-2.618882,12.0,12.0,1528000.0
1554,-2.049874,0.092664,12.0,12.0,1528000.0
1555,-1.522446,-1.033786,12.0,12.0,1528000.0
1556,0.000000,0.000000,12.0,12.0,1528000.0
1557,-2.322387,0.726207,12.0,12.0,1528000.0
1558,0.375698,-1.038096,12.0,12.0,1528000.0
1559,-0.707984,-1.088018,12.0,12.0,1528000.0
1560,-3.543076,-1.621736,12.0,12.0,1528000.0
1561,-0.837736,2.505876,12.0,12.0,1528000.0
1562,-0.367200,-0.887948,12.0,12.0,1528000.0
1563,-2.071488,0.638512,12.0,12.0,1528000.0
1564,0.356878,-1.431538,12.0,12.0,1528000.0
1565,-1.826183,-3.985905,12.0,12.0,1528000.0
1566,0.000000,0.000000,12.0,12.0,1528000.0
1567,-2.288742,-0.297086,12.0,12.0,1528000.0
1568,0.000000,0.000000,12.0,12.0,1528000.0
1569,0.614091,3.043567,12.0,12.0,1528000.0
1570,0.000000,0.000000,12.0,12.0,1528000.0
1571,3.004430,-0.590568,12.0,12.0,1528000.0
1572,0.000000,0.000000,12.0,12.0,1528000.0
1573,0.000000,0.000000,12.0,12.0,1528000.0
1574,0.000000,0.000000,12.0,12.0,1528000.0
1575,0.000000,0.000000,12.0,12.0,1528000.0
1576,0.000000,0.000000,12.0,12.0,1528000.0
1577,-1.109851,-2.554001,12.0,12.0,1528000.0
1578,0.000000,0.000000,12.0,12.0,1528000.0
1579,-0.792896,0.796670,12.0,12.0,1528000.0
1580,0.000000,0.000000,12.0,12.0,1528000.0
1581,-1.220531,-3.252811,12.0,12.0,1528000.0
1582,0.902001,-0.250335,12.0,12.0,1528000.0
1583,1.948507,-1.775665,12.0,12.0,1528000.0
1584,-3.250273,-1.648567,12.0,12.0,1528000.0
1585,0.000000,0.000000,12.0,12.0,1528000.0
1586,3.363284,1.645834,12.0,12.0,1528000.0
1587,0.000000,0.000000,12.0,12.0,1528000.0
1588,1.564098,-0.475006,12.0,12.0,1528000.0
1589,-2.244265,-5.087177,12.0,12.0,1528000.0
1590,0.495433,3.303649,12.0,12.0,1528000.0
1591,0.000000,0.000000,12.0,12.0,1528000.0
1592,0.000000,0.000000,12.0,12.0,1528000.0
1593,-0.463501,0.661897,12.0,12.0,1528000.0
1594,4.588246,1.759974,12.0,12.0,1528000.0
1595,0.000000,0.000000,12.0,12.0,1528000.0
1596,1.383077,3.181277,12.0,12.0,1528000.0
1597,0.000000,0.000000,12.0,12.0,1528000.0
1598,5.340575,1.435007,12.0,12.0,1528000.0
1599,0.000000,0.000000,12.0,12.0,1528000.0
1600,0.356905,-1.859623,12.0,12.0,1528000.0
1601,0.000000,0.000000,12.0,12.0,1528000.0
1602,0.524925,3.237085,12.0,12.0,1528000.0
1603,0.000000,0.000000,12.0,12.0,1528000.0
1604,4.518122,2.189928,12.0,12.0,1528000.0
1605,0.000000,0.000000,12.0,12.0,1528000.0
1606,0.392846,-1.754414,12.0,12.0,1528000.0
1607,0.000000,0.000000,12.0,12.0,1528000.0
1608,-0.464165,0.464165,12.0,12.0,1528000.0
1609,0.000000,0.000000,12.0,12.0,1528000.0
1610,0.000000,0.000000,12.0,12.0,1528000.0
1611,0.000000,0.000000,12.0,12.0,1528000.0
1612,0.000000,0.000000,12.0,12.0,1528000.0
1613,0.000000,0.000000,12.0,12.0,1528000.0
1614,0.000000,0.000000,12.0,12.0,1528000.0
1615,0.000000,0.000000,12.0,12.0,1528000.0
1616,0.689368,-0.689368,12.0,12.0,1528000.0
1617,0.000000,0.000000,12.0,12.0,1528000.0
1618,0.000000,0.000000,12.0,12.0,1528000.0
1619,0.000000,0.000000,12.0,12.0,1528000.0
1620,-0.033179,0.033179,12.0,12.0,1528000.0
1621,0.000000,0.000000,12.0,12.0,1528000.0
1622,-0.214229,0.214229,12.0,12.0,1528000.0
1623,0.000000,0.000000,12.0,12.0,1528000.0
1624,0.000000,0.000000,12.0,12.0,1528000.0
1625,0.000000,0.000000,12.0,12.0,1528000.0
1626,0.000000,0.000000,12.0,12.0,1528000.0
1627,0.000000,0.000000,12.0,12.0,1528000.0
1628,0.000000,0.000000,12.0,12.0,1528000.0
1629,0.000000,0.000000,12.0,12.0,1528000.0
1630,0.000000,0.000000,12.0,12.0,1528000.0
1631,0.000000,0.000000,12.0,12.0,1528000.0
1632,0.000000,0.000000,12.0,12.0,1528000.0
1633,0.000000,0.000000,12.0,12.0,1528000.0
1634,4.042931,0.355019,12.0,12.0,1528000.0
1635,-1.055337,1.621473,12.0,12.0,1528000.0
1636,2.902989,0.055819,12.0,12.0,1528000.0
1637,2.741037,-2.216893,12.0,12.0,1528000.0
1638,-3.348659,-0.771939,12.0,12.0,1528000.0
1639,-1.875340,-0.712296,12.0,12.0,1528000.0
1640,1.391903,-0.145723,12.0,12.0,1528000.0
1641,-0.351736,3.121414,12.0,12.0,1528000.0
1642,2.974795,0.941485,12.0,12.0,1528000.0
1643,0.772071,-1.464997,12.0,12.0,1528000.0
1644,-2.978024,-0.893058,12.0,12.0,1528000.0
1645,-1.586164,-1.676518,12.0,12.0,1528000.0
1646,1.188569,0.257333,12.0,12.0,1528000.0
1647,-1.497873,1.185709,12.0,12.0,1528000.0
1648,2.579360,-0.995270,12.0,12.0,1528000.0
1649,0.650672,-1.606910,12.0,12.0,1528000.0
1650,0.213051,1.938153,12.0,12.0,1528000.0
1651,-0.356451,-0.192417,12.0,12.0,1528000.0
1652,1.241927,0.062731,12.0,12.0,1528000.0
1653,0.896382,3.247260,12.0,12.0,1528000.0
1654,1.602995,-1.108573,12.0,12.0,1528000.0
1655,-0.147198,-0.643386,12.0,12.0,1528000.0
1656,-2.169965,-0.671433,12.0,12.0,1528000.0
1657,0.000000,0.000000,12.0,12.0,1528000.0
1658,1.501175,0.861335,12.0,12.0,1528000.0
1659,-2.057811,1.206319,12.0,12.0,1528000.0
1660,1.411470,-0.211086,12.0,12.0,1528000.0
1661,0.531541,-0.702511,12.0,12.0,1528000.0
1662,-2.207799,-0.072861,12.0,12.0,1528000.0
1663,-1.067203,0.913197,12.0,12.0,1528000.0
1664,0.461803,1.306793,12.0,12.0,1528000.0
1665,-1.997393,0.351741,12.0,12.0,1528000.0
1666,-0.113243,-1.133937,12.0,12.0,1528000.0
1667,-0.461944,-4.367980,12.0,12.0,1528000.0
1668,-0.634820,2.680224,12.0,12.0,1528000.0
1669,-0.631221,0.592313,12.0,12.0,1528000.0
1670,5.453433,2.638999,12.0,12.0,1528000.0
1671,-1.051298,0.833708,12.0,12.0,1528000.0
1672,0.000000,0.000000,12.0,12.0,1528000.0
1673,0.540575,-0.600669,12.0,12.0,1528000.0
1674,-2.565099,0.934179,12.0,12.0,1528000.0
1675,-0.950851,0.892475,12.0,12.0,1528000.0
1676,2.740494,0.405658,12.0,12.0,1528000.0
1677,0.000000,0.000000,12.0,12.0,1528000.0
1678,2.626981,1.314885,12.0,12.0,1528000.0
1679,1.887410,-1.759222,12.0,12.0,1528000.0
1680,-2.844953,-0.897781,12.0,12.0,1528000.0
1681,0.717240,1.576846,12.0,12.0,1528000.0
1682,2.870875,1.523835,12.0,12.0,1528000.0
1683,-1.816128,0.495120,12.0,12.0,1528000.0
1684,3.049890,1.352028,12.0,12.0,1528000.0
1685,-1.299473,-4.087549,12.0,12.0,1528000.0
1686,0.560293,4.234117,12.0,12.0,1528000.0
1687,0.676130,4.049982,12.0,12.0,1528000.0
1688,0.159349,0.135029,12.0,12.0,1528000.0
1689,-0.074494,0.860768,12.0,12.0,1528000.0
1690,5.742758,2.607672,12.0,12.0,1528000.0
1691,-0.502021,-0.054587,12.0,12.0,1528000.0
1692,-1.468983,0.607965,12.0,12.0,1528000.0
1693,3.356734,2.779444,12.0,12.0,1528000.0
1694,2.957525,2.957525,12.0,12.0,1528000.0
1695,-1.756996,-0.419664,12.0,12.0,1528000.0
1696,4.969124,2.336220,12.0,12.0,1528000.0
1697,0.578876,1.048454,12.0,12.0,1528000.0
1698,-0.884315,1.798501,12.0,12.0,1528000.0
1699,3.377471,3.341787,12.0,12.0,1528000.0
1700,1.632093,-0.818595,12.0,12.0,1528000.0
1701,2.873197,5.603147,12.0,12.0,1528000.0
1702,3.631941,3.631941,12.0,12.0,1528000.0
1703,2.180217,2.180217,12.0,12.0,1528000.0
1704,4.415760,4.415760,12.0,12.0,1528000.0
1705,2.582497,3.821233,12.0,12.0,1528000.0
1706,4.132757,4.132757,12.0,12.0,1528000.0
1707,0.000000,0.000000,12.0,12.0,1528000.0
1708,6.778983,6.778983,12.0,12.0,1528000.0
1709,-0.277354,-0.277354,12.0,12.0,1528000.0
1710,2.328514,2.328514,12.0,12.0,1528000.0
1711,0.000000,0.000000,12.0,12.0,1528000.0
1712,5.001233,5.001233,12.0,12.0,1528000.0
1713,0.317873,0.317873,12.0,12.0,1528000.0
1714,-1.755290,-1.755290,12.0,12.0,1528000.0
1715,1.040887,1.040887,12.0,12.0,1528000.0
1716,1.962713,1.962713,12.0,12.0,1528000.0
1717,0.000000,0.000000,12.0,12.0,1528000.0
1718,0.000000,0.000000,12.0,12.0,1528000.0
1719,0.000000,0.000000,12.0,12.0,1528000.0
1720,0.000000,0.000000,12.0,12.0,1528000.0
1721,0.000000,0.000000,12.0,12.0,1528000.0
1722,0.000000,0.000000,12.0,12.0,1528000.0
1723,0.000000,0.000000,12.0,12.0,1528000.0
1724,0.000000,0.000000,12.0,12.0,1528000.0
1725,0.000000,0.000000,12.0,12.0,1528000.0
1726,0.000000,0.000000,12.0,12.0,1528000.0
1727,0.000000,0.000000,12.0,12.0,1528000.0
1728,0.000000,0.000000,12.0,12.0,1528000.0
1729,0.000000,0.000000,12.0,12.0,1528000.0
1730,0.000000,0.000000,12.0,12.0,1528000.0
1731,0.000000,0.000000,12.0,12.0,1528000.0
1732,0.000000,0.000000,12.0,12.0,1528000.0
1733,0.000000,0.000000,12.0,12.0,1528000.0
1734,0.000000,0.000000,12.0,12.0,1528000.0
1735,0.000000,0.000000,12.0,12.0,1528000.0
1736,0.000000,0.000000,12.0,12.0,1528000.0
1737,0.000000,0.000000,12.0,12.0,1528000.0
1738,0.000000,0.000000,12.0,12.0,1528000.0
1739,0.000000,0.000000,12.0,12.0,1528000.0
1740,0.000000,0.000000,12.0,12.0,1528000.0
1741,0.000000,0.000000,12.0,12.0,1528000.0
1742,0.000000,0.000000,12.0,12.0,1528000.0
1743,0.000000,0.000000,12.0,12.0,1528000.0
1744,0.000000,0.000000,12.0,12.0,1528000.0
1745,0.000000,0.000000,12.0,12.0,1528000.0
1746,0.000000,0.000000,12.0,12.0,1528000.0
1747,0.000000,0.000000,12.0,12.0,1528000.0
1748,0.000000,0.000000,12.0,12.0,1528000.0
1749,0.000000,0.000000,12.0,12.0,1528000.0
1750,0.000000,0.000000,12.0,12.0,1528000.0
1751,0.000000,0.000000,12.0,12.0,1528000.0
1752,0.000000,0.000000,12.0,12.0,1528000.0
1753,0.000000,0.000000,12.0,12.0,1528000.0
1754,0.000000,0.000000,12.0,12.0,1528000.0
1755,0.000000,0.000000,12.0,12.0,1528000.0
1756,0.000000,0.000000,12.0,12.0,1528000.0
1757,0.000000,0.000000,12.0,12.0,1528000.0
1758,0.000000,0.000000,12.0,12.0,1528000.0
1759,0.000000,0.000000,12.0,12.0,1528000.0
1760,0.000000,0.000000,12.0,12.0,1528000.0
1761,0.000000,0.000000,12.0,12.0,1528000.0
1762,0.000000,0.000000,12.0,12.0,1528000.0
1763,0.000000,0.000000,12.0,12.0,1528000.0
1764,0.000000,0.000000,12.0,12.0,1528000.0
1765,0.000000,0.000000,12.0,12.0,1528000.0
1766,0.000000,0.000000,12.0,12.0,1528000.0
1767,0.000000,0.000000,12.0,12.0,1528000.0
1768,0.000000,0.000000,12.0,12.0,1528000.0
1769,0.000000,0.000000,12.0,12.0,1528000.0
1770,0.000000,0.000000,12.0,12.0,1528000.0
1771,0.000000,0.000000,12.0,12.0,1528000.0
1772,0.000000,0.000000,12.0,12.0,1528000.0
1773,0.000000,0.000000,12.0,12.0,1528000.0
1774,0.000000,0.000000,12.0,12.0,1528000.0
1775,0.000000,0.000000,12.0,12.0,1528000.0
1776,0.000000,0.000000,12.0,12.0,1528000.0
1777,0.000000,0.000000,12.0,12.0,1528000.0
1778,0.000000,0.000000,12.0,12.0,1528000.0
1779,0.000000,0.000000,12.0,12.0,1528000.0
1780,0.000000,0.000000,12.0,12.0,1528000.0
1781,0.000000,0.000000,12.0,12.0,1528000.0
1782,0.000000,0.000000,12.0,12.0,1528000.0
1783,0.000000,0.000000,12.0,12.0,1528000.0
1784,0.000000,0.000000,12.0,12.0,1528000.0
1785,0.000000,0.000000,12.0,12.0,1528000.0
1786,0.000000,0.000000,12.0,12.0,1528000.0
1787,0.000000,0.000000,12.0,12.0,1528000.0
1788,0.000000,0.000000,12.0,12.0,1528000.0
1789,0.000000,0.000000,12.0,12.0,1528000.0
1790,0.000000,0.000000,12.0,12.0,1528000.0
1791,0.000000,0.000000,12.0,12.0,1528000.0
1792,0.000000,0.000000,12.0,12.0,1528000.0
1793,0.000000,0.000000,12.0,12.0,1528000.0
1794,0.000000,0.000000,12.0,12.0,1528000.0
1795,0.000000,0.000000,12.0,12.0,1528000.0
1796,0.000000,0.000000,12.0,12.0,1528000.0
1797,0.000000,0.000000,12.0,12.0,1528000.0
1798,0.000000,0.000000,12.0,12.0,1528000.0
1799,0.000000,0.000000,12.0,12.0,1528000.0
1800,0.000000,0.000000,12.0,12.0,1528000.0
1801,0.000000,0.000000,12.0,12.0,1528000.0
1802,0.000000,0.000000,12.0,12.0,1528000.0
1803,0.000000,0.000000,12.0,12.0,1528000.0
1804,0.000000,0.000000,12.0,12.0,1528000.0
1805,0.000000,0.000000,12.0,12.0,1528000.0
1806,0.000000,0.000000,12.0,12.0,1528000.0
1807,0.000000,0.000000,12.0,12.0,1528000.0
1808,0.000000,0.000000,12.0,12.0,1528000.0
1809,0.000000,0.000000,12.0,12.0,1528000.0
1810,0.000000,0.000000,12.0,12.0,1528000.0
1811,0.000000,0.000000,12.0,12.0,1528000.0
1812,0.000000,0.000000,12.0,12.0,1528000.0
1813,0.000000,0.000000,12.0,12.0,1528000.0
1814,0.000000,0.000000,12.0,12.0,1528000.0
1815,0.000000,0.000000,12.0,12.0,1528000.0
1816,0.000000,0.000000,12.0,12.0,1528000.0
1817,0.000000,0.000000,12.0,12.0,1528000.0
1818,0.000000,0.000000,12.0,12.0,1528000.0
1819,0.000000,0.000000,12.0,12.0,1528000.0
1820,0.000000,0.000000,12.0,12.0,1528000.0
1821,0.000000,0.000000,12.0,12.0,1528000.0
1822,0.000000,0.000000,12.0,12.0,1528000.0
1823,0.000000,0.000000,12.0,12.0,1528000.0
1824,0.000000,0.000000,12.0,12.0,1528000.0
1825,0.274912,1.070248,12.0,12.0,1528000.0
1826,1.804455,-1.732277,12.0,12.0,1528000.0
1827,0.252422,2.864828,12.0,12.0,1528000.0
1828,4.910972,1.927186,12.0,12.0,1528000.0
1829,3.898991,-1.472573,12.0,12.0,1528000.0
1830,-3.529589,-1.814459,12.0,12.0,1528000.0
1831,0.685938,2.148194,12.0,12.0,1528000.0
1832,3.141543,1.614473,12.0,12.0,1528000.0
1833,0.347092,3.520884,12.0,12.0,1528000.0
1834,4.402910,1.106486,12.0,12.0,1528000.0
1835,1.739516,-0.509182,12.0,12.0,1528000.0
1836,-1.532491,0.341789,12.0,12.0,1528000.0
1837,-0.156817,-0.612159,12.0,12.0,1528000.0
1838,1.844958,1.253290,12.0,12.0,1528000.0
1839,-1.024575,1.826965,12.0,12.0,1528000.0
1840,5.029216,1.064326,12.0,12.0,1528000.0
1841,1.350315,-0.687113,12.0,12.0,1528000.0
1842,-0.289256,1.582810,12.0,12.0,1528000.0
1843,-1.517023,-1.342921,12.0,12.0,1528000.0
1844,1.842470,-0.051964,12.0,12.0,1528000.0
1845,-0.041770,2.194386,12.0,12.0,1528000.0
1846,0.369376,-2.373164,12.0,12.0,1528000.0
1847,-1.073080,-1.835212,12.0,12.0,1528000.0
1848,-1.987434,-0.329608,12.0,12.0,1528000.0
1849,0.995635,3.742831,12.0,12.0,1528000.0
1850,2.148747,1.862673,12.0,12.0,1528000.0
1851,-4.046644,-1.165886,12.0,12.0,1528000.0
1852,0.006786,-1.870434,12.0,12.0,1528000.0
1853,0.000000,0.000000,12.0,12.0,1528000.0
1854,-0.973135,0.708379,12.0,12.0,1528000.0
1855,-0.325234,0.848566,12.0,12.0,1528000.0
1856,0.418061,1.360455,12.0,12.0,1528000.0
1857,0.012754,2.403978,12.0,12.0,1528000.0
1858,1.627751,0.807687,12.0,12.0,1528000.0
1859,0.000000,0.000000,12.0,12.0,1528000.0
1860,0.781895,3.295207,12.0,12.0,1528000.0
1861,1.059060,2.103068,12.0,12.0,1528000.0
1862,2.338348,-0.310762,12.0,12.0,1528000.0
1863,1.007091,2.765759,12.0,12.0,1528000.0
1864,3.821645,0.967863,12.0,12.0,1528000.0
1865,1.254542,-0.087356,12.0,12.0,1528000.0
1866,-1.641559,1.672191,12.0,12.0,1528000.0
1867,1.101232,2.331878,12.0,12.0,1528000.0
1868,2.610340,0.060140,12.0,12.0,1528000.0
1869,0.394645,-1.628147,12.0,12.0,1528000.0
1870,0.776512,-0.458996,12.0,12.0,1528000.0
1871,3.939811,0.148099,12.0,12.0,1528000.0
1872,-0.981445,0.454549,12.0,12.0,1528000.0
1873,0.000000,0.000000,12.0,12.0,1528000.0
1874,2.420335,0.412503,12.0,12.0,1528000.0
1875,-0.729083,2.049579,12.0,12.0,1528000.0
1876,0.000000,0.000000,12.0,12.0,1528000.0
1877,-1.908951,-4.994633,12.0,12.0,1528000.0
1878,2.211299,2.211299,12.0,12.0,1528000.0
1879,1.747405,4.837621,12.0,12.0,1528000.0
1880,-1.049147,-1.490853,12.0,12.0,1528000.0
1881,1.692179,2.066263,12.0,12.0,1528000.0
1882,4.118018,0.424404,12.0,12.0,1528000.0
1883,-1.385940,-1.553562,12.0,12.0,1528000.0
1884,-0.380695,0.758239,12.0,12.0,1528000.0
1885,1.793177,0.652347,12.0,12.0,1528000.0
1886,0.000000,0.000000,12.0,12.0,1528000.0
1887,-2.453217,-0.794889,12.0,12.0,1528000.0
1888,2.918883,-0.216039,12.0,12.0,1528000.0
1889,0.217580,0.105464,12.0,12.0,1528000.0
1890,2.389738,4.275694,12.0,12.0,1528000.0
1891,0.434250,0.102576,12.0,12.0,1528000.0
1892,6.117190,2.346972,12.0,12.0,1528000.0
1893,-1.252406,1.395232,12.0,12.0,1528000.0
1894,0.785507,-1.920583,12.0,12.0,1528000.0
1895,0.637717,0.637717,12.0,12.0,1528000.0
1896,-1.748284,-1.674126,12.0,12.0,1528000.0
1897,3.415555,4.221707,12.0,12.0,1528000.0
1898,4.090867,4.090867,12.0,12.0,1528000.0
1899,1.244340,3.301636,12.0,12.0,1528000.0
1900,1.271516,1.271516,12.0,12.0,1528000.0
1901,4.324332,1.729570,12.0,12.0,1528000.0
1902,3.108250,3.108250,12.0,12.0,1528000.0
1903,-1.309294,-0.461276,12.0,12.0,1528000.0
1904,3.786393,3.786393,12.0,12.0,1528000.0
1905,-0.958508,-0.208878,12.0,12.0,1528000.0
1906,2.835527,2.835527,12.0,12.0,1528000.0
1907,1.607454,1.607454,12.0,12.0,1528000.0
1908,0.907723,0.801823,12.0,12.0,1528000.0
1909,4.264101,4.264101,12.0,12.0,1528000.0
1910,-1.368274,-1.368274,12.0,12.0,1528000.0
1911,0.000000,0.000000,12.0,12.0,1528000.0
1912,0.000000,0.000000,12.0,12.0,1528000.0
1913,0.000000,0.000000,12.0,12.0,1528000.0
1914,0.000000,0.000000,12.0,12.0,1528000.0
1915,0.000000,0.000000,12.0,12.0,1528000.0
1916,0.000000,0.000000,12.0,12.0,1528000.0
1917,0.000000,0.000000,12.0,12.0,1528000.0
1918,0.000000,0.000000,12.0,12.0,1528000.0
1919,0.000000,0.000000,12.0,12.0,1528000.0
1920,0.000000,0.000000,12.0,12.0,1528000.0
1921,-2.231618,-0.384524,12.0,12.0,1528000.0
1922,0.321757,-4.002505,12.0,12.0,1528000.0
1923,-4.831716,-2.113302,12.0,12.0,1528000.0
1924,2.099167,-0.885051,12.0,12.0,1528000.0
1925,1.612083,-4.297923,12.0,12.0,1528000.0
1926,-4.995864,-2.820528,12.0,12.0,1528000.0
1927,-4.688850,-3.691102,12.0,12.0,1528000.0
1928,-0.364352,-2.378022,12.0,12.0,1528000.0
1929,-4.194000,-1.455050,12.0,12.0,1528000.0
1930,0.773184,-2.497908,12.0,12.0,1528000.0
1931,-3.291083,-5.624331,12.0,12.0,1528000.0
1932,-3.794403,-2.500271,12.0,12.0,1528000.0
1933,-3.127534,-3.931594,12.0,12.0,1528000.0
1934,-2.234459,-3.215465,12.0,12.0,1528000.0
1935,-2.302209,0.309093,12.0,12.0,1528000.0
1936,-1.066914,-4.200912,12.0,12.0,1528000.0
1937,-2.292431,-4.026569,12.0,12.0,1528000.0
1938,-3.558117,-2.485399,12.0,12.0,1528000.0
1939,-2.231265,-1.995933,12.0,12.0,1528000.0
1940,0.796515,-0.409613,12.0,12.0,1528000.0
1941,-2.512412,-0.120720,12.0,12.0,1528000.0
1942,0.619761,-2.294849,12.0,12.0,1528000.0
1943,-1.605213,-3.203427,12.0,12.0,1528000.0
1944,-4.106666,-3.008438,12.0,12.0,1528000.0
1945,-2.015652,0.250172,12.0,12.0,1528000.0
1946,1.418570,0.336512,12.0,12.0,1528000.0
1947,-3.034110,-0.291992,12.0,12.0,1528000.0
1948,0.140270,-2.263894,12.0,12.0,1528000.0
1949,-3.719490,-5.437050,12.0,12.0,1528000.0
1950,0.000000,0.000000,12.0,12.0,1528000.0
1951,-5.794541,-3.573633,12.0,12.0,1528000.0
1952,0.000000,0.000000,12.0,12.0,1528000.0
1953,-1.964325,0.083693,12.0,12.0,1528000.0
1954,0.000000,0.000000,12.0,12.0,1528000.0
1955,-2.319144,-6.442224,12.0,12.0,1528000.0
1956,0.000000,0.000000,12.0,12.0,1528000.0
1957,0.290622,1.250724,12.0,12.0,1528000.0
1958,0.000000,0.000000,12.0,12.0,1528000.0
1959,0.000000,0.000000,12.0,12.0,1528000.0
1960,0.000000,0.000000,12.0,12.0,1528000.0
1961,-2.327229,-3.467489,12.0,12.0,1528000.0
1962,-1.789964,1.369746,12.0,12.0,1528000.0
1963,-1.408698,0.583432,12.0,12.0,1528000.0
1964,-0.513258,-2.630970,12.0,12.0,1528000.0
1965,-2.053001,-4.066687,12.0,12.0,1528000.0
1966,-1.348297,-2.636785,12.0,12.0,1528000.0
1967,-1.288163,-4.583477,12.0,12.0,1528000.0
1968,-5.453436,-4.243504,12.0,12.0,1528000.0
1969,-2.415273,-2.269939,12.0,12.0,1528000.0
1970,1.357162,-1.331474,12.0,12.0,1528000.0
1971,-3.267388,-1.400894,12.0,12.0,1528000.0
1972,2.233392,0.516356,12.0,12.0,1528000.0
1973,-3.683332,-6.262444,12.0,12.0,1528000.0
1974,-2.239142,1.393164,12.0,12.0,1528000.0
1975,-1.710758,1.393944,12.0,12.0,1528000.0
1976,-1.965087,-1.168575,12.0,12.0,1528000.0
1977,-3.492067,-2.509065,12.0,12.0,1528000.0
1978,0.855802,-2.561182,12.0,12.0,1528000.0
1979,-4.416641,-4.907513,12.0,12.0,1528000.0
1980,-3.936905,-2.253129,12.0,12.0,1528000.0
1981,-1.582952,-1.235184,12.0,12.0,1528000.0
1982,3.719041,-0.650051,12.0,12.0,1528000.0
1983,-3.245129,-0.994819,12.0,12.0,1528000.0
1984,1.569666,-1.053240,12.0,12.0,1528000.0
1985,-1.120281,-1.029957,12.0,12.0,1528000.0
1986,-2.612556,-0.354860,12.0,12.0,1528000.0
1987,0.427407,0.032659,12.0,12.0,1528000.0
1988,0.137297,-2.769739,12.0,12.0,1528000.0
1989,-2.459736,-2.459736,12.0,12.0,1528000.0
1990,-0.996762,-2.982240,12.0,12.0,1528000.0
1991,-1.537221,-1.537221,12.0,12.0,1528000.0
1992,-4.379413,-4.260571,12.0,12.0,1528000.0
1993,-1.092686,0.101748,12.0,12.0,1528000.0
1994,1.888628,1.888628,12.0,12.0,1528000.0
1995,-3.034522,-1.592208,12.0,12.0,1528000.0
1996,-2.329712,-2.329712,12.0,12.0,1528000.0
1997,-1.882481,-1.882481,12.0,12.0,1528000.0
1998,-2.947096,-0.700792,12.0,12.0,1528000.0
1999,-1.125001,-0.493021,12.0,12.0,1528000.0
2000,3.074428,1.448586,12.0,12.0,1528000.0
2001,-2.723271,-1.740175,12.0,12.0,1528000.0
2002,0.241420,-2.695936,12.0,12.0,1528000.0
2003,-0.298598,-0.298598,12.0,12.0,1528000.0
2004,-3.769764,-3.769764,12.0,12.0,1528000.0
2005,1.661073,1.661073,12.0,12.0,1528000.0
2006,0.127121,0.211427,12.0,12.0,1528000.0
2007,0.000000,0.000000,12.0,12.0,1528000.0
2008,0.057562,0.057562,12.0,12.0,1528000.0
2009,-2.902065,-2.902065,12.0,12.0,1528000.0
2010,-2.061737,-2.061737,12.0,12.0,1528000.0
2011,1.594123,1.594123,12.0,12.0,1528000.0
2012,0.000000,0.000000,12.0,12.0,1528000.0
2013,0.834172,0.834172,12.0,12.0,1528000.0
2014,0.000000,0.000000,12.0,12.0,1528000.0
2015,-3.762291,-3.762291,12.0,12.0,1528000.0
2016,0.000000,0.000000,12.0,12.0,1528000.0
2017,-4.595263,-4.124253,12.0,12.0,1528000.0
2018,0.000000,0.000000,12.0,12.0,1528000.0
2019,-7.992237,-5.800915,12.0,12.0,1528000.0
2020,-2.752140,-5.990548,12.0,12.0,1528000.0
2021,-3.811512,-9.327578,12.0,12.0,1528000.0
2022,-7.926008,-6.160558,12.0,12.0,1528000.0
2023,-5.300735,-4.513301,12.0,12.0,1528000.0
2024,-4.495995,-5.703859,12.0,12.0,1528000.0
2025,-5.354394,-2.284988,12.0,12.0,1528000.0
2026,-2.296471,-4.676125,12.0,12.0,1528000.0
2027,-5.806583,-7.721489,12.0,12.0,1528000.0
2028,-7.209058,-6.297310,12.0,12.0,1528000.0
2029,-6.798812,-8.473920,12.0,12.0,1528000.0
2030,-5.805198,-6.924408,12.0,12.0,1528000.0
2031,-7.053016,-4.119706,12.0,12.0,1528000.0
2032,-2.525821,-7.019387,12.0,12.0,1528000.0
2033,-6.049303,-7.825451,12.0,12.0,1528000.0
2034,-5.745703,-4.839643,12.0,12.0,1528000.0
2035,-4.763331,-5.006359,12.0,12.0,1528000.0
2036,-5.051851,-6.291153,12.0,12.0,1528000.0
2037,-8.339195,-6.673909,12.0,12.0,1528000.0
2038,-2.565511,-5.228355,12.0,12.0,1528000.0
2039,-5.819706,-6.495820,12.0,12.0,1528000.0
2040,0.000000,0.000000,12.0,12.0,1528000.0
2041,-5.230132,-2.661564,12.0,12.0,1528000.0
2042,-3.150456,-4.413248,12.0,12.0,1528000.0
2043,-5.775447,-3.279447,12.0,12.0,1528000.0
2044,-2.253808,-4.751264,12.0,12.0,1528000.0
2045,-5.152923,-7.568933,12.0,12.0,1528000.0
2046,-7.408609,-5.749117,12.0,12.0,1528000.0
2047,-7.057463,-5.545043,12.0,12.0,1528000.0
2048,-3.864834,-3.329062,12.0,12.0,1528000.0
2049,-7.343550,-5.204662,12.0,12.0,1528000.0
2050,-6.023137,-7.697669,12.0,12.0,1528000.0
2051,-2.466460,-6.676192,12.0,12.0,1528000.0
2052,-5.787140,-4.068042,12.0,12.0,1528000.0
2053,0.000000,0.000000,12.0,12.0,1528000.0
2054,-2.353813,-4.644703,12.0,12.0,1528000.0
2055,-4.960187,-3.650273,12.0,12.0,1528000.0
2056,0.000000,0.000000,12.0,12.0,1528000.0
2057,0.000000,0.000000,12.0,12.0,1528000.0
2058,-5.432166,-2.162164,12.0,12.0,1528000.0
2059,-4.980485,-3.278565,12.0,12.0,1528000.0
2060,-3.832594,-6.153042,12.0,12.0,1528000.0
2061,-3.694682,-6.390308,12.0,12.0,1528000.0
2062,-2.063153,-4.272903,12.0,12.0,1528000.0
2063,-3.140111,-7.318573,12.0,12.0,1528000.0
2064,-6.342619,-4.919125,12.0,12.0,1528000.0
2065,-3.239982,-3.628528,12.0,12.0,1528000.0
2066,-2.917808,-4.894074,12.0,12.0,1528000.0
2067,-5.306052,-3.200152,12.0,12.0,1528000.0
2068,-2.421420,-4.727722,12.0,12.0,1528000.0
2069,-6.775151,-9.166649,12.0,12.0,1528000.0
2070,-4.314485,-1.555073,12.0,12.0,1528000.0
2071,-4.980496,-1.983054,12.0,12.0,1528000.0
2072,-4.100753,-3.932093,12.0,12.0,1528000.0
2073,0.000000,0.000000,12.0,12.0,1528000.0
2074,-3.279195,-5.995493,12.0,12.0,1528000.0
2075,-6.180919,-6.721237,12.0,12.0,1528000.0
2076,-7.868740,-6.479482,12.0,12.0,1528000.0
2077,0.947352,0.070752,12.0,12.0,1528000.0
2078,0.218550,-4.180068,12.0,12.0,1528000.0
2079,-5.985404,-4.939300,12.0,12.0,1528000.0
2080,-0.586167,-3.180875,12.0,12.0,1528000.0
2081,-6.075597,-5.886461,12.0,12.0,1528000.0
2082,-6.068737,-3.635783,12.0,12.0,1528000.0
2083,-3.008294,-3.494570,12.0,12.0,1528000.0
2084,-3.953410,-6.586316,12.0,12.0,1528000.0
2085,-6.894549,-4.494421,12.0,12.0,1528000.0
2086,-3.479434,-5.199854,12.0,12.0,1528000.0
2087,-3.032382,-7.309808,12.0,12.0,1528000.0
2088,-5.860507,-5.811413,12.0,12.0,1528000.0
2089,-5.185824,-3.536404,12.0,12.0,1528000.0
2090,-1.479131,-1.479131,12.0,12.0,1528000.0
2091,-6.462943,-4.649927,12.0,12.0,1528000.0
2092,-4.025101,-7.633293,12.0,12.0,1528000.0
2093,-1.018831,-4.671215,12.0,12.0,1528000.0
2094,-3.021979,-0.931435,12.0,12.0,1528000.0
2095,-6.449581,-6.449581,12.0,12.0,1528000.0
2096,-2.286598,-4.593730,12.0,12.0,1528000.0
2097,-4.088738,-2.746650,12.0,12.0,1528000.0
2098,-1.432941,-1.432941,12.0,12.0,1528000.0
2099,-4.055510,-4.055510,12.0,12.0,1528000.0
2100,0.000000,0.000000,12.0,12.0,1528000.0
2101,0.000000,0.000000,12.0,12.0,1528000.0
2102,0.173516,-0.173516,12.0,12.0,1528000.0
2103,-6.877178,-6.877178,12.0,12.0,1528000.0
2104,-3.294033,-3.294033,12.0,12.0,1528000.0
2105,-1.775359,-1.775359,12.0,12.0,1528000.0
2106,0.000000,0.000000,12.0,12.0,1528000.0
2107,0.000000,0.000000,12.0,12.0,1528000.0
2108,0.000000,0.000000,12.0,12.0,1528000.0
2109,0.000000,0.000000,12.0,12.0,1528000.0
2110,0.000000,0.000000,12.0,12.0,1528000.0
2111,0.000000,0.000000,12.0,12.0,1528000.0
2112,0.000000,0.000000,12.0,12.0,1528000.0
2113,2.207466,4.381872,12.0,12.0,1528000.0
2114,8.030186,4.924958,12.0,12.0,1528000.0
2115,2.980166,6.393704,12.0,12.0,1528000.0
2116,8.395011,5.288665,12.0,12.0,1528000.0
2117,7.008102,1.553462,12.0,12.0,1528000.0
2118,2.279326,5.143692,12.0,12.0,1528000.0
2119,3.650649,5.514265,12.0,12.0,1528000.0
2120,6.363587,5.682639,12.0,12.0,1528000.0
2121,4.183991,8.039763,12.0,12.0,1528000.0
2122,7.525501,5.171421,12.0,12.0,1528000.0
2123,5.777173,3.551261,12.0,12.0,1528000.0
2124,4.331055,6.190559,12.0,12.0,1528000.0
2125,5.812257,5.665625,12.0,12.0,1528000.0
2126,4.964143,4.762915,12.0,12.0,1528000.0
2127,4.637875,7.309109,12.0,12.0,1528000.0
2128,10.132017,7.038717,12.0,12.0,1528000.0
2129,6.732762,5.914522,12.0,12.0,1528000.0
2130,5.404520,7.397442,12.0,12.0,1528000.0
2131,6.176359,6.836993,12.0,12.0,1528000.0
2132,5.635904,4.975828,12.0,12.0,1528000.0
2133,5.245309,8.167457,12.0,12.0,1528000.0
2134,5.592531,3.838229,12.0,12.0,1528000.0
2135,4.161733,3.791475,12.0,12.0,1528000.0
2136,3.542028,5.038270,12.0,12.0,1528000.0
2137,2.765825,4.784421,12.0,12.0,1528000.0
2138,5.428443,3.956879,12.0,12.0,1528000.0
2139,2.632263,6.127071,12.0,12.0,1528000.0
2140,7.298630,5.590994,12.0,12.0,1528000.0
2141,3.150738,1.544464,12.0,12.0,1528000.0
2142,0.000000,0.000000,12.0,12.0,1528000.0
2143,0.942058,3.485948,12.0,12.0,1528000.0
2144,0.000000,0.000000,12.0,12.0,1528000.0
2145,4.657776,7.184150,12.0,12.0,1528000.0
2146,0.000000,0.000000,12.0,12.0,1528000.0
2147,8.457248,4.004496,12.0,12.0,1528000.0
2148,0.000000,0.000000,12.0,12.0,1528000.0
2149,7.115690,7.722420,12.0,12.0,1528000.0
2150,0.000000,0.000000,12.0,12.0,1528000.0
2151,4.742442,6.698494,12.0,12.0,1528000.0
2152,0.000000,0.000000,12.0,12.0,1528000.0
2153,7.946828,7.242924,12.0,12.0,1528000.0
2154,5.922095,10.102731,12.0,12.0,1528000.0
2155,5.057897,7.347443,12.0,12.0,1528000.0
2156,5.725058,3.760708,12.0,12.0,1528000.0
2157,6.271928,4.908680,12.0,12.0,1528000.0
2158,6.553216,5.160542,12.0,12.0,1528000.0
2159,7.544363,4.815041,12.0,12.0,1528000.0
2160,2.945810,6.623768,12.0,12.0,1528000.0
2161,3.971190,4.527086,12.0,12.0,1528000.0
2162,6.524763,4.467843,12.0,12.0,1528000.0
2163,6.052741,8.854379,12.0,12.0,1528000.0
2164,6.843738,5.720384,12.0,12.0,1528000.0
2165,4.614368,2.219708,12.0,12.0,1528000.0
2166,5.186585,5.186585,12.0,12.0,1528000.0
2167,5.211555,9.028049,12.0,12.0,1528000.0
2168,5.522373,6.232829,12.0,12.0,1528000.0
2169,4.338210,5.723528,12.0,12.0,1528000.0
2170,8.495097,5.811013,12.0,12.0,1528000.0
2171,2.681012,2.845802,12.0,12.0,1528000.0
2172,2.300784,3.790874,12.0,12.0,1528000.0
2173,6.355356,5.962072,12.0,12.0,1528000.0
2174,9.966766,5.361552,12.0,12.0,1528000.0
2175,6.938650,9.179272,12.0,12.0,1528000.0
2176,6.116616,3.787390,12.0,12.0,1528000.0
2177,4.808256,5.086598,12.0,12.0,1528000.0
2178,3.494400,6.379868,12.0,12.0,1528000.0
2179,4.092250,4.297502,12.0,12.0,1528000.0
2180,7.056004,4.496398,12.0,12.0,1528000.0
2181,3.299159,6.067457,12.0,12.0,1528000.0
2182,6.768878,4.958716,12.0,12.0,1528000.0
2183,3.549790,3.549790,12.0,12.0,1528000.0
2184,6.335617,6.909211,12.0,12.0,1528000.0
2185,5.379867,6.687351,12.0,12.0,1528000.0
2186,5.850132,1.823070,12.0,12.0,1528000.0
2187,3.166425,5.043415,12.0,12.0,1528000.0
2188,0.000000,0.000000,12.0,12.0,1528000.0
2189,4.384938,1.858432,12.0,12.0,1528000.0
2190,6.772737,8.970415,12.0,12.0,1528000.0
2191,2.437110,2.593330,12.0,12.0,1528000.0
2192,9.715388,7.630890,12.0,12.0,1528000.0
2193,3.533997,4.454873,12.0,12.0,1528000.0
2194,7.299219,4.098763,12.0,12.0,1528000.0
2195,4.825965,2.636385,12.0,12.0,1528000.0
2196,6.025324,6.659654,12.0,12.0,1528000.0
2197,-0.675121,0.675121,12.0,12.0,1528000.0
2198,0.003888,-0.003888,12.0,12.0,1528000.0
2199,-0.379148,0.379148,12.0,12.0,1528000.0
2200,0.000000,0.000000,12.0,12.0,1528000.0
2201,0.000000,0.000000,12.0,12.0,1528000.0
2202,-0.470370,0.470370,12.0,12.0,1528000.0
2203,0.000000,0.000000,12.0,12.0,1528000.0
2204,0.000000,0.000000,12.0,12.0,1528000.0
2205,0.000000,0.000000,12.0,12.0,1528000.0
2206,0.000000,0.000000,12.0,12.0,1528000.0
2207,0.000000,0.000000,12.0,12.0,1528000.0
2208,0.000000,0.000000,12.0,12.0,1528000.0
2209,0.000000,0.000000,12.0,12.0,1528000.0
2210,0.000000,0.000000,12.0,12.0,1528000.0
2211,-5.044532,-2.366646,12.0,12.0,1528000.0
2212,0.707157,-1.460145,12.0,12.0,1528000.0
2213,0.903273,-3.501611,12.0,12.0,1528000.0
2214,-4.345852,-1.847164,12.0,12.0,1528000.0
2215,-3.729770,-1.215370,12.0,12.0,1528000.0
2216,0.105062,-0.964520,12.0,12.0,1528000.0
2217,-2.467520,0.903564,12.0,12.0,1528000.0
2218,0.429732,-1.905500,12.0,12.0,1528000.0
2219,0.000000,0.000000,12.0,12.0,1528000.0
2220,-5.212538,-2.961264,12.0,12.0,1528000.0
2221,-0.079642,-0.990154,12.0,12.0,1528000.0
2222,-0.093831,-0.446015,12.0,12.0,1528000.0
2223,-2.503412,0.554292,12.0,12.0,1528000.0
2224,2.098646,-1.519092,12.0,12.0,1528000.0
2225,-1.352070,-2.077052,12.0,12.0,1528000.0
2226,-1.768601,1.614403,12.0,12.0,1528000.0
2227,-3.646084,-2.368104,12.0,12.0,1528000.0
2228,1.065628,0.237706,12.0,12.0,1528000.0
2229,-1.152448,1.861530,12.0,12.0,1528000.0
2230,-0.405307,-2.018329,12.0,12.0,1528000.0
2231,0.033730,-0.293722,12.0,12.0,1528000.0
2232,0.000000,0.000000,12.0,12.0,1528000.0
2233,0.000000,0.000000,12.0,12.0,1528000.0
2234,0.598811,0.645589,12.0,12.0,1528000.0
2235,-2.356503,1.268805,12.0,12.0,1528000.0
2236,1.913423,0.556383,12.0,12.0,1528000.0
2237,-0.188775,-1.872999,12.0,12.0,1528000.0
2238,-2.269811,0.260025,12.0,12.0,1528000.0
2239,0.000000,0.000000,12.0,12.0,1528000.0
2240,-2.362021,-0.522161,12.0,12.0,1528000.0
2241,-1.250020,1.879752,12.0,12.0,1528000.0
2242,-1.703976,-2.603000,12.0,12.0,1528000.0
2243,0.000000,0.000000,12.0,12.0,1528000.0
2244,-0.828320,1.857456,12.0,12.0,1528000.0
2245,-1.851514,-0.724722,12.0,12.0,1528000.0
2246,2.093012,0.081844,12.0,12.0,1528000.0
2247,-1.533199,0.124943,12.0,12.0,1528000.0
2248,0.000000,0.000000,12.0,12.0,1528000.0
2249,0.000000,0.000000,12.0,12.0,1528000.0
2250,0.000000,0.000000,12.0,12.0,1528000.0
2251,0.000000,0.000000,12.0,12.0,1528000.0
2252,0.000000,0.000000,12.0,12.0,1528000.0
2253,1.420775,-0.265301,12.0,12.0,1528000.0
2254,0.000000,0.000000,12.0,12.0,1528000.0
2255,4.715856,0.993952,12.0,12.0,1528000.0
2256,-1.665409,0.106211,12.0,12.0,1528000.0
2257,-0.454717,0.703227,12.0,12.0,1528000.0
2258,0.000000,0.000000,12.0,12.0,1528000.0
2259,-0.279719,2.403445,12.0,12.0,1528000.0
2260,0.000000,0.000000,12.0,12.0,1528000.0
2261,-3.049682,-4.460698,12.0,12.0,1528000.0
2262,0.000000,0.000000,12.0,12.0,1528000.0
2263,-0.114122,2.579532,12.0,12.0,1528000.0
2264,-2.386270,-1.573538,12.0,12.0,1528000.0
2265,0.346616,0.639540,12.0,12.0,1528000.0
2266,3.357364,0.118696,12.0,12.0,1528000.0
2267,-0.011663,0.011663,12.0,12.0,1528000.0
2268,0.000000,0.000000,12.0,12.0,1528000.0
2269,0.000000,0.000000,12.0,12.0,1528000.0
2270,0.000000,0.000000,12.0,12.0,1528000.0
2271,0.000000,0.000000,12.0,12.0,1528000.0
2272,0.000000,0.000000,12.0,12.0,1528000.0
2273,0.000000,0.000000,12.0,12.0,1528000.0
2274,0.000000,0.000000,12.0,12.0,1528000.0
2275,-0.257891,-0.257891,12.0,12.0,1528000.0
2276,0.000000,0.000000,12.0,12.0,1528000.0
2277,0.811530,3.117958,12.0,12.0,1528000.0
2278,-1.734818,-1.734818,12.0,12.0,1528000.0
2279,0.000000,0.000000,12.0,12.0,1528000.0
2280,0.000000,0.000000,12.0,12.0,1528000.0
2281,0.000000,0.000000,12.0,12.0,1528000.0
2282,0.000000,0.000000,12.0,12.0,1528000.0
2283,1.919938,1.919938,12.0,12.0,1528000.0
2284,0.000000,0.000000,12.0,12.0,1528000.0
2285,0.911627,0.911627,12.0,12.0,1528000.0
2286,0.670918,0.670918,12.0,12.0,1528000.0
2287,-2.325969,-2.325969,12.0,12.0,1528000.0
2288,0.000000,0.000000,12.0,12.0,1528000.0
2289,0.000000,0.000000,12.0,12.0,1528000.0
2290,3.105884,3.105884,12.0,12.0,1528000.0
2291,-1.963473,-1.963473,12.0,12.0,1528000.0
2292,0.000000,0.000000,12.0,12.0,1528000.0
2293,0.000000,0.000000,12.0,12.0,1528000.0
2294,0.000000,0.000000,12.0,12.0,1528000.0
2295,0.000000,0.000000,12.0,12.0,1528000.0
2296,0.000000,0.000000,12.0,12.0,1528000.0
2297,0.000000,0.000000,12.0,12.0,1528000.0
2298,0.000000,0.000000,12.0,12.0,1528000.0
2299,0.000000,0.000000,12.0,12.0,1528000.0
2300,0.000000,0.000000,12.0,12.0,1528000.0
2301,0.000000,0.000000,12.0,12.0,1528000.0
2302,0.000000,0.000000,12.0,12.0,1528000.0
2303,0.000000,0.000000,12.0,12.0,1528000.0
2304,0.000000,0.000000,12.0,12.0,1528000.0
2305,-1.318401,0.762279,12.0,12.0,1528000.0
2306,1.678772,-2.043848,12.0,12.0,1528000.0
2307,-4.764677,-2.444629,12.0,12.0,1528000.0
2308,0.485141,-2.894203,12.0,12.0,1528000.0
2309,-0.028716,-5.005584,12.0,12.0,1528000.0
2310,-3.231858,-0.733588,12.0,12.0,1528000.0
2311,-4.317976,-2.421226,12.0,12.0,1528000.0
2312,0.315486,-1.213492,12.0,12.0,1528000.0
2313,-3.856019,-1.797495,12.0,12.0,1528000.0
2314,1.563418,-1.255024,12.0,12.0,1528000.0
2315,-2.200374,-4.271672,12.0,12.0,1528000.0
2316,-3.692410,-2.140798,12.0,12.0,1528000.0
2317,-2.324208,-3.421918,12.0,12.0,1528000.0
2318,-1.359251,-2.636653,12.0,12.0,1528000.0
2319,-2.289065,0.217415,12.0,12.0,1528000.0
2320,1.716635,-2.072321,12.0,12.0,1528000.0
2321,-0.984108,-2.719966,12.0,12.0,1528000.0
2322,-1.792147,-0.417715,12.0,12.0,1528000.0
2323,-2.925448,-2.755638,12.0,12.0,1528000.0
2324,1.215293,-0.040183,12.0,12.0,1528000.0
2325,-1.741264,1.348046,12.0,12.0,1528000.0
2326,-0.085036,-2.114414,12.0,12.0,1528000.0
2327,-2.797436,-3.528384,12.0,12.0,1528000.0
2328,-2.892655,-0.694985,12.0,12.0,1528000.0
2329,-1.936485,0.794555,12.0,12.0,1528000.0
2330,0.365055,-1.196383,12.0,12.0,1528000.0
2331,-4.899001,-1.532981,12.0,12.0,1528000.0
2332,0.295488,-1.318710,12.0,12.0,1528000.0
2333,-1.079932,-2.932696,12.0,12.0,1528000.0
2334,-3.977159,-1.484079,12.0,12.0,1528000.0
2335,-3.756701,-1.260499,12.0,12.0,1528000.0
2336,-1.448755,-0.459213,12.0,12.0,1528000.0
2337,-3.770007,-1.441433,12.0,12.0,1528000.0
2338,-0.421751,-1.728061,12.0,12.0,1528000.0
2339,-0.770671,-4.521261,12.0,12.0,1528000.0
2340,-3.731830,-1.144982,12.0,12.0,1528000.0
2341,-0.074523,0.821603,12.0,12.0,1528000.0
2342,0.666386,-1.893780,12.0,12.0,1528000.0
2343,-2.970253,-1.406239,12.0,12.0,1528000.0
2344,2.096621,-0.143055,12.0,12.0,1528000.0
2345,-0.149886,-1.164006,12.0,12.0,1528000.0
2346,-1.588350,2.127086,12.0,12.0,1528000.0
2347,-2.179202,0.076924,12.0,12.0,1528000.0
2348,1.201267,-1.197897,12.0,12.0,1528000.0
2349,-2.250451,-4.367285,12.0,12.0,1528000.0
2350,1.195438,-0.867318,12.0,12.0,1528000.0
2351,0.290343,-3.940269,12.0,12.0,1528000.0
2352,-4.102013,-3.005127,12.0,12.0,1528000.0
2353,-1.648054,-0.956840,12.0,12.0,1528000.0
2354,0.525674,-1.394186,12.0,12.0,1528000.0
2355,-3.470389,-1.310161,12.0,12.0,1528000.0
2356,1.558911,-0.767009,12.0,12.0,1528000.0
2357,-0.928107,-3.393089,12.0,12.0,1528000.0
2358,-0.195578,3.008974,12.0,12.0,1528000.0
2359,-3.367907,-0.140407,12.0,12.0,1528000.0
2360,-2.169244,-1.545708,12.0,12.0,1528000.0
2361,-4.251502,-2.746060,12.0,12.0,1528000.0
2362,2.706666,-0.264848,12.0,12.0,1528000.0
2363,-4.196485,-4.687139,12.0,12.0,1528000.0
2364,-2.716060,-1.004882,12.0,12.0,1528000.0
2365,1.923915,1.227955,12.0,12.0,1528000.0
2366,3.177965,-0.627403,12.0,12.0,1528000.0
2367,-3.172904,-1.688936,12.0,12.0,1528000.0
2368,0.000000,0.000000,12.0,12.0,1528000.0
2369,-0.431657,-0.069723,12.0,12.0,1528000.0
2370,-2.009670,0.375196,12.0,12.0,1528000.0
2371,0.154391,0.397485,12.0,12.0,1528000.0
2372,0.116961,-3.016047,12.0,12.0,1528000.0
2373,-0.219835,2.274177,12.0,12.0,1528000.0
2374,0.989872,-1.215488,12.0,12.0,1528000.0
2375,-1.784352,-1.784352,12.0,12.0,1528000.0
2376,-1.298899,-0.732255,12.0,12.0,1528000.0
2377,-1.467851,-0.697473,12.0,12.0,1528000.0
2378,1.429997,1.429997,12.0,12.0,1528000.0
2379,-2.388145,0.190549,12.0,12.0,1528000.0
2380,-2.108518,-2.108518,12.0,12.0,1528000.0
2381,-1.507714,-4.425980,12.0,12.0,1528000.0
2382,1.536639,1.536639,12.0,12.0,1528000.0
2383,-2.902237,-1.754475,12.0,12.0,1528000.0
2384,1.537481,-0.482653,12.0,12.0,1528000.0
2385,1.210435,1.210435,12.0,12.0,1528000.0
2386,0.151596,0.151596,12.0,12.0,1528000.0
2387,-3.279005,-5.354779,12.0,12.0,1528000.0
2388,0.777909,1.034885,12.0,12.0,1528000.0
2389,2.167978,3.393312,12.0,12.0,1528000.0
2390,0.206830,0.337106,12.0,12.0,1528000.0
2391,0.000000,0.000000,12.0,12.0,1528000.0
2392,-5.002161,-5.002161,12.0,12.0,1528000.0
2393,-1.198838,-1.198838,12.0,12.0,1528000.0
2394,0.000000,0.000000,12.0,12.0,1528000.0
2395,1.241960,1.241960,12.0,12.0,1528000.0
2396,1.195776,1.195776,12.0,12.0,1528000.0
2397,0.000000,0.000000,12.0,12.0,1528000.0
2398,0.000000,0.000000,12.0,12.0,1528000.0
2399,-3.726699,-3.726699,12.0,12.0,1528000.0
2400,0.000000,0.000000,12.0,12.0,1528000.0
2401,0.000000,0.000000,12.0,12.0,1528000.0
2402,0.000000,0.000000,12.0,12.0,1528000.0
2403,-2.677557,0.133065,12.0,12.0,1528000.0
2404,2.087765,-0.238151,12.0,12.0,1528000.0
2405,3.285116,-1.139104,12.0,12.0,1528000.0
2406,-1.845148,1.227474,12.0,12.0,1528000.0
2407,-3.188318,-1.612868,12.0,12.0,1528000.0
2408,0.710311,-0.137005,12.0,12.0,1528000.0
2409,-1.035423,3.129721,12.0,12.0,1528000.0
2410,1.569753,-1.078415,12.0,12.0,1528000.0
2411,1.034872,-0.334170,12.0,12.0,1528000.0
2412,-2.791991,-0.506511,12.0,12.0,1528000.0
2413,-1.036377,-1.219903,12.0,12.0,1528000.0
2414,1.853598,2.025810,12.0,12.0,1528000.0
2415,-1.770136,1.411432,12.0,12.0,1528000.0
2416,3.897471,0.742929,12.0,12.0,1528000.0
2417,0.964155,-0.693573,12.0,12.0,1528000.0
2418,-3.945068,-2.077282,12.0,12.0,1528000.0
2419,-0.242140,0.212176,12.0,12.0,1528000.0
2420,-0.978390,-1.100216,12.0,12.0,1528000.0
2421,-1.901234,1.188756,12.0,12.0,1528000.0
2422,-0.126574,-2.227528,12.0,12.0,1528000.0
2423,-1.547250,-1.867518,12.0,12.0,1528000.0
2424,-2.463592,-0.488890,12.0,12.0,1528000.0
2425,0.184134,2.726980,12.0,12.0,1528000.0
2426,1.476477,0.621345,12.0,12.0,1528000.0
2427,-3.181518,-0.029800,12.0,12.0,1528000.0
2428,0.733210,-1.349284,12.0,12.0,1528000.0
2429,0.000000,0.000000,12.0,12.0,1528000.0
2430,0.000000,0.000000,12.0,12.0,1528000.0
2431,0.000000,0.000000,12.0,12.0,1528000.0
2432,0.000000,0.000000,12.0,12.0,1528000.0
2433,0.000000,0.000000,12.0,12.0,1528000.0
2434,0.000000,0.000000,12.0,12.0,1528000.0
2435,0.000000,0.000000,12.0,12.0,1528000.0
2436,0.000000,0.000000,12.0,12.0,1528000.0
2437,0.000000,0.000000,12.0,12.0,1528000.0
2438,0.000000,0.000000,12.0,12.0,1528000.0
2439,0.000000,0.000000,12.0,12.0,1528000.0
2440,0.000000,0.000000,12.0,12.0,1528000.0
2441,4.484409,3.316589,12.0,12.0,1528000.0
2442,-0.898370,2.754724,12.0,12.0,1528000.0
2443,-0.909621,1.663657,12.0,12.0,1528000.0
2444,-0.883403,-2.783143,12.0,12.0,1528000.0
2445,0.000000,0.000000,12.0,12.0,1528000.0
2446,0.000000,0.000000,12.0,12.0,1528000.0
2447,0.000000,0.000000,12.0,12.0,1528000.0
2448,0.000000,0.000000,12.0,12.0,1528000.0
2449,-0.315403,0.315403,12.0,12.0,1528000.0
2450,1.978055,0.124337,12.0,12.0,1528000.0
2451,-0.915000,1.860898,12.0,12.0,1528000.0
2452,2.011410,0.277276,12.0,12.0,1528000.0
2453,-0.175926,-2.971262,12.0,12.0,1528000.0
2454,0.188677,3.097307,12.0,12.0,1528000.0
2455,1.914994,5.289378,12.0,12.0,1528000.0
2456,0.242947,1.050589,12.0,12.0,1528000.0
2457,0.000000,0.000000,12.0,12.0,1528000.0
2458,4.994872,2.447656,12.0,12.0,1528000.0
2459,0.000000,0.000000,12.0,12.0,1528000.0
2460,1.592807,2.929189,12.0,12.0,1528000.0
2461,0.000000,0.000000,12.0,12.0,1528000.0
2462,4.259011,4.259011,12.0,12.0,1528000.0
2463,0.000000,0.000000,12.0,12.0,1528000.0
2464,0.000000,0.000000,12.0,12.0,1528000.0
2465,0.000000,0.000000,12.0,12.0,1528000.0
2466,2.436671,5.258523,12.0,12.0,1528000.0
2467,0.000000,0.000000,12.0,12.0,1528000.0
2468,0.000000,0.000000,12.0,12.0,1528000.0
2469,0.000000,0.000000,12.0,12.0,1528000.0
2470,0.733762,-1.364092,12.0,12.0,1528000.0
2471,0.000000,0.000000,12.0,12.0,1528000.0
2472,0.111188,0.939690,12.0,12.0,1528000.0
2473,0.000000,0.000000,12.0,12.0,1528000.0
2474,1.192459,-2.066203,12.0,12.0,1528000.0
2475,-1.028359,1.028359,12.0,12.0,1528000.0
2476,-1.254435,-1.254435,12.0,12.0,1528000.0
2477,0.000000,0.000000,12.0,12.0,1528000.0
2478,-1.487100,1.487100,12.0,12.0,1528000.0
2479,0.000000,0.000000,12.0,12.0,1528000.0
2480,1.171484,-0.003914,12.0,12.0,1528000.0
2481,0.000000,0.000000,12.0,12.0,1528000.0
2482,0.000000,0.000000,12.0,12.0,1528000.0
2483,0.000000,0.000000,12.0,12.0,1528000.0
2484,0.000000,0.000000,12.0,12.0,1528000.0
2485,0.000000,0.000000,12.0,12.0,1528000.0
2486,0.000000,0.000000,12.0,12.0,1528000.0
2487,0.000000,0.000000,12.0,12.0,1528000.0
2488,0.000000,0.000000,12.0,12.0,1528000.0
2489,0.000000,0.000000,12.0,12.0,1528000.0
2490,0.000000,0.000000,12.0,12.0,1528000.0
2491,0.000000,0.000000,12.0,12.0,1528000.0
2492,0.000000,0.000000,12.0,12.0,1528000.0
2493,0.000000,0.000000,12.0,12.0,1528000.0
2494,0.000000,0.000000,12.0,12.0,1528000.0
2495,0.000000,0.000000,12.0,12.0,1528000.0
2496,0.000000,0.000000,12.0,12.0,1528000.0
2497,0.000000,0.000000,12.0,12.0,1528000.0
2498,0.000000,0.000000,12.0,12.0,1528000.0
2499,0.000000,0.000000,12.0,12.0,1528000.0
2500,0.000000,0.000000,12.0,12.0,1528000.0
2501,0.000000,0.000000,12.0,12.0,1528000.0
2502,-1.568772,-0.153842,12.0,12.0,1528000.0
2503,-3.213751,-1.921667,12.0,12.0,1528000.0
2504,-0.473610,-2.436314,12.0,12.0,1528000.0
2505,-1.423699,0.436547,12.0,12.0,1528000.0
2506,1.543894,-1.286222,12.0,12.0,1528000.0
2507,0.000000,0.000000,12.0,12.0,1528000.0
2508,-0.731911,0.542197,12.0,12.0,1528000.0
2509,0.947084,-0.488088,12.0,12.0,1528000.0
2510,-0.823963,-2.309805,12.0,12.0,1528000.0
2511,-2.807215,-0.728587,12.0,12.0,1528000.0
2512,1.923157,-2.052625,12.0,12.0,1528000.0
2513,1.373936,-0.690366,12.0,12.0,1528000.0
2514,-2.423459,-1.408887,12.0,12.0,1528000.0
2515,-1.354630,-1.114702,12.0,12.0,1528000.0
2516,1.553647,0.296851,12.0,12.0,1528000.0
2517,-2.196317,-0.138613,12.0,12.0,1528000.0
2518,-0.098027,-2.723555,12.0,12.0,1528000.0
2519,0.000000,0.000000,12.0,12.0,1528000.0
2520,0.000000,0.000000,12.0,12.0,1528000.0
2521,2.437063,4.300659,12.0,12.0,1528000.0
2522,2.679190,1.386180,12.0,12.0,1528000.0
2523,-1.183264,0.935292,12.0,12.0,1528000.0
2524,1.022961,-1.064347,12.0,12.0,1528000.0
2525,0.052383,-2.259777,12.0,12.0,1528000.0
2526,0.735585,2.230881,12.0,12.0,1528000.0
2527,-2.270863,-1.049525,12.0,12.0,1528000.0
2528,0.000000,0.000000,12.0,12.0,1528000.0
2529,-1.860059,-0.412551,12.0,12.0,1528000.0
2530,1.525357,-0.704041,12.0,12.0,1528000.0
2531,2.382088,-1.932812,12.0,12.0,1528000.0
2532,-2.746545,-0.866763,12.0,12.0,1528000.0
2533,1.728265,2.121825,12.0,12.0,1528000.0
2534,1.996761,-0.902959,12.0,12.0,1528000.0
2535,0.052370,1.109620,12.0,12.0,1528000.0
2536,3.514284,0.424570,12.0,12.0,1528000.0
2537,0.000000,0.000000,12.0,12.0,1528000.0
2538,-1.583579,2.244671,12.0,12.0,1528000.0
2539,1.989034,2.433892,12.0,12.0,1528000.0
2540,0.000000,0.000000,12.0,12.0,1528000.0
2541,0.000000,0.000000,12.0,12.0,1528000.0
2542,0.186411,-2.433213,12.0,12.0,1528000.0
2543,0.000000,0.000000,12.0,12.0,1528000.0
2544,0.000000,0.000000,12.0,12.0,1528000.0
2545,0.000000,0.000000,12.0,12.0,1528000.0
2546,3.833039,1.666389,12.0,12.0,1528000.0
2547,2.349191,4.201209,12.0,12.0,1528000.0
2548,4.712659,1.462589,12.0,12.0,1528000.0
2549,0.000000,0.000000,12.0,12.0,1528000.0
2550,-1.304225,1.108343,12.0,12.0,1528000.0
2551,0.000000,0.000000,12.0,12.0,1528000.0
2552,-1.004687,-0.729593,12.0,12.0,1528000.0
2553,0.000000,0.000000,12.0,12.0,1528000.0
2554,1.731339,-0.831069,12.0,12.0,1528000.0
2555,-0.150662,-0.762222,12.0,12.0,1528000.0
2556,-0.857386,0.857386,12.0,12.0,1528000.0
2557,0.000000,0.000000,12.0,12.0,1528000.0
2558,0.000000,0.000000,12.0,12.0,1528000.0
2559,0.000000,0.000000,12.0,12.0,1528000.0
2560,0.000000,0.000000,12.0,12.0,1528000.0
2561,0.000000,0.000000,12.0,12.0,1528000.0
2562,0.000000,0.000000,12.0,12.0,1528000.0
2563,0.000000,0.000000,12.0,12.0,1528000.0
2564,0.000000,0.000000,12.0,12.0,1528000.0
2565,0.000000,0.000000,12.0,12.0,1528000.0
2566,0.000000,0.000000,12.0,12.0,1528000.0
2567,0.000000,0.000000,12.0,12.0,1528000.0
2568,0.000000,0.000000,12.0,12.0,1528000.0
2569,0.000000,0.000000,12.0,12.0,1528000.0
2570,0.000000,0.000000,12.0,12.0,1528000.0
2571,0.000000,0.000000,12.0,12.0,1528000.0
2572,0.000000,0.000000,12.0,12.0,1528000.0
2573,0.000000,0.000000,12.0,12.0,1528000.0
2574,0.000000,0.000000,12.0,12.0,1528000.0
2575,0.000000,0.000000,12.0,12.0,1528000.0
2576,0.000000,0.000000,12.0,12.0,1528000.0
2577,0.000000,0.000000,12.0,12.0,1528000.0
2578,0.000000,0.000000,12.0,12.0,1528000.0
2579,0.000000,0.000000,12.0,12.0,1528000.0
2580,0.000000,0.000000,12.0,12.0,1528000.0
2581,0.000000,0.000000,12.0,12.0,1528000.0
2582,0.000000,0.000000,12.0,12.0,1528000.0
2583,0.000000,0.000000,12.0,12.0,1528000.0
2584,0.000000,0.000000,12.0,12.0,1528000.0
2585,0.000000,0.000000,12.0,12.0,1528000.0
2586,0.000000,0.000000,12.0,12.0,1528000.0
2587,0.000000,0.000000,12.0,12.0,1528000.0
2588,0.000000,0.000000,12.0,12.0,1528000.0
2589,0.000000,0.000000,12.0,12.0,1528000.0
2590,0.000000,0.000000,12.0,12.0,1528000.0
2591,0.000000,0.000000,12.0,12.0,1528000.0
2592,0.000000,0.000000,12.0,12.0,1528000.0
2593,0.000000,0.000000,12.0,12.0,1528000.0
2594,0.000000,0.000000,12.0,12.0,1528000.0
2595,-5.139037,-3.215405,12.0,12.0,1528000.0
2596,2.920351,-0.498465,12.0,12.0,1528000.0
2597,1.393231,-4.294463,12.0,12.0,1528000.0
2598,-4.526446,-3.213038,12.0,12.0,1528000.0
2599,-5.189988,-3.850322,12.0,12.0,1528000.0
2600,2.165694,-0.104726,12.0,12.0,1528000.0
2601,0.000000,0.000000,12.0,12.0,1528000.0
2602,2.958485,-0.633193,12.0,12.0,1528000.0
2603,-2.535293,-4.988049,12.0,12.0,1528000.0
2604,-2.598001,-2.158597,12.0,12.0,1528000.0
2605,-3.048014,-4.579836,12.0,12.0,1528000.0
2606,-0.953706,-2.136306,12.0,12.0,1528000.0
2607,-1.976102,-0.337506,12.0,12.0,1528000.0
2608,1.798682,-2.150948,12.0,12.0,1528000.0
2609,-3.111192,-5.188138,12.0,12.0,1528000.0
2610,-3.238268,-1.992514,12.0,12.0,1528000.0
2611,-1.749334,-1.890064,12.0,12.0,1528000.0
2612,-0.323142,-2.213892,12.0,12.0,1528000.0
2613,-2.220692,-0.015788,12.0,12.0,1528000.0
2614,-0.909912,-3.425322,12.0,12.0,1528000.0
2615,-3.353166,-4.230778,12.0,12.0,1528000.0
2616,-2.757361,-1.853231,12.0,12.0,1528000.0
2617,-0.625808,1.198012,12.0,12.0,1528000.0
2618,1.173390,-0.034654,12.0,12.0,1528000.0
2619,-2.963876,0.171434,12.0,12.0,1528000.0
2620,-1.407786,-3.385632,12.0,12.0,1528000.0
2621,-1.575944,-3.372316,12.0,12.0,1528000.0
2622,0.000000,0.000000,12.0,12.0,1528000.0
2623,0.000000,0.000000,12.0,12.0,1528000.0
2624,0.000000,0.000000,12.0,12.0,1528000.0
2625,-3.095327,-1.663431,12.0,12.0,1528000.0
2626,0.000000,0.000000,12.0,12.0,1528000.0
2627,0.207362,-4.064386,12.0,12.0,1528000.0
2628,0.000000,0.000000,12.0,12.0,1528000.0
2629,1.241242,1.880248,12.0,12.0,1528000.0
2630,0.000000,0.000000,12.0,12.0,1528000.0
2631,-5.056889,-4.152907,12.0,12.0,1528000.0
2632,0.000000,0.000000,12.0,12.0,1528000.0
2633,0.053475,-1.542073,12.0,12.0,1528000.0
2634,-2.416122,0.256710,12.0,12.0,1528000.0
2635,-2.608282,-1.041284,12.0,12.0,1528000.0
2636,0.490694,-1.971590,12.0,12.0,1528000.0
2637,-0.326884,-2.561448,12.0,12.0,1528000.0
2638,0.633597,-1.278129,12.0,12.0,1528000.0
2639,-0.093252,-4.136798,12.0,12.0,1528000.0
2640,-3.675598,-3.211586,12.0,12.0,1528000.0
2641,-2.958578,-3.117598,12.0,12.0,1528000.0
2642,0.826510,-0.682082,12.0,12.0,1528000.0
2643,-1.124345,0.702315,12.0,12.0,1528000.0
2644,1.376380,-0.998056,12.0,12.0,1528000.0
2645,-2.751290,-5.409740,12.0,12.0,1528000.0
2646,-2.037995,0.354941,12.0,12.0,1528000.0
2647,-1.374722,1.205592,12.0,12.0,1528000.0
2648,-1.693115,-1.589247,12.0,12.0,1528000.0
2649,-2.683566,-1.740364,12.0,12.0,1528000.0
2650,1.147686,-1.725472,12.0,12.0,1528000.0
2651,-1.289197,-2.500669,12.0,12.0,1528000.0
2652,-2.113451,0.633967,12.0,12.0,1528000.0
2653,2.943457,1.952813,12.0,12.0,1528000.0
2654,5.433058,0.551320,12.0,12.0,1528000.0
2655,-4.012093,-2.313273,12.0,12.0,1528000.0
2656,2.729755,-0.339691,12.0,12.0,1528000.0
2657,-1.015179,-1.636881,12.0,12.0,1528000.0
2658,-0.421952,1.650690,12.0,12.0,1528000.0
2659,-2.135395,-2.921383,12.0,12.0,1528000.0
2660,0.535804,-2.491020,12.0,12.0,1528000.0
2661,-0.463322,1.444218,12.0,12.0,1528000.0
2662,0.831761,-1.977569,12.0,12.0,1528000.0
2663,0.000000,0.000000,12.0,12.0,1528000.0
2664,0.000000,0.000000,12.0,12.0,1528000.0
2665,0.000000,0.000000,12.0,12.0,1528000.0
2666,3.430389,-0.642337,12.0,12.0,1528000.0
2667,-2.589438,-0.791696,12.0,12.0,1528000.0
2668,-0.361005,-3.681443,12.0,12.0,1528000.0
2669,2.183732,-0.989232,12.0,12.0,1528000.0
2670,-0.909965,1.865447,12.0,12.0,1528000.0
2671,-1.671503,-0.745615,12.0,12.0,1528000.0
2672,0.575943,-1.370775,12.0,12.0,1528000.0
2673,-2.222700,-1.132878,12.0,12.0,1528000.0
2674,1.577156,-1.261292,12.0,12.0,1528000.0
2675,-0.211643,-2.547177,12.0,12.0,1528000.0
2676,-1.048281,-0.984235,12.0,12.0,1528000.0
2677,-1.649628,-1.037998,12.0,12.0,1528000.0
2678,-1.731008,-1.798262,12.0,12.0,1528000.0
2679,-1.333122,-0.094920,12.0,12.0,1528000.0
2680,0.000000,0.000000,12.0,12.0,1528000.0
2681,0.434355,-1.102073,12.0,12.0,1528000.0
2682,-1.351561,-1.351561,12.0,12.0,1528000.0
2683,-1.277147,-1.277147,12.0,12.0,1528000.0
2684,0.000000,0.000000,12.0,12.0,1528000.0
2685,1.184024,1.184024,12.0,12.0,1528000.0
2686,0.000000,0.000000,12.0,12.0,1528000.0
2687,1.418371,1.418371,12.0,12.0,1528000.0
2688,0.000000,0.000000,12.0,12.0,1528000.0
2689,0.000000,0.000000,12.0,12.0,1528000.0
2690,0.000000,0.000000,12.0,12.0,1528000.0
2691,0.000000,0.000000,12.0,12.0,1528000.0
2692,3.767008,1.656188,12.0,12.0,1528000.0
2693,1.406246,-2.937688,12.0,12.0,1528000.0
2694,-1.815784,0.929926,12.0,12.0,1528000.0
2695,-2.603520,-0.650862,12.0,12.0,1528000.0
2696,-0.957226,-1.462250,12.0,12.0,1528000.0
2697,1.031260,5.363516,12.0,12.0,1528000.0
2698,-0.404746,-1.490752,12.0,12.0,1528000.0
2699,0.872411,-0.713677,12.0,12.0,1528000.0
2700,-2.565090,0.117682,12.0,12.0,1528000.0
2701,-1.748751,-1.403483,12.0,12.0,1528000.0
2702,-1.095482,-1.734700,12.0,12.0,1528000.0
2703,-0.876442,2.519944,12.0,12.0,1528000.0
2704,2.918319,-0.252783,12.0,12.0,1528000.0
2705,-1.170262,-2.512134,12.0,12.0,1528000.0
2706,-1.307297,1.020051,12.0,12.0,1528000.0
2707,-1.119177,-0.560249,12.0,12.0,1528000.0
2708,1.066766,0.535596,12.0,12.0,1528000.0
2709,-2.006372,0.490706,12.0,12.0,1528000.0
2710,1.719364,0.083010,12.0,12.0,1528000.0
2711,-1.143711,-1.551293,12.0,12.0,1528000.0
2712,-1.980065,0.485285,12.0,12.0,1528000.0
2713,0.000000,0.000000,12.0,12.0,1528000.0
2714,2.626666,2.091684,12.0,12.0,1528000.0
2715,-3.867490,-0.084466,12.0,12.0,1528000.0
2716,2.210163,0.204001,12.0,12.0,1528000.0
2717,-1.062942,-2.198196,12.0,12.0,1528000.0
2718,-2.179220,0.958054,12.0,12.0,1528000.0
2719,-0.330549,2.050893,12.0,12.0,1528000.0
2720,0.131761,1.633733,12.0,12.0,1528000.0
2721,-1.432564,0.926442,12.0,12.0,1528000.0
2722,0.000000,0.000000,12.0,12.0,1528000.0
2723,0.869458,-2.719824,12.0,12.0,1528000.0
2724,-2.334805,-0.125459,12.0,12.0,1528000.0
2725,-0.309441,0.290163,12.0,12.0,1528000.0
2726,3.387009,1.053369,12.0,12.0,1528000.0
2727,-2.989404,-1.024890,12.0,12.0,1528000.0
2728,0.000000,0.000000,12.0,12.0,1528000.0
2729,1.384094,1.897404,12.0,12.0,1528000.0
2730,-1.375668,3.166154,12.0,12.0,1528000.0
2731,-0.106374,2.522874,12.0,12.0,1528000.0
2732,0.172997,-1.802517,12.0,12.0,1528000.0
2733,-0.874873,-2.893337,12.0,12.0,1528000.0
2734,2.888640,2.054708,12.0,12.0,1528000.0
2735,2.043299,-1.541077,12.0,12.0,1528000.0
2736,-1.573582,-0.104956,12.0,12.0,1528000.0
2737,0.249443,1.026889,12.0,12.0,1528000.0
2738,3.007510,1.363118,12.0,12.0,1528000.0
2739,-1.470402,1.013048,12.0,12.0,1528000.0
2740,4.467538,3.204984,12.0,12.0,1528000.0
2741,-1.142746,-3.448786,12.0,12.0,1528000.0
2742,-1.492992,2.018554,12.0,12.0,1528000.0
2743,0.000000,0.000000,12.0,12.0,1528000.0
2744,1.431858,1.720204,12.0,12.0,1528000.0
2745,-2.369758,-1.006114,12.0,12.0,1528000.0
2746,4.179275,1.738167,12.0,12.0,1528000.0
2747,-1.606734,-2.063776,12.0,12.0,1528000.0
2748,-2.156133,-0.057855,12.0,12.0,1528000.0
2749,1.969218,1.409520,12.0,12.0,1528000.0
2750,4.713658,0.626876,12.0,12.0,1528000.0
2751,0.000000,0.000000,12.0,12.0,1528000.0
2752,4.954279,2.421599,12.0,12.0,1528000.0
2753,-0.204567,0.043837,12.0,12.0,1528000.0
2754,-0.197082,2.266822,12.0,12.0,1528000.0
2755,-1.060831,-1.290561,12.0,12.0,1528000.0
2756,1.279470,-1.629492,12.0,12.0,1528000.0
2757,-0.416943,2.582381,12.0,12.0,1528000.0
2758,0.630690,-1.888208,12.0,12.0,1528000.0
2759,1.689066,-2.477710,12.0,12.0,1528000.0
2760,1.520706,2.192884,12.0,12.0,1528000.0
2761,1.360316,1.996374,12.0,12.0,1528000.0
2762,4.978541,1.599253,12.0,12.0,1528000.0
2763,-1.753315,0.209471,12.0,12.0,1528000.0
2764,1.039474,1.039474,12.0,12.0,1528000.0
2765,0.000000,0.000000,12.0,12.0,1528000.0
2766,0.000000,0.000000,12.0,12.0,1528000.0
2767,0.000000,0.000000,12.0,12.0,1528000.0
2768,4.559714,2.530504,12.0,12.0,1528000.0
2769,0.416373,1.401255,12.0,12.0,1528000.0
2770,1.018145,-1.876129,12.0,12.0,1528000.0
2771,0.000000,0.000000,12.0,12.0,1528000.0
2772,0.000000,0.000000,12.0,12.0,1528000.0
2773,0.000000,0.000000,12.0,12.0,1528000.0
2774,0.000000,0.000000,12.0,12.0,1528000.0
2775,0.000000,0.000000,12.0,12.0,1528000.0
2776,0.000000,0.000000,12.0,12.0,1528000.0
2777,0.000000,0.000000,12.0,12.0,1528000.0
2778,0.000000,0.000000,12.0,12.0,1528000.0
2779,0.000000,0.000000,12.0,12.0,1528000.0
2780,0.000000,0.000000,12.0,12.0,1528000.0
2781,0.000000,0.000000,12.0,12.0,1528000.0
2782,0.000000,0.000000,12.0,12.0,1528000.0
2783,0.000000,0.000000,12.0,12.0,1528000.0
2784,0.000000,0.000000,12.0,12.0,1528000.0
2785,0.000000,0.000000,12.0,12.0,1528000.0
2786,0.000000,0.000000,12.0,12.0,1528000.0
2787,-3.700143,-0.887865,12.0,12.0,1528000.0
2788,1.487502,-1.049904,12.0,12.0,1528000.0
2789,0.000000,0.000000,12.0,12.0,1528000.0
2790,-4.598066,-1.930110,12.0,12.0,1528000.0
2791,-3.195155,-1.192275,12.0,12.0,1528000.0
2792,0.855260,0.140004,12.0,12.0,1528000.0
2793,-2.879902,0.746640,12.0,12.0,1528000.0
2794,3.776855,2.123743,12.0,12.0,1528000.0
2795,-0.575821,-2.354285,12.0,12.0,1528000.0
2796,-4.035586,-1.511678,12.0,12.0,1528000.0
2797,-1.800231,-2.151637,12.0,12.0,1528000.0
2798,0.666098,0.590532,12.0,12.0,1528000.0
2799,-2.491430,0.602578,12.0,12.0,1528000.0
2800,3.417560,0.220350,12.0,12.0,1528000.0
2801,0.069203,-1.193673,12.0,12.0,1528000.0
2802,-0.607667,0.890667,12.0,12.0,1528000.0
2803,-2.201050,-1.835302,12.0,12.0,1528000.0
2804,0.843043,0.262429,12.0,12.0,1528000.0
2805,-2.243618,0.360598,12.0,12.0,1528000.0
2806,-0.876732,-2.789164,12.0,12.0,1528000.0
2807,-2.727010,-3.419214,12.0,12.0,1528000.0
2808,-1.461255,0.825279,12.0,12.0,1528000.0
2809,-2.333677,0.713155,12.0,12.0,1528000.0
2810,0.165174,-0.189994,12.0,12.0,1528000.0
2811,-3.533604,0.252268,12.0,12.0,1528000.0
2812,2.168563,0.767053,12.0,12.0,1528000.0
2813,-0.185995,-1.973115,12.0,12.0,1528000.0
2814,0.000000,0.000000,12.0,12.0,1528000.0
2815,-1.150319,0.874117,12.0,12.0,1528000.0
2816,0.000000,0.000000,12.0,12.0,1528000.0
2817,-1.108482,-0.148262,12.0,12.0,1528000.0
2818,0.000000,0.000000,12.0,12.0,1528000.0
2819,0.735187,-3.220573,12.0,12.0,1528000.0
2820,0.000000,0.000000,12.0,12.0,1528000.0
2821,1.980145,2.955251,12.0,12.0,1528000.0
2822,0.000000,0.000000,12.0,12.0,1528000.0
2823,-4.184499,-2.393379,12.0,12.0,1528000.0
2824,0.000000,0.000000,12.0,12.0,1528000.0
2825,0.241893,-0.495875,12.0,12.0,1528000.0
2826,-2.521717,1.350801,12.0,12.0,1528000.0
2827,-1.828003,0.317879,12.0,12.0,1528000.0
2828,-1.501662,-3.345968,12.0,12.0,1528000.0
2829,0.426881,-1.632125,12.0,12.0,1528000.0
2830,2.003630,1.211272,12.0,12.0,1528000.0
2831,0.836205,-2.589029,12.0,12.0,1528000.0
2832,-4.064734,-2.596524,12.0,12.0,1528000.0
2833,-2.637011,-1.720123,12.0,12.0,1528000.0
2834,1.594898,-0.347454,12.0,12.0,1528000.0
2835,-3.101780,-0.760784,12.0,12.0,1528000.0
2836,0.678094,-0.507068,12.0,12.0,1528000.0
2837,-2.106168,-4.105982,12.0,12.0,1528000.0
2838,-1.075710,1.881668,12.0,12.0,1528000.0
2839,-2.412336,0.745692,12.0,12.0,1528000.0
2840,0.654707,1.130939,12.0,12.0,1528000.0
2841,-2.418499,-0.904795,12.0,12.0,1528000.0
2842,2.645551,0.337893,12.0,12.0,1528000.0
2843,-2.434529,-2.460339,12.0,12.0,1528000.0
2844,-2.807038,-0.485832,12.0,12.0,1528000.0
2845,1.430970,0.510656,12.0,12.0,1528000.0
2846,4.429570,0.047242,12.0,12.0,1528000.0
2847,-2.329414,-0.079196,12.0,12.0,1528000.0
2848,3.340649,0.501333,12.0,12.0,1528000.0
2849,-1.315342,-1.088662,12.0,12.0,1528000.0
2850,0.000000,0.000000,12.0,12.0,1528000.0
2851,-0.162926,0.100750,12.0,12.0,1528000.0
2852,2.132827,-0.265587,12.0,12.0,1528000.0
2853,-0.935543,2.592891,12.0,12.0,1528000.0
2854,0.956823,-0.335331,12.0,12.0,1528000.0
2855,-0.411739,-3.937165,12.0,12.0,1528000.0
2856,-0.658455,0.062597,12.0,12.0,1528000.0
2857,0.000000,0.000000,12.0,12.0,1528000.0
2858,3.350323,0.355481,12.0,12.0,1528000.0
2859,-2.643438,-0.300648,12.0,12.0,1528000.0
2860,-1.270926,-1.270926,12.0,12.0,1528000.0
2861,1.578409,-1.847379,12.0,12.0,1528000.0
2862,-0.107582,2.713202,12.0,12.0,1528000.0
2863,-1.394024,-0.158956,12.0,12.0,1528000.0
2864,0.252774,-1.319724,12.0,12.0,1528000.0
2865,-3.106135,-2.190383,12.0,12.0,1528000.0
2866,0.149019,0.149019,12.0,12.0,1528000.0
2867,1.056246,-1.222494,12.0,12.0,1528000.0
2868,-2.143958,-2.101314,12.0,12.0,1528000.0
2869,0.188836,1.539976,12.0,12.0,1528000.0
2870,-0.779893,-0.606345,12.0,12.0,1528000.0
2871,-1.527477,0.256849,12.0,12.0,1528000.0
2872,1.033912,1.033912,12.0,12.0,1528000.0
2873,0.647272,0.647272,12.0,12.0,1528000.0
2874,-1.418123,0.814779,12.0,12.0,1528000.0
2875,1.600061,3.436265,12.0,12.0,1528000.0
2876,-0.042520,-0.042520,12.0,12.0,1528000.0
2877,2.117272,2.117272,12.0,12.0,1528000.0
2878,2.737494,2.737494,12.0,12.0,1528000.0
2879,-0.139755,-0.139755,12.0,12.0,1528000.0
2880,0.000000,0.000000,12.0,12.0,1528000.0
2881,0.000000,0.000000,12.0,12.0,1528000.0
2882,0.000000,0.000000,12.0,12.0,1528000.0
2883,0.000000,0.000000,12.0,12.0,1528000.0
2884,0.000000,0.000000,12.0,12.0,1528000.0
2885,0.000000,0.000000,12.0,12.0,1528000.0
2886,0.000000,0.000000,12.0,12.0,1528000.0
2887,0.000000,0.000000,12.0,12.0,1528000.0
2888,0.000000,0.000000,12.0,12.0,1528000.0
2889,0.000000,0.000000,12.0,12.0,1528000.0
2890,0.000000,0.000000,12.0,12.0,1528000.0
2891,0.000000,0.000000,12.0,12.0,1528000.0
2892,0.000000,0.000000,12.0,12.0,1528000.0
2893,0.000000,0.000000,12.0,12.0,1528000.0
2894,0.000000,0.000000,12.0,12.0,1528000.0
2895,0.000000,0.000000,12.0,12.0,1528000.0
2896,0.000000,0.000000,12.0,12.0,1528000.0
2897,0.000000,0.000000,12.0,12.0,1528000.0
2898,0.000000,0.000000,12.0,12.0,1528000.0
2899,0.000000,0.000000,12.0,12.0,1528000.0
2900,0.000000,0.000000,12.0,12.0,1528000.0
2901,0.000000,0.000000,12.0,12.0,1528000.0
2902,0.000000,0.000000,12.0,12.0,1528000.0
2903,0.000000,0.000000,12.0,12.0,1528000.0
2904,0.000000,0.000000,12.0,12.0,1528000.0
2905,0.000000,0.000000,12.0,12.0,1528000.0
2906,0.000000,0.000000,12.0,12.0,1528000.0
2907,0.000000,0.000000,12.0,12.0,1528000.0
2908,0.000000,0.000000,12.0,12.0,1528000.0
2909,0.000000,0.000000,12.0,12.0,1528000.0
2910,0.000000,0.000000,12.0,12.0,1528000.0
2911,0.000000,0.000000,12.0,12.0,1528000.0
2912,0.000000,0.000000,12.0,12.0,1528000.0
2913,0.000000,0.000000,12.0,12.0,1528000.0
2914,0.000000,0.000000,12.0,12.0,1528000.0
2915,0.000000,0.000000,12.0,12.0,1528000.0
2916,0.000000,0.000000,12.0,12.0,1528000.0
2917,0.000000,0.000000,12.0,12.0,1528000.0
2918,0.000000,0.000000,12.0,12.0,1528000.0
2919,0.000000,0.000000,12.0,12.0,1528000.0
2920,0.000000,0.000000,12.0,12.0,1528000.0
2921,0.000000,0.000000,12.0,12.0,1528000.0
2922,0.000000,0.000000,12.0,12.0,1528000.0
2923,0.000000,0.000000,12.0,12.0,1528000.0
2924,0.000000,0.000000,12.0,12.0,1528000.0
2925,0.000000,0.000000,12.0,12.0,1528000.0
2926,0.000000,0.000000,12.0,12.0,1528000.0
2927,0.000000,0.000000,12.0,12.0,1528000.0
2928,0.000000,0.000000,12.0,12.0,1528000.0
2929,0.000000,0.000000,12.0,12.0,1528000.0
2930,0.000000,0.000000,12.0,12.0,1528000.0
2931,0.000000,0.000000,12.0,12.0,1528000.0
2932,0.000000,0.000000,12.0,12.0,1528000.0
2933,0.000000,0.000000,12.0,12.0,1528000.0
2934,0.000000,0.000000,12.0,12.0,1528000.0
2935,0.000000,0.000000,12.0,12.0,1528000.0
2936,0.000000,0.000000,12.0,12.0,1528000.0
2937,0.000000,0.000000,12.0,12.0,1528000.0
2938,0.000000,0.000000,12.0,12.0,1528000.0
2939,0.000000,0.000000,12.0,12.0,1528000.0
2940,0.000000,0.000000,12.0,12.0,1528000.0
2941,0.000000,0.000000,12.0,12.0,1528000.0
2942,0.000000,0.000000,12.0,12.0,1528000.0
2943,0.000000,0.000000,12.0,12.0,1528000.0
2944,0.000000,0.000000,12.0,12.0,1528000.0
2945,0.000000,0.000000,12.0,12.0,1528000.0
2946,0.000000,0.000000,12.0,12.0,1528000.0
2947,0.000000,0.000000,12.0,12.0,1528000.0
2948,0.000000,0.000000,12.0,12.0,1528000.0
2949,0.000000,0.000000,12.0,12.0,1528000.0
2950,0.000000,0.000000,12.0,12.0,1528000.0
2951,0.000000,0.000000,12.0,12.0,1528000.0
2952,0.000000,0.000000,12.0,12.0,1528000.0
2953,0.000000,0.000000,12.0,12.0,1528000.0
2954,0.000000,0.000000,12.0,12.0,1528000.0
2955,0.000000,0.000000,12.0,12.0,1528000.0
2956,0.000000,0.000000,12.0,12.0,1528000.0
2957,0.000000,0.000000,12.0,12.0,1528000.0
2958,0.000000,0.000000,12.0,12.0,1528000.0
2959,0.000000,0.000000,12.0,12.0,1528000.0
2960,0.000000,0.000000,12.0,12.0,1528000.0
2961,0.000000,0.000000,12.0,12.0,1528000.0
2962,0.000000,0.000000,12.0,12.0,1528000.0
2963,0.000000,0.000000,12.0,12.0,1528000.0
2964,0.000000,0.000000,12.0,12.0,1528000.0
2965,0.000000,0.000000,12.0,12.0,1528000.0
2966,0.000000,0.000000,12.0,12.0,1528000.0
2967,0.000000,0.000000,12.0,12.0,1528000.0
2968,0.000000,0.000000,12.0,12.0,1528000.0
2969,0.000000,0.000000,12.0,12.0,1528000.0
2970,0.000000,0.000000,12.0,12.0,1528000.0
2971,0.000000,0.000000,12.0,12.0,1528000.0
2972,0.000000,0.000000,12.0,12.0,1528000.0
2973,0.000000,0.000000,12.0,12.0,1528000.0
2974,0.000000,0.000000,12.0,12.0,1528000.0
2975,0.000000,0.000000,12.0,12.0,1528000.0
2976,0.000000,0.000000,12.0,12.0,1528000.0
2977,0.000000,0.000000,12.0,12.0,1528000.0
2978,0.000000,0.000000,12.0,12.0,1528000.0
2979,-0.890961,1.619583,12.0,12.0,1528000.0
2980,3.851367,1.912199,12.0,12.0,1528000.0
2981,0.375273,-4.899795,12.0,12.0,1528000.0
2982,-4.332256,-2.451796,12.0,12.0,1528000.0
2983,-1.685188,-0.109652,12.0,12.0,1528000.0
2984,0.789248,-0.433520,12.0,12.0,1528000.0
2985,-1.612562,1.492062,12.0,12.0,1528000.0
2986,1.316487,-1.354867,12.0,12.0,1528000.0
2987,-0.489089,-2.502183,12.0,12.0,1528000.0
2988,-1.573843,0.233753,12.0,12.0,1528000.0
2989,0.879616,0.556516,12.0,12.0,1528000.0
2990,0.606955,-0.046475,12.0,12.0,1528000.0
2991,0.894095,3.967085,12.0,12.0,1528000.0
2992,2.235243,-0.918589,12.0,12.0,1528000.0
2993,1.859486,0.275160,12.0,12.0,1528000.0
2994,-2.211525,-0.479721,12.0,12.0,1528000.0
2995,-0.909687,-0.623599,12.0,12.0,1528000.0
2996,0.534778,-0.573220,12.0,12.0,1528000.0
2997,-2.386805,0.237831,12.0,12.0,1528000.0
2998,0.568950,-1.441296,12.0,12.0,1528000.0
2999,1.526741,0.860755,12.0,12.0,1528000.0
3000,-2.205540,-1.131798,12.0,12.0,1528000.0
3001,3.175357,6.201565,12.0,12.0,1528000.0
3002,3.786728,2.776040,12.0,12.0,1528000.0
3003,-5.136098,-2.118230,12.0,12.0,1528000.0
3004,4.429519,2.828349,12.0,12.0,1528000.0
3005,0.000000,0.000000,12.0,12.0,1528000.0
3006,0.000000,0.000000,12.0,12.0,1528000.0
3007,0.527021,4.079593,12.0,12.0,1528000.0
3008,0.000000,0.000000,12.0,12.0,1528000.0
3009,-0.943141,1.603707,12.0,12.0,1528000.0
3010,0.000000,0.000000,12.0,12.0,1528000.0
3011,2.996173,-0.217839,12.0,12.0,1528000.0
3012,0.000000,0.000000,12.0,12.0,1528000.0
3013,2.647570,3.977804,12.0,12.0,1528000.0
3014,0.000000,0.000000,12.0,12.0,1528000.0
3015,-3.775244,-2.489060,12.0,12.0,1528000.0
3016,0.000000,0.000000,12.0,12.0,1528000.0
3017,0.725978,-0.357804,12.0,12.0,1528000.0
3018,3.921678,8.013312,12.0,12.0,1528000.0
3019,0.000000,0.000000,12.0,12.0,1528000.0
3020,5.061652,3.301686,12.0,12.0,1528000.0
3021,0.000000,0.000000,12.0,12.0,1528000.0
3022,1.054303,-0.162983,12.0,12.0,1528000.0
3023,0.000000,0.000000,12.0,12.0,1528000.0
3024,1.128204,2.694142,12.0,12.0,1528000.0
3025,0.000000,0.000000,12.0,12.0,1528000.0
3026,5.007362,3.344788,12.0,12.0,1528000.0
3027,-0.680590,1.820126,12.0,12.0,1528000.0
3028,1.951998,0.272632,12.0,12.0,1528000.0
3029,0.292962,-2.015780,12.0,12.0,1528000.0
3030,-0.184044,3.450134,12.0,12.0,1528000.0
3031,-0.063671,3.342845,12.0,12.0,1528000.0
3032,1.323111,2.139483,12.0,12.0,1528000.0
3033,-2.565080,-1.285996,12.0,12.0,1528000.0
3034,4.988256,1.935022,12.0,12.0,1528000.0
3035,0.000000,0.000000,12.0,12.0,1528000.0
3036,-2.245858,-0.940180,12.0,12.0,1528000.0
3037,0.000000,0.000000,12.0,12.0,1528000.0
3038,0.000000,0.000000,12.0,12.0,1528000.0
3039,2.834625,4.571063,12.0,12.0,1528000.0
3040,3.865448,1.124328,12.0,12.0,1528000.0
3041,0.936592,0.704184,12.0,12.0,1528000.0
3042,0.032105,2.249757,12.0,12.0,1528000.0
3043,0.000000,0.000000,12.0,12.0,1528000.0
3044,6.375189,3.527499,12.0,12.0,1528000.0
3045,0.495607,3.199445,12.0,12.0,1528000.0
3046,1.056731,-0.927657,12.0,12.0,1528000.0
3047,0.812976,0.812976,12.0,12.0,1528000.0
3048,-0.516344,0.597322,12.0,12.0,1528000.0
3049,1.275400,2.149164,12.0,12.0,1528000.0
3050,3.262031,0.180053,12.0,12.0,1528000.0
3051,0.641325,3.155469,12.0,12.0,1528000.0
3052,-0.315699,-3.904999,12.0,12.0,1528000.0
3053,-0.084018,-0.084018,12.0,12.0,1528000.0
3054,-1.637344,1.226290,12.0,12.0,1528000.0
3055,-0.486597,0.245385,12.0,12.0,1528000.0
3056,2.250718,0.823136,12.0,12.0,1528000.0
3057,1.781373,2.737371,12.0,12.0,1528000.0
3058,2.400451,2.400451,12.0,12.0,1528000.0
3059,1.893442,0.017898,12.0,12.0,1528000.0
3060,-1.347379,-1.379811,12.0,12.0,1528000.0
3061,5.070771,6.056779,12.0,12.0,1528000.0
3062,2.062912,2.269266,12.0,12.0,1528000.0
3063,1.942059,3.168471,12.0,12.0,1528000.0
3064,4.841697,4.841697,12.0,12.0,1528000.0
3065,1.825826,0.691074,12.0,12.0,1528000.0
3066,0.000000,0.000000,12.0,12.0,1528000.0
3067,0.000000,0.000000,12.0,12.0,1528000.0
3068,0.364622,-0.364622,12.0,12.0,1528000.0
3069,0.000000,0.000000,12.0,12.0,1528000.0
3070,0.000000,0.000000,12.0,12.0,1528000.0
3071,0.000000,0.000000,12.0,12.0,1528000.0
3072,0.000000,0.000000,12.0,12.0,1528000.0
3073,0.000000,0.000000,12.0,12.0,1528000.0
3074,0.000000,0.000000,12.0,12.0,1528000.0
3075,0.000000,0.000000,12.0,12.0,1528000.0
3076,0.000000,0.000000,12.0,12.0,1528000.0
3077,0.000000,0.000000,12.0,12.0,1528000.0
3078,0.000000,0.000000,12.0,12.0,1528000.0
3079,0.000000,0.000000,12.0,12.0,1528000.0
3080,0.000000,0.000000,12.0,12.0,1528000.0
3081,0.000000,0.000000,12.0,12.0,1528000.0
3082,0.000000,0.000000,12.0,12.0,1528000.0
3083,0.000000,0.000000,12.0,12.0,1528000.0
3084,0.000000,0.000000,12.0,12.0,1528000.0
3085,0.000000,0.000000,12.0,12.0,1528000.0
3086,0.000000,0.000000,12.0,12.0,1528000.0
3087,0.000000,0.000000,12.0,12.0,1528000.0
3088,0.000000,0.000000,12.0,12.0,1528000.0
3089,0.000000,0.000000,12.0,12.0,1528000.0
3090,0.000000,0.000000,12.0,12.0,1528000.0
3091,0.000000,0.000000,12.0,12.0,1528000.0
3092,0.000000,0.000000,12.0,12.0,1528000.0
3093,0.000000,0.000000,12.0,12.0,1528000.0
3094,0.000000,0.000000,12.0,12.0,1528000.0
3095,0.000000,0.000000,12.0,12.0,1528000.0
3096,0.000000,0.000000,12.0,12.0,1528000.0
3097,0.000000,0.000000,12.0,12.0,1528000.0
3098,0.000000,0.000000,12.0,12.0,1528000.0
3099,0.000000,0.000000,12.0,12.0,1528000.0
3100,0.000000,0.000000,12.0,12.0,1528000.0
3101,0.000000,0.000000,12.0,12.0,1528000.0
3102,0.000000,0.000000,12.0,12.0,1528000.0
3103,0.000000,0.000000,12.0,12.0,1528000.0
3104,0.000000,0.000000,12.0,12.0,1528000.0
3105,0.000000,0.000000,12.0,12.0,1528000.0
3106,0.000000,0.000000,12.0,12.0,1528000.0
3107,0.000000,0.000000,12.0,12.0,1528000.0
3108,0.000000,0.000000,12.0,12.0,1528000.0
3109,0.000000,0.000000,12.0,12.0,1528000.0
3110,0.000000,0.000000,12.0,12.0,1528000.0
3111,0.000000,0.000000,12.0,12.0,1528000.0
3112,0.000000,0.000000,12.0,12.0,1528000.0
3113,0.000000,0.000000,12.0,12.0,1528000.0
3114,0.000000,0.000000,12.0,12.0,1528000.0
3115,0.000000,0.000000,12.0,12.0,1528000.0
3116,0.000000,0.000000,12.0,12.0,1528000.0
3117,0.000000,0.000000,12.0,12.0,1528000.0
3118,0.000000,0.000000,12.0,12.0,1528000.0
3119,0.000000,0.000000,12.0,12.0,1528000.0
3120,0.000000,0.000000,12.0,12.0,1528000.0
3121,0.000000,0.000000,12.0,12.0,1528000.0
3122,0.000000,0.000000,12.0,12.0,1528000.0
3123,0.000000,0.000000,12.0,12.0,1528000.0
3124,0.000000,0.000000,12.0,12.0,1528000.0
3125,0.000000,0.000000,12.0,12.0,1528000.0
3126,0.000000,0.000000,12.0,12.0,1528000.0
3127,0.000000,0.000000,12.0,12.0,1528000.0
3128,0.000000,0.000000,12.0,12.0,1528000.0
3129,0.000000,0.000000,12.0,12.0,1528000.0
3130,0.000000,0.000000,12.0,12.0,1528000.0
3131,0.000000,0.000000,12.0,12.0,1528000.0
3132,0.000000,0.000000,12.0,12.0,1528000.0
3133,0.000000,0.000000,12.0,12.0,1528000.0
3134,0.000000,0.000000,12.0,12.0,1528000.0
3135,0.000000,0.000000,12.0,12.0,1528000.0
3136,0.000000,0.000000,12.0,12.0,1528000.0
3137,0.000000,0.000000,12.0,12.0,1528000.0
3138,0.000000,0.000000,12.0,12.0,1528000.0
3139,0.000000,0.000000,12.0,12.0,1528000.0
3140,0.000000,0.000000,12.0,12.0,1528000.0
3141,0.000000,0.000000,12.0,12.0,1528000.0
3142,0.000000,0.000000,12.0,12.0,1528000.0
3143,0.000000,0.000000,12.0,12.0,1528000.0
3144,0.000000,0.000000,12.0,12.0,1528000.0
3145,0.000000,0.000000,12.0,12.0,1528000.0
3146,0.000000,0.000000,12.0,12.0,1528000.0
3147,0.000000,0.000000,12.0,12.0,1528000.0
3148,0.000000,0.000000,12.0,12.0,1528000.0
3149,0.000000,0.000000,12.0,12.0,1528000.0
3150,0.000000,0.000000,12.0,12.0,1528000.0
3151,0.000000,0.000000,12.0,12.0,1528000.0
3152,0.000000,0.000000,12.0,12.0,1528000.0
3153,0.000000,0.000000,12.0,12.0,1528000.0
3154,0.000000,0.000000,12.0,12.0,1528000.0
3155,0.000000,0.000000,12.0,12.0,1528000.0
3156,0.000000,0.000000,12.0,12.0,1528000.0
3157,0.000000,0.000000,12.0,12.0,1528000.0
3158,0.000000,0.000000,12.0,12.0,1528000.0
3159,0.000000,0.000000,12.0,12.0,1528000.0
3160,0.000000,0.000000,12.0,12.0,1528000.0
3161,0.000000,0.000000,12.0,12.0,1528000.0
3162,0.000000,0.000000,12.0,12.0,1528000.0
3163,0.000000,0.000000,12.0,12.0,1528000.0
3164,0.000000,0.000000,12.0,12.0,1528000.0
3165,0.000000,0.000000,12.0,12.0,1528000.0
3166,0.000000,0.000000,12.0,12.0,1528000.0
3167,0.000000,0.000000,12.0,12.0,1528000.0
3168,0.000000,0.000000,12.0,12.0,1528000.0
3169,0.161101,1.264715,12.0,12.0,1528000.0
3170,2.620973,-1.017371,12.0,12.0,1528000.0
3171,-4.345370,-2.427784,12.0,12.0,1528000.0
3172,2.875918,-0.303408,12.0,12.0,1528000.0
3173,1.438020,-3.613560,12.0,12.0,1528000.0
3174,-3.849009,-2.204283,12.0,12.0,1528000.0
3175,-1.642445,-0.657603,12.0,12.0,1528000.0
3176,0.073417,-1.079755,12.0,12.0,1528000.0
3177,-1.956303,1.972199,12.0,12.0,1528000.0
3178,1.298310,-1.706920,12.0,12.0,1528000.0
3179,0.000000,0.000000,12.0,12.0,1528000.0
3180,-2.312385,-1.392643,12.0,12.0,1528000.0
3181,-2.882041,-3.612643,12.0,12.0,1528000.0
3182,-3.027013,-3.512855,12.0,12.0,1528000.0
3183,-1.893353,0.510901,12.0,12.0,1528000.0
3184,2.303841,-1.838435,12.0,12.0,1528000.0
3185,-1.320789,-3.944329,12.0,12.0,1528000.0
3186,-1.343480,-0.020256,12.0,12.0,1528000.0
3187,-2.746149,-2.764249,12.0,12.0,1528000.0
3188,0.737786,-0.103332,12.0,12.0,1528000.0
3189,-2.424871,-0.598349,12.0,12.0,1528000.0
3190,-0.678147,-3.172381,12.0,12.0,1528000.0
3191,-4.070886,-5.446316,12.0,12.0,1528000.0
3192,-4.162604,-2.967842,12.0,12.0,1528000.0
3193,0.876575,3.265021,12.0,12.0,1528000.0
3194,-0.586028,-1.783418,12.0,12.0,1528000.0
3195,-2.379566,0.901218,12.0,12.0,1528000.0
3196,1.209832,-0.641686,12.0,12.0,1528000.0
3197,-2.127005,-4.519155,12.0,12.0,1528000.0
3198,0.000000,0.000000,12.0,12.0,1528000.0
3199,-2.315663,-0.666253,12.0,12.0,1528000.0
3200,0.000000,0.000000,12.0,12.0,1528000.0
3201,-2.902882,-0.586040,12.0,12.0,1528000.0
3202,0.000000,0.000000,12.0,12.0,1528000.0
3203,1.804274,-2.493642,12.0,12.0,1528000.0
3204,0.000000,0.000000,12.0,12.0,1528000.0
3205,0.571296,1.134752,12.0,12.0,1528000.0
3206,0.000000,0.000000,12.0,12.0,1528000.0
3207,-2.978237,-1.544521,12.0,12.0,1528000.0
3208,0.000000,0.000000,12.0,12.0,1528000.0
3209,-1.578255,-3.181325,12.0,12.0,1528000.0
3210,-2.431549,1.212883,12.0,12.0,1528000.0
3211,-1.224213,0.263183,12.0,12.0,1528000.0
3212,0.240916,-2.242990,12.0,12.0,1528000.0
3213,-2.061334,-3.867866,12.0,12.0,1528000.0
3214,0.777982,-0.785298,12.0,12.0,1528000.0
3215,0.574040,-2.896492,12.0,12.0,1528000.0
3216,-5.032363,-3.805727,12.0,12.0,1528000.0
3217,-2.208194,-1.631366,12.0,12.0,1528000.0
3218,0.230058,-1.952216,12.0,12.0,1528000.0
3219,-2.284263,0.249433,12.0,12.0,1528000.0
3220,2.656822,0.441604,12.0,12.0,1528000.0
3221,-0.966296,-3.448338,12.0,12.0,1528000.0
3222,-0.858562,2.244566,12.0,12.0,1528000.0
3223,-2.277713,0.889441,12.0,12.0,1528000.0
3224,-1.147325,-1.282133,12.0,12.0,1528000.0
3225,-1.676663,-0.951599,12.0,12.0,1528000.0
3226,3.302420,0.445016,12.0,12.0,1528000.0
3227,-3.371713,-3.838369,12.0,12.0,1528000.0
3228,-2.313720,-0.657024,12.0,12.0,1528000.0
3229,0.906537,-0.641687,12.0,12.0,1528000.0
3230,3.908733,-0.836063,12.0,12.0,1528000.0
3231,-2.512998,-0.830824,12.0,12.0,1528000.0
3232,3.341586,0.087026,12.0,12.0,1528000.0
3233,-1.880953,-1.987871,12.0,12.0,1528000.0
3234,0.966551,2.997127,12.0,12.0,1528000.0
3235,0.044265,-0.537551,12.0,12.0,1528000.0
3236,0.000000,0.000000,12.0,12.0,1528000.0
3237,-0.964151,2.131969,12.0,12.0,1528000.0
3238,0.688843,-1.822511,12.0,12.0,1528000.0
3239,1.746364,-2.819240,12.0,12.0,1528000.0
3240,0.517256,0.767790,12.0,12.0,1528000.0
3241,0.537712,1.854230,12.0,12.0,1528000.0
3242,1.313089,-1.454449,12.0,12.0,1528000.0
3243,-3.766212,-1.556440,12.0,12.0,1528000.0
3244,-0.547272,-4.046736,12.0,12.0,1528000.0
3245,0.497849,-2.704937,12.0,12.0,1528000.0
3246,-0.483823,1.910061,12.0,12.0,1528000.0
3247,-1.538080,-0.603028,12.0,12.0,1528000.0
3248,-0.614685,-2.100119,12.0,12.0,1528000.0
3249,-1.851583,-0.337259,12.0,12.0,1528000.0
3250,1.599535,-1.234197,12.0,12.0,1528000.0
3251,1.325588,-0.771066,12.0,12.0,1528000.0
3252,-1.642329,-1.321105,12.0,12.0,1528000.0
3253,0.929457,1.815217,12.0,12.0,1528000.0
3254,-4.735234,-4.476158,12.0,12.0,1528000.0
3255,0.517308,2.061514,12.0,12.0,1528000.0
3256,0.043684,0.043684,12.0,12.0,1528000.0
3257,1.444818,-0.428564,12.0,12.0,1528000.0
3258,0.770288,2.223646,12.0,12.0,1528000.0
3259,2.658046,3.157226,12.0,12.0,1528000.0
3260,3.645169,1.787089,12.0,12.0,1528000.0
3261,-2.926702,-0.848908,12.0,12.0,1528000.0
3262,1.160265,1.160265,12.0,12.0,1528000.0
3263,-0.425873,-0.425873,12.0,12.0,1528000.0
3264,0.000000,0.000000,12.0,12.0,1528000.0
3265,2.765467,3.855661,12.0,12.0,1528000.0
3266,2.916447,-1.157971,12.0,12.0,1528000.0
3267,-6.106924,-4.043624,12.0,12.0,1528000.0
3268,1.091372,-2.181574,12.0,12.0,1528000.0
3269,-0.020085,-5.413801,12.0,12.0,1528000.0
3270,-2.566493,-0.251189,12.0,12.0,1528000.0
3271,-2.068417,-0.261189,12.0,12.0,1528000.0
3272,0.550886,-0.697044,12.0,12.0,1528000.0
3273,-0.726927,2.801089,12.0,12.0,1528000.0
3274,0.791178,-1.741340,12.0,12.0,1528000.0
3275,0.429828,-1.806012,12.0,12.0,1528000.0
3276,-1.767199,-0.489995,12.0,12.0,1528000.0
3277,-1.147117,-1.748911,12.0,12.0,1528000.0
3278,1.225584,0.365224,12.0,12.0,1528000.0
3279,-1.422067,1.088855,12.0,12.0,1528000.0
3280,4.097095,0.878765,12.0,12.0,1528000.0
3281,0.695319,-1.257831,12.0,12.0,1528000.0
3282,0.000000,0.000000,12.0,12.0,1528000.0
3283,-1.008908,-0.494874,12.0,12.0,1528000.0
3284,3.097507,1.937565,12.0,12.0,1528000.0
3285,-2.171135,0.412119,12.0,12.0,1528000.0
3286,0.187917,-1.709117,12.0,12.0,1528000.0
3287,0.098108,-1.815890,12.0,12.0,1528000.0
3288,-2.285242,-0.683118,12.0,12.0,1528000.0
3289,0.646974,3.238406,12.0,12.0,1528000.0
3290,2.216462,1.164076,12.0,12.0,1528000.0
3291,-2.585355,0.532131,12.0,12.0,1528000.0
3292,0.931422,-0.501644,12.0,12.0,1528000.0
3293,0.173571,-1.719133,12.0,12.0,1528000.0
3294,-1.006657,1.003243,12.0,12.0,1528000.0
3295,-0.947752,0.855798,12.0,12.0,1528000.0
3296,-0.958967,0.583837,12.0,12.0,1528000.0
3297,-0.977232,0.708902,12.0,12.0,1528000.0
3298,-1.475648,-2.703730,12.0,12.0,1528000.0
3299,-0.008539,-3.725253,12.0,12.0,1528000.0
3300,-2.698195,-0.603713,12.0,12.0,1528000.0
3301,-0.464377,0.503543,12.0,12.0,1528000.0
3302,1.055902,-1.384082,12.0,12.0,1528000.0
3303,-2.067326,-0.065306,12.0,12.0,1528000.0
3304,2.687494,0.576424,12.0,12.0,1528000.0
3305,0.440756,-1.258736,12.0,12.0,1528000.0
3306,-1.494853,1.392341,12.0,12.0,1528000.0
3307,-0.837202,2.301490,12.0,12.0,1528000.0
3308,0.841543,-1.852737,12.0,12.0,1528000.0
3309,1.133642,-1.196982,12.0,12.0,1528000.0
3310,0.843069,-0.491367,12.0,12.0,1528000.0
3311,1.932481,-2.109783,12.0,12.0,1528000.0
3312,-2.887531,-1.511877,12.0,12.0,1528000.0
3313,-1.253020,-0.301964,12.0,12.0,1528000.0
3314,2.077321,0.184393,12.0,12.0,1528000.0
3315,-1.353917,1.279641,12.0,12.0,1528000.0
3316,2.186390,0.083308,12.0,12.0,1528000.0
3317,-1.821450,-4.375554,12.0,12.0,1528000.0
3318,-1.655276,2.135588,12.0,12.0,1528000.0
3319,-0.595619,1.784841,12.0,12.0,1528000.0
3320,-0.201911,-0.129409,12.0,12.0,1528000.0
3321,-2.569415,-1.398559,12.0,12.0,1528000.0
3322,2.570668,-0.234138,12.0,12.0,1528000.0
3323,-2.614575,-2.818379,12.0,12.0,1528000.0
3324,-1.268404,-0.014104,12.0,12.0,1528000.0
3325,2.916971,1.432153,12.0,12.0,1528000.0
3326,2.737576,-1.267580,12.0,12.0,1528000.0
3327,0.000000,0.000000,12.0,12.0,1528000.0
3328,5.299555,2.191959,12.0,12.0,1528000.0
3329,-0.476920,-0.670706,12.0,12.0,1528000.0
3330,-0.850190,1.582624,12.0,12.0,1528000.0
3331,1.197814,0.924862,12.0,12.0,1528000.0
3332,2.575405,-0.382653,12.0,12.0,1528000.0
3333,-1.532206,1.373390,12.0,12.0,1528000.0
3334,2.004814,-0.586636,12.0,12.0,1528000.0
3335,1.390377,-3.227825,12.0,12.0,1528000.0
3336,-0.096977,0.545723,12.0,12.0,1528000.0
3337,1.362743,2.581943,12.0,12.0,1528000.0
3338,3.939292,0.203748,12.0,12.0,1528000.0
3339,-1.451123,0.356923,12.0,12.0,1528000.0
3340,2.850502,-0.959250,12.0,12.0,1528000.0
3341,3.305558,0.434472,12.0,12.0,1528000.0
3342,0.943847,2.938285,12.0,12.0,1528000.0
3343,0.209720,1.079364,12.0,12.0,1528000.0
3344,0.503073,-1.073975,12.0,12.0,1528000.0
3345,-1.545455,-0.537977,12.0,12.0,1528000.0
3346,1.459119,-1.250407,12.0,12.0,1528000.0
3347,-0.015052,-2.072250,12.0,12.0,1528000.0
3348,-0.883295,-0.974123,12.0,12.0,1528000.0
3349,1.704539,2.388167,12.0,12.0,1528000.0
3350,1.800083,1.318723,12.0,12.0,1528000.0
3351,-0.166621,0.686005,12.0,12.0,1528000.0
3352,3.351922,3.351922,12.0,12.0,1528000.0
3353,1.511597,-0.493069,12.0,12.0,1528000.0
3354,0.000000,0.000000,12.0,12.0,1528000.0
3355,0.000000,0.000000,12.0,12.0,1528000.0
3356,0.000000,0.000000,12.0,12.0,1528000.0
3357,-1.620440,-1.620440,12.0,12.0,1528000.0
3358,0.590739,0.590739,12.0,12.0,1528000.0
3359,-2.444853,-2.444853,12.0,12.0,1528000.0
3360,0.000000,0.000000,12.0,12.0,1528000.0
3361,0.000000,0.000000,12.0,12.0,1528000.0
3362,0.000000,0.000000,12.0,12.0,1528000.0
3363,0.000000,0.000000,12.0,12.0,1528000.0
3364,0.000000,0.000000,12.0,12.0,1528000.0
3365,0.000000,0.000000,12.0,12.0,1528000.0
3366,0.000000,0.000000,12.0,12.0,1528000.0
3367,0.000000,0.000000,12.0,12.0,1528000.0
3368,0.000000,0.000000,12.0,12.0,1528000.0
3369,0.000000,0.000000,12.0,12.0,1528000.0
3370,0.000000,0.000000,12.0,12.0,1528000.0
3371,0.000000,0.000000,12.0,12.0,1528000.0
3372,0.000000,0.000000,12.0,12.0,1528000.0
3373,0.000000,0.000000,12.0,12.0,1528000.0
3374,0.000000,0.000000,12.0,12.0,1528000.0
3375,0.000000,0.000000,12.0,12.0,1528000.0
3376,0.000000,0.000000,12.0,12.0,1528000.0
3377,0.000000,0.000000,12.0,12.0,1528000.0
3378,0.000000,0.000000,12.0,12.0,1528000.0
3379,0.000000,0.000000,12.0,12.0,1528000.0
3380,0.000000,0.000000,12.0,12.0,1528000.0
3381,0.000000,0.000000,12.0,12.0,1528000.0
3382,0.000000,0.000000,12.0,12.0,1528000.0
3383,0.000000,0.000000,12.0,12.0,1528000.0
3384,0.000000,0.000000,12.0,12.0,1528000.0
3385,0.000000,0.000000,12.0,12.0,1528000.0
3386,0.000000,0.000000,12.0,12.0,1528000.0
3387,0.000000,0.000000,12.0,12.0,1528000.0
3388,0.000000,0.000000,12.0,12.0,1528000.0
3389,0.000000,0.000000,12.0,12.0,1528000.0
3390,0.000000,0.000000,12.0,12.0,1528000.0
3391,0.000000,0.000000,12.0,12.0,1528000.0
3392,0.000000,0.000000,12.0,12.0,1528000.0
3393,0.000000,0.000000,12.0,12.0,1528000.0
3394,0.000000,0.000000,12.0,12.0,1528000.0
3395,0.000000,0.000000,12.0,12.0,1528000.0
3396,0.000000,0.000000,12.0,12.0,1528000.0
3397,0.000000,0.000000,12.0,12.0,1528000.0
3398,0.000000,0.000000,12.0,12.0,1528000.0
3399,0.000000,0.000000,12.0,12.0,1528000.0
3400,0.000000,0.000000,12.0,12.0,1528000.0
3401,0.000000,0.000000,12.0,12.0,1528000.0
3402,0.000000,0.000000,12.0,12.0,1528000.0
3403,0.000000,0.000000,12.0,12.0,1528000.0
3404,0.000000,0.000000,12.0,12.0,1528000.0
3405,0.000000,0.000000,12.0,12.0,1528000.0
3406,0.000000,0.000000,12.0,12.0,1528000.0
3407,0.000000,0.000000,12.0,12.0,1528000.0
3408,0.000000,0.000000,12.0,12.0,1528000.0
3409,0.000000,0.000000,12.0,12.0,1528000.0
3410,0.000000,0.000000,12.0,12.0,1528000.0
3411,0.000000,0.000000,12.0,12.0,1528000.0
3412,0.000000,0.000000,12.0,12.0,1528000.0
3413,0.000000,0.000000,12.0,12.0,1528000.0
3414,0.000000,0.000000,12.0,12.0,1528000.0
3415,0.000000,0.000000,12.0,12.0,1528000.0
3416,0.000000,0.000000,12.0,12.0,1528000.0
3417,0.000000,0.000000,12.0,12.0,1528000.0
3418,0.000000,0.000000,12.0,12.0,1528000.0
3419,0.000000,0.000000,12.0,12.0,1528000.0
3420,0.000000,0.000000,12.0,12.0,1528000.0
3421,0.000000,0.000000,12.0,12.0,1528000.0
3422,0.000000,0.000000,12.0,12.0,1528000.0
3423,0.000000,0.000000,12.0,12.0,1528000.0
3424,0.000000,0.000000,12.0,12.0,1528000.0
3425,0.000000,0.000000,12.0,12.0,1528000.0
3426,0.000000,0.000000,12.0,12.0,1528000.0
3427,0.000000,0.000000,12.0,12.0,1528000.0
3428,0.000000,0.000000,12.0,12.0,1528000.0
3429,0.000000,0.000000,12.0,12.0,1528000.0
3430,0.000000,0.000000,12.0,12.0,1528000.0
3431,0.000000,0.000000,12.0,12.0,1528000.0
3432,0.000000,0.000000,12.0,12.0,1528000.0
3433,0.000000,0.000000,12.0,12.0,1528000.0
3434,0.000000,0.000000,12.0,12.0,1528000.0
3435,0.000000,0.000000,12.0,12.0,1528000.0
3436,0.000000,0.000000,12.0,12.0,1528000.0
3437,0.000000,0.000000,12.0,12.0,1528000.0
3438,0.000000,0.000000,12.0,12.0,1528000.0
3439,0.000000,0.000000,12.0,12.0,1528000.0
3440,0.000000,0.000000,12.0,12.0,1528000.0
3441,0.000000,0.000000,12.0,12.0,1528000.0
3442,0.000000,0.000000,12.0,12.0,1528000.0
3443,0.000000,0.000000,12.0,12.0,1528000.0
3444,0.000000,0.000000,12.0,12.0,1528000.0
3445,0.000000,0.000000,12.0,12.0,1528000.0
3446,0.000000,0.000000,12.0,12.0,1528000.0
3447,0.000000,0.000000,12.0,12.0,1528000.0
3448,0.000000,0.000000,12.0,12.0,1528000.0
3449,0.000000,0.000000,12.0,12.0,1528000.0
3450,0.000000,0.000000,12.0,12.0,1528000.0
3451,0.000000,0.000000,12.0,12.0,1528000.0
3452,0.000000,0.000000,12.0,12.0,1528000.0
3453,0.000000,0.000000,12.0,12.0,1528000.0
3454,0.000000,0.000000,12.0,12.0,1528000.0
3455,0.000000,0.000000,12.0,12.0,1528000.0
3456,0.000000,0.000000,12.0,12.0,1528000.0
3457,-6.308880,-3.062162,12.0,12.0,1528000.0
3458,-2.508145,-2.508145,12.0,12.0,1528000.0
3459,-7.931189,-4.969541,12.0,12.0,1528000.0
3460,-0.396968,-2.954126,12.0,12.0,1528000.0
3461,0.234004,-3.586700,12.0,12.0,1528000.0
3462,-7.895043,-5.028621,12.0,12.0,1528000.0
3463,-5.023587,-3.110493,12.0,12.0,1528000.0
3464,-0.782030,-1.473074,12.0,12.0,1528000.0
3465,-4.146565,0.323391,12.0,12.0,1528000.0
3466,-0.816911,-2.841201,12.0,12.0,1528000.0
3467,-4.192826,-5.836582,12.0,12.0,1528000.0
3468,-4.944046,-3.254368,12.0,12.0,1528000.0
3469,-4.281966,-4.899540,12.0,12.0,1528000.0
3470,-2.149683,-3.031257,12.0,12.0,1528000.0
3471,-5.533795,-2.959937,12.0,12.0,1528000.0
3472,-0.195611,-3.367535,12.0,12.0,1528000.0
3473,-2.653333,-4.158141,12.0,12.0,1528000.0
3474,-2.671839,-0.234359,12.0,12.0,1528000.0
3475,-4.481246,-4.362144,12.0,12.0,1528000.0
3476,-3.702626,-3.737890,12.0,12.0,1528000.0
3477,-5.125311,-1.776271,12.0,12.0,1528000.0
3478,-1.801843,-3.539939,12.0,12.0,1528000.0
3479,-6.612088,-7.181414,12.0,12.0,1528000.0
3480,-4.385127,-2.809935,12.0,12.0,1528000.0
3481,-3.822214,-0.922196,12.0,12.0,1528000.0
3482,-0.074927,-0.356979,12.0,12.0,1528000.0
3483,-6.213642,-2.915396,12.0,12.0,1528000.0
3484,-1.420146,-2.601974,12.0,12.0,1528000.0
3485,-4.726049,-5.849951,12.0,12.0,1528000.0
3486,0.000000,0.000000,12.0,12.0,1528000.0
3487,-3.592135,-1.098825,12.0,12.0,1528000.0
3488,0.000000,0.000000,12.0,12.0,1528000.0
3489,-4.376979,-1.536043,12.0,12.0,1528000.0
3490,0.000000,0.000000,12.0,12.0,1528000.0
3491,-4.352519,-4.352519,12.0,12.0,1528000.0
3492,0.000000,0.000000,12.0,12.0,1528000.0
3493,-2.220306,-1.231696,12.0,12.0,1528000.0
3494,0.000000,0.000000,12.0,12.0,1528000.0
3495,-5.897477,-4.256891,12.0,12.0,1528000.0
3496,0.000000,0.000000,12.0,12.0,1528000.0
3497,-0.678938,-1.921968,12.0,12.0,1528000.0
3498,-5.595141,-1.560461,12.0,12.0,1528000.0
3499,-2.987123,-1.290107,12.0,12.0,1528000.0
3500,-1.817658,-2.794038,12.0,12.0,1528000.0
3501,-2.580048,-4.081300,12.0,12.0,1528000.0
3502,-2.150472,-2.720590,12.0,12.0,1528000.0
3503,-3.336719,-3.336719,12.0,12.0,1528000.0
3504,-5.663333,-3.341545,12.0,12.0,1528000.0
3505,-1.819342,-1.323022,12.0,12.0,1528000.0
3506,-1.312565,-1.312565,12.0,12.0,1528000.0
3507,-1.281388,1.463310,12.0,12.0,1528000.0
3508,-0.723671,-2.120265,12.0,12.0,1528000.0
3509,-4.933679,-4.933679,12.0,12.0,1528000.0
3510,0.000000,0.000000,12.0,12.0,1528000.0
3511,-3.486539,0.343603,12.0,12.0,1528000.0
3512,-4.563011,-4.171311,12.0,12.0,1528000.0
3513,-6.115148,-5.070610,12.0,12.0,1528000.0
3514,0.658044,-1.245510,12.0,12.0,1528000.0
3515,-3.814334,-3.800620,12.0,12.0,1528000.0
3516,-4.665959,-4.665959,12.0,12.0,1528000.0
3517,-1.499075,-1.499075,12.0,12.0,1528000.0
3518,0.000000,0.000000,12.0,12.0,1528000.0
3519,-2.529988,-2.529988,12.0,12.0,1528000.0
3520,-0.138949,-0.138949,12.0,12.0,1528000.0
3521,-5.130329,-5.130329,12.0,12.0,1528000.0
3522,-4.482233,-2.114797,12.0,12.0,1528000.0
3523,-1.302830,-1.302830,12.0,12.0,1528000.0
3524,-4.125835,-4.125835,12.0,12.0,1528000.0
3525,-2.828576,-2.828576,12.0,12.0,1528000.0
3526,-2.662884,-2.662884,12.0,12.0,1528000.0
3527,-0.458418,-0.458418,12.0,12.0,1528000.0
3528,-5.183183,-4.555779,12.0,12.0,1528000.0
3529,0.063417,0.063417,12.0,12.0,1528000.0
3530,-2.256377,-2.256377,12.0,12.0,1528000.0
3531,-4.043348,-4.043348,12.0,12.0,1528000.0
3532,-5.061246,-5.061246,12.0,12.0,1528000.0
3533,-0.557758,-0.557758,12.0,12.0,1528000.0
3534,0.631224,0.631224,12.0,12.0,1528000.0
3535,-2.317474,-2.317474,12.0,12.0,1528000.0
3536,-0.166624,-0.166624,12.0,12.0,1528000.0
3537,-1.832314,-1.832314,12.0,12.0,1528000.0
3538,-2.002930,-2.002930,12.0,12.0,1528000.0
3539,0.000000,0.000000,12.0,12.0,1528000.0
3540,-3.832471,-3.832471,12.0,12.0,1528000.0
3541,0.367066,0.367066,12.0,12.0,1528000.0
3542,-4.807795,-4.807795,12.0,12.0,1528000.0
3543,-0.840549,-0.840549,12.0,12.0,1528000.0
3544,0.535203,0.535203,12.0,12.0,1528000.0
3545,0.000000,0.000000,12.0,12.0,1528000.0
3546,-3.176157,-3.176157,12.0,12.0,1528000.0
3547,-2.000101,-2.000101,12.0,12.0,1528000.0
3548,0.000000,0.000000,12.0,12.0,1528000.0
3549,0.000000,0.000000,12.0,12.0,1528000.0
3550,0.000000,0.000000,12.0,12.0,1528000.0
3551,0.000000,0.000000,12.0,12.0,1528000.0
3552,0.000000,0.000000,12.0,12.0,1528000.0
3553,0.000000,0.000000,12.0,12.0,1528000.0
3554,0.000000,0.000000,12.0,12.0,1528000.0
3555,-4.651960,-1.831492,12.0,12.0,1528000.0
3556,2.216571,-0.401939,12.0,12.0,1528000.0
3557,1.014134,-3.912454,12.0,12.0,1528000.0
3558,-6.228332,-4.202596,12.0,12.0,1528000.0
3559,-3.843654,-1.243746,12.0,12.0,1528000.0
3560,-1.502925,-2.364395,12.0,12.0,1528000.0
3561,-4.748659,-0.855901,12.0,12.0,1528000.0
3562,-0.642663,-3.215587,12.0,12.0,1528000.0
3563,-2.032401,-3.966465,12.0,12.0,1528000.0
3564,-3.525134,-1.575316,12.0,12.0,1528000.0
3565,-4.417133,-4.429593,12.0,12.0,1528000.0
3566,-2.004976,-2.903316,12.0,12.0,1528000.0
3567,0.000000,0.000000,12.0,12.0,1528000.0
3568,-1.592667,-4.831171,12.0,12.0,1528000.0
3569,-1.839780,-3.322658,12.0,12.0,1528000.0
3570,-1.663806,-0.401784,12.0,12.0,1528000.0
3571,-3.562941,-3.071417,12.0,12.0,1528000.0
3572,0.289462,-0.539322,12.0,12.0,1528000.0
3573,-1.725773,0.417303,12.0,12.0,1528000.0
3574,-1.565088,-3.213042,12.0,12.0,1528000.0
3575,-3.282010,-3.540440,12.0,12.0,1528000.0
3576,-5.304711,-3.133225,12.0,12.0,1528000.0
3577,-2.128361,0.409559,12.0,12.0,1528000.0
3578,1.024548,0.297294,12.0,12.0,1528000.0
3579,-2.909786,0.526112,12.0,12.0,1528000.0
3580,-0.485353,-2.423873,12.0,12.0,1528000.0
3581,-1.569292,-3.356304,12.0,12.0,1528000.0
3582,-4.998504,-2.888620,12.0,12.0,1528000.0
3583,-5.796887,-3.888001,12.0,12.0,1528000.0
3584,-2.452759,-0.834357,12.0,12.0,1528000.0
3585,-4.026458,-1.742396,12.0,12.0,1528000.0
3586,-0.360712,-1.348232,12.0,12.0,1528000.0
3587,-1.002319,-4.709765,12.0,12.0,1528000.0
3588,-3.051181,-0.893863,12.0,12.0,1528000.0
3589,-0.732597,0.020399,12.0,12.0,1528000.0
3590,0.296089,-2.489813,12.0,12.0,1528000.0
3591,-2.044644,-0.235632,12.0,12.0,1528000.0
3592,0.690350,-1.358754,12.0,12.0,1528000.0
3593,-1.681589,-2.864681,12.0,12.0,1528000.0
3594,-1.109225,2.719365,12.0,12.0,1528000.0
3595,-4.299163,-2.027103,12.0,12.0,1528000.0
3596,-0.321830,-2.437488,12.0,12.0,1528000.0
3597,-0.218467,-2.130373,12.0,12.0,1528000.0
3598,0.000000,0.000000,12.0,12.0,1528000.0
3599,0.842649,-3.315119,12.0,12.0,1528000.0
3600,-3.484723,-1.946339,12.0,12.0,1528000.0
3601,-1.856675,-0.827171,12.0,12.0,1528000.0
3602,2.904931,1.176819,12.0,12.0,1528000.0
3603,-3.517952,-1.640816,12.0,12.0,1528000.0
3604,1.994555,0.236667,12.0,12.0,1528000.0
3605,-3.440324,-5.964712,12.0,12.0,1528000.0
3606,-4.371296,-1.073150,12.0,12.0,1528000.0
3607,-2.895419,0.227207,12.0,12.0,1528000.0
3608,-3.297043,-2.468033,12.0,12.0,1528000.0
3609,-1.978211,-1.307599,12.0,12.0,1528000.0
3610,1.351628,-1.093324,12.0,12.0,1528000.0
3611,-2.217331,-2.112181,12.0,12.0,1528000.0
3612,-2.280337,-0.689965,12.0,12.0,1528000.0
3613,-0.007063,-0.392945,12.0,12.0,1528000.0
3614,3.970548,-0.476082,12.0,12.0,1528000.0
3615,-3.066810,-1.341492,12.0,12.0,1528000.0
3616,2.540428,-0.129976,12.0,12.0,1528000.0
3617,-2.665291,-1.939223,12.0,12.0,1528000.0
3618,-3.121409,-0.540289,12.0,12.0,1528000.0
3619,-1.544494,-1.490104,12.0,12.0,1528000.0
3620,-2.030862,-4.496808,12.0,12.0,1528000.0
3621,-1.965583,1.107689,12.0,12.0,1528000.0
3622,-1.074096,-3.360198,12.0,12.0,1528000.0
3623,-0.693832,-0.693832,12.0,12.0,1528000.0
3624,-3.045261,-2.515705,12.0,12.0,1528000.0
3625,-3.133346,-1.541676,12.0,12.0,1528000.0
3626,2.872179,-0.638295,12.0,12.0,1528000.0
3627,-0.823408,1.122672,12.0,12.0,1528000.0
3628,-0.619572,-0.619572,12.0,12.0,1528000.0
3629,0.215140,0.215140,12.0,12.0,1528000.0
3630,2.831591,4.546351,12.0,12.0,1528000.0
3631,-1.584985,-0.165575,12.0,12.0,1528000.0
3632,0.276267,-1.295513,12.0,12.0,1528000.0
3633,-1.852650,-0.696728,12.0,12.0,1528000.0
3634,-1.969215,-3.980333,12.0,12.0,1528000.0
3635,-1.798016,-3.583128,12.0,12.0,1528000.0
3636,-2.018226,-2.008362,12.0,12.0,1528000.0
3637,0.632069,1.136893,12.0,12.0,1528000.0
3638,-2.348664,-2.381652,12.0,12.0,1528000.0
3639,-1.452123,-0.098283,12.0,12.0,1528000.0
3640,-1.522021,-1.522021,12.0,12.0,1528000.0
3641,0.000000,0.000000,12.0,12.0,1528000.0
3642,0.000000,0.000000,12.0,12.0,1528000.0
3643,-0.619661,0.619661,12.0,12.0,1528000.0
3644,0.000000,0.000000,12.0,12.0,1528000.0
3645,-0.780197,-0.780197,12.0,12.0,1528000.0
3646,0.000000,0.000000,12.0,12.0,1528000.0
3647,0.000000,0.000000,12.0,12.0,1528000.0
3648,0.900085,0.836101,12.0,12.0,1528000.0
3649,-0.738967,0.445751,12.0,12.0,1528000.0
3650,2.640691,-1.489631,12.0,12.0,1528000.0
3651,-5.339855,-2.994997,12.0,12.0,1528000.0
3652,3.131799,-0.589317,12.0,12.0,1528000.0
3653,2.852088,-3.089044,12.0,12.0,1528000.0
3654,-2.455322,-0.545174,12.0,12.0,1528000.0
3655,-1.757754,-0.898012,12.0,12.0,1528000.0
3656,0.000000,0.000000,12.0,12.0,1528000.0
3657,-1.946467,1.162989,12.0,12.0,1528000.0
3658,3.547959,0.171669,12.0,12.0,1528000.0
3659,-1.717657,-3.359485,12.0,12.0,1528000.0
3660,-2.392535,-1.030825,12.0,12.0,1528000.0
3661,-2.468307,-3.091721,12.0,12.0,1528000.0
3662,-1.598370,-2.350224,12.0,12.0,1528000.0
3663,-1.352636,0.670696,12.0,12.0,1528000.0
3664,1.862151,-2.082607,12.0,12.0,1528000.0
3665,0.481382,-1.220852,12.0,12.0,1528000.0
3666,-1.678446,-0.366716,12.0,12.0,1528000.0
3667,-1.184138,-1.267100,12.0,12.0,1528000.0
3668,2.269865,0.050893,12.0,12.0,1528000.0
3669,-1.480552,0.619438,12.0,12.0,1528000.0
3670,-2.795274,-4.864914,12.0,12.0,1528000.0
3671,-1.760940,-2.533396,12.0,12.0,1528000.0
3672,-4.143390,-2.442030,12.0,12.0,1528000.0
3673,-0.609008,1.973316,12.0,12.0,1528000.0
3674,0.000000,0.000000,12.0,12.0,1528000.0
3675,-3.419427,-0.458365,12.0,12.0,1528000.0
3676,3.152588,1.178480,12.0,12.0,1528000.0
3677,0.000000,0.000000,12.0,12.0,1528000.0
3678,0.000000,0.000000,12.0,12.0,1528000.0
3679,-1.367710,0.135286,12.0,12.0,1528000.0
3680,0.000000,0.000000,12.0,12.0,1528000.0
3681,0.000000,0.000000,12.0,12.0,1528000.0
3682,0.000000,0.000000,12.0,12.0,1528000.0
3683,-0.403744,-4.882428,12.0,12.0,1528000.0
3684,0.000000,0.000000,12.0,12.0,1528000.0
3685,2.484331,2.800431,12.0,12.0,1528000.0
3686,0.000000,0.000000,12.0,12.0,1528000.0
3687,-3.996023,-2.578073,12.0,12.0,1528000.0
3688,0.000000,0.000000,12.0,12.0,1528000.0
3689,0.998317,-0.430043,12.0,12.0,1528000.0
3690,0.065950,3.935206,12.0,12.0,1528000.0
3691,-1.175552,0.257802,12.0,12.0,1528000.0
3692,-0.194226,-2.418352,12.0,12.0,1528000.0
3693,0.323931,-2.346703,12.0,12.0,1528000.0
3694,2.357888,0.525298,12.0,12.0,1528000.0
3695,2.286823,-1.792839,12.0,12.0,1528000.0
3696,-2.039424,-1.194124,12.0,12.0,1528000.0
3697,-0.683931,-0.164989,12.0,12.0,1528000.0
3698,2.419987,-0.191695,12.0,12.0,1528000.0
3699,-1.178065,0.852355,12.0,12.0,1528000.0
3700,3.050346,1.199772,12.0,12.0,1528000.0
3701,-1.660261,-3.785351,12.0,12.0,1528000.0
3702,0.000000,0.000000,12.0,12.0,1528000.0
3703,-0.089294,2.464634,12.0,12.0,1528000.0
3704,-0.997356,-0.637008,12.0,12.0,1528000.0
3705,-0.551586,0.730632,12.0,12.0,1528000.0
3706,3.493914,0.640932,12.0,12.0,1528000.0
3707,-3.978198,-4.330820,12.0,12.0,1528000.0
3708,-1.525357,-0.192527,12.0,12.0,1528000.0
3709,-0.498484,-1.289338,12.0,12.0,1528000.0
3710,5.227301,0.042539,12.0,12.0,1528000.0
3711,-2.823728,-1.612276,12.0,12.0,1528000.0
3712,5.280392,2.054984,12.0,12.0,1528000.0
3713,-1.324397,-2.070039,12.0,12.0,1528000.0
3714,-1.696935,0.537749,12.0,12.0,1528000.0
3715,1.167628,0.722184,12.0,12.0,1528000.0
3716,0.543261,-2.331661,12.0,12.0,1528000.0
3717,0.103469,2.963329,12.0,12.0,1528000.0
3718,2.524841,-0.053975,12.0,12.0,1528000.0
3719,2.727162,-1.993734,12.0,12.0,1528000.0
3720,0.251209,0.721957,12.0,12.0,1528000.0
3721,0.239050,1.257338,12.0,12.0,1528000.0
3722,2.175221,-1.557851,12.0,12.0,1528000.0
3723,-0.847935,0.762381,12.0,12.0,1528000.0
3724,1.962491,-1.868153,12.0,12.0,1528000.0
3725,0.281917,-3.135819,12.0,12.0,1528000.0
3726,0.340911,2.838427,12.0,12.0,1528000.0
3727,-1.052350,-0.212358,12.0,12.0,1528000.0
3728,1.292897,-0.779833,12.0,12.0,1528000.0
3729,0.664810,1.505944,12.0,12.0,1528000.0
3730,2.513502,-0.453424,12.0,12.0,1528000.0
3731,-0.897513,-2.921155,12.0,12.0,1528000.0
3732,-1.184010,-1.358534,12.0,12.0,1528000.0
3733,0.000000,0.000000,12.0,12.0,1528000.0
3734,1.781266,2.022576,12.0,12.0,1528000.0
3735,3.432042,3.432042,12.0,12.0,1528000.0
3736,0.000000,0.000000,12.0,12.0,1528000.0
3737,1.404209,1.404209,12.0,12.0,1528000.0
3738,-0.484475,-0.484475,12.0,12.0,1528000.0
3739,2.889203,3.607069,12.0,12.0,1528000.0
3740,0.000000,0.000000,12.0,12.0,1528000.0
3741,0.000000,0.000000,12.0,12.0,1528000.0
3742,0.000000,0.000000,12.0,12.0,1528000.0
3743,0.000000,0.000000,12.0,12.0,1528000.0
3744,0.000000,0.000000,12.0,12.0,1528000.0
3745,-0.905695,0.905695,12.0,12.0,1528000.0
3746,2.069786,-2.069786,12.0,12.0,1528000.0
3747,-0.786517,0.786517,12.0,12.0,1528000.0
3748,1.591773,-1.591773,12.0,12.0,1528000.0
3749,7.358170,1.305178,12.0,12.0,1528000.0
3750,-1.339618,1.339618,12.0,12.0,1528000.0
3751,1.100181,2.847891,12.0,12.0,1528000.0
3752,5.026493,3.616965,12.0,12.0,1528000.0
3753,-1.311011,1.311011,12.0,12.0,1528000.0
3754,1.543029,-1.543029,12.0,12.0,1528000.0
3755,3.170908,1.154574,12.0,12.0,1528000.0
3756,3.219824,3.944272,12.0,12.0,1528000.0
3757,0.276646,-0.276646,12.0,12.0,1528000.0
3758,1.877626,0.983872,12.0,12.0,1528000.0
3759,0.000000,0.000000,12.0,12.0,1528000.0
3760,1.878965,-1.878965,12.0,12.0,1528000.0
3761,1.165984,-0.467670,12.0,12.0,1528000.0
3762,2.369979,3.800295,12.0,12.0,1528000.0
3763,3.586309,3.315291,12.0,12.0,1528000.0
3764,6.381054,4.822410,12.0,12.0,1528000.0
3765,5.407221,7.318091,12.0,12.0,1528000.0
3766,1.205847,-1.205847,12.0,12.0,1528000.0
3767,0.697564,0.072412,12.0,12.0,1528000.0
3768,4.544081,6.076361,12.0,12.0,1528000.0
3769,-1.563906,1.563906,12.0,12.0,1528000.0
3770,8.035157,6.726943,12.0,12.0,1528000.0
3771,-1.424856,1.424856,12.0,12.0,1528000.0
3772,0.870479,-0.870479,12.0,12.0,1528000.0
3773,0.000000,0.000000,12.0,12.0,1528000.0
3774,-0.862052,0.862052,12.0,12.0,1528000.0
3775,-0.828465,0.828465,12.0,12.0,1528000.0
3776,-0.486139,0.486139,12.0,12.0,1528000.0
3777,-0.568517,0.568517,12.0,12.0,1528000.0
3778,1.170597,-1.170597,12.0,12.0,1528000.0
3779,1.833479,-1.833479,12.0,12.0,1528000.0
3780,0.000000,0.000000,12.0,12.0,1528000.0
3781,-0.261426,0.261426,12.0,12.0,1528000.0
3782,1.629170,-1.629170,12.0,12.0,1528000.0
3783,-0.366918,0.366918,12.0,12.0,1528000.0
3784,1.296182,-1.296182,12.0,12.0,1528000.0
3785,0.771341,-0.771341,12.0,12.0,1528000.0
3786,0.000000,0.000000,12.0,12.0,1528000.0
3787,-0.543171,0.543171,12.0,12.0,1528000.0
3788,0.000000,0.000000,12.0,12.0,1528000.0
3789,0.000000,0.000000,12.0,12.0,1528000.0
3790,0.000000,0.000000,12.0,12.0,1528000.0
3791,8.904919,5.433711,12.0,12.0,1528000.0
3792,-0.243435,0.243435,12.0,12.0,1528000.0
3793,-0.212596,0.212596,12.0,12.0,1528000.0
3794,0.000000,0.000000,12.0,12.0,1528000.0
3795,0.000000,0.000000,12.0,12.0,1528000.0
3796,1.256927,-1.256927,12.0,12.0,1528000.0
3797,0.000000,0.000000,12.0,12.0,1528000.0
3798,0.000000,0.000000,12.0,12.0,1528000.0
3799,0.000000,0.000000,12.0,12.0,1528000.0
3800,0.000000,0.000000,12.0,12.0,1528000.0
3801,-0.094732,0.094732,12.0,12.0,1528000.0
3802,1.653911,-1.653911,12.0,12.0,1528000.0
3803,0.000000,0.000000,12.0,12.0,1528000.0
3804,-0.937055,0.937055,12.0,12.0,1528000.0
3805,0.516434,-0.516434,12.0,12.0,1528000.0
3806,0.000000,0.000000,12.0,12.0,1528000.0
3807,0.000000,0.000000,12.0,12.0,1528000.0
3808,0.000000,0.000000,12.0,12.0,1528000.0
3809,0.036284,-0.036284,12.0,12.0,1528000.0
3810,0.000000,0.000000,12.0,12.0,1528000.0
3811,0.000000,0.000000,12.0,12.0,1528000.0
3812,0.000000,0.000000,12.0,12.0,1528000.0
3813,0.000000,0.000000,12.0,12.0,1528000.0
3814,0.000000,0.000000,12.0,12.0,1528000.0
3815,0.000000,0.000000,12.0,12.0,1528000.0
3816,0.000000,0.000000,12.0,12.0,1528000.0
3817,0.000000,0.000000,12.0,12.0,1528000.0
3818,0.000000,0.000000,12.0,12.0,1528000.0
3819,0.000000,0.000000,12.0,12.0,1528000.0
3820,0.000000,0.000000,12.0,12.0,1528000.0
3821,0.000000,0.000000,12.0,12.0,1528000.0
3822,0.000000,0.000000,12.0,12.0,1528000.0
3823,0.000000,0.000000,12.0,12.0,1528000.0
3824,0.000000,0.000000,12.0,12.0,1528000.0
3825,0.000000,0.000000,12.0,12.0,1528000.0
3826,0.000000,0.000000,12.0,12.0,1528000.0
3827,0.000000,0.000000,12.0,12.0,1528000.0
3828,0.000000,0.000000,12.0,12.0,1528000.0
3829,0.000000,0.000000,12.0,12.0,1528000.0
3830,0.000000,0.000000,12.0,12.0,1528000.0
3831,0.000000,0.000000,12.0,12.0,1528000.0
3832,0.000000,0.000000,12.0,12.0,1528000.0
3833,0.000000,0.000000,12.0,12.0,1528000.0
3834,0.000000,0.000000,12.0,12.0,1528000.0
3835,0.000000,0.000000,12.0,12.0,1528000.0
3836,0.000000,0.000000,12.0,12.0,1528000.0
3837,0.000000,0.000000,12.0,12.0,1528000.0
3838,0.000000,0.000000,12.0,12.0,1528000.0
3839,0.000000,0.000000,12.0,12.0,1528000.0
3840,0.000000,0.000000,12.0,12.0,1528000.0
3841,-0.759480,1.139776,12.0,12.0,1528000.0
3842,0.347009,-3.080137,12.0,12.0,1528000.0
3843,-3.782181,-1.852649,12.0,12.0,1528000.0
3844,0.710035,-2.389689,12.0,12.0,1528000.0
3845,0.729004,-4.155462,12.0,12.0,1528000.0
3846,-3.226034,-0.985270,12.0,12.0,1528000.0
3847,-1.420120,-0.438926,12.0,12.0,1528000.0
3848,-0.027539,-1.461323,12.0,12.0,1528000.0
3849,-0.626359,2.993879,12.0,12.0,1528000.0
3850,2.718223,0.248589,12.0,12.0,1528000.0
3851,-0.682572,-2.378294,12.0,12.0,1528000.0
3852,-1.990484,-0.186210,12.0,12.0,1528000.0
3853,0.530077,-0.261289,12.0,12.0,1528000.0
3854,1.720431,1.125665,12.0,12.0,1528000.0
3855,0.000000,0.000000,12.0,12.0,1528000.0
3856,5.128100,1.494998,12.0,12.0,1528000.0
3857,0.000000,0.000000,12.0,12.0,1528000.0
3858,1.793764,2.871164,12.0,12.0,1528000.0
3859,-1.122213,-0.717847,12.0,12.0,1528000.0
3860,2.313325,1.379025,12.0,12.0,1528000.0
3861,-0.526412,2.117950,12.0,12.0,1528000.0
3862,1.254368,-0.545082,12.0,12.0,1528000.0
3863,-1.439936,-2.121444,12.0,12.0,1528000.0
3864,-2.946769,-1.748363,12.0,12.0,1528000.0
3865,1.838465,3.846047,12.0,12.0,1528000.0
3866,-1.279566,-2.064168,12.0,12.0,1528000.0
3867,-5.233987,-2.104547,12.0,12.0,1528000.0
3868,-0.602239,-2.480141,12.0,12.0,1528000.0
3869,-0.601003,-2.809901,12.0,12.0,1528000.0
3870,-1.000534,1.539188,12.0,12.0,1528000.0
3871,1.823309,3.838919,12.0,12.0,1528000.0
3872,0.000000,0.000000,12.0,12.0,1528000.0
3873,-0.036358,1.728618,12.0,12.0,1528000.0
3874,0.000000,0.000000,12.0,12.0,1528000.0
3875,0.530949,-3.337519,12.0,12.0,1528000.0
3876,0.000000,0.000000,12.0,12.0,1528000.0
3877,3.310375,4.303113,12.0,12.0,1528000.0
3878,0.000000,0.000000,12.0,12.0,1528000.0
3879,0.000000,0.000000,12.0,12.0,1528000.0
3880,3.403692,1.211500,12.0,12.0,1528000.0
3881,1.937075,0.932027,12.0,12.0,1528000.0
3882,-2.130201,2.176091,12.0,12.0,1528000.0
3883,-1.099745,1.014033,12.0,12.0,1528000.0
3884,-0.010432,-1.909162,12.0,12.0,1528000.0
3885,-0.335989,-2.216319,12.0,12.0,1528000.0
3886,1.275309,0.317645,12.0,12.0,1528000.0
3887,0.000000,0.000000,12.0,12.0,1528000.0
3888,-1.646155,-0.177853,12.0,12.0,1528000.0
3889,0.136437,0.709841,12.0,12.0,1528000.0
3890,3.766364,1.843148,12.0,12.0,1528000.0
3891,-1.574256,0.436790,12.0,12.0,1528000.0
3892,1.748784,0.467192,12.0,12.0,1528000.0
3893,-1.610254,-4.089232,12.0,12.0,1528000.0
3894,-1.968582,1.123006,12.0,12.0,1528000.0
3895,0.572108,3.562710,12.0,12.0,1528000.0
3896,-0.294759,0.142891,12.0,12.0,1528000.0
3897,-2.282502,-1.087732,12.0,12.0,1528000.0
3898,0.697692,-1.844524,12.0,12.0,1528000.0
3899,-4.303911,-4.538123,12.0,12.0,1528000.0
3900,-2.172863,-0.497735,12.0,12.0,1528000.0
3901,-0.466518,-1.693200,12.0,12.0,1528000.0
3902,2.905123,-1.473605,12.0,12.0,1528000.0
3903,-3.004692,-1.311128,12.0,12.0,1528000.0
3904,4.015816,1.261174,12.0,12.0,1528000.0
3905,0.000000,0.000000,12.0,12.0,1528000.0
3906,-0.700079,1.822737,12.0,12.0,1528000.0
3907,-0.010294,-0.025804,12.0,12.0,1528000.0
3908,0.339784,-2.523064,12.0,12.0,1528000.0
3909,-3.325413,-0.765105,12.0,12.0,1528000.0
3910,2.099074,-0.481166,12.0,12.0,1528000.0
3911,0.742296,0.742296,12.0,12.0,1528000.0
3912,-0.012609,0.707713,12.0,12.0,1528000.0
3913,4.286840,5.012768,12.0,12.0,1528000.0
3914,0.000000,0.000000,12.0,12.0,1528000.0
3915,-0.805824,1.280952,12.0,12.0,1528000.0
3916,-1.362105,-4.449925,12.0,12.0,1528000.0
3917,3.534888,0.533456,12.0,12.0,1528000.0
3918,-1.432676,1.264470,12.0,12.0,1528000.0
3919,-3.474228,-2.218650,12.0,12.0,1528000.0
3920,-0.879619,-2.295897,12.0,12.0,1528000.0
3921,-0.551259,0.434417,12.0,12.0,1528000.0
3922,1.507877,1.507877,12.0,12.0,1528000.0
3923,-1.120816,-2.776222,12.0,12.0,1528000.0
3924,0.198867,0.383281,12.0,12.0,1528000.0
3925,1.075463,1.622309,12.0,12.0,1528000.0
3926,0.428486,0.125688,12.0,12.0,1528000.0
3927,-0.134936,1.363882,12.0,12.0,1528000.0
3928,0.258593,0.258593,12.0,12.0,1528000.0
3929,0.175049,-1.556197,12.0,12.0,1528000.0
3930,-0.829657,-0.829657,12.0,12.0,1528000.0
3931,0.000000,0.000000,12.0,12.0,1528000.0
3932,-2.253686,-2.253686,12.0,12.0,1528000.0
3933,0.000000,0.000000,12.0,12.0,1528000.0
3934,0.000000,0.000000,12.0,12.0,1528000.0
3935,0.000000,0.000000,12.0,12.0,1528000.0
3936,0.000000,0.000000,12.0,12.0,1528000.0
3937,0.000000,0.000000,12.0,12.0,1528000.0
3938,0.000000,0.000000,12.0,12.0,1528000.0
3939,0.000000,0.000000,12.0,12.0,1528000.0
3940,0.000000,0.000000,12.0,12.0,1528000.0
3941,0.000000,0.000000,12.0,12.0,1528000.0
3942,0.000000,0.000000,12.0,12.0,1528000.0
3943,0.000000,0.000000,12.0,12.0,1528000.0
3944,0.000000,0.000000,12.0,12.0,1528000.0
3945,0.000000,0.000000,12.0,12.0,1528000.0
3946,0.000000,0.000000,12.0,12.0,1528000.0
3947,0.000000,0.000000,12.0,12.0,1528000.0
3948,0.000000,0.000000,12.0,12.0,1528000.0
3949,0.000000,0.000000,12.0,12.0,1528000.0
3950,0.000000,0.000000,12.0,12.0,1528000.0
3951,0.000000,0.000000,12.0,12.0,1528000.0
3952,0.000000,0.000000,12.0,12.0,1528000.0
3953,0.000000,0.000000,12.0,12.0,1528000.0
3954,0.000000,0.000000,12.0,12.0,1528000.0
3955,0.000000,0.000000,12.0,12.0,1528000.0
3956,0.000000,0.000000,12.0,12.0,1528000.0
3957,0.000000,0.000000,12.0,12.0,1528000.0
3958,0.000000,0.000000,12.0,12.0,1528000.0
3959,0.000000,0.000000,12.0,12.0,1528000.0
3960,0.000000,0.000000,12.0,12.0,1528000.0
3961,0.000000,0.000000,12.0,12.0,1528000.0
3962,0.000000,0.000000,12.0,12.0,1528000.0
3963,0.000000,0.000000,12.0,12.0,1528000.0
3964,0.000000,0.000000,12.0,12.0,1528000.0
3965,0.000000,0.000000,12.0,12.0,1528000.0
3966,0.000000,0.000000,12.0,12.0,1528000.0
3967,0.000000,0.000000,12.0,12.0,1528000.0
3968,0.000000,0.000000,12.0,12.0,1528000.0
3969,0.000000,0.000000,12.0,12.0,1528000.0
3970,0.000000,0.000000,12.0,12.0,1528000.0
3971,0.000000,0.000000,12.0,12.0,1528000.0
3972,0.000000,0.000000,12.0,12.0,1528000.0
3973,0.000000,0.000000,12.0,12.0,1528000.0
3974,0.000000,0.000000,12.0,12.0,1528000.0
3975,0.000000,0.000000,12.0,12.0,1528000.0
3976,0.000000,0.000000,12.0,12.0,1528000.0
3977,0.000000,0.000000,12.0,12.0,1528000.0
3978,0.000000,0.000000,12.0,12.0,1528000.0
3979,0.000000,0.000000,12.0,12.0,1528000.0
3980,0.000000,0.000000,12.0,12.0,1528000.0
3981,0.000000,0.000000,12.0,12.0,1528000.0
3982,0.000000,0.000000,12.0,12.0,1528000.0
3983,0.000000,0.000000,12.0,12.0,1528000.0
3984,0.000000,0.000000,12.0,12.0,1528000.0
3985,0.000000,0.000000,12.0,12.0,1528000.0
3986,0.000000,0.000000,12.0,12.0,1528000.0
3987,0.000000,0.000000,12.0,12.0,1528000.0
3988,0.000000,0.000000,12.0,12.0,1528000.0
3989,0.000000,0.000000,12.0,12.0,1528000.0
3990,0.000000,0.000000,12.0,12.0,1528000.0
3991,0.000000,0.000000,12.0,12.0,1528000.0
3992,0.000000,0.000000,12.0,12.0,1528000.0
3993,0.000000,0.000000,12.0,12.0,1528000.0
3994,0.000000,0.000000,12.0,12.0,1528000.0
3995,0.000000,0.000000,12.0,12.0,1528000.0
3996,0.000000,0.000000,12.0,12.0,1528000.0
3997,0.000000,0.000000,12.0,12.0,1528000.0
3998,0.000000,0.000000,12.0,12.0,1528000.0
3999,0.000000,0.000000,12.0,12.0,1528000.0
4000,0.000000,0.000000,12.0,12.0,1528000.0
4001,0.000000,0.000000,12.0,12.0,1528000.0
4002,0.000000,0.000000,12.0,12.0,1528000.0
4003,0.000000,0.000000,12.0,12.0,1528000.0
4004,0.000000,0.000000,12.0,12.0,1528000.0
4005,0.000000,0.000000,12.0,12.0,1528000.0
4006,0.000000,0.000000,12.0,12.0,1528000.0
4007,0.000000,0.000000,12.0,12.0,1528000.0
4008,0.000000,0.000000,12.0,12.0,1528000.0
4009,0.000000,0.000000,12.0,12.0,1528000.0
4010,0.000000,0.000000,12.0,12.0,1528000.0
4011,0.000000,0.000000,12.0,12.0,1528000.0
4012,0.000000,0.000000,12.0,12.0,1528000.0
4013,0.000000,0.000000,12.0,12.0,1528000.0
4014,0.000000,0.000000,12.0,12.0,1528000.0
4015,0.000000,0.000000,12.0,12.0,1528000.0
4016,0.000000,0.000000,12.0,12.0,1528000.0
4017,0.000000,0.000000,12.0,12.0,1528000.0
4018,0.000000,0.000000,12.0,12.0,1528000.0
4019,0.000000,0.000000,12.0,12.0,1528000.0
4020,0.000000,0.000000,12.0,12.0,1528000.0
4021,0.000000,0.000000,12.0,12.0,1528000.0
4022,0.000000,0.000000,12.0,12.0,1528000.0
4023,0.000000,0.000000,12.0,12.0,1528000.0
4024,0.000000,0.000000,12.0,12.0,1528000.0
4025,0.000000,0.000000,12.0,12.0,1528000.0
4026,0.000000,0.000000,12.0,12.0,1528000.0
4027,0.000000,0.000000,12.0,12.0,1528000.0
4028,0.000000,0.000000,12.0,12.0,1528000.0
4029,0.000000,0.000000,12.0,12.0,1528000.0
4030,0.000000,0.000000,12.0,12.0,1528000.0
4031,0.000000,0.000000,12.0,12.0,1528000.0
4032,0.000000,0.000000,12.0,12.0,1528000.0
4033,3.317164,4.590122,12.0,12.0,1528000.0
4034,0.000000,0.000000,12.0,12.0,1528000.0
4035,-1.920379,0.691219,12.0,12.0,1528000.0
4036,0.000000,0.000000,12.0,12.0,1528000.0
4037,3.257944,-1.498792,12.0,12.0,1528000.0
4038,0.166327,3.160563,12.0,12.0,1528000.0
4039,1.572418,3.071764,12.0,12.0,1528000.0
4040,4.186517,2.939159,12.0,12.0,1528000.0
4041,-0.028619,3.452527,12.0,12.0,1528000.0
4042,1.890241,0.337349,12.0,12.0,1528000.0
4043,2.270113,-0.334529,12.0,12.0,1528000.0
4044,-0.918745,0.249499,12.0,12.0,1528000.0
4045,2.457273,1.348655,12.0,12.0,1528000.0
4046,3.335157,2.319817,12.0,12.0,1528000.0
4047,2.670427,4.582547,12.0,12.0,1528000.0
4048,5.972505,1.872475,12.0,12.0,1528000.0
4049,2.001091,0.782893,12.0,12.0,1528000.0
4050,0.985233,2.278111,12.0,12.0,1528000.0
4051,3.922482,3.663092,12.0,12.0,1528000.0
4052,5.253309,4.481031,12.0,12.0,1528000.0
4053,1.781527,4.286057,12.0,12.0,1528000.0
4054,3.993577,1.638941,12.0,12.0,1528000.0
4055,2.093397,0.878413,12.0,12.0,1528000.0
4056,-0.417397,0.487413,12.0,12.0,1528000.0
4057,2.140109,4.674347,12.0,12.0,1528000.0
4058,0.000000,0.000000,12.0,12.0,1528000.0
4059,-0.839038,2.318546,12.0,12.0,1528000.0
4060,0.000000,0.000000,12.0,12.0,1528000.0
4061,3.714463,1.972475,12.0,12.0,1528000.0
4062,0.000000,0.000000,12.0,12.0,1528000.0
4063,-1.986589,0.122889,12.0,12.0,1528000.0
4064,0.000000,0.000000,12.0,12.0,1528000.0
4065,1.592611,3.743435,12.0,12.0,1528000.0
4066,0.000000,0.000000,12.0,12.0,1528000.0
4067,4.857431,1.205677,12.0,12.0,1528000.0
4068,0.000000,0.000000,12.0,12.0,1528000.0
4069,2.597032,3.631954,12.0,12.0,1528000.0
4070,0.000000,0.000000,12.0,12.0,1528000.0
4071,0.000000,0.000000,12.0,12.0,1528000.0
4072,0.000000,0.000000,12.0,12.0,1528000.0
4073,2.679594,1.954652,12.0,12.0,1528000.0
4074,0.864437,4.698939,12.0,12.0,1528000.0
4075,0.734911,2.882469,12.0,12.0,1528000.0
4076,3.757905,1.626801,12.0,12.0,1528000.0
4077,2.577678,0.461940,12.0,12.0,1528000.0
4078,4.051810,2.655070,12.0,12.0,1528000.0
4079,5.276138,1.076940,12.0,12.0,1528000.0
4080,-0.178077,2.051727,12.0,12.0,1528000.0
4081,0.808524,0.852426,12.0,12.0,1528000.0
4082,3.923729,2.084423,12.0,12.0,1528000.0
4083,-0.332928,1.570418,12.0,12.0,1528000.0
4084,5.372251,3.590391,12.0,12.0,1528000.0
4085,1.443457,-1.094069,12.0,12.0,1528000.0
4086,1.614994,4.418112,12.0,12.0,1528000.0
4087,0.453433,3.236509,12.0,12.0,1528000.0
4088,1.239415,2.203879,12.0,12.0,1528000.0
4089,-0.549169,0.424959,12.0,12.0,1528000.0
4090,3.990706,1.380888,12.0,12.0,1528000.0
4091,-1.439784,-1.858104,12.0,12.0,1528000.0
4092,1.791149,3.832455,12.0,12.0,1528000.0
4093,2.890753,2.030507,12.0,12.0,1528000.0
4094,6.251041,2.400705,12.0,12.0,1528000.0
4095,-0.827660,1.326042,12.0,12.0,1528000.0
4096,5.154523,2.043221,12.0,12.0,1528000.0
4097,0.000000,0.000000,12.0,12.0,1528000.0
4098,2.735492,4.629678,12.0,12.0,1528000.0
4099,2.586444,2.341442,12.0,12.0,1528000.0
4100,5.162602,2.881672,12.0,12.0,1528000.0
4101,1.629203,4.360683,12.0,12.0,1528000.0
4102,3.612911,1.334765,12.0,12.0,1528000.0
4103,2.078551,2.078551,12.0,12.0,1528000.0
4104,1.770486,2.059534,12.0,12.0,1528000.0
4105,3.293264,3.940160,12.0,12.0,1528000.0
4106,5.168716,1.390024,12.0,12.0,1528000.0
4107,0.722339,2.760093,12.0,12.0,1528000.0
4108,1.608571,-2.235533,12.0,12.0,1528000.0
4109,2.463609,0.237419,12.0,12.0,1528000.0
4110,2.063797,4.712747,12.0,12.0,1528000.0
4111,1.529366,2.330742,12.0,12.0,1528000.0
4112,2.814675,0.917503,12.0,12.0,1528000.0
4113,0.280906,1.428778,12.0,12.0,1528000.0
4114,2.763203,-0.336247,12.0,12.0,1528000.0
4115,0.599797,-1.548835,12.0,12.0,1528000.0
4116,2.023906,2.201026,12.0,12.0,1528000.0
4117,2.190986,2.838838,12.0,12.0,1528000.0
4118,4.175609,3.781649,12.0,12.0,1528000.0
4119,1.175202,3.480786,12.0,12.0,1528000.0
4120,3.466765,3.466765,12.0,12.0,1528000.0
4121,1.270153,-0.239143,12.0,12.0,1528000.0
4122,0.355000,2.069284,12.0,12.0,1528000.0
4123,4.222330,4.962784,12.0,12.0,1528000.0
4124,1.376623,0.687267,12.0,12.0,1528000.0
4125,3.040714,3.040714,12.0,12.0,1528000.0
4126,7.909894,7.909894,12.0,12.0,1528000.0
4127,2.825840,2.825840,12.0,12.0,1528000.0
4128,0.000000,0.000000,12.0,12.0,1528000.0
4129,-1.004620,1.082166,12.0,12.0,1528000.0
4130,-0.284078,0.284078,12.0,12.0,1528000.0
4131,-3.708720,-0.737162,12.0,12.0,1528000.0
4132,2.290537,0.019513,12.0,12.0,1528000.0
4133,1.791568,-2.825758,12.0,12.0,1528000.0
4134,-3.681861,-1.453947,12.0,12.0,1528000.0
4135,-3.043798,-1.312022,12.0,12.0,1528000.0
4136,0.124909,-0.208243,12.0,12.0,1528000.0
4137,-1.124605,2.950559,12.0,12.0,1528000.0
4138,2.388023,-0.426355,12.0,12.0,1528000.0
4139,-1.358143,-3.283925,12.0,12.0,1528000.0
4140,-2.980225,-0.872245,12.0,12.0,1528000.0
4141,-0.989763,-0.501229,12.0,12.0,1528000.0
4142,-0.422075,-0.751461,12.0,12.0,1528000.0
4143,0.608671,4.252479,12.0,12.0,1528000.0
4144,1.844874,-1.541494,12.0,12.0,1528000.0
4145,-1.332680,-2.442492,12.0,12.0,1528000.0
4146,-2.138067,0.167447,12.0,12.0,1528000.0
4147,-1.556098,-1.042462,12.0,12.0,1528000.0
4148,1.149299,-0.017493,12.0,12.0,1528000.0
4149,-1.810321,0.900373,12.0,12.0,1528000.0
4150,0.883463,-1.167185,12.0,12.0,1528000.0
4151,-0.263177,-0.858801,12.0,12.0,1528000.0
4152,-2.106711,-0.411621,12.0,12.0,1528000.0
4153,-1.671872,1.159580,12.0,12.0,1528000.0
4154,0.933479,0.877189,12.0,12.0,1528000.0
4155,-3.900672,-0.711776,12.0,12.0,1528000.0
4156,1.823598,0.154078,12.0,12.0,1528000.0
4157,0.263320,-1.387700,12.0,12.0,1528000.0
4158,-1.101227,1.299523,12.0,12.0,1528000.0
4159,-2.097371,0.215839,12.0,12.0,1528000.0
4160,-0.685948,0.560304,12.0,12.0,1528000.0
4161,-1.430454,0.994584,12.0,12.0,1528000.0
4162,0.473724,-1.263084,12.0,12.0,1528000.0
4163,1.791409,-2.129795,12.0,12.0,1528000.0
4164,-2.039768,0.834030,12.0,12.0,1528000.0
4165,0.713526,2.333742,12.0,12.0,1528000.0
4166,1.341143,-0.720313,12.0,12.0,1528000.0
4167,-1.384665,0.032223,12.0,12.0,1528000.0
4168,3.151390,0.682390,12.0,12.0,1528000.0
4169,1.033686,0.034022,12.0,12.0,1528000.0
4170,0.000000,0.000000,12.0,12.0,1528000.0
4171,0.116566,2.698700,12.0,12.0,1528000.0
4172,0.776812,-1.726438,12.0,12.0,1528000.0
4173,-2.951946,-4.672456,12.0,12.0,1528000.0
4174,-0.586582,-1.589188,12.0,12.0,1528000.0
4175,1.725103,-1.651879,12.0,12.0,1528000.0
4176,-4.079620,-2.022884,12.0,12.0,1528000.0
4177,-1.899862,-0.557720,12.0,12.0,1528000.0
4178,4.755173,2.792455,12.0,12.0,1528000.0
4179,0.000000,0.000000,12.0,12.0,1528000.0
4180,4.055123,2.245341,12.0,12.0,1528000.0
4181,-1.218777,-3.610747,12.0,12.0,1528000.0
4182,-1.050495,1.929903,12.0,12.0,1528000.0
4183,-0.798756,2.514500,12.0,12.0,1528000.0
4184,1.019781,1.054505,12.0,12.0,1528000.0
4185,-1.569231,-0.734383,12.0,12.0,1528000.0
4186,5.193807,2.453725,12.0,12.0,1528000.0
4187,0.000000,0.000000,12.0,12.0,1528000.0
4188,1.262161,3.424907,12.0,12.0,1528000.0
4189,2.108633,1.168031,12.0,12.0,1528000.0
4190,4.985983,1.363843,12.0,12.0,1528000.0
4191,-2.537213,-1.243691,12.0,12.0,1528000.0
4192,3.663628,1.320576,12.0,12.0,1528000.0
4193,2.445360,2.581206,12.0,12.0,1528000.0
4194,-0.638371,1.815297,12.0,12.0,1528000.0
4195,3.026364,2.922358,12.0,12.0,1528000.0
4196,3.764833,1.079239,12.0,12.0,1528000.0
4197,-0.583932,2.281532,12.0,12.0,1528000.0
4198,1.916590,-0.406624,12.0,12.0,1528000.0
4199,0.081963,0.081963,12.0,12.0,1528000.0
4200,-0.443932,0.431536,12.0,12.0,1528000.0
4201,2.366319,3.704029,12.0,12.0,1528000.0
4202,2.479514,-0.503238,12.0,12.0,1528000.0
4203,0.389194,2.442616,12.0,12.0,1528000.0
4204,-0.433748,-0.433748,12.0,12.0,1528000.0
4205,1.323820,-0.603820,12.0,12.0,1528000.0
4206,1.061579,3.674399,12.0,12.0,1528000.0
4207,-0.796968,0.575138,12.0,12.0,1528000.0
4208,-0.042226,-1.585934,12.0,12.0,1528000.0
4209,-1.146801,-0.317901,12.0,12.0,1528000.0
4210,3.769289,1.250005,12.0,12.0,1528000.0
4211,-2.088141,-3.468253,12.0,12.0,1528000.0
4212,0.084089,0.488119,12.0,12.0,1528000.0
4213,2.055104,3.013604,12.0,12.0,1528000.0
4214,0.138874,-0.138874,12.0,12.0,1528000.0
4215,1.971257,3.905323,12.0,12.0,1528000.0
4216,-0.868909,-0.868909,12.0,12.0,1528000.0
4217,0.000000,0.000000,12.0,12.0,1528000.0
4218,-0.755456,-0.755456,12.0,12.0,1528000.0
4219,0.576166,0.576166,12.0,12.0,1528000.0
4220,0.000000,0.000000,12.0,12.0,1528000.0
4221,0.000000,0.000000,12.0,12.0,1528000.0
4222,0.000000,0.000000,12.0,12.0,1528000.0
4223,0.000000,0.000000,12.0,12.0,1528000.0
4224,0.000000,0.000000,12.0,12.0,1528000.0
4225,-3.386457,-2.848117,12.0,12.0,1528000.0
4226,4.405839,0.296395,12.0,12.0,1528000.0
4227,-5.830828,-4.020180,12.0,12.0,1528000.0
4228,0.791694,-3.386974,12.0,12.0,1528000.0
4229,-2.282065,-8.371231,12.0,12.0,1528000.0
4230,0.000000,0.000000,12.0,12.0,1528000.0
4231,-4.330093,-3.687699,12.0,12.0,1528000.0
4232,-1.404672,-4.171984,12.0,12.0,1528000.0
4233,-3.916818,-1.489344,12.0,12.0,1528000.0
4234,1.577109,-2.079215,12.0,12.0,1528000.0
4235,-3.905353,-6.240491,12.0,12.0,1528000.0
4236,-3.002860,-2.134500,12.0,12.0,1528000.0
4237,-3.190031,-3.804565,12.0,12.0,1528000.0
4238,-3.136219,-4.588233,12.0,12.0,1528000.0
4239,-3.584774,-1.491924,12.0,12.0,1528000.0
4240,-1.479193,-5.326117,12.0,12.0,1528000.0
4241,-3.294995,-5.804423,12.0,12.0,1528000.0
4242,-5.100698,-4.102772,12.0,12.0,1528000.0
4243,-3.432312,-3.370532,12.0,12.0,1528000.0
4244,0.000000,0.000000,12.0,12.0,1528000.0
4245,0.000000,0.000000,12.0,12.0,1528000.0
4246,-0.450673,-2.680431,12.0,12.0,1528000.0
4247,-3.297083,-4.944981,12.0,12.0,1528000.0
4248,-3.837674,-2.747270,12.0,12.0,1528000.0
4249,-2.807067,-0.943369,12.0,12.0,1528000.0
4250,-1.546054,-2.721312,12.0,12.0,1528000.0
4251,-5.165419,-2.453183,12.0,12.0,1528000.0
4252,-1.807222,-4.070350,12.0,12.0,1528000.0
4253,-2.482522,-4.464424,12.0,12.0,1528000.0
4254,0.000000,0.000000,12.0,12.0,1528000.0
4255,-2.785231,-1.509149,12.0,12.0,1528000.0
4256,0.000000,0.000000,12.0,12.0,1528000.0
4257,-5.689656,-4.677954,12.0,12.0,1528000.0
4258,0.000000,0.000000,12.0,12.0,1528000.0
4259,-4.069783,-8.408929,12.0,12.0,1528000.0
4260,0.000000,0.000000,12.0,12.0,1528000.0
4261,1.288190,1.234872,12.0,12.0,1528000.0
4262,0.000000,0.000000,12.0,12.0,1528000.0
4263,-4.814178,-3.676370,12.0,12.0,1528000.0
4264,0.000000,0.000000,12.0,12.0,1528000.0
4265,-2.890751,-4.704191,12.0,12.0,1528000.0
4266,-3.276125,-0.411159,12.0,12.0,1528000.0
4267,-5.363605,-4.278073,12.0,12.0,1528000.0
4268,0.560778,-1.733696,12.0,12.0,1528000.0
4269,-2.757124,-5.140222,12.0,12.0,1528000.0
4270,-1.041514,-2.733060,12.0,12.0,1528000.0
4271,-1.064257,-5.226579,12.0,12.0,1528000.0
4272,-5.996467,-4.300773,12.0,12.0,1528000.0
4273,-1.197579,-1.168731,12.0,12.0,1528000.0
4274,2.786741,0.728887,12.0,12.0,1528000.0
4275,-4.828258,-2.788608,12.0,12.0,1528000.0
4276,0.849802,-1.474878,12.0,12.0,1528000.0
4277,-4.649224,-7.311660,12.0,12.0,1528000.0
4278,-3.875138,-1.524588,12.0,12.0,1528000.0
4279,-3.059652,-0.318442,12.0,12.0,1528000.0
4280,-2.390621,-2.214275,12.0,12.0,1528000.0
4281,-3.578988,-2.435686,12.0,12.0,1528000.0
4282,-0.796609,-4.045871,12.0,12.0,1528000.0
4283,-4.561657,-4.675799,12.0,12.0,1528000.0
4284,-2.100378,-0.682184,12.0,12.0,1528000.0
4285,-0.162245,-1.628749,12.0,12.0,1528000.0
4286,1.703334,-3.191768,12.0,12.0,1528000.0
4287,-3.266040,-2.070906,12.0,12.0,1528000.0
4288,1.386752,-1.120490,12.0,12.0,1528000.0
4289,-3.485577,-3.705357,12.0,12.0,1528000.0
4290,-2.862377,-0.604877,12.0,12.0,1528000.0
4291,-2.335364,-2.688470,12.0,12.0,1528000.0
4292,-0.157512,-3.448246,12.0,12.0,1528000.0
4293,-4.487395,-1.930593,12.0,12.0,1528000.0
4294,-0.346549,-2.827901,12.0,12.0,1528000.0
4295,0.811353,-3.444691,12.0,12.0,1528000.0
4296,-1.512513,-1.261593,12.0,12.0,1528000.0
4297,-0.747862,0.259790,12.0,12.0,1528000.0
4298,1.859199,-1.840709,12.0,12.0,1528000.0
4299,-2.859075,-0.860983,12.0,12.0,1528000.0
4300,-3.241924,-6.437586,12.0,12.0,1528000.0
4301,-0.525520,-3.941400,12.0,12.0,1528000.0
4302,0.000000,0.000000,12.0,12.0,1528000.0
4303,-2.788387,-1.789387,12.0,12.0,1528000.0
4304,-3.268361,-4.765653,12.0,12.0,1528000.0
4305,-0.892060,-0.064434,12.0,12.0,1528000.0
4306,0.821785,-2.231225,12.0,12.0,1528000.0
4307,-1.049830,-3.077928,12.0,12.0,1528000.0
4308,-3.490345,-3.354465,12.0,12.0,1528000.0
4309,-0.059168,1.141296,12.0,12.0,1528000.0
4310,-2.260402,-1.944256,12.0,12.0,1528000.0
4311,-4.186905,-2.918981,12.0,12.0,1528000.0
4312,-0.233518,-0.233518,12.0,12.0,1528000.0
4313,-1.989185,-3.917579,12.0,12.0,1528000.0
4314,-2.188635,-1.368027,12.0,12.0,1528000.0
4315,-0.444252,0.418622,12.0,12.0,1528000.0
4316,-1.057424,-2.396690,12.0,12.0,1528000.0
4317,-3.286202,-3.286202,12.0,12.0,1528000.0
4318,-1.193348,-1.193348,12.0,12.0,1528000.0
4319,0.000000,0.000000,12.0,12.0,1528000.0
4320,0.000000,0.000000,12.0,12.0,1528000.0
4321,0.000000,0.000000,12.0,12.0,1528000.0
4322,5.844951,1.875551,12.0,12.0,1528000.0
4323,-0.621840,0.970590,12.0,12.0,1528000.0
4324,6.591681,2.053227,12.0,12.0,1528000.0
4325,2.958962,-2.498442,12.0,12.0,1528000.0
4326,-1.736626,-0.185968,12.0,12.0,1528000.0
4327,-1.083590,0.048512,12.0,12.0,1528000.0
4328,2.912725,1.257961,12.0,12.0,1528000.0
4329,-0.661306,2.438288,12.0,12.0,1528000.0
4330,4.029401,1.271569,12.0,12.0,1528000.0
4331,1.672886,-1.497184,12.0,12.0,1528000.0
4332,-0.445224,0.320214,12.0,12.0,1528000.0
4333,0.030117,-1.299419,12.0,12.0,1528000.0
4334,1.773558,0.036118,12.0,12.0,1528000.0
4335,0.952163,3.212775,12.0,12.0,1528000.0
4336,2.783587,-1.021289,12.0,12.0,1528000.0
4337,3.915250,1.289696,12.0,12.0,1528000.0
4338,0.875011,2.551409,12.0,12.0,1528000.0
4339,1.551578,1.297284,12.0,12.0,1528000.0
4340,0.000000,0.000000,12.0,12.0,1528000.0
4341,-0.974046,1.301056,12.0,12.0,1528000.0
4342,2.649282,-0.450974,12.0,12.0,1528000.0
4343,1.225910,-0.120038,12.0,12.0,1528000.0
4344,-2.462838,-1.460258,12.0,12.0,1528000.0
4345,0.079481,1.752805,12.0,12.0,1528000.0
4346,2.333684,1.500448,12.0,12.0,1528000.0
4347,-2.093136,0.573708,12.0,12.0,1528000.0
4348,2.097651,0.225413,12.0,12.0,1528000.0
4349,-0.161024,-2.073648,12.0,12.0,1528000.0
4350,-1.562140,0.293426,12.0,12.0,1528000.0
4351,0.526047,2.115379,12.0,12.0,1528000.0
4352,0.574199,0.503969,12.0,12.0,1528000.0
4353,0.701975,2.492511,12.0,12.0,1528000.0
4354,0.861356,-0.667918,12.0,12.0,1528000.0
4355,3.340262,-1.537960,12.0,12.0,1528000.0
4356,-1.617325,0.211443,12.0,12.0,1528000.0
4357,0.000000,0.000000,12.0,12.0,1528000.0
4358,3.829477,0.340235,12.0,12.0,1528000.0
4359,1.164015,1.164015,12.0,12.0,1528000.0
4360,0.000000,0.000000,12.0,12.0,1528000.0
4361,2.615497,1.153209,12.0,12.0,1528000.0
4362,1.122450,1.122450,12.0,12.0,1528000.0
4363,0.402019,1.795049,12.0,12.0,1528000.0
4364,2.255277,-0.337423,12.0,12.0,1528000.0
4365,1.219161,-1.069195,12.0,12.0,1528000.0
4366,2.631823,0.979881,12.0,12.0,1528000.0
4367,4.885858,1.023588,12.0,12.0,1528000.0
4368,-2.403149,-2.215943,12.0,12.0,1528000.0
4369,1.729152,1.970966,12.0,12.0,1528000.0
4370,1.699145,-0.486615,12.0,12.0,1528000.0
4371,0.036077,1.917325,12.0,12.0,1528000.0
4372,1.985328,-0.374680,12.0,12.0,1528000.0
4373,-2.766343,-5.871121,12.0,12.0,1528000.0
4374,2.824790,2.824790,12.0,12.0,1528000.0
4375,1.546532,1.546532,12.0,12.0,1528000.0
4376,1.608284,1.147612,12.0,12.0,1528000.0
4377,-0.584319,-0.328165,12.0,12.0,1528000.0
4378,6.181842,2.688534,12.0,12.0,1528000.0
4379,-2.361621,-3.102859,12.0,12.0,1528000.0
4380,-1.431099,-0.309461,12.0,12.0,1528000.0
4381,0.802061,-0.872805,12.0,12.0,1528000.0
4382,6.595892,2.659790,12.0,12.0,1528000.0
4383,-1.747952,-0.416258,12.0,12.0,1528000.0
4384,6.582717,3.043883,12.0,12.0,1528000.0
4385,0.880286,0.241760,12.0,12.0,1528000.0
4386,1.325568,1.325568,12.0,12.0,1528000.0
4387,3.163771,2.528247,12.0,12.0,1528000.0
4388,2.495292,-0.477276,12.0,12.0,1528000.0
4389,1.231904,1.231904,12.0,12.0,1528000.0
4390,2.828695,2.828695,12.0,12.0,1528000.0
4391,2.037673,2.037673,12.0,12.0,1528000.0
4392,-0.861124,-0.310968,12.0,12.0,1528000.0
4393,3.090825,4.370371,12.0,12.0,1528000.0
4394,5.935206,2.604724,12.0,12.0,1528000.0
4395,0.081381,1.064725,12.0,12.0,1528000.0
4396,0.673063,0.673063,12.0,12.0,1528000.0
4397,0.381289,0.381289,12.0,12.0,1528000.0
4398,2.582226,2.582226,12.0,12.0,1528000.0
4399,2.900837,3.648875,12.0,12.0,1528000.0
4400,2.225880,2.225880,12.0,12.0,1528000.0
4401,3.199367,3.199367,12.0,12.0,1528000.0
4402,1.462468,-2.176286,12.0,12.0,1528000.0
4403,0.917173,-1.022127,12.0,12.0,1528000.0
4404,2.733939,2.063343,12.0,12.0,1528000.0
4405,1.945725,2.219877,12.0,12.0,1528000.0
4406,0.000000,0.000000,12.0,12.0,1528000.0
4407,-0.376744,-0.376744,12.0,12.0,1528000.0
4408,0.000000,0.000000,12.0,12.0,1528000.0
4409,0.000000,0.000000,12.0,12.0,1528000.0
4410,0.000000,0.000000,12.0,12.0,1528000.0
4411,0.000000,0.000000,12.0,12.0,1528000.0
4412,0.000000,0.000000,12.0,12.0,1528000.0
4413,0.000000,0.000000,12.0,12.0,1528000.0
4414,0.000000,0.000000,12.0,12.0,1528000.0
4415,0.000000,0.000000,12.0,12.0,1528000.0
4416,0.000000,0.000000,12.0,12.0,1528000.0
4417,0.000000,0.000000,12.0,12.0,1528000.0
4418,0.000000,0.000000,12.0,12.0,1528000.0
4419,0.000000,0.000000,12.0,12.0,1528000.0
4420,0.000000,0.000000,12.0,12.0,1528000.0
4421,0.000000,0.000000,12.0,12.0,1528000.0
4422,0.000000,0.000000,12.0,12.0,1528000.0
4423,0.000000,0.000000,12.0,12.0,1528000.0
4424,0.000000,0.000000,12.0,12.0,1528000.0
4425,0.000000,0.000000,12.0,12.0,1528000.0
4426,0.000000,0.000000,12.0,12.0,1528000.0
4427,0.000000,0.000000,12.0,12.0,1528000.0
4428,0.000000,0.000000,12.0,12.0,1528000.0
4429,0.000000,0.000000,12.0,12.0,1528000.0
4430,0.000000,0.000000,12.0,12.0,1528000.0
4431,0.000000,0.000000,12.0,12.0,1528000.0
4432,0.000000,0.000000,12.0,12.0,1528000.0
4433,0.000000,0.000000,12.0,12.0,1528000.0
4434,0.000000,0.000000,12.0,12.0,1528000.0
4435,0.000000,0.000000,12.0,12.0,1528000.0
4436,0.000000,0.000000,12.0,12.0,1528000.0
4437,0.000000,0.000000,12.0,12.0,1528000.0
4438,0.000000,0.000000,12.0,12.0,1528000.0
4439,0.000000,0.000000,12.0,12.0,1528000.0
4440,0.000000,0.000000,12.0,12.0,1528000.0
4441,0.000000,0.000000,12.0,12.0,1528000.0
4442,0.000000,0.000000,12.0,12.0,1528000.0
4443,0.000000,0.000000,12.0,12.0,1528000.0
4444,0.000000,0.000000,12.0,12.0,1528000.0
4445,0.000000,0.000000,12.0,12.0,1528000.0
4446,0.000000,0.000000,12.0,12.0,1528000.0
4447,0.000000,0.000000,12.0,12.0,1528000.0
4448,0.000000,0.000000,12.0,12.0,1528000.0
4449,0.000000,0.000000,12.0,12.0,1528000.0
4450,0.000000,0.000000,12.0,12.0,1528000.0
4451,0.000000,0.000000,12.0,12.0,1528000.0
4452,0.000000,0.000000,12.0,12.0,1528000.0
4453,0.000000,0.000000,12.0,12.0,1528000.0
4454,0.000000,0.000000,12.0,12.0,1528000.0
4455,0.000000,0.000000,12.0,12.0,1528000.0
4456,0.000000,0.000000,12.0,12.0,1528000.0
4457,0.000000,0.000000,12.0,12.0,1528000.0
4458,0.000000,0.000000,12.0,12.0,1528000.0
4459,0.000000,0.000000,12.0,12.0,1528000.0
4460,0.000000,0.000000,12.0,12.0,1528000.0
4461,0.000000,0.000000,12.0,12.0,1528000.0
4462,0.000000,0.000000,12.0,12.0,1528000.0
4463,0.000000,0.000000,12.0,12.0,1528000.0
4464,0.000000,0.000000,12.0,12.0,1528000.0
4465,0.000000,0.000000,12.0,12.0,1528000.0
4466,0.000000,0.000000,12.0,12.0,1528000.0
4467,0.000000,0.000000,12.0,12.0,1528000.0
4468,0.000000,0.000000,12.0,12.0,1528000.0
4469,0.000000,0.000000,12.0,12.0,1528000.0
4470,0.000000,0.000000,12.0,12.0,1528000.0
4471,0.000000,0.000000,12.0,12.0,1528000.0
4472,0.000000,0.000000,12.0,12.0,1528000.0
4473,0.000000,0.000000,12.0,12.0,1528000.0
4474,0.000000,0.000000,12.0,12.0,1528000.0
4475,0.000000,0.000000,12.0,12.0,1528000.0
4476,0.000000,0.000000,12.0,12.0,1528000.0
4477,0.000000,0.000000,12.0,12.0,1528000.0
4478,0.000000,0.000000,12.0,12.0,1528000.0
4479,0.000000,0.000000,12.0,12.0,1528000.0
4480,0.000000,0.000000,12.0,12.0,1528000.0
4481,0.000000,0.000000,12.0,12.0,1528000.0
4482,0.000000,0.000000,12.0,12.0,1528000.0
4483,0.000000,0.000000,12.0,12.0,1528000.0
4484,0.000000,0.000000,12.0,12.0,1528000.0
4485,0.000000,0.000000,12.0,12.0,1528000.0
4486,0.000000,0.000000,12.0,12.0,1528000.0
4487,0.000000,0.000000,12.0,12.0,1528000.0
4488,0.000000,0.000000,12.0,12.0,1528000.0
4489,0.000000,0.000000,12.0,12.0,1528000.0
4490,0.000000,0.000000,12.0,12.0,1528000.0
4491,0.000000,0.000000,12.0,12.0,1528000.0
4492,0.000000,0.000000,12.0,12.0,1528000.0
4493,0.000000,0.000000,12.0,12.0,1528000.0
4494,0.000000,0.000000,12.0,12.0,1528000.0
4495,0.000000,0.000000,12.0,12.0,1528000.0
4496,0.000000,0.000000,12.0,12.0,1528000.0
4497,0.000000,0.000000,12.0,12.0,1528000.0
4498,0.000000,0.000000,12.0,12.0,1528000.0
4499,0.000000,0.000000,12.0,12.0,1528000.0
4500,0.000000,0.000000,12.0,12.0,1528000.0
4501,0.000000,0.000000,12.0,12.0,1528000.0
4502,0.000000,0.000000,12.0,12.0,1528000.0
4503,0.000000,0.000000,12.0,12.0,1528000.0
4504,0.000000,0.000000,12.0,12.0,1528000.0
4505,0.000000,0.000000,12.0,12.0,1528000.0
4506,0.000000,0.000000,12.0,12.0,1528000.0
4507,0.000000,0.000000,12.0,12.0,1528000.0
4508,0.000000,0.000000,12.0,12.0,1528000.0
4509,0.000000,0.000000,12.0,12.0,1528000.0
4510,0.000000,0.000000,12.0,12.0,1528000.0
4511,0.000000,0.000000,12.0,12.0,1528000.0
4512,0.000000,0.000000,12.0,12.0,1528000.0
4513,4.539861,6.054971,12.0,12.0,1528000.0
4514,10.070288,6.478678,12.0,12.0,1528000.0
4515,2.056141,4.058907,12.0,12.0,1528000.0
4516,5.440843,3.052647,12.0,12.0,1528000.0
4517,7.032930,2.021208,12.0,12.0,1528000.0
4518,2.621584,4.233710,12.0,12.0,1528000.0
4519,5.942322,7.350458,12.0,12.0,1528000.0
4520,6.158328,5.003376,12.0,12.0,1528000.0
4521,3.105203,6.696305,12.0,12.0,1528000.0
4522,9.897563,6.445639,12.0,12.0,1528000.0
4523,4.497072,2.222004,12.0,12.0,1528000.0
4524,2.625322,3.910670,12.0,12.0,1528000.0
4525,3.305714,2.606688,12.0,12.0,1528000.0
4526,0.000000,0.000000,12.0,12.0,1528000.0
4527,0.000000,0.000000,12.0,12.0,1528000.0
4528,7.811285,4.056813,12.0,12.0,1528000.0
4529,4.542326,2.938276,12.0,12.0,1528000.0
4530,5.367114,7.200554,12.0,12.0,1528000.0
4531,4.709105,4.861449,12.0,12.0,1528000.0
4532,6.343347,5.664095,12.0,12.0,1528000.0
4533,4.392997,7.431819,12.0,12.0,1528000.0
4534,5.521909,3.067679,12.0,12.0,1528000.0
4535,4.592609,3.990497,12.0,12.0,1528000.0
4536,2.194647,3.982837,12.0,12.0,1528000.0
4537,5.807336,8.089108,12.0,12.0,1528000.0
4538,6.949567,6.033883,12.0,12.0,1528000.0
4539,1.067522,3.995422,12.0,12.0,1528000.0
4540,0.000000,0.000000,12.0,12.0,1528000.0
4541,0.000000,0.000000,12.0,12.0,1528000.0
4542,4.473868,6.050038,12.0,12.0,1528000.0
4543,2.503598,4.743030,12.0,12.0,1528000.0
4544,3.581530,4.279176,12.0,12.0,1528000.0
4545,3.181166,4.279980,12.0,12.0,1528000.0
4546,5.547390,4.337640,12.0,12.0,1528000.0
4547,0.000000,0.000000,12.0,12.0,1528000.0
4548,3.592975,5.672123,12.0,12.0,1528000.0
4549,7.783065,8.323487,12.0,12.0,1528000.0
4550,7.455955,4.637805,12.0,12.0,1528000.0
4551,0.000000,0.000000,12.0,12.0,1528000.0
4552,7.688131,5.041309,12.0,12.0,1528000.0
4553,4.720232,3.261550,12.0,12.0,1528000.0
4554,3.854870,7.343194,12.0,12.0,1528000.0
4555,4.190822,6.518408,12.0,12.0,1528000.0
4556,4.950867,3.133403,12.0,12.0,1528000.0
4557,1.949783,0.099419,12.0,12.0,1528000.0
4558,0.000000,0.000000,12.0,12.0,1528000.0
4559,8.701486,4.577630,12.0,12.0,1528000.0
4560,1.215945,2.946003,12.0,12.0,1528000.0
4561,4.477659,5.412769,12.0,12.0,1528000.0
4562,8.714211,6.786787,12.0,12.0,1528000.0
4563,2.907464,5.200804,12.0,12.0,1528000.0
4564,8.580243,7.158395,12.0,12.0,1528000.0
4565,1.347615,-0.738099,12.0,12.0,1528000.0
4566,3.507820,6.698966,12.0,12.0,1528000.0
4567,3.584410,6.765914,12.0,12.0,1528000.0
4568,3.372455,3.739919,12.0,12.0,1528000.0
4569,3.677077,4.107813,12.0,12.0,1528000.0
4570,7.355376,4.153786,12.0,12.0,1528000.0
4571,3.542726,2.932320,12.0,12.0,1528000.0
4572,3.769185,5.228779,12.0,12.0,1528000.0
4573,9.672678,8.969678,12.0,12.0,1528000.0
4574,8.330127,4.776557,12.0,12.0,1528000.0
4575,4.737333,6.846261,12.0,12.0,1528000.0
4576,8.685655,5.606777,12.0,12.0,1528000.0
4577,5.907228,6.208928,12.0,12.0,1528000.0
4578,0.000000,0.000000,12.0,12.0,1528000.0
4579,7.290849,6.696157,12.0,12.0,1528000.0
4580,0.000000,0.000000,12.0,12.0,1528000.0
4581,7.194352,9.509492,12.0,12.0,1528000.0
4582,9.278821,6.984023,12.0,12.0,1528000.0
4583,0.000000,0.000000,12.0,12.0,1528000.0
4584,0.021513,-0.021513,12.0,12.0,1528000.0
4585,9.100339,10.529039,12.0,12.0,1528000.0
4586,0.000000,0.000000,12.0,12.0,1528000.0
4587,4.649865,6.935095,12.0,12.0,1528000.0
4588,4.606324,4.606324,12.0,12.0,1528000.0
4589,4.164718,4.164718,12.0,12.0,1528000.0
4590,7.580769,9.039649,12.0,12.0,1528000.0
4591,3.088415,4.269217,12.0,12.0,1528000.0
4592,6.802637,5.127199,12.0,12.0,1528000.0
4593,2.909429,3.660667,12.0,12.0,1528000.0
4594,0.000000,0.000000,12.0,12.0,1528000.0
4595,1.770771,1.770771,12.0,12.0,1528000.0
4596,0.056091,-0.056091,12.0,12.0,1528000.0
4597,7.723963,8.486677,12.0,12.0,1528000.0
4598,0.000000,0.000000,12.0,12.0,1528000.0
4599,0.000000,0.000000,12.0,12.0,1528000.0
4600,0.000000,0.000000,12.0,12.0,1528000.0
4601,7.266387,5.843341,12.0,12.0,1528000.0
4602,0.000000,0.000000,12.0,12.0,1528000.0
4603,0.000000,0.000000,12.0,12.0,1528000.0
4604,0.000000,0.000000,12.0,12.0,1528000.0
4605,0.000000,0.000000,12.0,12.0,1528000.0
4606,0.000000,0.000000,12.0,12.0,1528000.0
4607,0.000000,0.000000,12.0,12.0,1528000.0
4608,0.000000,0.000000,12.0,12.0,1528000.0
4609,0.000000,0.000000,12.0,12.0,1528000.0
4610,0.000000,0.000000,12.0,12.0,1528000.0
4611,0.000000,0.000000,12.0,12.0,1528000.0
4612,0.000000,0.000000,12.0,12.0,1528000.0
4613,0.000000,0.000000,12.0,12.0,1528000.0
4614,0.000000,0.000000,12.0,12.0,1528000.0
4615,0.000000,0.000000,12.0,12.0,1528000.0
4616,0.000000,0.000000,12.0,12.0,1528000.0
4617,0.000000,0.000000,12.0,12.0,1528000.0
4618,0.000000,0.000000,12.0,12.0,1528000.0
4619,0.000000,0.000000,12.0,12.0,1528000.0
4620,0.000000,0.000000,12.0,12.0,1528000.0
4621,0.000000,0.000000,12.0,12.0,1528000.0
4622,0.000000,0.000000,12.0,12.0,1528000.0
4623,0.000000,0.000000,12.0,12.0,1528000.0
4624,0.000000,0.000000,12.0,12.0,1528000.0
4625,0.000000,0.000000,12.0,12.0,1528000.0
4626,0.000000,0.000000,12.0,12.0,1528000.0
4627,0.000000,0.000000,12.0,12.0,1528000.0
4628,0.000000,0.000000,12.0,12.0,1528000.0
4629,0.000000,0.000000,12.0,12.0,1528000.0
4630,0.000000,0.000000,12.0,12.0,1528000.0
4631,0.000000,0.000000,12.0,12.0,1528000.0
4632,0.000000,0.000000,12.0,12.0,1528000.0
4633,0.000000,0.000000,12.0,12.0,1528000.0
4634,0.000000,0.000000,12.0,12.0,1528000.0
4635,0.000000,0.000000,12.0,12.0,1528000.0
4636,0.000000,0.000000,12.0,12.0,1528000.0
4637,0.000000,0.000000,12.0,12.0,1528000.0
4638,0.000000,0.000000,12.0,12.0,1528000.0
4639,0.000000,0.000000,12.0,12.0,1528000.0
4640,0.000000,0.000000,12.0,12.0,1528000.0
4641,0.000000,0.000000,12.0,12.0,1528000.0
4642,0.000000,0.000000,12.0,12.0,1528000.0
4643,0.000000,0.000000,12.0,12.0,1528000.0
4644,0.000000,0.000000,12.0,12.0,1528000.0
4645,0.000000,0.000000,12.0,12.0,1528000.0
4646,0.000000,0.000000,12.0,12.0,1528000.0
4647,0.000000,0.000000,12.0,12.0,1528000.0
4648,0.000000,0.000000,12.0,12.0,1528000.0
4649,0.000000,0.000000,12.0,12.0,1528000.0
4650,0.000000,0.000000,12.0,12.0,1528000.0
4651,0.000000,0.000000,12.0,12.0,1528000.0
4652,0.000000,0.000000,12.0,12.0,1528000.0
4653,0.000000,0.000000,12.0,12.0,1528000.0
4654,0.000000,0.000000,12.0,12.0,1528000.0
4655,0.000000,0.000000,12.0,12.0,1528000.0
4656,0.000000,0.000000,12.0,12.0,1528000.0
4657,0.000000,0.000000,12.0,12.0,1528000.0
4658,0.000000,0.000000,12.0,12.0,1528000.0
4659,0.000000,0.000000,12.0,12.0,1528000.0
4660,0.000000,0.000000,12.0,12.0,1528000.0
4661,0.000000,0.000000,12.0,12.0,1528000.0
4662,0.000000,0.000000,12.0,12.0,1528000.0
4663,0.000000,0.000000,12.0,12.0,1528000.0
4664,0.000000,0.000000,12.0,12.0,1528000.0
4665,0.000000,0.000000,12.0,12.0,1528000.0
4666,0.000000,0.000000,12.0,12.0,1528000.0
4667,0.000000,0.000000,12.0,12.0,1528000.0
4668,0.000000,0.000000,12.0,12.0,1528000.0
4669,0.000000,0.000000,12.0,12.0,1528000.0
4670,0.000000,0.000000,12.0,12.0,1528000.0
4671,0.000000,0.000000,12.0,12.0,1528000.0
4672,0.000000,0.000000,12.0,12.0,1528000.0
4673,0.000000,0.000000,12.0,12.0,1528000.0
4674,0.000000,0.000000,12.0,12.0,1528000.0
4675,0.000000,0.000000,12.0,12.0,1528000.0
4676,0.000000,0.000000,12.0,12.0,1528000.0
4677,0.000000,0.000000,12.0,12.0,1528000.0
4678,0.000000,0.000000,12.0,12.0,1528000.0
4679,0.000000,0.000000,12.0,12.0,1528000.0
4680,0.000000,0.000000,12.0,12.0,1528000.0
4681,0.000000,0.000000,12.0,12.0,1528000.0
4682,0.000000,0.000000,12.0,12.0,1528000.0
4683,0.000000,0.000000,12.0,12.0,1528000.0
4684,0.000000,0.000000,12.0,12.0,1528000.0
4685,0.000000,0.000000,12.0,12.0,1528000.0
4686,0.000000,0.000000,12.0,12.0,1528000.0
4687,0.000000,0.000000,12.0,12.0,1528000.0
4688,0.000000,0.000000,12.0,12.0,1528000.0
4689,0.000000,0.000000,12.0,12.0,1528000.0
4690,0.000000,0.000000,12.0,12.0,1528000.0
4691,0.000000,0.000000,12.0,12.0,1528000.0
4692,0.000000,0.000000,12.0,12.0,1528000.0
4693,0.000000,0.000000,12.0,12.0,1528000.0
4694,0.000000,0.000000,12.0,12.0,1528000.0
4695,0.000000,0.000000,12.0,12.0,1528000.0
4696,0.000000,0.000000,12.0,12.0,1528000.0
4697,0.000000,0.000000,12.0,12.0,1528000.0
4698,0.000000,0.000000,12.0,12.0,1528000.0
4699,0.000000,0.000000,12.0,12.0,1528000.0
4700,0.000000,0.000000,12.0,12.0,1528000.0
4701,0.000000,0.000000,12.0,12.0,1528000.0
4702,0.000000,0.000000,12.0,12.0,1528000.0
4703,0.000000,0.000000,12.0,12.0,1528000.0
4704,0.000000,0.000000,12.0,12.0,1528000.0
4705,0.000000,0.000000,12.0,12.0,1528000.0
4706,0.000000,0.000000,12.0,12.0,1528000.0
4707,0.000000,0.000000,12.0,12.0,1528000.0
4708,0.000000,0.000000,12.0,12.0,1528000.0
4709,0.000000,0.000000,12.0,12.0,1528000.0
4710,0.000000,0.000000,12.0,12.0,1528000.0
4711,0.000000,0.000000,12.0,12.0,1528000.0
4712,0.000000,0.000000,12.0,12.0,1528000.0
4713,0.000000,0.000000,12.0,12.0,1528000.0
4714,0.000000,0.000000,12.0,12.0,1528000.0
4715,0.000000,0.000000,12.0,12.0,1528000.0
4716,0.000000,0.000000,12.0,12.0,1528000.0
4717,0.000000,0.000000,12.0,12.0,1528000.0
4718,0.000000,0.000000,12.0,12.0,1528000.0
4719,0.000000,0.000000,12.0,12.0,1528000.0
4720,0.000000,0.000000,12.0,12.0,1528000.0
4721,0.000000,0.000000,12.0,12.0,1528000.0
4722,0.000000,0.000000,12.0,12.0,1528000.0
4723,0.000000,0.000000,12.0,12.0,1528000.0
4724,0.000000,0.000000,12.0,12.0,1528000.0
4725,0.000000,0.000000,12.0,12.0,1528000.0
4726,0.000000,0.000000,12.0,12.0,1528000.0
4727,0.000000,0.000000,12.0,12.0,1528000.0
4728,0.000000,0.000000,12.0,12.0,1528000.0
4729,0.000000,0.000000,12.0,12.0,1528000.0
4730,0.000000,0.000000,12.0,12.0,1528000.0
4731,0.000000,0.000000,12.0,12.0,1528000.0
4732,0.000000,0.000000,12.0,12.0,1528000.0
4733,0.000000,0.000000,12.0,12.0,1528000.0
4734,0.000000,0.000000,12.0,12.0,1528000.0
4735,0.000000,0.000000,12.0,12.0,1528000.0
4736,0.000000,0.000000,12.0,12.0,1528000.0
4737,0.000000,0.000000,12.0,12.0,1528000.0
4738,0.000000,0.000000,12.0,12.0,1528000.0
4739,0.000000,0.000000,12.0,12.0,1528000.0
4740,0.000000,0.000000,12.0,12.0,1528000.0
4741,0.000000,0.000000,12.0,12.0,1528000.0
4742,0.000000,0.000000,12.0,12.0,1528000.0
4743,0.000000,0.000000,12.0,12.0,1528000.0
4744,0.000000,0.000000,12.0,12.0,1528000.0
4745,0.000000,0.000000,12.0,12.0,1528000.0
4746,0.000000,0.000000,12.0,12.0,1528000.0
4747,0.000000,0.000000,12.0,12.0,1528000.0
4748,0.000000,0.000000,12.0,12.0,1528000.0
4749,0.000000,0.000000,12.0,12.0,1528000.0
4750,0.000000,0.000000,12.0,12.0,1528000.0
4751,0.000000,0.000000,12.0,12.0,1528000.0
4752,0.000000,0.000000,12.0,12.0,1528000.0
4753,0.000000,0.000000,12.0,12.0,1528000.0
4754,0.000000,0.000000,12.0,12.0,1528000.0
4755,0.000000,0.000000,12.0,12.0,1528000.0
4756,0.000000,0.000000,12.0,12.0,1528000.0
4757,0.000000,0.000000,12.0,12.0,1528000.0
4758,0.000000,0.000000,12.0,12.0,1528000.0
4759,0.000000,0.000000,12.0,12.0,1528000.0
4760,0.000000,0.000000,12.0,12.0,1528000.0
4761,0.000000,0.000000,12.0,12.0,1528000.0
4762,0.000000,0.000000,12.0,12.0,1528000.0
4763,0.000000,0.000000,12.0,12.0,1528000.0
4764,0.000000,0.000000,12.0,12.0,1528000.0
4765,0.000000,0.000000,12.0,12.0,1528000.0
4766,0.000000,0.000000,12.0,12.0,1528000.0
4767,0.000000,0.000000,12.0,12.0,1528000.0
4768,0.000000,0.000000,12.0,12.0,1528000.0
4769,0.000000,0.000000,12.0,12.0,1528000.0
4770,0.000000,0.000000,12.0,12.0,1528000.0
4771,0.000000,0.000000,12.0,12.0,1528000.0
4772,0.000000,0.000000,12.0,12.0,1528000.0
4773,0.000000,0.000000,12.0,12.0,1528000.0
4774,0.000000,0.000000,12.0,12.0,1528000.0
4775,0.000000,0.000000,12.0,12.0,1528000.0
4776,0.000000,0.000000,12.0,12.0,1528000.0
4777,0.000000,0.000000,12.0,12.0,1528000.0
4778,0.000000,0.000000,12.0,12.0,1528000.0
4779,0.000000,0.000000,12.0,12.0,1528000.0
4780,0.000000,0.000000,12.0,12.0,1528000.0
4781,0.000000,0.000000,12.0,12.0,1528000.0
4782,0.000000,0.000000,12.0,12.0,1528000.0
4783,0.000000,0.000000,12.0,12.0,1528000.0
4784,0.000000,0.000000,12.0,12.0,1528000.0
4785,0.000000,0.000000,12.0,12.0,1528000.0
4786,0.000000,0.000000,12.0,12.0,1528000.0
4787,0.000000,0.000000,12.0,12.0,1528000.0
4788,0.000000,0.000000,12.0,12.0,1528000.0
4789,0.000000,0.000000,12.0,12.0,1528000.0
4790,0.000000,0.000000,12.0,12.0,1528000.0
4791,0.000000,0.000000,12.0,12.0,1528000.0
4792,0.000000,0.000000,12.0,12.0,1528000.0
4793,0.000000,0.000000,12.0,12.0,1528000.0
4794,0.000000,0.000000,12.0,12.0,1528000.0
4795,0.000000,0.000000,12.0,12.0,1528000.0
4796,0.000000,0.000000,12.0,12.0,1528000.0
4797,0.000000,0.000000,12.0,12.0,1528000.0
4798,0.000000,0.000000,12.0,12.0,1528000.0
4799,0.000000,0.000000,12.0,12.0,1528000.0
4800,0.000000,0.000000,12.0,12.0,1528000.0
4801,0.000000,0.000000,12.0,12.0,1528000.0
4802,0.000000,0.000000,12.0,12.0,1528000.0
4803,0.000000,0.000000,12.0,12.0,1528000.0
4804,0.000000,0.000000,12.0,12.0,1528000.0
4805,0.000000,0.000000,12.0,12.0,1528000.0
4806,0.000000,0.000000,12.0,12.0,1528000.0
4807,0.000000,0.000000,12.0,12.0,1528000.0
4808,0.000000,0.000000,12.0,12.0,1528000.0
4809,0.000000,0.000000,12.0,12.0,1528000.0
4810,0.000000,0.000000,12.0,12.0,1528000.0
4811,0.000000,0.000000,12.0,12.0,1528000.0
4812,0.000000,0.000000,12.0,12.0,1528000.0
4813,0.000000,0.000000,12.0,12.0,1528000.0
4814,0.000000,0.000000,12.0,12.0,1528000.0
4815,0.000000,0.000000,12.0,12.0,1528000.0
4816,0.000000,0.000000,12.0,12.0,1528000.0
4817,0.000000,0.000000,12.0,12.0,1528000.0
4818,0.000000,0.000000,12.0,12.0,1528000.0
4819,0.000000,0.000000,12.0,12.0,1528000.0
4820,0.000000,0.000000,12.0,12.0,1528000.0
4821,0.000000,0.000000,12.0,12.0,1528000.0
4822,0.000000,0.000000,12.0,12.0,1528000.0
4823,0.000000,0.000000,12.0,12.0,1528000.0
4824,0.000000,0.000000,12.0,12.0,1528000.0
4825,0.000000,0.000000,12.0,12.0,1528000.0
4826,0.000000,0.000000,12.0,12.0,1528000.0
4827,0.000000,0.000000,12.0,12.0,1528000.0
4828,0.000000,0.000000,12.0,12.0,1528000.0
4829,0.000000,0.000000,12.0,12.0,1528000.0
4830,0.000000,0.000000,12.0,12.0,1528000.0
4831,0.000000,0.000000,12.0,12.0,1528000.0
4832,0.000000,0.000000,12.0,12.0,1528000.0
4833,0.000000,0.000000,12.0,12.0,1528000.0
4834,0.000000,0.000000,12.0,12.0,1528000.0
4835,0.000000,0.000000,12.0,12.0,1528000.0
4836,0.000000,0.000000,12.0,12.0,1528000.0
4837,0.000000,0.000000,12.0,12.0,1528000.0
4838,0.000000,0.000000,12.0,12.0,1528000.0
4839,0.000000,0.000000,12.0,12.0,1528000.0
4840,0.000000,0.000000,12.0,12.0,1528000.0
4841,0.000000,0.000000,12.0,12.0,1528000.0
4842,0.000000,0.000000,12.0,12.0,1528000.0
4843,0.000000,0.000000,12.0,12.0,1528000.0
4844,0.000000,0.000000,12.0,12.0,1528000.0
4845,0.000000,0.000000,12.0,12.0,1528000.0
4846,0.000000,0.000000,12.0,12.0,1528000.0
4847,0.000000,0.000000,12.0,12.0,1528000.0
4848,0.000000,0.000000,12.0,12.0,1528000.0
4849,0.000000,0.000000,12.0,12.0,1528000.0
4850,0.000000,0.000000,12.0,12.0,1528000.0
4851,0.000000,0.000000,12.0,12.0,1528000.0
4852,0.000000,0.000000,12.0,12.0,1528000.0
4853,0.000000,0.000000,12.0,12.0,1528000.0
4854,0.000000,0.000000,12.0,12.0,1528000.0
4855,0.000000,0.000000,12.0,12.0,1528000.0
4856,0.000000,0.000000,12.0,12.0,1528000.0
4857,0.000000,0.000000,12.0,12.0,1528000.0
4858,0.000000,0.000000,12.0,12.0,1528000.0
4859,0.000000,0.000000,12.0,12.0,1528000.0
4860,0.000000,0.000000,12.0,12.0,1528000.0
4861,0.000000,0.000000,12.0,12.0,1528000.0
4862,0.000000,0.000000,12.0,12.0,1528000.0
4863,0.000000,0.000000,12.0,12.0,1528000.0
4864,0.000000,0.000000,12.0,12.0,1528000.0
4865,0.000000,0.000000,12.0,12.0,1528000.0
4866,0.000000,0.000000,12.0,12.0,1528000.0
4867,0.000000,0.000000,12.0,12.0,1528000.0
4868,0.000000,0.000000,12.0,12.0,1528000.0
4869,0.000000,0.000000,12.0,12.0,1528000.0
4870,0.000000,0.000000,12.0,12.0,1528000.0
4871,0.000000,0.000000,12.0,12.0,1528000.0
4872,0.000000,0.000000,12.0,12.0,1528000.0
4873,0.000000,0.000000,12.0,12.0,1528000.0
4874,0.000000,0.000000,12.0,12.0,1528000.0
4875,0.000000,0.000000,12.0,12.0,1528000.0
4876,0.000000,0.000000,12.0,12.0,1528000.0
4877,0.000000,0.000000,12.0,12.0,1528000.0
4878,0.000000,0.000000,12.0,12.0,1528000.0
4879,0.000000,0.000000,12.0,12.0,1528000.0
4880,0.000000,0.000000,12.0,12.0,1528000.0
4881,0.000000,0.000000,12.0,12.0,1528000.0
4882,0.000000,0.000000,12.0,12.0,1528000.0
4883,0.000000,0.000000,12.0,12.0,1528000.0
4884,0.000000,0.000000,12.0,12.0,1528000.0
4885,0.000000,0.000000,12.0,12.0,1528000.0
4886,0.000000,0.000000,12.0,12.0,1528000.0
4887,0.000000,0.000000,12.0,12.0,1528000.0
4888,0.000000,0.000000,12.0,12.0,1528000.0
4889,0.000000,0.000000,12.0,12.0,1528000.0
4890,0.000000,0.000000,12.0,12.0,1528000.0
4891,0.000000,0.000000,12.0,12.0,1528000.0
4892,0.000000,0.000000,12.0,12.0,1528000.0
4893,0.000000,0.000000,12.0,12.0,1528000.0
4894,0.000000,0.000000,12.0,12.0,1528000.0
4895,0.000000,0.000000,12.0,12.0,1528000.0
4896,0.000000,0.000000,12.0,12.0,1528000.0
4897,0.000000,0.000000,12.0,12.0,1528000.0
4898,0.000000,0.000000,12.0,12.0,1528000.0
4899,0.000000,0.000000,12.0,12.0,1528000.0
4900,0.000000,0.000000,12.0,12.0,1528000.0
4901,0.000000,0.000000,12.0,12.0,1528000.0
4902,0.000000,0.000000,12.0,12.0,1528000.0
4903,0.000000,0.000000,12.0,12.0,1528000.0
4904,0.000000,0.000000,12.0,12.0,1528000.0
4905,0.000000,0.000000,12.0,12.0,1528000.0
4906,0.000000,0.000000,12.0,12.0,1528000.0
4907,0.000000,0.000000,12.0,12.0,1528000.0
4908,0.000000,0.000000,12.0,12.0,1528000.0
4909,0.000000,0.000000,12.0,12.0,1528000.0
4910,0.000000,0.000000,12.0,12.0,1528000.0
4911,0.000000,0.000000,12.0,12.0,1528000.0
4912,0.000000,0.000000,12.0,12.0,1528000.0
4913,0.000000,0.000000,12.0,12.0,1528000.0
4914,0.000000,0.000000,12.0,12.0,1528000.0
4915,0.000000,0.000000,12.0,12.0,1528000.0
4916,0.000000,0.000000,12.0,12.0,1528000.0
4917,0.000000,0.000000,12.0,12.0,1528000.0
4918,0.000000,0.000000,12.0,12.0,1528000.0
4919,0.000000,0.000000,12.0,12.0,1528000.0
4920,0.000000,0.000000,12.0,12.0,1528000.0
4921,0.000000,0.000000,12.0,12.0,1528000.0
4922,0.000000,0.000000,12.0,12.0,1528000.0
4923,0.000000,0.000000,12.0,12.0,1528000.0
4924,0.000000,0.000000,12.0,12.0,1528000.0
4925,0.000000,0.000000,12.0,12.0,1528000.0
4926,0.000000,0.000000,12.0,12.0,1528000.0
4927,0.000000,0.000000,12.0,12.0,1528000.0
4928,0.000000,0.000000,12.0,12.0,1528000.0
4929,0.000000,0.000000,12.0,12.0,1528000.0
4930,0.000000,0.000000,12.0,12.0,1528000.0
4931,0.000000,0.000000,12.0,12.0,1528000.0
4932,0.000000,0.000000,12.0,12.0,1528000.0
4933,0.000000,0.000000,12.0,12.0,1528000.0
4934,0.000000,0.000000,12.0,12.0,1528000.0
4935,0.000000,0.000000,12.0,12.0,1528000.0
4936,0.000000,0.000000,12.0,12.0,1528000.0
4937,0.000000,0.000000,12.0,12.0,1528000.0
4938,0.000000,0.000000,12.0,12.0,1528000.0
4939,0.000000,0.000000,12.0,12.0,1528000.0
4940,0.000000,0.000000,12.0,12.0,1528000.0
4941,0.000000,0.000000,12.0,12.0,1528000.0
4942,0.000000,0.000000,12.0,12.0,1528000.0
4943,0.000000,0.000000,12.0,12.0,1528000.0
4944,0.000000,0.000000,12.0,12.0,1528000.0
4945,0.000000,0.000000,12.0,12.0,1528000.0
4946,0.000000,0.000000,12.0,12.0,1528000.0
4947,0.000000,0.000000,12.0,12.0,1528000.0
4948,0.000000,0.000000,12.0,12.0,1528000.0
4949,0.000000,0.000000,12.0,12.0,1528000.0
4950,0.000000,0.000000,12.0,12.0,1528000.0
4951,0.000000,0.000000,12.0,12.0,1528000.0
4952,0.000000,0.000000,12.0,12.0,1528000.0
4953,0.000000,0.000000,12.0,12.0,1528000.0
4954,0.000000,0.000000,12.0,12.0,1528000.0
4955,0.000000,0.000000,12.0,12.0,1528000.0
4956,0.000000,0.000000,12.0,12.0,1528000.0
4957,0.000000,0.000000,12.0,12.0,1528000.0
4958,0.000000,0.000000,12.0,12.0,1528000.0
4959,0.000000,0.000000,12.0,12.0,1528000.0
4960,0.000000,0.000000,12.0,12.0,1528000.0
4961,0.000000,0.000000,12.0,12.0,1528000.0
4962,0.000000,0.000000,12.0,12.0,1528000.0
4963,0.000000,0.000000,12.0,12.0,1528000.0
4964,0.000000,0.000000,12.0,12.0,1528000.0
4965,0.000000,0.000000,12.0,12.0,1528000.0
4966,0.000000,0.000000,12.0,12.0,1528000.0
4967,0.000000,0.000000,12.0,12.0,1528000.0
4968,0.000000,0.000000,12.0,12.0,1528000.0
4969,0.000000,0.000000,12.0,12.0,1528000.0
4970,0.000000,0.000000,12.0,12.0,1528000.0
4971,0.000000,0.000000,12.0,12.0,1528000.0
4972,0.000000,0.000000,12.0,12.0,1528000.0
4973,0.000000,0.000000,12.0,12.0,1528000.0
4974,0.000000,0.000000,12.0,12.0,1528000.0
4975,0.000000,0.000000,12.0,12.0,1528000.0
4976,0.000000,0.000000,12.0,12.0,1528000.0
4977,0.000000,0.000000,12.0,12.0,1528000.0
4978,0.000000,0.000000,12.0,12.0,1528000.0
4979,0.000000,0.000000,12.0,12.0,1528000.0
4980,0.000000,0.000000,12.0,12.0,1528000.0
4981,0.000000,0.000000,12.0,12.0,1528000.0
4982,0.000000,0.000000,12.0,12.0,1528000.0
4983,0.000000,0.000000,12.0,12.0,1528000.0
4984,0.000000,0.000000,12.0,12.0,1528000.0
4985,0.000000,0.000000,12.0,12.0,1528000.0
4986,0.000000,0.000000,12.0,12.0,1528000.0
4987,0.000000,0.000000,12.0,12.0,1528000.0
4988,0.000000,0.000000,12.0,12.0,1528000.0
4989,0.000000,0.000000,12.0,12.0,1528000.0
4990,0.000000,0.000000,12.0,12.0,1528000.0
4991,0.000000,0.000000,12.0,12.0,1528000.0
4992,0.000000,0.000000,12.0,12.0,1528000.0
4993,0.000000,0.000000,12.0,12.0,1528000.0
4994,0.000000,0.000000,12.0,12.0,1528000.0
4995,0.000000,0.000000,12.0,12.0,1528000.0
4996,0.000000,0.000000,12.0,12.0,1528000.0
4997,0.000000,0.000000,12.0,12.0,1528000.0
4998,0.000000,0.000000,12.0,12.0,1528000.0
4999,0.000000,0.000000,12.0,12.0,1528000.0
5000,0.000000,0.000000,12.0,12.0,1528000.0
5001,0.000000,0.000000,12.0,12.0,1528000.0
5002,0.000000,0.000000,12.0,12.0,1528000.0
5003,0.000000,0.000000,12.0,12.0,1528000.0
5004,0.000000,0.000000,12.0,12.0,1528000.0
5005,0.000000,0.000000,12.0,12.0,1528000.0
5006,0.000000,0.000000,12.0,12.0,1528000.0
5007,0.000000,0.000000,12.0,12.0,1528000.0
5008,0.000000,0.000000,12.0,12.0,1528000.0
5009,0.000000,0.000000,12.0,12.0,1528000.0
5010,0.000000,0.000000,12.0,12.0,1528000.0
5011,0.000000,0.000000,12.0,12.0,1528000.0
5012,0.000000,0.000000,12.0,12.0,1528000.0
5013,0.000000,0.000000,12.0,12.0,1528000.0
5014,0.000000,0.000000,12.0,12.0,1528000.0
5015,0.000000,0.000000,12.0,12.0,1528000.0
5016,0.000000,0.000000,12.0,12.0,1528000.0
5017,0.000000,0.000000,12.0,12.0,1528000.0
5018,0.000000,0.000000,12.0,12.0,1528000.0
5019,0.000000,0.000000,12.0,12.0,1528000.0
5020,0.000000,0.000000,12.0,12.0,1528000.0
5021,0.000000,0.000000,12.0,12.0,1528000.0
5022,0.000000,0.000000,12.0,12.0,1528000.0
5023,0.000000,0.000000,12.0,12.0,1528000.0
5024,0.000000,0.000000,12.0,12.0,1528000.0
5025,0.000000,0.000000,12.0,12.0,1528000.0
5026,0.000000,0.000000,12.0,12.0,1528000.0
5027,0.000000,0.000000,12.0,12.0,1528000.0
5028,0.000000,0.000000,12.0,12.0,1528000.0
5029,0.000000,0.000000,12.0,12.0,1528000.0
5030,0.000000,0.000000,12.0,12.0,1528000.0
5031,0.000000,0.000000,12.0,12.0,1528000.0
5032,0.000000,0.000000,12.0,12.0,1528000.0
5033,0.000000,0.000000,12.0,12.0,1528000.0
5034,0.000000,0.000000,12.0,12.0,1528000.0
5035,0.000000,0.000000,12.0,12.0,1528000.0
5036,0.000000,0.000000,12.0,12.0,1528000.0
5037,0.000000,0.000000,12.0,12.0,1528000.0
5038,0.000000,0.000000,12.0,12.0,1528000.0
5039,0.000000,0.000000,12.0,12.0,1528000.0
5040,0.000000,0.000000,12.0,12.0,1528000.0
5041,0.000000,0.000000,12.0,12.0,1528000.0
5042,0.000000,0.000000,12.0,12.0,1528000.0
5043,0.000000,0.000000,12.0,12.0,1528000.0
5044,0.000000,0.000000,12.0,12.0,1528000.0
5045,0.000000,0.000000,12.0,12.0,1528000.0
5046,0.000000,0.000000,12.0,12.0,1528000.0
5047,0.000000,0.000000,12.0,12.0,1528000.0
5048,0.000000,0.000000,12.0,12.0,1528000.0
5049,0.000000,0.000000,12.0,12.0,1528000.0
5050,0.000000,0.000000,12.0,12.0,1528000.0
5051,0.000000,0.000000,12.0,12.0,1528000.0
5052,0.000000,0.000000,12.0,12.0,1528000.0
5053,0.000000,0.000000,12.0,12.0,1528000.0
5054,0.000000,0.000000,12.0,12.0,1528000.0
5055,0.000000,0.000000,12.0,12.0,1528000.0
5056,0.000000,0.000000,12.0,12.0,1528000.0
5057,0.000000,0.000000,12.0,12.0,1528000.0
5058,0.000000,0.000000,12.0,12.0,1528000.0
5059,0.000000,0.000000,12.0,12.0,1528000.0
5060,0.000000,0.000000,12.0,12.0,1528000.0
5061,0.000000,0.000000,12.0,12.0,1528000.0
5062,0.000000,0.000000,12.0,12.0,1528000.0
5063,0.000000,0.000000,12.0,12.0,1528000.0
5064,0.000000,0.000000,12.0,12.0,1528000.0
5065,0.000000,0.000000,12.0,12.0,1528000.0
5066,0.000000,0.000000,12.0,12.0,1528000.0
5067,0.000000,0.000000,12.0,12.0,1528000.0
5068,0.000000,0.000000,12.0,12.0,1528000.0
5069,0.000000,0.000000,12.0,12.0,1528000.0
5070,0.000000,0.000000,12.0,12.0,1528000.0
5071,0.000000,0.000000,12.0,12.0,1528000.0
5072,0.000000,0.000000,12.0,12.0,1528000.0
5073,0.000000,0.000000,12.0,12.0,1528000.0
5074,0.000000,0.000000,12.0,12.0,1528000.0
5075,0.000000,0.000000,12.0,12.0,1528000.0
5076,0.000000,0.000000,12.0,12.0,1528000.0
5077,0.000000,0.000000,12.0,12.0,1528000.0
5078,0.000000,0.000000,12.0,12.0,1528000.0
5079,0.000000,0.000000,12.0,12.0,1528000.0
5080,0.000000,0.000000,12.0,12.0,1528000.0
5081,0.000000,0.000000,12.0,12.0,1528000.0
5082,0.000000,0.000000,12.0,12.0,1528000.0
5083,0.000000,0.000000,12.0,12.0,1528000.0
5084,0.000000,0.000000,12.0,12.0,1528000.0
5085,0.000000,0.000000,12.0,12.0,1528000.0
5086,0.000000,0.000000,12.0,12.0,1528000.0
5087,0.000000,0.000000,12.0,12.0,1528000.0
5088,0.000000,0.000000,12.0,12.0,1528000.0
5089,0.000000,0.000000,12.0,12.0,1528000.0
5090,0.000000,0.000000,12.0,12.0,1528000.0
5091,0.000000,0.000000,12.0,12.0,1528000.0
5092,0.000000,0.000000,12.0,12.0,1528000.0
5093,0.000000,0.000000,12.0,12.0,1528000.0
5094,0.000000,0.000000,12.0,12.0,1528000.0
5095,0.000000,0.000000,12.0,12.0,1528000.0
5096,0.000000,0.000000,12.0,12.0,1528000.0
5097,0.000000,0.000000,12.0,12.0,1528000.0
5098,0.000000,0.000000,12.0,12.0,1528000.0
5099,0.000000,0.000000,12.0,12.0,1528000.0
5100,0.000000,0.000000,12.0,12.0,1528000.0
5101,0.000000,0.000000,12.0,12.0,1528000.0
5102,0.000000,0.000000,12.0,12.0,1528000.0
5103,0.000000,0.000000,12.0,12.0,1528000.0
5104,0.000000,0.000000,12.0,12.0,1528000.0
5105,0.000000,0.000000,12.0,12.0,1528000.0
5106,0.000000,0.000000,12.0,12.0,1528000.0
5107,0.000000,0.000000,12.0,12.0,1528000.0
5108,0.000000,0.000000,12.0,12.0,1528000.0
5109,0.000000,0.000000,12.0,12.0,1528000.0
5110,0.000000,0.000000,12.0,12.0,1528000.0
5111,0.000000,0.000000,12.0,12.0,1528000.0
5112,0.000000,0.000000,12.0,12.0,1528000.0
5113,0.000000,0.000000,12.0,12.0,1528000.0
5114,0.000000,0.000000,12.0,12.0,1528000.0
5115,0.000000,0.000000,12.0,12.0,1528000.0
5116,0.000000,0.000000,12.0,12.0,1528000.0
5117,0.000000,0.000000,12.0,12.0,1528000.0
5118,0.000000,0.000000,12.0,12.0,1528000.0
5119,0.000000,0.000000,12.0,12.0,1528000.0
5120,0.000000,0.000000,12.0,12.0,1528000.0
5121,0.000000,0.000000,12.0,12.0,1528000.0
5122,0.000000,0.000000,12.0,12.0,1528000.0
5123,0.000000,0.000000,12.0,12.0,1528000.0
5124,0.000000,0.000000,12.0,12.0,1528000.0
5125,0.000000,0.000000,12.0,12.0,1528000.0
5126,0.000000,0.000000,12.0,12.0,1528000.0
5127,0.000000,0.000000,12.0,12.0,1528000.0
5128,0.000000,0.000000,12.0,12.0,1528000.0
5129,0.000000,0.000000,12.0,12.0,1528000.0
5130,0.000000,0.000000,12.0,12.0,1528000.0
5131,0.000000,0.000000,12.0,12.0,1528000.0
5132,0.000000,0.000000,12.0,12.0,1528000.0
5133,0.000000,0.000000,12.0,12.0,1528000.0
5134,0.000000,0.000000,12.0,12.0,1528000.0
5135,0.000000,0.000000,12.0,12.0,1528000.0
5136,0.000000,0.000000,12.0,12.0,1528000.0
5137,0.000000,0.000000,12.0,12.0,1528000.0
5138,0.000000,0.000000,12.0,12.0,1528000.0
5139,0.000000,0.000000,12.0,12.0,1528000.0
5140,0.000000,0.000000,12.0,12.0,1528000.0
5141,0.000000,0.000000,12.0,12.0,1528000.0
5142,0.000000,0.000000,12.0,12.0,1528000.0
5143,0.000000,0.000000,12.0,12.0,1528000.0
5144,0.000000,0.000000,12.0,12.0,1528000.0
5145,0.000000,0.000000,12.0,12.0,1528000.0
5146,0.000000,0.000000,12.0,12.0,1528000.0
5147,0.000000,0.000000,12.0,12.0,1528000.0
5148,0.000000,0.000000,12.0,12.0,1528000.0
5149,0.000000,0.000000,12.0,12.0,1528000.0
5150,0.000000,0.000000,12.0,12.0,1528000.0
5151,0.000000,0.000000,12.0,12.0,1528000.0
5152,0.000000,0.000000,12.0,12.0,1528000.0
5153,0.000000,0.000000,12.0,12.0,1528000.0
5154,0.000000,0.000000,12.0,12.0,1528000.0
5155,0.000000,0.000000,12.0,12.0,1528000.0
5156,0.000000,0.000000,12.0,12.0,1528000.0
5157,0.000000,0.000000,12.0,12.0,1528000.0
5158,0.000000,0.000000,12.0,12.0,1528000.0
5159,0.000000,0.000000,12.0,12.0,1528000.0
5160,0.000000,0.000000,12.0,12.0,1528000.0
5161,0.000000,0.000000,12.0,12.0,1528000.0
5162,0.000000,0.000000,12.0,12.0,1528000.0
5163,0.000000,0.000000,12.0,12.0,1528000.0
5164,0.000000,0.000000,12.0,12.0,1528000.0
5165,0.000000,0.000000,12.0,12.0,1528000.0
5166,0.000000,0.000000,12.0,12.0,1528000.0
5167,0.000000,0.000000,12.0,12.0,1528000.0
5168,0.000000,0.000000,12.0,12.0,1528000.0
5169,0.000000,0.000000,12.0,12.0,1528000.0
5170,0.000000,0.000000,12.0,12.0,1528000.0
5171,0.000000,0.000000,12.0,12.0,1528000.0
5172,0.000000,0.000000,12.0,12.0,1528000.0
5173,0.000000,0.000000,12.0,12.0,1528000.0
5174,0.000000,0.000000,12.0,12.0,1528000.0
5175,0.000000,0.000000,12.0,12.0,1528000.0
5176,0.000000,0.000000,12.0,12.0,1528000.0
5177,0.000000,0.000000,12.0,12.0,1528000.0
5178,0.000000,0.000000,12.0,12.0,1528000.0
5179,0.000000,0.000000,12.0,12.0,1528000.0
5180,0.000000,0.000000,12.0,12.0,1528000.0
5181,0.000000,0.000000,12.0,12.0,1528000.0
5182,0.000000,0.000000,12.0,12.0,1528000.0
5183,0.000000,0.000000,12.0,12.0,1528000.0
5184,0.000000,0.000000,12.0,12.0,1528000.0
5185,0.000000,0.000000,12.0,12.0,1528000.0
5186,0.000000,0.000000,12.0,12.0,1528000.0
5187,0.000000,0.000000,12.0,12.0,1528000.0
5188,0.000000,0.000000,12.0,12.0,1528000.0
5189,0.000000,0.000000,12.0,12.0,1528000.0
5190,0.000000,0.000000,12.0,12.0,1528000.0
5191,0.000000,0.000000,12.0,12.0,1528000.0
5192,0.000000,0.000000,12.0,12.0,1528000.0
5193,0.000000,0.000000,12.0,12.0,1528000.0
5194,0.000000,0.000000,12.0,12.0,1528000.0
5195,0.000000,0.000000,12.0,12.0,1528000.0
5196,0.000000,0.000000,12.0,12.0,1528000.0
5197,0.000000,0.000000,12.0,12.0,1528000.0
5198,0.000000,0.000000,12.0,12.0,1528000.0
5199,0.000000,0.000000,12.0,12.0,1528000.0
5200,0.000000,0.000000,12.0,12.0,1528000.0
5201,0.000000,0.000000,12.0,12.0,1528000.0
5202,0.000000,0.000000,12.0,12.0,1528000.0
5203,0.000000,0.000000,12.0,12.0,1528000.0
5204,0.000000,0.000000,12.0,12.0,1528000.0
5205,0.000000,0.000000,12.0,12.0,1528000.0
5206,0.000000,0.000000,12.0,12.0,1528000.0
5207,0.000000,0.000000,12.0,12.0,1528000.0
5208,0.000000,0.000000,12.0,12.0,1528000.0
5209,0.000000,0.000000,12.0,12.0,1528000.0
5210,0.000000,0.000000,12.0,12.0,1528000.0
5211,0.000000,0.000000,12.0,12.0,1528000.0
5212,0.000000,0.000000,12.0,12.0,1528000.0
5213,0.000000,0.000000,12.0,12.0,1528000.0
5214,0.000000,0.000000,12.0,12.0,1528000.0
5215,0.000000,0.000000,12.0,12.0,1528000.0
5216,0.000000,0.000000,12.0,12.0,1528000.0
5217,0.000000,0.000000,12.0,12.0,1528000.0
5218,0.000000,0.000000,12.0,12.0,1528000.0
5219,0.000000,0.000000,12.0,12.0,1528000.0
5220,0.000000,0.000000,12.0,12.0,1528000.0
5221,0.000000,0.000000,12.0,12.0,1528000.0
5222,0.000000,0.000000,12.0,12.0,1528000.0
5223,0.000000,0.000000,12.0,12.0,1528000.0
5224,0.000000,0.000000,12.0,12.0,1528000.0
5225,0.000000,0.000000,12.0,12.0,1528000.0
5226,0.000000,0.000000,12.0,12.0,1528000.0
5227,0.000000,0.000000,12.0,12.0,1528000.0
5228,0.000000,0.000000,12.0,12.0,1528000.0
5229,0.000000,0.000000,12.0,12.0,1528000.0
5230,0.000000,0.000000,12.0,12.0,1528000.0
5231,0.000000,0.000000,12.0,12.0,1528000.0
5232,0.000000,0.000000,12.0,12.0,1528000.0
5233,0.000000,0.000000,12.0,12.0,1528000.0
5234,0.000000,0.000000,12.0,12.0,1528000.0
5235,0.000000,0.000000,12.0,12.0,1528000.0
5236,0.000000,0.000000,12.0,12.0,1528000.0
5237,0.000000,0.000000,12.0,12.0,1528000.0
5238,0.000000,0.000000,12.0,12.0,1528000.0
5239,0.000000,0.000000,12.0,12.0,1528000.0
5240,0.000000,0.000000,12.0,12.0,1528000.0
5241,0.000000,0.000000,12.0,12.0,1528000.0
5242,0.000000,0.000000,12.0,12.0,1528000.0
5243,0.000000,0.000000,12.0,12.0,1528000.0
5244,0.000000,0.000000,12.0,12.0,1528000.0
5245,0.000000,0.000000,12.0,12.0,1528000.0
5246,0.000000,0.000000,12.0,12.0,1528000.0
5247,0.000000,0.000000,12.0,12.0,1528000.0
5248,0.000000,0.000000,12.0,12.0,1528000.0
5249,0.000000,0.000000,12.0,12.0,1528000.0
5250,0.000000,0.000000,12.0,12.0,1528000.0
5251,0.000000,0.000000,12.0,12.0,1528000.0
5252,0.000000,0.000000,12.0,12.0,1528000.0
5253,0.000000,0.000000,12.0,12.0,1528000.0
5254,0.000000,0.000000,12.0,12.0,1528000.0
5255,0.000000,0.000000,12.0,12.0,1528000.0
5256,0.000000,0.000000,12.0,12.0,1528000.0
5257,0.000000,0.000000,12.0,12.0,1528000.0
5258,0.000000,0.000000,12.0,12.0,1528000.0
5259,0.000000,0.000000,12.0,12.0,1528000.0
5260,0.000000,0.000000,12.0,12.0,1528000.0
5261,0.000000,0.000000,12.0,12.0,1528000.0
5262,0.000000,0.000000,12.0,12.0,1528000.0
5263,0.000000,0.000000,12.0,12.0,1528000.0
5264,0.000000,0.000000,12.0,12.0,1528000.0
5265,0.000000,0.000000,12.0,12.0,1528000.0
5266,0.000000,0.000000,12.0,12.0,1528000.0
5267,0.000000,0.000000,12.0,12.0,1528000.0
5268,0.000000,0.000000,12.0,12.0,1528000.0
5269,0.000000,0.000000,12.0,12.0,1528000.0
5270,0.000000,0.000000,12.0,12.0,1528000.0
5271,0.000000,0.000000,12.0,12.0,1528000.0
5272,0.000000,0.000000,12.0,12.0,1528000.0
5273,0.000000,0.000000,12.0,12.0,1528000.0
5274,0.000000,0.000000,12.0,12.0,1528000.0
5275,0.000000,0.000000,12.0,12.0,1528000.0
5276,0.000000,0.000000,12.0,12.0,1528000.0
5277,0.000000,0.000000,12.0,12.0,1528000.0
5278,0.000000,0.000000,12.0,12.0,1528000.0
5279,0.000000,0.000000,12.0,12.0,1528000.0
5280,0.000000,0.000000,12.0,12.0,1528000.0
5281,0.000000,0.000000,12.0,12.0,1528000.0
5282,0.000000,0.000000,12.0,12.0,1528000.0
5283,0.000000,0.000000,12.0,12.0,1528000.0
5284,0.000000,0.000000,12.0,12.0,1528000.0
5285,0.000000,0.000000,12.0,12.0,1528000.0
5286,0.000000,0.000000,12.0,12.0,1528000.0
5287,0.000000,0.000000,12.0,12.0,1528000.0
5288,0.000000,0.000000,12.0,12.0,1528000.0
5289,0.000000,0.000000,12.0,12.0,1528000.0
5290,0.000000,0.000000,12.0,12.0,1528000.0
5291,0.000000,0.000000,12.0,12.0,1528000.0
5292,0.000000,0.000000,12.0,12.0,1528000.0
5293,0.000000,0.000000,12.0,12.0,1528000.0
5294,0.000000,0.000000,12.0,12.0,1528000.0
5295,0.000000,0.000000,12.0,12.0,1528000.0
5296,0.000000,0.000000,12.0,12.0,1528000.0
5297,0.000000,0.000000,12.0,12.0,1528000.0
5298,0.000000,0.000000,12.0,12.0,1528000.0
5299,0.000000,0.000000,12.0,12.0,1528000.0
5300,0.000000,0.000000,12.0,12.0,1528000.0
5301,0.000000,0.000000,12.0,12.0,1528000.0
5302,0.000000,0.000000,12.0,12.0,1528000.0
5303,0.000000,0.000000,12.0,12.0,1528000.0
5304,0.000000,0.000000,12.0,12.0,1528000.0
5305,0.000000,0.000000,12.0,12.0,1528000.0
5306,0.000000,0.000000,12.0,12.0,1528000.0
5307,0.000000,0.000000,12.0,12.0,1528000.0
5308,0.000000,0.000000,12.0,12.0,1528000.0
5309,0.000000,0.000000,12.0,12.0,1528000.0
5310,0.000000,0.000000,12.0,12.0,1528000.0
5311,0.000000,0.000000,12.0,12.0,1528000.0
5312,0.000000,0.000000,12.0,12.0,1528000.0
5313,0.000000,0.000000,12.0,12.0,1528000.0
5314,0.000000,0.000000,12.0,12.0,1528000.0
5315,0.000000,0.000000,12.0,12.0,1528000.0
5316,0.000000,0.000000,12.0,12.0,1528000.0
5317,0.000000,0.000000,12.0,12.0,1528000.0
5318,0.000000,0.000000,12.0,12.0,1528000.0
5319,0.000000,0.000000,12.0,12.0,1528000.0
5320,0.000000,0.000000,12.0,12.0,1528000.0
5321,0.000000,0.000000,12.0,12.0,1528000.0
5322,0.000000,0.000000,12.0,12.0,1528000.0
5323,0.000000,0.000000,12.0,12.0,1528000.0
5324,0.000000,0.000000,12.0,12.0,1528000.0
5325,0.000000,0.000000,12.0,12.0,1528000.0
5326,0.000000,0.000000,12.0,12.0,1528000.0
5327,0.000000,0.000000,12.0,12.0,1528000.0
5328,0.000000,0.000000,12.0,12.0,1528000.0
5329,0.000000,0.000000,12.0,12.0,1528000.0
5330,0.000000,0.000000,12.0,12.0,1528000.0
5331,0.000000,0.000000,12.0,12.0,1528000.0
5332,0.000000,0.000000,12.0,12.0,1528000.0
5333,0.000000,0.000000,12.0,12.0,1528000.0
5334,0.000000,0.000000,12.0,12.0,1528000.0
5335,0.000000,0.000000,12.0,12.0,1528000.0
5336,0.000000,0.000000,12.0,12.0,1528000.0
5337,0.000000,0.000000,12.0,12.0,1528000.0
5338,0.000000,0.000000,12.0,12.0,1528000.0
5339,0.000000,0.000000,12.0,12.0,1528000.0
5340,0.000000,0.000000,12.0,12.0,1528000.0
5341,0.000000,0.000000,12.0,12.0,1528000.0
5342,0.000000,0.000000,12.0,12.0,1528000.0
5343,0.000000,0.000000,12.0,12.0,1528000.0
5344,0.000000,0.000000,12.0,12.0,1528000.0
5345,0.000000,0.000000,12.0,12.0,1528000.0
5346,0.000000,0.000000,12.0,12.0,1528000.0
5347,0.000000,0.000000,12.0,12.0,1528000.0
5348,0.000000,0.000000,12.0,12.0,1528000.0
5349,0.000000,0.000000,12.0,12.0,1528000.0
5350,0.000000,0.000000,12.0,12.0,1528000.0
5351,0.000000,0.000000,12.0,12.0,1528000.0
5352,0.000000,0.000000,12.0,12.0,1528000.0
5353,0.000000,0.000000,12.0,12.0,1528000.0
5354,0.000000,0.000000,12.0,12.0,1528000.0
5355,0.000000,0.000000,12.0,12.0,1528000.0
5356,0.000000,0.000000,12.0,12.0,1528000.0
5357,0.000000,0.000000,12.0,12.0,1528000.0
5358,0.000000,0.000000,12.0,12.0,1528000.0
5359,0.000000,0.000000,12.0,12.0,1528000.0
5360,0.000000,0.000000,12.0,12.0,1528000.0
5361,0.000000,0.000000,12.0,12.0,1528000.0
5362,0.000000,0.000000,12.0,12.0,1528000.0
5363,0.000000,0.000000,12.0,12.0,1528000.0
5364,0.000000,0.000000,12.0,12.0,1528000.0
5365,0.000000,0.000000,12.0,12.0,1528000.0
5366,0.000000,0.000000,12.0,12.0,1528000.0
5367,0.000000,0.000000,12.0,12.0,1528000.0
5368,0.000000,0.000000,12.0,12.0,1528000.0
5369,0.000000,0.000000,12.0,12.0,1528000.0
5370,0.000000,0.000000,12.0,12.0,1528000.0
5371,0.000000,0.000000,12.0,12.0,1528000.0
5372,0.000000,0.000000,12.0,12.0,1528000.0
5373,0.000000,0.000000,12.0,12.0,1528000.0
5374,0.000000,0.000000,12.0,12.0,1528000.0
5375,0.000000,0.000000,12.0,12.0,1528000.0
5376,0.000000,0.000000,12.0,12.0,1528000.0
5377,0.000000,0.000000,12.0,12.0,1528000.0
5378,0.000000,0.000000,12.0,12.0,1528000.0
5379,0.000000,0.000000,12.0,12.0,1528000.0
5380,0.000000,0.000000,12.0,12.0,1528000.0
5381,0.000000,0.000000,12.0,12.0,1528000.0
5382,0.000000,0.000000,12.0,12.0,1528000.0
5383,0.000000,0.000000,12.0,12.0,1528000.0
5384,0.000000,0.000000,12.0,12.0,1528000.0
5385,0.000000,0.000000,12.0,12.0,1528000.0
5386,0.000000,0.000000,12.0,12.0,1528000.0
5387,0.000000,0.000000,12.0,12.0,1528000.0
5388,0.000000,0.000000,12.0,12.0,1528000.0
5389,0.000000,0.000000,12.0,12.0,1528000.0
5390,0.000000,0.000000,12.0,12.0,1528000.0
5391,0.000000,0.000000,12.0,12.0,1528000.0
5392,0.000000,0.000000,12.0,12.0,1528000.0
5393,0.000000,0.000000,12.0,12.0,1528000.0
5394,0.000000,0.000000,12.0,12.0,1528000.0
5395,0.000000,0.000000,12.0,12.0,1528000.0
5396,0.000000,0.000000,12.0,12.0,1528000.0
5397,0.000000,0.000000,12.0,12.0,1528000.0
5398,0.000000,0.000000,12.0,12.0,1528000.0
5399,0.000000,0.000000,12.0,12.0,1528000.0
5400,0.000000,0.000000,12.0,12.0,1528000.0
5401,0.000000,0.000000,12.0,12.0,1528000.0
5402,0.000000,0.000000,12.0,12.0,1528000.0
5403,0.000000,0.000000,12.0,12.0,1528000.0
5404,0.000000,0.000000,12.0,12.0,1528000.0
5405,0.000000,0.000000,12.0,12.0,1528000.0
5406,0.000000,0.000000,12.0,12.0,1528000.0
5407,0.000000,0.000000,12.0,12.0,1528000.0
5408,0.000000,0.000000,12.0,12.0,1528000.0
5409,0.000000,0.000000,12.0,12.0,1528000.0
5410,0.000000,0.000000,12.0,12.0,1528000.0
5411,0.000000,0.000000,12.0,12.0,1528000.0
5412,0.000000,0.000000,12.0,12.0,1528000.0
5413,0.000000,0.000000,12.0,12.0,1528000.0
5414,0.000000,0.000000,12.0,12.0,1528000.0
5415,0.000000,0.000000,12.0,12.0,1528000.0
5416,0.000000,0.000000,12.0,12.0,1528000.0
5417,0.000000,0.000000,12.0,12.0,1528000.0
5418,0.000000,0.000000,12.0,12.0,1528000.0
5419,0.000000,0.000000,12.0,12.0,1528000.0
5420,0.000000,0.000000,12.0,12.0,1528000.0
5421,0.000000,0.000000,12.0,12.0,1528000.0
5422,0.000000,0.000000,12.0,12.0,1528000.0
5423,0.000000,0.000000,12.0,12.0,1528000.0
5424,0.000000,0.000000,12.0,12.0,1528000.0
5425,0.000000,0.000000,12.0,12.0,1528000.0
5426,0.000000,0.000000,12.0,12.0,1528000.0
5427,0.000000,0.000000,12.0,12.0,1528000.0
5428,0.000000,0.000000,12.0,12.0,1528000.0
5429,0.000000,0.000000,12.0,12.0,1528000.0
5430,0.000000,0.000000,12.0,12.0,1528000.0
5431,0.000000,0.000000,12.0,12.0,1528000.0
5432,0.000000,0.000000,12.0,12.0,1528000.0
5433,0.000000,0.000000,12.0,12.0,1528000.0
5434,0.000000,0.000000,12.0,12.0,1528000.0
5435,0.000000,0.000000,12.0,12.0,1528000.0
5436,0.000000,0.000000,12.0,12.0,1528000.0
5437,0.000000,0.000000,12.0,12.0,1528000.0
5438,0.000000,0.000000,12.0,12.0,1528000.0
5439,0.000000,0.000000,12.0,12.0,1528000.0
5440,0.000000,0.000000,12.0,12.0,1528000.0
5441,0.000000,0.000000,12.0,12.0,1528000.0
5442,0.000000,0.000000,12.0,12.0,1528000.0
5443,0.000000,0.000000,12.0,12.0,1528000.0
5444,0.000000,0.000000,12.0,12.0,1528000.0
5445,0.000000,0.000000,12.0,12.0,1528000.0
5446,0.000000,0.000000,12.0,12.0,1528000.0
5447,0.000000,0.000000,12.0,12.0,1528000.0
5448,0.000000,0.000000,12.0,12.0,1528000.0
5449,0.000000,0.000000,12.0,12.0,1528000.0
5450,0.000000,0.000000,12.0,12.0,1528000.0
5451,0.000000,0.000000,12.0,12.0,1528000.0
5452,0.000000,0.000000,12.0,12.0,1528000.0
5453,0.000000,0.000000,12.0,12.0,1528000.0
5454,0.000000,0.000000,12.0,12.0,1528000.0
5455,0.000000,0.000000,12.0,12.0,1528000.0
5456,0.000000,0.000000,12.0,12.0,1528000.0
5457,0.000000,0.000000,12.0,12.0,1528000.0
5458,0.000000,0.000000,12.0,12.0,1528000.0
5459,0.000000,0.000000,12.0,12.0,1528000.0
5460,0.000000,0.000000,12.0,12.0,1528000.0
5461,0.000000,0.000000,12.0,12.0,1528000.0
5462,0.000000,0.000000,12.0,12.0,1528000.0
5463,0.000000,0.000000,12.0,12.0,1528000.0
5464,0.000000,0.000000,12.0,12.0,1528000.0
5465,0.000000,0.000000,12.0,12.0,1528000.0
5466,0.000000,0.000000,12.0,12.0,1528000.0
5467,0.000000,0.000000,12.0,12.0,1528000.0
5468,0.000000,0.000000,12.0,12.0,1528000.0
5469,0.000000,0.000000,12.0,12.0,1528000.0
5470,0.000000,0.000000,12.0,12.0,1528000.0
5471,0.000000,0.000000,12.0,12.0,1528000.0
5472,0.000000,0.000000,12.0,12.0,1528000.0
5473,0.000000,0.000000,12.0,12.0,1528000.0
5474,0.000000,0.000000,12.0,12.0,1528000.0
5475,0.000000,0.000000,12.0,12.0,1528000.0
5476,0.000000,0.000000,12.0,12.0,1528000.0
5477,0.000000,0.000000,12.0,12.0,1528000.0
5478,0.000000,0.000000,12.0,12.0,1528000.0
5479,0.000000,0.000000,12.0,12.0,1528000.0
5480,0.000000,0.000000,12.0,12.0,1528000.0
5481,0.000000,0.000000,12.0,12.0,1528000.0
5482,0.000000,0.000000,12.0,12.0,1528000.0
5483,0.000000,0.000000,12.0,12.0,1528000.0
5484,0.000000,0.000000,12.0,12.0,1528000.0
5485,0.000000,0.000000,12.0,12.0,1528000.0
5486,0.000000,0.000000,12.0,12.0,1528000.0
5487,0.000000,0.000000,12.0,12.0,1528000.0
5488,0.000000,0.000000,12.0,12.0,1528000.0
5489,0.000000,0.000000,12.0,12.0,1528000.0
5490,0.000000,0.000000,12.0,12.0,1528000.0
5491,0.000000,0.000000,12.0,12.0,1528000.0
5492,0.000000,0.000000,12.0,12.0,1528000.0
5493,0.000000,0.000000,12.0,12.0,1528000.0
5494,0.000000,0.000000,12.0,12.0,1528000.0
5495,0.000000,0.000000,12.0,12.0,1528000.0
5496,0.000000,0.000000,12.0,12.0,1528000.0
5497,0.000000,0.000000,12.0,12.0,1528000.0
5498,0.000000,0.000000,12.0,12.0,1528000.0
5499,0.000000,0.000000,12.0,12.0,1528000.0
5500,0.000000,0.000000,12.0,12.0,1528000.0
5501,0.000000,0.000000,12.0,12.0,1528000.0
5502,0.000000,0.000000,12.0,12.0,1528000.0
5503,0.000000,0.000000,12.0,12.0,1528000.0
5504,0.000000,0.000000,12.0,12.0,1528000.0
5505,0.000000,0.000000,12.0,12.0,1528000.0
5506,0.000000,0.000000,12.0,12.0,1528000.0
5507,0.000000,0.000000,12.0,12.0,1528000.0
5508,0.000000,0.000000,12.0,12.0,1528000.0
5509,0.000000,0.000000,12.0,12.0,1528000.0
5510,0.000000,0.000000,12.0,12.0,1528000.0
5511,0.000000,0.000000,12.0,12.0,1528000.0
5512,0.000000,0.000000,12.0,12.0,1528000.0
5513,0.000000,0.000000,12.0,12.0,1528000.0
5514,0.000000,0.000000,12.0,12.0,1528000.0
5515,0.000000,0.000000,12.0,12.0,1528000.0
5516,0.000000,0.000000,12.0,12.0,1528000.0
5517,0.000000,0.000000,12.0,12.0,1528000.0
5518,0.000000,0.000000,12.0,12.0,1528000.0
5519,0.000000,0.000000,12.0,12.0,1528000.0
5520,0.000000,0.000000,12.0,12.0,1528000.0
5521,0.000000,0.000000,12.0,12.0,1528000.0
5522,0.000000,0.000000,12.0,12.0,1528000.0
5523,0.000000,0.000000,12.0,12.0,1528000.0
5524,0.000000,0.000000,12.0,12.0,1528000.0
5525,0.000000,0.000000,12.0,12.0,1528000.0
5526,0.000000,0.000000,12.0,12.0,1528000.0
5527,0.000000,0.000000,12.0,12.0,1528000.0
5528,0.000000,0.000000,12.0,12.0,1528000.0
5529,0.000000,0.000000,12.0,12.0,1528000.0
5530,0.000000,0.000000,12.0,12.0,1528000.0
5531,0.000000,0.000000,12.0,12.0,1528000.0
5532,0.000000,0.000000,12.0,12.0,1528000.0
5533,0.000000,0.000000,12.0,12.0,1528000.0
5534,0.000000,0.000000,12.0,12.0,1528000.0
5535,0.000000,0.000000,12.0,12.0,1528000.0
5536,0.000000,0.000000,12.0,12.0,1528000.0
5537,0.000000,0.000000,12.0,12.0,1528000.0
5538,0.000000,0.000000,12.0,12.0,1528000.0
5539,0.000000,0.000000,12.0,12.0,1528000.0
5540,0.000000,0.000000,12.0,12.0,1528000.0
5541,0.000000,0.000000,12.0,12.0,1528000.0
5542,0.000000,0.000000,12.0,12.0,1528000.0
5543,0.000000,0.000000,12.0,12.0,1528000.0
5544,0.000000,0.000000,12.0,12.0,1528000.0
5545,0.000000,0.000000,12.0,12.0,1528000.0
5546,0.000000,0.000000,12.0,12.0,1528000.0
5547,0.000000,0.000000,12.0,12.0,1528000.0
5548,0.000000,0.000000,12.0,12.0,1528000.0
5549,0.000000,0.000000,12.0,12.0,1528000.0
5550,0.000000,0.000000,12.0,12.0,1528000.0
5551,0.000000,0.000000,12.0,12.0,1528000.0
5552,0.000000,0.000000,12.0,12.0,1528000.0
5553,0.000000,0.000000,12.0,12.0,1528000.0
5554,0.000000,0.000000,12.0,12.0,1528000.0
5555,0.000000,0.000000,12.0,12.0,1528000.0
5556,0.000000,0.000000,12.0,12.0,1528000.0
5557,0.000000,0.000000,12.0,12.0,1528000.0
5558,0.000000,0.000000,12.0,12.0,1528000.0
5559,0.000000,0.000000,12.0,12.0,1528000.0
5560,0.000000,0.000000,12.0,12.0,1528000.0
5561,0.000000,0.000000,12.0,12.0,1528000.0
5562,0.000000,0.000000,12.0,12.0,1528000.0
5563,0.000000,0.000000,12.0,12.0,1528000.0
5564,0.000000,0.000000,12.0,12.0,1528000.0
5565,0.000000,0.000000,12.0,12.0,1528000.0
5566,0.000000,0.000000,12.0,12.0,1528000.0
5567,0.000000,0.000000,12.0,12.0,1528000.0
5568,0.000000,0.000000,12.0,12.0,1528000.0
5569,0.000000,0.000000,12.0,12.0,1528000.0
5570,0.000000,0.000000,12.0,12.0,1528000.0
5571,0.000000,0.000000,12.0,12.0,1528000.0
5572,0.000000,0.000000,12.0,12.0,1528000.0
5573,0.000000,0.000000,12.0,12.0,1528000.0
5574,0.000000,0.000000,12.0,12.0,1528000.0
5575,0.000000,0.000000,12.0,12.0,1528000.0
5576,0.000000,0.000000,12.0,12.0,1528000.0
5577,0.000000,0.000000,12.0,12.0,1528000.0
5578,0.000000,0.000000,12.0,12.0,1528000.0
5579,0.000000,0.000000,12.0,12.0,1528000.0
5580,0.000000,0.000000,12.0,12.0,1528000.0
5581,0.000000,0.000000,12.0,12.0,1528000.0
5582,0.000000,0.000000,12.0,12.0,1528000.0
5583,0.000000,0.000000,12.0,12.0,1528000.0
5584,0.000000,0.000000,12.0,12.0,1528000.0
5585,0.000000,0.000000,12.0,12.0,1528000.0
5586,0.000000,0.000000,12.0,12.0,1528000.0
5587,0.000000,0.000000,12.0,12.0,1528000.0
5588,0.000000,0.000000,12.0,12.0,1528000.0
5589,0.000000,0.000000,12.0,12.0,1528000.0
5590,0.000000,0.000000,12.0,12.0,1528000.0
5591,0.000000,0.000000,12.0,12.0,1528000.0
5592,0.000000,0.000000,12.0,12.0,1528000.0
5593,0.000000,0.000000,12.0,12.0,1528000.0
5594,0.000000,0.000000,12.0,12.0,1528000.0
5595,0.000000,0.000000,12.0,12.0,1528000.0
5596,0.000000,0.000000,12.0,12.0,1528000.0
5597,0.000000,0.000000,12.0,12.0,1528000.0
5598,0.000000,0.000000,12.0,12.0,1528000.0
5599,0.000000,0.000000,12.0,12.0,1528000.0
5600,0.000000,0.000000,12.0,12.0,1528000.0
5601,0.000000,0.000000,12.0,12.0,1528000.0
5602,0.000000,0.000000,12.0,12.0,1528000.0
5603,0.000000,0.000000,12.0,12.0,1528000.0
5604,0.000000,0.000000,12.0,12.0,1528000.0
5605,0.000000,0.000000,12.0,12.0,1528000.0
5606,0.000000,0.000000,12.0,12.0,1528000.0
5607,0.000000,0.000000,12.0,12.0,1528000.0
5608,0.000000,0.000000,12.0,12.0,1528000.0
5609,0.000000,0.000000,12.0,12.0,1528000.0
5610,0.000000,0.000000,12.0,12.0,1528000.0
5611,0.000000,0.000000,12.0,12.0,1528000.0
5612,0.000000,0.000000,12.0,12.0,1528000.0
5613,0.000000,0.000000,12.0,12.0,1528000.0
5614,0.000000,0.000000,12.0,12.0,1528000.0
5615,0.000000,0.000000,12.0,12.0,1528000.0
5616,0.000000,0.000000,12.0,12.0,1528000.0
5617,0.000000,0.000000,12.0,12.0,1528000.0
5618,0.000000,0.000000,12.0,12.0,1528000.0
5619,0.000000,0.000000,12.0,12.0,1528000.0
5620,0.000000,0.000000,12.0,12.0,1528000.0
5621,0.000000,0.000000,12.0,12.0,1528000.0
5622,0.000000,0.000000,12.0,12.0,1528000.0
5623,0.000000,0.000000,12.0,12.0,1528000.0
5624,0.000000,0.000000,12.0,12.0,1528000.0
5625,0.000000,0.000000,12.0,12.0,1528000.0
5626,0.000000,0.000000,12.0,12.0,1528000.0
5627,0.000000,0.000000,12.0,12.0,1528000.0
5628,0.000000,0.000000,12.0,12.0,1528000.0
5629,0.000000,0.000000,12.0,12.0,1528000.0
5630,0.000000,0.000000,12.0,12.0,1528000.0
5631,0.000000,0.000000,12.0,12.0,1528000.0
5632,0.000000,0.000000,12.0,12.0,1528000.0
5633,0.000000,0.000000,12.0,12.0,1528000.0
5634,0.000000,0.000000,12.0,12.0,1528000.0
5635,0.000000,0.000000,12.0,12.0,1528000.0
5636,0.000000,0.000000,12.0,12.0,1528000.0
5637,0.000000,0.000000,12.0,12.0,1528000.0
5638,0.000000,0.000000,12.0,12.0,1528000.0
5639,0.000000,0.000000,12.0,12.0,1528000.0
5640,0.000000,0.000000,12.0,12.0,1528000.0
5641,0.000000,0.000000,12.0,12.0,1528000.0
5642,0.000000,0.000000,12.0,12.0,1528000.0
5643,0.000000,0.000000,12.0,12.0,1528000.0
5644,0.000000,0.000000,12.0,12.0,1528000.0
5645,0.000000,0.000000,12.0,12.0,1528000.0
5646,0.000000,0.000000,12.0,12.0,1528000.0
5647,0.000000,0.000000,12.0,12.0,1528000.0
5648,0.000000,0.000000,12.0,12.0,1528000.0
5649,0.000000,0.000000,12.0,12.0,1528000.0
5650,0.000000,0.000000,12.0,12.0,1528000.0
5651,0.000000,0.000000,12.0,12.0,1528000.0
5652,0.000000,0.000000,12.0,12.0,1528000.0
5653,0.000000,0.000000,12.0,12.0,1528000.0
5654,0.000000,0.000000,12.0,12.0,1528000.0
5655,0.000000,0.000000,12.0,12.0,1528000.0
5656,0.000000,0.000000,12.0,12.0,1528000.0
5657,0.000000,0.000000,12.0,12.0,1528000.0
5658,0.000000,0.000000,12.0,12.0,1528000.0
5659,0.000000,0.000000,12.0,12.0,1528000.0
5660,0.000000,0.000000,12.0,12.0,1528000.0
5661,0.000000,0.000000,12.0,12.0,1528000.0
5662,0.000000,0.000000,12.0,12.0,1528000.0
5663,0.000000,0.000000,12.0,12.0,1528000.0
5664,0.000000,0.000000,12.0,12.0,1528000.0
5665,0.000000,0.000000,12.0,12.0,1528000.0
5666,0.000000,0.000000,12.0,12.0,1528000.0
5667,0.000000,0.000000,12.0,12.0,1528000.0
5668,0.000000,0.000000,12.0,12.0,1528000.0
5669,0.000000,0.000000,12.0,12.0,1528000.0
5670,0.000000,0.000000,12.0,12.0,1528000.0
5671,0.000000,0.000000,12.0,12.0,1528000.0
5672,0.000000,0.000000,12.0,12.0,1528000.0
5673,0.000000,0.000000,12.0,12.0,1528000.0
5674,0.000000,0.000000,12.0,12.0,1528000.0
5675,0.000000,0.000000,12.0,12.0,1528000.0
5676,0.000000,0.000000,12.0,12.0,1528000.0
5677,0.000000,0.000000,12.0,12.0,1528000.0
5678,0.000000,0.000000,12.0,12.0,1528000.0
5679,0.000000,0.000000,12.0,12.0,1528000.0
5680,0.000000,0.000000,12.0,12.0,1528000.0
5681,0.000000,0.000000,12.0,12.0,1528000.0
5682,0.000000,0.000000,12.0,12.0,1528000.0
5683,0.000000,0.000000,12.0,12.0,1528000.0
5684,0.000000,0.000000,12.0,12.0,1528000.0
5685,0.000000,0.000000,12.0,12.0,1528000.0
5686,0.000000,0.000000,12.0,12.0,1528000.0
5687,0.000000,0.000000,12.0,12.0,1528000.0
5688,0.000000,0.000000,12.0,12.0,1528000.0
5689,0.000000,0.000000,12.0,12.0,1528000.0
5690,0.000000,0.000000,12.0,12.0,1528000.0
5691,0.000000,0.000000,12.0,12.0,1528000.0
5692,0.000000,0.000000,12.0,12.0,1528000.0
5693,0.000000,0.000000,12.0,12.0,1528000.0
5694,0.000000,0.000000,12.0,12.0,1528000.0
5695,0.000000,0.000000,12.0,12.0,1528000.0
5696,0.000000,0.000000,12.0,12.0,1528000.0
5697,0.000000,0.000000,12.0,12.0,1528000.0
5698,0.000000,0.000000,12.0,12.0,1528000.0
5699,0.000000,0.000000,12.0,12.0,1528000.0
5700,0.000000,0.000000,12.0,12.0,1528000.0
5701,0.000000,0.000000,12.0,12.0,1528000.0
5702,0.000000,0.000000,12.0,12.0,1528000.0
5703,0.000000,0.000000,12.0,12.0,1528000.0
5704,0.000000,0.000000,12.0,12.0,1528000.0
5705,0.000000,0.000000,12.0,12.0,1528000.0
5706,0.000000,0.000000,12.0,12.0,1528000.0
5707,0.000000,0.000000,12.0,12.0,1528000.0
5708,0.000000,0.000000,12.0,12.0,1528000.0
5709,0.000000,0.000000,12.0,12.0,1528000.0
5710,0.000000,0.000000,12.0,12.0,1528000.0
5711,0.000000,0.000000,12.0,12.0,1528000.0
5712,0.000000,0.000000,12.0,12.0,1528000.0
5713,0.000000,0.000000,12.0,12.0,1528000.0
5714,0.000000,0.000000,12.0,12.0,1528000.0
5715,0.000000,0.000000,12.0,12.0,1528000.0
5716,0.000000,0.000000,12.0,12.0,1528000.0
5717,0.000000,0.000000,12.0,12.0,1528000.0
5718,0.000000,0.000000,12.0,12.0,1528000.0
5719,0.000000,0.000000,12.0,12.0,1528000.0
5720,0.000000,0.000000,12.0,12.0,1528000.0
5721,0.000000,0.000000,12.0,12.0,1528000.0
5722,0.000000,0.000000,12.0,12.0,1528000.0
5723,0.000000,0.000000,12.0,12.0,1528000.0
5724,0.000000,0.000000,12.0,12.0,1528000.0
5725,0.000000,0.000000,12.0,12.0,1528000.0
5726,0.000000,0.000000,12.0,12.0,1528000.0
5727,0.000000,0.000000,12.0,12.0,1528000.0
5728,0.000000,0.000000,12.0,12.0,1528000.0
5729,0.000000,0.000000,12.0,12.0,1528000.0
5730,0.000000,0.000000,12.0,12.0,1528000.0
5731,0.000000,0.000000,12.0,12.0,1528000.0
5732,0.000000,0.000000,12.0,12.0,1528000.0
5733,0.000000,0.000000,12.0,12.0,1528000.0
5734,0.000000,0.000000,12.0,12.0,1528000.0
5735,0.000000,0.000000,12.0,12.0,1528000.0
5736,0.000000,0.000000,12.0,12.0,1528000.0
5737,0.000000,0.000000,12.0,12.0,1528000.0
5738,0.000000,0.000000,12.0,12.0,1528000.0
5739,0.000000,0.000000,12.0,12.0,1528000.0
5740,0.000000,0.000000,12.0,12.0,1528000.0
5741,0.000000,0.000000,12.0,12.0,1528000.0
5742,0.000000,0.000000,12.0,12.0,1528000.0
5743,0.000000,0.000000,12.0,12.0,1528000.0
5744,0.000000,0.000000,12.0,12.0,1528000.0
5745,0.000000,0.000000,12.0,12.0,1528000.0
5746,0.000000,0.000000,12.0,12.0,1528000.0
5747,0.000000,0.000000,12.0,12.0,1528000.0
5748,0.000000,0.000000,12.0,12.0,1528000.0
5749,0.000000,0.000000,12.0,12.0,1528000.0
5750,0.000000,0.000000,12.0,12.0,1528000.0
5751,0.000000,0.000000,12.0,12.0,1528000.0
5752,0.000000,0.000000,12.0,12.0,1528000.0
5753,0.000000,0.000000,12.0,12.0,1528000.0
5754,0.000000,0.000000,12.0,12.0,1528000.0
5755,0.000000,0.000000,12.0,12.0,1528000.0
5756,0.000000,0.000000,12.0,12.0,1528000.0
5757,0.000000,0.000000,12.0,12.0,1528000.0
5758,0.000000,0.000000,12.0,12.0,1528000.0
5759,0.000000,0.000000,12.0,12.0,1528000.0
5760,0.000000,0.000000,12.0,12.0,1528000.0
5761,0.000000,0.000000,12.0,12.0,1528000.0
5762,0.000000,0.000000,12.0,12.0,1528000.0
5763,0.000000,0.000000,12.0,12.0,1528000.0
5764,0.000000,0.000000,12.0,12.0,1528000.0
5765,0.000000,0.000000,12.0,12.0,1528000.0
5766,0.000000,0.000000,12.0,12.0,1528000.0
5767,0.000000,0.000000,12.0,12.0,1528000.0
5768,0.000000,0.000000,12.0,12.0,1528000.0
5769,0.000000,0.000000,12.0,12.0,1528000.0
5770,0.000000,0.000000,12.0,12.0,1528000.0
5771,0.000000,0.000000,12.0,12.0,1528000.0
5772,0.000000,0.000000,12.0,12.0,1528000.0
5773,0.000000,0.000000,12.0,12.0,1528000.0
5774,0.000000,0.000000,12.0,12.0,1528000.0
5775,0.000000,0.000000,12.0,12.0,1528000.0
5776,0.000000,0.000000,12.0,12.0,1528000.0
5777,0.000000,0.000000,12.0,12.0,1528000.0
5778,0.000000,0.000000,12.0,12.0,1528000.0
5779,0.000000,0.000000,12.0,12.0,1528000.0
5780,0.000000,0.000000,12.0,12.0,1528000.0
5781,0.000000,0.000000,12.0,12.0,1528000.0
5782,0.000000,0.000000,12.0,12.0,1528000.0
5783,0.000000,0.000000,12.0,12.0,1528000.0
5784,0.000000,0.000000,12.0,12.0,1528000.0
5785,0.000000,0.000000,12.0,12.0,1528000.0
5786,0.000000,0.000000,12.0,12.0,1528000.0
5787,0.000000,0.000000,12.0,12.0,1528000.0
5788,0.000000,0.000000,12.0,12.0,1528000.0
5789,0.000000,0.000000,12.0,12.0,1528000.0
5790,0.000000,0.000000,12.0,12.0,1528000.0
5791,0.000000,0.000000,12.0,12.0,1528000.0
5792,0.000000,0.000000,12.0,12.0,1528000.0
5793,0.000000,0.000000,12.0,12.0,1528000.0
5794,0.000000,0.000000,12.0,12.0,1528000.0
5795,0.000000,0.000000,12.0,12.0,1528000.0
5796,0.000000,0.000000,12.0,12.0,1528000.0
5797,0.000000,0.000000,12.0,12.0,1528000.0
5798,0.000000,0.000000,12.0,12.0,1528000.0
5799,0.000000,0.000000,12.0,12.0,1528000.0
5800,0.000000,0.000000,12.0,12.0,1528000.0
5801,0.000000,0.000000,12.0,12.0,1528000.0
5802,0.000000,0.000000,12.0,12.0,1528000.0
5803,0.000000,0.000000,12.0,12.0,1528000.0
5804,0.000000,0.000000,12.0,12.0,1528000.0
5805,0.000000,0.000000,12.0,12.0,1528000.0
5806,0.000000,0.000000,12.0,12.0,1528000.0
5807,0.000000,0.000000,12.0,12.0,1528000.0
5808,0.000000,0.000000,12.0,12.0,1528000.0
5809,0.000000,0.000000,12.0,12.0,1528000.0
5810,0.000000,0.000000,12.0,12.0,1528000.0
5811,0.000000,0.000000,12.0,12.0,1528000.0
5812,0.000000,0.000000,12.0,12.0,1528000.0
5813,0.000000,0.000000,12.0,12.0,1528000.0
5814,0.000000,0.000000,12.0,12.0,1528000.0
5815,0.000000,0.000000,12.0,12.0,1528000.0
5816,0.000000,0.000000,12.0,12.0,1528000.0
5817,0.000000,0.000000,12.0,12.0,1528000.0
5818,0.000000,0.000000,12.0,12.0,1528000.0
5819,0.000000,0.000000,12.0,12.0,1528000.0
5820,0.000000,0.000000,12.0,12.0,1528000.0
5821,0.000000,0.000000,12.0,12.0,1528000.0
5822,0.000000,0.000000,12.0,12.0,1528000.0
5823,0.000000,0.000000,12.0,12.0,1528000.0
5824,0.000000,0.000000,12.0,12.0,1528000.0
5825,0.000000,0.000000,12.0,12.0,1528000.0
5826,0.000000,0.000000,12.0,12.0,1528000.0
5827,0.000000,0.000000,12.0,12.0,1528000.0
5828,0.000000,0.000000,12.0,12.0,1528000.0
5829,0.000000,0.000000,12.0,12.0,1528000.0
5830,0.000000,0.000000,12.0,12.0,1528000.0
5831,0.000000,0.000000,12.0,12.0,1528000.0
5832,0.000000,0.000000,12.0,12.0,1528000.0
5833,0.000000,0.000000,12.0,12.0,1528000.0
5834,0.000000,0.000000,12.0,12.0,1528000.0
5835,0.000000,0.000000,12.0,12.0,1528000.0
5836,0.000000,0.000000,12.0,12.0,1528000.0
5837,0.000000,0.000000,12.0,12.0,1528000.0
5838,0.000000,0.000000,12.0,12.0,1528000.0
5839,0.000000,0.000000,12.0,12.0,1528000.0
5840,0.000000,0.000000,12.0,12.0,1528000.0
5841,0.000000,0.000000,12.0,12.0,1528000.0
5842,0.000000,0.000000,12.0,12.0,1528000.0
5843,0.000000,0.000000,12.0,12.0,1528000.0
5844,0.000000,0.000000,12.0,12.0,1528000.0
5845,0.000000,0.000000,12.0,12.0,1528000.0
5846,0.000000,0.000000,12.0,12.0,1528000.0
5847,0.000000,0.000000,12.0,12.0,1528000.0
5848,0.000000,0.000000,12.0,12.0,1528000.0
5849,0.000000,0.000000,12.0,12.0,1528000.0
5850,0.000000,0.000000,12.0,12.0,1528000.0
5851,0.000000,0.000000,12.0,12.0,1528000.0
5852,0.000000,0.000000,12.0,12.0,1528000.0
5853,0.000000,0.000000,12.0,12.0,1528000.0
5854,0.000000,0.000000,12.0,12.0,1528000.0
5855,0.000000,0.000000,12.0,12.0,1528000.0
5856,0.000000,0.000000,12.0,12.0,1528000.0
5857,0.000000,0.000000,12.0,12.0,1528000.0
5858,0.000000,0.000000,12.0,12.0,1528000.0
5859,0.000000,0.000000,12.0,12.0,1528000.0
5860,0.000000,0.000000,12.0,12.0,1528000.0
5861,0.000000,0.000000,12.0,12.0,1528000.0
5862,0.000000,0.000000,12.0,12.0,1528000.0
5863,0.000000,0.000000,12.0,12.0,1528000.0
5864,0.000000,0.000000,12.0,12.0,1528000.0
5865,0.000000,0.000000,12.0,12.0,1528000.0
5866,0.000000,0.000000,12.0,12.0,1528000.0
5867,0.000000,0.000000,12.0,12.0,1528000.0
5868,0.000000,0.000000,12.0,12.0,1528000.0
5869,0.000000,0.000000,12.0,12.0,1528000.0
5870,0.000000,0.000000,12.0,12.0,1528000.0
5871,0.000000,0.000000,12.0,12.0,1528000.0
5872,0.000000,0.000000,12.0,12.0,1528000.0
5873,0.000000,0.000000,12.0,12.0,1528000.0
5874,0.000000,0.000000,12.0,12.0,1528000.0
5875,0.000000,0.000000,12.0,12.0,1528000.0
5876,0.000000,0.000000,12.0,12.0,1528000.0
5877,0.000000,0.000000,12.0,12.0,1528000.0
5878,0.000000,0.000000,12.0,12.0,1528000.0
5879,0.000000,0.000000,12.0,12.0,1528000.0
5880,0.000000,0.000000,12.0,12.0,1528000.0
5881,0.000000,0.000000,12.0,12.0,1528000.0
5882,0.000000,0.000000,12.0,12.0,1528000.0
5883,0.000000,0.000000,12.0,12.0,1528000.0
5884,0.000000,0.000000,12.0,12.0,1528000.0
5885,0.000000,0.000000,12.0,12.0,1528000.0
5886,0.000000,0.000000,12.0,12.0,1528000.0
5887,0.000000,0.000000,12.0,12.0,1528000.0
5888,0.000000,0.000000,12.0,12.0,1528000.0
5889,0.000000,0.000000,12.0,12.0,1528000.0
5890,0.000000,0.000000,12.0,12.0,1528000.0
5891,0.000000,0.000000,12.0,12.0,1528000.0
5892,0.000000,0.000000,12.0,12.0,1528000.0
5893,0.000000,0.000000,12.0,12.0,1528000.0
5894,0.000000,0.000000,12.0,12.0,1528000.0
5895,0.000000,0.000000,12.0,12.0,1528000.0
5896,0.000000,0.000000,12.0,12.0,1528000.0
5897,0.000000,0.000000,12.0,12.0,1528000.0
5898,0.000000,0.000000,12.0,12.0,1528000.0
5899,0.000000,0.000000,12.0,12.0,1528000.0
5900,0.000000,0.000000,12.0,12.0,1528000.0
5901,0.000000,0.000000,12.0,12.0,1528000.0
5902,0.000000,0.000000,12.0,12.0,1528000.0
5903,0.000000,0.000000,12.0,12.0,1528000.0
5904,0.000000,0.000000,12.0,12.0,1528000.0
5905,0.000000,0.000000,12.0,12.0,1528000.0
5906,0.000000,0.000000,12.0,12.0,1528000.0
5907,0.000000,0.000000,12.0,12.0,1528000.0
5908,0.000000,0.000000,12.0,12.0,1528000.0
5909,0.000000,0.000000,12.0,12.0,1528000.0
5910,0.000000,0.000000,12.0,12.0,1528000.0
5911,0.000000,0.000000,12.0,12.0,1528000.0
5912,0.000000,0.000000,12.0,12.0,1528000.0
5913,0.000000,0.000000,12.0,12.0,1528000.0
5914,0.000000,0.000000,12.0,12.0,1528000.0
5915,0.000000,0.000000,12.0,12.0,1528000.0
5916,0.000000,0.000000,12.0,12.0,1528000.0
5917,0.000000,0.000000,12.0,12.0,1528000.0
5918,0.000000,0.000000,12.0,12.0,1528000.0
5919,0.000000,0.000000,12.0,12.0,1528000.0
5920,0.000000,0.000000,12.0,12.0,1528000.0
5921,0.000000,0.000000,12.0,12.0,1528000.0
5922,0.000000,0.000000,12.0,12.0,1528000.0
5923,0.000000,0.000000,12.0,12.0,1528000.0
5924,0.000000,0.000000,12.0,12.0,1528000.0
5925,0.000000,0.000000,12.0,12.0,1528000.0
5926,0.000000,0.000000,12.0,12.0,1528000.0
5927,0.000000,0.000000,12.0,12.0,1528000.0
5928,0.000000,0.000000,12.0,12.0,1528000.0
5929,0.000000,0.000000,12.0,12.0,1528000.0
5930,0.000000,0.000000,12.0,12.0,1528000.0
5931,0.000000,0.000000,12.0,12.0,1528000.0
5932,0.000000,0.000000,12.0,12.0,1528000.0
5933,0.000000,0.000000,12.0,12.0,1528000.0
5934,0.000000,0.000000,12.0,12.0,1528000.0
5935,0.000000,0.000000,12.0,12.0,1528000.0
5936,0.000000,0.000000,12.0,12.0,1528000.0
5937,0.000000,0.000000,12.0,12.0,1528000.0
5938,0.000000,0.000000,12.0,12.0,1528000.0
5939,0.000000,0.000000,12.0,12.0,1528000.0
5940,0.000000,0.000000,12.0,12.0,1528000.0
5941,0.000000,0.000000,12.0,12.0,1528000.0
5942,0.000000,0.000000,12.0,12.0,1528000.0
5943,0.000000,0.000000,12.0,12.0,1528000.0
5944,0.000000,0.000000,12.0,12.0,1528000.0
5945,0.000000,0.000000,12.0,12.0,1528000.0
5946,0.000000,0.000000,12.0,12.0,1528000.0
5947,0.000000,0.000000,12.0,12.0,1528000.0
5948,0.000000,0.000000,12.0,12.0,1528000.0
5949,0.000000,0.000000,12.0,12.0,1528000.0
5950,0.000000,0.000000,12.0,12.0,1528000.0
5951,0.000000,0.000000,12.0,12.0,1528000.0
5952,0.000000,0.000000,12.0,12.0,1528000.0
5953,0.000000,0.000000,12.0,12.0,1528000.0
5954,0.000000,0.000000,12.0,12.0,1528000.0
5955,0.000000,0.000000,12.0,12.0,1528000.0
5956,0.000000,0.000000,12.0,12.0,1528000.0
5957,0.000000,0.000000,12.0,12.0,1528000.0
5958,0.000000,0.000000,12.0,12.0,1528000.0
5959,0.000000,0.000000,12.0,12.0,1528000.0
5960,0.000000,0.000000,12.0,12.0,1528000.0
5961,0.000000,0.000000,12.0,12.0,1528000.0
5962,0.000000,0.000000,12.0,12.0,1528000.0
5963,0.000000,0.000000,12.0,12.0,1528000.0
5964,0.000000,0.000000,12.0,12.0,1528000.0
5965,0.000000,0.000000,12.0,12.0,1528000.0
5966,0.000000,0.000000,12.0,12.0,1528000.0
5967,0.000000,0.000000,12.0,12.0,1528000.0
5968,0.000000,0.000000,12.0,12.0,1528000.0
5969,0.000000,0.000000,12.0,12.0,1528000.0
5970,0.000000,0.000000,12.0,12.0,1528000.0
5971,0.000000,0.000000,12.0,12.0,1528000.0
5972,0.000000,0.000000,12.0,12.0,1528000.0
5973,0.000000,0.000000,12.0,12.0,1528000.0
5974,0.000000,0.000000,12.0,12.0,1528000.0
5975,0.000000,0.000000,12.0,12.0,1528000.0
5976,0.000000,0.000000,12.0,12.0,1528000.0
5977,0.000000,0.000000,12.0,12.0,1528000.0
5978,0.000000,0.000000,12.0,12.0,1528000.0
5979,0.000000,0.000000,12.0,12.0,1528000.0
5980,0.000000,0.000000,12.0,12.0,1528000.0
5981,0.000000,0.000000,12.0,12.0,1528000.0
5982,0.000000,0.000000,12.0,12.0,1528000.0
5983,0.000000,0.000000,12.0,12.0,1528000.0
5984,0.000000,0.000000,12.0,12.0,1528000.0
5985,0.000000,0.000000,12.0,12.0,1528000.0
5986,0.000000,0.000000,12.0,12.0,1528000.0
5987,0.000000,0.000000,12.0,12.0,1528000.0
5988,0.000000,0.000000,12.0,12.0,1528000.0
5989,0.000000,0.000000,12.0,12.0,1528000.0
5990,0.000000,0.000000,12.0,12.0,1528000.0
5991,0.000000,0.000000,12.0,12.0,1528000.0
5992,0.000000,0.000000,12.0,12.0,1528000.0
5993,0.000000,0.000000,12.0,12.0,1528000.0
5994,0.000000,0.000000,12.0,12.0,1528000.0
5995,0.000000,0.000000,12.0,12.0,1528000.0
5996,0.000000,0.000000,12.0,12.0,1528000.0
5997,0.000000,0.000000,12.0,12.0,1528000.0
5998,0.000000,0.000000,12.0,12.0,1528000.0
5999,0.000000,0.000000,12.0,12.0,1528000.0
6000,0.000000,0.000000,12.0,12.0,1528000.0
6001,0.000000,0.000000,12.0,12.0,1528000.0
6002,0.000000,0.000000,12.0,12.0,1528000.0
6003,0.000000,0.000000,12.0,12.0,1528000.0
6004,0.000000,0.000000,12.0,12.0,1528000.0
6005,0.000000,0.000000,12.0,12.0,1528000.0
6006,0.000000,0.000000,12.0,12.0,1528000.0
6007,0.000000,0.000000,12.0,12.0,1528000.0
6008,0.000000,0.000000,12.0,12.0,1528000.0
6009,0.000000,0.000000,12.0,12.0,1528000.0
6010,0.000000,0.000000,12.0,12.0,1528000.0
6011,0.000000,0.000000,12.0,12.0,1528000.0
6012,0.000000,0.000000,12.0,12.0,1528000.0
6013,0.000000,0.000000,12.0,12.0,1528000.0
6014,0.000000,0.000000,12.0,12.0,1528000.0
6015,0.000000,0.000000,12.0,12.0,1528000.0
6016,0.000000,0.000000,12.0,12.0,1528000.0
6017,0.000000,0.000000,12.0,12.0,1528000.0
6018,0.000000,0.000000,12.0,12.0,1528000.0
6019,0.000000,0.000000,12.0,12.0,1528000.0
6020,0.000000,0.000000,12.0,12.0,1528000.0
6021,0.000000,0.000000,12.0,12.0,1528000.0
6022,0.000000,0.000000,12.0,12.0,1528000.0
6023,0.000000,0.000000,12.0,12.0,1528000.0
6024,0.000000,0.000000,12.0,12.0,1528000.0
6025,0.000000,0.000000,12.0,12.0,1528000.0
6026,0.000000,0.000000,12.0,12.0,1528000.0
6027,0.000000,0.000000,12.0,12.0,1528000.0
6028,0.000000,0.000000,12.0,12.0,1528000.0
6029,0.000000,0.000000,12.0,12.0,1528000.0
6030,0.000000,0.000000,12.0,12.0,1528000.0
6031,0.000000,0.000000,12.0,12.0,1528000.0
6032,0.000000,0.000000,12.0,12.0,1528000.0
6033,0.000000,0.000000,12.0,12.0,1528000.0
6034,0.000000,0.000000,12.0,12.0,1528000.0
6035,0.000000,0.000000,12.0,12.0,1528000.0
6036,0.000000,0.000000,12.0,12.0,1528000.0
6037,0.000000,0.000000,12.0,12.0,1528000.0
6038,0.000000,0.000000,12.0,12.0,1528000.0
6039,0.000000,0.000000,12.0,12.0,1528000.0
6040,0.000000,0.000000,12.0,12.0,1528000.0
6041,0.000000,0.000000,12.0,12.0,1528000.0
6042,0.000000,0.000000,12.0,12.0,1528000.0
6043,0.000000,0.000000,12.0,12.0,1528000.0
6044,0.000000,0.000000,12.0,12.0,1528000.0
6045,0.000000,0.000000,12.0,12.0,1528000.0
6046,0.000000,0.000000,12.0,12.0,1528000.0
6047,0.000000,0.000000,12.0,12.0,1528000.0
6048,0.000000,0.000000,12.0,12.0,1528000.0
6049,0.000000,0.000000,12.0,12.0,1528000.0
6050,0.000000,0.000000,12.0,12.0,1528000.0
6051,0.000000,0.000000,12.0,12.0,1528000.0
6052,0.000000,0.000000,12.0,12.0,1528000.0
6053,0.000000,0.000000,12.0,12.0,1528000.0
6054,0.000000,0.000000,12.0,12.0,1528000.0
6055,0.000000,0.000000,12.0,12.0,1528000.0
6056,0.000000,0.000000,12.0,12.0,1528000.0
6057,0.000000,0.000000,12.0,12.0,1528000.0
6058,0.000000,0.000000,12.0,12.0,1528000.0
6059,0.000000,0.000000,12.0,12.0,1528000.0
6060,0.000000,0.000000,12.0,12.0,1528000.0
6061,0.000000,0.000000,12.0,12.0,1528000.0
6062,0.000000,0.000000,12.0,12.0,1528000.0
6063,0.000000,0.000000,12.0,12.0,1528000.0
6064,0.000000,0.000000,12.0,12.0,1528000.0
6065,0.000000,0.000000,12.0,12.0,1528000.0
6066,0.000000,0.000000,12.0,12.0,1528000.0
6067,0.000000,0.000000,12.0,12.0,1528000.0
6068,0.000000,0.000000,12.0,12.0,1528000.0
6069,0.000000,0.000000,12.0,12.0,1528000.0
6070,0.000000,0.000000,12.0,12.0,1528000.0
6071,0.000000,0.000000,12.0,12.0,1528000.0
6072,0.000000,0.000000,12.0,12.0,1528000.0
6073,0.000000,0.000000,12.0,12.0,1528000.0
6074,0.000000,0.000000,12.0,12.0,1528000.0
6075,0.000000,0.000000,12.0,12.0,1528000.0
6076,0.000000,0.000000,12.0,12.0,1528000.0
6077,0.000000,0.000000,12.0,12.0,1528000.0
6078,0.000000,0.000000,12.0,12.0,1528000.0
6079,0.000000,0.000000,12.0,12.0,1528000.0
6080,0.000000,0.000000,12.0,12.0,1528000.0
6081,0.000000,0.000000,12.0,12.0,1528000.0
6082,0.000000,0.000000,12.0,12.0,1528000.0
6083,0.000000,0.000000,12.0,12.0,1528000.0
6084,0.000000,0.000000,12.0,12.0,1528000.0
6085,0.000000,0.000000,12.0,12.0,1528000.0
6086,0.000000,0.000000,12.0,12.0,1528000.0
6087,0.000000,0.000000,12.0,12.0,1528000.0
6088,0.000000,0.000000,12.0,12.0,1528000.0
6089,0.000000,0.000000,12.0,12.0,1528000.0
6090,0.000000,0.000000,12.0,12.0,1528000.0
6091,0.000000,0.000000,12.0,12.0,1528000.0
6092,0.000000,0.000000,12.0,12.0,1528000.0
6093,0.000000,0.000000,12.0,12.0,1528000.0
6094,0.000000,0.000000,12.0,12.0,1528000.0
6095,0.000000,0.000000,12.0,12.0,1528000.0
6096,0.000000,0.000000,12.0,12.0,1528000.0
6097,0.000000,0.000000,12.0,12.0,1528000.0
6098,0.000000,0.000000,12.0,12.0,1528000.0
6099,0.000000,0.000000,12.0,12.0,1528000.0
6100,0.000000,0.000000,12.0,12.0,1528000.0
6101,0.000000,0.000000,12.0,12.0,1528000.0
6102,0.000000,0.000000,12.0,12.0,1528000.0
6103,0.000000,0.000000,12.0,12.0,1528000.0
6104,0.000000,0.000000,12.0,12.0,1528000.0
6105,0.000000,0.000000,12.0,12.0,1528000.0
6106,0.000000,0.000000,12.0,12.0,1528000.0
6107,0.000000,0.000000,12.0,12.0,1528000.0
6108,0.000000,0.000000,12.0,12.0,1528000.0
6109,0.000000,0.000000,12.0,12.0,1528000.0
6110,0.000000,0.000000,12.0,12.0,1528000.0
6111,0.000000,0.000000,12.0,12.0,1528000.0
6112,0.000000,0.000000,12.0,12.0,1528000.0
6113,0.000000,0.000000,12.0,12.0,1528000.0
6114,0.000000,0.000000,12.0,12.0,1528000.0
6115,0.000000,0.000000,12.0,12.0,1528000.0
6116,0.000000,0.000000,12.0,12.0,1528000.0
6117,0.000000,0.000000,12.0,12.0,1528000.0
6118,0.000000,0.000000,12.0,12.0,1528000.0
6119,0.000000,0.000000,12.0,12.0,1528000.0
6120,0.000000,0.000000,12.0,12.0,1528000.0
6121,0.000000,0.000000,12.0,12.0,1528000.0
6122,0.000000,0.000000,12.0,12.0,1528000.0
6123,0.000000,0.000000,12.0,12.0,1528000.0
6124,0.000000,0.000000,12.0,12.0,1528000.0
6125,0.000000,0.000000,12.0,12.0,1528000.0
6126,0.000000,0.000000,12.0,12.0,1528000.0
6127,0.000000,0.000000,12.0,12.0,1528000.0
6128,0.000000,0.000000,12.0,12.0,1528000.0
6129,0.000000,0.000000,12.0,12.0,1528000.0
6130,0.000000,0.000000,12.0,12.0,1528000.0
6131,0.000000,0.000000,12.0,12.0,1528000.0
6132,0.000000,0.000000,12.0,12.0,1528000.0
6133,0.000000,0.000000,12.0,12.0,1528000.0
6134,0.000000,0.000000,12.0,12.0,1528000.0
6135,0.000000,0.000000,12.0,12.0,1528000.0
6136,0.000000,0.000000,12.0,12.0,1528000.0
6137,0.000000,0.000000,12.0,12.0,1528000.0
6138,0.000000,0.000000,12.0,12.0,1528000.0
6139,0.000000,0.000000,12.0,12.0,1528000.0
6140,0.000000,0.000000,12.0,12.0,1528000.0
6141,0.000000,0.000000,12.0,12.0,1528000.0
6142,0.000000,0.000000,12.0,12.0,1528000.0
6143,0.000000,0.000000,12.0,12.0,1528000.0
6144,0.000000,0.000000,12.0,12.0,1528000.0
6145,0.000000,0.000000,12.0,12.0,1528000.0
6146,0.000000,0.000000,12.0,12.0,1528000.0
6147,0.000000,0.000000,12.0,12.0,1528000.0
6148,0.000000,0.000000,12.0,12.0,1528000.0
6149,0.000000,0.000000,12.0,12.0,1528000.0
6150,0.000000,0.000000,12.0,12.0,1528000.0
6151,0.000000,0.000000,12.0,12.0,1528000.0
6152,0.000000,0.000000,12.0,12.0,1528000.0
6153,0.000000,0.000000,12.0,12.0,1528000.0
6154,0.000000,0.000000,12.0,12.0,1528000.0
6155,0.000000,0.000000,12.0,12.0,1528000.0
6156,0.000000,0.000000,12.0,12.0,1528000.0
6157,0.000000,0.000000,12.0,12.0,1528000.0
6158,0.000000,0.000000,12.0,12.0,1528000.0
6159,0.000000,0.000000,12.0,12.0,1528000.0
6160,0.000000,0.000000,12.0,12.0,1528000.0
6161,0.000000,0.000000,12.0,12.0,1528000.0
6162,0.000000,0.000000,12.0,12.0,1528000.0
6163,0.000000,0.000000,12.0,12.0,1528000.0
6164,0.000000,0.000000,12.0,12.0,1528000.0
6165,0.000000,0.000000,12.0,12.0,1528000.0
6166,0.000000,0.000000,12.0,12.0,1528000.0
6167,0.000000,0.000000,12.0,12.0,1528000.0
6168,0.000000,0.000000,12.0,12.0,1528000.0
6169,0.000000,0.000000,12.0,12.0,1528000.0
6170,0.000000,0.000000,12.0,12.0,1528000.0
6171,0.000000,0.000000,12.0,12.0,1528000.0
6172,0.000000,0.000000,12.0,12.0,1528000.0
6173,0.000000,0.000000,12.0,12.0,1528000.0
6174,0.000000,0.000000,12.0,12.0,1528000.0
6175,0.000000,0.000000,12.0,12.0,1528000.0
6176,0.000000,0.000000,12.0,12.0,1528000.0
6177,0.000000,0.000000,12.0,12.0,1528000.0
6178,0.000000,0.000000,12.0,12.0,1528000.0
6179,0.000000,0.000000,12.0,12.0,1528000.0
6180,0.000000,0.000000,12.0,12.0,1528000.0
6181,0.000000,0.000000,12.0,12.0,1528000.0
6182,0.000000,0.000000,12.0,12.0,1528000.0
6183,0.000000,0.000000,12.0,12.0,1528000.0
6184,0.000000,0.000000,12.0,12.0,1528000.0
6185,0.000000,0.000000,12.0,12.0,1528000.0
6186,0.000000,0.000000,12.0,12.0,1528000.0
6187,0.000000,0.000000,12.0,12.0,1528000.0
6188,0.000000,0.000000,12.0,12.0,1528000.0
6189,0.000000,0.000000,12.0,12.0,1528000.0
6190,0.000000,0.000000,12.0,12.0,1528000.0
6191,0.000000,0.000000,12.0,12.0,1528000.0
6192,0.000000,0.000000,12.0,12.0,1528000.0
6193,0.000000,0.000000,12.0,12.0,1528000.0
6194,0.000000,0.000000,12.0,12.0,1528000.0
6195,0.000000,0.000000,12.0,12.0,1528000.0
6196,0.000000,0.000000,12.0,12.0,1528000.0
6197,0.000000,0.000000,12.0,12.0,1528000.0
6198,0.000000,0.000000,12.0,12.0,1528000.0
6199,0.000000,0.000000,12.0,12.0,1528000.0
6200,0.000000,0.000000,12.0,12.0,1528000.0
6201,0.000000,0.000000,12.0,12.0,1528000.0
6202,0.000000,0.000000,12.0,12.0,1528000.0
6203,0.000000,0.000000,12.0,12.0,1528000.0
6204,0.000000,0.000000,12.0,12.0,1528000.0
6205,0.000000,0.000000,12.0,12.0,1528000.0
6206,0.000000,0.000000,12.0,12.0,1528000.0
6207,0.000000,0.000000,12.0,12.0,1528000.0
6208,0.000000,0.000000,12.0,12.0,1528000.0
6209,0.000000,0.000000,12.0,12.0,1528000.0
6210,0.000000,0.000000,12.0,12.0,1528000.0
6211,0.000000,0.000000,12.0,12.0,1528000.0
6212,0.000000,0.000000,12.0,12.0,1528000.0
6213,0.000000,0.000000,12.0,12.0,1528000.0
6214,0.000000,0.000000,12.0,12.0,1528000.0
6215,0.000000,0.000000,12.0,12.0,1528000.0
6216,0.000000,0.000000,12.0,12.0,1528000.0
6217,0.000000,0.000000,12.0,12.0,1528000.0
6218,0.000000,0.000000,12.0,12.0,1528000.0
6219,0.000000,0.000000,12.0,12.0,1528000.0
6220,0.000000,0.000000,12.0,12.0,1528000.0
6221,0.000000,0.000000,12.0,12.0,1528000.0
6222,0.000000,0.000000,12.0,12.0,1528000.0
6223,0.000000,0.000000,12.0,12.0,1528000.0
6224,0.000000,0.000000,12.0,12.0,1528000.0
6225,0.000000,0.000000,12.0,12.0,1528000.0
6226,0.000000,0.000000,12.0,12.0,1528000.0
6227,0.000000,0.000000,12.0,12.0,1528000.0
6228,0.000000,0.000000,12.0,12.0,1528000.0
6229,0.000000,0.000000,12.0,12.0,1528000.0
6230,0.000000,0.000000,12.0,12.0,1528000.0
6231,0.000000,0.000000,12.0,12.0,1528000.0
6232,0.000000,0.000000,12.0,12.0,1528000.0
6233,0.000000,0.000000,12.0,12.0,1528000.0
6234,0.000000,0.000000,12.0,12.0,1528000.0
6235,0.000000,0.000000,12.0,12.0,1528000.0
6236,0.000000,0.000000,12.0,12.0,1528000.0
6237,0.000000,0.000000,12.0,12.0,1528000.0
6238,0.000000,0.000000,12.0,12.0,1528000.0
6239,0.000000,0.000000,12.0,12.0,1528000.0
6240,0.000000,0.000000,12.0,12.0,1528000.0
6241,0.000000,0.000000,12.0,12.0,1528000.0
6242,0.000000,0.000000,12.0,12.0,1528000.0
6243,0.000000,0.000000,12.0,12.0,1528000.0
6244,0.000000,0.000000,12.0,12.0,1528000.0
6245,0.000000,0.000000,12.0,12.0,1528000.0
6246,0.000000,0.000000,12.0,12.0,1528000.0
6247,0.000000,0.000000,12.0,12.0,1528000.0
6248,0.000000,0.000000,12.0,12.0,1528000.0
6249,0.000000,0.000000,12.0,12.0,1528000.0
6250,0.000000,0.000000,12.0,12.0,1528000.0
6251,0.000000,0.000000,12.0,12.0,1528000.0
6252,0.000000,0.000000,12.0,12.0,1528000.0
6253,0.000000,0.000000,12.0,12.0,1528000.0
6254,0.000000,0.000000,12.0,12.0,1528000.0
6255,0.000000,0.000000,12.0,12.0,1528000.0
6256,0.000000,0.000000,12.0,12.0,1528000.0
6257,0.000000,0.000000,12.0,12.0,1528000.0
6258,0.000000,0.000000,12.0,12.0,1528000.0
6259,0.000000,0.000000,12.0,12.0,1528000.0
6260,0.000000,0.000000,12.0,12.0,1528000.0
6261,0.000000,0.000000,12.0,12.0,1528000.0
6262,0.000000,0.000000,12.0,12.0,1528000.0
6263,0.000000,0.000000,12.0,12.0,1528000.0
6264,0.000000,0.000000,12.0,12.0,1528000.0
6265,0.000000,0.000000,12.0,12.0,1528000.0
6266,0.000000,0.000000,12.0,12.0,1528000.0
6267,0.000000,0.000000,12.0,12.0,1528000.0
6268,0.000000,0.000000,12.0,12.0,1528000.0
6269,0.000000,0.000000,12.0,12.0,1528000.0
6270,0.000000,0.000000,12.0,12.0,1528000.0
6271,0.000000,0.000000,12.0,12.0,1528000.0
6272,0.000000,0.000000,12.0,12.0,1528000.0
6273,0.000000,0.000000,12.0,12.0,1528000.0
6274,0.000000,0.000000,12.0,12.0,1528000.0
6275,0.000000,0.000000,12.0,12.0,1528000.0
6276,0.000000,0.000000,12.0,12.0,1528000.0
6277,0.000000,0.000000,12.0,12.0,1528000.0
6278,0.000000,0.000000,12.0,12.0,1528000.0
6279,0.000000,0.000000,12.0,12.0,1528000.0
6280,0.000000,0.000000,12.0,12.0,1528000.0
6281,0.000000,0.000000,12.0,12.0,1528000.0
6282,0.000000,0.000000,12.0,12.0,1528000.0
6283,0.000000,0.000000,12.0,12.0,1528000.0
6284,0.000000,0.000000,12.0,12.0,1528000.0
6285,0.000000,0.000000,12.0,12.0,1528000.0
6286,0.000000,0.000000,12.0,12.0,1528000.0
6287,0.000000,0.000000,12.0,12.0,1528000.0
6288,0.000000,0.000000,12.0,12.0,1528000.0
6289,0.000000,0.000000,12.0,12.0,1528000.0
6290,0.000000,0.000000,12.0,12.0,1528000.0
6291,0.000000,0.000000,12.0,12.0,1528000.0
6292,0.000000,0.000000,12.0,12.0,1528000.0
6293,0.000000,0.000000,12.0,12.0,1528000.0
6294,0.000000,0.000000,12.0,12.0,1528000.0
6295,0.000000,0.000000,12.0,12.0,1528000.0
6296,0.000000,0.000000,12.0,12.0,1528000.0
6297,0.000000,0.000000,12.0,12.0,1528000.0
6298,0.000000,0.000000,12.0,12.0,1528000.0
6299,0.000000,0.000000,12.0,12.0,1528000.0
6300,0.000000,0.000000,12.0,12.0,1528000.0
6301,0.000000,0.000000,12.0,12.0,1528000.0
6302,0.000000,0.000000,12.0,12.0,1528000.0
6303,0.000000,0.000000,12.0,12.0,1528000.0
6304,0.000000,0.000000,12.0,12.0,1528000.0
6305,0.000000,0.000000,12.0,12.0,1528000.0
6306,0.000000,0.000000,12.0,12.0,1528000.0
6307,0.000000,0.000000,12.0,12.0,1528000.0
6308,0.000000,0.000000,12.0,12.0,1528000.0
6309,0.000000,0.000000,12.0,12.0,1528000.0
6310,0.000000,0.000000,12.0,12.0,1528000.0
6311,0.000000,0.000000,12.0,12.0,1528000.0
6312,0.000000,0.000000,12.0,12.0,1528000.0
6313,0.000000,0.000000,12.0,12.0,1528000.0
6314,0.000000,0.000000,12.0,12.0,1528000.0
6315,0.000000,0.000000,12.0,12.0,1528000.0
6316,0.000000,0.000000,12.0,12.0,1528000.0
6317,0.000000,0.000000,12.0,12.0,1528000.0
6318,0.000000,0.000000,12.0,12.0,1528000.0
6319,0.000000,0.000000,12.0,12.0,1528000.0
6320,0.000000,0.000000,12.0,12.0,1528000.0
6321,0.000000,0.000000,12.0,12.0,1528000.0
6322,0.000000,0.000000,12.0,12.0,1528000.0
6323,0.000000,0.000000,12.0,12.0,1528000.0
6324,0.000000,0.000000,12.0,12.0,1528000.0
6325,0.000000,0.000000,12.0,12.0,1528000.0
6326,0.000000,0.000000,12.0,12.0,1528000.0
6327,0.000000,0.000000,12.0,12.0,1528000.0
6328,0.000000,0.000000,12.0,12.0,1528000.0
6329,0.000000,0.000000,12.0,12.0,1528000.0
6330,0.000000,0.000000,12.0,12.0,1528000.0
6331,0.000000,0.000000,12.0,12.0,1528000.0
6332,0.000000,0.000000,12.0,12.0,1528000.0
6333,0.000000,0.000000,12.0,12.0,1528000.0
6334,0.000000,0.000000,12.0,12.0,1528000.0
6335,0.000000,0.000000,12.0,12.0,1528000.0
6336,0.000000,0.000000,12.0,12.0,1528000.0
6337,0.000000,0.000000,12.0,12.0,1528000.0
6338,0.000000,0.000000,12.0,12.0,1528000.0
6339,0.000000,0.000000,12.0,12.0,1528000.0
6340,0.000000,0.000000,12.0,12.0,1528000.0
6341,0.000000,0.000000,12.0,12.0,1528000.0
6342,0.000000,0.000000,12.0,12.0,1528000.0
6343,0.000000,0.000000,12.0,12.0,1528000.0
6344,0.000000,0.000000,12.0,12.0,1528000.0
6345,0.000000,0.000000,12.0,12.0,1528000.0
6346,0.000000,0.000000,12.0,12.0,1528000.0
6347,0.000000,0.000000,12.0,12.0,1528000.0
6348,0.000000,0.000000,12.0,12.0,1528000.0
6349,0.000000,0.000000,12.0,12.0,1528000.0
6350,0.000000,0.000000,12.0,12.0,1528000.0
6351,0.000000,0.000000,12.0,12.0,1528000.0
6352,0.000000,0.000000,12.0,12.0,1528000.0
6353,0.000000,0.000000,12.0,12.0,1528000.0
6354,0.000000,0.000000,12.0,12.0,1528000.0
6355,0.000000,0.000000,12.0,12.0,1528000.0
6356,0.000000,0.000000,12.0,12.0,1528000.0
6357,0.000000,0.000000,12.0,12.0,1528000.0
6358,0.000000,0.000000,12.0,12.0,1528000.0
6359,0.000000,0.000000,12.0,12.0,1528000.0
6360,0.000000,0.000000,12.0,12.0,1528000.0
6361,0.000000,0.000000,12.0,12.0,1528000.0
6362,0.000000,0.000000,12.0,12.0,1528000.0
6363,0.000000,0.000000,12.0,12.0,1528000.0
6364,0.000000,0.000000,12.0,12.0,1528000.0
6365,0.000000,0.000000,12.0,12.0,1528000.0
6366,0.000000,0.000000,12.0,12.0,1528000.0
6367,0.000000,0.000000,12.0,12.0,1528000.0
6368,0.000000,0.000000,12.0,12.0,1528000.0
6369,0.000000,0.000000,12.0,12.0,1528000.0
6370,0.000000,0.000000,12.0,12.0,1528000.0
6371,0.000000,0.000000,12.0,12.0,1528000.0
6372,0.000000,0.000000,12.0,12.0,1528000.0
6373,0.000000,0.000000,12.0,12.0,1528000.0
6374,0.000000,0.000000,12.0,12.0,1528000.0
6375,0.000000,0.000000,12.0,12.0,1528000.0
6376,0.000000,0.000000,12.0,12.0,1528000.0
6377,0.000000,0.000000,12.0,12.0,1528000.0
6378,0.000000,0.000000,12.0,12.0,1528000.0
6379,0.000000,0.000000,12.0,12.0,1528000.0
6380,0.000000,0.000000,12.0,12.0,1528000.0
6381,0.000000,0.000000,12.0,12.0,1528000.0
6382,0.000000,0.000000,12.0,12.0,1528000.0
6383,0.000000,0.000000,12.0,12.0,1528000.0
6384,0.000000,0.000000,12.0,12.0,1528000.0
6385,0.000000,0.000000,12.0,12.0,1528000.0
6386,0.000000,0.000000,12.0,12.0,1528000.0
6387,0.000000,0.000000,12.0,12.0,1528000.0
6388,0.000000,0.000000,12.0,12.0,1528000.0
6389,0.000000,0.000000,12.0,12.0,1528000.0
6390,0.000000,0.000000,12.0,12.0,1528000.0
6391,0.000000,0.000000,12.0,12.0,1528000.0
6392,0.000000,0.000000,12.0,12.0,1528000.0
6393,0.000000,0.000000,12.0,12.0,1528000.0
6394,0.000000,0.000000,12.0,12.0,1528000.0
6395,0.000000,0.000000,12.0,12.0,1528000.0
6396,0.000000,0.000000,12.0,12.0,1528000.0
6397,0.000000,0.000000,12.0,12.0,1528000.0
6398,0.000000,0.000000,12.0,12.0,1528000.0
6399,0.000000,0.000000,12.0,12.0,1528000.0
6400,0.000000,0.000000,12.0,12.0,1528000.0
6401,0.000000,0.000000,12.0,12.0,1528000.0
6402,0.000000,0.000000,12.0,12.0,1528000.0
6403,0.000000,0.000000,12.0,12.0,1528000.0
6404,0.000000,0.000000,12.0,12.0,1528000.0
6405,0.000000,0.000000,12.0,12.0,1528000.0
6406,0.000000,0.000000,12.0,12.0,1528000.0
6407,0.000000,0.000000,12.0,12.0,1528000.0
6408,0.000000,0.000000,12.0,12.0,1528000.0
6409,0.000000,0.000000,12.0,12.0,1528000.0
6410,0.000000,0.000000,12.0,12.0,1528000.0
6411,0.000000,0.000000,12.0,12.0,1528000.0
6412,0.000000,0.000000,12.0,12.0,1528000.0
6413,0.000000,0.000000,12.0,12.0,1528000.0
6414,0.000000,0.000000,12.0,12.0,1528000.0
6415,0.000000,0.000000,12.0,12.0,1528000.0
6416,0.000000,0.000000,12.0,12.0,1528000.0
6417,0.000000,0.000000,12.0,12.0,1528000.0
6418,0.000000,0.000000,12.0,12.0,1528000.0
6419,0.000000,0.000000,12.0,12.0,1528000.0
6420,0.000000,0.000000,12.0,12.0,1528000.0
6421,0.000000,0.000000,12.0,12.0,1528000.0
6422,0.000000,0.000000,12.0,12.0,1528000.0
6423,0.000000,0.000000,12.0,12.0,1528000.0
6424,0.000000,0.000000,12.0,12.0,1528000.0
6425,0.000000,0.000000,12.0,12.0,1528000.0
6426,0.000000,0.000000,12.0,12.0,1528000.0
6427,0.000000,0.000000,12.0,12.0,1528000.0
6428,0.000000,0.000000,12.0,12.0,1528000.0
6429,0.000000,0.000000,12.0,12.0,1528000.0
6430,0.000000,0.000000,12.0,12.0,1528000.0
6431,0.000000,0.000000,12.0,12.0,1528000.0
6432,0.000000,0.000000,12.0,12.0,1528000.0
6433,0.000000,0.000000,12.0,12.0,1528000.0
6434,0.000000,0.000000,12.0,12.0,1528000.0
6435,0.000000,0.000000,12.0,12.0,1528000.0
6436,0.000000,0.000000,12.0,12.0,1528000.0
6437,0.000000,0.000000,12.0,12.0,1528000.0
6438,0.000000,0.000000,12.0,12.0,1528000.0
6439,0.000000,0.000000,12.0,12.0,1528000.0
6440,0.000000,0.000000,12.0,12.0,1528000.0
6441,0.000000,0.000000,12.0,12.0,1528000.0
6442,0.000000,0.000000,12.0,12.0,1528000.0
6443,0.000000,0.000000,12.0,12.0,1528000.0
6444,0.000000,0.000000,12.0,12.0,1528000.0
6445,0.000000,0.000000,12.0,12.0,1528000.0
6446,0.000000,0.000000,12.0,12.0,1528000.0
6447,0.000000,0.000000,12.0,12.0,1528000.0
6448,0.000000,0.000000,12.0,12.0,1528000.0
6449,0.000000,0.000000,12.0,12.0,1528000.0
6450,0.000000,0.000000,12.0,12.0,1528000.0
6451,0.000000,0.000000,12.0,12.0,1528000.0
6452,0.000000,0.000000,12.0,12.0,1528000.0
6453,0.000000,0.000000,12.0,12.0,1528000.0
6454,0.000000,0.000000,12.0,12.0,1528000.0
6455,0.000000,0.000000,12.0,12.0,1528000.0
6456,0.000000,0.000000,12.0,12.0,1528000.0
6457,0.000000,0.000000,12.0,12.0,1528000.0
6458,0.000000,0.000000,12.0,12.0,1528000.0
6459,0.000000,0.000000,12.0,12.0,1528000.0
6460,0.000000,0.000000,12.0,12.0,1528000.0
6461,0.000000,0.000000,12.0,12.0,1528000.0
6462,0.000000,0.000000,12.0,12.0,1528000.0
6463,0.000000,0.000000,12.0,12.0,1528000.0
6464,0.000000,0.000000,12.0,12.0,1528000.0
6465,0.000000,0.000000,12.0,12.0,1528000.0
6466,0.000000,0.000000,12.0,12.0,1528000.0
6467,0.000000,0.000000,12.0,12.0,1528000.0
6468,0.000000,0.000000,12.0,12.0,1528000.0
6469,0.000000,0.000000,12.0,12.0,1528000.0
6470,0.000000,0.000000,12.0,12.0,1528000.0
6471,0.000000,0.000000,12.0,12.0,1528000.0
6472,0.000000,0.000000,12.0,12.0,1528000.0
6473,0.000000,0.000000,12.0,12.0,1528000.0
6474,0.000000,0.000000,12.0,12.0,1528000.0
6475,0.000000,0.000000,12.0,12.0,1528000.0
6476,0.000000,0.000000,12.0,12.0,1528000.0
6477,0.000000,0.000000,12.0,12.0,1528000.0
6478,0.000000,0.000000,12.0,12.0,1528000.0
6479,0.000000,0.000000,12.0,12.0,1528000.0
6480,0.000000,0.000000,12.0,12.0,1528000.0
6481,0.000000,0.000000,12.0,12.0,1528000.0
6482,0.000000,0.000000,12.0,12.0,1528000.0
6483,0.000000,0.000000,12.0,12.0,1528000.0
6484,0.000000,0.000000,12.0,12.0,1528000.0
6485,0.000000,0.000000,12.0,12.0,1528000.0
6486,0.000000,0.000000,12.0,12.0,1528000.0
6487,0.000000,0.000000,12.0,12.0,1528000.0
6488,0.000000,0.000000,12.0,12.0,1528000.0
6489,0.000000,0.000000,12.0,12.0,1528000.0
6490,0.000000,0.000000,12.0,12.0,1528000.0
6491,0.000000,0.000000,12.0,12.0,1528000.0
6492,0.000000,0.000000,12.0,12.0,1528000.0
6493,0.000000,0.000000,12.0,12.0,1528000.0
6494,0.000000,0.000000,12.0,12.0,1528000.0
6495,0.000000,0.000000,12.0,12.0,1528000.0
6496,0.000000,0.000000,12.0,12.0,1528000.0
6497,0.000000,0.000000,12.0,12.0,1528000.0
6498,0.000000,0.000000,12.0,12.0,1528000.0
6499,0.000000,0.000000,12.0,12.0,1528000.0
6500,0.000000,0.000000,12.0,12.0,1528000.0
6501,0.000000,0.000000,12.0,12.0,1528000.0
6502,0.000000,0.000000,12.0,12.0,1528000.0
6503,0.000000,0.000000,12.0,12.0,1528000.0
6504,0.000000,0.000000,12.0,12.0,1528000.0
6505,0.000000,0.000000,12.0,12.0,1528000.0
6506,0.000000,0.000000,12.0,12.0,1528000.0
6507,0.000000,0.000000,12.0,12.0,1528000.0
6508,0.000000,0.000000,12.0,12.0,1528000.0
6509,0.000000,0.000000,12.0,12.0,1528000.0
6510,0.000000,0.000000,12.0,12.0,1528000.0
6511,0.000000,0.000000,12.0,12.0,1528000.0
6512,0.000000,0.000000,12.0,12.0,1528000.0
6513,0.000000,0.000000,12.0,12.0,1528000.0
6514,0.000000,0.000000,12.0,12.0,1528000.0
6515,0.000000,0.000000,12.0,12.0,1528000.0
6516,0.000000,0.000000,12.0,12.0,1528000.0
6517,0.000000,0.000000,12.0,12.0,1528000.0
6518,0.000000,0.000000,12.0,12.0,1528000.0
6519,0.000000,0.000000,12.0,12.0,1528000.0
6520,0.000000,0.000000,12.0,12.0,1528000.0
6521,0.000000,0.000000,12.0,12.0,1528000.0
6522,0.000000,0.000000,12.0,12.0,1528000.0
6523,0.000000,0.000000,12.0,12.0,1528000.0
6524,0.000000,0.000000,12.0,12.0,1528000.0
6525,0.000000,0.000000,12.0,12.0,1528000.0
6526,0.000000,0.000000,12.0,12.0,1528000.0
6527,0.000000,0.000000,12.0,12.0,1528000.0
6528,0.000000,0.000000,12.0,12.0,1528000.0
6529,0.000000,0.000000,12.0,12.0,1528000.0
6530,0.000000,0.000000,12.0,12.0,1528000.0
6531,0.000000,0.000000,12.0,12.0,1528000.0
6532,0.000000,0.000000,12.0,12.0,1528000.0
6533,0.000000,0.000000,12.0,12.0,1528000.0
6534,0.000000,0.000000,12.0,12.0,1528000.0
6535,0.000000,0.000000,12.0,12.0,1528000.0
6536,0.000000,0.000000,12.0,12.0,1528000.0
6537,0.000000,0.000000,12.0,12.0,1528000.0
6538,0.000000,0.000000,12.0,12.0,1528000.0
6539,0.000000,0.000000,12.0,12.0,1528000.0
6540,0.000000,0.000000,12.0,12.0,1528000.0
6541,0.000000,0.000000,12.0,12.0,1528000.0
6542,0.000000,0.000000,12.0,12.0,1528000.0
6543,0.000000,0.000000,12.0,12.0,1528000.0
6544,0.000000,0.000000,12.0,12.0,1528000.0
6545,0.000000,0.000000,12.0,12.0,1528000.0
6546,0.000000,0.000000,12.0,12.0,1528000.0
6547,0.000000,0.000000,12.0,12.0,1528000.0
6548,0.000000,0.000000,12.0,12.0,1528000.0
6549,0.000000,0.000000,12.0,12.0,1528000.0
6550,0.000000,0.000000,12.0,12.0,1528000.0
6551,0.000000,0.000000,12.0,12.0,1528000.0
6552,0.000000,0.000000,12.0,12.0,1528000.0
6553,0.000000,0.000000,12.0,12.0,1528000.0
6554,0.000000,0.000000,12.0,12.0,1528000.0
6555,0.000000,0.000000,12.0,12.0,1528000.0
6556,0.000000,0.000000,12.0,12.0,1528000.0
6557,0.000000,0.000000,12.0,12.0,1528000.0
6558,0.000000,0.000000,12.0,12.0,1528000.0
6559,0.000000,0.000000,12.0,12.0,1528000.0
6560,0.000000,0.000000,12.0,12.0,1528000.0
6561,0.000000,0.000000,12.0,12.0,1528000.0
6562,0.000000,0.000000,12.0,12.0,1528000.0
6563,0.000000,0.000000,12.0,12.0,1528000.0
6564,0.000000,0.000000,12.0,12.0,1528000.0
6565,0.000000,0.000000,12.0,12.0,1528000.0
6566,0.000000,0.000000,12.0,12.0,1528000.0
6567,0.000000,0.000000,12.0,12.0,1528000.0
6568,0.000000,0.000000,12.0,12.0,1528000.0
6569,0.000000,0.000000,12.0,12.0,1528000.0
6570,0.000000,0.000000,12.0,12.0,1528000.0
6571,0.000000,0.000000,12.0,12.0,1528000.0
6572,0.000000,0.000000,12.0,12.0,1528000.0
6573,0.000000,0.000000,12.0,12.0,1528000.0
6574,0.000000,0.000000,12.0,12.0,1528000.0
6575,0.000000,0.000000,12.0,12.0,1528000.0
6576,0.000000,0.000000,12.0,12.0,1528000.0
6577,0.000000,0.000000,12.0,12.0,1528000.0
6578,0.000000,0.000000,12.0,12.0,1528000.0
6579,0.000000,0.000000,12.0,12.0,1528000.0
6580,0.000000,0.000000,12.0,12.0,1528000.0
6581,0.000000,0.000000,12.0,12.0,1528000.0
6582,0.000000,0.000000,12.0,12.0,1528000.0
6583,0.000000,0.000000,12.0,12.0,1528000.0
6584,0.000000,0.000000,12.0,12.0,1528000.0
6585,0.000000,0.000000,12.0,12.0,1528000.0
6586,0.000000,0.000000,12.0,12.0,1528000.0
6587,0.000000,0.000000,12.0,12.0,1528000.0
6588,0.000000,0.000000,12.0,12.0,1528000.0
6589,0.000000,0.000000,12.0,12.0,1528000.0
6590,0.000000,0.000000,12.0,12.0,1528000.0
6591,0.000000,0.000000,12.0,12.0,1528000.0
6592,0.000000,0.000000,12.0,12.0,1528000.0
6593,0.000000,0.000000,12.0,12.0,1528000.0
6594,0.000000,0.000000,12.0,12.0,1528000.0
6595,0.000000,0.000000,12.0,12.0,1528000.0
6596,0.000000,0.000000,12.0,12.0,1528000.0
6597,0.000000,0.000000,12.0,12.0,1528000.0
6598,0.000000,0.000000,12.0,12.0,1528000.0
6599,0.000000,0.000000,12.0,12.0,1528000.0
6600,0.000000,0.000000,12.0,12.0,1528000.0
6601,0.000000,0.000000,12.0,12.0,1528000.0
6602,0.000000,0.000000,12.0,12.0,1528000.0
6603,0.000000,0.000000,12.0,12.0,1528000.0
6604,0.000000,0.000000,12.0,12.0,1528000.0
6605,0.000000,0.000000,12.0,12.0,1528000.0
6606,0.000000,0.000000,12.0,12.0,1528000.0
6607,0.000000,0.000000,12.0,12.0,1528000.0
6608,0.000000,0.000000,12.0,12.0,1528000.0
6609,0.000000,0.000000,12.0,12.0,1528000.0
6610,0.000000,0.000000,12.0,12.0,1528000.0
6611,0.000000,0.000000,12.0,12.0,1528000.0
6612,0.000000,0.000000,12.0,12.0,1528000.0
6613,0.000000,0.000000,12.0,12.0,1528000.0
6614,0.000000,0.000000,12.0,12.0,1528000.0
6615,0.000000,0.000000,12.0,12.0,1528000.0
6616,0.000000,0.000000,12.0,12.0,1528000.0
6617,0.000000,0.000000,12.0,12.0,1528000.0
6618,0.000000,0.000000,12.0,12.0,1528000.0
6619,0.000000,0.000000,12.0,12.0,1528000.0
6620,0.000000,0.000000,12.0,12.0,1528000.0
6621,0.000000,0.000000,12.0,12.0,1528000.0
6622,0.000000,0.000000,12.0,12.0,1528000.0
6623,0.000000,0.000000,12.0,12.0,1528000.0
6624,0.000000,0.000000,12.0,12.0,1528000.0
6625,0.000000,0.000000,12.0,12.0,1528000.0
6626,0.000000,0.000000,12.0,12.0,1528000.0
6627,0.000000,0.000000,12.0,12.0,1528000.0
6628,0.000000,0.000000,12.0,12.0,1528000.0
6629,0.000000,0.000000,12.0,12.0,1528000.0
6630,0.000000,0.000000,12.0,12.0,1528000.0
6631,0.000000,0.000000,12.0,12.0,1528000.0
6632,0.000000,0.000000,12.0,12.0,1528000.0
6633,0.000000,0.000000,12.0,12.0,1528000.0
6634,0.000000,0.000000,12.0,12.0,1528000.0
6635,0.000000,0.000000,12.0,12.0,1528000.0
6636,0.000000,0.000000,12.0,12.0,1528000.0
6637,0.000000,0.000000,12.0,12.0,1528000.0
6638,0.000000,0.000000,12.0,12.0,1528000.0
6639,0.000000,0.000000,12.0,12.0,1528000.0
6640,0.000000,0.000000,12.0,12.0,1528000.0
6641,0.000000,0.000000,12.0,12.0,1528000.0
6642,0.000000,0.000000,12.0,12.0,1528000.0
6643,0.000000,0.000000,12.0,12.0,1528000.0
6644,0.000000,0.000000,12.0,12.0,1528000.0
6645,0.000000,0.000000,12.0,12.0,1528000.0
6646,0.000000,0.000000,12.0,12.0,1528000.0
6647,0.000000,0.000000,12.0,12.0,1528000.0
6648,0.000000,0.000000,12.0,12.0,1528000.0
6649,0.000000,0.000000,12.0,12.0,1528000.0
6650,0.000000,0.000000,12.0,12.0,1528000.0
6651,0.000000,0.000000,12.0,12.0,1528000.0
6652,0.000000,0.000000,12.0,12.0,1528000.0
6653,0.000000,0.000000,12.0,12.0,1528000.0
6654,0.000000,0.000000,12.0,12.0,1528000.0
6655,0.000000,0.000000,12.0,12.0,1528000.0
6656,0.000000,0.000000,12.0,12.0,1528000.0
6657,0.000000,0.000000,12.0,12.0,1528000.0
6658,0.000000,0.000000,12.0,12.0,1528000.0
6659,0.000000,0.000000,12.0,12.0,1528000.0
6660,0.000000,0.000000,12.0,12.0,1528000.0
6661,0.000000,0.000000,12.0,12.0,1528000.0
6662,0.000000,0.000000,12.0,12.0,1528000.0
6663,0.000000,0.000000,12.0,12.0,1528000.0
6664,0.000000,0.000000,12.0,12.0,1528000.0
6665,0.000000,0.000000,12.0,12.0,1528000.0
6666,0.000000,0.000000,12.0,12.0,1528000.0
6667,0.000000,0.000000,12.0,12.0,1528000.0
6668,0.000000,0.000000,12.0,12.0,1528000.0
6669,0.000000,0.000000,12.0,12.0,1528000.0
6670,0.000000,0.000000,12.0,12.0,1528000.0
6671,0.000000,0.000000,12.0,12.0,1528000.0
6672,0.000000,0.000000,12.0,12.0,1528000.0
6673,0.000000,0.000000,12.0,12.0,1528000.0
6674,0.000000,0.000000,12.0,12.0,1528000.0
6675,0.000000,0.000000,12.0,12.0,1528000.0
6676,0.000000,0.000000,12.0,12.0,1528000.0
6677,0.000000,0.000000,12.0,12.0,1528000.0
6678,0.000000,0.000000,12.0,12.0,1528000.0
6679,0.000000,0.000000,12.0,12.0,1528000.0
6680,0.000000,0.000000,12.0,12.0,1528000.0
6681,0.000000,0.000000,12.0,12.0,1528000.0
6682,0.000000,0.000000,12.0,12.0,1528000.0
6683,0.000000,0.000000,12.0,12.0,1528000.0
6684,0.000000,0.000000,12.0,12.0,1528000.0
6685,0.000000,0.000000,12.0,12.0,1528000.0
6686,0.000000,0.000000,12.0,12.0,1528000.0
6687,0.000000,0.000000,12.0,12.0,1528000.0
6688,0.000000,0.000000,12.0,12.0,1528000.0
6689,0.000000,0.000000,12.0,12.0,1528000.0
6690,0.000000,0.000000,12.0,12.0,1528000.0
6691,0.000000,0.000000,12.0,12.0,1528000.0
6692,0.000000,0.000000,12.0,12.0,1528000.0
6693,0.000000,0.000000,12.0,12.0,1528000.0
6694,0.000000,0.000000,12.0,12.0,1528000.0
6695,0.000000,0.000000,12.0,12.0,1528000.0
6696,0.000000,0.000000,12.0,12.0,1528000.0
6697,0.000000,0.000000,12.0,12.0,1528000.0
6698,0.000000,0.000000,12.0,12.0,1528000.0
6699,0.000000,0.000000,12.0,12.0,1528000.0
6700,0.000000,0.000000,12.0,12.0,1528000.0
6701,0.000000,0.000000,12.0,12.0,1528000.0
6702,0.000000,0.000000,12.0,12.0,1528000.0
6703,0.000000,0.000000,12.0,12.0,1528000.0
6704,0.000000,0.000000,12.0,12.0,1528000.0
6705,0.000000,0.000000,12.0,12.0,1528000.0
6706,0.000000,0.000000,12.0,12.0,1528000.0
6707,0.000000,0.000000,12.0,12.0,1528000.0
6708,0.000000,0.000000,12.0,12.0,1528000.0
6709,0.000000,0.000000,12.0,12.0,1528000.0
6710,0.000000,0.000000,12.0,12.0,1528000.0
6711,0.000000,0.000000,12.0,12.0,1528000.0
6712,0.000000,0.000000,12.0,12.0,1528000.0
6713,0.000000,0.000000,12.0,12.0,1528000.0
6714,0.000000,0.000000,12.0,12.0,1528000.0
6715,0.000000,0.000000,12.0,12.0,1528000.0
6716,0.000000,0.000000,12.0,12.0,1528000.0
6717,0.000000,0.000000,12.0,12.0,1528000.0
6718,0.000000,0.000000,12.0,12.0,1528000.0
6719,0.000000,0.000000,12.0,12.0,1528000.0
6720,0.000000,0.000000,12.0,12.0,1528000.0
6721,0.000000,0.000000,12.0,12.0,1528000.0
6722,0.000000,0.000000,12.0,12.0,1528000.0
6723,0.000000,0.000000,12.0,12.0,1528000.0
6724,0.000000,0.000000,12.0,12.0,1528000.0
6725,0.000000,0.000000,12.0,12.0,1528000.0
6726,0.000000,0.000000,12.0,12.0,1528000.0
6727,0.000000,0.000000,12.0,12.0,1528000.0
6728,0.000000,0.000000,12.0,12.0,1528000.0
6729,0.000000,0.000000,12.0,12.0,1528000.0
6730,0.000000,0.000000,12.0,12.0,1528000.0
6731,0.000000,0.000000,12.0,12.0,1528000.0
6732,0.000000,0.000000,12.0,12.0,1528000.0
6733,0.000000,0.000000,12.0,12.0,1528000.0
6734,0.000000,0.000000,12.0,12.0,1528000.0
6735,0.000000,0.000000,12.0,12.0,1528000.0
6736,0.000000,0.000000,12.0,12.0,1528000.0
6737,0.000000,0.000000,12.0,12.0,1528000.0
6738,0.000000,0.000000,12.0,12.0,1528000.0
6739,0.000000,0.000000,12.0,12.0,1528000.0
6740,0.000000,0.000000,12.0,12.0,1528000.0
6741,0.000000,0.000000,12.0,12.0,1528000.0
6742,0.000000,0.000000,12.0,12.0,1528000.0
6743,0.000000,0.000000,12.0,12.0,1528000.0
6744,0.000000,0.000000,12.0,12.0,1528000.0
6745,0.000000,0.000000,12.0,12.0,1528000.0
6746,0.000000,0.000000,12.0,12.0,1528000.0
6747,0.000000,0.000000,12.0,12.0,1528000.0
6748,0.000000,0.000000,12.0,12.0,1528000.0
6749,0.000000,0.000000,12.0,12.0,1528000.0
6750,0.000000,0.000000,12.0,12.0,1528000.0
6751,0.000000,0.000000,12.0,12.0,1528000.0
6752,0.000000,0.000000,12.0,12.0,1528000.0
6753,0.000000,0.000000,12.0,12.0,1528000.0
6754,0.000000,0.000000,12.0,12.0,1528000.0
6755,0.000000,0.000000,12.0,12.0,1528000.0
6756,0.000000,0.000000,12.0,12.0,1528000.0
6757,0.000000,0.000000,12.0,12.0,1528000.0
6758,0.000000,0.000000,12.0,12.0,1528000.0
6759,0.000000,0.000000,12.0,12.0,1528000.0
6760,0.000000,0.000000,12.0,12.0,1528000.0
6761,0.000000,0.000000,12.0,12.0,1528000.0
6762,0.000000,0.000000,12.0,12.0,1528000.0
6763,0.000000,0.000000,12.0,12.0,1528000.0
6764,0.000000,0.000000,12.0,12.0,1528000.0
6765,0.000000,0.000000,12.0,12.0,1528000.0
6766,0.000000,0.000000,12.0,12.0,1528000.0
6767,0.000000,0.000000,12.0,12.0,1528000.0
6768,0.000000,0.000000,12.0,12.0,1528000.0
6769,0.000000,0.000000,12.0,12.0,1528000.0
6770,0.000000,0.000000,12.0,12.0,1528000.0
6771,0.000000,0.000000,12.0,12.0,1528000.0
6772,0.000000,0.000000,12.0,12.0,1528000.0
6773,0.000000,0.000000,12.0,12.0,1528000.0
6774,0.000000,0.000000,12.0,12.0,1528000.0
6775,0.000000,0.000000,12.0,12.0,1528000.0
6776,0.000000,0.000000,12.0,12.0,1528000.0
6777,0.000000,0.000000,12.0,12.0,1528000.0
6778,0.000000,0.000000,12.0,12.0,1528000.0
6779,0.000000,0.000000,12.0,12.0,1528000.0
6780,0.000000,0.000000,12.0,12.0,1528000.0
6781,0.000000,0.000000,12.0,12.0,1528000.0
6782,0.000000,0.000000,12.0,12.0,1528000.0
6783,0.000000,0.000000,12.0,12.0,1528000.0
6784,0.000000,0.000000,12.0,12.0,1528000.0
6785,0.000000,0.000000,12.0,12.0,1528000.0
6786,0.000000,0.000000,12.0,12.0,1528000.0
6787,0.000000,0.000000,12.0,12.0,1528000.0
6788,0.000000,0.000000,12.0,12.0,1528000.0
6789,0.000000,0.000000,12.0,12.0,1528000.0
6790,0.000000,0.000000,12.0,12.0,1528000.0
6791,0.000000,0.000000,12.0,12.0,1528000.0
6792,0.000000,0.000000,12.0,12.0,1528000.0
6793,0.000000,0.000000,12.0,12.0,1528000.0
6794,0.000000,0.000000,12.0,12.0,1528000.0
6795,0.000000,0.000000,12.0,12.0,1528000.0
6796,0.000000,0.000000,12.0,12.0,1528000.0
6797,0.000000,0.000000,12.0,12.0,1528000.0
6798,0.000000,0.000000,12.0,12.0,1528000.0
6799,0.000000,0.000000,12.0,12.0,1528000.0
6800,0.000000,0.000000,12.0,12.0,1528000.0
6801,0.000000,0.000000,12.0,12.0,1528000.0
6802,0.000000,0.000000,12.0,12.0,1528000.0
6803,0.000000,0.000000,12.0,12.0,1528000.0
6804,0.000000,0.000000,12.0,12.0,1528000.0
6805,0.000000,0.000000,12.0,12.0,1528000.0
6806,0.000000,0.000000,12.0,12.0,1528000.0
6807,0.000000,0.000000,12.0,12.0,1528000.0
6808,0.000000,0.000000,12.0,12.0,1528000.0
6809,0.000000,0.000000,12.0,12.0,1528000.0
6810,0.000000,0.000000,12.0,12.0,1528000.0
6811,0.000000,0.000000,12.0,12.0,1528000.0
6812,0.000000,0.000000,12.0,12.0,1528000.0
6813,0.000000,0.000000,12.0,12.0,1528000.0
6814,0.000000,0.000000,12.0,12.0,1528000.0
6815,0.000000,0.000000,12.0,12.0,1528000.0
6816,0.000000,0.000000,12.0,12.0,1528000.0
6817,0.000000,0.000000,12.0,12.0,1528000.0
6818,0.000000,0.000000,12.0,12.0,1528000.0
6819,0.000000,0.000000,12.0,12.0,1528000.0
6820,0.000000,0.000000,12.0,12.0,1528000.0
6821,0.000000,0.000000,12.0,12.0,1528000.0
6822,0.000000,0.000000,12.0,12.0,1528000.0
6823,0.000000,0.000000,12.0,12.0,1528000.0
6824,0.000000,0.000000,12.0,12.0,1528000.0
6825,0.000000,0.000000,12.0,12.0,1528000.0
6826,0.000000,0.000000,12.0,12.0,1528000.0
6827,0.000000,0.000000,12.0,12.0,1528000.0
6828,0.000000,0.000000,12.0,12.0,1528000.0
6829,0.000000,0.000000,12.0,12.0,1528000.0
6830,0.000000,0.000000,12.0,12.0,1528000.0
6831,0.000000,0.000000,12.0,12.0,1528000.0
6832,0.000000,0.000000,12.0,12.0,1528000.0
6833,0.000000,0.000000,12.0,12.0,1528000.0
6834,0.000000,0.000000,12.0,12.0,1528000.0
6835,0.000000,0.000000,12.0,12.0,1528000.0
6836,0.000000,0.000000,12.0,12.0,1528000.0
6837,0.000000,0.000000,12.0,12.0,1528000.0
6838,0.000000,0.000000,12.0,12.0,1528000.0
6839,0.000000,0.000000,12.0,12.0,1528000.0
6840,0.000000,0.000000,12.0,12.0,1528000.0
6841,0.000000,0.000000,12.0,12.0,1528000.0
6842,0.000000,0.000000,12.0,12.0,1528000.0
6843,0.000000,0.000000,12.0,12.0,1528000.0
6844,0.000000,0.000000,12.0,12.0,1528000.0
6845,0.000000,0.000000,12.0,12.0,1528000.0
6846,0.000000,0.000000,12.0,12.0,1528000.0
6847,0.000000,0.000000,12.0,12.0,1528000.0
6848,0.000000,0.000000,12.0,12.0,1528000.0
6849,0.000000,0.000000,12.0,12.0,1528000.0
6850,0.000000,0.000000,12.0,12.0,1528000.0
6851,0.000000,0.000000,12.0,12.0,1528000.0
6852,0.000000,0.000000,12.0,12.0,1528000.0
6853,0.000000,0.000000,12.0,12.0,1528000.0
6854,0.000000,0.000000,12.0,12.0,1528000.0
6855,0.000000,0.000000,12.0,12.0,1528000.0
6856,0.000000,0.000000,12.0,12.0,1528000.0
6857,0.000000,0.000000,12.0,12.0,1528000.0
6858,0.000000,0.000000,12.0,12.0,1528000.0
6859,0.000000,0.000000,12.0,12.0,1528000.0
6860,0.000000,0.000000,12.0,12.0,1528000.0
6861,0.000000,0.000000,12.0,12.0,1528000.0
6862,0.000000,0.000000,12.0,12.0,1528000.0
6863,0.000000,0.000000,12.0,12.0,1528000.0
6864,0.000000,0.000000,12.0,12.0,1528000.0
6865,0.000000,0.000000,12.0,12.0,1528000.0
6866,0.000000,0.000000,12.0,12.0,1528000.0
6867,0.000000,0.000000,12.0,12.0,1528000.0
6868,0.000000,0.000000,12.0,12.0,1528000.0
6869,0.000000,0.000000,12.0,12.0,1528000.0
6870,0.000000,0.000000,12.0,12.0,1528000.0
6871,0.000000,0.000000,12.0,12.0,1528000.0
6872,0.000000,0.000000,12.0,12.0,1528000.0
6873,0.000000,0.000000,12.0,12.0,1528000.0
6874,0.000000,0.000000,12.0,12.0,1528000.0
6875,0.000000,0.000000,12.0,12.0,1528000.0
6876,0.000000,0.000000,12.0,12.0,1528000.0
6877,0.000000,0.000000,12.0,12.0,1528000.0
6878,0.000000,0.000000,12.0,12.0,1528000.0
6879,0.000000,0.000000,12.0,12.0,1528000.0
6880,0.000000,0.000000,12.0,12.0,1528000.0
6881,0.000000,0.000000,12.0,12.0,1528000.0
6882,0.000000,0.000000,12.0,12.0,1528000.0
6883,0.000000,0.000000,12.0,12.0,1528000.0
6884,0.000000,0.000000,12.0,12.0,1528000.0
6885,0.000000,0.000000,12.0,12.0,1528000.0
6886,0.000000,0.000000,12.0,12.0,1528000.0
6887,0.000000,0.000000,12.0,12.0,1528000.0
6888,0.000000,0.000000,12.0,12.0,1528000.0
6889,0.000000,0.000000,12.0,12.0,1528000.0
6890,0.000000,0.000000,12.0,12.0,1528000.0
6891,0.000000,0.000000,12.0,12.0,1528000.0
6892,0.000000,0.000000,12.0,12.0,1528000.0
6893,0.000000,0.000000,12.0,12.0,1528000.0
6894,0.000000,0.000000,12.0,12.0,1528000.0
6895,0.000000,0.000000,12.0,12.0,1528000.0
6896,0.000000,0.000000,12.0,12.0,1528000.0
6897,0.000000,0.000000,12.0,12.0,1528000.0
6898,0.000000,0.000000,12.0,12.0,1528000.0
6899,0.000000,0.000000,12.0,12.0,1528000.0
6900,0.000000,0.000000,12.0,12.0,1528000.0
6901,0.000000,0.000000,12.0,12.0,1528000.0
6902,0.000000,0.000000,12.0,12.0,1528000.0
6903,0.000000,0.000000,12.0,12.0,1528000.0
6904,0.000000,0.000000,12.0,12.0,1528000.0
6905,0.000000,0.000000,12.0,12.0,1528000.0
6906,0.000000,0.000000,12.0,12.0,1528000.0
6907,0.000000,0.000000,12.0,12.0,1528000.0
6908,0.000000,0.000000,12.0,12.0,1528000.0
6909,0.000000,0.000000,12.0,12.0,1528000.0
6910,0.000000,0.000000,12.0,12.0,1528000.0
6911,0.000000,0.000000,12.0,12.0,1528000.0
6912,0.000000,0.000000,12.0,12.0,1528000.0
6913,0.000000,0.000000,12.0,12.0,1528000.0
6914,0.000000,0.000000,12.0,12.0,1528000.0
6915,0.000000,0.000000,12.0,12.0,1528000.0
6916,0.000000,0.000000,12.0,12.0,1528000.0
6917,0.000000,0.000000,12.0,12.0,1528000.0
6918,0.000000,0.000000,12.0,12.0,1528000.0
6919,0.000000,0.000000,12.0,12.0,1528000.0
6920,0.000000,0.000000,12.0,12.0,1528000.0
6921,0.000000,0.000000,12.0,12.0,1528000.0
6922,0.000000,0.000000,12.0,12.0,1528000.0
6923,0.000000,0.000000,12.0,12.0,1528000.0
6924,0.000000,0.000000,12.0,12.0,1528000.0
6925,0.000000,0.000000,12.0,12.0,1528000.0
6926,0.000000,0.000000,12.0,12.0,1528000.0
6927,0.000000,0.000000,12.0,12.0,1528000.0
6928,0.000000,0.000000,12.0,12.0,1528000.0
6929,0.000000,0.000000,12.0,12.0,1528000.0
6930,0.000000,0.000000,12.0,12.0,1528000.0
6931,0.000000,0.000000,12.0,12.0,1528000.0
6932,0.000000,0.000000,12.0,12.0,1528000.0
6933,0.000000,0.000000,12.0,12.0,1528000.0
6934,0.000000,0.000000,12.0,12.0,1528000.0
6935,0.000000,0.000000,12.0,12.0,1528000.0
6936,0.000000,0.000000,12.0,12.0,1528000.0
6937,0.000000,0.000000,12.0,12.0,1528000.0
6938,0.000000,0.000000,12.0,12.0,1528000.0
6939,0.000000,0.000000,12.0,12.0,1528000.0
6940,0.000000,0.000000,12.0,12.0,1528000.0
6941,0.000000,0.000000,12.0,12.0,1528000.0
6942,0.000000,0.000000,12.0,12.0,1528000.0
6943,0.000000,0.000000,12.0,12.0,1528000.0
6944,0.000000,0.000000,12.0,12.0,1528000.0
6945,0.000000,0.000000,12.0,12.0,1528000.0
6946,0.000000,0.000000,12.0,12.0,1528000.0
6947,0.000000,0.000000,12.0,12.0,1528000.0
6948,0.000000,0.000000,12.0,12.0,1528000.0
6949,0.000000,0.000000,12.0,12.0,1528000.0
6950,0.000000,0.000000,12.0,12.0,1528000.0
6951,0.000000,0.000000,12.0,12.0,1528000.0
6952,0.000000,0.000000,12.0,12.0,1528000.0
6953,0.000000,0.000000,12.0,12.0,1528000.0
6954,0.000000,0.000000,12.0,12.0,1528000.0
6955,0.000000,0.000000,12.0,12.0,1528000.0
6956,0.000000,0.000000,12.0,12.0,1528000.0
6957,0.000000,0.000000,12.0,12.0,1528000.0
6958,0.000000,0.000000,12.0,12.0,1528000.0
6959,0.000000,0.000000,12.0,12.0,1528000.0
6960,0.000000,0.000000,12.0,12.0,1528000.0
6961,0.000000,0.000000,12.0,12.0,1528000.0
6962,0.000000,0.000000,12.0,12.0,1528000.0
6963,0.000000,0.000000,12.0,12.0,1528000.0
6964,0.000000,0.000000,12.0,12.0,1528000.0
6965,0.000000,0.000000,12.0,12.0,1528000.0
6966,0.000000,0.000000,12.0,12.0,1528000.0
6967,0.000000,0.000000,12.0,12.0,1528000.0
6968,0.000000,0.000000,12.0,12.0,1528000.0
6969,0.000000,0.000000,12.0,12.0,1528000.0
6970,0.000000,0.000000,12.0,12.0,1528000.0
6971,0.000000,0.000000,12.0,12.0,1528000.0
6972,0.000000,0.000000,12.0,12.0,1528000.0
6973,0.000000,0.000000,12.0,12.0,1528000.0
6974,0.000000,0.000000,12.0,12.0,1528000.0
6975,0.000000,0.000000,12.0,12.0,1528000.0
6976,0.000000,0.000000,12.0,12.0,1528000.0
6977,0.000000,0.000000,12.0,12.0,1528000.0
6978,0.000000,0.000000,12.0,12.0,1528000.0
6979,0.000000,0.000000,12.0,12.0,1528000.0
6980,0.000000,0.000000,12.0,12.0,1528000.0
6981,0.000000,0.000000,12.0,12.0,1528000.0
6982,0.000000,0.000000,12.0,12.0,1528000.0
6983,0.000000,0.000000,12.0,12.0,1528000.0
6984,0.000000,0.000000,12.0,12.0,1528000.0
6985,0.000000,0.000000,12.0,12.0,1528000.0
6986,0.000000,0.000000,12.0,12.0,1528000.0
6987,0.000000,0.000000,12.0,12.0,1528000.0
6988,0.000000,0.000000,12.0,12.0,1528000.0
6989,0.000000,0.000000,12.0,12.0,1528000.0
6990,0.000000,0.000000,12.0,12.0,1528000.0
6991,0.000000,0.000000,12.0,12.0,1528000.0
6992,0.000000,0.000000,12.0,12.0,1528000.0
6993,0.000000,0.000000,12.0,12.0,1528000.0
6994,0.000000,0.000000,12.0,12.0,1528000.0
6995,0.000000,0.000000,12.0,12.0,1528000.0
6996,0.000000,0.000000,12.0,12.0,1528000.0
6997,0.000000,0.000000,12.0,12.0,1528000.0
6998,0.000000,0.000000,12.0,12.0,1528000.0
6999,0.000000,0.000000,12.0,12.0,1528000.0
7000,0.000000,0.000000,12.0,12.0,1528000.0
7001,0.000000,0.000000,12.0,12.0,1528000.0
7002,0.000000,0.000000,12.0,12.0,1528000.0
7003,0.000000,0.000000,12.0,12.0,1528000.0
7004,0.000000,0.000000,12.0,12.0,1528000.0
7005,0.000000,0.000000,12.0,12.0,1528000.0
7006,0.000000,0.000000,12.0,12.0,1528000.0
7007,0.000000,0.000000,12.0,12.0,1528000.0
7008,0.000000,0.000000,12.0,12.0,1528000.0
7009,0.000000,0.000000,12.0,12.0,1528000.0
7010,0.000000,0.000000,12.0,12.0,1528000.0
7011,0.000000,0.000000,12.0,12.0,1528000.0
7012,0.000000,0.000000,12.0,12.0,1528000.0
7013,0.000000,0.000000,12.0,12.0,1528000.0
7014,0.000000,0.000000,12.0,12.0,1528000.0
7015,0.000000,0.000000,12.0,12.0,1528000.0
7016,0.000000,0.000000,12.0,12.0,1528000.0
7017,0.000000,0.000000,12.0,12.0,1528000.0
7018,0.000000,0.000000,12.0,12.0,1528000.0
7019,0.000000,0.000000,12.0,12.0,1528000.0
7020,0.000000,0.000000,12.0,12.0,1528000.0
7021,0.000000,0.000000,12.0,12.0,1528000.0
7022,0.000000,0.000000,12.0,12.0,1528000.0
7023,0.000000,0.000000,12.0,12.0,1528000.0
7024,0.000000,0.000000,12.0,12.0,1528000.0
7025,0.000000,0.000000,12.0,12.0,1528000.0
7026,0.000000,0.000000,12.0,12.0,1528000.0
7027,0.000000,0.000000,12.0,12.0,1528000.0
7028,0.000000,0.000000,12.0,12.0,1528000.0
7029,0.000000,0.000000,12.0,12.0,1528000.0
7030,0.000000,0.000000,12.0,12.0,1528000.0
7031,0.000000,0.000000,12.0,12.0,1528000.0
7032,0.000000,0.000000,12.0,12.0,1528000.0
7033,0.000000,0.000000,12.0,12.0,1528000.0
7034,0.000000,0.000000,12.0,12.0,1528000.0
7035,0.000000,0.000000,12.0,12.0,1528000.0
7036,0.000000,0.000000,12.0,12.0,1528000.0
7037,0.000000,0.000000,12.0,12.0,1528000.0
7038,0.000000,0.000000,12.0,12.0,1528000.0
7039,0.000000,0.000000,12.0,12.0,1528000.0
7040,0.000000,0.000000,12.0,12.0,1528000.0
7041,0.000000,0.000000,12.0,12.0,1528000.0
7042,0.000000,0.000000,12.0,12.0,1528000.0
7043,0.000000,0.000000,12.0,12.0,1528000.0
7044,0.000000,0.000000,12.0,12.0,1528000.0
7045,0.000000,0.000000,12.0,12.0,1528000.0
7046,0.000000,0.000000,12.0,12.0,1528000.0
7047,0.000000,0.000000,12.0,12.0,1528000.0
7048,0.000000,0.000000,12.0,12.0,1528000.0
7049,0.000000,0.000000,12.0,12.0,1528000.0
7050,0.000000,0.000000,12.0,12.0,1528000.0
7051,0.000000,0.000000,12.0,12.0,1528000.0
7052,0.000000,0.000000,12.0,12.0,1528000.0
7053,0.000000,0.000000,12.0,12.0,1528000.0
7054,0.000000,0.000000,12.0,12.0,1528000.0
7055,0.000000,0.000000,12.0,12.0,1528000.0
7056,0.000000,0.000000,12.0,12.0,1528000.0
7057,0.000000,0.000000,12.0,12.0,1528000.0
7058,0.000000,0.000000,12.0,12.0,1528000.0
7059,0.000000,0.000000,12.0,12.0,1528000.0
7060,0.000000,0.000000,12.0,12.0,1528000.0
7061,0.000000,0.000000,12.0,12.0,1528000.0
7062,0.000000,0.000000,12.0,12.0,1528000.0
7063,0.000000,0.000000,12.0,12.0,1528000.0
7064,0.000000,0.000000,12.0,12.0,1528000.0
7065,0.000000,0.000000,12.0,12.0,1528000.0
7066,0.000000,0.000000,12.0,12.0,1528000.0
7067,0.000000,0.000000,12.0,12.0,1528000.0
7068,0.000000,0.000000,12.0,12.0,1528000.0
7069,0.000000,0.000000,12.0,12.0,1528000.0
7070,0.000000,0.000000,12.0,12.0,1528000.0
7071,0.000000,0.000000,12.0,12.0,1528000.0
7072,0.000000,0.000000,12.0,12.0,1528000.0
7073,0.000000,0.000000,12.0,12.0,1528000.0
7074,0.000000,0.000000,12.0,12.0,1528000.0
7075,0.000000,0.000000,12.0,12.0,1528000.0
7076,0.000000,0.000000,12.0,12.0,1528000.0
7077,0.000000,0.000000,12.0,12.0,1528000.0
7078,0.000000,0.000000,12.0,12.0,1528000.0
7079,0.000000,0.000000,12.0,12.0,1528000.0
7080,0.000000,0.000000,12.0,12.0,1528000.0
7081,0.000000,0.000000,12.0,12.0,1528000.0
7082,0.000000,0.000000,12.0,12.0,1528000.0
7083,0.000000,0.000000,12.0,12.0,1528000.0
7084,0.000000,0.000000,12.0,12.0,1528000.0
7085,0.000000,0.000000,12.0,12.0,1528000.0
7086,0.000000,0.000000,12.0,12.0,1528000.0
7087,0.000000,0.000000,12.0,12.0,1528000.0
7088,0.000000,0.000000,12.0,12.0,1528000.0
7089,0.000000,0.000000,12.0,12.0,1528000.0
7090,0.000000,0.000000,12.0,12.0,1528000.0
7091,0.000000,0.000000,12.0,12.0,1528000.0
7092,0.000000,0.000000,12.0,12.0,1528000.0
7093,0.000000,0.000000,12.0,12.0,1528000.0
7094,0.000000,0.000000,12.0,12.0,1528000.0
7095,0.000000,0.000000,12.0,12.0,1528000.0
7096,0.000000,0.000000,12.0,12.0,1528000.0
7097,0.000000,0.000000,12.0,12.0,1528000.0
7098,0.000000,0.000000,12.0,12.0,1528000.0
7099,0.000000,0.000000,12.0,12.0,1528000.0
7100,0.000000,0.000000,12.0,12.0,1528000.0
7101,0.000000,0.000000,12.0,12.0,1528000.0
7102,0.000000,0.000000,12.0,12.0,1528000.0
7103,0.000000,0.000000,12.0,12.0,1528000.0
7104,0.000000,0.000000,12.0,12.0,1528000.0
7105,0.000000,0.000000,12.0,12.0,1528000.0
7106,0.000000,0.000000,12.0,12.0,1528000.0
7107,0.000000,0.000000,12.0,12.0,1528000.0
7108,0.000000,0.000000,12.0,12.0,1528000.0
7109,0.000000,0.000000,12.0,12.0,1528000.0
7110,0.000000,0.000000,12.0,12.0,1528000.0
7111,0.000000,0.000000,12.0,12.0,1528000.0
7112,0.000000,0.000000,12.0,12.0,1528000.0
7113,0.000000,0.000000,12.0,12.0,1528000.0
7114,0.000000,0.000000,12.0,12.0,1528000.0
7115,0.000000,0.000000,12.0,12.0,1528000.0
7116,0.000000,0.000000,12.0,12.0,1528000.0
7117,0.000000,0.000000,12.0,12.0,1528000.0
7118,0.000000,0.000000,12.0,12.0,1528000.0
7119,0.000000,0.000000,12.0,12.0,1528000.0
7120,0.000000,0.000000,12.0,12.0,1528000.0
7121,0.000000,0.000000,12.0,12.0,1528000.0
7122,0.000000,0.000000,12.0,12.0,1528000.0
7123,0.000000,0.000000,12.0,12.0,1528000.0
7124,0.000000,0.000000,12.0,12.0,1528000.0
7125,0.000000,0.000000,12.0,12.0,1528000.0
7126,0.000000,0.000000,12.0,12.0,1528000.0
7127,0.000000,0.000000,12.0,12.0,1528000.0
7128,0.000000,0.000000,12.0,12.0,1528000.0
7129,0.000000,0.000000,12.0,12.0,1528000.0
7130,0.000000,0.000000,12.0,12.0,1528000.0
7131,0.000000,0.000000,12.0,12.0,1528000.0
7132,0.000000,0.000000,12.0,12.0,1528000.0
7133,0.000000,0.000000,12.0,12.0,1528000.0
7134,0.000000,0.000000,12.0,12.0,1528000.0
7135,0.000000,0.000000,12.0,12.0,1528000.0
7136,0.000000,0.000000,12.0,12.0,1528000.0
7137,0.000000,0.000000,12.0,12.0,1528000.0
7138,0.000000,0.000000,12.0,12.0,1528000.0
7139,0.000000,0.000000,12.0,12.0,1528000.0
7140,0.000000,0.000000,12.0,12.0,1528000.0
7141,0.000000,0.000000,12.0,12.0,1528000.0
7142,0.000000,0.000000,12.0,12.0,1528000.0
7143,0.000000,0.000000,12.0,12.0,1528000.0
7144,0.000000,0.000000,12.0,12.0,1528000.0
7145,0.000000,0.000000,12.0,12.0,1528000.0
7146,0.000000,0.000000,12.0,12.0,1528000.0
7147,0.000000,0.000000,12.0,12.0,1528000.0
7148,0.000000,0.000000,12.0,12.0,1528000.0
7149,0.000000,0.000000,12.0,12.0,1528000.0
7150,0.000000,0.000000,12.0,12.0,1528000.0
7151,0.000000,0.000000,12.0,12.0,1528000.0
7152,0.000000,0.000000,12.0,12.0,1528000.0
7153,0.000000,0.000000,12.0,12.0,1528000.0
7154,0.000000,0.000000,12.0,12.0,1528000.0
7155,0.000000,0.000000,12.0,12.0,1528000.0
7156,0.000000,0.000000,12.0,12.0,1528000.0
7157,0.000000,0.000000,12.0,12.0,1528000.0
7158,0.000000,0.000000,12.0,12.0,1528000.0
7159,0.000000,0.000000,12.0,12.0,1528000.0
7160,0.000000,0.000000,12.0,12.0,1528000.0
7161,0.000000,0.000000,12.0,12.0,1528000.0
7162,0.000000,0.000000,12.0,12.0,1528000.0
7163,0.000000,0.000000,12.0,12.0,1528000.0
7164,0.000000,0.000000,12.0,12.0,1528000.0
7165,0.000000,0.000000,12.0,12.0,1528000.0
7166,0.000000,0.000000,12.0,12.0,1528000.0
7167,0.000000,0.000000,12.0,12.0,1528000.0
7168,0.000000,0.000000,12.0,12.0,1528000.0
7169,0.000000,0.000000,12.0,12.0,1528000.0
7170,0.000000,0.000000,12.0,12.0,1528000.0
7171,0.000000,0.000000,12.0,12.0,1528000.0
7172,0.000000,0.000000,12.0,12.0,1528000.0
7173,0.000000,0.000000,12.0,12.0,1528000.0
7174,0.000000,0.000000,12.0,12.0,1528000.0
7175,0.000000,0.000000,12.0,12.0,1528000.0
7176,0.000000,0.000000,12.0,12.0,1528000.0
7177,0.000000,0.000000,12.0,12.0,1528000.0
7178,0.000000,0.000000,12.0,12.0,1528000.0
7179,0.000000,0.000000,12.0,12.0,1528000.0
7180,0.000000,0.000000,12.0,12.0,1528000.0
7181,0.000000,0.000000,12.0,12.0,1528000.0
7182,0.000000,0.000000,12.0,12.0,1528000.0
7183,0.000000,0.000000,12.0,12.0,1528000.0
7184,0.000000,0.000000,12.0,12.0,1528000.0
7185,0.000000,0.000000,12.0,12.0,1528000.0
7186,0.000000,0.000000,12.0,12.0,1528000.0
7187,0.000000,0.000000,12.0,12.0,1528000.0
7188,0.000000,0.000000,12.0,12.0,1528000.0
7189,0.000000,0.000000,12.0,12.0,1528000.0
7190,0.000000,0.000000,12.0,12.0,1528000.0
7191,0.000000,0.000000,12.0,12.0,1528000.0
7192,0.000000,0.000000,12.0,12.0,1528000.0
7193,0.000000,0.000000,12.0,12.0,1528000.0
7194,0.000000,0.000000,12.0,12.0,1528000.0
7195,0.000000,0.000000,12.0,12.0,1528000.0
7196,0.000000,0.000000,12.0,12.0,1528000.0
7197,0.000000,0.000000,12.0,12.0,1528000.0
7198,0.000000,0.000000,12.0,12.0,1528000.0
7199,0.000000,0.000000,12.0,12.0,1528000.0
7200,0.000000,0.000000,12.0,12.0,1528000.0
7201,0.000000,0.000000,12.0,12.0,1528000.0
7202,0.000000,0.000000,12.0,12.0,1528000.0
7203,0.000000,0.000000,12.0,12.0,1528000.0
7204,0.000000,0.000000,12.0,12.0,1528000.0
7205,0.000000,0.000000,12.0,12.0,1528000.0
7206,0.000000,0.000000,12.0,12.0,1528000.0
7207,0.000000,0.000000,12.0,12.0,1528000.0
7208,0.000000,0.000000,12.0,12.0,1528000.0
7209,0.000000,0.000000,12.0,12.0,1528000.0
7210,0.000000,0.000000,12.0,12.0,1528000.0
7211,0.000000,0.000000,12.0,12.0,1528000.0
7212,0.000000,0.000000,12.0,12.0,1528000.0
7213,0.000000,0.000000,12.0,12.0,1528000.0
7214,0.000000,0.000000,12.0,12.0,1528000.0
7215,0.000000,0.000000,12.0,12.0,1528000.0
7216,0.000000,0.000000,12.0,12.0,1528000.0
7217,0.000000,0.000000,12.0,12.0,1528000.0
7218,0.000000,0.000000,12.0,12.0,1528000.0
7219,0.000000,0.000000,12.0,12.0,1528000.0
7220,0.000000,0.000000,12.0,12.0,1528000.0
7221,0.000000,0.000000,12.0,12.0,1528000.0
7222,0.000000,0.000000,12.0,12.0,1528000.0
7223,0.000000,0.000000,12.0,12.0,1528000.0
7224,0.000000,0.000000,12.0,12.0,1528000.0
7225,0.000000,0.000000,12.0,12.0,1528000.0
7226,0.000000,0.000000,12.0,12.0,1528000.0
7227,0.000000,0.000000,12.0,12.0,1528000.0
7228,0.000000,0.000000,12.0,12.0,1528000.0
7229,0.000000,0.000000,12.0,12.0,1528000.0
7230,0.000000,0.000000,12.0,12.0,1528000.0
7231,0.000000,0.000000,12.0,12.0,1528000.0
7232,0.000000,0.000000,12.0,12.0,1528000.0
7233,0.000000,0.000000,12.0,12.0,1528000.0
7234,0.000000,0.000000,12.0,12.0,1528000.0
7235,0.000000,0.000000,12.0,12.0,1528000.0
7236,0.000000,0.000000,12.0,12.0,1528000.0
7237,0.000000,0.000000,12.0,12.0,1528000.0
7238,0.000000,0.000000,12.0,12.0,1528000.0
7239,0.000000,0.000000,12.0,12.0,1528000.0
7240,0.000000,0.000000,12.0,12.0,1528000.0
7241,0.000000,0.000000,12.0,12.0,1528000.0
7242,0.000000,0.000000,12.0,12.0,1528000.0
7243,0.000000,0.000000,12.0,12.0,1528000.0
7244,0.000000,0.000000,12.0,12.0,1528000.0
7245,0.000000,0.000000,12.0,12.0,1528000.0
7246,0.000000,0.000000,12.0,12.0,1528000.0
7247,0.000000,0.000000,12.0,12.0,1528000.0
7248,0.000000,0.000000,12.0,12.0,1528000.0
7249,0.000000,0.000000,12.0,12.0,1528000.0
7250,0.000000,0.000000,12.0,12.0,1528000.0
7251,0.000000,0.000000,12.0,12.0,1528000.0
7252,0.000000,0.000000,12.0,12.0,1528000.0
7253,0.000000,0.000000,12.0,12.0,1528000.0
7254,0.000000,0.000000,12.0,12.0,1528000.0
7255,0.000000,0.000000,12.0,12.0,1528000.0
7256,0.000000,0.000000,12.0,12.0,1528000.0
7257,0.000000,0.000000,12.0,12.0,1528000.0
7258,0.000000,0.000000,12.0,12.0,1528000.0
7259,0.000000,0.000000,12.0,12.0,1528000.0
7260,0.000000,0.000000,12.0,12.0,1528000.0
7261,0.000000,0.000000,12.0,12.0,1528000.0
7262,0.000000,0.000000,12.0,12.0,1528000.0
7263,0.000000,0.000000,12.0,12.0,1528000.0
7264,0.000000,0.000000,12.0,12.0,1528000.0
7265,0.000000,0.000000,12.0,12.0,1528000.0
7266,0.000000,0.000000,12.0,12.0,1528000.0
7267,0.000000,0.000000,12.0,12.0,1528000.0
7268,0.000000,0.000000,12.0,12.0,1528000.0
7269,0.000000,0.000000,12.0,12.0,1528000.0
7270,0.000000,0.000000,12.0,12.0,1528000.0
7271,0.000000,0.000000,12.0,12.0,1528000.0
7272,0.000000,0.000000,12.0,12.0,1528000.0
7273,0.000000,0.000000,12.0,12.0,1528000.0
7274,0.000000,0.000000,12.0,12.0,1528000.0
7275,0.000000,0.000000,12.0,12.0,1528000.0
7276,0.000000,0.000000,12.0,12.0,1528000.0
7277,0.000000,0.000000,12.0,12.0,1528000.0
7278,0.000000,0.000000,12.0,12.0,1528000.0
7279,0.000000,0.000000,12.0,12.0,1528000.0
7280,0.000000,0.000000,12.0,12.0,1528000.0
7281,0.000000,0.000000,12.0,12.0,1528000.0
7282,0.000000,0.000000,12.0,12.0,1528000.0
7283,0.000000,0.000000,12.0,12.0,1528000.0
7284,0.000000,0.000000,12.0,12.0,1528000.0
7285,0.000000,0.000000,12.0,12.0,1528000.0
7286,0.000000,0.000000,12.0,12.0,1528000.0
7287,0.000000,0.000000,12.0,12.0,1528000.0
7288,0.000000,0.000000,12.0,12.0,1528000.0
7289,0.000000,0.000000,12.0,12.0,1528000.0
7290,0.000000,0.000000,12.0,12.0,1528000.0
7291,0.000000,0.000000,12.0,12.0,1528000.0
7292,0.000000,0.000000,12.0,12.0,1528000.0
7293,0.000000,0.000000,12.0,12.0,1528000.0
7294,0.000000,0.000000,12.0,12.0,1528000.0
7295,0.000000,0.000000,12.0,12.0,1528000.0
7296,0.000000,0.000000,12.0,12.0,1528000.0
7297,0.000000,0.000000,12.0,12.0,1528000.0
7298,0.000000,0.000000,12.0,12.0,1528000.0
7299,0.000000,0.000000,12.0,12.0,1528000.0
7300,0.000000,0.000000,12.0,12.0,1528000.0
7301,0.000000,0.000000,12.0,12.0,1528000.0
7302,0.000000,0.000000,12.0,12.0,1528000.0
7303,0.000000,0.000000,12.0,12.0,1528000.0
7304,0.000000,0.000000,12.0,12.0,1528000.0
7305,0.000000,0.000000,12.0,12.0,1528000.0
7306,0.000000,0.000000,12.0,12.0,1528000.0
7307,0.000000,0.000000,12.0,12.0,1528000.0
7308,0.000000,0.000000,12.0,12.0,1528000.0
7309,0.000000,0.000000,12.0,12.0,1528000.0
7310,0.000000,0.000000,12.0,12.0,1528000.0
7311,0.000000,0.000000,12.0,12.0,1528000.0
7312,0.000000,0.000000,12.0,12.0,1528000.0
7313,0.000000,0.000000,12.0,12.0,1528000.0
7314,0.000000,0.000000,12.0,12.0,1528000.0
7315,0.000000,0.000000,12.0,12.0,1528000.0
7316,0.000000,0.000000,12.0,12.0,1528000.0
7317,0.000000,0.000000,12.0,12.0,1528000.0
7318,0.000000,0.000000,12.0,12.0,1528000.0
7319,0.000000,0.000000,12.0,12.0,1528000.0
7320,0.000000,0.000000,12.0,12.0,1528000.0
7321,0.000000,0.000000,12.0,12.0,1528000.0
7322,0.000000,0.000000,12.0,12.0,1528000.0
7323,0.000000,0.000000,12.0,12.0,1528000.0
7324,0.000000,0.000000,12.0,12.0,1528000.0
7325,0.000000,0.000000,12.0,12.0,1528000.0
7326,0.000000,0.000000,12.0,12.0,1528000.0
7327,0.000000,0.000000,12.0,12.0,1528000.0
7328,0.000000,0.000000,12.0,12.0,1528000.0
7329,0.000000,0.000000,12.0,12.0,1528000.0
7330,0.000000,0.000000,12.0,12.0,1528000.0
7331,0.000000,0.000000,12.0,12.0,1528000.0
7332,0.000000,0.000000,12.0,12.0,1528000.0
7333,0.000000,0.000000,12.0,12.0,1528000.0
7334,0.000000,0.000000,12.0,12.0,1528000.0
7335,0.000000,0.000000,12.0,12.0,1528000.0
7336,0.000000,0.000000,12.0,12.0,1528000.0
7337,0.000000,0.000000,12.0,12.0,1528000.0
7338,0.000000,0.000000,12.0,12.0,1528000.0
7339,0.000000,0.000000,12.0,12.0,1528000.0
7340,0.000000,0.000000,12.0,12.0,1528000.0
7341,0.000000,0.000000,12.0,12.0,1528000.0
7342,0.000000,0.000000,12.0,12.0,1528000.0
7343,0.000000,0.000000,12.0,12.0,1528000.0
7344,0.000000,0.000000,12.0,12.0,1528000.0
7345,0.000000,0.000000,12.0,12.0,1528000.0
7346,0.000000,0.000000,12.0,12.0,1528000.0
7347,0.000000,0.000000,12.0,12.0,1528000.0
7348,0.000000,0.000000,12.0,12.0,1528000.0
7349,0.000000,0.000000,12.0,12.0,1528000.0
7350,0.000000,0.000000,12.0,12.0,1528000.0
7351,0.000000,0.000000,12.0,12.0,1528000.0
7352,0.000000,0.000000,12.0,12.0,1528000.0
7353,0.000000,0.000000,12.0,12.0,1528000.0
7354,0.000000,0.000000,12.0,12.0,1528000.0
7355,0.000000,0.000000,12.0,12.0,1528000.0
7356,0.000000,0.000000,12.0,12.0,1528000.0
7357,0.000000,0.000000,12.0,12.0,1528000.0
7358,0.000000,0.000000,12.0,12.0,1528000.0
7359,0.000000,0.000000,12.0,12.0,1528000.0
7360,0.000000,0.000000,12.0,12.0,1528000.0
7361,0.000000,0.000000,12.0,12.0,1528000.0
7362,0.000000,0.000000,12.0,12.0,1528000.0
7363,0.000000,0.000000,12.0,12.0,1528000.0
7364,0.000000,0.000000,12.0,12.0,1528000.0
7365,0.000000,0.000000,12.0,12.0,1528000.0
7366,0.000000,0.000000,12.0,12.0,1528000.0
7367,0.000000,0.000000,12.0,12.0,1528000.0
7368,0.000000,0.000000,12.0,12.0,1528000.0
7369,0.000000,0.000000,12.0,12.0,1528000.0
7370,0.000000,0.000000,12.0,12.0,1528000.0
7371,0.000000,0.000000,12.0,12.0,1528000.0
7372,0.000000,0.000000,12.0,12.0,1528000.0
7373,0.000000,0.000000,12.0,12.0,1528000.0
7374,0.000000,0.000000,12.0,12.0,1528000.0
7375,0.000000,0.000000,12.0,12.0,1528000.0
7376,0.000000,0.000000,12.0,12.0,1528000.0
7377,0.000000,0.000000,12.0,12.0,1528000.0
7378,0.000000,0.000000,12.0,12.0,1528000.0
7379,0.000000,0.000000,12.0,12.0,1528000.0
7380,0.000000,0.000000,12.0,12.0,1528000.0
7381,0.000000,0.000000,12.0,12.0,1528000.0
7382,0.000000,0.000000,12.0,12.0,1528000.0
7383,0.000000,0.000000,12.0,12.0,1528000.0
7384,0.000000,0.000000,12.0,12.0,1528000.0
7385,0.000000,0.000000,12.0,12.0,1528000.0
7386,0.000000,0.000000,12.0,12.0,1528000.0
7387,0.000000,0.000000,12.0,12.0,1528000.0
7388,0.000000,0.000000,12.0,12.0,1528000.0
7389,0.000000,0.000000,12.0,12.0,1528000.0
7390,0.000000,0.000000,12.0,12.0,1528000.0
7391,0.000000,0.000000,12.0,12.0,1528000.0
7392,0.000000,0.000000,12.0,12.0,1528000.0
7393,0.000000,0.000000,12.0,12.0,1528000.0
7394,0.000000,0.000000,12.0,12.0,1528000.0
7395,0.000000,0.000000,12.0,12.0,1528000.0
7396,0.000000,0.000000,12.0,12.0,1528000.0
7397,0.000000,0.000000,12.0,12.0,1528000.0
7398,0.000000,0.000000,12.0,12.0,1528000.0
7399,0.000000,0.000000,12.0,12.0,1528000.0
7400,0.000000,0.000000,12.0,12.0,1528000.0
7401,0.000000,0.000000,12.0,12.0,1528000.0
7402,0.000000,0.000000,12.0,12.0,1528000.0
7403,0.000000,0.000000,12.0,12.0,1528000.0
7404,0.000000,0.000000,12.0,12.0,1528000.0
7405,0.000000,0.000000,12.0,12.0,1528000.0
7406,0.000000,0.000000,12.0,12.0,1528000.0
7407,0.000000,0.000000,12.0,12.0,1528000.0
7408,0.000000,0.000000,12.0,12.0,1528000.0
7409,0.000000,0.000000,12.0,12.0,1528000.0
7410,0.000000,0.000000,12.0,12.0,1528000.0
7411,0.000000,0.000000,12.0,12.0,1528000.0
7412,0.000000,0.000000,12.0,12.0,1528000.0
7413,0.000000,0.000000,12.0,12.0,1528000.0
7414,0.000000,0.000000,12.0,12.0,1528000.0
7415,0.000000,0.000000,12.0,12.0,1528000.0
7416,0.000000,0.000000,12.0,12.0,1528000.0
7417,0.000000,0.000000,12.0,12.0,1528000.0
7418,0.000000,0.000000,12.0,12.0,1528000.0
7419,0.000000,0.000000,12.0,12.0,1528000.0
7420,0.000000,0.000000,12.0,12.0,1528000.0
7421,0.000000,0.000000,12.0,12.0,1528000.0
7422,0.000000,0.000000,12.0,12.0,1528000.0
7423,0.000000,0.000000,12.0,12.0,1528000.0
7424,0.000000,0.000000,12.0,12.0,1528000.0
7425,0.000000,0.000000,12.0,12.0,1528000.0
7426,0.000000,0.000000,12.0,12.0,1528000.0
7427,0.000000,0.000000,12.0,12.0,1528000.0
7428,0.000000,0.000000,12.0,12.0,1528000.0
7429,0.000000,0.000000,12.0,12.0,1528000.0
7430,0.000000,0.000000,12.0,12.0,1528000.0
7431,0.000000,0.000000,12.0,12.0,1528000.0
7432,0.000000,0.000000,12.0,12.0,1528000.0
7433,0.000000,0.000000,12.0,12.0,1528000.0
7434,0.000000,0.000000,12.0,12.0,1528000.0
7435,0.000000,0.000000,12.0,12.0,1528000.0
7436,0.000000,0.000000,12.0,12.0,1528000.0
7437,0.000000,0.000000,12.0,12.0,1528000.0
7438,0.000000,0.000000,12.0,12.0,1528000.0
7439,0.000000,0.000000,12.0,12.0,1528000.0
7440,0.000000,0.000000,12.0,12.0,1528000.0
7441,0.000000,0.000000,12.0,12.0,1528000.0
7442,0.000000,0.000000,12.0,12.0,1528000.0
7443,0.000000,0.000000,12.0,12.0,1528000.0
7444,0.000000,0.000000,12.0,12.0,1528000.0
7445,0.000000,0.000000,12.0,12.0,1528000.0
7446,0.000000,0.000000,12.0,12.0,1528000.0
7447,0.000000,0.000000,12.0,12.0,1528000.0
7448,0.000000,0.000000,12.0,12.0,1528000.0
7449,0.000000,0.000000,12.0,12.0,1528000.0
7450,0.000000,0.000000,12.0,12.0,1528000.0
7451,0.000000,0.000000,12.0,12.0,1528000.0
7452,0.000000,0.000000,12.0,12.0,1528000.0
7453,0.000000,0.000000,12.0,12.0,1528000.0
7454,0.000000,0.000000,12.0,12.0,1528000.0
7455,0.000000,0.000000,12.0,12.0,1528000.0
7456,0.000000,0.000000,12.0,12.0,1528000.0
7457,0.000000,0.000000,12.0,12.0,1528000.0
7458,0.000000,0.000000,12.0,12.0,1528000.0
7459,0.000000,0.000000,12.0,12.0,1528000.0
7460,0.000000,0.000000,12.0,12.0,1528000.0
7461,0.000000,0.000000,12.0,12.0,1528000.0
7462,0.000000,0.000000,12.0,12.0,1528000.0
7463,0.000000,0.000000,12.0,12.0,1528000.0
7464,0.000000,0.000000,12.0,12.0,1528000.0
7465,0.000000,0.000000,12.0,12.0,1528000.0
7466,0.000000,0.000000,12.0,12.0,1528000.0
7467,0.000000,0.000000,12.0,12.0,1528000.0
7468,0.000000,0.000000,12.0,12.0,1528000.0
7469,0.000000,0.000000,12.0,12.0,1528000.0
7470,0.000000,0.000000,12.0,12.0,1528000.0
7471,0.000000,0.000000,12.0,12.0,1528000.0
7472,0.000000,0.000000,12.0,12.0,1528000.0
7473,0.000000,0.000000,12.0,12.0,1528000.0
7474,0.000000,0.000000,12.0,12.0,1528000.0
7475,0.000000,0.000000,12.0,12.0,1528000.0
7476,0.000000,0.000000,12.0,12.0,1528000.0
7477,0.000000,0.000000,12.0,12.0,1528000.0
7478,0.000000,0.000000,12.0,12.0,1528000.0
7479,0.000000,0.000000,12.0,12.0,1528000.0
7480,0.000000,0.000000,12.0,12.0,1528000.0
7481,0.000000,0.000000,12.0,12.0,1528000.0
7482,0.000000,0.000000,12.0,12.0,1528000.0
7483,0.000000,0.000000,12.0,12.0,1528000.0
7484,0.000000,0.000000,12.0,12.0,1528000.0
7485,0.000000,0.000000,12.0,12.0,1528000.0
7486,0.000000,0.000000,12.0,12.0,1528000.0
7487,0.000000,0.000000,12.0,12.0,1528000.0
7488,0.000000,0.000000,12.0,12.0,1528000.0
7489,0.000000,0.000000,12.0,12.0,1528000.0
7490,0.000000,0.000000,12.0,12.0,1528000.0
7491,0.000000,0.000000,12.0,12.0,1528000.0
7492,0.000000,0.000000,12.0,12.0,1528000.0
7493,0.000000,0.000000,12.0,12.0,1528000.0
7494,0.000000,0.000000,12.0,12.0,1528000.0
7495,0.000000,0.000000,12.0,12.0,1528000.0
7496,0.000000,0.000000,12.0,12.0,1528000.0
7497,0.000000,0.000000,12.0,12.0,1528000.0
7498,0.000000,0.000000,12.0,12.0,1528000.0
7499,0.000000,0.000000,12.0,12.0,1528000.0
7500,0.000000,0.000000,12.0,12.0,1528000.0
7501,0.000000,0.000000,12.0,12.0,1528000.0
7502,0.000000,0.000000,12.0,12.0,1528000.0
7503,0.000000,0.000000,12.0,12.0,1528000.0
7504,0.000000,0.000000,12.0,12.0,1528000.0
7505,0.000000,0.000000,12.0,12.0,1528000.0
7506,0.000000,0.000000,12.0,12.0,1528000.0
7507,0.000000,0.000000,12.0,12.0,1528000.0
7508,0.000000,0.000000,12.0,12.0,1528000.0
7509,0.000000,0.000000,12.0,12.0,1528000.0
7510,0.000000,0.000000,12.0,12.0,1528000.0
7511,0.000000,0.000000,12.0,12.0,1528000.0
7512,0.000000,0.000000,12.0,12.0,1528000.0
7513,0.000000,0.000000,12.0,12.0,1528000.0
7514,0.000000,0.000000,12.0,12.0,1528000.0
7515,0.000000,0.000000,12.0,12.0,1528000.0
7516,0.000000,0.000000,12.0,12.0,1528000.0
7517,0.000000,0.000000,12.0,12.0,1528000.0
7518,0.000000,0.000000,12.0,12.0,1528000.0
7519,0.000000,0.000000,12.0,12.0,1528000.0
7520,0.000000,0.000000,12.0,12.0,1528000.0
7521,0.000000,0.000000,12.0,12.0,1528000.0
7522,0.000000,0.000000,12.0,12.0,1528000.0
7523,0.000000,0.000000,12.0,12.0,1528000.0
7524,0.000000,0.000000,12.0,12.0,1528000.0
7525,0.000000,0.000000,12.0,12.0,1528000.0
7526,0.000000,0.000000,12.0,12.0,1528000.0
7527,0.000000,0.000000,12.0,12.0,1528000.0
7528,0.000000,0.000000,12.0,12.0,1528000.0
7529,0.000000,0.000000,12.0,12.0,1528000.0
7530,0.000000,0.000000,12.0,12.0,1528000.0
7531,0.000000,0.000000,12.0,12.0,1528000.0
7532,0.000000,0.000000,12.0,12.0,1528000.0
7533,0.000000,0.000000,12.0,12.0,1528000.0
7534,0.000000,0.000000,12.0,12.0,1528000.0
7535,0.000000,0.000000,12.0,12.0,1528000.0
7536,0.000000,0.000000,12.0,12.0,1528000.0
7537,0.000000,0.000000,12.0,12.0,1528000.0
7538,0.000000,0.000000,12.0,12.0,1528000.0
7539,0.000000,0.000000,12.0,12.0,1528000.0
7540,0.000000,0.000000,12.0,12.0,1528000.0
7541,0.000000,0.000000,12.0,12.0,1528000.0
7542,0.000000,0.000000,12.0,12.0,1528000.0
7543,0.000000,0.000000,12.0,12.0,1528000.0
7544,0.000000,0.000000,12.0,12.0,1528000.0
7545,0.000000,0.000000,12.0,12.0,1528000.0
7546,0.000000,0.000000,12.0,12.0,1528000.0
7547,0.000000,0.000000,12.0,12.0,1528000.0
7548,0.000000,0.000000,12.0,12.0,1528000.0
7549,0.000000,0.000000,12.0,12.0,1528000.0
7550,0.000000,0.000000,12.0,12.0,1528000.0
7551,0.000000,0.000000,12.0,12.0,1528000.0
7552,0.000000,0.000000,12.0,12.0,1528000.0
7553,0.000000,0.000000,12.0,12.0,1528000.0
7554,0.000000,0.000000,12.0,12.0,1528000.0
7555,0.000000,0.000000,12.0,12.0,1528000.0
7556,0.000000,0.000000,12.0,12.0,1528000.0
7557,0.000000,0.000000,12.0,12.0,1528000.0
7558,0.000000,0.000000,12.0,12.0,1528000.0
7559,0.000000,0.000000,12.0,12.0,1528000.0
7560,0.000000,0.000000,12.0,12.0,1528000.0
7561,0.000000,0.000000,12.0,12.0,1528000.0
7562,0.000000,0.000000,12.0,12.0,1528000.0
7563,0.000000,0.000000,12.0,12.0,1528000.0
7564,0.000000,0.000000,12.0,12.0,1528000.0
7565,0.000000,0.000000,12.0,12.0,1528000.0
7566,0.000000,0.000000,12.0,12.0,1528000.0
7567,0.000000,0.000000,12.0,12.0,1528000.0
7568,0.000000,0.000000,12.0,12.0,1528000.0
7569,0.000000,0.000000,12.0,12.0,1528000.0
7570,0.000000,0.000000,12.0,12.0,1528000.0
7571,0.000000,0.000000,12.0,12.0,1528000.0
7572,0.000000,0.000000,12.0,12.0,1528000.0
7573,0.000000,0.000000,12.0,12.0,1528000.0
7574,0.000000,0.000000,12.0,12.0,1528000.0
7575,0.000000,0.000000,12.0,12.0,1528000.0
7576,0.000000,0.000000,12.0,12.0,1528000.0
7577,0.000000,0.000000,12.0,12.0,1528000.0
7578,0.000000,0.000000,12.0,12.0,1528000.0
7579,0.000000,0.000000,12.0,12.0,1528000.0
7580,0.000000,0.000000,12.0,12.0,1528000.0
7581,0.000000,0.000000,12.0,12.0,1528000.0
7582,0.000000,0.000000,12.0,12.0,1528000.0
7583,0.000000,0.000000,12.0,12.0,1528000.0
7584,0.000000,0.000000,12.0,12.0,1528000.0
7585,0.000000,0.000000,12.0,12.0,1528000.0
7586,0.000000,0.000000,12.0,12.0,1528000.0
7587,0.000000,0.000000,12.0,12.0,1528000.0
7588,0.000000,0.000000,12.0,12.0,1528000.0
7589,0.000000,0.000000,12.0,12.0,1528000.0
7590,0.000000,0.000000,12.0,12.0,1528000.0
7591,0.000000,0.000000,12.0,12.0,1528000.0
7592,0.000000,0.000000,12.0,12.0,1528000.0
7593,0.000000,0.000000,12.0,12.0,1528000.0
7594,0.000000,0.000000,12.0,12.0,1528000.0
7595,0.000000,0.000000,12.0,12.0,1528000.0
7596,0.000000,0.000000,12.0,12.0,1528000.0
7597,0.000000,0.000000,12.0,12.0,1528000.0
7598,0.000000,0.000000,12.0,12.0,1528000.0
7599,0.000000,0.000000,12.0,12.0,1528000.0
7600,0.000000,0.000000,12.0,12.0,1528000.0
7601,0.000000,0.000000,12.0,12.0,1528000.0
7602,0.000000,0.000000,12.0,12.0,1528000.0
7603,0.000000,0.000000,12.0,12.0,1528000.0
7604,0.000000,0.000000,12.0,12.0,1528000.0
7605,0.000000,0.000000,12.0,12.0,1528000.0
7606,0.000000,0.000000,12.0,12.0,1528000.0
7607,0.000000,0.000000,12.0,12.0,1528000.0
7608,0.000000,0.000000,12.0,12.0,1528000.0
7609,0.000000,0.000000,12.0,12.0,1528000.0
7610,0.000000,0.000000,12.0,12.0,1528000.0
7611,0.000000,0.000000,12.0,12.0,1528000.0
7612,0.000000,0.000000,12.0,12.0,1528000.0
7613,0.000000,0.000000,12.0,12.0,1528000.0
7614,0.000000,0.000000,12.0,12.0,1528000.0
7615,0.000000,0.000000,12.0,12.0,1528000.0
7616,0.000000,0.000000,12.0,12.0,1528000.0
7617,0.000000,0.000000,12.0,12.0,1528000.0
7618,0.000000,0.000000,12.0,12.0,1528000.0
7619,0.000000,0.000000,12.0,12.0,1528000.0
7620,0.000000,0.000000,12.0,12.0,1528000.0
7621,0.000000,0.000000,12.0,12.0,1528000.0
7622,0.000000,0.000000,12.0,12.0,1528000.0
7623,0.000000,0.000000,12.0,12.0,1528000.0
7624,0.000000,0.000000,12.0,12.0,1528000.0
7625,0.000000,0.000000,12.0,12.0,1528000.0
7626,0.000000,0.000000,12.0,12.0,1528000.0
7627,0.000000,0.000000,12.0,12.0,1528000.0
7628,0.000000,0.000000,12.0,12.0,1528000.0
7629,0.000000,0.000000,12.0,12.0,1528000.0
7630,0.000000,0.000000,12.0,12.0,1528000.0
7631,0.000000,0.000000,12.0,12.0,1528000.0
7632,0.000000,0.000000,12.0,12.0,1528000.0
7633,0.000000,0.000000,12.0,12.0,1528000.0
7634,0.000000,0.000000,12.0,12.0,1528000.0
7635,0.000000,0.000000,12.0,12.0,1528000.0
7636,0.000000,0.000000,12.0,12.0,1528000.0
7637,0.000000,0.000000,12.0,12.0,1528000.0
7638,0.000000,0.000000,12.0,12.0,1528000.0
7639,0.000000,0.000000,12.0,12.0,1528000.0
7640,0.000000,0.000000,12.0,12.0,1528000.0
7641,0.000000,0.000000,12.0,12.0,1528000.0
7642,0.000000,0.000000,12.0,12.0,1528000.0
7643,0.000000,0.000000,12.0,12.0,1528000.0
7644,0.000000,0.000000,12.0,12.0,1528000.0
7645,0.000000,0.000000,12.0,12.0,1528000.0
7646,0.000000,0.000000,12.0,12.0,1528000.0
7647,0.000000,0.000000,12.0,12.0,1528000.0
7648,0.000000,0.000000,12.0,12.0,1528000.0
7649,0.000000,0.000000,12.0,12.0,1528000.0
7650,0.000000,0.000000,12.0,12.0,1528000.0
7651,0.000000,0.000000,12.0,12.0,1528000.0
7652,0.000000,0.000000,12.0,12.0,1528000.0
7653,0.000000,0.000000,12.0,12.0,1528000.0
7654,0.000000,0.000000,12.0,12.0,1528000.0
7655,0.000000,0.000000,12.0,12.0,1528000.0
7656,0.000000,0.000000,12.0,12.0,1528000.0
7657,0.000000,0.000000,12.0,12.0,1528000.0
7658,0.000000,0.000000,12.0,12.0,1528000.0
7659,0.000000,0.000000,12.0,12.0,1528000.0
7660,0.000000,0.000000,12.0,12.0,1528000.0
7661,0.000000,0.000000,12.0,12.0,1528000.0
7662,0.000000,0.000000,12.0,12.0,1528000.0
7663,0.000000,0.000000,12.0,12.0,1528000.0
7664,0.000000,0.000000,12.0,12.0,1528000.0
7665,0.000000,0.000000,12.0,12.0,1528000.0
7666,0.000000,0.000000,12.0,12.0,1528000.0
7667,0.000000,0.000000,12.0,12.0,1528000.0
7668,0.000000,0.000000,12.0,12.0,1528000.0
7669,0.000000,0.000000,12.0,12.0,1528000.0
7670,0.000000,0.000000,12.0,12.0,1528000.0
7671,0.000000,0.000000,12.0,12.0,1528000.0
7672,0.000000,0.000000,12.0,12.0,1528000.0
7673,0.000000,0.000000,12.0,12.0,1528000.0
7674,0.000000,0.000000,12.0,12.0,1528000.0
7675,0.000000,0.000000,12.0,12.0,1528000.0
7676,0.000000,0.000000,12.0,12.0,1528000.0
7677,0.000000,0.000000,12.0,12.0,1528000.0
7678,0.000000,0.000000,12.0,12.0,1528000.0
7679,0.000000,0.000000,12.0,12.0,1528000.0
7680,0.000000,0.000000,12.0,12.0,1528000.0
7681,0.000000,0.000000,12.0,12.0,1528000.0
7682,0.000000,0.000000,12.0,12.0,1528000.0
7683,0.000000,0.000000,12.0,12.0,1528000.0
7684,0.000000,0.000000,12.0,12.0,1528000.0
7685,0.000000,0.000000,12.0,12.0,1528000.0
7686,0.000000,0.000000,12.0,12.0,1528000.0
7687,0.000000,0.000000,12.0,12.0,1528000.0
7688,0.000000,0.000000,12.0,12.0,1528000.0
7689,0.000000,0.000000,12.0,12.0,1528000.0
7690,0.000000,0.000000,12.0,12.0,1528000.0
7691,0.000000,0.000000,12.0,12.0,1528000.0
7692,0.000000,0.000000,12.0,12.0,1528000.0
7693,0.000000,0.000000,12.0,12.0,1528000.0
7694,0.000000,0.000000,12.0,12.0,1528000.0
7695,0.000000,0.000000,12.0,12.0,1528000.0
7696,0.000000,0.000000,12.0,12.0,1528000.0
7697,0.000000,0.000000,12.0,12.0,1528000.0
7698,0.000000,0.000000,12.0,12.0,1528000.0
7699,0.000000,0.000000,12.0,12.0,1528000.0
7700,0.000000,0.000000,12.0,12.0,1528000.0
7701,0.000000,0.000000,12.0,12.0,1528000.0
7702,0.000000,0.000000,12.0,12.0,1528000.0
7703,0.000000,0.000000,12.0,12.0,1528000.0
7704,0.000000,0.000000,12.0,12.0,1528000.0
7705,0.000000,0.000000,12.0,12.0,1528000.0
7706,0.000000,0.000000,12.0,12.0,1528000.0
7707,0.000000,0.000000,12.0,12.0,1528000.0
7708,0.000000,0.000000,12.0,12.0,1528000.0
7709,0.000000,0.000000,12.0,12.0,1528000.0
7710,0.000000,0.000000,12.0,12.0,1528000.0
7711,0.000000,0.000000,12.0,12.0,1528000.0
7712,0.000000,0.000000,12.0,12.0,1528000.0
7713,0.000000,0.000000,12.0,12.0,1528000.0
7714,0.000000,0.000000,12.0,12.0,1528000.0
7715,0.000000,0.000000,12.0,12.0,1528000.0
7716,0.000000,0.000000,12.0,12.0,1528000.0
7717,0.000000,0.000000,12.0,12.0,1528000.0
7718,0.000000,0.000000,12.0,12.0,1528000.0
7719,0.000000,0.000000,12.0,12.0,1528000.0
7720,0.000000,0.000000,12.0,12.0,1528000.0
7721,0.000000,0.000000,12.0,12.0,1528000.0
7722,0.000000,0.000000,12.0,12.0,1528000.0
7723,0.000000,0.000000,12.0,12.0,1528000.0
7724,0.000000,0.000000,12.0,12.0,1528000.0
7725,0.000000,0.000000,12.0,12.0,1528000.0
7726,0.000000,0.000000,12.0,12.0,1528000.0
7727,0.000000,0.000000,12.0,12.0,1528000.0
7728,0.000000,0.000000,12.0,12.0,1528000.0
7729,0.000000,0.000000,12.0,12.0,1528000.0
7730,0.000000,0.000000,12.0,12.0,1528000.0
7731,0.000000,0.000000,12.0,12.0,1528000.0
7732,0.000000,0.000000,12.0,12.0,1528000.0
7733,0.000000,0.000000,12.0,12.0,1528000.0
7734,0.000000,0.000000,12.0,12.0,1528000.0
7735,0.000000,0.000000,12.0,12.0,1528000.0
7736,0.000000,0.000000,12.0,12.0,1528000.0
7737,0.000000,0.000000,12.0,12.0,1528000.0
7738,0.000000,0.000000,12.0,12.0,1528000.0
7739,0.000000,0.000000,12.0,12.0,1528000.0
7740,0.000000,0.000000,12.0,12.0,1528000.0
7741,0.000000,0.000000,12.0,12.0,1528000.0
7742,0.000000,0.000000,12.0,12.0,1528000.0
7743,0.000000,0.000000,12.0,12.0,1528000.0
7744,0.000000,0.000000,12.0,12.0,1528000.0
7745,0.000000,0.000000,12.0,12.0,1528000.0
7746,0.000000,0.000000,12.0,12.0,1528000.0
7747,0.000000,0.000000,12.0,12.0,1528000.0
7748,0.000000,0.000000,12.0,12.0,1528000.0
7749,0.000000,0.000000,12.0,12.0,1528000.0
7750,0.000000,0.000000,12.0,12.0,1528000.0
7751,0.000000,0.000000,12.0,12.0,1528000.0
7752,0.000000,0.000000,12.0,12.0,1528000.0
7753,0.000000,0.000000,12.0,12.0,1528000.0
7754,0.000000,0.000000,12.0,12.0,1528000.0
7755,0.000000,0.000000,12.0,12.0,1528000.0
7756,0.000000,0.000000,12.0,12.0,1528000.0
7757,0.000000,0.000000,12.0,12.0,1528000.0
7758,0.000000,0.000000,12.0,12.0,1528000.0
7759,0.000000,0.000000,12.0,12.0,1528000.0
7760,0.000000,0.000000,12.0,12.0,1528000.0
7761,0.000000,0.000000,12.0,12.0,1528000.0
7762,0.000000,0.000000,12.0,12.0,1528000.0
7763,0.000000,0.000000,12.0,12.0,1528000.0
7764,0.000000,0.000000,12.0,12.0,1528000.0
7765,0.000000,0.000000,12.0,12.0,1528000.0
7766,0.000000,0.000000,12.0,12.0,1528000.0
7767,0.000000,0.000000,12.0,12.0,1528000.0
7768,0.000000,0.000000,12.0,12.0,1528000.0
7769,0.000000,0.000000,12.0,12.0,1528000.0
7770,0.000000,0.000000,12.0,12.0,1528000.0
7771,0.000000,0.000000,12.0,12.0,1528000.0
7772,0.000000,0.000000,12.0,12.0,1528000.0
7773,0.000000,0.000000,12.0,12.0,1528000.0
7774,0.000000,0.000000,12.0,12.0,1528000.0
7775,0.000000,0.000000,12.0,12.0,1528000.0
7776,0.000000,0.000000,12.0,12.0,1528000.0
7777,0.000000,0.000000,12.0,12.0,1528000.0
7778,0.000000,0.000000,12.0,12.0,1528000.0
7779,0.000000,0.000000,12.0,12.0,1528000.0
7780,0.000000,0.000000,12.0,12.0,1528000.0
7781,0.000000,0.000000,12.0,12.0,1528000.0
7782,0.000000,0.000000,12.0,12.0,1528000.0
7783,0.000000,0.000000,12.0,12.0,1528000.0
7784,0.000000,0.000000,12.0,12.0,1528000.0
7785,0.000000,0.000000,12.0,12.0,1528000.0
7786,0.000000,0.000000,12.0,12.0,1528000.0
7787,0.000000,0.000000,12.0,12.0,1528000.0
7788,0.000000,0.000000,12.0,12.0,1528000.0
7789,0.000000,0.000000,12.0,12.0,1528000.0
7790,0.000000,0.000000,12.0,12.0,1528000.0
7791,0.000000,0.000000,12.0,12.0,1528000.0
7792,0.000000,0.000000,12.0,12.0,1528000.0
7793,0.000000,0.000000,12.0,12.0,1528000.0
7794,0.000000,0.000000,12.0,12.0,1528000.0
7795,0.000000,0.000000,12.0,12.0,1528000.0
7796,0.000000,0.000000,12.0,12.0,1528000.0
7797,0.000000,0.000000,12.0,12.0,1528000.0
7798,0.000000,0.000000,12.0,12.0,1528000.0
7799,0.000000,0.000000,12.0,12.0,1528000.0
7800,0.000000,0.000000,12.0,12.0,1528000.0
7801,0.000000,0.000000,12.0,12.0,1528000.0
7802,0.000000,0.000000,12.0,12.0,1528000.0
7803,0.000000,0.000000,12.0,12.0,1528000.0
7804,0.000000,0.000000,12.0,12.0,1528000.0
7805,0.000000,0.000000,12.0,12.0,1528000.0
7806,0.000000,0.000000,12.0,12.0,1528000.0
7807,0.000000,0.000000,12.0,12.0,1528000.0
7808,0.000000,0.000000,12.0,12.0,1528000.0
7809,0.000000,0.000000,12.0,12.0,1528000.0
7810,0.000000,0.000000,12.0,12.0,1528000.0
7811,0.000000,0.000000,12.0,12.0,1528000.0
7812,0.000000,0.000000,12.0,12.0,1528000.0
7813,0.000000,0.000000,12.0,12.0,1528000.0
7814,0.000000,0.000000,12.0,12.0,1528000.0
7815,0.000000,0.000000,12.0,12.0,1528000.0
7816,0.000000,0.000000,12.0,12.0,1528000.0
7817,0.000000,0.000000,12.0,12.0,1528000.0
7818,0.000000,0.000000,12.0,12.0,1528000.0
7819,0.000000,0.000000,12.0,12.0,1528000.0
7820,0.000000,0.000000,12.0,12.0,1528000.0
7821,0.000000,0.000000,12.0,12.0,1528000.0
7822,0.000000,0.000000,12.0,12.0,1528000.0
7823,0.000000,0.000000,12.0,12.0,1528000.0
7824,0.000000,0.000000,12.0,12.0,1528000.0
7825,0.000000,0.000000,12.0,12.0,1528000.0
7826,0.000000,0.000000,12.0,12.0,1528000.0
7827,0.000000,0.000000,12.0,12.0,1528000.0
7828,0.000000,0.000000,12.0,12.0,1528000.0
7829,0.000000,0.000000,12.0,12.0,1528000.0
7830,0.000000,0.000000,12.0,12.0,1528000.0
7831,0.000000,0.000000,12.0,12.0,1528000.0
7832,0.000000,0.000000,12.0,12.0,1528000.0
7833,0.000000,0.000000,12.0,12.0,1528000.0
7834,0.000000,0.000000,12.0,12.0,1528000.0
7835,0.000000,0.000000,12.0,12.0,1528000.0
7836,0.000000,0.000000,12.0,12.0,1528000.0
7837,0.000000,0.000000,12.0,12.0,1528000.0
7838,0.000000,0.000000,12.0,12.0,1528000.0
7839,0.000000,0.000000,12.0,12.0,1528000.0
7840,0.000000,0.000000,12.0,12.0,1528000.0
7841,0.000000,0.000000,12.0,12.0,1528000.0
7842,0.000000,0.000000,12.0,12.0,1528000.0
7843,0.000000,0.000000,12.0,12.0,1528000.0
7844,0.000000,0.000000,12.0,12.0,1528000.0
7845,0.000000,0.000000,12.0,12.0,1528000.0
7846,0.000000,0.000000,12.0,12.0,1528000.0
7847,0.000000,0.000000,12.0,12.0,1528000.0
7848,0.000000,0.000000,12.0,12.0,1528000.0
7849,0.000000,0.000000,12.0,12.0,1528000.0
7850,0.000000,0.000000,12.0,12.0,1528000.0
7851,0.000000,0.000000,12.0,12.0,1528000.0
7852,0.000000,0.000000,12.0,12.0,1528000.0
7853,0.000000,0.000000,12.0,12.0,1528000.0
7854,0.000000,0.000000,12.0,12.0,1528000.0
7855,0.000000,0.000000,12.0,12.0,1528000.0
7856,0.000000,0.000000,12.0,12.0,1528000.0
7857,0.000000,0.000000,12.0,12.0,1528000.0
7858,0.000000,0.000000,12.0,12.0,1528000.0
7859,0.000000,0.000000,12.0,12.0,1528000.0
7860,0.000000,0.000000,12.0,12.0,1528000.0
7861,0.000000,0.000000,12.0,12.0,1528000.0
7862,0.000000,0.000000,12.0,12.0,1528000.0
7863,0.000000,0.000000,12.0,12.0,1528000.0
7864,0.000000,0.000000,12.0,12.0,1528000.0
7865,0.000000,0.000000,12.0,12.0,1528000.0
7866,0.000000,0.000000,12.0,12.0,1528000.0
7867,0.000000,0.000000,12.0,12.0,1528000.0
7868,0.000000,0.000000,12.0,12.0,1528000.0
7869,0.000000,0.000000,12.0,12.0,1528000.0
7870,0.000000,0.000000,12.0,12.0,1528000.0
7871,0.000000,0.000000,12.0,12.0,1528000.0
7872,0.000000,0.000000,12.0,12.0,1528000.0
7873,0.000000,0.000000,12.0,12.0,1528000.0
7874,0.000000,0.000000,12.0,12.0,1528000.0
7875,0.000000,0.000000,12.0,12.0,1528000.0
7876,0.000000,0.000000,12.0,12.0,1528000.0
7877,0.000000,0.000000,12.0,12.0,1528000.0
7878,0.000000,0.000000,12.0,12.0,1528000.0
7879,0.000000,0.000000,12.0,12.0,1528000.0
7880,0.000000,0.000000,12.0,12.0,1528000.0
7881,0.000000,0.000000,12.0,12.0,1528000.0
7882,0.000000,0.000000,12.0,12.0,1528000.0
7883,0.000000,0.000000,12.0,12.0,1528000.0
7884,0.000000,0.000000,12.0,12.0,1528000.0
7885,0.000000,0.000000,12.0,12.0,1528000.0
7886,0.000000,0.000000,12.0,12.0,1528000.0
7887,0.000000,0.000000,12.0,12.0,1528000.0
7888,0.000000,0.000000,12.0,12.0,1528000.0
7889,0.000000,0.000000,12.0,12.0,1528000.0
7890,0.000000,0.000000,12.0,12.0,1528000.0
7891,0.000000,0.000000,12.0,12.0,1528000.0
7892,0.000000,0.000000,12.0,12.0,1528000.0
7893,0.000000,0.000000,12.0,12.0,1528000.0
7894,0.000000,0.000000,12.0,12.0,1528000.0
7895,0.000000,0.000000,12.0,12.0,1528000.0
7896,0.000000,0.000000,12.0,12.0,1528000.0
7897,0.000000,0.000000,12.0,12.0,1528000.0
7898,0.000000,0.000000,12.0,12.0,1528000.0
7899,0.000000,0.000000,12.0,12.0,1528000.0
7900,0.000000,0.000000,12.0,12.0,1528000.0
7901,0.000000,0.000000,12.0,12.0,1528000.0
7902,0.000000,0.000000,12.0,12.0,1528000.0
7903,0.000000,0.000000,12.0,12.0,1528000.0
7904,0.000000,0.000000,12.0,12.0,1528000.0
7905,0.000000,0.000000,12.0,12.0,1528000.0
7906,0.000000,0.000000,12.0,12.0,1528000.0
7907,0.000000,0.000000,12.0,12.0,1528000.0
7908,0.000000,0.000000,12.0,12.0,1528000.0
7909,0.000000,0.000000,12.0,12.0,1528000.0
7910,0.000000,0.000000,12.0,12.0,1528000.0
7911,0.000000,0.000000,12.0,12.0,1528000.0
7912,0.000000,0.000000,12.0,12.0,1528000.0
7913,0.000000,0.000000,12.0,12.0,1528000.0
7914,0.000000,0.000000,12.0,12.0,1528000.0
7915,0.000000,0.000000,12.0,12.0,1528000.0
7916,0.000000,0.000000,12.0,12.0,1528000.0
7917,0.000000,0.000000,12.0,12.0,1528000.0
7918,0.000000,0.000000,12.0,12.0,1528000.0
7919,0.000000,0.000000,12.0,12.0,1528000.0
7920,0.000000,0.000000,12.0,12.0,1528000.0
7921,0.000000,0.000000,12.0,12.0,1528000.0
7922,0.000000,0.000000,12.0,12.0,1528000.0
7923,0.000000,0.000000,12.0,12.0,1528000.0
7924,0.000000,0.000000,12.0,12.0,1528000.0
7925,0.000000,0.000000,12.0,12.0,1528000.0
7926,0.000000,0.000000,12.0,12.0,1528000.0
7927,0.000000,0.000000,12.0,12.0,1528000.0
7928,0.000000,0.000000,12.0,12.0,1528000.0
7929,0.000000,0.000000,12.0,12.0,1528000.0
7930,0.000000,0.000000,12.0,12.0,1528000.0
7931,0.000000,0.000000,12.0,12.0,1528000.0
7932,0.000000,0.000000,12.0,12.0,1528000.0
7933,0.000000,0.000000,12.0,12.0,1528000.0
7934,0.000000,0.000000,12.0,12.0,1528000.0
7935,0.000000,0.000000,12.0,12.0,1528000.0
7936,0.000000,0.000000,12.0,12.0,1528000.0
7937,0.000000,0.000000,12.0,12.0,1528000.0
7938,0.000000,0.000000,12.0,12.0,1528000.0
7939,0.000000,0.000000,12.0,12.0,1528000.0
7940,0.000000,0.000000,12.0,12.0,1528000.0
7941,0.000000,0.000000,12.0,12.0,1528000.0
7942,0.000000,0.000000,12.0,12.0,1528000.0
7943,0.000000,0.000000,12.0,12.0,1528000.0
7944,0.000000,0.000000,12.0,12.0,1528000.0
7945,0.000000,0.000000,12.0,12.0,1528000.0
7946,0.000000,0.000000,12.0,12.0,1528000.0
7947,0.000000,0.000000,12.0,12.0,1528000.0
7948,0.000000,0.000000,12.0,12.0,1528000.0
7949,0.000000,0.000000,12.0,12.0,1528000.0
7950,0.000000,0.000000,12.0,12.0,1528000.0
7951,0.000000,0.000000,12.0,12.0,1528000.0
7952,0.000000,0.000000,12.0,12.0,1528000.0
7953,0.000000,0.000000,12.0,12.0,1528000.0
7954,0.000000,0.000000,12.0,12.0,1528000.0
7955,0.000000,0.000000,12.0,12.0,1528000.0
7956,0.000000,0.000000,12.0,12.0,1528000.0
7957,0.000000,0.000000,12.0,12.0,1528000.0
7958,0.000000,0.000000,12.0,12.0,1528000.0
7959,0.000000,0.000000,12.0,12.0,1528000.0
7960,0.000000,0.000000,12.0,12.0,1528000.0
7961,0.000000,0.000000,12.0,12.0,1528000.0
7962,0.000000,0.000000,12.0,12.0,1528000.0
7963,0.000000,0.000000,12.0,12.0,1528000.0
7964,0.000000,0.000000,12.0,12.0,1528000.0
7965,0.000000,0.000000,12.0,12.0,1528000.0
7966,0.000000,0.000000,12.0,12.0,1528000.0
7967,0.000000,0.000000,12.0,12.0,1528000.0
7968,0.000000,0.000000,12.0,12.0,1528000.0
7969,0.000000,0.000000,12.0,12.0,1528000.0
7970,0.000000,0.000000,12.0,12.0,1528000.0
7971,0.000000,0.000000,12.0,12.0,1528000.0
7972,0.000000,0.000000,12.0,12.0,1528000.0
7973,0.000000,0.000000,12.0,12.0,1528000.0
7974,0.000000,0.000000,12.0,12.0,1528000.0
7975,0.000000,0.000000,12.0,12.0,1528000.0
7976,0.000000,0.000000,12.0,12.0,1528000.0
7977,0.000000,0.000000,12.0,12.0,1528000.0
7978,0.000000,0.000000,12.0,12.0,1528000.0
7979,0.000000,0.000000,12.0,12.0,1528000.0
7980,0.000000,0.000000,12.0,12.0,1528000.0
7981,0.000000,0.000000,12.0,12.0,1528000.0
7982,0.000000,0.000000,12.0,12.0,1528000.0
7983,0.000000,0.000000,12.0,12.0,1528000.0
7984,0.000000,0.000000,12.0,12.0,1528000.0
7985,0.000000,0.000000,12.0,12.0,1528000.0
7986,0.000000,0.000000,12.0,12.0,1528000.0
7987,0.000000,0.000000,12.0,12.0,1528000.0
7988,0.000000,0.000000,12.0,12.0,1528000.0
7989,0.000000,0.000000,12.0,12.0,1528000.0
7990,0.000000,0.000000,12.0,12.0,1528000.0
7991,0.000000,0.000000,12.0,12.0,1528000.0
7992,0.000000,0.000000,12.0,12.0,1528000.0
7993,0.000000,0.000000,12.0,12.0,1528000.0
7994,0.000000,0.000000,12.0,12.0,1528000.0
7995,0.000000,0.000000,12.0,12.0,1528000.0
7996,0.000000,0.000000,12.0,12.0,1528000.0
7997,0.000000,0.000000,12.0,12.0,1528000.0
7998,0.000000,0.000000,12.0,12.0,1528000.0
7999,0.000000,0.000000,12.0,12.0,1528000.0
8000,0.000000,0.000000,12.0,12.0,1528000.0
8001,0.000000,0.000000,12.0,12.0,1528000.0
8002,0.000000,0.000000,12.0,12.0,1528000.0
8003,0.000000,0.000000,12.0,12.0,1528000.0
8004,0.000000,0.000000,12.0,12.0,1528000.0
8005,0.000000,0.000000,12.0,12.0,1528000.0
8006,0.000000,0.000000,12.0,12.0,1528000.0
8007,0.000000,0.000000,12.0,12.0,1528000.0
8008,0.000000,0.000000,12.0,12.0,1528000.0
8009,0.000000,0.000000,12.0,12.0,1528000.0
8010,0.000000,0.000000,12.0,12.0,1528000.0
8011,0.000000,0.000000,12.0,12.0,1528000.0
8012,0.000000,0.000000,12.0,12.0,1528000.0
8013,0.000000,0.000000,12.0,12.0,1528000.0
8014,0.000000,0.000000,12.0,12.0,1528000.0
8015,0.000000,0.000000,12.0,12.0,1528000.0
8016,0.000000,0.000000,12.0,12.0,1528000.0
8017,0.000000,0.000000,12.0,12.0,1528000.0
8018,0.000000,0.000000,12.0,12.0,1528000.0
8019,0.000000,0.000000,12.0,12.0,1528000.0
8020,0.000000,0.000000,12.0,12.0,1528000.0
8021,0.000000,0.000000,12.0,12.0,1528000.0
8022,0.000000,0.000000,12.0,12.0,1528000.0
8023,0.000000,0.000000,12.0,12.0,1528000.0
8024,0.000000,0.000000,12.0,12.0,1528000.0
8025,0.000000,0.000000,12.0,12.0,1528000.0
8026,0.000000,0.000000,12.0,12.0,1528000.0
8027,0.000000,0.000000,12.0,12.0,1528000.0
8028,0.000000,0.000000,12.0,12.0,1528000.0
8029,0.000000,0.000000,12.0,12.0,1528000.0
8030,0.000000,0.000000,12.0,12.0,1528000.0
8031,0.000000,0.000000,12.0,12.0,1528000.0
8032,0.000000,0.000000,12.0,12.0,1528000.0
8033,0.000000,0.000000,12.0,12.0,1528000.0
8034,0.000000,0.000000,12.0,12.0,1528000.0
8035,0.000000,0.000000,12.0,12.0,1528000.0
8036,0.000000,0.000000,12.0,12.0,1528000.0
8037,0.000000,0.000000,12.0,12.0,1528000.0
8038,0.000000,0.000000,12.0,12.0,1528000.0
8039,0.000000,0.000000,12.0,12.0,1528000.0
8040,0.000000,0.000000,12.0,12.0,1528000.0
8041,0.000000,0.000000,12.0,12.0,1528000.0
8042,0.000000,0.000000,12.0,12.0,1528000.0
8043,0.000000,0.000000,12.0,12.0,1528000.0
8044,0.000000,0.000000,12.0,12.0,1528000.0
8045,0.000000,0.000000,12.0,12.0,1528000.0
8046,0.000000,0.000000,12.0,12.0,1528000.0
8047,0.000000,0.000000,12.0,12.0,1528000.0
8048,0.000000,0.000000,12.0,12.0,1528000.0
8049,0.000000,0.000000,12.0,12.0,1528000.0
8050,0.000000,0.000000,12.0,12.0,1528000.0
8051,0.000000,0.000000,12.0,12.0,1528000.0
8052,0.000000,0.000000,12.0,12.0,1528000.0
8053,0.000000,0.000000,12.0,12.0,1528000.0
8054,0.000000,0.000000,12.0,12.0,1528000.0
8055,0.000000,0.000000,12.0,12.0,1528000.0
8056,0.000000,0.000000,12.0,12.0,1528000.0
8057,0.000000,0.000000,12.0,12.0,1528000.0
8058,0.000000,0.000000,12.0,12.0,1528000.0
8059,0.000000,0.000000,12.0,12.0,1528000.0
8060,0.000000,0.000000,12.0,12.0,1528000.0
8061,0.000000,0.000000,12.0,12.0,1528000.0
8062,0.000000,0.000000,12.0,12.0,1528000.0
8063,0.000000,0.000000,12.0,12.0,1528000.0
8064,0.000000,0.000000,12.0,12.0,1528000.0
8065,0.000000,0.000000,12.0,12.0,1528000.0
8066,0.000000,0.000000,12.0,12.0,1528000.0
8067,0.000000,0.000000,12.0,12.0,1528000.0
8068,0.000000,0.000000,12.0,12.0,1528000.0
8069,0.000000,0.000000,12.0,12.0,1528000.0
8070,0.000000,0.000000,12.0,12.0,1528000.0
8071,0.000000,0.000000,12.0,12.0,1528000.0
8072,0.000000,0.000000,12.0,12.0,1528000.0
8073,0.000000,0.000000,12.0,12.0,1528000.0
8074,0.000000,0.000000,12.0,12.0,1528000.0
8075,0.000000,0.000000,12.0,12.0,1528000.0
8076,0.000000,0.000000,12.0,12.0,1528000.0
8077,0.000000,0.000000,12.0,12.0,1528000.0
8078,0.000000,0.000000,12.0,12.0,1528000.0
8079,0.000000,0.000000,12.0,12.0,1528000.0
8080,0.000000,0.000000,12.0,12.0,1528000.0
8081,0.000000,0.000000,12.0,12.0,1528000.0
8082,0.000000,0.000000,12.0,12.0,1528000.0
8083,0.000000,0.000000,12.0,12.0,1528000.0
8084,0.000000,0.000000,12.0,12.0,1528000.0
8085,0.000000,0.000000,12.0,12.0,1528000.0
8086,0.000000,0.000000,12.0,12.0,1528000.0
8087,0.000000,0.000000,12.0,12.0,1528000.0
8088,0.000000,0.000000,12.0,12.0,1528000.0
8089,0.000000,0.000000,12.0,12.0,1528000.0
8090,0.000000,0.000000,12.0,12.0,1528000.0
8091,0.000000,0.000000,12.0,12.0,1528000.0
8092,0.000000,0.000000,12.0,12.0,1528000.0
8093,0.000000,0.000000,12.0,12.0,1528000.0
8094,0.000000,0.000000,12.0,12.0,1528000.0
8095,0.000000,0.000000,12.0,12.0,1528000.0
8096,0.000000,0.000000,12.0,12.0,1528000.0
8097,0.000000,0.000000,12.0,12.0,1528000.0
8098,0.000000,0.000000,12.0,12.0,1528000.0
8099,0.000000,0.000000,12.0,12.0,1528000.0
8100,0.000000,0.000000,12.0,12.0,1528000.0
8101,0.000000,0.000000,12.0,12.0,1528000.0
8102,0.000000,0.000000,12.0,12.0,1528000.0
8103,0.000000,0.000000,12.0,12.0,1528000.0
8104,0.000000,0.000000,12.0,12.0,1528000.0
8105,0.000000,0.000000,12.0,12.0,1528000.0
8106,0.000000,0.000000,12.0,12.0,1528000.0
8107,0.000000,0.000000,12.0,12.0,1528000.0
8108,0.000000,0.000000,12.0,12.0,1528000.0
8109,0.000000,0.000000,12.0,12.0,1528000.0
8110,0.000000,0.000000,12.0,12.0,1528000.0
8111,0.000000,0.000000,12.0,12.0,1528000.0
8112,0.000000,0.000000,12.0,12.0,1528000.0
8113,0.000000,0.000000,12.0,12.0,1528000.0
8114,0.000000,0.000000,12.0,12.0,1528000.0
8115,0.000000,0.000000,12.0,12.0,1528000.0
8116,0.000000,0.000000,12.0,12.0,1528000.0
8117,0.000000,0.000000,12.0,12.0,1528000.0
8118,0.000000,0.000000,12.0,12.0,1528000.0
8119,0.000000,0.000000,12.0,12.0,1528000.0
8120,0.000000,0.000000,12.0,12.0,1528000.0
8121,0.000000,0.000000,12.0,12.0,1528000.0
8122,0.000000,0.000000,12.0,12.0,1528000.0
8123,0.000000,0.000000,12.0,12.0,1528000.0
8124,0.000000,0.000000,12.0,12.0,1528000.0
8125,0.000000,0.000000,12.0,12.0,1528000.0
8126,0.000000,0.000000,12.0,12.0,1528000.0
8127,0.000000,0.000000,12.0,12.0,1528000.0
8128,0.000000,0.000000,12.0,12.0,1528000.0
8129,0.000000,0.000000,12.0,12.0,1528000.0
8130,0.000000,0.000000,12.0,12.0,1528000.0
8131,0.000000,0.000000,12.0,12.0,1528000.0
8132,0.000000,0.000000,12.0,12.0,1528000.0
8133,0.000000,0.000000,12.0,12.0,1528000.0
8134,0.000000,0.000000,12.0,12.0,1528000.0
8135,0.000000,0.000000,12.0,12.0,1528000.0
8136,0.000000,0.000000,12.0,12.0,1528000.0
8137,0.000000,0.000000,12.0,12.0,1528000.0
8138,0.000000,0.000000,12.0,12.0,1528000.0
8139,0.000000,0.000000,12.0,12.0,1528000.0
8140,0.000000,0.000000,12.0,12.0,1528000.0
8141,0.000000,0.000000,12.0,12.0,1528000.0
8142,0.000000,0.000000,12.0,12.0,1528000.0
8143,0.000000,0.000000,12.0,12.0,1528000.0
8144,0.000000,0.000000,12.0,12.0,1528000.0
8145,0.000000,0.000000,12.0,12.0,1528000.0
8146,0.000000,0.000000,12.0,12.0,1528000.0
8147,0.000000,0.000000,12.0,12.0,1528000.0
8148,0.000000,0.000000,12.0,12.0,1528000.0
8149,0.000000,0.000000,12.0,12.0,1528000.0
8150,0.000000,0.000000,12.0,12.0,1528000.0
8151,0.000000,0.000000,12.0,12.0,1528000.0
8152,0.000000,0.000000,12.0,12.0,1528000.0
8153,0.000000,0.000000,12.0,12.0,1528000.0
8154,0.000000,0.000000,12.0,12.0,1528000.0
8155,0.000000,0.000000,12.0,12.0,1528000.0
8156,0.000000,0.000000,12.0,12.0,1528000.0
8157,0.000000,0.000000,12.0,12.0,1528000.0
8158,0.000000,0.000000,12.0,12.0,1528000.0
8159,0.000000,0.000000,12.0,12.0,1528000.0
8160,0.000000,0.000000,12.0,12.0,1528000.0
8161,0.000000,0.000000,12.0,12.0,1528000.0
8162,0.000000,0.000000,12.0,12.0,1528000.0
8163,0.000000,0.000000,12.0,12.0,1528000.0
8164,0.000000,0.000000,12.0,12.0,1528000.0
8165,0.000000,0.000000,12.0,12.0,1528000.0
8166,0.000000,0.000000,12.0,12.0,1528000.0
8167,0.000000,0.000000,12.0,12.0,1528000.0
8168,0.000000,0.000000,12.0,12.0,1528000.0
8169,0.000000,0.000000,12.0,12.0,1528000.0
8170,0.000000,0.000000,12.0,12.0,1528000.0
8171,0.000000,0.000000,12.0,12.0,1528000.0
8172,0.000000,0.000000,12.0,12.0,1528000.0
8173,0.000000,0.000000,12.0,12.0,1528000.0
8174,0.000000,0.000000,12.0,12.0,1528000.0
8175,0.000000,0.000000,12.0,12.0,1528000.0
8176,0.000000,0.000000,12.0,12.0,1528000.0
8177,0.000000,0.000000,12.0,12.0,1528000.0
8178,0.000000,0.000000,12.0,12.0,1528000.0
8179,0.000000,0.000000,12.0,12.0,1528000.0
8180,0.000000,0.000000,12.0,12.0,1528000.0
8181,0.000000,0.000000,12.0,12.0,1528000.0
8182,0.000000,0.000000,12.0,12.0,1528000.0
8183,0.000000,0.000000,12.0,12.0,1528000.0
8184,0.000000,0.000000,12.0,12.0,1528000.0
8185,0.000000,0.000000,12.0,12.0,1528000.0
8186,0.000000,0.000000,12.0,12.0,1528000.0
8187,0.000000,0.000000,12.0,12.0,1528000.0
8188,0.000000,0.000000,12.0,12.0,1528000.0
8189,0.000000,0.000000,12.0,12.0,1528000.0
8190,0.000000,0.000000,12.0,12.0,1528000.0
8191,0.000000,0.000000,12.0,12.0,1528000.0
8192,0.000000,0.000000,12.0,12.0,1528000.0
8193,0.000000,0.000000,12.0,12.0,1528000.0
8194,0.000000,0.000000,12.0,12.0,1528000.0
8195,0.000000,0.000000,12.0,12.0,1528000.0
8196,0.000000,0.000000,12.0,12.0,1528000.0
8197,0.000000,0.000000,12.0,12.0,1528000.0
8198,0.000000,0.000000,12.0,12.0,1528000.0
8199,0.000000,0.000000,12.0,12.0,1528000.0
8200,0.000000,0.000000,12.0,12.0,1528000.0
8201,0.000000,0.000000,12.0,12.0,1528000.0
8202,0.000000,0.000000,12.0,12.0,1528000.0
8203,0.000000,0.000000,12.0,12.0,1528000.0
8204,0.000000,0.000000,12.0,12.0,1528000.0
8205,0.000000,0.000000,12.0,12.0,1528000.0
8206,0.000000,0.000000,12.0,12.0,1528000.0
8207,0.000000,0.000000,12.0,12.0,1528000.0
8208,0.000000,0.000000,12.0,12.0,1528000.0
8209,0.000000,0.000000,12.0,12.0,1528000.0
8210,0.000000,0.000000,12.0,12.0,1528000.0
8211,0.000000,0.000000,12.0,12.0,1528000.0
8212,0.000000,0.000000,12.0,12.0,1528000.0
8213,0.000000,0.000000,12.0,12.0,1528000.0
8214,0.000000,0.000000,12.0,12.0,1528000.0
8215,0.000000,0.000000,12.0,12.0,1528000.0
8216,0.000000,0.000000,12.0,12.0,1528000.0
8217,0.000000,0.000000,12.0,12.0,1528000.0
8218,0.000000,0.000000,12.0,12.0,1528000.0
8219,0.000000,0.000000,12.0,12.0,1528000.0
8220,0.000000,0.000000,12.0,12.0,1528000.0
8221,0.000000,0.000000,12.0,12.0,1528000.0
8222,0.000000,0.000000,12.0,12.0,1528000.0
8223,0.000000,0.000000,12.0,12.0,1528000.0
8224,0.000000,0.000000,12.0,12.0,1528000.0
8225,0.000000,0.000000,12.0,12.0,1528000.0
8226,0.000000,0.000000,12.0,12.0,1528000.0
8227,0.000000,0.000000,12.0,12.0,1528000.0
8228,0.000000,0.000000,12.0,12.0,1528000.0
8229,0.000000,0.000000,12.0,12.0,1528000.0
8230,0.000000,0.000000,12.0,12.0,1528000.0
8231,0.000000,0.000000,12.0,12.0,1528000.0
8232,0.000000,0.000000,12.0,12.0,1528000.0
8233,0.000000,0.000000,12.0,12.0,1528000.0
8234,0.000000,0.000000,12.0,12.0,1528000.0
8235,0.000000,0.000000,12.0,12.0,1528000.0
8236,0.000000,0.000000,12.0,12.0,1528000.0
8237,0.000000,0.000000,12.0,12.0,1528000.0
8238,0.000000,0.000000,12.0,12.0,1528000.0
8239,0.000000,0.000000,12.0,12.0,1528000.0
8240,0.000000,0.000000,12.0,12.0,1528000.0
8241,0.000000,0.000000,12.0,12.0,1528000.0
8242,0.000000,0.000000,12.0,12.0,1528000.0
8243,0.000000,0.000000,12.0,12.0,1528000.0
8244,0.000000,0.000000,12.0,12.0,1528000.0
8245,0.000000,0.000000,12.0,12.0,1528000.0
8246,0.000000,0.000000,12.0,12.0,1528000.0
8247,0.000000,0.000000,12.0,12.0,1528000.0
8248,0.000000,0.000000,12.0,12.0,1528000.0
8249,0.000000,0.000000,12.0,12.0,1528000.0
8250,0.000000,0.000000,12.0,12.0,1528000.0
8251,0.000000,0.000000,12.0,12.0,1528000.0
8252,0.000000,0.000000,12.0,12.0,1528000.0
8253,0.000000,0.000000,12.0,12.0,1528000.0
8254,0.000000,0.000000,12.0,12.0,1528000.0
8255,0.000000,0.000000,12.0,12.0,1528000.0
8256,0.000000,0.000000,12.0,12.0,1528000.0
8257,0.000000,0.000000,12.0,12.0,1528000.0
8258,0.000000,0.000000,12.0,12.0,1528000.0
8259,0.000000,0.000000,12.0,12.0,1528000.0
8260,0.000000,0.000000,12.0,12.0,1528000.0
8261,0.000000,0.000000,12.0,12.0,1528000.0
8262,0.000000,0.000000,12.0,12.0,1528000.0
8263,0.000000,0.000000,12.0,12.0,1528000.0
8264,0.000000,0.000000,12.0,12.0,1528000.0
8265,0.000000,0.000000,12.0,12.0,1528000.0
8266,0.000000,0.000000,12.0,12.0,1528000.0
8267,0.000000,0.000000,12.0,12.0,1528000.0
8268,0.000000,0.000000,12.0,12.0,1528000.0
8269,0.000000,0.000000,12.0,12.0,1528000.0
8270,0.000000,0.000000,12.0,12.0,1528000.0
8271,0.000000,0.000000,12.0,12.0,1528000.0
8272,0.000000,0.000000,12.0,12.0,1528000.0
8273,0.000000,0.000000,12.0,12.0,1528000.0
8274,0.000000,0.000000,12.0,12.0,1528000.0
8275,0.000000,0.000000,12.0,12.0,1528000.0
8276,0.000000,0.000000,12.0,12.0,1528000.0
8277,0.000000,0.000000,12.0,12.0,1528000.0
8278,0.000000,0.000000,12.0,12.0,1528000.0
8279,0.000000,0.000000,12.0,12.0,1528000.0
8280,0.000000,0.000000,12.0,12.0,1528000.0
8281,0.000000,0.000000,12.0,12.0,1528000.0
8282,0.000000,0.000000,12.0,12.0,1528000.0
8283,0.000000,0.000000,12.0,12.0,1528000.0
8284,0.000000,0.000000,12.0,12.0,1528000.0
8285,0.000000,0.000000,12.0,12.0,1528000.0
8286,0.000000,0.000000,12.0,12.0,1528000.0
8287,0.000000,0.000000,12.0,12.0,1528000.0
8288,0.000000,0.000000,12.0,12.0,1528000.0
8289,0.000000,0.000000,12.0,12.0,1528000.0
8290,0.000000,0.000000,12.0,12.0,1528000.0
8291,0.000000,0.000000,12.0,12.0,1528000.0
8292,0.000000,0.000000,12.0,12.0,1528000.0
8293,0.000000,0.000000,12.0,12.0,1528000.0
8294,0.000000,0.000000,12.0,12.0,1528000.0
8295,0.000000,0.000000,12.0,12.0,1528000.0
8296,0.000000,0.000000,12.0,12.0,1528000.0
8297,0.000000,0.000000,12.0,12.0,1528000.0
8298,0.000000,0.000000,12.0,12.0,1528000.0
8299,0.000000,0.000000,12.0,12.0,1528000.0
8300,0.000000,0.000000,12.0,12.0,1528000.0
8301,0.000000,0.000000,12.0,12.0,1528000.0
8302,0.000000,0.000000,12.0,12.0,1528000.0
8303,0.000000,0.000000,12.0,12.0,1528000.0
8304,0.000000,0.000000,12.0,12.0,1528000.0
8305,0.000000,0.000000,12.0,12.0,1528000.0
8306,0.000000,0.000000,12.0,12.0,1528000.0
8307,0.000000,0.000000,12.0,12.0,1528000.0
8308,0.000000,0.000000,12.0,12.0,1528000.0
8309,0.000000,0.000000,12.0,12.0,1528000.0
8310,0.000000,0.000000,12.0,12.0,1528000.0
8311,0.000000,0.000000,12.0,12.0,1528000.0
8312,0.000000,0.000000,12.0,12.0,1528000.0
8313,0.000000,0.000000,12.0,12.0,1528000.0
8314,0.000000,0.000000,12.0,12.0,1528000.0
8315,0.000000,0.000000,12.0,12.0,1528000.0
8316,0.000000,0.000000,12.0,12.0,1528000.0
8317,0.000000,0.000000,12.0,12.0,1528000.0
8318,0.000000,0.000000,12.0,12.0,1528000.0
8319,0.000000,0.000000,12.0,12.0,1528000.0
8320,0.000000,0.000000,12.0,12.0,1528000.0
8321,0.000000,0.000000,12.0,12.0,1528000.0
8322,0.000000,0.000000,12.0,12.0,1528000.0
8323,0.000000,0.000000,12.0,12.0,1528000.0
8324,0.000000,0.000000,12.0,12.0,1528000.0
8325,0.000000,0.000000,12.0,12.0,1528000.0
8326,0.000000,0.000000,12.0,12.0,1528000.0
8327,0.000000,0.000000,12.0,12.0,1528000.0
8328,0.000000,0.000000,12.0,12.0,1528000.0
8329,0.000000,0.000000,12.0,12.0,1528000.0
8330,0.000000,0.000000,12.0,12.0,1528000.0
8331,0.000000,0.000000,12.0,12.0,1528000.0
8332,0.000000,0.000000,12.0,12.0,1528000.0
8333,0.000000,0.000000,12.0,12.0,1528000.0
8334,0.000000,0.000000,12.0,12.0,1528000.0
8335,0.000000,0.000000,12.0,12.0,1528000.0
8336,0.000000,0.000000,12.0,12.0,1528000.0
8337,0.000000,0.000000,12.0,12.0,1528000.0
8338,0.000000,0.000000,12.0,12.0,1528000.0
8339,0.000000,0.000000,12.0,12.0,1528000.0
8340,0.000000,0.000000,12.0,12.0,1528000.0
8341,0.000000,0.000000,12.0,12.0,1528000.0
8342,0.000000,0.000000,12.0,12.0,1528000.0
8343,0.000000,0.000000,12.0,12.0,1528000.0
8344,0.000000,0.000000,12.0,12.0,1528000.0
8345,0.000000,0.000000,12.0,12.0,1528000.0
8346,0.000000,0.000000,12.0,12.0,1528000.0
8347,0.000000,0.000000,12.0,12.0,1528000.0
8348,0.000000,0.000000,12.0,12.0,1528000.0
8349,0.000000,0.000000,12.0,12.0,1528000.0
8350,0.000000,0.000000,12.0,12.0,1528000.0
8351,0.000000,0.000000,12.0,12.0,1528000.0
8352,0.000000,0.000000,12.0,12.0,1528000.0
8353,0.000000,0.000000,12.0,12.0,1528000.0
8354,0.000000,0.000000,12.0,12.0,1528000.0
8355,0.000000,0.000000,12.0,12.0,1528000.0
8356,0.000000,0.000000,12.0,12.0,1528000.0
8357,0.000000,0.000000,12.0,12.0,1528000.0
8358,0.000000,0.000000,12.0,12.0,1528000.0
8359,0.000000,0.000000,12.0,12.0,1528000.0
8360,0.000000,0.000000,12.0,12.0,1528000.0
8361,0.000000,0.000000,12.0,12.0,1528000.0
8362,0.000000,0.000000,12.0,12.0,1528000.0
8363,0.000000,0.000000,12.0,12.0,1528000.0
8364,0.000000,0.000000,12.0,12.0,1528000.0
8365,0.000000,0.000000,12.0,12.0,1528000.0
8366,0.000000,0.000000,12.0,12.0,1528000.0
8367,0.000000,0.000000,12.0,12.0,1528000.0
8368,0.000000,0.000000,12.0,12.0,1528000.0
8369,0.000000,0.000000,12.0,12.0,1528000.0
8370,0.000000,0.000000,12.0,12.0,1528000.0
8371,0.000000,0.000000,12.0,12.0,1528000.0
8372,0.000000,0.000000,12.0,12.0,1528000.0
8373,0.000000,0.000000,12.0,12.0,1528000.0
8374,0.000000,0.000000,12.0,12.0,1528000.0
8375,0.000000,0.000000,12.0,12.0,1528000.0
8376,0.000000,0.000000,12.0,12.0,1528000.0
8377,0.000000,0.000000,12.0,12.0,1528000.0
8378,0.000000,0.000000,12.0,12.0,1528000.0
8379,0.000000,0.000000,12.0,12.0,1528000.0
8380,0.000000,0.000000,12.0,12.0,1528000.0
8381,0.000000,0.000000,12.0,12.0,1528000.0
8382,0.000000,0.000000,12.0,12.0,1528000.0
8383,0.000000,0.000000,12.0,12.0,1528000.0
8384,0.000000,0.000000,12.0,12.0,1528000.0
8385,0.000000,0.000000,12.0,12.0,1528000.0
8386,0.000000,0.000000,12.0,12.0,1528000.0
8387,0.000000,0.000000,12.0,12.0,1528000.0
8388,0.000000,0.000000,12.0,12.0,1528000.0
8389,0.000000,0.000000,12.0,12.0,1528000.0
8390,0.000000,0.000000,12.0,12.0,1528000.0
8391,0.000000,0.000000,12.0,12.0,1528000.0
8392,0.000000,0.000000,12.0,12.0,1528000.0
8393,0.000000,0.000000,12.0,12.0,1528000.0
8394,0.000000,0.000000,12.0,12.0,1528000.0
8395,0.000000,0.000000,12.0,12.0,1528000.0
8396,0.000000,0.000000,12.0,12.0,1528000.0
8397,0.000000,0.000000,12.0,12.0,1528000.0
8398,0.000000,0.000000,12.0,12.0,1528000.0
8399,0.000000,0.000000,12.0,12.0,1528000.0
8400,0.000000,0.000000,12.0,12.0,1528000.0
8401,0.000000,0.000000,12.0,12.0,1528000.0
8402,0.000000,0.000000,12.0,12.0,1528000.0
8403,0.000000,0.000000,12.0,12.0,1528000.0
8404,0.000000,0.000000,12.0,12.0,1528000.0
8405,0.000000,0.000000,12.0,12.0,1528000.0
8406,0.000000,0.000000,12.0,12.0,1528000.0
8407,0.000000,0.000000,12.0,12.0,1528000.0
8408,0.000000,0.000000,12.0,12.0,1528000.0
8409,0.000000,0.000000,12.0,12.0,1528000.0
8410,0.000000,0.000000,12.0,12.0,1528000.0
8411,0.000000,0.000000,12.0,12.0,1528000.0
8412,0.000000,0.000000,12.0,12.0,1528000.0
8413,0.000000,0.000000,12.0,12.0,1528000.0
8414,0.000000,0.000000,12.0,12.0,1528000.0
8415,0.000000,0.000000,12.0,12.0,1528000.0
8416,0.000000,0.000000,12.0,12.0,1528000.0
8417,0.000000,0.000000,12.0,12.0,1528000.0
8418,0.000000,0.000000,12.0,12.0,1528000.0
8419,0.000000,0.000000,12.0,12.0,1528000.0
8420,0.000000,0.000000,12.0,12.0,1528000.0
8421,0.000000,0.000000,12.0,12.0,1528000.0
8422,0.000000,0.000000,12.0,12.0,1528000.0
8423,0.000000,0.000000,12.0,12.0,1528000.0
8424,0.000000,0.000000,12.0,12.0,1528000.0
8425,0.000000,0.000000,12.0,12.0,1528000.0
8426,0.000000,0.000000,12.0,12.0,1528000.0
8427,0.000000,0.000000,12.0,12.0,1528000.0
8428,0.000000,0.000000,12.0,12.0,1528000.0
8429,0.000000,0.000000,12.0,12.0,1528000.0
8430,0.000000,0.000000,12.0,12.0,1528000.0
8431,0.000000,0.000000,12.0,12.0,1528000.0
8432,0.000000,0.000000,12.0,12.0,1528000.0
8433,0.000000,0.000000,12.0,12.0,1528000.0
8434,0.000000,0.000000,12.0,12.0,1528000.0
8435,0.000000,0.000000,12.0,12.0,1528000.0
8436,0.000000,0.000000,12.0,12.0,1528000.0
8437,0.000000,0.000000,12.0,12.0,1528000.0
8438,0.000000,0.000000,12.0,12.0,1528000.0
8439,0.000000,0.000000,12.0,12.0,1528000.0
8440,0.000000,0.000000,12.0,12.0,1528000.0
8441,0.000000,0.000000,12.0,12.0,1528000.0
8442,0.000000,0.000000,12.0,12.0,1528000.0
8443,0.000000,0.000000,12.0,12.0,1528000.0
8444,0.000000,0.000000,12.0,12.0,1528000.0
8445,0.000000,0.000000,12.0,12.0,1528000.0
8446,0.000000,0.000000,12.0,12.0,1528000.0
8447,0.000000,0.000000,12.0,12.0,1528000.0
8448,0.000000,0.000000,12.0,12.0,1528000.0
8449,0.000000,0.000000,12.0,12.0,1528000.0
8450,0.000000,0.000000,12.0,12.0,1528000.0
8451,0.000000,0.000000,12.0,12.0,1528000.0
8452,0.000000,0.000000,12.0,12.0,1528000.0
8453,0.000000,0.000000,12.0,12.0,1528000.0
8454,0.000000,0.000000,12.0,12.0,1528000.0
8455,0.000000,0.000000,12.0,12.0,1528000.0
8456,0.000000,0.000000,12.0,12.0,1528000.0
8457,0.000000,0.000000,12.0,12.0,1528000.0
8458,0.000000,0.000000,12.0,12.0,1528000.0
8459,0.000000,0.000000,12.0,12.0,1528000.0
8460,0.000000,0.000000,12.0,12.0,1528000.0
8461,0.000000,0.000000,12.0,12.0,1528000.0
8462,0.000000,0.000000,12.0,12.0,1528000.0
8463,0.000000,0.000000,12.0,12.0,1528000.0
8464,0.000000,0.000000,12.0,12.0,1528000.0
8465,0.000000,0.000000,12.0,12.0,1528000.0
8466,0.000000,0.000000,12.0,12.0,1528000.0
8467,0.000000,0.000000,12.0,12.0,1528000.0
8468,0.000000,0.000000,12.0,12.0,1528000.0
8469,0.000000,0.000000,12.0,12.0,1528000.0
8470,0.000000,0.000000,12.0,12.0,1528000.0
8471,0.000000,0.000000,12.0,12.0,1528000.0
8472,0.000000,0.000000,12.0,12.0,1528000.0
8473,0.000000,0.000000,12.0,12.0,1528000.0
8474,0.000000,0.000000,12.0,12.0,1528000.0
8475,0.000000,0.000000,12.0,12.0,1528000.0
8476,0.000000,0.000000,12.0,12.0,1528000.0
8477,0.000000,0.000000,12.0,12.0,1528000.0
8478,0.000000,0.000000,12.0,12.0,1528000.0
8479,0.000000,0.000000,12.0,12.0,1528000.0
8480,0.000000,0.000000,12.0,12.0,1528000.0
8481,0.000000,0.000000,12.0,12.0,1528000.0
8482,0.000000,0.000000,12.0,12.0,1528000.0
8483,0.000000,0.000000,12.0,12.0,1528000.0
8484,0.000000,0.000000,12.0,12.0,1528000.0
8485,0.000000,0.000000,12.0,12.0,1528000.0
8486,0.000000,0.000000,12.0,12.0,1528000.0
8487,0.000000,0.000000,12.0,12.0,1528000.0
8488,0.000000,0.000000,12.0,12.0,1528000.0
8489,0.000000,0.000000,12.0,12.0,1528000.0
8490,0.000000,0.000000,12.0,12.0,1528000.0
8491,0.000000,0.000000,12.0,12.0,1528000.0
8492,0.000000,0.000000,12.0,12.0,1528000.0
8493,0.000000,0.000000,12.0,12.0,1528000.0
8494,0.000000,0.000000,12.0,12.0,1528000.0
8495,0.000000,0.000000,12.0,12.0,1528000.0
8496,0.000000,0.000000,12.0,12.0,1528000.0
8497,0.000000,0.000000,12.0,12.0,1528000.0
8498,0.000000,0.000000,12.0,12.0,1528000.0
8499,0.000000,0.000000,12.0,12.0,1528000.0
8500,0.000000,0.000000,12.0,12.0,1528000.0
8501,0.000000,0.000000,12.0,12.0,1528000.0
8502,0.000000,0.000000,12.0,12.0,1528000.0
8503,0.000000,0.000000,12.0,12.0,1528000.0
8504,0.000000,0.000000,12.0,12.0,1528000.0
8505,0.000000,0.000000,12.0,12.0,1528000.0
8506,0.000000,0.000000,12.0,12.0,1528000.0
8507,0.000000,0.000000,12.0,12.0,1528000.0
8508,0.000000,0.000000,12.0,12.0,1528000.0
8509,0.000000,0.000000,12.0,12.0,1528000.0
8510,0.000000,0.000000,12.0,12.0,1528000.0
8511,0.000000,0.000000,12.0,12.0,1528000.0
8512,0.000000,0.000000,12.0,12.0,1528000.0
8513,0.000000,0.000000,12.0,12.0,1528000.0
8514,0.000000,0.000000,12.0,12.0,1528000.0
8515,0.000000,0.000000,12.0,12.0,1528000.0
8516,0.000000,0.000000,12.0,12.0,1528000.0
8517,0.000000,0.000000,12.0,12.0,1528000.0
8518,0.000000,0.000000,12.0,12.0,1528000.0
8519,0.000000,0.000000,12.0,12.0,1528000.0
8520,0.000000,0.000000,12.0,12.0,1528000.0
8521,0.000000,0.000000,12.0,12.0,1528000.0
8522,0.000000,0.000000,12.0,12.0,1528000.0
8523,0.000000,0.000000,12.0,12.0,1528000.0
8524,0.000000,0.000000,12.0,12.0,1528000.0
8525,0.000000,0.000000,12.0,12.0,1528000.0
8526,0.000000,0.000000,12.0,12.0,1528000.0
8527,0.000000,0.000000,12.0,12.0,1528000.0
8528,0.000000,0.000000,12.0,12.0,1528000.0
8529,0.000000,0.000000,12.0,12.0,1528000.0
8530,0.000000,0.000000,12.0,12.0,1528000.0
8531,0.000000,0.000000,12.0,12.0,1528000.0
8532,0.000000,0.000000,12.0,12.0,1528000.0
8533,0.000000,0.000000,12.0,12.0,1528000.0
8534,0.000000,0.000000,12.0,12.0,1528000.0
8535,0.000000,0.000000,12.0,12.0,1528000.0
8536,0.000000,0.000000,12.0,12.0,1528000.0
8537,0.000000,0.000000,12.0,12.0,1528000.0
8538,0.000000,0.000000,12.0,12.0,1528000.0
8539,0.000000,0.000000,12.0,12.0,1528000.0
8540,0.000000,0.000000,12.0,12.0,1528000.0
8541,0.000000,0.000000,12.0,12.0,1528000.0
8542,0.000000,0.000000,12.0,12.0,1528000.0
8543,0.000000,0.000000,12.0,12.0,1528000.0
8544,0.000000,0.000000,12.0,12.0,1528000.0
8545,0.000000,0.000000,12.0,12.0,1528000.0
8546,0.000000,0.000000,12.0,12.0,1528000.0
8547,0.000000,0.000000,12.0,12.0,1528000.0
8548,0.000000,0.000000,12.0,12.0,1528000.0
8549,0.000000,0.000000,12.0,12.0,1528000.0
8550,0.000000,0.000000,12.0,12.0,1528000.0
8551,0.000000,0.000000,12.0,12.0,1528000.0
8552,0.000000,0.000000,12.0,12.0,1528000.0
8553,0.000000,0.000000,12.0,12.0,1528000.0
8554,0.000000,0.000000,12.0,12.0,1528000.0
8555,0.000000,0.000000,12.0,12.0,1528000.0
8556,0.000000,0.000000,12.0,12.0,1528000.0
8557,0.000000,0.000000,12.0,12.0,1528000.0
8558,0.000000,0.000000,12.0,12.0,1528000.0
8559,0.000000,0.000000,12.0,12.0,1528000.0
8560,0.000000,0.000000,12.0,12.0,1528000.0
8561,0.000000,0.000000,12.0,12.0,1528000.0
8562,0.000000,0.000000,12.0,12.0,1528000.0
8563,0.000000,0.000000,12.0,12.0,1528000.0
8564,0.000000,0.000000,12.0,12.0,1528000.0
8565,0.000000,0.000000,12.0,12.0,1528000.0
8566,0.000000,0.000000,12.0,12.0,1528000.0
8567,0.000000,0.000000,12.0,12.0,1528000.0
8568,0.000000,0.000000,12.0,12.0,1528000.0
8569,0.000000,0.000000,12.0,12.0,1528000.0
8570,0.000000,0.000000,12.0,12.0,1528000.0
8571,0.000000,0.000000,12.0,12.0,1528000.0
8572,0.000000,0.000000,12.0,12.0,1528000.0
8573,0.000000,0.000000,12.0,12.0,1528000.0
8574,0.000000,0.000000,12.0,12.0,1528000.0
8575,0.000000,0.000000,12.0,12.0,1528000.0
8576,0.000000,0.000000,12.0,12.0,1528000.0
8577,0.000000,0.000000,12.0,12.0,1528000.0
8578,0.000000,0.000000,12.0,12.0,1528000.0
8579,0.000000,0.000000,12.0,12.0,1528000.0
8580,0.000000,0.000000,12.0,12.0,1528000.0
8581,0.000000,0.000000,12.0,12.0,1528000.0
8582,0.000000,0.000000,12.0,12.0,1528000.0
8583,0.000000,0.000000,12.0,12.0,1528000.0
8584,0.000000,0.000000,12.0,12.0,1528000.0
8585,0.000000,0.000000,12.0,12.0,1528000.0
8586,0.000000,0.000000,12.0,12.0,1528000.0
8587,0.000000,0.000000,12.0,12.0,1528000.0
8588,0.000000,0.000000,12.0,12.0,1528000.0
8589,0.000000,0.000000,12.0,12.0,1528000.0
8590,0.000000,0.000000,12.0,12.0,1528000.0
8591,0.000000,0.000000,12.0,12.0,1528000.0
8592,0.000000,0.000000,12.0,12.0,1528000.0
8593,0.000000,0.000000,12.0,12.0,1528000.0
8594,0.000000,0.000000,12.0,12.0,1528000.0
8595,0.000000,0.000000,12.0,12.0,1528000.0
8596,0.000000,0.000000,12.0,12.0,1528000.0
8597,0.000000,0.000000,12.0,12.0,1528000.0
8598,0.000000,0.000000,12.0,12.0,1528000.0
8599,0.000000,0.000000,12.0,12.0,1528000.0
8600,0.000000,0.000000,12.0,12.0,1528000.0
8601,0.000000,0.000000,12.0,12.0,1528000.0
8602,0.000000,0.000000,12.0,12.0,1528000.0
8603,0.000000,0.000000,12.0,12.0,1528000.0
8604,0.000000,0.000000,12.0,12.0,1528000.0
8605,0.000000,0.000000,12.0,12.0,1528000.0
8606,0.000000,0.000000,12.0,12.0,1528000.0
8607,0.000000,0.000000,12.0,12.0,1528000.0
8608,0.000000,0.000000,12.0,12.0,1528000.0
8609,0.000000,0.000000,12.0,12.0,1528000.0
8610,0.000000,0.000000,12.0,12.0,1528000.0
8611,0.000000,0.000000,12.0,12.0,1528000.0
8612,0.000000,0.000000,12.0,12.0,1528000.0
8613,0.000000,0.000000,12.0,12.0,1528000.0
8614,0.000000,0.000000,12.0,12.0,1528000.0
8615,0.000000,0.000000,12.0,12.0,1528000.0
8616,0.000000,0.000000,12.0,12.0,1528000.0
8617,0.000000,0.000000,12.0,12.0,1528000.0
8618,0.000000,0.000000,12.0,12.0,1528000.0
8619,0.000000,0.000000,12.0,12.0,1528000.0
8620,0.000000,0.000000,12.0,12.0,1528000.0
8621,0.000000,0.000000,12.0,12.0,1528000.0
8622,0.000000,0.000000,12.0,12.0,1528000.0
8623,0.000000,0.000000,12.0,12.0,1528000.0
8624,0.000000,0.000000,12.0,12.0,1528000.0
8625,0.000000,0.000000,12.0,12.0,1528000.0
8626,0.000000,0.000000,12.0,12.0,1528000.0
8627,0.000000,0.000000,12.0,12.0,1528000.0
8628,0.000000,0.000000,12.0,12.0,1528000.0
8629,0.000000,0.000000,12.0,12.0,1528000.0
8630,0.000000,0.000000,12.0,12.0,1528000.0
8631,0.000000,0.000000,12.0,12.0,1528000.0
8632,0.000000,0.000000,12.0,12.0,1528000.0
8633,0.000000,0.000000,12.0,12.0,1528000.0
8634,0.000000,0.000000,12.0,12.0,1528000.0
8635,0.000000,0.000000,12.0,12.0,1528000.0
8636,0.000000,0.000000,12.0,12.0,1528000.0
8637,0.000000,0.000000,12.0,12.0,1528000.0
8638,0.000000,0.000000,12.0,12.0,1528000.0
8639,0.000000,0.000000,12.0,12.0,1528000.0
8640,0.000000,0.000000,12.0,12.0,1528000.0
8641,0.000000,0.000000,12.0,12.0,1528000.0
8642,0.000000,0.000000,12.0,12.0,1528000.0
8643,0.000000,0.000000,12.0,12.0,1528000.0
8644,0.000000,0.000000,12.0,12.0,1528000.0
8645,0.000000,0.000000,12.0,12.0,1528000.0
8646,0.000000,0.000000,12.0,12.0,1528000.0
8647,0.000000,0.000000,12.0,12.0,1528000.0
8648,0.000000,0.000000,12.0,12.0,1528000.0
8649,0.000000,0.000000,12.0,12.0,1528000.0
8650,0.000000,0.000000,12.0,12.0,1528000.0
8651,0.000000,0.000000,12.0,12.0,1528000.0
8652,0.000000,0.000000,12.0,12.0,1528000.0
8653,0.000000,0.000000,12.0,12.0,1528000.0
8654,0.000000,0.000000,12.0,12.0,1528000.0
8655,0.000000,0.000000,12.0,12.0,1528000.0
8656,0.000000,0.000000,12.0,12.0,1528000.0
8657,0.000000,0.000000,12.0,12.0,1528000.0
8658,0.000000,0.000000,12.0,12.0,1528000.0
8659,0.000000,0.000000,12.0,12.0,1528000.0
8660,0.000000,0.000000,12.0,12.0,1528000.0
8661,0.000000,0.000000,12.0,12.0,1528000.0
8662,0.000000,0.000000,12.0,12.0,1528000.0
8663,0.000000,0.000000,12.0,12.0,1528000.0
8664,0.000000,0.000000,12.0,12.0,1528000.0
8665,0.000000,0.000000,12.0,12.0,1528000.0
8666,0.000000,0.000000,12.0,12.0,1528000.0
8667,0.000000,0.000000,12.0,12.0,1528000.0
8668,0.000000,0.000000,12.0,12.0,1528000.0
8669,0.000000,0.000000,12.0,12.0,1528000.0
8670,0.000000,0.000000,12.0,12.0,1528000.0
8671,0.000000,0.000000,12.0,12.0,1528000.0
8672,0.000000,0.000000,12.0,12.0,1528000.0
8673,0.000000,0.000000,12.0,12.0,1528000.0
8674,0.000000,0.000000,12.0,12.0,1528000.0
8675,0.000000,0.000000,12.0,12.0,1528000.0
8676,0.000000,0.000000,12.0,12.0,1528000.0
8677,0.000000,0.000000,12.0,12.0,1528000.0
8678,0.000000,0.000000,12.0,12.0,1528000.0
8679,0.000000,0.000000,12.0,12.0,1528000.0
8680,0.000000,0.000000,12.0,12.0,1528000.0
8681,0.000000,0.000000,12.0,12.0,1528000.0
8682,0.000000,0.000000,12.0,12.0,1528000.0
8683,0.000000,0.000000,12.0,12.0,1528000.0
8684,0.000000,0.000000,12.0,12.0,1528000.0
8685,0.000000,0.000000,12.0,12.0,1528000.0
8686,0.000000,0.000000,12.0,12.0,1528000.0
8687,0.000000,0.000000,12.0,12.0,1528000.0
8688,0.000000,0.000000,12.0,12.0,1528000.0
8689,0.000000,0.000000,12.0,12.0,1528000.0
8690,0.000000,0.000000,12.0,12.0,1528000.0
8691,0.000000,0.000000,12.0,12.0,1528000.0
8692,0.000000,0.000000,12.0,12.0,1528000.0
8693,0.000000,0.000000,12.0,12.0,1528000.0
8694,0.000000,0.000000,12.0,12.0,1528000.0
8695,0.000000,0.000000,12.0,12.0,1528000.0
8696,0.000000,0.000000,12.0,12.0,1528000.0
8697,0.000000,0.000000,12.0,12.0,1528000.0
8698,0.000000,0.000000,12.0,12.0,1528000.0
8699,0.000000,0.000000,12.0,12.0,1528000.0
8700,0.000000,0.000000,12.0,12.0,1528000.0
8701,0.000000,0.000000,12.0,12.0,1528000.0
8702,0.000000,0.000000,12.0,12.0,1528000.0
8703,0.000000,0.000000,12.0,12.0,1528000.0
8704,0.000000,0.000000,12.0,12.0,1528000.0
8705,0.000000,0.000000,12.0,12.0,1528000.0
8706,0.000000,0.000000,12.0,12.0,1528000.0
8707,0.000000,0.000000,12.0,12.0,1528000.0
8708,0.000000,0.000000,12.0,12.0,1528000.0
8709,0.000000,0.000000,12.0,12.0,1528000.0
8710,0.000000,0.000000,12.0,12.0,1528000.0
8711,0.000000,0.000000,12.0,12.0,1528000.0
8712,0.000000,0.000000,12.0,12.0,1528000.0
8713,0.000000,0.000000,12.0,12.0,1528000.0
8714,0.000000,0.000000,12.0,12.0,1528000.0
8715,0.000000,0.000000,12.0,12.0,1528000.0
8716,0.000000,0.000000,12.0,12.0,1528000.0
8717,0.000000,0.000000,12.0,12.0,1528000.0
8718,0.000000,0.000000,12.0,12.0,1528000.0
8719,0.000000,0.000000,12.0,12.0,1528000.0
8720,0.000000,0.000000,12.0,12.0,1528000.0
8721,0.000000,0.000000,12.0,12.0,1528000.0
8722,0.000000,0.000000,12.0,12.0,1528000.0
8723,0.000000,0.000000,12.0,12.0,1528000.0
8724,0.000000,0.000000,12.0,12.0,1528000.0
8725,0.000000,0.000000,12.0,12.0,1528000.0
8726,0.000000,0.000000,12.0,12.0,1528000.0
8727,0.000000,0.000000,12.0,12.0,1528000.0
8728,0.000000,0.000000,12.0,12.0,1528000.0
8729,0.000000,0.000000,12.0,12.0,1528000.0
8730,0.000000,0.000000,12.0,12.0,1528000.0
8731,0.000000,0.000000,12.0,12.0,1528000.0
8732,0.000000,0.000000,12.0,12.0,1528000.0
8733,0.000000,0.000000,12.0,12.0,1528000.0
8734,0.000000,0.000000,12.0,12.0,1528000.0
8735,0.000000,0.000000,12.0,12.0,1528000.0
8736,0.000000,0.000000,12.0,12.0,1528000.0
8737,0.000000,0.000000,12.0,12.0,1528000.0
8738,0.000000,0.000000,12.0,12.0,1528000.0
8739,0.000000,0.000000,12.0,12.0,1528000.0
8740,0.000000,0.000000,12.0,12.0,1528000.0
8741,0.000000,0.000000,12.0,12.0,1528000.0
8742,0.000000,0.000000,12.0,12.0,1528000.0
8743,0.000000,0.000000,12.0,12.0,1528000.0
8744,0.000000,0.000000,12.0,12.0,1528000.0
8745,0.000000,0.000000,12.0,12.0,1528000.0
8746,0.000000,0.000000,12.0,12.0,1528000.0
8747,0.000000,0.000000,12.0,12.0,1528000.0
8748,0.000000,0.000000,12.0,12.0,1528000.0
8749,0.000000,0.000000,12.0,12.0,1528000.0
8750,0.000000,0.000000,12.0,12.0,1528000.0
8751,0.000000,0.000000,12.0,12.0,1528000.0
8752,0.000000,0.000000,12.0,12.0,1528000.0
8753,0.000000,0.000000,12.0,12.0,1528000.0
8754,0.000000,0.000000,12.0,12.0,1528000.0
8755,0.000000,0.000000,12.0,12.0,1528000.0
8756,0.000000,0.000000,12.0,12.0,1528000.0
8757,0.000000,0.000000,12.0,12.0,1528000.0
8758,0.000000,0.000000,12.0,12.0,1528000.0
8759,0.000000,0.000000,12.0,12.0,1528000.0
8760,0.000000,0.000000,12.0,12.0,1528000.0
8761,0.000000,0.000000,12.0,12.0,1528000.0
8762,0.000000,0.000000,12.0,12.0,1528000.0
8763,0.000000,0.000000,12.0,12.0,1528000.0
8764,0.000000,0.000000,12.0,12.0,1528000.0
8765,0.000000,0.000000,12.0,12.0,1528000.0
8766,0.000000,0.000000,12.0,12.0,1528000.0
8767,0.000000,0.000000,12.0,12.0,1528000.0
8768,0.000000,0.000000,12.0,12.0,1528000.0
8769,0.000000,0.000000,12.0,12.0,1528000.0
8770,0.000000,0.000000,12.0,12.0,1528000.0
8771,0.000000,0.000000,12.0,12.0,1528000.0
8772,0.000000,0.000000,12.0,12.0,1528000.0
8773,0.000000,0.000000,12.0,12.0,1528000.0
8774,0.000000,0.000000,12.0,12.0,1528000.0
8775,0.000000,0.000000,12.0,12.0,1528000.0
8776,0.000000,0.000000,12.0,12.0,1528000.0
8777,0.000000,0.000000,12.0,12.0,1528000.0
8778,0.000000,0.000000,12.0,12.0,1528000.0
8779,0.000000,0.000000,12.0,12.0,1528000.0
8780,0.000000,0.000000,12.0,12.0,1528000.0
8781,0.000000,0.000000,12.0,12.0,1528000.0
8782,0.000000,0.000000,12.0,12.0,1528000.0
8783,0.000000,0.000000,12.0,12.0,1528000.0
8784,0.000000,0.000000,12.0,12.0,1528000.0
8785,0.000000,0.000000,12.0,12.0,1528000.0
8786,0.000000,0.000000,12.0,12.0,1528000.0
8787,0.000000,0.000000,12.0,12.0,1528000.0
8788,0.000000,0.000000,12.0,12.0,1528000.0
8789,0.000000,0.000000,12.0,12.0,1528000.0
8790,0.000000,0.000000,12.0,12.0,1528000.0
8791,0.000000,0.000000,12.0,12.0,1528000.0
8792,0.000000,0.000000,12.0,12.0,1528000.0
8793,0.000000,0.000000,12.0,12.0,1528000.0
8794,0.000000,0.000000,12.0,12.0,1528000.0
8795,0.000000,0.000000,12.0,12.0,1528000.0
8796,0.000000,0.000000,12.0,12.0,1528000.0
8797,0.000000,0.000000,12.0,12.0,1528000.0
8798,0.000000,0.000000,12.0,12.0,1528000.0
8799,0.000000,0.000000,12.0,12.0,1528000.0
8800,0.000000,0.000000,12.0,12.0,1528000.0
8801,0.000000,0.000000,12.0,12.0,1528000.0
8802,0.000000,0.000000,12.0,12.0,1528000.0
8803,0.000000,0.000000,12.0,12.0,1528000.0
8804,0.000000,0.000000,12.0,12.0,1528000.0
8805,0.000000,0.000000,12.0,12.0,1528000.0
8806,0.000000,0.000000,12.0,12.0,1528000.0
8807,0.000000,0.000000,12.0,12.0,1528000.0
8808,0.000000,0.000000,12.0,12.0,1528000.0
8809,0.000000,0.000000,12.0,12.0,1528000.0
8810,0.000000,0.000000,12.0,12.0,1528000.0
8811,0.000000,0.000000,12.0,12.0,1528000.0
8812,0.000000,0.000000,12.0,12.0,1528000.0
8813,0.000000,0.000000,12.0,12.0,1528000.0
8814,0.000000,0.000000,12.0,12.0,1528000.0
8815,0.000000,0.000000,12.0,12.0,1528000.0
8816,0.000000,0.000000,12.0,12.0,1528000.0
8817,0.000000,0.000000,12.0,12.0,1528000.0
8818,0.000000,0.000000,12.0,12.0,1528000.0
8819,0.000000,0.000000,12.0,12.0,1528000.0
8820,0.000000,0.000000,12.0,12.0,1528000.0
8821,0.000000,0.000000,12.0,12.0,1528000.0
8822,0.000000,0.000000,12.0,12.0,1528000.0
8823,0.000000,0.000000,12.0,12.0,1528000.0
8824,0.000000,0.000000,12.0,12.0,1528000.0
8825,0.000000,0.000000,12.0,12.0,1528000.0
8826,0.000000,0.000000,12.0,12.0,1528000.0
8827,0.000000,0.000000,12.0,12.0,1528000.0
8828,0.000000,0.000000,12.0,12.0,1528000.0
8829,0.000000,0.000000,12.0,12.0,1528000.0
8830,0.000000,0.000000,12.0,12.0,1528000.0
8831,0.000000,0.000000,12.0,12.0,1528000.0
8832,0.000000,0.000000,12.0,12.0,1528000.0
8833,0.000000,0.000000,12.0,12.0,1528000.0
8834,0.000000,0.000000,12.0,12.0,1528000.0
8835,0.000000,0.000000,12.0,12.0,1528000.0
8836,0.000000,0.000000,12.0,12.0,1528000.0
8837,0.000000,0.000000,12.0,12.0,1528000.0
8838,0.000000,0.000000,12.0,12.0,1528000.0
8839,0.000000,0.000000,12.0,12.0,1528000.0
8840,0.000000,0.000000,12.0,12.0,1528000.0
8841,0.000000,0.000000,12.0,12.0,1528000.0
8842,0.000000,0.000000,12.0,12.0,1528000.0
8843,0.000000,0.000000,12.0,12.0,1528000.0
8844,0.000000,0.000000,12.0,12.0,1528000.0
8845,0.000000,0.000000,12.0,12.0,1528000.0
8846,0.000000,0.000000,12.0,12.0,1528000.0
8847,0.000000,0.000000,12.0,12.0,1528000.0
8848,0.000000,0.000000,12.0,12.0,1528000.0
8849,0.000000,0.000000,12.0,12.0,1528000.0
8850,0.000000,0.000000,12.0,12.0,1528000.0
8851,0.000000,0.000000,12.0,12.0,1528000.0
8852,0.000000,0.000000,12.0,12.0,1528000.0
8853,0.000000,0.000000,12.0,12.0,1528000.0
8854,0.000000,0.000000,12.0,12.0,1528000.0
8855,0.000000,0.000000,12.0,12.0,1528000.0
8856,0.000000,0.000000,12.0,12.0,1528000.0
8857,0.000000,0.000000,12.0,12.0,1528000.0
8858,0.000000,0.000000,12.0,12.0,1528000.0
8859,0.000000,0.000000,12.0,12.0,1528000.0
8860,0.000000,0.000000,12.0,12.0,1528000.0
8861,0.000000,0.000000,12.0,12.0,1528000.0
8862,0.000000,0.000000,12.0,12.0,1528000.0
8863,0.000000,0.000000,12.0,12.0,1528000.0
8864,0.000000,0.000000,12.0,12.0,1528000.0
8865,0.000000,0.000000,12.0,12.0,1528000.0
8866,0.000000,0.000000,12.0,12.0,1528000.0
8867,0.000000,0.000000,12.0,12.0,1528000.0
8868,0.000000,0.000000,12.0,12.0,1528000.0
8869,0.000000,0.000000,12.0,12.0,1528000.0
8870,0.000000,0.000000,12.0,12.0,1528000.0
8871,0.000000,0.000000,12.0,12.0,1528000.0
8872,0.000000,0.000000,12.0,12.0,1528000.0
8873,0.000000,0.000000,12.0,12.0,1528000.0
8874,0.000000,0.000000,12.0,12.0,1528000.0
8875,0.000000,0.000000,12.0,12.0,1528000.0
8876,0.000000,0.000000,12.0,12.0,1528000.0
8877,0.000000,0.000000,12.0,12.0,1528000.0
8878,0.000000,0.000000,12.0,12.0,1528000.0
8879,0.000000,0.000000,12.0,12.0,1528000.0
8880,0.000000,0.000000,12.0,12.0,1528000.0
8881,0.000000,0.000000,12.0,12.0,1528000.0
8882,0.000000,0.000000,12.0,12.0,1528000.0
8883,0.000000,0.000000,12.0,12.0,1528000.0
8884,0.000000,0.000000,12.0,12.0,1528000.0
8885,0.000000,0.000000,12.0,12.0,1528000.0
8886,0.000000,0.000000,12.0,12.0,1528000.0
8887,0.000000,0.000000,12.0,12.0,1528000.0
8888,0.000000,0.000000,12.0,12.0,1528000.0
8889,0.000000,0.000000,12.0,12.0,1528000.0
8890,0.000000,0.000000,12.0,12.0,1528000.0
8891,0.000000,0.000000,12.0,12.0,1528000.0
8892,0.000000,0.000000,12.0,12.0,1528000.0
8893,0.000000,0.000000,12.0,12.0,1528000.0
8894,0.000000,0.000000,12.0,12.0,1528000.0
8895,0.000000,0.000000,12.0,12.0,1528000.0
8896,0.000000,0.000000,12.0,12.0,1528000.0
8897,0.000000,0.000000,12.0,12.0,1528000.0
8898,0.000000,0.000000,12.0,12.0,1528000.0
8899,0.000000,0.000000,12.0,12.0,1528000.0
8900,0.000000,0.000000,12.0,12.0,1528000.0
8901,0.000000,0.000000,12.0,12.0,1528000.0
8902,0.000000,0.000000,12.0,12.0,1528000.0
8903,0.000000,0.000000,12.0,12.0,1528000.0
8904,0.000000,0.000000,12.0,12.0,1528000.0
8905,0.000000,0.000000,12.0,12.0,1528000.0
8906,0.000000,0.000000,12.0,12.0,1528000.0
8907,0.000000,0.000000,12.0,12.0,1528000.0
8908,0.000000,0.000000,12.0,12.0,1528000.0
8909,0.000000,0.000000,12.0,12.0,1528000.0
8910,0.000000,0.000000,12.0,12.0,1528000.0
8911,0.000000,0.000000,12.0,12.0,1528000.0
8912,0.000000,0.000000,12.0,12.0,1528000.0
8913,0.000000,0.000000,12.0,12.0,1528000.0
8914,0.000000,0.000000,12.0,12.0,1528000.0
8915,0.000000,0.000000,12.0,12.0,1528000.0
8916,0.000000,0.000000,12.0,12.0,1528000.0
8917,0.000000,0.000000,12.0,12.0,1528000.0
8918,0.000000,0.000000,12.0,12.0,1528000.0
8919,0.000000,0.000000,12.0,12.0,1528000.0
8920,0.000000,0.000000,12.0,12.0,1528000.0
8921,0.000000,0.000000,12.0,12.0,1528000.0
8922,0.000000,0.000000,12.0,12.0,1528000.0
8923,0.000000,0.000000,12.0,12.0,1528000.0
8924,0.000000,0.000000,12.0,12.0,1528000.0
8925,0.000000,0.000000,12.0,12.0,1528000.0
8926,0.000000,0.000000,12.0,12.0,1528000.0
8927,0.000000,0.000000,12.0,12.0,1528000.0
8928,0.000000,0.000000,12.0,12.0,1528000.0
8929,0.000000,0.000000,12.0,12.0,1528000.0
8930,0.000000,0.000000,12.0,12.0,1528000.0
8931,0.000000,0.000000,12.0,12.0,1528000.0
8932,0.000000,0.000000,12.0,12.0,1528000.0
8933,0.000000,0.000000,12.0,12.0,1528000.0
8934,0.000000,0.000000,12.0,12.0,1528000.0
8935,0.000000,0.000000,12.0,12.0,1528000.0
8936,0.000000,0.000000,12.0,12.0,1528000.0
8937,0.000000,0.000000,12.0,12.0,1528000.0
8938,0.000000,0.000000,12.0,12.0,1528000.0
8939,0.000000,0.000000,12.0,12.0,1528000.0
8940,0.000000,0.000000,12.0,12.0,1528000.0
8941,0.000000,0.000000,12.0,12.0,1528000.0
8942,0.000000,0.000000,12.0,12.0,1528000.0
8943,0.000000,0.000000,12.0,12.0,1528000.0
8944,0.000000,0.000000,12.0,12.0,1528000.0
8945,0.000000,0.000000,12.0,12.0,1528000.0
8946,0.000000,0.000000,12.0,12.0,1528000.0
8947,0.000000,0.000000,12.0,12.0,1528000.0
8948,0.000000,0.000000,12.0,12.0,1528000.0
8949,0.000000,0.000000,12.0,12.0,1528000.0
8950,0.000000,0.000000,12.0,12.0,1528000.0
8951,0.000000,0.000000,12.0,12.0,1528000.0
8952,0.000000,0.000000,12.0,12.0,1528000.0
8953,0.000000,0.000000,12.0,12.0,1528000.0
8954,0.000000,0.000000,12.0,12.0,1528000.0
8955,0.000000,0.000000,12.0,12.0,1528000.0
8956,0.000000,0.000000,12.0,12.0,1528000.0
8957,0.000000,0.000000,12.0,12.0,1528000.0
8958,0.000000,0.000000,12.0,12.0,1528000.0
8959,0.000000,0.000000,12.0,12.0,1528000.0
8960,0.000000,0.000000,12.0,12.0,1528000.0
8961,0.000000,0.000000,12.0,12.0,1528000.0
8962,0.000000,0.000000,12.0,12.0,1528000.0
8963,0.000000,0.000000,12.0,12.0,1528000.0
8964,0.000000,0.000000,12.0,12.0,1528000.0
8965,0.000000,0.000000,12.0,12.0,1528000.0
8966,0.000000,0.000000,12.0,12.0,1528000.0
8967,0.000000,0.000000,12.0,12.0,1528000.0
8968,0.000000,0.000000,12.0,12.0,1528000.0
8969,0.000000,0.000000,12.0,12.0,1528000.0
8970,0.000000,0.000000,12.0,12.0,1528000.0
8971,0.000000,0.000000,12.0,12.0,1528000.0
8972,0.000000,0.000000,12.0,12.0,1528000.0
8973,0.000000,0.000000,12.0,12.0,1528000.0
8974,0.000000,0.000000,12.0,12.0,1528000.0
8975,0.000000,0.000000,12.0,12.0,1528000.0
8976,0.000000,0.000000,12.0,12.0,1528000.0
8977,0.000000,0.000000,12.0,12.0,1528000.0
8978,0.000000,0.000000,12.0,12.0,1528000.0
8979,0.000000,0.000000,12.0,12.0,1528000.0
8980,0.000000,0.000000,12.0,12.0,1528000.0
8981,0.000000,0.000000,12.0,12.0,1528000.0
8982,0.000000,0.000000,12.0,12.0,1528000.0
8983,0.000000,0.000000,12.0,12.0,1528000.0
8984,0.000000,0.000000,12.0,12.0,1528000.0
8985,0.000000,0.000000,12.0,12.0,1528000.0
8986,0.000000,0.000000,12.0,12.0,1528000.0
8987,0.000000,0.000000,12.0,12.0,1528000.0
8988,0.000000,0.000000,12.0,12.0,1528000.0
8989,0.000000,0.000000,12.0,12.0,1528000.0
8990,0.000000,0.000000,12.0,12.0,1528000.0
8991,0.000000,0.000000,12.0,12.0,1528000.0
8992,0.000000,0.000000,12.0,12.0,1528000.0
8993,0.000000,0.000000,12.0,12.0,1528000.0
8994,0.000000,0.000000,12.0,12.0,1528000.0
8995,0.000000,0.000000,12.0,12.0,1528000.0
8996,0.000000,0.000000,12.0,12.0,1528000.0
8997,0.000000,0.000000,12.0,12.0,1528000.0
8998,0.000000,0.000000,12.0,12.0,1528000.0
8999,0.000000,0.000000,12.0,12.0,1528000.0
9000,0.000000,0.000000,12.0,12.0,1528000.0
9001,0.000000,0.000000,12.0,12.0,1528000.0
9002,0.000000,0.000000,12.0,12.0,1528000.0
9003,0.000000,0.000000,12.0,12.0,1528000.0
9004,0.000000,0.000000,12.0,12.0,1528000.0
9005,0.000000,0.000000,12.0,12.0,1528000.0
9006,0.000000,0.000000,12.0,12.0,1528000.0
9007,0.000000,0.000000,12.0,12.0,1528000.0
9008,0.000000,0.000000,12.0,12.0,1528000.0
9009,0.000000,0.000000,12.0,12.0,1528000.0
9010,0.000000,0.000000,12.0,12.0,1528000.0
9011,0.000000,0.000000,12.0,12.0,1528000.0
9012,0.000000,0.000000,12.0,12.0,1528000.0
9013,0.000000,0.000000,12.0,12.0,1528000.0
9014,0.000000,0.000000,12.0,12.0,1528000.0
9015,0.000000,0.000000,12.0,12.0,1528000.0
9016,0.000000,0.000000,12.0,12.0,1528000.0
9017,0.000000,0.000000,12.0,12.0,1528000.0
9018,0.000000,0.000000,12.0,12.0,1528000.0
9019,0.000000,0.000000,12.0,12.0,1528000.0
9020,0.000000,0.000000,12.0,12.0,1528000.0
9021,0.000000,0.000000,12.0,12.0,1528000.0
9022,0.000000,0.000000,12.0,12.0,1528000.0
9023,0.000000,0.000000,12.0,12.0,1528000.0
9024,0.000000,0.000000,12.0,12.0,1528000.0
9025,0.000000,0.000000,12.0,12.0,1528000.0
9026,0.000000,0.000000,12.0,12.0,1528000.0
9027,0.000000,0.000000,12.0,12.0,1528000.0
9028,0.000000,0.000000,12.0,12.0,1528000.0
9029,0.000000,0.000000,12.0,12.0,1528000.0
9030,0.000000,0.000000,12.0,12.0,1528000.0
9031,0.000000,0.000000,12.0,12.0,1528000.0
9032,0.000000,0.000000,12.0,12.0,1528000.0
9033,0.000000,0.000000,12.0,12.0,1528000.0
9034,0.000000,0.000000,12.0,12.0,1528000.0
9035,0.000000,0.000000,12.0,12.0,1528000.0
9036,0.000000,0.000000,12.0,12.0,1528000.0
9037,0.000000,0.000000,12.0,12.0,1528000.0
9038,0.000000,0.000000,12.0,12.0,1528000.0
9039,0.000000,0.000000,12.0,12.0,1528000.0
9040,0.000000,0.000000,12.0,12.0,1528000.0
9041,0.000000,0.000000,12.0,12.0,1528000.0
9042,0.000000,0.000000,12.0,12.0,1528000.0
9043,0.000000,0.000000,12.0,12.0,1528000.0
9044,0.000000,0.000000,12.0,12.0,1528000.0
9045,0.000000,0.000000,12.0,12.0,1528000.0
9046,0.000000,0.000000,12.0,12.0,1528000.0
9047,0.000000,0.000000,12.0,12.0,1528000.0
9048,0.000000,0.000000,12.0,12.0,1528000.0
9049,0.000000,0.000000,12.0,12.0,1528000.0
9050,0.000000,0.000000,12.0,12.0,1528000.0
9051,0.000000,0.000000,12.0,12.0,1528000.0
9052,0.000000,0.000000,12.0,12.0,1528000.0
9053,0.000000,0.000000,12.0,12.0,1528000.0
9054,0.000000,0.000000,12.0,12.0,1528000.0
9055,0.000000,0.000000,12.0,12.0,1528000.0
9056,0.000000,0.000000,12.0,12.0,1528000.0
9057,0.000000,0.000000,12.0,12.0,1528000.0
9058,0.000000,0.000000,12.0,12.0,1528000.0
9059,0.000000,0.000000,12.0,12.0,1528000.0
9060,0.000000,0.000000,12.0,12.0,1528000.0
9061,0.000000,0.000000,12.0,12.0,1528000.0
9062,0.000000,0.000000,12.0,12.0,1528000.0
9063,0.000000,0.000000,12.0,12.0,1528000.0
9064,0.000000,0.000000,12.0,12.0,1528000.0
9065,0.000000,0.000000,12.0,12.0,1528000.0
9066,0.000000,0.000000,12.0,12.0,1528000.0
9067,0.000000,0.000000,12.0,12.0,1528000.0
9068,0.000000,0.000000,12.0,12.0,1528000.0
9069,0.000000,0.000000,12.0,12.0,1528000.0
9070,0.000000,0.000000,12.0,12.0,1528000.0
9071,0.000000,0.000000,12.0,12.0,1528000.0
9072,0.000000,0.000000,12.0,12.0,1528000.0
9073,0.000000,0.000000,12.0,12.0,1528000.0
9074,0.000000,0.000000,12.0,12.0,1528000.0
9075,0.000000,0.000000,12.0,12.0,1528000.0
9076,0.000000,0.000000,12.0,12.0,1528000.0
9077,0.000000,0.000000,12.0,12.0,1528000.0
9078,0.000000,0.000000,12.0,12.0,1528000.0
9079,0.000000,0.000000,12.0,12.0,1528000.0
9080,0.000000,0.000000,12.0,12.0,1528000.0
9081,0.000000,0.000000,12.0,12.0,1528000.0
9082,0.000000,0.000000,12.0,12.0,1528000.0
9083,0.000000,0.000000,12.0,12.0,1528000.0
9084,0.000000,0.000000,12.0,12.0,1528000.0
9085,0.000000,0.000000,12.0,12.0,1528000.0
9086,0.000000,0.000000,12.0,12.0,1528000.0
9087,0.000000,0.000000,12.0,12.0,1528000.0
9088,0.000000,0.000000,12.0,12.0,152800×8ïÍÊ×¬¢h­µçMLKŽLM‹ŒŒL‹L‹ŒL‹ŒMLŽŒŒLNMK‹ŒŒMN‹KŒÎLL‹ŒL‹ŒMLŽŒŒLNM‹ËŒMÌŒÌKLKŒMÎMLÌKL‹ŒL‹ŒMLŽŒŒLNMËLKŽÌŒNKŒÍMŒKL‹ŒL‹ŒMLŽŒŒLNMŽŒMŒŽŒNL‹L‹ŒL‹ŒMLŽŒŒLNMŽKKŒŒLŒÍ‹NMLÍÍ‹L‹ŒL‹ŒMLŽŒŒLNMÌLŽMÍÌËKŒÍÍÎLMËL‹ŒL‹ŒMLŽŒŒLNMÌKKŽLÍÍNKÌMÎL‹ŒL‹ŒMLŽŒŒLNMÌ‹KÌÌLKŒÌÎMÍ‹L‹ŒL‹ŒMLŽŒŒLNMÌËLLMÎ‹ÌÍ‹L‹ŒL‹ŒMLŽŒŒLNMÍMÎKL‹ŒÍÌÎËL‹ŒL‹ŒMLŽŒŒLNMÍKKŒNMÍ‹LËÎNLLL‹ŒL‹ŒMLŽŒŒLNMÍ‹LMŽŽËŒŽLÍŽKL‹ŒL‹ŒMLŽŒŒLNMÍËKMŒŒ‹‹ŽÍÍMNL‹ŒL‹ŒMLŽŒŒLNMÎ‹NLMMLÎLML‹L‹ŒL‹ŒMLŽŒŒLNMÎKLKMŒËKŒÌLËL‹ŒL‹ŒMLŽŒŒLNNÌMLËŒL‹L‹ŒL‹ŒMLŽŒŒLNNKŽLLMËL‹ŒLNLÍÌKL‹ŒL‹ŒMLŽŒŒLNN‹ÌLÎKËŒNŒËL‹ŒL‹ŒMLŽŒŒLNNËLŒŒŒÌKKŒLŽKL‹ŒL‹ŒMLŽŒŒLNN‹ŽLËŒŽMKL‹ŒL‹ŒMLŽŒŒLNNKLŒÌŒÍKÍÎKL‹ŒL‹ŒMLŽŒŒLNN‹‹ŽŽMMKLÌÍLŽKL‹ŒL‹ŒMLŽŒŒLNNËLNNNKL‹ŒNLÍËL‹ŒL‹ŒMLŽŒŒLNNŽÍŒËŒMÍMËL‹ŒL‹ŒMLŽŒŒLNNK‹ŽMM‹ËÍÌLÍŽL‹ŒL‹ŒMLŽŒŒLNNLKŒŽMÍKKŒNŽLKL‹ŒL‹ŒMLŽŒŒLNNLKMË‹LÌËL‹ŒL‹ŒMLŽŒŒLNNL‹ŒMŒŒŽKLKMÎMMMËL‹ŒL‹ŒMLŽŒŒLNNLËËŒLLKKMNKL‹ŒL‹ŒMLŽŒŒLNNMŒŒL‹ŒL‹ŒMLŽŒŒLNNMKKŒNML‹KŒÍÌŽML‹ŒL‹ŒMLŽŒŒLNNM‹ŒŒL‹ŒL‹ŒMLŽŒŒLNNMËŒŒL‹ŒL‹ŒMLŽŒŒLNNNŒŒL‹ŒL‹ŒMLŽŒŒLNNNKŒŒL‹ŒL‹ŒMLŽŒŒLŒŒŒL‹ŒL‹ŒMLŽŒŒLŒKÌÌŒË‹LŒMÎKL‹ŒL‹ŒMLŽŒŒLŒ‹KŽMÍÍÎMKLKŽNLËL‹ŒL‹ŒMLŽŒŒLŒËMŒLŒL‹ŒNLM‹L‹ŒL‹ŒMLŽŒŒLŒŒLŒËLŒLŒËL‹ŒL‹ŒMLŽŒŒLŒKLÍÍMŒŒM‹ÌŒÍ‹L‹ŒL‹ŒMLŽŒŒLŒ‹MŒMŒMÍ‹LKŽÌÌ‹L‹ŒL‹ŒMLŽŒŒLŒËL‹ŽMÌNNLŽMÎNL‹ŒL‹ŒMLŽŒŒLŒKŽLNNMËŽKL‹ŒL‹ŒMLŽŒŒLŒKLËŽMMLŒLÎLÌML‹ŒL‹ŒMLŽŒŒLŒLKŒŽÌÍŒ‹ŒŒŒÎÎL‹ŒL‹ŒMLŽŒŒLŒLKLKŒÌLÍ‹LËÌNML‹ŒL‹ŒMLŽŒŒLŒL‹LËLLLKŽNL‹L‹ŒL‹ŒMLŽŒŒLŒLËLKÍLËLKÍNNKL‹ŒL‹ŒMLŽŒŒLŒMLŒÍËLŒÍLËL‹ŒL‹ŒMLŽŒŒLŒMKLKMÍËKŒÍËL‹ŒL‹ŒMLŽŒŒLŒM‹ËNMŒÌNL‹ŒÌLLLL‹ŒL‹ŒMLŽŒŒLŒMËLŽNL‹ŒMÍÍL‹ŒL‹ŒMLŽŒŒLŒNLKŽÍŒKLŒÍLLŒËL‹ŒL‹ŒMLŽŒŒLŒNKŒŒL‹ŒL‹ŒMLŽŒŒLŒŒKÍNLKŒÍN‹L‹ŒL‹ŒMLŽŒŒLŒŒKLKŽNLMËŒNMKL‹ŒL‹ŒMLŽŒŒLŒŒ‹ŒŒL‹ŒL‹ŒMLŽŒŒLŒŒËLKŒLMŒŒKLKÎLÌŒKL‹ŒL‹ŒMLŽŒŒLŒLËŒÍŒŒM‹LKÍNLÌ‹L‹ŒL‹ŒMLŽŒŒLŒKLŽËKŽMÍKL‹ŒL‹ŒMLŽŒŒLŒ‹KŽM‹KŒNMÌL‹ŒL‹ŒMLŽŒŒLŒËLËÌKLŒÍLNÌËL‹ŒL‹ŒMLŽŒŒLŒŽLÍŒŒKLËÍÎËL‹ŒL‹ŒMLŽŒŒLŒŽKŒŒÌMÍËLKŽLŒÍNKL‹ŒL‹ŒMLŽŒŒLŒÌŒŒL‹ŒL‹ŒMLŽŒŒLŒÌKL‹ŒMLÍËŒÍLŽKL‹ŒL‹ŒMLŽŒŒLŒÌ‹ŒŒL‹ŒL‹ŒMLŽŒŒLŒÌËLLŒŒŽKÍLL‹L‹ŒL‹ŒMLŽŒŒLŒÍŒŒL‹ŒL‹ŒMLŽŒŒLŒÍKLŒÎMŒÌÍÍL‹ŒL‹ŒMLŽŒŒLŒÍ‹ŒŒL‹ŒL‹ŒMLŽŒŒLŒÍËËLŽKËÌLKL‹ŒL‹ŒMLŽŒŒLŒÎŒŒL‹ŒL‹ŒMLŽŒŒLŒÎKŒŒL‹ŒL‹ŒMLŽŒŒLŒŒŒL‹ŒL‹ŒMLŽŒŒLŒKŒŒL‹ŒL‹ŒMLŽŒŒLŒ‹ŒŒL‹ŒL‹ŒMLŽŒŒLŒËLŒŒÌ‹ŽMŽML‹ŒL‹ŒMLŽŒŒLŒKŽÍÌŒŒLÍMÍÎL‹ŒL‹ŒMLŽŒŒLŒKLŒŽMMŒKL‹ŒŽLLËL‹ŒL‹ŒMLŽŒŒLŒ‹ËŒÍMŒN‹MÍNL‹ŒL‹ŒMLŽŒŒLŒËKŒÍŽ‹LËŒMŽMÍ‹L‹ŒL‹ŒMLŽŒŒLŒMŒNŽËL‹ŒÍŒÎËL‹ŒL‹ŒMLŽŒŒLŒKLŒMÌŒ‹LML‹ŒL‹ŒMLŽŒŒLŒL‹ŒMLÍLËLŒLLLÎKL‹ŒL‹ŒMLŽŒŒLŒLKL‹ŒLŒÍ‹ŽML‹ŒL‹ŒMLŽŒŒLŒL‹ËŒLÎÎM‹L‹ŒL‹ŒMLŽŒŒLŒLËL‹LÌLÌMKŽ‹L‹ŒL‹ŒMLŽŒŒLŒML‹ŒLLMMËKŒÍÌKL‹ŒL‹ŒMLŽŒŒLŒMKLKŒÎŒÎ‹ŒNÌÌNL‹ŒL‹ŒMLŽŒŒLŒM‹LŒMMÍÍŒMÍÍNM‹L‹ŒL‹ŒMLŽŒŒLŒMËLKŒŒÌMLŒÍÌÌLL‹ŒL‹ŒMLŽŒŒLŒNKLÎÍNKLKŒÎMKL‹ŒL‹ŒMLŽŒŒLŒNKLŽMÍLLKŒM‹L‹ŒL‹ŒMLŽŒŒLŒŒL‹ŽŒMKLŽŽNËL‹ŒL‹ŒMLŽŒŒLŒŒK‹ÍLÍKKŒÌNKL‹ŒL‹ŒMLŽŒŒLŒŒ‹ŒŒŒÍ‹LŒŒML‹L‹ŒL‹ŒMLŽŒŒLŒŒËLKÍÎŒŒÌŒMŒL‹ŒL‹ŒMLŽŒŒLŒLŽNKN‹L‹ŒL‹ŒMLŽŒŒLŒKLŒMNLKŒŒÍÌKL‹ŒL‹ŒMLŽŒŒLŒ‹LKŽLMÎŒÌN‹L‹ŒL‹ŒMLŽŒŒLŒË‹ŒŽMK‹ŒÍÌÍKL‹ŒL‹ŒMLŽŒŒLŒŽKÎÎNËLKÍLKL‹ŒL‹ŒMLŽŒŒLŒŽKLKÌLËKŒÎMÌKL‹ŒL‹ŒMLŽŒŒLŒÌKŽŒŽNLKMŽNLL‹ŒL‹ŒMLŽŒŒLŒÌKKŽMKLËÍÍKL‹ŒL‹ŒMLŽŒŒLŒÌ‹LKŒNM‹LŽÎNL‹ŒL‹ŒMLŽŒŒLŒÌËKMŒLËŒLNMLL‹ŒL‹ŒMLŽŒŒLŒÍ‹ŽLÎMKLKŒLNËL‹ŒL‹ŒMLŽŒŒLŒÍKŒŒÍM‹ŒMMM‹L‹ŒL‹ŒMLŽŒŒLŒÍ‹Ì‹LËNÌ‹L‹ŒL‹ŒMLŽŒŒLŒÍËŽŒMÍ‹L‹LŒŽ‹L‹ŒL‹ŒMLŽŒŒLŒÎKŒLLÌÍŒÍÍÌL‹ŒL‹ŒMLŽŒŒLŒÎKLŒLLÍËŽMLLŒËL‹ŒL‹ŒMLŽŒŒLŒ‹ŒŒÌŒKŒÍÍÍÎKL‹ŒL‹ŒMLŽŒŒLŒKLNLŒËKŒLLÌLŒËL‹ŒL‹ŒMLŽŒŒLŒ‹KŽÍŽÌKLKŒMMMËL‹ŒL‹ŒMLŽŒŒLŒËŒÌÌLKŽLMÎL‹ŒL‹ŒMLŽŒŒLŒŒMÍ‹LŒLÍLL‹ŒL‹ŒMLŽŒŒLŒKËŒÌMËËÍMŒŒKL‹ŒL‹ŒMLŽŒŒLŒ‹ŒÍLMÍLÍL‹ŒL‹ŒMLŽŒŒLŒËNMK‹ŒMNNËL‹ŒL‹ŒMLŽŒŒLŒ‹ŽNŒKL‹ŒÌLLKL‹ŒL‹ŒMLŽŒŒLŒKKMŒÎLMLŒÌNNLÌL‹ŒL‹ŒMLŽŒŒLŒLŒMÎÎKKŽLÌLŒÎKL‹ŒL‹ŒMLŽŒŒLŒLK‹ÌÍŒŽKŒLMËL‹ŒL‹ŒMLŽŒŒLŒL‹ËŒÍÍMNË‹ŒÌLLŽKL‹ŒL‹ŒMLŽŒŒLŒLËKŒNMÎLËËÌÌLŒËL‹ŒL‹ŒMLŽŒŒLŒMËŒMŒKŒNMKL‹ŒL‹ŒMLŽŒŒLŒMKÎML‹ŒNNM‹L‹ŒL‹ŒMLŽŒŒLŒM‹ŒŒL‹ŒL‹ŒMLŽŒŒLŒMËŒŒL‹ŒL‹ŒMLŽŒŒLŒNŒŒL‹ŒL‹ŒMLŽŒŒLŒNKŒŒL‹ŒL‹ŒMLŽŒŒLŒLŒŒL‹ŒL‹ŒMLŽŒŒLŒLKŒŒL‹ŒL‹ŒMLŽŒŒLŒL‹ŒŒL‹ŒL‹ŒMLŽŒŒLŒLËŒŒL‹ŒL‹ŒMLŽŒŒLŒLŒŒL‹ŒL‹ŒMLŽŒŒLŒLKŒŒL‹ŒL‹ŒMLŽŒŒLŒL‹ŒŒL‹ŒL‹ŒMLŽŒŒLŒLËŒŒL‹ŒL‹ŒMLŽŒŒLŒLŒŒL‹ŒL‹ŒMLŽŒŒLŒLKŒŒL‹ŒL‹ŒMLŽŒŒLŒLLŒŒL‹ŒL‹ŒMLŽŒŒLŒLLKŒŒL‹ŒL‹ŒMLŽŒŒLŒLL‹ŒŒL‹ŒL‹ŒMLŽŒŒLŒLLËŒŒL‹ŒL‹ŒMLŽŒŒLŒLMŒŒL‹ŒL‹ŒMLŽŒŒLŒLMKŒŒL‹ŒL‹ŒMLŽŒŒLŒLM‹ŒŒL‹ŒL‹ŒMLŽŒŒLŒLMËŒŒL‹ŒL‹ŒMLŽŒŒLŒLNŒŒL‹ŒL‹ŒMLŽŒŒLŒLNKŒŒL‹ŒL‹ŒMLŽŒŒLŒLŒŒŒL‹ŒL‹ŒMLŽŒŒLŒLŒKŒŒL‹ŒL‹ŒMLŽŒŒLŒLŒ‹ŒŒL‹ŒL‹ŒMLŽŒŒLŒLŒËŒŒL‹ŒL‹ŒMLŽŒŒLŒLŒŒL‹ŒL‹ŒMLŽŒŒLŒLKŒŒL‹ŒL‹ŒMLŽŒŒLŒL‹ŒŒL‹ŒL‹ŒMLŽŒŒLŒLËŒŒL‹ŒL‹ŒMLŽŒŒLŒLŽŒŒL‹ŒL‹ŒMLŽŒŒLŒLŽKŒŒL‹ŒL‹ŒMLŽŒŒLŒLÌŒŒL‹ŒL‹ŒMLŽŒŒLŒLÌKŒŒL‹ŒL‹ŒMLŽŒŒLŒLÌ‹ŒŒL‹ŒL‹ŒMLŽŒŒLŒLÌËŒŒL‹ŒL‹ŒMLŽŒŒLŒLÍŒŒL‹ŒL‹ŒMLŽŒŒLŒLÍKŒŒL‹ŒL‹ŒMLŽŒŒLŒLÍ‹ŒŒL‹ŒL‹ŒMLŽŒŒLŒLÍËŒŒL‹ŒL‹ŒMLŽŒŒLŒLÎŒŒL‹ŒL‹ŒMLŽŒŒLŒLÎKŒŒL‹ŒL‹ŒMLŽŒŒLŒMŒŒL‹ŒL‹ŒMLŽŒŒLŒMKŒŒL‹ŒL‹ŒMLŽŒŒLŒM‹ŒŒL‹ŒL‹ŒMLŽŒŒLŒMËŒŒL‹ŒL‹ŒMLŽŒŒLŒMŒŒL‹ŒL‹ŒMLŽŒŒLŒMKŒŒL‹ŒL‹ŒMLŽŒŒLŒM‹ŒŒL‹ŒL‹ŒMLŽŒŒLŒMËŒŒL‹ŒL‹ŒMLŽŒŒLŒMŒŒL‹ŒL‹ŒMLŽŒŒLŒMKŒŒL‹ŒL‹ŒMLŽŒŒLŒMLŒŒL‹ŒL‹ŒMLŽŒŒLŒMLKŒŒL‹ŒL‹ŒMLŽŒŒLŒML‹ŒŒL‹ŒL‹ŒMLŽŒŒLŒMLËŒŒL‹ŒL‹ŒMLŽŒŒLŒMMŒŒL‹ŒL‹ŒMLŽŒŒLŒMMKŒŒL‹ŒL‹ŒMLŽŒŒLŒMM‹ŒŒL‹ŒL‹ŒMLŽŒŒLŒMMËŒŒL‹ŒL‹ŒMLŽŒŒLŒMNŒŒL‹ŒL‹ŒMLŽŒŒLŒMNKŒŒL‹ŒL‹ŒMLŽŒŒLŒMŒŒŒL‹ŒL‹ŒMLŽŒŒLŒMŒKŒŒL‹ŒL‹ŒMLŽŒŒLŒMŒ‹ŒŒL‹ŒL‹ŒMLŽŒŒLŒMŒËŒŒL‹ŒL‹ŒMLŽŒŒLŒMŒŒL‹ŒL‹ŒMLŽŒŒLŒMKŒŒL‹ŒL‹ŒMLŽŒŒLŒM‹ŒŒL‹ŒL‹ŒMLŽŒŒLŒMËŒŒL‹ŒL‹ŒMLŽŒŒLŒMŽŒŒL‹ŒL‹ŒMLŽŒŒLŒMŽKŒŒL‹ŒL‹ŒMLŽŒŒLŒMÌŒŒL‹ŒL‹ŒMLŽŒŒLŒMÌKŒŒL‹ŒL‹ŒMLŽŒŒLŒMÌ‹ŒŒL‹ŒL‹ŒMLŽŒŒLŒMÌËŒŒL‹ŒL‹ŒMLŽŒŒLŒMÍŒŒL‹ŒL‹ŒMLŽŒŒLŒMÍKŒŒL‹ŒL‹ŒMLŽŒŒLŒMÍ‹ŒŒL‹ŒL‹ŒMLŽŒŒLŒMÍËŒŒL‹ŒL‹ŒMLŽŒŒLŒMÎŒŒL‹ŒL‹ŒMLŽŒŒLŒMÎKŒŒL‹ŒL‹ŒMLŽŒŒLŒNŒŒL‹ŒL‹ŒMLŽŒŒLŒNKŒŒL‹ŒL‹ŒMLŽŒŒLŒN‹ŒŒL‹ŒL‹ŒMLŽŒŒLŒNËŒŒL‹ŒL‹ŒMLŽŒŒLŒNŒŒL‹ŒL‹ŒMLŽŒŒLŒNKŒŒL‹ŒL‹ŒMLŽŒŒLŒN‹ŒŒL‹ŒL‹ŒMLŽŒŒLŒNËŒŒL‹ŒL‹ŒMLŽŒŒLŒNŒŒL‹ŒL‹ŒMLŽŒŒLŒNKŒŒL‹ŒL‹ŒMLŽŒŒLŒNLŒŒL‹ŒL‹ŒMLŽŒŒLŒNLKŒŒL‹ŒL‹ŒMLŽŒŒLŒNL‹ŒŒL‹ŒL‹ŒMLŽŒŒLŒNLËLÎMKKŒÍLŒKL‹ŒL‹ŒMLŽŒŒLŒNM‹ÌLKŒLÌÍÍÍL‹ŒL‹ŒMLŽŒŒLŒNMKMKÍÍŒKLKŽMÎÍÌKL‹ŒL‹ŒMLŽŒŒLŒNM‹‹ŒMMÎÎLKŒLÌÌM‹L‹ŒL‹ŒMLŽŒŒLŒNMËLŽÌÍŒÍMKÌÌÌ‹L‹ŒL‹ŒMLŽŒŒLŒNNMKŒLÌNMKL‹ÌŽLKL‹ŒL‹ŒMLŽŒŒLŒNNKLËŒMMLLLKŒMŒL‹L‹ŒL‹ŒMLŽŒŒLŒŒKLŒLÎKŒŽMÍÍÍKL‹ŒL‹ŒMLŽŒŒLŒŒKLËŒÌL‹ŒMÌML‹ŒL‹ŒMLŽŒŒLŒŒ‹KÌÍËLŽLLŒŒŒKL‹ŒL‹ŒMLŽŒŒLŒŒËLKŒÌNŽKLËŒÍLKL‹ŒL‹ŒMLŽŒŒLŒŒL‹ŽMÌÍ‹LKŒMŽNÍ‹L‹ŒL‹ŒMLŽŒŒLŒŒKLŽNNŽKLKÌLÍMÍKL‹ŒL‹ŒMLŽŒŒLŒŒ‹ŒN‹LŽMÍLL‹ŒL‹ŒMLŽŒŒLŒŒËŒÎŒLŽK‹ŒÎMËL‹ŒL‹ŒMLŽŒŒLŒŒ‹ŒLLLLKŒŒMŒÎL‹ŒL‹ŒMLŽŒŒLŒŒKMLÌLKLKŒÌKL‹ŒL‹ŒMLŽŒŒLŒŒLŒŒL‹ŒL‹ŒMLŽŒŒLŒŒLKLKŒNÍŒËLLŒMËL‹ŒL‹ŒMLŽŒŒLŒŒL‹KÌËŒLÌÌLËL‹ŒL‹ŒMLŽŒŒLŒŒLËLKMÎKŒÎŽML‹ŒL‹ŒMLŽŒŒLŒŒMÍŒÎLKŽÍÍ‹L‹ŒL‹ŒMLŽŒŒLŒŒMKLKMŽL‹ŒMLMÌL‹ŒL‹ŒMLŽŒŒLŒŒM‹LËŒŒÌÌÍNKLKŒŒÌÌLKL‹ŒL‹ŒMLŽŒŒLŒŒMËLKŒMŒÌ‹KŽMMŒL‹ŒL‹ŒMLŽŒŒLŒŒNKŽÎNKŒMŽLNL‹ŒL‹ŒMLŽŒŒLŒŒNKLËŽNÌÍÌLLNŽL‹ŒL‹ŒMLŽŒŒLŒŒŒKLÌÌLŽŒ‹L‹ŒL‹ŒMLŽŒŒLŒŒŒKŒMÎËL‹ŒLŽNKL‹ŒL‹ŒMLŽŒŒLŒŒŒ‹ŒŒL‹ŒL‹ŒMLŽŒŒLŒŒŒËLKÍŒ‹LŒÎML‹ŒL‹ŒMLŽŒŒLŒŒŒŒL‹ŒL‹ŒMLŽŒŒLŒŒKLKŒMÍNKŒMÌL‹ŒL‹ŒMLŽŒŒLŒŒ‹ŒŒL‹ŒL‹ŒMLŽŒŒLŒŒËKLÎLKLËŒLŒNKL‹ŒL‹ŒMLŽŒŒLŒŒŽŒŒL‹ŒL‹ŒMLŽŒŒLŒŒŽKKŽMŒÍKËŒŒŽKL‹ŒL‹ŒMLŽŒŒLŒŒÌŒŒL‹ŒL‹ŒMLŽŒŒLŒŒÌKLKŒŒLKŒÍÍÌÎKL‹ŒL‹ŒMLŽŒŒLŒŒÌ‹ŒŒL‹ŒL‹ŒMLŽŒŒLŒŒÌË‹ŒLËŽÍÎŒËL‹ŒL‹ŒMLŽŒŒLŒŒÍL‹ŽMLKŒÍÌMMML‹ŒL‹ŒMLŽŒŒLŒŒÍKLKÍNLLËŽŽŽKL‹ŒL‹ŒMLŽŒŒLŒŒÍ‹KŒŒMMMŽLKŒLNL‹ŒL‹ŒMLŽŒŒLŒŒÍËLLNL‹ŒMÎ‹L‹ŒL‹ŒMLŽŒŒLŒŒÎKŽÎLLKLŒÎLÍKL‹ŒL‹ŒMLŽŒŒLŒŒÎKKLL‹L‹ÌŒ‹L‹ŒL‹ŒMLŽŒŒLŒL‹ŽŒÎM‹LKŽLM‹L‹ŒL‹ŒMLŽŒŒLŒKLŒŽLÌŒKMKL‹ŒL‹ŒMLŽŒŒLŒ‹ËLNNMKKŒÍLÍKL‹ŒL‹ŒMLŽŒŒLŒËL‹ŒMMLÍËŽMŒKL‹ŒL‹ŒMLŽŒŒLŒËŒŽNNKŒŒÌŒL‹ŒL‹ŒMLŽŒŒLŒKL‹ÍKMKŒMÌÍÌËL‹ŒL‹ŒMLŽŒŒLŒ‹LKŽNLŽLKMÎLÍL‹ŒL‹ŒMLŽŒŒLŒËLKŒŒŒMÌK‹ŒNNÎMKL‹ŒL‹ŒMLŽŒŒLŒLŒMNKLŒNLKL‹ŒL‹ŒMLŽŒŒLŒKLKŒLMLKLŒMMÍÍMKL‹ŒL‹ŒMLŽŒŒLŒL‹LŽLNL‹LŽLLNL‹ŒL‹ŒMLŽŒŒLŒLKLKŒÍÌÌLKMMÌ‹L‹ŒL‹ŒMLŽŒŒLŒL‹L‹ŒNLŽNLŒŒÎŽL‹ŒL‹ŒMLŽŒŒLŒLË‹ŒÌ‹KŒŒLNL‹ŒL‹ŒMLŽŒŒLŒMËŽMÌLLKLÎNNLÌKL‹ŒL‹ŒMLŽŒŒLŒMKLKMÌËLNMŒÌKL‹ŒL‹ŒMLŽŒŒLŒM‹ËLÎN‹ŽLLL‹ŒL‹ŒMLŽŒŒLŒMËŒÌŒÌÌŒLŒŒNŽL‹ŒL‹ŒMLŽŒŒLŒNL‹ŒÍŒŒKKŒMNNKL‹ŒL‹ŒMLŽŒŒLŒNKKŒÌŒMÎLKŽMLÌÍKL‹ŒL‹ŒMLŽŒŒLŒŒKŒNLËLKMÌMMKL‹ŒL‹ŒMLŽŒŒLŒŒKLKŒŒÎKŒMŒL‹L‹ŒL‹ŒMLŽŒŒLŒŒ‹KNLËLKŒMÎKL‹ŒL‹ŒMLŽŒŒLŒŒËKÌÌŒŒMËLËŒÎŒKL‹ŒL‹ŒMLŽŒŒLŒLŒLŽMŒËŒÍKL‹ŒL‹ŒMLŽŒŒLŒKKŽMMMÍÍËËŒŽMLËL‹ŒL‹ŒMLŽŒŒLŒ‹ËŒMÍMÎLËLŒÍŒMËL‹ŒL‹ŒMLŽŒŒLŒËLŒMÌKŽLÌÎLL‹ŒL‹ŒMLŽŒŒLŒŽKÌLŒŒL‹ŽMÌL‹L‹ŒL‹ŒMLŽŒŒLŒŽKKŽMÌŒLLKŒLLÌ‹L‹ŒL‹ŒMLŽŒŒLŒÌŽNLŽËLÍŽL‹ŒL‹ŒMLŽŒŒLŒÌKŽÎÍ‹‹ŒŽLL‹ŒL‹ŒMLŽŒŒLŒÌ‹KÌŒÌLŒNŒNL‹L‹ŒL‹ŒMLŽŒŒLŒÌËLKMLLÍ‹LŒLÍL‹ŒL‹ŒMLŽŒŒLŒÍ‹ÍŒÍLŒMŒLL‹ŒL‹ŒMLŽŒŒLŒÍKLMLŒKL‹ŒLMÌËL‹ŒL‹ŒMLŽŒŒLŒÍ‹ŒNKÌKL‹ŒL‹ŒMLŽŒŒLŒÍËËŒMLLŒŒŒMŒL‹ŒL‹ŒMLŽŒŒLŒÎLÌLLLŒÎMMÍL‹ŒL‹ŒMLŽŒŒLŒÎKLŒMÍŒLËKMÍŒNMËL‹ŒL‹ŒMLŽŒŒLŒŽËŒMMLKÍNÌÍL‹ŒL‹ŒMLŽŒŒLŒŽKMŒÌŽMKLKŒNLLKL‹ŒL‹ŒMLŽŒŒLŒŽ‹ŒÌÍÌÌNK‹ŒLLMKL‹ŒL‹ŒMLŽŒŒLŒŽË‹ÌNNKËŽÌÎLËL‹ŒL‹ŒMLŽŒŒLŒŽ‹NMMKKŒLÌÎËL‹ŒL‹ŒMLŽŒŒLŒŽKŒÍLKËŒLNLËL‹ŒL‹ŒMLŽŒŒLŒŽ‹ËŒÍLNKŒLÍÍKL‹ŒL‹ŒMLŽŒŒLŒŽËŒÍL‹MŽNL‹ŒL‹ŒMLŽŒŒLŒŽŒŒL‹ŒL‹ŒMLŽŒŒLŒŽKKŒMÎN‹ÌŒÌL‹ŒL‹ŒMLŽŒŒLŒŽLËÍÌÎKLÍMÍŒËL‹ŒL‹ŒMLŽŒŒLŒŽLKMÌŽLÌL‹ŒMŒ‹L‹ŒL‹ŒMLŽŒŒLŒŽL‹‹ŒKLŒLÍLKL‹ŒL‹ŒMLŽŒŒLŒŽLËLÍÎNKMKŽNMKL‹ŒL‹ŒMLŽŒŒLŒŽMMŒŒLMÍ‹L‹ŒNMŒL‹ŒL‹ŒMLŽŒŒLŒŽMKLËLŒŒ‹LKŒÌLM‹L‹ŒL‹ŒMLŽŒŒLŒŽM‹KŒŒMLLNŒÎL‹ŒL‹ŒMLŽŒŒLŒŽMËL‹ŽLLŒŒŒÌLÌL‹ŒL‹ŒMLŽŒŒLŒŽNŽNNMÍLKŒÌŽLL‹L‹ŒL‹ŒMLŽŒŒLŒŽNKLKMÎM‹LËŒÍÍÌ‹L‹ŒL‹ŒMLŽŒŒLŒÌLËŒŒŒNMKLKŽLÌÌËL‹ŒL‹ŒMLŽŒŒLŒÌKLKÌÌ‹LKŒMÌ‹L‹ŒL‹ŒMLŽŒŒLŒÌ‹ŒŒLM‹LLLÎL‹ŒL‹ŒMLŽŒŒLŒÌËLKŽŒŒMËKŽLÍMÎKL‹ŒL‹ŒMLŽŒŒLŒÌKŒÍÍÌËL‹ŒŒÌŒLKL‹ŒL‹ŒMLŽŒŒLŒÌKLLMLKL‹ŒLMÍKL‹ŒL‹ŒMLŽŒŒLŒÌ‹LKÎMÍKLŒLŽŒKL‹ŒL‹ŒMLŽŒŒLŒÌËLKŒLÍLŽMKLKŒLÍÌËL‹ŒL‹ŒMLŽŒŒLŒÌKŽMÌŒÎNN‹L‹ŒL‹ŒMLŽŒŒLŒÌKL‹ŒL‹ÌÍŒÌL‹ŒL‹ŒMLŽŒŒLŒÌLLËL‹ŒÍLMËL‹ŒL‹ŒMLŽŒŒLŒÌLKLLLŒ‹LKŒŒÌLM‹L‹ŒL‹ŒMLŽŒŒLŒÌL‹LËŒŽMŒËLKŒŒKL‹ŒL‹ŒMLŽŒŒLŒÌLËLKŒMŒLKMŒÎML‹ŒL‹ŒMLŽŒŒLŒÌMKŽLŒËŽÍMËL‹ŒL‹ŒMLŽŒŒLŒÌMKLËŽMÎLÌËLÍLÌŒËL‹ŒL‹ŒMLŽŒŒLŒÌM‹KŒÍŒÌÌLÌŒML‹ŒL‹ŒMLŽŒŒLŒÌMËLKŒŽËL‹NŒKL‹ŒL‹ŒMLŽŒŒLŒÌNL‹ŽŒ‹LŒÌÌN‹L‹ŒL‹ŒMLŽŒŒLŒÌNKL‹ŒŽLŒMŽL‹ŒL‹ŒMLŽŒŒLŒÌŒLŽLLŒNLML‹ŒL‹ŒMLŽŒŒLŒÌŒKL‹MMËLŒÌMNLÌKL‹ŒL‹ŒMLŽŒŒLŒÌŒ‹LNLKLKŽŽNKL‹ŒL‹ŒMLŽŒŒLŒÌŒËLLÍÌÎMŽŒLL‹ŒL‹ŒMLŽŒŒLŒÌL‹MLÌMÌ‹ŒLLMÍL‹ŒL‹ŒMLŽŒŒLŒÌKLÎ‹ŒŽLMŽ‹L‹ŒL‹ŒMLŽŒŒLŒÌ‹KŽLÌÎKLŒÎÎLËL‹ŒL‹ŒMLŽŒŒLŒÌËLKŽÌMŒMËLŒÎÍŒËL‹ŒL‹ŒMLŽŒŒLŒÌŽ‹ÍÎMËŒÍÎMLŒKL‹ŒL‹ŒMLŽŒŒLŒÌŽKKŒLNLËLÍŽKL‹ŒL‹ŒMLŽŒŒLŒÌÌLËŒÌMNËKŒMMŒNKL‹ŒL‹ŒMLŽŒŒLŒÌÌKL‹LM‹ŒNLMLL‹ŒL‹ŒMLŽŒŒLŒÌÌ‹ŒŒŒNLÌKLKŽMŒLËL‹ŒL‹ŒMLŽŒŒLŒÌÌËLŒÌKL‹ŒLKL‹ŒL‹ŒMLŽŒŒLŒÌÍKL‹ŒŒÍML‹ŒL‹ŒMLŽŒŒLŒÌÍKŒÍMKLËŒÍMŽKL‹ŒL‹ŒMLŽŒŒLŒÌÍ‹LËÍLÌ‹LKŽŒM‹L‹ŒL‹ŒMLŽŒŒLŒÌÍËLŒÌNKKŒMŒÎMKL‹ŒL‹ŒMLŽŒŒLŒÌÎËŒNLLMËKŒNLNLÍKL‹ŒL‹ŒMLŽŒŒLŒÌÎKL‹ŒMMÌKŽMLNLKL‹ŒL‹ŒMLŽŒŒLŒÍËŒÌLLLŒ‹KLMÍÍÍ‹L‹ŒL‹ŒMLŽŒŒLŒÍKL‹ŒÍÍÌM‹MŒÌML‹ŒL‹ŒMLŽŒŒLŒÍ‹LKMÍLË‹ÎÌËL‹ŒL‹ŒMLŽŒŒLŒÍËLŒMŒ‹MÌÍÌ‹L‹ŒL‹ŒMLŽŒŒLŒÍÌŒÌËKŒÍŒLÎKL‹ŒL‹ŒMLŽŒŒLŒÍKLŽMNŒMÌ‹L‹ŒL‹ŒMLŽŒŒLŒÍ‹‹ŽNŒ‹ŒMÎL‹ŒL‹ŒMLŽŒŒLŒÍËL‹ŒMÍMLŒËL‹ŒÌMKL‹ŒL‹ŒMLŽŒŒLŒÍL‹ÌŽLL‹LŒMÌ‹L‹ŒL‹ŒMLŽŒŒLŒÍKKMLŒKŒÎ‹L‹ŒL‹ŒMLŽŒŒLŒÍLËŽLŒÍLŒML‹ŒL‹ŒMLŽŒŒLŒÍLKLKÍŽËŒŽMÌÍKL‹ŒL‹ŒMLŽŒŒLŒÍL‹ËŒLÍKŒŒKL‹ŒL‹ŒMLŽŒŒLŒÍLËŒÍLÌ‹LŒLÌŒ‹L‹ŒL‹ŒMLŽŒŒLŒÍMLKŽÌÍMKKŒŽMKL‹ŒL‹ŒMLŽŒŒLŒÍMK‹ŒÌÌNË‹ŒŒÍMMKL‹ŒL‹ŒMLŽŒŒLŒÍM‹KŒMNLŒLKLLNMM‹L‹ŒL‹ŒMLŽŒŒLŒÍMËLKŒNŒËKŽLÍÍMKL‹ŒL‹ŒMLŽŒŒLŒÍNKŒNÌMËLKÎLMÎKL‹ŒL‹ŒMLŽŒŒLŒÍNKKÌÌËLËNMÌKL‹ŒL‹ŒMLŽŒŒLŒÍŒLNLKKŒMLŒËL‹ŒL‹ŒMLŽŒŒLŒÍŒKKŒNNMMK‹ŽŽKL‹ŒL‹ŒMLŽŒŒLŒÍŒ‹ËÌÍŒÌLÌL‹ŒL‹ŒMLŽŒŒLŒÍŒËLŽLŒÌ‹KLÌNL‹ŒL‹ŒMLŽŒŒLŒÍŽÌÌKL‹ŽMÍMKL‹ŒL‹ŒMLŽŒŒLŒÍKKŒNŒLLKŒÍLŒŒ‹L‹ŒL‹ŒMLŽŒŒLŒÍ‹KŽMMËÍÍÍŒKL‹ŒL‹ŒMLŽŒŒLŒÍËLŒÌNMŒËŽÎËL‹ŒL‹ŒMLŽŒŒLŒÍŽ‹MÌÎKŽLÌKL‹ŒL‹ŒMLŽŒŒLŒÍŽKLŽLLKMÍÎNLKL‹ŒL‹ŒMLŽŒŒLŒÍÌËŒLÌŒKLŒÌÌËL‹ŒL‹ŒMLŽŒŒLŒÍÌKNÎMKLKŽÍŒÎKL‹ŒL‹ŒMLŽŒŒLŒÍÌ‹‹ŒLŒMŽKŽŒNÎL‹ŒL‹ŒMLŽŒŒLŒÍÌËËŒŒM‹ŽNLÌLL‹ŒL‹ŒMLŽŒŒLŒÍÍKÌŽMŒŽKKLÍÍKL‹ŒL‹ŒMLŽŒŒLŒÍÍKŽLNLÌMK‹ŽŽLLKL‹ŒL‹ŒMLŽŒŒLŒÍÍ‹ÎNMKLKŒLMNKL‹ŒL‹ŒMLŽŒŒLŒÍÍËKŽÌKLŒÍËL‹ŒL‹ŒMLŽŒŒLŒÍÎKŽMMÍÌÍKËÌLÌÌKL‹ŒL‹ŒMLŽŒŒLŒÍÎKËNŒÍM‹ŽLM‹L‹ŒL‹ŒMLŽŒŒLŒÎËŽM‹‹ŒÌNML‹ŒL‹ŒMLŽŒŒLŒÎKŽLKËÍÍŒLÍËL‹ŒL‹ŒMLŽŒŒLŒÎ‹ŒŒL‹ŒL‹ŒMLŽŒŒLŒÎËŽLÍ‹L‹ŒŽLM‹L‹ŒL‹ŒMLŽŒŒLŒÎŒŒL‹ŒL‹ŒMLŽŒŒLŒÎKLKŽLÌLNKLLLÎKL‹ŒL‹ŒMLŽŒŒLŒÎ‹ËŒÍÍŒËLKLMËL‹ŒL‹ŒMLŽŒŒLŒÎËLËŽNMLKŽŽÍL‹ŒL‹ŒMLŽŒŒLŒÎËŒŽMŒL‹KÍÌL‹ŒL‹ŒMLŽŒŒLŒÎKLKŒÌÍËM‹ŽLÍŒÍLËL‹ŒL‹ŒMLŽŒŒLŒÎLMNMÌKL‹ŽÌÍÍKL‹ŒL‹ŒMLŽŒŒLŒÎLKMŒŽLÎL‹ŒÌL‹ŒL‹ŒMLŽŒŒLŒÎL‹KŒÍMMŒŒM‹L‹ŒL‹ŒMLŽŒŒLŒÎLËMŽLŒËLKMŒÍKL‹ŒL‹ŒMLŽŒŒLŒÎMŽŒÎLL‹ŽLLÍMÍL‹ŒL‹ŒMLŽŒŒLŒÎMKL‹MLŒMKŒMMM‹L‹ŒL‹ŒMLŽŒŒLŒÎM‹LËÌLËLKŒÎLLMKL‹ŒL‹ŒMLŽŒŒLŒÎMËL‹ŒMŽËLËŒŽLÍŽKL‹ŒL‹ŒMLŽŒŒLŒÎNLÍLLLKŒÌLMÍÍ‹L‹ŒL‹ŒMLŽŒŒLŒÎNKLKLNM‹KŒÍLNLL‹ŒL‹ŒMLŽŒŒLKŒÍL‹L‹ŒMLŒNL‹ŒL‹ŒMLŽŒŒLKLŒML‹ŒMMÎL‹L‹ŒL‹ŒMLŽŒŒL‹ŒŒL‹ŒL‹ŒMLŽŒŒLËL‹ŒNLËLKMNNËL‹ŒL‹ŒMLŽŒŒLKŒÌLÌNMŒLÍÌL‹ŒL‹ŒMLŽŒŒLKL‹ŒLŒMËŽNŒŽKL‹ŒL‹ŒMLŽŒŒL‹ŒÍÎLÍKL‹ŒÍKL‹ŒL‹ŒMLŽŒŒLËLKŽMŒŽ‹L‹LÎŽL‹ŒL‹ŒMLŽŒŒLLËŽMŒMKL‹ŒŒLÌÌËL‹ŒL‹ŒMLŽŒŒLKLKŒLK‹ŒMŽNLLËL‹ŒL‹ŒMLŽŒŒLLŒŒL‹ŒL‹ŒMLŽŒŒLLKŒŒL‹ŒL‹ŒMLŽŒŒLL‹ŒŒL‹ŒL‹ŒMLŽŒŒLLËLKŒÍLNKLËŒÎNMMŒKL‹ŒL‹ŒMLŽŒŒLMŒŒL‹ŒL‹ŒMLŽŒŒLMKLÍMKKÌÍLNKL‹ŒL‹ŒMLŽŒŒLM‹ŒŒL‹ŒL‹ŒMLŽŒŒLMËLMŒ‹‹ŒLMLNM‹L‹ŒL‹ŒMLŽŒŒLNŒŒL‹ŒL‹ŒMLŽŒŒLNKŒÌMMŽŒÌL‹L‹ŒL‹ŒMLŽŒŒLŒŒŒL‹ŒL‹ŒMLŽŒŒLŒKËŒMŒMKËÍÎËL‹ŒL‹ŒMLŽŒŒLŒ‹ŒŒL‹ŒL‹ŒMLŽŒŒLŒËŒNMŽKKŽÌLLÍKL‹ŒL‹ŒMLŽŒŒLŒŒL‹ŒL‹ŒMLŽŒŒLK‹MMKLLÌLKL‹ŒL‹ŒMLŽŒŒL‹L‹NLNLKÍÌÌÌ‹L‹ŒL‹ŒMLŽŒŒLËL‹ÍÍLŽËLMŽLNKL‹ŒL‹ŒMLŽŒŒLŽKŒÌŒÍŽMLKŒMLÎLL‹ŒL‹ŒMLŽŒŒLŽKLML‹ŒLŒÌL‹ŒL‹ŒMLŽŒŒLÌŒMMŽLŒMMŽL‹ŒL‹ŒMLŽŒŒLÌKKŽMÍMËL‹ŽNMÌËL‹ŒL‹ŒMLŽŒŒLÌ‹LËŽMNMÍLKŽMLÌML‹ŒL‹ŒMLŽŒŒLÌË‹ŒLŽMŽ‹‹ŽLÎN‹L‹ŒL‹ŒMLŽŒŒLÍËŒMÍÎN‹L‹ŒL‹ŒMLŽŒŒLÍKLŒÎLŽKÍÍ‹L‹ŒL‹ŒMLŽŒŒLÍ‹‹L‹ŒŽLMŒL‹ŒL‹ŒMLŽŒŒLÍËLMŽLLËMÍÌLL‹ŒL‹ŒMLŽŒŒLÎL‹MÍŒMKKŒLLÎLÌËL‹ŒL‹ŒMLŽŒŒLÎKŽMLŒŒÍKÌÎŽNKL‹ŒL‹ŒMLŽŒŒLŽMMÍKÍŒMÌMKL‹ŒL‹ŒMLŽŒŒLKLKLÍŒLÍ‹LKŒNMÍL‹ŒL‹ŒMLŽŒŒL‹KÍŒKL‹ŒLÌKL‹ŒL‹ŒMLŽŒŒLËLMËLŽLÌÎLÌËL‹ŒL‹ŒMLŽŒŒLLKŽLMNMKŒMMÍKL‹ŒL‹ŒMLŽŒŒLK‹LŒKKLLÍLKL‹ŒL‹ŒMLŽŒŒL‹ËNLÌŒKLŽÍÌKL‹ŒL‹ŒMLŽŒŒLËLÌLËKŒÎLNKL‹ŒL‹ŒMLŽŒŒLËŽŽÎKŽMÌKL‹ŒL‹ŒMLŽŒŒLKŽNLLMŒÍML‹ŒL‹ŒMLŽŒŒLLLËLLÎMŒLŽLMLL‹L‹ŒL‹ŒMLŽŒŒLLKKŒNÌNKŽNÍÌLKL‹ŒL‹ŒMLŽŒŒLL‹‹ŒÍNLKLKLMLKL‹ŒL‹ŒMLŽŒŒLLËŒN‹ŽLŒL‹L‹ŒL‹ŒMLŽŒŒLMŽNÍKLŽLËL‹ŒL‹ŒMLŽŒŒLMKKÍŒŒÌKLËMMËL‹ŒL‹ŒMLŽŒŒLM‹KŒŒÍÍŒËKNNMÍÌKL‹ŒL‹ŒMLŽŒŒLMË‹ŒÍÍKËŽNLŒŽKL‹ŒL‹ŒMLŽŒŒLNMŒÌKLŒŒŒÍËL‹ŒL‹ŒMLŽŒŒLNKLKÌÌÌÌËLŒLMËL‹ŒL‹ŒMLŽŒŒLŒKŒŽKL‹ŽMŒNKL‹ŒL‹ŒMLŽŒŒLŒKŽNLÌ‹LKŽLÎLÍL‹ŒL‹ŒMLŽŒŒLŒ‹ÍMLNËMNŽL‹ŒL‹ŒMLŽŒŒLŒËŒLÌKŽNÍŒËL‹ŒL‹ŒMLŽŒŒLKÍNM‹LŒÎLÌL‹ŒL‹ŒMLŽŒŒLKLMMŒÍMKŽLMÌËL‹ŒL‹ŒMLŽŒŒL‹KÍÌMŒÍ‹L‹ŒŒŒÍÍ‹L‹ŒL‹ŒMLŽŒŒLËŒÍŽÌKL‹ŒŽKL‹ŒL‹ŒMLŽŒŒLŽŒÍMËŒLÎLËL‹ŒL‹ŒMLŽŒŒLŽKNNLÌKKŒÍŒKL‹ŒL‹ŒMLŽŒŒLÌŽËŒÎLŒÎKL‹ŒL‹ŒMLŽŒŒLÌKKŒNMÌÌ‹ŒÎMŒL‹ŒL‹ŒMLŽŒŒLÌ‹ŒÌMM‹LKŒMMÌL‹ŒL‹ŒMLŽŒŒLÌË‹ŽLLKKŒÍÍLËL‹ŒL‹ŒMLŽŒŒLÍŽLÌÌ‹ŒNNLL‹ŒL‹ŒMLŽŒŒLÍK‹ŽMŽNMNËŽMÎL‹ŒL‹ŒMLŽŒŒLÍ‹ËÍÌKKŽÌLKL‹ŒL‹ŒMLŽŒŒLÍËLKŽŒ‹ŒÎÎL‹ŒL‹ŒMLŽŒŒLÎËÌMLÍ‹KÌNL‹L‹ŒL‹ŒMLŽŒŒLÎKLKŒNMÎLŽKLKŒNMÎLŽKL‹ŒL‹ŒMLŽŒŒLŒŒL‹ŒL‹ŒMLŽŒŒLKLŒŒMÍNKŽŒŽL‹ŒL‹ŒMLŽŒŒL‹ËŒŒŒLËLÍÌŒËL‹ŒL‹ŒMLŽŒŒLËMŒÌÍMKLKŒLMLÍKL‹ŒL‹ŒMLŽŒŒL‹ŒMLŽËLLÎKL‹ŒL‹ŒMLŽŒŒLKLŒÍLÍŒMKŒÌMNL‹L‹ŒL‹ŒMLŽŒŒL‹MMŒNKLKŽŒMKL‹ŒL‹ŒMLŽŒŒLËLËŒLŒÍLŽMNMÌ‹L‹ŒL‹ŒMLŽŒŒLŽNLÌMËLŒÍLÌËL‹ŒL‹ŒMLŽŒŒLKLËÎÍŒÍÎLL‹ŒL‹ŒMLŽŒŒLLÌNNNKLKŽÌMNKL‹ŒL‹ŒMLŽŒŒLLKL‹ŒÌ‹LËÌÍLL‹L‹ŒL‹ŒMLŽŒŒLL‹LËÌŒLLKŽMŒMML‹ŒL‹ŒMLŽŒŒLLËLKŽNNÍLKŽÎLÌL‹ŒL‹ŒMLŽŒŒLMLÍMLŽLKŒÎL‹ŒL‹ŒMLŽŒŒLMKLKŽÍÍLŒKŒMÌÍŒ‹L‹ŒL‹ŒMLŽŒŒLM‹ŽMLMÌËL‹ŒLŒÍŽKL‹ŒL‹ŒMLŽŒŒLMËLKŒNMÎ‹L‹ÍMÍŽLL‹ŒL‹ŒMLŽŒŒLNLKŒÍŽMŽKŒÍKL‹ŒL‹ŒMLŽŒŒLNKLKŒNŒÌKLLÌŽŒËL‹ŒL‹ŒMLŽŒŒLLŽMŽÎŒŽLLÍM‹L‹ŒL‹ŒMLŽŒŒLLKLKŒMMËKŒMLÍŒËL‹ŒL‹ŒMLŽŒŒLL‹LŽMÌMËL‹MMLŽKL‹ŒL‹ŒMLŽŒŒLLËLKÌL‹ŒŒLÎÍL‹ŒL‹ŒMLŽŒŒLLLËŒÌŒËLKŒÍMLÍKL‹ŒL‹ŒMLŽŒŒLLKLÍÍMK‹ŒŒŽËL‹ŒL‹ŒMLŽŒŒLL‹KŒMÌŒM‹M‹L‹ŒL‹ŒMLŽŒŒLLËŽLLÍKËŽNÌLKL‹ŒL‹ŒMLŽŒŒLLÎMŽLËLŒÎNËL‹ŒL‹ŒMLŽŒŒLLKLKŒNMM‹L‹ŽLÌŒMŽL‹ŒL‹ŒMLŽŒŒLLLLKŽŒÎKŒÎM‹L‹ŒL‹ŒMLŽŒŒLLLKL‹LÌÍÎLŒÎNŒL‹ŒL‹ŒMLŽŒŒLLL‹LKŒLŒNŒÌŽLL‹ŒL‹ŒMLŽŒŒLLLËL‹ÌLLÍÍ‹LÍŒ‹L‹ŒL‹ŒMLŽŒŒLLMLÌŒM‹L‹ŒMÌÌ‹L‹ŒL‹ŒMLŽŒŒLLMKLKŒÌLÍKMKŒMÌÎKL‹ŒL‹ŒMLŽŒŒLLM‹LKŽŒMNKNŒŒLKL‹ŒL‹ŒMLŽŒŒLLMËKŽLÎŒK‹ŽNMMËL‹ŒL‹ŒMLŽŒŒLLN‹ŒŒŽLŒŒLMÌML‹ŒL‹ŒMLŽŒŒLLNKL‹ŽLÌÌ‹LLL‹ŒL‹ŒMLŽŒŒLLŒKÎMMLKLŽLÎLËL‹ŒL‹ŒMLŽŒŒLLŒKËŒLLKKŒÌÌLNKL‹ŒL‹ŒMLŽŒŒLLŒ‹LËŒŒÌLKŒÌLKL‹ŒL‹ŒMLŽŒŒLLŒËLKÌMKMÌNKL‹ŒL‹ŒMLŽŒŒLLŒLŽMKLKŽLÎŒËL‹ŒL‹ŒMLŽŒŒLLKLŒLL‹ŒÍLÌ‹L‹ŒL‹ŒMLŽŒŒLL‹ÌLNËLŒÍÍLÌËL‹ŒL‹ŒMLŽŒŒLLËŒLÌ‹LËLÍÎMNL‹ŒL‹ŒMLŽŒŒLLŽLËÌNMŽKLKÎLÍKL‹ŒL‹ŒMLŽŒŒLLŽKLŒŽNMKŽŒMMËL‹ŒL‹ŒMLŽŒŒLLÌ‹ÍÎ‹L‹ŒL‹ŒMLŽŒŒLLÌKL‹ŒMŒMÌL‹ŒL‹ŒMLŽŒŒLLÌ‹ËŒÌÍÎLLKKŒŽMŽMLËL‹ŒL‹ŒMLŽŒŒLLÌËL‹ÍLŒËMKŒMLÍKL‹ŒL‹ŒMLŽŒŒLLÍLKŒNŒ‹MÍŽM‹L‹ŒL‹ŒMLŽŒŒLLÍKŒŒL‹ŒL‹ŒMLŽŒŒLLÍ‹ŽNŒÎL‹KŒNMÍL‹ŒL‹ŒMLŽŒŒLLÍËLKŒMÍŒLŒNÎNM‹L‹ŒL‹ŒMLŽŒŒLLÎ‹ŒLLÍŒŒ‹LÌŒÍM‹L‹ŒL‹ŒMLŽŒŒLLÎKLKŒÌKLKŒMŒMÌËL‹ŒL‹ŒMLŽŒŒLMLKŒÌLÍŒ‹ÍMÎLÎL‹ŒL‹ŒMLŽŒŒLMKŒŒL‹ŒL‹ŒMLŽŒŒLM‹ŒŒL‹ŒL‹ŒMLŽŒŒLMËŒŒL‹ŒL‹ŒMLŽŒŒLMŽLÌLŒKŽÍLL‹ŒL‹ŒMLŽŒŒLMKLŒMÌLKLŒÍËL‹ŒL‹ŒMLŽŒŒLM‹LKŒÎNLËKŒŒÍMÌKL‹ŒL‹ŒMLŽŒŒLMË‹ŒMLŒL‹ŒMLNL‹ŒL‹ŒMLŽŒŒLM‹ÌÍMMËLŽMLLKL‹ŒL‹ŒMLŽŒŒLMKLKŒŽLÍKŽŒL‹L‹ŒL‹ŒMLŽŒŒLML‹ŒÌÌŽLËLMÌKL‹ŒL‹ŒMLŽŒŒLMLKKŒÌÎLÍLËŽÍML‹ŒL‹ŒMLŽŒŒLML‹LŒŒŒŒÍŽM‹L‹ŒL‹ŒMLŽŒŒLMLËKŽNÍÌËËŒÍLŽKL‹ŒL‹ŒMLŽŒŒLMMŒŽMÍÍËLŽKL‹ŒL‹ŒMLŽŒŒLMMKLŽNMKŒ‹L‹ŒL‹ŒMLŽŒŒLMM‹ŽNMÎKLËŒÌŒÍÌËL‹ŒL‹ŒMLŽŒŒLMMËÎNLËL‹MÌLKL‹ŒL‹ŒMLŽŒŒLMNKLÍKŒÍÍKL‹ŒL‹ŒMLŽŒŒLMNKLNÍNKMÍNKL‹ŒL‹ŒMLŽŒŒLMŒKNLÌ‹LŒMML‹ŒL‹ŒMLŽŒŒLMŒKLŒNŒËŽMŒLMKL‹ŒL‹ŒMLŽŒŒLMŒ‹ËŒMMÌ‹LŒMŒÍÍ‹L‹ŒL‹ŒMLŽŒŒLMŒËŒMŒŒKLKŽLLMËL‹ŒL‹ŒMLŽŒŒLMŽÌNKÌÍMËL‹ŒL‹ŒMLŽŒŒLMK‹ŽLÌŽËŽMÍML‹ŒL‹ŒMLŽŒŒLM‹ŽŒM‹ŒÌÌÍL‹L‹ŒL‹ŒMLŽŒŒLMË‹ŒŽÍÌÍËŒLÎŽMËL‹ŒL‹ŒMLŽŒŒLMŽKŒNMÍ‹LNLL‹ŒL‹ŒMLŽŒŒLMŽKKÍLLÍKLLŽNKL‹ŒL‹ŒMLŽŒŒLMÌŒŒL‹ŒL‹ŒMLŽŒŒLMÌKËMNLŽKLÎŒKL‹ŒL‹ŒMLŽŒŒLMÌ‹ŒŒL‹ŒL‹ŒMLŽŒŒLMÌË‹MŽLÍKKŒLÍÌKL‹ŒL‹ŒMLŽŒŒLMÍŒŒL‹ŒL‹ŒMLŽŒŒLMÍK‹ÎMŒËŽÌNMKL‹ŒL‹ŒMLŽŒŒLMÍ‹ŒŒL‹ŒL‹ŒMLŽŒŒLMÍËŒŒL‹ŒL‹ŒMLŽŒŒLMÎ‹ŒMÍ‹LKŒŽLŒL‹ŒL‹ŒMLŽŒŒLMÎKMŒÌLŒÌLŽŒLL‹ŒL‹ŒMLŽŒŒLN‹ŒŒÎNKLLLÌËL‹ŒL‹ŒMLŽŒŒLNKLKLNMÍ‹M‹ŽMŒNL‹L‹ŒL‹ŒMLŽŒŒLN‹MŒŒÎL‹LKMÍLN‹L‹ŒL‹ŒMLŽŒŒLNËLËŒŽMMLKŒŒŽ‹L‹ŒL‹ŒMLŽŒŒLNKŒÌLLŒNL‹ŒL‹ŒMLŽŒŒLNKLËŒLMŒ‹ŽMÌM‹L‹ŒL‹ŒMLŽŒŒLN‹L‹L‹ŒNÍLL‹L‹ŒL‹ŒMLŽŒŒLNËL‹ŒMŒMKMŒÎLËL‹ŒL‹ŒMLŽŒŒLNL‹ŽNLŒŒÌ‹LKŒÍÍML‹ŒL‹ŒMLŽŒŒLNKLKŽLML‹ŒLÌÌÍL‹ŒL‹ŒMLŽŒŒLNLLÌMÌ‹LKŒÍÍMÍ‹L‹ŒL‹ŒMLŽŒŒLNLKL‹ŒÎLL‹KŒMLŒM‹L‹ŒL‹ŒMLŽŒŒLNL‹ËŒMŒKLŽNNŒËL‹ŒL‹ŒMLŽŒŒLNLËLÍŽNLKŽLLÍNL‹ŒL‹ŒMLŽŒŒLNML‹ŒÍÍÍLKLŒÎMÍËL‹ŒL‹ŒMLŽŒŒLNMKLKMÍÌLNŽL‹ŒL‹ŒMLŽŒŒLNM‹ŽNŒŽLMÎL‹ŒL‹ŒMLŽŒŒLNMËL‹ŒŒÎNËŽMNËL‹ŒL‹ŒMLŽŒŒLNNKŒŒÎMLKLŽNL‹ŒL‹ŒMLŽŒŒLNNKLKŒŒNL‹ŒÎLÍL‹ŒL‹ŒMLŽŒŒLŒLËŒŒMÍÍËLKŒÍÍLËL‹ŒL‹ŒMLŽŒŒLŒKLŒÌŽNLNK‹MMMKL‹ŒL‹ŒMLŽŒŒLŒ‹‹ŒLŒNNËKŒŽLLÍKL‹ŒL‹ŒMLŽŒŒLŒËMÌÍLÎKLŒŽLMKL‹ŒL‹ŒMLŽŒŒLŒŒŒL‹ŒL‹ŒMLŽŒŒLŒKLLLLKŽMML‹ŒL‹ŒMLŽŒŒLŒ‹ŒŒL‹ŒL‹ŒMLŽŒŒLŒËLKNŒM‹KŒLLŽML‹ŒL‹ŒMLŽŒŒLŒŒŒL‹ŒL‹ŒMLŽŒŒLŒKŒŒL‹ŒL‹ŒMLŽŒŒLŒLŒŒL‹ŒL‹ŒMLŽŒŒLŒLKLÌÍÌKLËŽNMŒMËL‹ŒL‹ŒMLŽŒŒLŒL‹ŒŒL‹ŒL‹ŒMLŽŒŒLŒLËKŽNÌÌËËŒÍÌŒËL‹ŒL‹ŒMLŽŒŒLŒMŒŒL‹ŒL‹ŒMLŽŒŒLŒMKLKŒMÌÌÌ‹L‹ŒL‹ŒMLŽŒŒLŒM‹ŒŒL‹ŒL‹ŒMLŽŒŒLŒMËLŒŒŒMŽ‹LŒŽÌM‹L‹ŒL‹ŒMLŽŒŒLŒNLKŽLŒÌK‹ŒMŽËL‹ŒL‹ŒMLŽŒŒLŒNKLŽNMLNKŒMŒM‹L‹ŒL‹ŒMLŽŒŒLŒŒŒMŒŒMËLKŒŒÍÎŒKL‹ŒL‹ŒMLŽŒŒLŒŒKŒÍŽKLKŒMLŒŒËL‹ŒL‹ŒMLŽŒŒLŒŒ‹KŒŒÍŒËLŒŽMKL‹ŒL‹ŒMLŽŒŒLŒŒËŒMŒÍËLËÌŒŽKL‹ŒL‹ŒMLŽŒŒLŒL‹ŽMŽLKŒMŒÎNM‹L‹ŒL‹ŒMLŽŒŒLŒKŒÎMŽKŒÌÎLÌ‹L‹ŒL‹ŒMLŽŒŒLŒ‹KŽLÍŒKŒLÌÎNNKL‹ŒL‹ŒMLŽŒŒLŒËL‹ŽÍÌKLŒÌMŒKL‹ŒL‹ŒMLŽŒŒLŒŽ‹ÍÌÍŽLŒ‹L‹ŒL‹ŒMLŽŒŒLŒŽKLËŒŒÌËMKŽÍÎKL‹ŒL‹ŒMLŽŒŒLŒÌLKŒŒKKŽMNLËL‹ŒL‹ŒMLŽŒŒLŒÌKLMM‹‹ŽLLLÍL‹ŒL‹ŒMLŽŒŒLŒÌ‹ŒLŒÎMËKŒNNLKL‹ŒL‹ŒMLŽŒŒLŒÌËLŽÌÍÌŒŒL‹L‹ŒL‹ŒMLŽŒŒLŒÍKŒNÍMLKŒŒLL‹L‹ŒL‹ŒMLŽŒŒLŒÍKL‹ŒÍÍËL‹ŒLŽLËL‹ŒL‹ŒMLŽŒŒLŒÍ‹LKŽLNŽŒLMÌ‹L‹ŒL‹ŒMLŽŒŒLŒÍË‹ŽÎLËKŽŒÍMKL‹ŒL‹ŒMLŽŒŒLŒÎËÍMKLNMLKL‹ŒL‹ŒMLŽŒŒLŒÎKL‹ŒŒŒÌKLŒŒÎMKL‹ŒL‹ŒMLŽŒŒL‹ŽLÌÎKŒMÎËL‹ŒL‹ŒMLŽŒŒLKŒŒLÌKLŒÌKL‹ŒL‹ŒMLŽŒŒL‹LKLŒÌÍ‹KŽLÌÎÍ‹L‹ŒL‹ŒMLŽŒŒLËKŽMÍMKKMLÌËL‹ŒL‹ŒMLŽŒŒL‹MMKLÍÎLÍËL‹ŒL‹ŒMLŽŒŒLKLLNK‹LÌKL‹ŒL‹ŒMLŽŒŒL‹KŽMÍ‹LMMÌŒ‹L‹ŒL‹ŒMLŽŒŒLËKÌLML‹ŽLŽMM‹L‹ŒL‹ŒMLŽŒŒLŒÍÍËKŒNNMÌKL‹ŒL‹ŒMLŽŒŒLK‹ŒÌŒNN‹ËŽLMŽNLL‹ŒL‹ŒMLŽŒŒLLËŽÍŒŒKLŒËL‹ŒL‹ŒMLŽŒŒLLKLKŒÍŒMLÎŒÌÎL‹ŒL‹ŒMLŽŒŒLL‹KŒÍÍËL‹ÌÍKL‹ŒL‹ŒMLŽŒŒLLËŽNÍMLKŽMŒÎL‹ŒL‹ŒMLŽŒŒLMKŒLNL‹ËŽLŒŽL‹ŒL‹ŒMLŽŒŒLMKKŒLŽÌKÎŽML‹L‹ŒL‹ŒMLŽŒŒLM‹KLNNNKLŒÌMÍÌKL‹ŒL‹ŒMLŽŒŒLMËŒŒŽ‹ŒŽÎL‹ŒL‹ŒMLŽŒŒLN‹ŽÍLKLŒÍLMÌËL‹ŒL‹ŒMLŽŒŒLNKŽLMMŒŽLKŽLMŒÌL‹ŒL‹ŒMLŽŒŒLŒŒŽÍÍ‹ŒMÍNLL‹L‹ŒL‹ŒMLŽŒŒLŒKËŒÌLËŒKL‹ŒL‹ŒMLŽŒŒLŒ‹ŒÌŒKŒÌÍÌŒÍËL‹ŒL‹ŒMLŽŒŒLŒËKŒŽMŽËŒÍÍÎL‹ŒL‹ŒMLŽŒŒLŒŒMËL‹ŽNÌNLKL‹ŒL‹ŒMLŽŒŒLKKÍÍŒNKŒÎKL‹ŒL‹ŒMLŽŒŒL‹ŒÍÍKŽLÌÍŒ‹L‹ŒL‹ŒMLŽŒŒLËËŽMÍNŒÎÍ‹L‹ŒL‹ŒMLŽŒŒLŽËŒÎKŽMMÌ‹L‹ŒL‹ŒMLŽŒŒLŽKLŒLLŒŒË‹MLÍMËL‹ŒL‹ŒMLŽŒŒLÌŒÍLŒÌÎNNL‹ŒL‹ŒMLŽŒŒLÌKKŒNMŒ‹LKÍLÍML‹ŒL‹ŒMLŽŒŒLÌ‹ŒŒL‹ŒL‹ŒMLŽŒŒLÌËŒŒL‹ŒL‹ŒMLŽŒŒLÍÌNNLKŒNNLËL‹ŒL‹ŒMLŽŒŒLÍKL‹ŽÎMÌKLKŒŒMÎNKL‹ŒL‹ŒMLŽŒŒLÍ‹‹ŒÎNŽËLÎLÍMKL‹ŒL‹ŒMLŽŒŒLÍËLŽMÌÍÌM‹ŽŽNML‹ŒL‹ŒMLŽŒŒLÎMŒÎNMMML‹ŒLÍM‹L‹ŒL‹ŒMLŽŒŒLÎKLËŒÌŒÎKLKÍMËL‹ŒL‹ŒMLŽŒŒLŽŒLŒÍÍLKMÌ‹L‹ŒL‹ŒMLŽŒŒLŽKLËŒÍNMŽŒÌŒŽM‹L‹ŒL‹ŒMLŽŒŒLŽ‹KŒLÍLËL‹ŒŒÎÍKL‹ŒL‹ŒMLŽŒŒLŽËLKŽÌŒÌ‹MŒMÌÎL‹ŒL‹ŒMLŽŒŒLŽLËÌMKLKŽÌŒŒËL‹ŒL‹ŒMLŽŒŒLŽKLŽŒÌLNL‹ŒLÍNL‹ŒL‹ŒMLŽŒŒLŽ‹LNŒLKŒŒÎLL‹ŒL‹ŒMLŽŒŒLŽËLKÍNLKŒŒN‹L‹ŒL‹ŒMLŽŒŒLŽKŽÌLL‹ŒŒLL‹ŒL‹ŒMLŽŒŒLŽKLŽNÍÍ‹L‹ŒŒML‹ŒL‹ŒMLŽŒŒLŽLLKŽLËLŒÍMÍLKL‹ŒL‹ŒMLŽŒŒLŽLKLKŒMŒMÎLKMMM‹L‹ŒL‹ŒMLŽŒŒLŽL‹‹ŒÍMKŽNMML‹ŒL‹ŒMLŽŒŒLŽLËLŽMÍLËKŽŽKL‹ŒL‹ŒMLŽŒŒLŽMŒMMŽL‹L‹ŒŒLNL‹ŒL‹ŒMLŽŒŒLŽMKLKLÌÌ‹L‹ŒÍŒŽMÍ‹L‹ŒL‹ŒMLŽŒŒLŽM‹L‹ÎÌ‹LKŒÍÍLL‹ŒL‹ŒMLŽŒŒLŽMËLŽNLMŽ‹ŒŽML‹ŒL‹ŒMLŽŒŒLŽNKŒÍÎ‹NÍŒL‹ŒL‹ŒMLŽŒŒLŽNKMŒLŽKLŽÌÎKL‹ŒL‹ŒMLŽŒŒLÌMMMŒMKLKŒLMŒKL‹ŒL‹ŒMLŽŒŒLÌKLKŒÌŽ‹LËŒMŽMNL‹ŒL‹ŒMLŽŒŒLÌ‹LŒLŽMLKŒÍŽL‹ŒL‹ŒMLŽŒŒLÌËL‹ŒÍÍËLÌŒMËL‹ŒL‹ŒMLŽŒŒLÌŒŒL‹ŒL‹ŒMLŽŒŒLÌKLKLŒLNKŒMLÍKL‹ŒL‹ŒMLŽŒŒLÌ‹ŒŒL‹ŒL‹ŒMLŽŒŒLÌËLMÍÌËMKŒMÍŽKL‹ŒL‹ŒMLŽŒŒLÌŒŒL‹ŒL‹ŒMLŽŒŒLÌK‹ŒL‹LML‹ŒL‹ŒMLŽŒŒLÌLŒŒL‹ŒL‹ŒMLŽŒŒLÌLKL‹ŒNNMŽMLŒŽN‹L‹ŒL‹ŒMLŽŒŒLÌL‹‹LM‹LŒÍMŒÎL‹ŒL‹ŒMLŽŒŒLÌLËÌÌNLMML‹ŒL‹ŒMLŽŒŒLÌML‹ÌÎLKŒÌÍLÎL‹ŒL‹ŒMLŽŒŒLÌMKLKNLÍÌKLÌÌKL‹ŒL‹ŒMLŽŒŒLÌM‹ŽMLLÌËLKŒLÎÍKL‹ŒL‹ŒMLŽŒŒLÌMËLŽÍMMÎLËŒMÍ‹L‹ŒL‹ŒMLŽŒŒLÌNKŒÍLŒÌÍ‹L‹ŒL‹ŒMLŽŒŒLÌNKŒNLNL‹MŒL‹ŒL‹ŒMLŽŒŒLÌŒLËŒNLMLLKŒLŽNL‹ŒL‹ŒMLŽŒŒLÌŒKLŒŒNMÍÌÎL‹ŒL‹ŒMLŽŒŒLÌŒ‹ËŒLNŒ‹KŒŒNLÎLL‹ŒL‹ŒMLŽŒŒLÌŒËL‹LÌÌMÍËŒŒŒMËL‹ŒL‹ŒMLŽŒŒLÌËŒÍÌ‹KŒLŽ‹L‹ŒL‹ŒMLŽŒŒLÌKL‹MÍËMMËL‹ŒL‹ŒMLŽŒŒLÌ‹LKÎLŒŒKKŒÍLÍLKL‹ŒL‹ŒMLŽŒŒLÌËLÍ‹ËŒÌÌ‹L‹ŒL‹ŒMLŽŒŒLÌŽLÍŒMKŒÌNLMËL‹ŒL‹ŒMLŽŒŒLÌŽKLŽLLŒMÎŒNL‹L‹ŒL‹ŒMLŽŒŒLÌÌKŽMÌMKLKŒLMÌËL‹ŒL‹ŒMLŽŒŒLÌÌKLKÍÌLKŽNLNL‹ŒL‹ŒMLŽŒŒLÌÌ‹L‹ÍLNËLÎÌLŒKL‹ŒL‹ŒMLŽŒŒLÌÌËËŒŒÌŽŒ‹KŒÌŽL‹ŒL‹ŒMLŽŒŒLÌÍMÌ‹LŒLLÌML‹ŒL‹ŒMLŽŒŒLÌÍKL‹ŒLŽNNLŒÍŒMÍL‹ŒL‹ŒMLŽŒŒLÌÍ‹ËÍMLŽMÎM‹L‹ŒL‹ŒMLŽŒŒLÌÍËLŒŒNM‹L‹ŒL‹ŒMLŽŒŒLÌÎLKMŽÌ‹KŒNM‹L‹ŒL‹ŒMLŽŒŒLÌÎK‹ŒMÌÍÍKKÍLËL‹ŒL‹ŒMLŽŒŒLÍKŒÍÍLŒËLKŒŒMKL‹ŒL‹ŒMLŽŒŒLÍKLKŒÍMŽMKKŒÌŒÍLÍKL‹ŒL‹ŒMLŽŒŒLÍ‹‹ŒKLŒÎÌÍËL‹ŒL‹ŒMLŽŒŒLÍË‹ŒÍŒŒÌL‹ŽMNNÍL‹ŒL‹ŒMLŽŒŒLÍŒNMMÍKŽÌŒÎNKL‹ŒL‹ŒMLŽŒŒLÍK‹ŽŽNKËŽMŒÍKL‹ŒL‹ŒMLŽŒŒLÍ‹ËŽLŒŒŒLŒMLN‹L‹ŒL‹ŒMLŽŒŒLÍËLŒNLMÍË‹ŒÍLMÍËL‹ŒL‹ŒMLŽŒŒLÍLMŽKMŒMÍŒÌKL‹ŒL‹ŒMLŽŒŒLÍKKÍÍ‹LKÍÍÌM‹L‹ŒL‹ŒMLŽŒŒLÍLKŒLÌLŒËËŽŒÎKL‹ŒL‹ŒMLŽŒŒLÍLKŽLLMÍKŽLÎNLÌL‹ŒL‹ŒMLŽŒŒLÍL‹‹ŒLÌLÍKŒLÍÌÍÍKL‹ŒL‹ŒMLŽŒŒLÍLËŒŒŒÌNMKÌMÍ‹L‹ŒL‹ŒMLŽŒŒLÍM‹ŒÎLËLKŒLNKL‹ŒL‹ŒMLŽŒŒLÍMKKŒLŒNLKLÍÎL‹ŒL‹ŒMLŽŒŒLÍM‹ŒMLÌLLËŒMNŒKL‹ŒL‹ŒMLŽŒŒLÍMËŽNŒKŒÍL‹ŒL‹ŒMLŽŒŒLÍNKŒLKŽÎLŒKL‹ŒL‹ŒMLŽŒŒLÍNKKŒÍÎMŒËŒŒÌLNL‹ŒL‹ŒMLŽŒŒLÍŒËMÍÌŽNLKŽLŒÍMŒL‹ŒL‹ŒMLŽŒŒLÍŒKKÍŽNM‹LŒÎLMŽL‹ŒL‹ŒMLŽŒŒLÍŒ‹KŒMÌ‹ÍLLL‹ŒL‹ŒMLŽŒŒLÍŒËËŽNLÌLŽKŒMLŒÍŒ‹L‹ŒL‹ŒMLŽŒŒLÍËŒMKŽLÍÌL‹ŒL‹ŒMLŽŒŒLÍKKŒLÍËËŒÌMËL‹ŒL‹ŒMLŽŒŒLÍ‹KŒŽM‹KÍÌÌÌÍL‹ŒL‹ŒMLŽŒŒLÍËLŒÌŒMÌMKLKŒMÌLËL‹ŒL‹ŒMLŽŒŒLÍŽŒŒL‹ŒL‹ŒMLŽŒŒLÍŽKŒŒL‹ŒL‹ŒMLŽŒŒLÍÌŒŒL‹ŒL‹ŒMLŽŒŒLÍÌKŒŒL‹ŒL‹ŒMLŽŒŒLÍÌ‹ŒŒL‹ŒL‹ŒMLŽŒŒLÍÌËŒŒL‹ŒL‹ŒMLŽŒŒLÍÍŒŒL‹ŒL‹ŒMLŽŒŒLÍÍKŒŒL‹ŒL‹ŒMLŽŒŒLÍÍ‹ŒŒL‹ŒL‹ŒMLŽŒŒLÍÍËŒŒL‹ŒL‹ŒMLŽŒŒLÍÎŒŒL‹ŒL‹ŒMLŽŒŒLÍÎKŒŒL‹ŒL‹ŒMLŽŒŒLÎŒŒL‹ŒL‹ŒMLŽŒŒLÎKŒŒL‹ŒL‹ŒMLŽŒŒLÎ‹ŒŒL‹ŒL‹ŒMLŽŒŒLÎËŒŒL‹ŒL‹ŒMLŽŒŒLÎŒŒL‹ŒL‹ŒMLŽŒŒLÎKŒŒL‹ŒL‹ŒMLŽŒŒLÎ‹ŒŒL‹ŒL‹ŒMLŽŒŒLÎËŒŒL‹ŒL‹ŒMLŽŒŒLÎŒŒL‹ŒL‹ŒMLŽŒŒLÎKŒŒL‹ŒL‹ŒMLŽŒŒLÎLŒŒL‹ŒL‹ŒMLŽŒŒLÎLKŒŒL‹ŒL‹ŒMLŽŒŒLÎL‹ŒŒL‹ŒL‹ŒMLŽŒŒLÎLËŒŒL‹ŒL‹ŒMLŽŒŒLÎMŒŒL‹ŒL‹ŒMLŽŒŒLÎMKŒŒL‹ŒL‹ŒMLŽŒŒLÎM‹ŒŒL‹ŒL‹ŒMLŽŒŒLÎMËŒŒL‹ŒL‹ŒMLŽŒŒLÎNŒŒL‹ŒL‹ŒMLŽŒŒLÎNKŒŒL‹ŒL‹ŒMLŽŒŒLŽŒŒL‹ŒL‹ŒMLŽŒŒLŽKŒŒL‹ŒL‹ŒMLŽŒŒLŽ‹ŒŒL‹ŒL‹ŒMLŽŒŒLŽËŒŒL‹ŒL‹ŒMLŽŒŒLŽŒŒL‹ŒL‹ŒMLŽŒŒLŽKŒŒL‹ŒL‹ŒMLŽŒŒLŽ‹ŒŒL‹ŒL‹ŒMLŽŒŒLŽËŒŒL‹ŒL‹ŒMLŽŒŒLŽŒŒL‹ŒL‹ŒMLŽŒŒLŽKŒŒL‹ŒL‹ŒMLŽŒŒLŽLŒŒL‹ŒL‹ŒMLŽŒŒLŽLKŒŒL‹ŒL‹ŒMLŽŒŒLŽL‹ŒŒL‹ŒL‹ŒMLŽŒŒLŽLËŒŒL‹ŒL‹ŒMLŽŒŒLŽMŒŒL‹ŒL‹ŒMLŽŒŒLŽMKŒŒL‹ŒL‹ŒMLŽŒŒLŽM‹ŒŒL‹ŒL‹ŒMLŽŒŒLŽMËŒŒL‹ŒL‹ŒMLŽŒŒLŽNŒŒL‹ŒL‹ŒMLŽŒŒLŽNKŒŒL‹ŒL‹ŒMLŽŒŒLŽŒŒŒL‹ŒL‹ŒMLŽŒŒLŽŒKŒŒL‹ŒL‹ŒMLŽŒŒLŽŒ‹ŒŒL‹ŒL‹ŒMLŽŒŒLŽŒËŒŒL‹ŒL‹ŒMLŽŒŒLŽŒŒL‹ŒL‹ŒMLŽŒŒLŽKŒŒL‹ŒL‹ŒMLŽŒŒLŽ‹ŒŒL‹ŒL‹ŒMLŽŒŒLŽËŒŒL‹ŒL‹ŒMLŽŒŒLŽŽŒŒL‹ŒL‹ŒMLŽŒŒLŽŽKŒŒL‹ŒL‹ŒMLŽŒŒLŽÌŒŒL‹ŒL‹ŒMLŽŒŒLŽÌKŒŒL‹ŒL‹ŒMLŽŒŒLŽÌ‹ŒŒL‹ŒL‹ŒMLŽŒŒLŽÌËŒŒL‹ŒL‹ŒMLŽŒŒLŽÍŒŒL‹ŒL‹ŒMLŽŒŒLŽÍKŒŒL‹ŒL‹ŒMLŽŒŒLŽÍ‹ŒŒL‹ŒL‹ŒMLŽŒŒLŽÍËŒŒL‹ŒL‹ŒMLŽŒŒLŽÎŒŒL‹ŒL‹ŒMLŽŒŒLŽÎKŒŒL‹ŒL‹ŒMLŽŒŒLŽŒŒL‹ŒL‹ŒMLŽŒŒLŽKŒŒL‹ŒL‹ŒMLŽŒŒLŽ‹ŒŒL‹ŒL‹ŒMLŽŒŒLŽËŒŒL‹ŒL‹ŒMLŽŒŒLŽŒŒL‹ŒL‹ŒMLŽŒŒLŽKŒŒL‹ŒL‹ŒMLŽŒŒLŽ‹ŒŒL‹ŒL‹ŒMLŽŒŒLŽËŒŒL‹ŒL‹ŒMLŽŒŒLŽŒŒL‹ŒL‹ŒMLŽŒŒLŽKŒŒL‹ŒL‹ŒMLŽŒŒLŽLŒŒL‹ŒL‹ŒMLŽŒŒLŽLKŒŒL‹ŒL‹ŒMLŽŒŒLŽL‹ŒŒL‹ŒL‹ŒMLŽŒŒLŽLËŒŒL‹ŒL‹ŒMLŽŒŒLŽMŒŒL‹ŒL‹ŒMLŽŒŒLŽMKŒŒL‹ŒL‹ŒMLŽŒŒLŽM‹ŒŒL‹ŒL‹ŒMLŽŒŒLŽMËŒŒL‹ŒL‹ŒMLŽŒŒLŽNŒŒL‹ŒL‹ŒMLŽŒŒLŽNKŒŒL‹ŒL‹ŒMLŽŒŒLŽŒŒŒL‹ŒL‹ŒMLŽŒŒLŽŒKŒŒL‹ŒL‹ŒMLŽŒŒLŽŒ‹ŒŒL‹ŒL‹ŒMLŽŒŒLŽŒËŒŒL‹ŒL‹ŒMLŽŒŒLŽŒŒL‹ŒL‹ŒMLŽŒŒLŽKLKŒŒÍNKMŒMLKL‹ŒL‹ŒMLŽŒŒLŽ‹KŽMNNL‹ŒLNLL‹ŒL‹ŒMLŽŒŒLŽËMKŒÍŒÎLKL‹ŽLŽMËL‹ŒL‹ŒMLŽŒŒLŽŽKÌŒMLÍLKŒÍÎLÌ‹L‹ŒL‹ŒMLŽŒŒLŽŽKLKŒNM‹M‹MÌÌÌŽL‹ŒL‹ŒMLŽŒŒLŽÌMŒÌËL‹MÎŒKL‹ŒL‹ŒMLŽŒŒLŽÌKLËŒLNLLKLÌ‹L‹ŒL‹ŒMLŽŒŒLŽÌ‹KŒ‹ŒNMMÌL‹ŒL‹ŒMLŽŒŒLŽÌËLËŒŽNM‹ÌŒÍL‹ŒL‹ŒMLŽŒŒLŽÍKNŒŽLKŒÌLM‹L‹ŒL‹ŒMLŽŒŒLŽÍKLKŒŽŒŽKLËŒÎMLÍÍËL‹ŒL‹ŒMLŽŒŒLŽÍ‹LËŒNLMLŒKLKLMÍNNKL‹ŒL‹ŒMLŽŒŒLŽÍËLKÌMŒÌÌËLKŽNNKL‹ŒL‹ŒMLŽŒŒLŽÎŽMŒKLŒÍŒÍMÍËL‹ŒL‹ŒMLŽŒŒLŽÎKLKŽLÍMNKŒMLÍML‹ŒL‹ŒMLŽŒŒLŽKŽÎL‹LLÌL‹ŒL‹ŒMLŽŒŒLŽKÍËLKÍMŒŒËL‹ŒL‹ŒMLŽŒŒLŽ‹LŒÌMÍKŒÍMKL‹ŒL‹ŒMLŽŒŒLŽËLŽNLŽL‹LŽLÌ‹L‹ŒL‹ŒMLŽŒŒLŽKÍLËÍÍLËL‹ŒL‹ŒMLŽŒŒLŽKL‹ŒNNMKÌÍÍŒMËL‹ŒL‹ŒMLŽŒŒLŽ‹LMŽLÌKL‹ŽLNKL‹ŒL‹ŒMLŽŒŒLŽËLKŒÎMLKŽLMÍL‹ŒL‹ŒMLŽŒŒLŽL‹MŽÌKLÍMÌËL‹ŒL‹ŒMLŽŒŒLŽKLŒÎMŒŽ‹‹LŒL‹L‹ŒL‹ŒMLŽŒŒLŽL‹ŽKŽŽNML‹ŒL‹ŒMLŽŒŒLŽLKLËŽLMŒKLŒÎMKL‹ŒL‹ŒMLŽŒŒLŽL‹ŒŒL‹ŒL‹ŒMLŽŒŒLŽLËLŒMÎÌËLKŽÌLLËL‹ŒL‹ŒMLŽŒŒLŽMŒŒL‹ŒL‹ŒMLŽŒŒLŽMKLKÌÎ‹NMÌMÎL‹ŒL‹ŒMLŽŒŒLŽM‹ŒŒL‹ŒL‹ŒMLŽŒŒLŽMËLKŽLŽÍMËÍŒMÍKL‹ŒL‹ŒMLŽŒŒLŽNŒŒL‹ŒL‹ŒMLŽŒŒLŽNKLŒNNKMŒNKL‹ŒL‹ŒMLŽŒŒLŽLŒŒL‹ŒL‹ŒMLŽŒŒLŽLK‹ŒŽLMÌËÌŽLÍŒL‹ŒL‹ŒMLŽŒŒLŽL‹ŒŒL‹ŒL‹ŒMLŽŒŒLŽLËL‹ŒLŒŒMÌ‹LŒÎLŒL‹ŒL‹ŒMLŽŒŒLŽLŒŒL‹ŒL‹ŒMLŽŒŒLŽLKŒÎNL‹LÍÌMMÎL‹ŒL‹ŒMLŽŒŒLŽL‹ŒŒL‹ŒL‹ŒMLŽŒŒLŽLËL‹ŒŽN‹ŒŒŽÌL‹ŒL‹ŒMLŽŒŒLŽLKŒLÌM‹LKŒNÍL‹L‹ŒL‹ŒMLŽŒŒLŽLKLŒLÍÍÍKL‹LNÎËL‹ŒL‹ŒMLŽŒŒLŽLLKŽLMMKŽMÍMËL‹ŒL‹ŒMLŽŒŒLŽLLKKŒÌLÍÍL‹ÌÌMŽL‹ŒL‹ŒMLŽŒŒLŽLL‹LËŒÍMNLKLKLNÍKL‹ŒL‹ŒMLŽŒŒLŽLLËŒNLLŽKŒLÍŒLŒL‹ŒL‹ŒMLŽŒŒLŽLMËŒÍLNKKLŽŒNKL‹ŒL‹ŒMLŽŒŒLŽLMKLKŽLNKŒËL‹ŒL‹ŒMLŽŒŒLŽLM‹‹ÎMŒËŒÌÌËL‹ŒL‹ŒMLŽŒŒLŽLMËL‹ŽMNMKŒLŒMLL‹ŒL‹ŒMLŽŒŒLŽLNL‹ŒŒÌÎKŒÎML‹ŒL‹ŒMLŽŒŒLŽLNKLŽM‹ŽMLL‹ŒL‹ŒMLŽŒŒLŽLŒLŒÌÌŒŒMLM‹L‹ŒL‹ŒMLŽŒŒLŽLŒKLKŒLŽMKLŒLLÌKL‹ŒL‹ŒMLŽŒŒLŽLŒ‹‹MÍNNKLÍNËL‹ŒL‹ŒMLŽŒŒLŽLŒËL‹ŒMÍLËL‹ŒÌMNNKL‹ŒL‹ŒMLŽŒŒLŽLL‹ŒMMNKNMŽKL‹ŒL‹ŒMLŽŒŒLŽLK‹ÎÌ‹‹ŒMÎL‹ŒL‹ŒMLŽŒŒLŽL‹ËŽŒŽŒËLKŒNKL‹ŒL‹ŒMLŽŒŒLŽLËL‹LLÌ‹LLÎLÎL‹ŒL‹ŒMLŽŒŒLŽLŽËÌLMKŒNLŒŒL‹ŒL‹ŒMLŽŒŒLŽLŽKŒNMŒŒËMMËL‹ŒL‹ŒMLŽŒŒLŽLÌLKÌLŒÌËKŒŒŽMMKL‹ŒL‹ŒMLŽŒŒLŽLÌK‹ŒÍMŒK‹MÍÎËL‹ŒL‹ŒMLŽŒŒLŽLÌ‹‹ŒMŽL‹LKŒŽŽL‹ŒL‹ŒMLŽŒŒLŽLÌËLKŒŒÌK‹ŒNLLŽKL‹ŒL‹ŒMLŽŒŒLŽLÍKŒŒMLÌ‹LKMNL‹ŒL‹ŒMLŽŒŒLŽLÍK‹ŒÌMŽKLËŒNMKL‹ŒL‹ŒMLŽŒŒLŽLÍ‹LŒÍLL‹ŒMŒNMŒ‹L‹ŒL‹ŒMLŽŒŒLŽLÍËKÍLNËŒŽMMÌ‹L‹ŒL‹ŒMLŽŒŒLŽLÎËŽLMÎMKLŒMŒËL‹ŒL‹ŒMLŽŒŒLŽLÎKLŽMLËKŒNMËL‹ŒL‹ŒMLŽŒŒLŽMŽNMŒLËŒM‹L‹ŒL‹ŒMLŽŒŒLŽMKKŒLËLKŽŒLŽKL‹ŒL‹ŒMLŽŒŒLŽM‹KŒÌÍMKŒLLMŒËL‹ŒL‹ŒMLŽŒŒLŽMËLŒÍÌLËŽLMÍËL‹ŒL‹ŒMLŽŒŒLŽMKŽNLLLKŒŽLÍŽKL‹ŒL‹ŒMLŽŒŒLŽMKLŒÍMNNKŒLŒËL‹ŒL‹ŒMLŽŒŒLŽM‹ŒŽNL‹ÍŒLM‹L‹ŒL‹ŒMLŽŒŒLŽMËŽLŽËLKŒŽMÌŒËL‹ŒL‹ŒMLŽŒŒLŽMŽŽKKŒMMŒÌËL‹ŒL‹ŒMLŽŒŒLŽMKËÍMÍ‹ŒÌ‹L‹ŒL‹ŒMLŽŒŒLŽMLKŒÍÍÍÎKKŒÍÌŒŒËL‹ŒL‹ŒMLŽŒŒLŽMLKKŒÌŒMKËŒNMËL‹ŒL‹ŒMLŽŒŒLŽML‹ËMÍÍLKÍÌÍÌL‹ŒL‹ŒMLŽŒŒLŽMLËKLMÌN‹LŒŒLÍNL‹ŒL‹ŒMLŽŒŒLŽMMÍLÍMË‹LMÍÍËL‹ŒL‹ŒMLŽŒŒLŽMMK‹ŒMŒÍKŒÍÎMËL‹ŒL‹ŒMLŽŒŒLŽMM‹‹NLKŽŽL‹ŒL‹ŒMLŽŒŒLŽMMËLMÍKËMÍŒLKL‹ŒL‹ŒMLŽŒŒLŽMNËÌŽNMÎÍ‹L‹ŒL‹ŒMLŽŒŒLŽMNKÌNÍKLKLNKL‹ŒL‹ŒMLŽŒŒLŽMŒŒŒL‹ŒL‹ŒMLŽŒŒLŽMŒKŒŒL‹ŒL‹ŒMLŽŒŒLŽMŒ‹ŒŒL‹ŒL‹ŒMLŽŒŒLŽMŒËŒŒL‹ŒL‹ŒMLŽŒŒLŽM‹ŒÍÍÍŒËLMÌËL‹ŒL‹ŒMLŽŒŒLŽMKŒÌMÍŒL‹MKŒÍLNM‹L‹ŒL‹ŒMLŽŒŒLŽM‹MMNL‹ŒŽLL‹ŒL‹ŒMLŽŒŒLŽMËLËŒLMŒÌËLKMLKL‹ŒL‹ŒMLŽŒŒLŽMŽŽŒŽKLŒŽKL‹ŒL‹ŒMLŽŒŒLŽMŽKL‹ŽÍÎMLŒMŒL‹ŒL‹ŒMLŽŒŒLŽMÌKŒLMKLKŒNLËL‹ŒL‹ŒMLŽŒŒLŽMÌKLKMŒNMLËÎL‹ŒL‹ŒMLŽŒŒLŽMÌ‹LËÍŒÌ‹LKLÌL‹ŒL‹ŒMLŽŒŒLŽMÌËÎLŒÍÍŽL‹ŒL‹ŒMLŽŒŒLŽMÍMLÍL‹LŒŽÌ‹L‹ŒL‹ŒMLŽŒŒLŽMÍKLKMLN‹KŒÌŒMLL‹ŒL‹ŒMLŽŒŒLŽMÍ‹KŽMLKŒÎL‹L‹ŒL‹ŒMLŽŒŒLŽMÍËLŒÍŒLËLKMÌNLKL‹ŒL‹ŒMLŽŒŒLŽMÎL‹ŒÍÍ‹LMŒŒ‹L‹ŒL‹ŒMLŽŒŒLŽMÎKLKŒNLÍÌ‹L‹ŒL‹ŒMLŽŒŒLŽNKŒŒÍÍÍŒMLLML‹ŒL‹ŒMLŽŒŒLŽNKLKLÎMÌÍËMMLLËL‹ŒL‹ŒMLŽŒŒLŽN‹LŒNL‹L‹ŒÎL‹L‹ŒL‹ŒMLŽŒŒLŽNËLKŒMLÌLL‹ŒLŽL‹ŒL‹ŒMLŽŒŒLŽNLËŒŒŽMLKŽMÍL‹ŒL‹ŒMLŽŒŒLŽNKLKŒNMÌKKÍŒKL‹ŒL‹ŒMLŽŒŒLŽN‹‹NKŽNNL‹ŒL‹ŒMLŽŒŒLŽNËŒŒL‹ŒL‹ŒMLŽŒŒLŽNŽMÌKLKŒÌMŒLËL‹ŒL‹ŒMLŽŒŒLŽNKŒŒL‹ŒL‹ŒMLŽŒŒLŽNLŒŒL‹ŒL‹ŒMLŽŒŒLŽNLKŒŒL‹ŒL‹ŒMLŽŒŒLŽNL‹LŒÎMÍÌLÌL‹L‹ŒL‹ŒMLŽŒŒLŽNLËL‹ŒÍNML‹LŒŽ‹L‹ŒL‹ŒMLŽŒŒLŽNMLŒLNLËLKŒNLŒŽKL‹ŒL‹ŒMLŽŒŒLŽNMKLŽ‹MNNML‹ŒL‹ŒMLŽŒŒLŽNM‹L‹ŒÌMLËŒŒÍNMËL‹ŒL‹ŒMLŽŒŒLŽNMËKLŒÎK‹ŒŒÍMËL‹ŒL‹ŒMLŽŒŒLŽNN‹ŒŒÌÌÍËLŒMÌŒMËL‹ŒL‹ŒMLŽŒŒLŽNNKL‹ŒLMLŽLNLŒL‹ŒL‹ŒMLŽŒŒLÌ‹ŒÌLÍLŒMMÍ‹L‹ŒL‹ŒMLŽŒŒLÌKŽÎLŒÍKLMŒLKL‹ŒL‹ŒMLŽŒŒLÌ‹LËŒMŒÌMKŽMŒMŒËL‹ŒL‹ŒMLŽŒŒLÌËL‹ÎMŒËŒŒNLŽKL‹ŒL‹ŒMLŽŒŒLÌÌMÎLŒKLKŒŽMKL‹ŒL‹ŒMLŽŒŒLÌKLÍÍÎËL‹ŒMŒËL‹ŒL‹ŒMLŽŒŒLÌ‹‹ŒÍÌŒÍKŒÎKL‹ŒL‹ŒMLŽŒŒLÌËKLLNMŒ‹L‹NL‹ŒL‹ŒMLŽŒŒLÌLËŒÎŒŒËL‹ŒLÎLÌËL‹ŒL‹ŒMLŽŒŒLÌKLŒŒLŒLKŽŒËL‹ŒL‹ŒMLŽŒŒLÌL‹ÌËÎLLËL‹ŒL‹ŒMLŽŒŒLÌLKL‹ŒÍŒLÍKLËL‹ŒL‹ŒMLŽŒŒLÌL‹‹ŒLLLËŽÍÍÌËL‹ŒL‹ŒMLŽŒŒLÌLËL‹LMÎKMŽMMNLÎKL‹ŒL‹ŒMLŽŒŒLÌMLKÌŽKKŽLŒËL‹ŒL‹ŒMLŽŒŒLÌMKLKMÎM‹‹MLL‹ŒL‹ŒMLŽŒŒLÌM‹LŽNÌMËŒÌNLÎKL‹ŒL‹ŒMLŽŒŒLÌMËL‹ŒÍŒŒLKLŽŒLLËL‹ŒL‹ŒMLŽŒŒLÌN‹ÌMÍKLŒLÌÎKL‹ŒL‹ŒMLŽŒŒLÌNKLKŽMŒÌNL‹ŒŒŒÎL‹ŒL‹ŒMLŽŒŒLÌŒLKŒLŒKÌMLŒKL‹ŒL‹ŒMLŽŒŒLÌŒKËŒŽLKKŽMLËL‹ŒL‹ŒMLŽŒŒLÌŒ‹ŒLMLNŒŒLÎ‹L‹ŒL‹ŒMLŽŒŒLÌŒËLKŒÌKNMËL‹ŒL‹ŒMLŽŒŒLÌËŒÌÍNKŒLMÍŒKL‹ŒL‹ŒMLŽŒŒLÌKŒMÎLKÍŽLKL‹ŒL‹ŒMLŽŒŒLÌ‹LKNŽMËŽMMÍËL‹ŒL‹ŒMLŽŒŒLÌË‹ŒŒNŽNK‹ŒŒŽNNKL‹ŒL‹ŒMLŽŒŒLÌŽKŒNMLËLKŒŽMŒÍKL‹ŒL‹ŒMLŽŒŒLÌŽKLKMËKŽLËL‹ŒL‹ŒMLŽŒŒLÌÌKŽÍÌÌËLŽÌËL‹ŒL‹ŒMLŽŒŒLÌÌKKMLÍLËÍ‹L‹ŒL‹ŒMLŽŒŒLÌÌ‹LŒLŽLÌŽÍÌÌLL‹ŒL‹ŒMLŽŒŒLÌÌËKÎLÌŒËŒŽLMNL‹ŒL‹ŒMLŽŒŒLÌÍËŒÌŒLLKLMMKL‹ŒL‹ŒMLŽŒŒLÌÍKLÎMÎLËKŒLÌËL‹ŒL‹ŒMLŽŒŒLÌÍ‹KŒŽMMLËŒÌLLNL‹ŒL‹ŒMLŽŒŒLÌÍËKŽMÌNMLÎLŽ‹L‹ŒL‹ŒMLŽŒŒLÌÎŽNNLÍ‹ËÍN‹L‹ŒL‹ŒMLŽŒŒLÌÎK‹ŒLLMMMËËŒLÎKL‹ŒL‹ŒMLŽŒŒLÌËMŽMÍŒÍ‹L‹ŒL‹ŒMLŽŒŒLÌKŒNMMMKLÌNL‹ŒL‹ŒMLŽŒŒLÌ‹ËMMKŒMÎKL‹ŒL‹ŒMLŽŒŒLÌËKLLMKLMNNKL‹ŒL‹ŒMLŽŒŒLÌKŒMMÌÍKŽŒÍKL‹ŒL‹ŒMLŽŒŒLÌKËLÍN‹LŽL‹ŒL‹ŒMLŽŒŒLÌ‹‹ŒÌŒŽKŽNLÍÍËL‹ŒL‹ŒMLŽŒŒLÌËKŽNLŽËŽÍNL‹ŒL‹ŒMLŽŒŒLÌŒŒL‹ŒL‹ŒMLŽŒŒLÌKŒŒL‹ŒL‹ŒMLŽŒŒLÌLŒŒL‹ŒL‹ŒMLŽŒŒLÌLKŒŒL‹ŒL‹ŒMLŽŒŒLÌL‹ŒŒL‹ŒL‹ŒMLŽŒŒLÌLËŒŒL‹ŒL‹ŒMLŽŒŒLÌMŒŒL‹ŒL‹ŒMLŽŒŒLÌMKŒŒL‹ŒL‹ŒMLŽŒŒLÌM‹ŒŒL‹ŒL‹ŒMLŽŒŒLÌMËŒŒL‹ŒL‹ŒMLŽŒŒLÌNŒŒL‹ŒL‹ŒMLŽŒŒLÌNKMŒŽLÍ‹LKŒL‹ŒL‹ŒMLŽŒŒLÌŒKÌÎLŽLŽMLM‹L‹ŒL‹ŒMLŽŒŒLÌŒKLKŒÌÍÌLËM‹ŒŽËL‹ŒL‹ŒMLŽŒŒLÌŒ‹ŒŒL‹ŒL‹ŒMLŽŒŒLÌŒËLËŒŽLMÌ‹LKŒŒNMM‹L‹ŒL‹ŒMLŽŒŒLÌÎMÎMLŽŒÎMŒL‹ŒL‹ŒMLŽŒŒLÌKLËNŒKLŒLMÎKL‹ŒL‹ŒMLŽŒŒLÌ‹ŽNÌLKÍÍLŒ‹L‹ŒL‹ŒMLŽŒŒLÌËLKŽMLÌÍLËLËŽMÌÌLKL‹ŒL‹ŒMLŽŒŒLÌŽL‹ŽMÌŒMËLKMÌËL‹ŒL‹ŒMLŽŒŒLÌŽKLKLLL‹ŒLÌÌL‹ŒL‹ŒMLŽŒŒLÌÌLŒLÌŒÍKLÌÌÎKL‹ŒL‹ŒMLŽŒŒLÌÌKLKŽMÌÌKKŒÎMÌËL‹ŒL‹ŒMLŽŒŒLÌÌ‹KŽŒËL‹NNMKL‹ŒL‹ŒMLŽŒŒLÌÌËLMŒÍLKŽÍLL‹ŒL‹ŒMLŽŒŒLÌÍLŽLŒMŒÍKÍÌMËL‹ŒL‹ŒMLŽŒŒLÌÍKLKŒÌŽL‹LŽMNLÎ‹L‹ŒL‹ŒMLŽŒŒLÌÍ‹KNMŒK‹ŽMÍËL‹ŒL‹ŒMLŽŒŒLÌÍËLKŒÌKKŒŽÍŒŽKL‹ŒL‹ŒMLŽŒŒLÌÎLKŒMÍKL‹ŽLNMNËL‹ŒL‹ŒMLŽŒŒLÌÎKL‹ŒŽLËL‹ŒÍÍMKL‹ŒL‹ŒMLŽŒŒLÌL‹ŒÍML‹LŽMÍÍNL‹ŒL‹ŒMLŽŒŒLÌKLŒLÍÍNK‹NNŒÌKL‹ŒL‹ŒMLŽŒŒLÌ‹‹ŒLŽKKŒMKL‹ŒL‹ŒMLŽŒŒLÌËLËŒŒL‹ŒMŒLŽML‹ŒL‹ŒMLŽŒŒLÌŒŒL‹ŒL‹ŒMLŽŒŒLÌKŒÍMŒ‹LKÌMÌNL‹ŒL‹ŒMLŽŒŒLÌ‹ŒŒL‹ŒL‹ŒMLŽŒŒLÌËLKŒÍŽLÎNMÌM‹L‹ŒL‹ŒMLŽŒŒLÌŒŒL‹ŒL‹ŒMLŽŒŒLÌKŒŒL‹ŒL‹ŒMLŽŒŒLÌLŒŒL‹ŒL‹ŒMLŽŒŒLÌLKLÌNMËMNÎLËL‹ŒL‹ŒMLŽŒŒLÌL‹ŒŒL‹ŒL‹ŒMLŽŒŒLÌLËKŒLMKŽNMLŽL‹ŒL‹ŒMLŽŒŒLÌMŒŒL‹ŒL‹ŒMLŽŒŒLÌMKL‹ŒNLËLŒNLLMKL‹ŒL‹ŒMLŽŒŒLÌM‹ŒŒL‹ŒL‹ŒMLŽŒŒLÌMËKŒÌŒLÌNÌL‹ŒL‹ŒMLŽŒŒLÌNLKŒÍÍÍÍN‹ÎÍNL‹ŒL‹ŒMLŽŒŒLÌNKŒŒL‹ŒL‹ŒMLŽŒŒLÌLŽLÌÌŒNLÌMLLL‹ŒL‹ŒMLŽŒŒLÌLKŒŒL‹ŒL‹ŒMLŽŒŒLÌL‹ŒŒL‹ŒL‹ŒMLŽŒŒLÌLËŒŒL‹ŒL‹ŒMLŽŒŒLÌLL‹ŒŒMÌKLŒKL‹ŒL‹ŒMLŽŒŒLÌLKŽNË‹ŒMÍNKL‹ŒL‹ŒMLŽŒŒLÌL‹ŒŒÍNK‹ÍËL‹ŒL‹ŒMLŽŒŒLÌLËL‹MÎLŽŒÍÌL‹ŒL‹ŒMLŽŒŒLÌL‹ŽÍMNKKŒŒLMŒÍKL‹ŒL‹ŒMLŽŒŒLÌLKLKŒÍŒLM‹LËŽNÎ‹L‹ŒL‹ŒMLŽŒŒLÌLLLŽLL‹‹ŒÎMÍÌ‹L‹ŒL‹ŒMLŽŒŒLÌLLKLMMK‹ŽŒËL‹ŒL‹ŒMLŽŒŒLÌLL‹ŒŒÎKLÍNËL‹ŒL‹ŒMLŽŒŒLÌLLËLKM‹LŒÍLNL‹ŒL‹ŒMLŽŒŒLÌLMËÌÎLKŒŒÌÌÌKL‹ŒL‹ŒMLŽŒŒLÌLMKL‹ŒMMÎLËL‹ŒLÎLËL‹ŒL‹ŒMLŽŒŒLÌLM‹L‹ŒŽMKLŒÍÎMŽKL‹ŒL‹ŒMLŽŒŒLÌLMË‹ŒŽMLKKLŽËL‹ŒL‹ŒMLŽŒŒLÌLNËŒLŒŒLÌÌÎNLL‹ŒL‹ŒMLŽŒŒLÌLNKL‹ŒLLŒŽL‹LŒLLÌL‹ŒL‹ŒMLŽŒŒLÌLŒËŒŒÎMKŒLÌËL‹ŒL‹ŒMLŽŒŒLÌLŒKŽLÍL‹KŒLÌML‹ŒL‹ŒMLŽŒŒLÌLŒ‹LKŽMŒÎL‹ÌLLL‹ŒL‹ŒMLŽŒŒLÌLŒËKŽMLŽK‹ŒŒLKL‹ŒL‹ŒMLŽŒŒLÌLKŒÌÎÍKLKŒÍÌËL‹ŒL‹ŒMLŽŒŒLÌLKL‹ŒÍLMÎKŒLLŽL‹ŒL‹ŒMLŽŒŒLÌL‹KŒLMNLËLKŽMLÍÌNKL‹ŒL‹ŒMLŽŒŒLÌLË‹ŒÌMMŽM‹LËŒMŽNL‹ŒL‹ŒMLŽŒŒLÌLŽLLMŒÌÌŽLL‹ŒL‹ŒMLŽŒŒLÌLŽKKMËËŒNŒËL‹ŒL‹ŒMLŽŒŒLÌLÌËÍŽKLŒÌMÍKL‹ŒL‹ŒMLŽŒŒLÌLÌKLÌLÌÍÌKKLÌÍKL‹ŒL‹ŒMLŽŒŒLÌLÌ‹ŒNLNËLËŽMÎÌËL‹ŒL‹ŒMLŽŒŒLÌLÌËKÍLÌÌKLKMLËL‹ŒL‹ŒMLŽŒŒLÌLÍŽLÌŽËŽMÍL‹ŒL‹ŒMLŽŒŒLÌLÍKLŒŒŒNLL‹MÎŽL‹ŒL‹ŒMLŽŒŒLÌLÍ‹KŒMÌÍLLÎNNLL‹ŒL‹ŒMLŽŒŒLÌLÍËLLLLŽÍÎL‹ŒL‹ŒMLŽŒŒLÌLÎKÌLLKLNML‹ŒL‹ŒMLŽŒŒLÌLÎKÍŽNKLKŽNLMLËL‹ŒL‹ŒMLŽŒŒLÌMŒLM‹NLÎMÍ‹L‹ŒL‹ŒMLŽŒŒLÌMKŒMÍÍŒKŽLLMËL‹ŒL‹ŒMLŽŒŒLÌM‹ŒŒL‹ŒL‹ŒMLŽŒŒLÌMËŒŒL‹ŒL‹ŒMLŽŒŒLÌMLNLÍŒËLÍLMKL‹ŒL‹ŒMLŽŒŒLÌMK‹ŽŽNKŒLÌM‹L‹ŒL‹ŒMLŽŒŒLÌM‹ŽNMLŒ‹ŽL‹L‹ŒL‹ŒMLŽŒŒLÌMËŒŒL‹ŒL‹ŒMLŽŒŒLÌMËLLÎ‹LÌŒÌL‹ŒL‹ŒMLŽŒŒLÌMKŒŒL‹ŒL‹ŒMLŽŒŒLÌMLŒŒL‹ŒL‹ŒMLŽŒŒLÌMLKŒŒL‹ŒL‹ŒMLŽŒŒLÌML‹ŒŒL‹ŒL‹ŒMLŽŒŒLÌMLËLKŽMŽLŒŽNLLL‹ŒL‹ŒMLŽŒŒLÌMM‹ŒÎLÍÍLKMMŒÌ‹L‹ŒL‹ŒMLŽŒŒLÌMMKMKLÌŒL‹ÌÍMÍŽL‹ŒL‹ŒMLŽŒŒLÌMM‹KÌLÍÌ‹LKŒMŒŒÍ‹L‹ŒL‹ŒMLŽŒŒLÌMMËLŽLÎM‹M‹MN‹L‹ŒL‹ŒMLŽŒŒLÌMNMKŒMÍL‹ÍÍ‹L‹ŒL‹ŒMLŽŒŒLÌMNKLËŒMŒÌLŒKLKŒÌÌNKL‹ŒL‹ŒMLŽŒŒLÌMŒŒLNMKLŽŒNÎKL‹ŒL‹ŒMLŽŒŒLÌMŒKMŒŒÎLŒÌÍÎL‹ŒL‹ŒMLŽŒŒLÌMŒ‹ÍÌNLŒLKÌL‹ŒL‹ŒMLŽŒŒLÌMŒËLKŽLLN‹LËŽŒŽL‹L‹ŒL‹ŒMLŽŒŒLÌMLËŽMÍËLKŒÍMMÍËL‹ŒL‹ŒMLŽŒŒLÌMKLKŽŒL‹ŒMÌL‹ŒL‹ŒMLŽŒŒLÌM‹LŒMMMŒKLŽLLLMËL‹ŒL‹ŒMLŽŒŒLÌMËLKŽLŒËKMMLËL‹ŒL‹ŒMLŽŒŒLÌMŽKŒÍLÌKL‹LMŒËL‹ŒL‹ŒMLŽŒŒLÌMŽKLKLKÍÍÍŒKL‹ŒL‹ŒMLŽŒŒLÌMÌL‹ŒMÌMLŒM‹L‹ŒL‹ŒMLŽŒŒLÌMÌKLKŽNMNLKŒÍMŒÌ‹L‹ŒL‹ŒMLŽŒŒLÌMÌ‹NMKŒÍKL‹ŒL‹ŒMLŽŒŒLÌMÌËLKŒŽLLÎM‹ŽNÌL‹ŒL‹ŒMLŽŒŒLÌMÍLŒÌŽML‹MLÌŒŒL‹ŒL‹ŒMLŽŒŒLÌMÍKLŽMÌÎMLKÍMÎ‹L‹ŒL‹ŒMLŽŒŒLÌMÍ‹L‹ŽÎNKLËŒŽMNKL‹ŒL‹ŒMLŽŒŒLÌMÍËLŒÎŒ‹ŒNL‹L‹ŒL‹ŒMLŽŒŒLÌMÎKŒÍÎLŽLNLÎNL‹ŒL‹ŒMLŽŒŒLÌMÎKMŒŒŒËLÌÎKL‹ŒL‹ŒMLŽŒŒLÌNŒÌŒËLŒÌÍKL‹ŒL‹ŒMLŽŒŒLÌNKLKŒMŒŒLLËŒMÎMÍ‹L‹ŒL‹ŒMLŽŒŒLÌN‹LËŒÍÌKLÍMÌNKL‹ŒL‹ŒMLŽŒŒLÌNËŒŒL‹ŒL‹ŒMLŽŒŒLÌNLKŒNNLŒŒŒÍŽN‹L‹ŒL‹ŒMLŽŒŒLÌNKL‹ÎMLŒÌÍ‹L‹ŒL‹ŒMLŽŒŒLÌN‹LKŒMŒ‹L‹ŒÍŒML‹L‹ŒL‹ŒMLŽŒŒLÌNËLŽÌÌNMMLMLÍL‹ŒL‹ŒMLŽŒŒLÌNLKŒÌLLŒKKŒLÍLKL‹ŒL‹ŒMLŽŒŒLÌNKKŒÌMÌM‹ŒLÍNLL‹ŒL‹ŒMLŽŒŒLÌNL‹LMML‹LŒŽMÍL‹ŒL‹ŒMLŽŒŒLÌNLKLKÌNLÌËLŒMLŽKL‹ŒL‹ŒMLŽŒŒLÌNL‹KŽMÍÍMŒKLŽMNÎKL‹ŒL‹ŒMLŽŒŒLÌNLËKNNNLLŒMLLNML‹ŒL‹ŒMLŽŒŒLÌNML‹ŽÍŒËKNLÍKL‹ŒL‹ŒMLŽŒŒLÌNMKLKŽLŒKLŒLLÌLKL‹ŒL‹ŒMLŽŒŒLÌNM‹ŒÎLMLKLKLÍLËL‹ŒL‹ŒMLŽŒŒLÌNMËLŒMMMKL‹ŒLŒMÌKL‹ŒL‹ŒMLŽŒŒLÌNNKŽMÍÌËÍÍLLŒKL‹ŒL‹ŒMLŽŒŒLÌNNKŒÍNÍKLËŒLÎKL‹ŒL‹ŒMLŽŒŒLÌŒLËŒMÍLÍ‹LKMÍÎL‹ŒL‹ŒMLŽŒŒLÌŒKŽÍÍŒK‹ŒNKL‹ŒL‹ŒMLŽŒŒLÌŒ‹‹ŒMMÌÌÍŒŒNL‹ŒL‹ŒMLŽŒŒLÌŒËL‹ŽMŒMËŒŒŽMNKL‹ŒL‹ŒMLŽŒŒLÌŒËŒÌŽMÌËKŒLLÌËL‹ŒL‹ŒMLŽŒŒLÌŒKL‹ŒÎŒKMŽLÌKL‹ŒL‹ŒMLŽŒŒLÌŒ‹LKÌNMË‹ŒŽNMMÍKL‹ŒL‹ŒMLŽŒŒLÌŒËLŽLLMŒ‹ÌŒÍML‹ŒL‹ŒMLŽŒŒLÌŒLŒMNLL‹NMŒŽ‹L‹ŒL‹ŒMLŽŒŒLÌŒKLÌLL‹NÎŒL‹ŒL‹ŒMLŽŒŒLÌŒL‹ŽÍ‹ŒÌ‹L‹ŒL‹ŒMLŽŒŒLÌŒLKLKŽÍŒ‹LKÌMÎNM‹L‹ŒL‹ŒMLŽŒŒLÌŒL‹L‹ŒŽMŒŽLLŒŒNL‹ŒL‹ŒMLŽŒŒLÌŒLË‹NLKLŽLL‹ŒL‹ŒMLŽŒŒLÌŒMLŽÍKŒÌÍÌËL‹ŒL‹ŒMLŽŒŒLÌŒMKLKŒÎLLKŽÎNLKL‹ŒL‹ŒMLŽŒŒLÌŒM‹ËŽÎËKŒLKL‹ŒL‹ŒMLŽŒŒLÌŒMËŽLNMËŽÌÍMËL‹ŒL‹ŒMLŽŒŒLÌŒNLKŒMÎLNMKŒÌML‹ŒL‹ŒMLŽŒŒLÌŒNK‹ŒÍMÍÌ‹KŽŒÌÌ‹L‹ŒL‹ŒMLŽŒŒLÌŒŒ‹MÍÍÍLMN‹L‹ŒL‹ŒMLŽŒŒLÌŒŒKLKŒLÌŒŒKKÌMNKL‹ŒL‹ŒMLŽŒŒLÌŒŒ‹KLNLŽÌŽÍ‹L‹ŒL‹ŒMLŽŒŒLÌŒŒË‹ŒLËŽL‹ŒL‹ŒMLŽŒŒLÌŒKŒMÍÍÍŒKŽLLM‹L‹ŒL‹ŒMLŽŒŒLÌŒKKŽMŽËŽMŒ‹L‹ŒL‹ŒMLŽŒŒLÌŒ‹LÌMŒKMÎKL‹ŒL‹ŒMLŽŒŒLÌŒËLŽLŒM‹KŽMMMŒL‹ŒL‹ŒMLŽŒŒLÌŒŽKŒÍŽÎ‹L‹ŽNNM‹L‹ŒL‹ŒMLŽŒŒLÌŒŽKKLLLKLKŽLMMNKL‹ŒL‹ŒMLŽŒŒLÌŒÌ‹MŒMËŽŒLËL‹ŒL‹ŒMLŽŒŒLÌŒÌKLNLËKŽŽËL‹ŒL‹ŒMLŽŒŒLÌŒÌ‹‹NÌÌËŒÍMÌKL‹ŒL‹ŒMLŽŒŒLÌŒÌËLŒLMÎMËKMÎNLKL‹ŒL‹ŒMLŽŒŒLÌŒÍŒŽMMÌMËLLMÌËL‹ŒL‹ŒMLŽŒŒLÌŒÍKKŒMÌÎKLKŒÍŽKL‹ŒL‹ŒMLŽŒŒLÌŒÍ‹KŒNN‹ŽŽLML‹ŒL‹ŒMLŽŒŒLÌŒÍËMLŒÌKŒNLM‹L‹ŒL‹ŒMLŽŒŒLÌŒÎ‹LŒÌ‹‹MŒÌÌÍL‹ŒL‹ŒMLŽŒŒLÌŒÎK‹ŒMŒLËËLŒËL‹ŒL‹ŒMLŽŒŒLÌKŽLÌ‹LŒMÌÎLL‹ŒL‹ŒMLŽŒŒLÌKËMMM‹ŒNL‹ŒL‹ŒMLŽŒŒLÌ‹ŒŒL‹ŒL‹ŒMLŽŒŒLÌËŒÌÍÍNËKŒÌÍLÌKL‹ŒL‹ŒMLŽŒŒLÌŒŒL‹ŒL‹ŒMLŽŒŒLÌKN‹ÍLÌL‹ŒL‹ŒMLŽŒŒLÌ‹ŒŒL‹ŒL‹ŒMLŽŒŒLÌËŒŒL‹ŒL‹ŒMLŽŒŒLÌŒŽMMÌLŒŽMMÌL‹ŒL‹ŒMLŽŒŒLÌKLMÍŒŒ‹KŒMÍŒL‹ŒL‹ŒMLŽŒŒLÌLËŒLNMÍLÍLŒL‹ŒL‹ŒMLŽŒŒLÌLKMKNÌËL‹MKL‹ŒL‹ŒMLŽŒŒLÌL‹‹ŒÍÎLMLŽMÍŽL‹L‹ŒL‹ŒMLŽŒŒLÌLËLKŒÍMM‹M‹NNMMŒ‹L‹ŒL‹ŒMLŽŒŒLÌMMÍÎŒËL‹ÌMÎLÌËL‹ŒL‹ŒMLŽŒŒLÌMKL‹ŽMÎMŒM‹LKŒNÌM‹L‹ŒL‹ŒMLŽŒŒLÌM‹NMÌËLŒNLÎŽKL‹ŒL‹ŒMLŽŒŒLÌMËLËŒMŽKLŒÎMËL‹ŒL‹ŒMLŽŒŒLÌNKNNNLKŒMNL‹ŒL‹ŒMLŽŒŒLÌNKLKLMLÍËLËÎLNKL‹ŒL‹ŒMLŽŒŒLÌŒLËŒŒÌKLKŒÌLÌŒÌKL‹ŒL‹ŒMLŽŒŒLÌŒKLŽNNNNLKLNL‹L‹ŒL‹ŒMLŽŒŒLÌŒ‹LÌŒŒŽLKŒLŒ‹L‹ŒL‹ŒMLŽŒŒLÌŒËŽŽLÍNËÍÎÌL‹ŒL‹ŒMLŽŒŒLÌKŒM‹L‹ŒLLÌL‹ŒL‹ŒMLŽŒŒLÌKLŽLŒMËL‹ÍMNMËL‹ŒL‹ŒMLŽŒŒLÌ‹LKŽMMLKŒŒËL‹ŒL‹ŒMLŽŒŒLÌËLKŒLÌÎLM‹LKŒNMŒŽL‹ŒL‹ŒMLŽŒŒLÌŽKŒÍÍÌŒÌLÌL‹ŒL‹ŒMLŽŒŒLÌŽKLKÌMLÍKŒNMLL‹ŒL‹ŒMLŽŒŒLÌÌŒÎLL‹ŽL‹L‹ŒL‹ŒMLŽŒŒLÌÌKLKNLŒLËL‹ÌŒËL‹ŒL‹ŒMLŽŒŒLÌÌ‹LËÍÍÍ‹LKŒŒŒL‹L‹ŒL‹ŒMLŽŒŒLÌÌËLŽNMLMMËKŽLLËL‹ŒL‹ŒMLŽŒŒLÌÍKLMÍMKNLKL‹ŒL‹ŒMLŽŒŒLÌÍKMŒNLLKŒÍŒLL‹ŒL‹ŒMLŽŒŒLÌÍ‹ŽMÌNÎKLKŒÌMNMLKL‹ŒL‹ŒMLŽŒŒLÌÍËLŽLŒŽM‹LËŒLLM‹L‹ŒL‹ŒMLŽŒŒLÌÎŒŒL‹ŒL‹ŒMLŽŒŒLÌÎKL‹LÍÍÌKLŒÌÍŒËL‹ŒL‹ŒMLŽŒŒLÌŽŒŒL‹ŒL‹ŒMLŽŒŒLÌŽKLKÎŒMÌ‹ŒÌ‹L‹ŒL‹ŒMLŽŒŒLÌŽ‹ŒŒL‹ŒL‹ŒMLŽŒŒLÌŽËLŽN‹MLNLL‹ŒL‹ŒMLŽŒŒLÌŽŒŒL‹ŒL‹ŒMLŽŒŒLÌŽKKŒŒŒ‹ŒNL‹L‹ŒL‹ŒMLŽŒŒLÌŽ‹ŒŒL‹ŒL‹ŒMLŽŒŒLÌŽËLKŽNMÍÌ‹LŒŒLL‹ŒL‹ŒMLŽŒŒLÌŽŒŒL‹ŒL‹ŒMLŽŒŒLÌŽKKŒMÌŒËLŒÍÍNËL‹ŒL‹ŒMLŽŒŒLÌŽLL‹ŽÌMÌÌKKŒŒŒNMKL‹ŒL‹ŒMLŽŒŒLÌŽLKLKÌËŒÍŽKL‹ŒL‹ŒMLŽŒŒLÌŽL‹ŒÎM‹LKŽNMŒLL‹ŒL‹ŒMLŽŒŒLÌŽLËLŒÎÍÎKL‹ŒŒÍLÌKL‹ŒL‹ŒMLŽŒŒLÌŽMKŽMÎNMËŒŽKL‹ŒL‹ŒMLŽŒŒLÌŽMKÌLÍKLËMŒLŒËL‹ŒL‹ŒMLŽŒŒLÌŽM‹LËŒÍÌŒKLKŒŒÍLËL‹ŒL‹ŒMLŽŒŒLÌŽMËÍŒŽ‹KNLLŒÌ‹L‹ŒL‹ŒMLŽŒŒLÌŽNÌÌLKŒŽLL‹ŒL‹ŒMLŽŒŒLÌŽNKMŽLÌMMÍËL‹ŒŒÎLNMKL‹ŒL‹ŒMLŽŒŒLÌÌËŒLÍŽLKŒÎNMLL‹ŒL‹ŒMLŽŒŒLÌÌKL‹ŒÎN‹MKŒÌLL‹ŒL‹ŒMLŽŒŒLÌÌ‹L‹ŒŽMKÍLŒ‹L‹ŒL‹ŒMLŽŒŒLÌÌËLLÍM‹‹ŽMMNL‹ŒL‹ŒMLŽŒŒLÌÌLŒŽMKŒLÍËL‹ŒL‹ŒMLŽŒŒLÌÌKLKŒÍÍÍLŒMMMŒ‹L‹ŒL‹ŒMLŽŒŒLÌÌ‹‹NLLM‹LŒNN‹L‹ŒL‹ŒMLŽŒŒLÌÌËLŽLÎLÍKLKŽÎKL‹ŒL‹ŒMLŽŒŒLÌÌLKMMÌ‹NŽL‹ŒL‹ŒMLŽŒŒLÌÌKËŒÌNLKŽÎNNL‹ŒL‹ŒMLŽŒŒLÌÌLËŽŒÍLLLŒLL‹ŒL‹ŒMLŽŒŒLÌÌLKNMLÌÌKŽLÍÎNL‹ŒL‹ŒMLŽŒŒLÌÌL‹KŽLNËŒÌLŽL‹ŒL‹ŒMLŽŒŒLÌÌLËŽÎÍ‹ŒÍÍ‹L‹ŒL‹ŒMLŽŒŒLÌÌMLŒLŽKKÌŒMŒÌËL‹ŒL‹ŒMLŽŒŒLÌÌMKËŒÍN‹ŽÍL‹ŒL‹ŒMLŽŒŒLÌÌM‹KÍÎKLKŒNLÍËL‹ŒL‹ŒMLŽŒŒLÌÌMËLŽLNNNK‹ŽLÌŒKL‹ŒL‹ŒMLŽŒŒLÌÌNKÎLŽ‹LKŒÍÎL‹L‹ŒL‹ŒMLŽŒŒLÌÌNK‹MŒÌÌÎL‹ŽŒŽL‹ŒL‹ŒMLŽŒŒLÌÌŒLŽÌÌ‹LŒÍLÌL‹ŒL‹ŒMLŽŒŒLÌÌŒKŽÎM‹ŽNL‹ŒL‹ŒMLŽŒŒLÌÌŒ‹‹ŒMNMLKŒŒŒNML‹ŒL‹ŒMLŽŒŒLÌÌŒËLŽMŒÍËLÍNKL‹ŒL‹ŒMLŽŒŒLÌÌKŽLŒÍ‹L‹Í‹L‹ŒL‹ŒMLŽŒŒLÌÌK‹ŒŒLŒLL‹LKŒLMÌL‹L‹ŒL‹ŒMLŽŒŒLÌÌ‹KŒÎLÍ‹ËÍŒL‹L‹ŒL‹ŒMLŽŒŒLÌÌËKŽLNMŒ‹ÌÍŒÌL‹ŒL‹ŒMLŽŒŒLÌÌŽËŒMÍŒ‹ÍMML‹ŒL‹ŒMLŽŒŒLÌÌŽKŽMÍKŽÍMML‹ŒL‹ŒMLŽŒŒLÌÌÌËŒNMMËLŒÌŽMŽMËL‹ŒL‹ŒMLŽŒŒLÌÌÌKKŽLŽLKLŽMMÌÍKL‹ŒL‹ŒMLŽŒŒLÌÌÌ‹KLÍKKÍMÌKL‹ŒL‹ŒMLŽŒŒLÌÌÌËLŽKŽŒÍÌLËL‹ŒL‹ŒMLŽŒŒLÌÌÍMKÌÌNNKL‹ŒL‹ŒMLŽŒŒLÌÌÍKËŒLLŒŒ‹ŽMÌML‹ŒL‹ŒMLŽŒŒLÌÌÍ‹LLLMKŒMÌŒ‹L‹ŒL‹ŒMLŽŒŒLÌÌÍË‹ŒÍLMŒ‹ŒLŒÍÍŽL‹ŒL‹ŒMLŽŒŒLÌÌÎŽMÎMM‹LLLL‹ŒL‹ŒMLŽŒŒLÌÌÎKËŒÌ‹ŒÍÎMLÎL‹ŒL‹ŒMLŽŒŒLÌÍ‹NÍŽKŒMŒ‹L‹ŒL‹ŒMLŽŒŒLÌÍKŽÌLÎKËKL‹ŒL‹ŒMLŽŒŒLÌÍ‹ŒŒL‹ŒL‹ŒMLŽŒŒLÌÍËŽLMLŒÍËLKLÍÌKL‹ŒL‹ŒMLŽŒŒLÌÍŒŒL‹ŒL‹ŒMLŽŒŒLÌÍKL‹ŒLLÍKMŒKL‹ŒL‹ŒMLŽŒŒLÌÍ‹‹ŒMŒKLKÌLÍKL‹ŒL‹ŒMLŽŒŒLÌÍËMKMLNÍL‹LŽML‹ŒL‹ŒMLŽŒŒLÌÍKÎÌNKLKÎKL‹ŒL‹ŒMLŽŒŒLÌÍKLŽÍÎKMKŽMMËL‹ŒL‹ŒMLŽŒŒLÌÍLMŽMMLMËL‹MÌËL‹ŒL‹ŒMLŽŒŒLÌÍLKL‹NMÌKLŽŒŒŒŒKL‹ŒL‹ŒMLŽŒŒLÌÍL‹‹ŒŒŒËKŒMLŒŒËL‹ŒL‹ŒMLŽŒŒLÌÍLËLËŒÍLMËŽMKL‹ŒL‹ŒMLŽŒŒLÌÍMKŒŒML‹LKLŒL‹L‹ŒL‹ŒMLŽŒŒLÌÍMKLKŒLŽN‹LËÍÌŒŽ‹L‹ŒL‹ŒMLŽŒŒLÌÍM‹LËŒÍÍM‹LKŒÍ‹L‹ŒL‹ŒMLŽŒŒLÌÍMËLKŒÎLMËLKŽLÍÍËL‹ŒL‹ŒMLŽŒŒLÌÍNŽNMÎ‹LŽÍML‹ŒL‹ŒMLŽŒŒLÌÍNKLKŒÎÎMËKŒÌŒMMKL‹ŒL‹ŒMLŽŒŒLÌÍŒKNMLÎLKŽLŽ‹L‹ŒL‹ŒMLŽŒŒLÌÍŒKLKŒLMLÍL‹ML‹L‹ŒL‹ŒMLŽŒŒLÌÍŒ‹LKLLÍNŒMÍLLL‹ŒL‹ŒMLŽŒŒLÌÍŒËLKÎNLKLKŒLŽKL‹ŒL‹ŒMLŽŒŒLÌÍKŒŒÍŒÌ‹ÌÌL‹ŒL‹ŒMLŽŒŒLÌÍKL‹ŒÌÌÍNŒNLMÎML‹ŒL‹ŒMLŽŒŒLÌÍ‹LŒMNKL‹ŽŒÎËL‹ŒL‹ŒMLŽŒŒLÌÍËLKŒÍ‹LKŽÌŒML‹ŒL‹ŒMLŽŒŒLÌÍŽL‹ŽLÍNLŽNŒL‹ŒL‹ŒMLŽŒŒLÌÍŽKLŒÍÎMËKŽNLNÌKL‹ŒL‹ŒMLŽŒŒLÌÍÌ‹ŒLLLËKŒMÎLKL‹ŒL‹ŒMLŽŒŒLÌÍÌKMŒLMÌ‹LÍÌŒŒ‹L‹ŒL‹ŒMLŽŒŒLÌÍÌ‹KŽMMÎLLŒÌŽL‹ŒL‹ŒMLŽŒŒLÌÍÌËŒŒL‹ŒL‹ŒMLŽŒŒLÌÍÍL‹MMKLŒÌŒNKL‹ŒL‹ŒMLŽŒŒLÌÍÍKLKŽMÌLKŒMÌKL‹ŒL‹ŒMLŽŒŒLÌÍÍ‹LLÎKÎÎKL‹ŒL‹ŒMLŽŒŒLÌÍÍËL‹ŒŒLNMËLŒLÌÎMKL‹ŒL‹ŒMLŽŒŒLÌÍÎLŽLMÍL‹LÍÌ‹L‹ŒL‹ŒMLŽŒŒLÌÍÎKLÌÍKMKŒLMLNKL‹ŒL‹ŒMLŽŒŒLÌÎL‹ŒKŽLÌLÌKL‹ŒL‹ŒMLŽŒŒLÌÎKKŒŒÌÌÍË‹ŒLLŒMÎKL‹ŒL‹ŒMLŽŒŒLÌÎ‹‹ŒÍŽLÌËLŒÌÌKL‹ŒL‹ŒMLŽŒŒLÌÎËL‹ŒÌŽLËLÌKL‹ŒL‹ŒMLŽŒŒLÌÎ‹ŒŒMÌMKLÍŒŽKL‹ŒL‹ŒMLŽŒŒLÌÎKŽŒŒÎLŒNMÎL‹ŒL‹ŒMLŽŒŒLÌÎ‹L‹ŒÌÍŒÌKKMËL‹ŒL‹ŒMLŽŒŒLÌÎËLKÍÎNŒLLMÌ‹L‹ŒL‹ŒMLŽŒŒLÌÎŒLLŽKLKŽÎLÍÌËL‹ŒL‹ŒMLŽŒŒLÌÎKŒÍÌÍËLKNNËL‹ŒL‹ŒMLŽŒŒLÌÎLKŽLŽMÍ‹LLMŒ‹L‹ŒL‹ŒMLŽŒŒLÌÎLKŒŽKLËNMNMËL‹ŒL‹ŒMLŽŒŒLÌÎL‹LKMN‹ÎLML‹ŒL‹ŒMLŽŒŒLÌÎLËŒMLKŒŽŽNL‹ŒL‹ŒMLŽŒŒLÌÎMËŒNMÌ‹ŽNLNL‹ŒL‹ŒMLŽŒŒLÌÎMKL‹MÍ‹ŒNMMŽL‹ŒL‹ŒMLŽŒŒLÌÎM‹‹NMÍMKŒŒÍMM‹L‹ŒL‹ŒMLŽŒŒLÌÎMËL‹ŒŽŒ‹MÍŒÌÍŒ‹L‹ŒL‹ŒMLŽŒŒLÌÎNLKŽKŽÍŒÌL‹ŒL‹ŒMLŽŒŒLÌÎNKLÌŒË‹MÎËL‹ŒL‹ŒMLŽŒŒLÍŒNÌLŒKLŒLLËL‹ŒL‹ŒMLŽŒŒLÍKLKLÌNMKLŽLLMLËL‹ŒL‹ŒMLŽŒŒLÍ‹‹ŒLÌKŒÍMÍKL‹ŒL‹ŒMLŽŒŒLÍËLKÌMMLKŽNML‹L‹ŒL‹ŒMLŽŒŒLÍLKÌLMŒ‹LŒŽNLL‹ŒL‹ŒMLŽŒŒLÍK‹ŒMÌN‹KÌŒN‹L‹ŒL‹ŒMLŽŒŒLÍ‹ËÎMŒ‹LŒL‹ŒL‹ŒMLŽŒŒLÍËLKŒÍŽNKNLŒMKL‹ŒL‹ŒMLŽŒŒLÍËŽMMLLŽLÎLÍÌL‹ŒL‹ŒMLŽŒŒLÍKŒLŽLÍ‹ŒÍÌÌL‹ŒL‹ŒMLŽŒŒLÍLLKŒÍŒÌ‹KŒŒÌ‹L‹ŒL‹ŒMLŽŒŒLÍLKKŽÌÍKLŒ‹L‹ŒL‹ŒMLŽŒŒLÍL‹KŽLÍŒLËLKŒŒÌÍËL‹ŒL‹ŒMLŽŒŒLÍLËLKŒŒÌÌÌ‹‹ŒŒMÍL‹ŒL‹ŒMLŽŒŒLÍMŽMKLKLŒÍËL‹ŒL‹ŒMLŽŒŒLÍMK‹ŒÌL‹L‹ÎLNM‹L‹ŒL‹ŒMLŽŒŒLÍM‹LMÍŒŽKKL‹ŒL‹ŒMLŽŒŒLÍMË‹ŒMŒKËŒÌÍŒKL‹ŒL‹ŒMLŽŒŒLÍNËŒÍLNLŒÎLNLL‹ŒL‹ŒMLŽŒŒLÍNKLÌÌŒÎKLŒ‹L‹ŒL‹ŒMLŽŒŒLÍŒKLL‹MLLŽL‹ŒL‹ŒMLŽŒŒLÍŒKKÌŒŒÌ‹LKLML‹L‹ŒL‹ŒMLŽŒŒLÍŒ‹‹ŒÍKÎMKL‹ŒL‹ŒMLŽŒŒLÍŒËLMŽM‹ŽLÍL‹ŒL‹ŒMLŽŒŒLÍ‹LÌŽLKŒLŽŒËL‹ŒL‹ŒMLŽŒŒLÍKLMMŽLŽMLLÍL‹ŒL‹ŒMLŽŒŒLÍ‹‹ÌÎL‹LŒÍÌÌL‹ŒL‹ŒMLŽŒŒLÍËMÎMLÍ‹LKMÍMÎL‹L‹ŒL‹ŒMLŽŒŒLÍŽKŒLLKKŒŒŒKL‹ŒL‹ŒMLŽŒŒLÍŽKÍÎNLKŒÍŒÌNM‹L‹ŒL‹ŒMLŽŒŒLÍÌÍŒŒKÌLŒËL‹ŒL‹ŒMLŽŒŒLÍÌKÌÎŒ‹‹ŒÍÎÎML‹ŒL‹ŒMLŽŒŒLÍÌ‹ËŽMÌŒLKŽŽM‹L‹ŒL‹ŒMLŽŒŒLÍÌË‹ŒLÎŽKŒÌŽMËL‹ŒL‹ŒMLŽŒŒLÍÍŽLMÎKŽÍÎL‹ŒL‹ŒMLŽŒŒLÍÍKŒÍŽKKŒNKL‹ŒL‹ŒMLŽŒŒLÍÍ‹ŒŒL‹ŒL‹ŒMLŽŒŒLÍÍËKŽLLÌM‹ŽLÍL‹L‹ŒL‹ŒMLŽŒŒLÍÎŒŒL‹ŒL‹ŒMLŽŒŒLÍÎK‹ÌÍŒLKLŒŽÌKL‹ŒL‹ŒMLŽŒŒLÍŒŒL‹ŒL‹ŒMLŽŒŒLÍKLËŽMLMŒMŒÌMÎL‹ŒL‹ŒMLŽŒŒLÍ‹‹ŒMÍ‹LMÎL‹ŒL‹ŒMLŽŒŒLÍËŒŒL‹ŒL‹ŒMLŽŒŒLÍ‹ŒŒNNKLÍÍÎNLKL‹ŒL‹ŒMLŽŒŒLÍKL‹ŽNMŽMËÌNÌLL‹ŒL‹ŒMLŽŒŒLÍ‹MŒŒÍLŒKLŽMŒMËL‹ŒL‹ŒMLŽŒŒLÍËLËŒÎMÍLKÎ‹L‹ŒL‹ŒMLŽŒŒLÍŽMÌKŒÎLËL‹ŒL‹ŒMLŽŒŒLÍKMŒŽNMÎLŒÍMLL‹ŒL‹ŒMLŽŒŒLÍL‹ÎÍMËŒMLKL‹ŒL‹ŒMLŽŒŒLÍLKL‹ŒÎLÎNMKMMLÎNKL‹ŒL‹ŒMLŽŒŒLÍL‹L‹ÍMNLŽNNL‹ŒL‹ŒMLŽŒŒLÍLËL‹ŒMMMÎL‹ÎMŒM‹L‹ŒL‹ŒMLŽŒŒLÍMŽLÎÍËLMÌÌKL‹ŒL‹ŒMLŽŒŒLÍMKLKŒŽLŒKKŽÎMŒKL‹ŒL‹ŒMLŽŒŒLÍM‹‹ŒÌNLŒËLKŽÌËL‹ŒL‹ŒMLŽŒŒLÍMËLKŒŽLÌÌ‹L‹ŽLL‹L‹ŒL‹ŒMLŽŒŒLÍNLKŽNMMKŒŒÎMÍKL‹ŒL‹ŒMLŽŒŒLÍNKLËŒÍÍMMKLKŽMÎLNLËL‹ŒL‹ŒMLŽŒŒLÍŒŒLLŒNLLKŒLÌÍ‹L‹ŒL‹ŒMLŽŒŒLÍŒKL‹ÍMÍËŒŽNKL‹ŒL‹ŒMLŽŒŒLÍŒ‹LKŒÍŽŒ‹MNMML‹ŒL‹ŒMLŽŒŒLÍŒËL‹MÌŒL‹ÎLML‹ŒL‹ŒMLŽŒŒLÍMŒLMLNMËL‹ŒKL‹ŒL‹ŒMLŽŒŒLÍKLKŽLKŽÍËL‹ŒL‹ŒMLŽŒŒLÍ‹ŽNLÌMLÍMMML‹ŒL‹ŒMLŽŒŒLÍËLËŽLŽLLLÍÎÍ‹L‹ŒL‹ŒMLŽŒŒLÍŽŽMMMÍKLLNMKL‹ŒL‹ŒMLŽŒŒLÍŽKKŒLŒÍKLŽLÍÎLËL‹ŒL‹ŒMLŽŒŒLÍÌLËŽÎKLKŽMLŒLKL‹ŒL‹ŒMLŽŒŒLÍÌKL‹ŒŒMLKŽŒL‹ŒL‹ŒMLŽŒŒLÍÌ‹L‹ŽMÎMMLKÌMŽNL‹ŒL‹ŒMLŽŒŒLÍÌËL‹ÌŒÍKLŒŒLËL‹ŒL‹ŒMLŽŒŒLÍÍLËŒÎNNMLKMŽÌLKL‹ŒL‹ŒMLŽŒŒLÍÍKL‹ŒLLNM‹MŒ‹L‹ŒL‹ŒMLŽŒŒLÍÍ‹MŒLÍLML‹ŒLLÍÌ‹L‹ŒL‹ŒMLŽŒŒLÍÍËLLNÍÎLÎNL‹L‹ŒL‹ŒMLŽŒŒLÍÎŒMMÌËL‹ŽMÌMKL‹ŒL‹ŒMLŽŒŒLÍÎKLKŽLL‹L‹ŒLÌNML‹ŒL‹ŒMLŽŒŒLÍŒMÍMÌ‹LKŒÌŽMNM‹L‹ŒL‹ŒMLŽŒŒLÍKLKŒŽËLËŒÍŒMLËL‹ŒL‹ŒMLŽŒŒLÍ‹ŒŒL‹ŒL‹ŒMLŽŒŒLÍËŒŒL‹ŒL‹ŒMLŽŒŒLÍKŒMLŽKL‹ŽLNLMKL‹ŒL‹ŒMLŽŒŒLÍKŒLMÌL‹ŒML‹ŒL‹ŒMLŽŒŒLÍ‹‹ŒÍMŒL‹LŒŽNLL‹ŒL‹ŒMLŽŒŒLÍËŽMÌLMŒLÌÎŒL‹ŒL‹ŒMLŽŒŒLÍMŒLKLËŒLŒLKL‹ŒL‹ŒMLŽŒŒLÍKLLÌŒKLŒÎLKL‹ŒL‹ŒMLŽŒŒLÍLËÎNÌËKNLLÍKL‹ŒL‹ŒMLŽŒŒLÍLKL‹ŒMŽLÌKKŒÌÍMËL‹ŒL‹ŒMLŽŒŒLÍL‹‹ŒÍÍMÌKMÍMËL‹ŒL‹ŒMLŽŒŒLÍLËMŒÍMM‹MËŒŽÍL‹ŒL‹ŒMLŽŒŒLÍMŒŒL‹ŒL‹ŒMLŽŒŒLÍMKËŽMÍŒŒK‹LMKL‹ŒL‹ŒMLŽŒŒLÍM‹ŒŒL‹ŒL‹ŒMLŽŒŒLÍMËŒŽNM‹ŒLLÍLML‹ŒL‹ŒMLŽŒŒLÍNŒŒL‹ŒL‹ŒMLŽŒŒLÍNKKŒÍÌÎKŒMŽLŽL‹ŒL‹ŒMLŽŒŒLÍLŒŒL‹ŒL‹ŒMLŽŒŒLÍLK‹ŒMNMLŒ‹KŒLMŒŽL‹ŒL‹ŒMLŽŒŒLÍL‹ŒŒL‹ŒL‹ŒMLŽŒŒLÍLËŒNNL‹KŒÎLLŽL‹ŒL‹ŒMLŽŒŒLÍLŒŒL‹ŒL‹ŒMLŽŒŒLÍLKŒŒL‹ŒL‹ŒMLŽŒŒLÍL‹ŒŒL‹ŒL‹ŒMLŽŒŒLÍLËËŒÍŽMNKËŒMŒËL‹ŒL‹ŒMLŽŒŒLÍLŒÍNMM‹L‹ŽMLŽL‹ŒL‹ŒMLŽŒŒLÍLKKŒMLŒËŽMÍŽL‹ŒL‹ŒMLŽŒŒLÍLLKÍÍÍŽKLNNLKL‹ŒL‹ŒMLŽŒŒLÍLLKŒŒMLÌKLŒÌNMMËL‹ŒL‹ŒMLŽŒŒLÍLL‹KŒŒŽMŒË‹ŒÍMÌÌËL‹ŒL‹ŒMLŽŒŒLÍLLËKŽŒÎL‹ËŒŒÍMÌL‹ŒL‹ŒMLŽŒŒLÍLMŒÍMŒL‹KŒÌÍNL‹ŒL‹ŒMLŽŒŒLÍLMKLŒŽÎ‹ŒMMŒL‹ŒL‹ŒMLŽŒŒLÍLM‹ŒŒL‹ŒL‹ŒMLŽŒŒLÍLMË‹ŒŒŽNLËLŽMŽKL‹ŒL‹ŒMLŽŒŒLÍLNLLMKKLLÍËL‹ŒL‹ŒMLŽŒŒLÍLNKËLŒÎMËËŽLMÍËL‹ŒL‹ŒMLŽŒŒLÍLŒ‹ŽLÍNLŽNL‹ŒL‹ŒMLŽŒŒLÍLŒKŽMÌÌK‹ŒÍMNMKL‹ŒL‹ŒMLŽŒŒLÍLŒ‹ŒŒL‹ŒL‹ŒMLŽŒŒLÍLŒËMMÎMËLKÍMËL‹ŒL‹ŒMLŽŒŒLÍLŒÎLLNKLŒÌŒËL‹ŒL‹ŒMLŽŒŒLÍLK‹NNM‹‹ŽLŽLML‹ŒL‹ŒMLŽŒŒLÍL‹LÍŽMËÌÌLÍËL‹ŒL‹ŒMLŽŒŒLÍLËŒÌNKŒLÎL‹ŒL‹ŒMLŽŒŒLÍLŽŒŒL‹ŒL‹ŒMLŽŒŒLÍLŽKËŒMLÍÌ‹KŽMNM‹L‹ŒL‹ŒMLŽŒŒLÍLÌ‹LËMÍŽLL‹ŒL‹ŒMLŽŒŒLÍLÌKËŒÌÌÌËŒÍMÌKL‹ŒL‹ŒMLŽŒŒLÍLÌ‹ÍL‹LÍL‹L‹ŒL‹ŒMLŽŒŒLÍLÌËËŽLM‹ŽÍÌ‹L‹ŒL‹ŒMLŽŒŒLÍLÍKŒLÎ‹LKŒLÎ‹L‹ŒL‹ŒMLŽŒŒLÍLÍKŽMŒKLŽMŒKL‹ŒL‹ŒMLŽŒŒLÍLÍ‹ŒŒL‹ŒL‹ŒMLŽŒŒLÍLÍËŒŒL‹ŒL‹ŒMLŽŒŒLÍLÎŒŒL‹ŒL‹ŒMLŽŒŒLÍLÎKŒŒL‹ŒL‹ŒMLŽŒŒLÍM‹MLKŒLŽNNL‹ŒL‹ŒMLŽŒŒLÍMKLN‹M‹ŒÍÌÍL‹ŒL‹ŒMLŽŒŒLÍM‹MKŒÍMLËÍÍ‹L‹ŒL‹ŒMLŽŒŒLÍMËLËŒÎLÎNKLKŒŽLŒKL‹ŒL‹ŒMLŽŒŒLÍMÍŒÌ‹LŒŒN‹L‹ŒL‹ŒMLŽŒŒLÍMKMŒŽKLŒŒŒÍÍKL‹ŒL‹ŒMLŽŒŒLÍM‹ŒŽLŽML‹LL‹ŒL‹ŒMLŽŒŒLÍMËLKÌMKLËŽÎKL‹ŒL‹ŒMLŽŒŒLÍMMŒŒMËL‹ŽMMMNKL‹ŒL‹ŒMLŽŒŒLÍMKL‹ŒLL‹NMÌL‹ŒL‹ŒMLŽŒŒLÍMLLŒÍÍKLKLŽÍNKL‹ŒL‹ŒMLŽŒŒLÍMLKLKŽLÍNKKÍÌËL‹ŒL‹ŒMLŽŒŒLÍML‹LL‹LËŒŒNLŽL‹ŒL‹ŒMLŽŒŒLÍMLËLKLŒMKLËŒMŽMLŒKL‹ŒL‹ŒMLŽŒŒLÍMML‹ŽMÎNMËLKŒLÌLKL‹ŒL‹ŒMLŽŒŒLÍMMKLKÍÍMÌLKÍÌ‹L‹ŒL‹ŒMLŽŒŒLÍMM‹KŽLŒNM‹ŽNL‹ŒL‹ŒMLŽŒŒLÍMMËL‹ŒLNKLŒŒLŽNKL‹ŒL‹ŒMLŽŒŒLÍMNLŽLMKLËŒLŒLKL‹ŒL‹ŒMLŽŒŒLÍMNKLKŒÌÎN‹L‹ŒMÍL‹ŒL‹ŒMLŽŒŒLÍMŒŒŒL‹ŒL‹ŒMLŽŒŒLÍMŒKËŒMMMËKŒÌÌÍŒÍKL‹ŒL‹ŒMLŽŒŒLÍMŒ‹ŽNLÎŒMÌÍŒM‹L‹ŒL‹ŒMLŽŒŒLÍMŒËLËÌMMËLŽMNKL‹ŒL‹ŒMLŽŒŒLÍMŒLÎLKÌŽNÍL‹ŒL‹ŒMLŽŒŒLÍMK‹ŒÍMŽËŒMËL‹ŒL‹ŒMLŽŒŒLÍM‹ËŒÍŽNKŒÌNLLŒL‹ŒL‹ŒMLŽŒŒLÍMËLÎÍ‹KŽÍMÍÍL‹ŒL‹ŒMLŽŒŒLÍMŽŒMÌLÍ‹ŽŒŒÍÍL‹ŒL‹ŒMLŽŒŒLÍMŽKŒŒL‹ŒL‹ŒMLŽŒŒLÍMÌLŒÎLML‹MNNMÌL‹ŒL‹ŒMLŽŒŒLÍMÌKL‹ŒÌM‹MKŽMMŽL‹ŒL‹ŒMLŽŒŒLÍMÌ‹LËŒLŒÌËLÍLËL‹ŒL‹ŒMLŽŒŒLÍMÌËŒMNËKŒÎLŽLËL‹ŒL‹ŒMLŽŒŒLÍMÍKŒÌÍLLKMÎL‹ŒL‹ŒMLŽŒŒLÍMÍKL‹ŒÌŒMÍËLKŒÎNKL‹ŒL‹ŒMLŽŒŒLÍMÍ‹KŒÌLKŽLML‹ŒL‹ŒMLŽŒŒLÍMÍËLŒN‹LKŽMŒLNL‹ŒL‹ŒMLŽŒŒLÍMÎLËMŒŽKŒMÌÍÌËL‹ŒL‹ŒMLŽŒŒLÍMÎKL‹ŽNLÎLKŒÎÌ‹L‹ŒL‹ŒMLŽŒŒLÍNLMLL‹ÎMLL‹ŒL‹ŒMLŽŒŒLÍNKLKNMNLËÍLMÎL‹ŒL‹ŒMLŽŒŒLÍN‹ŒŒLLMÍ‹LKLÎMŒL‹ŒL‹ŒMLŽŒŒLÍNËLÍMNËMŽNÎLLKL‹ŒL‹ŒMLŽŒŒLÍNL‹ŒŒNÌKLÍMNKL‹ŒL‹ŒMLŽŒŒLÍNKÌKŽNLÌŒËL‹ŒL‹ŒMLŽŒŒLÍN‹‹ŒÌMŒŒML‹ŒL‹ŒMLŽŒŒLÍNËLÌÌÍ‹ŒMNM‹L‹ŒL‹ŒMLŽŒŒLÍN‹ÍÌŒËŒŒÍKL‹ŒL‹ŒMLŽŒŒLÍNKLËŒËMKLMÎNMKL‹ŒL‹ŒMLŽŒŒLÍNLL‹ŒMŽËKŒÍMÍËL‹ŒL‹ŒMLŽŒŒLÍNLKLŒMŒMËŒŽLL‹ŒL‹ŒMLŽŒŒLÍNL‹ŒÌLŽNKŒÌÍMKL‹ŒL‹ŒMLŽŒŒLÍNLËLKŒMÍŽLLMŒŒL‹ŒL‹ŒMLŽŒŒLÍNMËŒÌÌÎLNLŒLŽNL‹ŒL‹ŒMLŽŒŒLÍNMKLKŒŒLÌÌLKÍÍÍNL‹ŒL‹ŒMLŽŒŒLÍNM‹ŒŒL‹ŒL‹ŒMLŽŒŒLÍNMËŒŒL‹ŒL‹ŒMLŽŒŒLÍNNŒŒL‹ŒL‹ŒMLŽŒŒLÍNNKŒŒL‹ŒL‹ŒMLŽŒŒLÍŒŒŒL‹ŒL‹ŒMLŽŒŒLÍŒKŒŒL‹ŒL‹ŒMLŽŒŒLÍŒ‹ŒŒL‹ŒL‹ŒMLŽŒŒLÍŒËŒŒL‹ŒL‹ŒMLŽŒŒLÍŒLÌŽLŒ‹ŒNŒÎNL‹ŒL‹ŒMLŽŒŒLÍŒKLŒÍLLÎK‹ŒNLMÍKL‹ŒL‹ŒMLŽŒŒLÍŒ‹KŽÍÍÎLLŽNLŒL‹ŒL‹ŒMLŽŒŒLÍŒËKŽLLNLLËŒMÍ‹L‹ŒL‹ŒMLŽŒŒLÍŒŽLÍNKKŒŽNMÌËL‹ŒL‹ŒMLŽŒŒLÍŒK‹ŒÌŽŽËŽNŒM‹L‹ŒL‹ŒMLŽŒŒLÍŒLŒÌÌÍML‹L‹ŒL‹ŒMLŽŒŒLÍŒLKŒŒL‹ŒL‹ŒMLŽŒŒLÍŒL‹KLÌL‹ÍMŒÌ‹L‹ŒL‹ŒMLŽŒŒLÍŒLËKÎMÌL‹LKŽMÌL‹ŒL‹ŒMLŽŒŒLÍŒMKŽŒÌËËÍÌNKL‹ŒL‹ŒMLŽŒŒLÍŒMKŒLNLKÍMKL‹ŒL‹ŒMLŽŒŒLÍŒM‹‹LLKŒÌNLŽLKL‹ŒL‹ŒMLŽŒŒLÍŒMËLKŒŒŒŒÌŒ‹L‹ŒL‹ŒMLŽŒŒLÍŒNKNNMŽËLKŽLŒËL‹ŒL‹ŒMLŽŒŒLÍŒNKKŒNMŒŒKLKŒŒLKL‹ŒL‹ŒMLŽŒŒLÍŒŒŽNNKŽÌÌKL‹ŒL‹ŒMLŽŒŒLÍŒŒK‹ÍMLÌKËLÌMŒKL‹ŒL‹ŒMLŽŒŒLÍŒŒ‹KŒNMËLËL‹ŒL‹ŒMLŽŒŒLÍŒŒËMMN‹ŒMML‹ŒL‹ŒMLŽŒŒLÍŒŒMNKLKLÍÌKL‹ŒL‹ŒMLŽŒŒLÍŒKŽÌMLKŒLŽLL‹ŒL‹ŒMLŽŒŒLÍŒ‹ŒŒL‹ŒL‹ŒMLŽŒŒLÍŒË‹ŽÍÎËLÌL‹ŒL‹ŒMLŽŒŒLÍŒŽŒŒL‹ŒL‹ŒMLŽŒŒLÍŒŽKMÌŒŒËŒÌŒÌÍL‹ŒL‹ŒMLŽŒŒLÍŒÌŒŒL‹ŒL‹ŒMLŽŒŒLÍŒÌKŒŒL‹ŒL‹ŒMLŽŒŒLÍŒÌ‹ŒŒL‹ŒL‹ŒMLŽŒŒLÍŒÌËLŽNLNLŽLNL‹ŒL‹ŒMLŽŒŒLÍŒÍKŽLKLKÌLŽMËL‹ŒL‹ŒMLŽŒŒLÍŒÍKMŽLÍŽKL‹ŒÌÎKL‹ŒL‹ŒMLŽŒŒLÍŒÍ‹KŽMŒÍMKLŽNLÌŒKL‹ŒL‹ŒMLŽŒŒLÍŒÍËLKŒŽLMLËM‹ÍÍKL‹ŒL‹ŒMLŽŒŒLÍŒÎMLÎNLËLKŽNMËL‹ŒL‹ŒMLŽŒŒLÍŒÎKLËNLKŒÎNL‹ŒL‹ŒMLŽŒŒLÍÌÌLŒËLŽLŒÍKL‹ŒL‹ŒMLŽŒŒLÍKL‹ŽMÌLLËŒÌÌÌÎKL‹ŒL‹ŒMLŽŒŒLÍ‹KŒËLKNŒŒŽKL‹ŒL‹ŒMLŽŒŒLÍËLKŽŒÌLËŒÌLŒL‹ŒL‹ŒMLŽŒŒLÍL‹ŽMÍLKŒMÌÌLŒL‹ŒL‹ŒMLŽŒŒLÍKLKÎÌÍ‹LKÌÍŒÌ‹L‹ŒL‹ŒMLŽŒŒLÍ‹LÍNLŽMMM‹L‹ŒL‹ŒMLŽŒŒLÍËLKŒNÌŒKKŽLNLKL‹ŒL‹ŒMLŽŒŒLÍKLLÌËL‹ŒÍÍŒÍËL‹ŒL‹ŒMLŽŒŒLÍKLLŒL‹LKŽMMÍ‹L‹ŒL‹ŒMLŽŒŒLÍLLKŒÎNÍKLŒLŒËL‹ŒL‹ŒMLŽŒŒLÍLKLKŒÎLM‹LŽLÌ‹L‹ŒL‹ŒMLŽŒŒLÍL‹ŽLLÍMÎKLNLNKL‹ŒL‹ŒMLŽŒŒLÍLËL‹MŒMËŒLÍNLÌKL‹ŒL‹ŒMLŽŒŒLÍMLŽÌMLÎL‹ŽMNÎL‹ŒL‹ŒMLŽŒŒLÍMKLKŒLŒÍÍLLKŽLMÎM‹L‹ŒL‹ŒMLŽŒŒLÍM‹LËŒLÎL‹L‹ŒŒÌNL‹ŒL‹ŒMLŽŒŒLÍMËLÌŽLÎKKŽŽMÌMKL‹ŒL‹ŒMLŽŒŒLÍN‹ŒLŽLŒKŒŽÍŒL‹ŒL‹ŒMLŽŒŒLÍNKLËŽMÌÌŒKLŒÎMMËL‹ŒL‹ŒMLŽŒŒLÍŒŽMLNLKŒŒ‹L‹ŒL‹ŒMLŽŒŒLÍŒKŒŒÌÎËLKÎMMËL‹ŒL‹ŒMLŽŒŒLÍŒ‹ŒŒL‹ŒL‹ŒMLŽŒŒLÍŒËL‹ŒLÍMÍKLŒÎNËL‹ŒL‹ŒMLŽŒŒLÍŒŒL‹ŒL‹ŒMLŽŒŒLÍKLÍÎMËKŒÍËL‹ŒL‹ŒMLŽŒŒLÍ‹ŒŒL‹ŒL‹ŒMLŽŒŒLÍËLŽŒ‹MŒML‹ŒL‹ŒMLŽŒŒLÍŽŒŒL‹ŒL‹ŒMLŽŒŒLÍŽK‹ŒLMÌ‹ËŒŒLÌL‹ŒL‹ŒMLŽŒŒLÍÌŒŒL‹ŒL‹ŒMLŽŒŒLÍÌKLKNMLŒŒN‹L‹ŒL‹ŒMLŽŒŒLÍÌ‹KŒNÎÌ‹KŽLÌNMÎL‹ŒL‹ŒMLŽŒŒLÍÌËŽMÎMLŒŒÍÍL‹ŒL‹ŒMLŽŒŒLÍÍLKŽMMŽËKŽLŒÍKL‹ŒL‹ŒMLŽŒŒLÍÍKLKM‹NMÌL‹ŒL‹ŒMLŽŒŒLÍÍ‹NÍKLKŽLMŒËL‹ŒL‹ŒMLŽŒŒLÍÍËLNM‹L‹ŒÍŒŒL‹L‹ŒL‹ŒMLŽŒŒLÍÎKŒÌNÍÌLŒÌL‹ŒL‹ŒMLŽŒŒLÍÎKŒÌŒMÍMLËŒŒÎL‹ŒL‹ŒMLŽŒŒLÍŽL‹ŽNNLMÎKLKLÌŒËL‹ŒL‹ŒMLŽŒŒLÍŽKLŒÌLËŽNMMLKL‹ŒL‹ŒMLŽŒŒLÍŽ‹ËŒMÌŽMÍŒLL‹ŒL‹ŒMLŽŒŒLÍŽËL‹ŒMŒMMÌLŒMNL‹ŒL‹ŒMLŽŒŒLÍŽËŒŒMÍNŽMLŒ‹L‹ŒL‹ŒMLŽŒŒLÍŽKL‹ŒL‹MKŒŽ‹L‹ŒL‹ŒMLŽŒŒLÍŽ‹LKŽÎMŒMËKMKL‹ŒL‹ŒMLŽŒŒLÍŽËLKLÌŽKŒŒÌÌ‹L‹ŒL‹ŒMLŽŒŒLÍŽLŽNNKLŒÌMÍËL‹ŒL‹ŒMLŽŒŒLÍŽKLÍNMËŒÍÎMKL‹ŒL‹ŒMLŽŒŒLÍŽL‹ŒLM‹LŽLL‹L‹ŒL‹ŒMLŽŒŒLÍŽLKLKÎNMËLKŽŽNËL‹ŒL‹ŒMLŽŒŒLÍŽL‹LKŽNNLŒLKŒŒLŽKL‹ŒL‹ŒMLŽŒŒLÍŽLË‹ÎLKKLŒÍÌMËL‹ŒL‹ŒMLŽŒŒLÍŽMŒLNLËLŒŒLLKL‹ŒL‹ŒMLŽŒŒLÍŽMKL‹ŒLÍNNMËLŒŽËL‹ŒL‹ŒMLŽŒŒLÍŽM‹ËMÎNLÌËŒLNNËL‹ŒL‹ŒMLŽŒŒLÍŽMËNNMŒŒŒŒÍÎ‹L‹ŒL‹ŒMLŽŒŒLÍŽNLKŒÎNNMËKŒLÌNKL‹ŒL‹ŒMLŽŒŒLÍŽNK‹ŒÍËKÍŒÌMËL‹ŒL‹ŒMLŽŒŒLÍÌ‹ŽLŒÌM‹L‹ŒL‹ŒMLŽŒŒLÍÌKLŒLÎÍ‹ŒMLM‹L‹ŒL‹ŒMLŽŒŒLÍÌ‹MÍLÎM‹L‹ŒMŒN‹L‹ŒL‹ŒMLŽŒŒLÍÌË‹ŒÌÎ‹L‹ŒNÌ‹L‹ŒL‹ŒMLŽŒŒLÍÌŒŒL‹ŒL‹ŒMLŽŒŒLÍÌK‹ŒŒÌŽLÌËËŒLKL‹ŒL‹ŒMLŽŒŒLÍÌ‹‹ÌMËLŽŒÎLŽKL‹ŒL‹ŒMLŽŒŒLÍÌËLÌKKŽMŒNKL‹ŒL‹ŒMLŽŒŒLÍÌŽLŒÌÍKLËŒÍŒMKL‹ŒL‹ŒMLŽŒŒLÍÌKKŽLLÌ‹LKŒÌLÌÌ‹L‹ŒL‹ŒMLŽŒŒLÍÌLŒŒL‹ŒL‹ŒMLŽŒŒLÍÌLKLMKŒÌM‹L‹ŒL‹ŒMLŽŒŒLÍÌL‹‹ŒÍMÌŒŒLLŒ‹L‹ŒL‹ŒMLŽŒŒLÍÌLËLÍMMKÌŽŽML‹ŒL‹ŒMLŽŒŒLÍÌM‹ŽNNM‹LÎLLL‹ŒL‹ŒMLŽŒŒLÍÌMKKŒÍŒÍŒÎKLKŒMMKL‹ŒL‹ŒMLŽŒŒLÍÌM‹KŽŽMKKŒMÍLLËL‹ŒL‹ŒMLŽŒŒLÍÌMËËŽÎL‹NNLL‹ŒL‹ŒMLŽŒŒLÍÌNKŒLŒŒMKŒMÍML‹ŒL‹ŒMLŽŒŒLÍÌNKKŒŒLÍŒ‹ŽMŒNL‹ŒL‹ŒMLŽŒŒLÍÌŒÎLŽLKLÌÍMMËL‹ŒL‹ŒMLŽŒŒLÍÌŒK‹MËLŒMÍKL‹ŒL‹ŒMLŽŒŒLÍÌŒ‹NNMÍK‹ÌÎKL‹ŒL‹ŒMLŽŒŒLÍÌŒËŒŒL‹ŒL‹ŒMLŽŒŒLÍÌLÎK‹ŒLMKL‹ŒL‹ŒMLŽŒŒLÍÌKŒŒL‹ŒL‹ŒMLŽŒŒLÍÌ‹KÌŒMŽLË‹MMMKL‹ŒL‹ŒMLŽŒŒLÍÌËKŒLMMML‹ŒLŒÌÎL‹ŒL‹ŒMLŽŒŒLÍÌŽŒŽMKLŒŽMKL‹ŒL‹ŒMLŽŒŒLÍÌŽKLŒÌÎLÍKKŒLÌÎLKL‹ŒL‹ŒMLŽŒŒLÍÌÌKŒMNNË‹ÍLMÍËL‹ŒL‹ŒMLŽŒŒLÍÌÌKMKŽÌMMLËŒÌLL‹ŒL‹ŒMLŽŒŒLÍÌÌ‹ÌÌLMKL‹ÌÎLÌËL‹ŒL‹ŒMLŽŒŒLÍÌÌËKŒLÌLŒËMŒŽŒÍKL‹ŒL‹ŒMLŽŒŒLÍÌÍLËŒŒÌŽÎŒNÍÍL‹ŒL‹ŒMLŽŒŒLÍÌÍKL‹ŽLÌKLKŒLMÎÍKL‹ŒL‹ŒMLŽŒŒLÍÌÍ‹ŽNLŒŒKŒMLÎMMKL‹ŒL‹ŒMLŽŒŒLÍÌÍËL‹ŒŽLÍ‹ÌML‹L‹ŒL‹ŒMLŽŒŒLÍÌÎKÌNŒKLKLMËL‹ŒL‹ŒMLŽŒŒLÍÌÎKLÌLMLËLËLËL‹ŒL‹ŒMLŽŒŒLÍÍL‹ŽÌÌM‹LŽLÍÌ‹L‹ŒL‹ŒMLŽŒŒLÍÍKLŽNLKŒLÎŒL‹ŒL‹ŒMLŽŒŒLÍÍ‹ŽŒM‹ŒÌM‹L‹ŒL‹ŒMLŽŒŒLÍÍËMÍÍNKÎKL‹ŒL‹ŒMLŽŒŒLÍÍKŒMËLËMŒŒÌËL‹ŒL‹ŒMLŽŒŒLÍÍKŒŒŽNKLKŽLŽLMËL‹ŒL‹ŒMLŽŒŒLÍÍ‹LËŒŒŒNMËLKŒŒÎMŽKL‹ŒL‹ŒMLŽŒŒLÍÍËLŒÎLÌËLŒMŒMKL‹ŒL‹ŒMLŽŒŒLÍÍLŒÍMŒKLKŒŽLÎËL‹ŒL‹ŒMLŽŒŒLÍÍKLKLLÌÍKŒŒŽŽ‹L‹ŒL‹ŒMLŽŒŒLÍÍLÍLL‹ŒŽÍ‹L‹ŒL‹ŒMLŽŒŒLÍÍLKLKŒNL‹L‹ÌŽLŽM‹L‹ŒL‹ŒMLŽŒŒLÍÍL‹L‹ŒMLMKŽMLÎMËL‹ŒL‹ŒMLŽŒŒLÍÍLËLLÌŒLK‹LMMKL‹ŒL‹ŒMLŽŒŒLÍÍMKŽLKŒŒMMËL‹ŒL‹ŒMLŽŒŒLÍÍMKL‹ŒÎÎMÌKŒŒLÌÍËL‹ŒL‹ŒMLŽŒŒLÍÍM‹LKÍŒÎKLËŒMÌÍMKL‹ŒL‹ŒMLŽŒŒLÍÍMËŒŽLNKL‹ŒÌLLËL‹ŒL‹ŒMLŽŒŒLÍÍNŒŒL‹ŒL‹ŒMLŽŒŒLÍÍNKŽÍÌ‹ŽNÍŒL‹ŒL‹ŒMLŽŒŒLÍÍŒŒŒL‹ŒL‹ŒMLŽŒŒLÍÍŒKL‹ŽMÎKLKŒMLŒËL‹ŒL‹ŒMLŽŒŒLÍÍŒ‹ŒŒL‹ŒL‹ŒMLŽŒŒLÍÍŒËL‹NMŽMKŒÌŒÌ‹L‹ŒL‹ŒMLŽŒŒLÍÍŒŒL‹ŒL‹ŒMLŽŒŒLÍÍKMŽL‹‹ŽLN‹L‹ŒL‹ŒMLŽŒŒLÍÍ‹ŒŒL‹ŒL‹ŒMLŽŒŒLÍÍËLËŒÍMÍÍÌËLNLËL‹ŒL‹ŒMLŽŒŒLÍÍŽŒŒL‹ŒL‹ŒMLŽŒŒLÍÍŽKŽŽËLKŒMŒKL‹ŒL‹ŒMLŽŒŒLÍÍÌMŒŒMÌËÌŒLÍKL‹ŒL‹ŒMLŽŒŒLÍÍÌKLKŒËŒÌLÍKL‹ŒL‹ŒMLŽŒŒLÍÍÌ‹‹LLMMÍKŒÌLNML‹ŒL‹ŒMLŽŒŒLÍÍÌËLKÌŒŒKLËŒŒÎKL‹ŒL‹ŒMLŽŒŒLÍÍÍKÌMN‹LŒÍLŒLÌ‹L‹ŒL‹ŒMLŽŒŒLÍÍÍKKŒÌÍÎLMLËŒŒŒÌ‹L‹ŒL‹ŒMLŽŒŒLÍÍÍ‹L‹ŒŽMLNKLÌÍKL‹ŒL‹ŒMLŽŒŒLÍÍÍË‹ŒÍÍŽ‹ŽÎ‹L‹ŒL‹ŒMLŽŒŒLÍÍÎÍLLÌŽML‹L‹ŒL‹ŒMLŽŒŒLÍÍÎKLËŒNNMËLKŒÎÎLKL‹ŒL‹ŒMLŽŒŒLÍÎËŽNLÍŒL‹ŒÌÍM‹L‹ŒL‹ŒMLŽŒŒLÍÎKKMLŒÌÌËL‹ÌLŒËL‹ŒL‹ŒMLŽŒŒLÍÎ‹LËNMMŽLÍŽ‹L‹ŒL‹ŒMLŽŒŒLÍÎËŒÌÍŒKËŒÌMËL‹ŒL‹ŒMLŽŒŒLÍÎLKŒŒŒM‹LKŒLÍL‹ŒL‹ŒMLŽŒŒLÍÎKKŒMŒNK‹ŒÌLKL‹ŒL‹ŒMLŽŒŒLÍÎ‹ŒÍLLŒÍ‹LŽMÎL‹ŒL‹ŒMLŽŒŒLÍÎËL‹LLÍËL‹ŒNMMKL‹ŒL‹ŒMLŽŒŒLÍÎL‹ÌMKLMŒMKL‹ŒL‹ŒMLŽŒŒLÍÎK‹ŽMÍ‹‹ŒNŒMŒL‹ŒL‹ŒMLŽŒŒLÍÎLËŒLMÌŒLKŒŒLL‹ŒL‹ŒMLŽŒŒLÍÎLKLKŒNÌÌ‹LKŒNLL‹L‹ŒL‹ŒMLŽŒŒLÍÎL‹KŽMŒNKÍÎNL‹ŒL‹ŒMLŽŒŒLÍÎLËKŒNMŒŒLKŒLLMËL‹ŒL‹ŒMLŽŒŒLÍÎMLKŒŒ‹LLL‹ŒL‹ŒMLŽŒŒLÍÎMKKNŽMÎÍL‹ŒL‹ŒMLŽŒŒLÍÎM‹ËŒLÍKŒÎËL‹ŒL‹ŒMLŽŒŒLÍÎMËLËŽÍŽŒÍMŒÎL‹ŒL‹ŒMLŽŒŒLÍÎN‹ŒNÎMÍ‹LŒLŒL‹ŒL‹ŒMLŽŒŒLÍÎNKËÎÍLKŒŒLŒL‹ŒL‹ŒMLŽŒŒLÎŒMKLŒMKL‹ŒL‹ŒMLŽŒŒLÎKŒÎLŒÎL‹ŒL‹ŒMLŽŒŒLÎ‹ŒŒL‹ŒL‹ŒMLŽŒŒLÎËLŒLMŒŒLMŒL‹ŒL‹ŒMLŽŒŒLÎËŒŽNKLÍŽLËL‹ŒL‹ŒMLŽŒŒLÎKKÎLMŽKLKMÌÍÎKL‹ŒL‹ŒMLŽŒŒLÎ‹ŽLMLËŽŒMŒ‹L‹ŒL‹ŒMLŽŒŒLÎËKŒÍKKŽLÌNKL‹ŒL‹ŒMLŽŒŒLÎŒLMKLŒLMKL‹ŒL‹ŒMLŽŒŒLÎK‹ŒNK‹ÌMÍMËL‹ŒL‹ŒMLŽŒŒLÎLLKŒÎÍLÎMŽNLÌLL‹ŒL‹ŒMLŽŒŒLÎLK‹ŽLKLŒLÍŒKL‹ŒL‹ŒMLŽŒŒLÎL‹ŒMMÎKLŒMMÎKL‹ŒL‹ŒMLŽŒŒLÎLËŒŒL‹ŒL‹ŒMLŽŒŒLÎM‹ŒMŒLK‹ŒÍËL‹ŒL‹ŒMLŽŒŒLÎMK‹ŒLŽMËËŽËL‹ŒL‹ŒMLŽŒŒLÎM‹ŒŒLŽKLKÍÎŒËL‹ŒL‹ŒMLŽŒŒLÎMËËŽMMŒNK‹ŒNKL‹ŒL‹ŒMLŽŒŒLÎNLÍL‹LLŒÎL‹L‹ŒL‹ŒMLŽŒŒLÎNKKŒÎŒMÌ‹‹ŒÍMÍŒ‹L‹ŒL‹ŒMLŽŒŒLÎŒKNMLÎNKÌÍŒKL‹ŒL‹ŒMLŽŒŒLÎŒKMMLŒ‹‹ÌŒÎ‹L‹ŒL‹ŒMLŽŒŒLÎŒ‹ŒŒL‹ŒL‹ŒMLŽŒŒLÎŒËL‹ŽLÌLLKMKŒLMÍKL‹ŒL‹ŒMLŽŒŒLÎLKŒLLŒKLÍÎLËL‹ŒL‹ŒMLŽŒŒLÎKLKMÍŒKŒLŒLŒËL‹ŒL‹ŒMLŽŒŒLÎ‹‹ŒML‹ŒŽMNL‹ŒL‹ŒMLŽŒŒLÎËMÌÍÌÌÎL‹MŒÌL‹L‹ŒL‹ŒMLŽŒŒLÎŽKŒÎLÍLKLKLŒŒMKL‹ŒL‹ŒMLŽŒŒLÎŽKLKÌÌËM‹ŽMŒËL‹ŒL‹ŒMLŽŒŒLÎÌMŒMŽŒKL‹ŒÍÍÍÍKL‹ŒL‹ŒMLŽŒŒLÎÌKL‹ÍŽNÌ‹LKŒLMŽML‹ŒL‹ŒMLŽŒŒLÎÌ‹ŒŒL‹ŒL‹ŒMLŽŒŒLÎÌËL‹ŽLÎMŒËŒLMÌÍKL‹ŒL‹ŒMLŽŒŒLÎÍ‹ŽLÎËMÍŽMÌËL‹ŒL‹ŒMLŽŒŒLÎÍKLŽMŒNNKLËŒÍŒŒNKL‹ŒL‹ŒMLŽŒŒLÎÍ‹L‹ÌLNKLKŒÌNÍËL‹ŒL‹ŒMLŽŒŒLÎÍËLKŒNN‹L‹ŒÎLŒM‹L‹ŒL‹ŒMLŽŒŒLÎÎLŒŒNLÎÍMÌL‹ŒL‹ŒMLŽŒŒLÎÎKLKLÍNKŒÎMŒL‹ŒL‹ŒMLŽŒŒLÎKŽNMÌKL‹ŒÌLŒMËL‹ŒL‹ŒMLŽŒŒLÎKLŒÎKL‹ÍÎMËL‹ŒL‹ŒMLŽŒŒLÎ‹LKNNNKLŒŽMŽLKL‹ŒL‹ŒMLŽŒŒLÎËLŽÍÌŒŒKLŽMŒKL‹ŒL‹ŒMLŽŒŒLÎ‹NMÍ‹KŒÍŒMŽL‹ŒL‹ŒMLŽŒŒLÎKLKŒÌNMNKŽLŒMÌLKL‹ŒL‹ŒMLŽŒŒLÎ‹ÌNLÍKLKŽÍËL‹ŒL‹ŒMLŽŒŒLÎËŒÌMLŽMŒL‹ŒL‹ŒMLŽŒŒLÎL‹ŒÌŒLÌŒKLLLLŒÍKL‹ŒL‹ŒMLŽŒŒLÎKLŒMÍNMÎK‹ŒLŽLMKL‹ŒL‹ŒMLŽŒŒLÎL‹MÍÌMËKMNÌKL‹ŒL‹ŒMLŽŒŒLÎLKL‹ŽMLNL‹LLML‹ŒL‹ŒMLŽŒŒLÎL‹ŽMŒLKLKŒLÍËL‹ŒL‹ŒMLŽŒŒLÎLËÎMÍLKMNLŒ‹L‹ŒL‹ŒMLŽŒŒLÎML‹ŽLMÎKLÌÍŒMKL‹ŒL‹ŒMLŽŒŒLÎMKŒŒL‹ŒL‹ŒMLŽŒŒLÎM‹LÌŽLÌËKŒNMÍKL‹ŒL‹ŒMLŽŒŒLÎMËLKŒNNŒLËŒËL‹ŒL‹ŒMLŽŒŒLÎNŒLÍLKŒMÎLŽL‹ŒL‹ŒMLŽŒŒLÎNKLŽLLMKŒMÍÍÌL‹ŒL‹ŒMLŽŒŒLÎŒLKŒÍÍŒŒËŽLÎLKL‹ŒL‹ŒMLŽŒŒLÎŒKKLNŽLË‹ŒŒÍLËL‹ŒL‹ŒMLŽŒŒLÎŒ‹KÍNNÍ‹LLÍŽL‹ŒL‹ŒMLŽŒŒLÎŒËL‹ŒŽLŒÍ‹LÌLMÌL‹ŒL‹ŒMLŽŒŒLÎKŽMŒLLLLÌL‹ŒL‹ŒMLŽŒŒLÎKŽŽMMKLŒMÌËL‹ŒL‹ŒMLŽŒŒLÎ‹LËÍMÌÍ‹KŒÌŒLL‹ŒL‹ŒMLŽŒŒLÎËL‹ŒŽLLŽMŒŽLL‹ŒL‹ŒMLŽŒŒLÎŽKŒÌÌŒNMËLÌÍÌLMKL‹ŒL‹ŒMLŽŒŒLÎŽKLŒMŒKL‹ŒNNMŒLKL‹ŒL‹ŒMLŽŒŒLÎÌ‹ŒMÌÌKMŽMËL‹ŒL‹ŒMLŽŒŒLÎÌKNÌÌKLËNNKL‹ŒL‹ŒMLŽŒŒLÎÌ‹LËÌLËL‹ŒNNMKL‹ŒL‹ŒMLŽŒŒLÎÌËLŽNKŽLËL‹ŒL‹ŒMLŽŒŒLÎÍ‹ŒMŒKNËL‹ŒL‹ŒMLŽŒŒLÎÍKLKLŒÌKŒMÍLÎL‹ŒL‹ŒMLŽŒŒLÎÍ‹‹ŽMNËŽMMMMKL‹ŒL‹ŒMLŽŒŒLÎÍËL‹ŽLL‹MKŒMNLL‹ŒL‹ŒMLŽŒŒLÎÎŒŒL‹ŒL‹ŒMLŽŒŒLÎÎKLKŒMÍKKŽLÎKL‹ŒL‹ŒMLŽŒŒLÎŒŒL‹ŒL‹ŒMLŽŒŒLÎKLŽMŽMŒKLŒŒÌMÌKL‹ŒL‹ŒMLŽŒŒLÎ‹‹ŒÍÎLLŽL‹L‹ŒL‹ŒMLŽŒŒLÎËL‹ŒMÌ‹LKŽLL‹ŒL‹ŒMLŽŒŒLÎL‹ŒŒMLKŒLMÌËL‹ŒL‹ŒMLŽŒŒLÎKËŒMKŽMLŽLM‹L‹ŒL‹ŒMLŽŒŒLÎ‹ËMŽMMÍLŽMŒLNL‹L‹ŒL‹ŒMLŽŒŒLÎËLKLMLŒMŒÌŒL‹ŒL‹ŒMLŽŒŒLÎŒŒÍN‹KŒÍÍ‹L‹ŒL‹ŒMLŽŒŒLÎKŽLKNLÍLKL‹ŒL‹ŒMLŽŒŒLÎLLKÌÍÎËÌÍŒŽKL‹ŒL‹ŒMLŽŒŒLÎLK‹ÍÌLÌË‹ŒÌÍMËL‹ŒL‹ŒMLŽŒŒLÎL‹KŽLŒLÍKLKŒŽLMËL‹ŒL‹ŒMLŽŒŒLÎLËLKŒMÍŽNKMMÎL‹L‹ŒL‹ŒMLŽŒŒLÎMKŒÌÍŒÍ‹LKŒLLLÍL‹ŒL‹ŒMLŽŒŒLÎMKKŽMMŒÎLËŒNNÌÌL‹ŒL‹ŒMLŽŒŒLÎM‹ŒŒL‹ŒL‹ŒMLŽŒŒLÎMË‹MÍÌŒ‹ËŽMÍŽLL‹ŒL‹ŒMLŽŒŒLÎNÎMŒ‹ŒÍMLŽL‹ŒL‹ŒMLŽŒŒLÎNKLÌÌÌMKŒMMMM‹L‹ŒL‹ŒMLŽŒŒLÎLŒÎLËLËŒŒËL‹ŒL‹ŒMLŽŒŒLÎLKŒŒL‹ŒL‹ŒMLŽŒŒLÎL‹‹ŒMŒM‹ŒÌÌÍL‹ŒL‹ŒMLŽŒŒLÎLËMNLKŒÌÌL‹ŒL‹ŒMLŽŒŒLÎL‹ŽLLNKMLKL‹ŒL‹ŒMLŽŒŒLÎLKLŒŒLLËKŒLMËL‹ŒL‹ŒMLŽŒŒLÎL‹ŒMÌNKÍÎNKL‹ŒL‹ŒMLŽŒŒLÎLËKNMLKŒMÎ‹L‹ŒL‹ŒMLŽŒŒLÎLŒŒL‹ŒL‹ŒMLŽŒŒLÎLKŒŒL‹ŒL‹ŒMLŽŒŒLÎLL‹ÌË‹LMËL‹ŒL‹ŒMLŽŒŒLÎLLKŒŒL‹ŒL‹ŒMLŽŒŒLÎLL‹ŒŒL‹ŒL‹ŒMLŽŒŒLÎLLËŒŒL‹ŒL‹ŒMLŽŒŒLÎLMKLÍ‹‹MŒ‹L‹ŒL‹ŒMLŽŒŒLÎLMKŒNÍ‹ŽLÌÍ‹L‹ŒL‹ŒMLŽŒŒLÎLM‹ŒŒL‹ŒL‹ŒMLŽŒŒLÎLMËKŒMMMŒÌËËŒMKL‹ŒL‹ŒMLŽŒŒLÎLNŽLMÌŒKKŽLÍÌKL‹ŒL‹ŒMLŽŒŒLÎLNKKŒŒNMÍKLKÌÌŽŽKL‹ŒL‹ŒMLŽŒŒLÎLŒŒŒL‹ŒL‹ŒMLŽŒŒLÎLŒKŒŒL‹ŒL‹ŒMLŽŒŒLÎLŒ‹ŒŒL‹ŒL‹ŒMLŽŒŒLÎLŒËMLKL‹ŒMMÌKL‹ŒL‹ŒMLŽŒŒLÎL‹ŒLMÍÌ‹LKŒLÍÍ‹L‹ŒL‹ŒMLŽŒŒLÎLKLŒLL‹MKŽMLNMÍL‹ŒL‹ŒMLŽŒŒLÎL‹MKŒÍÍLL‹ŽL‹ŒL‹ŒMLŽŒŒLÎLËL‹ŽLMNKLŽÌLÍMËL‹ŒL‹ŒMLŽŒŒLÎLŽKŒMLLËLŒMÌŽLËL‹ŒL‹ŒMLŽŒŒLÎLŽKL‹LÎŽŒŽMŒM‹L‹ŒL‹ŒMLŽŒŒLÎLÌKŒÎŒMKLKŒÍLMÎLKL‹ŒL‹ŒMLŽŒŒLÎLÌKLKŒŒÌŽLMËLËŽÌËL‹ŒL‹ŒMLŽŒŒLÎLÌ‹LËŒMÍLËLKŽNKL‹ŒL‹ŒMLŽŒŒLÎLÌËLŽMMMKLKMÌÌÎKL‹ŒL‹ŒMLŽŒŒLÎLÍŒŽMÌKLŒMLLÍËL‹ŒL‹ŒMLŽŒŒLÎLÍKLKÎNÍKKMÌÎÎKL‹ŒL‹ŒMLŽŒŒLÎLÍ‹KLŽ‹LKÎÍMM‹L‹ŒL‹ŒMLŽŒŒLÎLÍËŒÌŒËLKÌŒËL‹ŒL‹ŒMLŽŒŒLÎLÎLŽMÌÍNKŒÎŽMËL‹ŒL‹ŒMLŽŒŒLÎLÎKLÍLLŽ‹LŒŽL‹ŒL‹ŒMLŽŒŒLÎMKŒNÌÌLL‹ŒL‹ŒMLŽŒŒLÎMKLKŽMŽ‹ÍMMÎL‹ŒL‹ŒMLŽŒŒLÎM‹NLÍËL‹ŒLLMMŒKL‹ŒL‹ŒMLŽŒŒLÎMËLLÌKLKŒÎÎMKL‹ŒL‹ŒMLŽŒŒLÎML‹ŽLŒÌ‹LKŒL‹ŒL‹ŒMLŽŒŒLÎMKLŒLKÍM‹L‹ŒL‹ŒMLŽŒŒLÎM‹‹ŒNMÌÍKŒMŒ‹L‹ŒL‹ŒMLŽŒŒLÎMËLËŽMÌMŽËLŒŽŒŽËL‹ŒL‹ŒMLŽŒŒLÎMKNÌKLŒŒLKL‹ŒL‹ŒMLŽŒŒLÎMKLMLŽNL‹NNMNL‹ŒL‹ŒMLŽŒŒLÎMLŒŒL‹ŒL‹ŒMLŽŒŒLÎMLKLKŽÌ‹LŒÍÍNL‹ŒL‹ŒMLŽŒŒLÎML‹ŒŒL‹ŒL‹ŒMLŽŒŒLÎMLËLKŒNÌNNŽLMM‹L‹ŒL‹ŒMLŽŒŒLÎMMŒŒL‹ŒL‹ŒMLŽŒŒLÎMMKŒËMŒNNNMËL‹ŒL‹ŒMLŽŒŒLÎMM‹ŒŒL‹ŒL‹ŒMLŽŒŒLÎMMË‹ŒNLËŒÌÍÍL‹ŒL‹ŒMLŽŒŒLÎMNŒŒL‹ŒL‹ŒMLŽŒŒLÎMNKLKŒLLLLÍMLL‹ŒL‹ŒMLŽŒŒLÎMŒŒŒL‹ŒL‹ŒMLŽŒŒLÎMŒKKÌÎMËŒŒLMŽLËL‹ŒL‹ŒMLŽŒŒLÎMŒ‹ŒŒL‹ŒL‹ŒMLŽŒŒLÎMŒËL‹ŒNLLŒÍÎLŒLL‹ŒL‹ŒMLŽŒŒLÎMŽÍÍŒKLKŒLÍÎÍËL‹ŒL‹ŒMLŽŒŒLÎMKŒLŽLKÍNL‹L‹ŒL‹ŒMLŽŒŒLÎM‹KÍŒŒ‹MŒÍŒL‹L‹ŒL‹ŒMLŽŒŒLÎMËKÌLLÎKL‹ŽLËL‹ŒL‹ŒMLŽŒŒLÎMŽL‹ŽNMŒLKŒÎNMLL‹ŒL‹ŒMLŽŒŒLÎMŽKLŒÍ‹ŒLML‹L‹ŒL‹ŒMLŽŒŒLÎMÌ‹ÌM‹ŽŒ‹L‹ŒL‹ŒMLŽŒŒLÎMÌKL‹LÍMÍÎŒŒLÍÍL‹ŒL‹ŒMLŽŒŒLÎMÌ‹‹ŽLŒM‹KŒÌÍÌL‹ŒL‹ŒMLŽŒŒLÎMÌËL‹ŒNÍŽMKÍÍNMÎL‹ŒL‹ŒMLŽŒŒLÎMÍLKMÌÌË‹ŒÌÌMKL‹ŒL‹ŒMLŽŒŒLÎMÍKLKŒLÍŒÌK‹ŒÌLLÍÍËL‹ŒL‹ŒMLŽŒŒLÎMÍ‹LŒMÎÎËŒLÍŽMËL‹ŒL‹ŒMLŽŒŒLÎMÍËLKÌMÍÍËLMÌMÌËL‹ŒL‹ŒMLŽŒŒLÎMÎ‹ÎŽNKLŒŒLÌÍKL‹ŒL‹ŒMLŽŒŒLÎMÎKL‹ŒŒLËL‹ŒŒÍËL‹ŒL‹ŒMLŽŒŒLÎNL‹ŒÍŒKLŒŒËL‹ŒL‹ŒMLŽŒŒLÎNKËŒËKÍMNŽKL‹ŒL‹ŒMLŽŒŒLÎN‹ËŒÍMÎÍKLKŒŒMLËL‹ŒL‹ŒMLŽŒŒLÎNËLKŒÎÍ‹ŽÎÍ‹L‹ŒL‹ŒMLŽŒŒLÎNËŽÌLKÌÍLÎKL‹ŒL‹ŒMLŽŒŒLÎNKŒMÍŽMKLŒLÍLKL‹ŒL‹ŒMLŽŒŒLÎN‹LKÍKŒÌMÍ‹L‹ŒL‹ŒMLŽŒŒLÎNËKŽKKLNMLËL‹ŒL‹ŒMLŽŒŒLÎNKMŒ‹LKŒŽM‹L‹ŒL‹ŒMLŽŒŒLÎNKLKŽŽMË‹ŒŽLÎKL‹ŒL‹ŒMLŽŒŒLÎNLKŒŽLŒLËLKŒÌŽŒŽKL‹ŒL‹ŒMLŽŒŒLÎNLKKŽLÌŽLËŒŒÎMNL‹ŒL‹ŒMLŽŒŒLÎNL‹LŽÍ‹ŒŒŽMÎL‹ŒL‹ŒMLŽŒŒLÎNLËËŒÍÍŒŽLÍL‹ŒL‹ŒMLŽŒŒLÎNMËÍŒMŽ‹LŒÌLŒM‹L‹ŒL‹ŒMLŽŒŒLÎNMKLŽMŒŽM‹KŒÌL‹ŒL‹ŒMLŽŒŒLÎNM‹ŽMMN‹LËŒÌŒL‹ŒL‹ŒMLŽŒŒLÎNMËKŒÎKL‹ŒŽÍLLKL‹ŒL‹ŒMLŽŒŒLÎNNKŒŒLÎKŒŽMLKL‹ŒL‹ŒMLŽŒŒLÎNNKLŒÌLŒ‹KŒŽÍ‹L‹ŒL‹ŒMLŽŒŒM‹ŒŒŒLM‹LŒŒÌÍŽL‹ŒL‹ŒMLŽŒŒMKŒMŽÍKKŒÍŒÌÌŒËL‹ŒL‹ŒMLŽŒŒM‹ŒŒL‹ŒL‹ŒMLŽŒŒMËLNMËLKŽLÌNKL‹ŒL‹ŒMLŽŒŒMÎMÍLÎL‹ŒL‹ŒMLŽŒŒMKËÍLÌÌÍŒÍŒÌLŒL‹ŒL‹ŒMLŽŒŒM‹ŒŒL‹ŒL‹ŒMLŽŒŒMËKŒLLÍ‹LLMÌÌ‹L‹ŒL‹ŒMLŽŒŒMŒŒL‹ŒL‹ŒMLŽŒŒMKKŒÍNM‹LŽL‹ŒL‹ŒMLŽŒŒMLŽLMË‹ŒMNLÍKL‹ŒL‹ŒMLŽŒŒMLKËLL‹ŒŽNL‹ŒL‹ŒMLŽŒŒML‹‹ŒLÎNKKŒLÍMMËL‹ŒL‹ŒMLŽŒŒMLËŽLŒÎLËNNL‹L‹ŒL‹ŒMLŽŒŒMMŽÍÌÌ‹KLMÍÍ‹L‹ŒL‹ŒMLŽŒŒMMKLŒÍÍLNLËŒÌÍL‹ŒL‹ŒMLŽŒŒMM‹LKŽÎLŒÍM‹L‹ŒL‹ŒMLŽŒŒMMËLÍÌÎM‹ŒÍML‹ŒL‹ŒMLŽŒŒMNKÌMŒ‹L‹ÎLÌNL‹ŒL‹ŒMLŽŒŒMNKMKŒÌŽKLËŒÎLŽKL‹ŒL‹ŒMLŽŒŒMŒKŽLLNLKŒŒLŒL‹ŒL‹ŒMLŽŒŒMŒKLKŒÌLKM‹ŒLÌMËL‹ŒL‹ŒMLŽŒŒMŒ‹MKÍLLÍLKLËŒNŒËL‹ŒL‹ŒMLŽŒŒMŒËLËLNMÌËLKLNMËL‹ŒL‹ŒMLŽŒŒMKŒÌÌÍŒ‹LŒŒLÌÌL‹ŒL‹ŒMLŽŒŒMKLËŒMLMLKŒMNMMLËL‹ŒL‹ŒMLŽŒŒM‹KŒMÎM‹LKŽLMNL‹ŒL‹ŒMLŽŒŒMËLKŒÌÍŒMËLËNLMKL‹ŒL‹ŒMLŽŒŒMŽLËŒLÍ‹LKÌNNLL‹ŒL‹ŒMLŽŒŒMŽKLKŒÍŽÍÌL‹ŒNML‹ŒL‹ŒMLŽŒŒMÌŒNLÌLÌLNML‹ŒL‹ŒMLŽŒŒMÌKLKŒÎLÎN‹KŒMŒŽL‹ŒL‹ŒMLŽŒŒMÌ‹KŽNMMML‹ŒMMML‹ŒL‹ŒMLŽŒŒMÌËLÌÎN‹L‹NLLŒL‹ŒL‹ŒMLŽŒŒMÍLKŽL‹ŒŒÎML‹ŒL‹ŒMLŽŒŒMÍKLKŒŽNMËLŽÍLŽKL‹ŒL‹ŒMLŽŒŒMÍ‹KLÍMMNKŒÌMNMËL‹ŒL‹ŒMLŽŒŒMÍËLKÍŒLLÌËŽLMËL‹ŒL‹ŒMLŽŒŒMÎŒMŒÍÌÌL‹LÍÌLL‹ŒL‹ŒMLŽŒŒMÎKLKŒÌMŒËLKŽÍÌKL‹ŒL‹ŒMLŽŒŒMLËÎNML‹L‹ŒÍLŽL‹ŒL‹ŒMLŽŒŒMKLŽLŒÍËKŽŒŒKL‹ŒL‹ŒMLŽŒŒM‹KMÎLËLŒMÌÌÌKL‹ŒL‹ŒMLŽŒŒMËMŒÌLŒŒ‹LKMMŒL‹ŒL‹ŒMLŽŒŒMŒÍŽNMLKŒÌÍNL‹ŒL‹ŒMLŽŒŒMKLKNÍÌ‹LËNNNL‹ŒL‹ŒMLŽŒŒM‹L‹ŽLÌLŒLNMÎL‹L‹ŒL‹ŒMLŽŒŒMËL‹ŒMLŽKŒÌÌËL‹ŒL‹ŒMLŽŒŒMLKŒLLŒŒL‹L‹ŒL‹ŒMLŽŒŒMKLKŽŒMKŒÌÌNKL‹ŒL‹ŒMLŽŒŒMLLNL‹ŒMNMÌ‹L‹ŒL‹ŒMLŽŒŒMLKLKŒMNLKMKŒNMLÍNKL‹ŒL‹ŒMLŽŒŒML‹L‹ŒMNLŽËŒÎMËL‹ŒL‹ŒMLŽŒŒMLËKMÌÌK‹MÎLMKL‹ŒL‹ŒMLŽŒŒMMKŽLNNLMÍŽNL‹ŒL‹ŒMLŽŒŒMMKLKŽNMÌLŒŽLŒL‹ŒL‹ŒMLŽŒŒMM‹‹ŒÎMNKLÌÎMËL‹ŒL‹ŒMLŽŒŒMMËKŒŽNËLLÍŽËL‹ŒL‹ŒMLŽŒŒMNLËŒŒËMÍÌËL‹ŒL‹ŒMLŽŒŒMNKLKŽMŒMŒNŒÍÍŒÌL‹ŒL‹ŒMLŽŒŒMŒŽLKŽLÍŽL‹ŒL‹ŒMLŽŒŒMŒKLŒÍŽLL‹ÍL‹L‹ŒL‹ŒMLŽŒŒMŒ‹KÍŽŽKŒMMÍKL‹ŒL‹ŒMLŽŒŒMŒËŽÌŒ‹LËÎMMÍ‹L‹ŒL‹ŒMLŽŒŒMMŒLMÌÌ‹L‹ŒÌMÌL‹ŒL‹ŒMLŽŒŒMKLŒŒÍLÎŒÌÍML‹ŒL‹ŒMLŽŒŒM‹‹LMLKLŒLMKL‹ŒL‹ŒMLŽŒŒMËLKŽNŽLŒ‹MMLÌL‹ŒL‹ŒMLŽŒŒMŽËLÌÍËKÍÍÌÍKL‹ŒL‹ŒMLŽŒŒMŽKL‹ÎMKMKŒNŒKL‹ŒL‹ŒMLŽŒŒMÌLKŒNLKKŽLNKL‹ŒL‹ŒMLŽŒŒMÌKLŒŽK‹ŽMNLKL‹ŒL‹ŒMLŽŒŒMÌ‹LŒÎNNM‹ŒLNMML‹ŒL‹ŒMLŽŒŒMÌËLŽMMMMKLŒÌKL‹ŒL‹ŒMLŽŒŒMÍ‹ŽÍŒÌËLNLŒÍËL‹ŒL‹ŒMLŽŒŒMÍKLKŽLMLŒKL‹ŒÌLNLKL‹ŒL‹ŒMLŽŒŒMÍ‹LKÎŒMMËŒLÌMÌKL‹ŒL‹ŒMLŽŒŒMÍË‹ÍMLÍÍ‹KÌÎMŒL‹ŒL‹ŒMLŽŒŒMÎÌNLŒMMLL‹ŒL‹ŒMLŽŒŒMÎKLKŒÍLMÍËŽMÍÎÌKL‹ŒL‹ŒMLŽŒŒMËŽLÌLKŒŒMŒŒM‹L‹ŒL‹ŒMLŽŒŒMKKŽLÍŒMÍ‹‹ŒMML‹ŒL‹ŒMLŽŒŒM‹LKŒŒMŒÍ‹KÌMÍÍÌ‹L‹ŒL‹ŒMLŽŒŒMË‹ÌNLNË‹ÍLÌNKL‹ŒL‹ŒMLŽŒŒMËŽÍMÎMÍL‹ŒL‹ŒMLŽŒŒMKLMNMËŒLÍLÍŒL‹ŒL‹ŒMLŽŒŒM‹‹ŒŒMÌÌ‹LÎMMŒL‹ŒL‹ŒMLŽŒŒMËLÎMLŒKLŒMKL‹ŒL‹ŒMLŽŒŒMŒÍŒMKŒÌŒÍ‹L‹ŒL‹ŒMLŽŒŒMK‹ŒŽKËŽMLMMKL‹ŒL‹ŒMLŽŒŒMLËÌLLL‹LŒÎM‹L‹ŒL‹ŒMLŽŒŒMLKLŒLMŒŒLMŒL‹ŒL‹ŒMLŽŒŒML‹KŽMÌL‹ŒNML‹ŒL‹ŒMLŽŒŒMLËKÌÍÍÍMKLKŒÍMLNMKL‹ŒL‹ŒMLŽŒŒMM‹ŒŽMŽŒÌN‹L‹ŒL‹ŒMLŽŒŒMMKŒŒL‹ŒL‹ŒMLŽŒŒMM‹‹LMLŽLKŒŒÍLËL‹ŒL‹ŒMLŽŒŒMMËŒNMLÍLËKŒŒÌNKL‹ŒL‹ŒMLŽŒŒMN‹ŒMNMLKLKŒÌÍŽMÎKL‹ŒL‹ŒMLŽŒŒMNKKŽÍÎKLŽNLKL‹ŒL‹ŒMLŽŒŒMLŽLŒÎKŽŒLÌËL‹ŒL‹ŒMLŽŒŒMLKKMÎKŽÍLL‹ŒL‹ŒMLŽŒŒML‹ŒŒL‹ŒL‹ŒMLŽŒŒMLËKŒMLÍL‹NLL‹ŒL‹ŒMLŽŒŒMLNMNMÎKLŽLLMËL‹ŒL‹ŒMLŽŒŒMLK‹ŒÌÍLKŒŒŒLMËL‹ŒL‹ŒMLŽŒŒML‹MLÌM‹ŒŽNNM‹L‹ŒL‹ŒMLŽŒŒMLËËŒLMMLËÎMMŒËL‹ŒL‹ŒMLŽŒŒMLËŽMLLÍKÌMMÍ‹L‹ŒL‹ŒMLŽŒŒMLKKÌMŒËŒLLŽMËL‹ŒL‹ŒMLŽŒŒMLLŽMLÌÌŒ‹KÎMNMM‹L‹ŒL‹ŒMLŽŒŒMLLKŒÍŒŒMŒ‹L‹ÌÌÍL‹ŒL‹ŒMLŽŒŒMLL‹ŒŒL‹ŒL‹ŒMLŽŒŒMLLËLKMÌLŒËŒÍÍÌLKL‹ŒL‹ŒMLŽŒŒMLMËŒLŒÍLKŒMÍÍ‹L‹ŒL‹ŒMLŽŒŒMLMKMKŒÌÍÍNKL‹ÌMŒËL‹ŒL‹ŒMLŽŒŒMLM‹KÎNNLKŒÎLMÌML‹ŒL‹ŒMLŽŒŒMLMËLKNNKMËŒÌMMŒKL‹ŒL‹ŒMLŽŒŒMLNMŒNŽMÍKL‹ŒLLŒMËL‹ŒL‹ŒMLŽŒŒMLNKLËŒLÌNMËLKÍÌMLËL‹ŒL‹ŒMLŽŒŒMLŒLŒŽNMLKŒLMÍL‹ŒL‹ŒMLŽŒŒMLŒKLËŒÍKLŒŒŒŒKL‹ŒL‹ŒMLŽŒŒMLŒ‹KMÌMLKŒÌÍLŒ‹L‹ŒL‹ŒMLŽŒŒMLŒËLŽŒÌËLËŒÍÍKL‹ŒL‹ŒMLŽŒŒMLL‹ŽŒLKLKŒÎNMKL‹ŒL‹ŒMLŽŒŒMLKLKŒNÌKL‹ŒÍÌÌŽMËL‹ŒL‹ŒMLŽŒŒML‹ŒÌÌLÍLÌMŒL‹ŒL‹ŒMLŽŒŒMLËLKŒÌŽLËÍNKL‹ŒL‹ŒMLŽŒŒMLŽKŽÎLKLKŽNMÌËL‹ŒL‹ŒMLŽŒŒMLŽKLMNL‹ŒMÌN‹L‹ŒL‹ŒMLŽŒŒMLÌLKŒÎLÎN‹LŒNLŒ‹L‹ŒL‹ŒMLŽŒŒMLÌKLLKLKŒMÍÎKL‹ŒL‹ŒMLŽŒŒMLÌ‹ÎLMMNKLMŒNKL‹ŒL‹ŒMLŽŒŒMLÌËL‹ŒNŒŒLLMÌLL‹ŒL‹ŒMLŽŒŒMLÍŒNNMÍËL‹ŒÍLMËL‹ŒL‹ŒMLŽŒŒMLÍKLKMËL‹ŒÎLKL‹ŒL‹ŒMLŽŒŒMLÍ‹MŒŒM‹L‹LLL‹ŒL‹ŒMLŽŒŒMLÍËLÌLMŽKKŒLŒMKL‹ŒL‹ŒMLŽŒŒMLÎ‹ŒÍŽL‹KŒÎLLŒÍ‹L‹ŒL‹ŒMLŽŒŒMLÎKLËÌŽŽLÌ‹L‹ŒL‹ŒMLŽŒŒMMKŒŽMNMËLKŒMÍÌËL‹ŒL‹ŒMLŽŒŒMMKLKŒŽML‹LËŒÎLÍM‹L‹ŒL‹ŒMLŽŒŒMM‹ŒŒL‹ŒL‹ŒMLŽŒŒMMËLKŒÌÍNMNŒNLÌ‹L‹ŒL‹ŒMLŽŒŒMMŒŒL‹ŒL‹ŒMLŽŒŒMMKLKŒMŒN‹NÌ‹L‹ŒL‹ŒMLŽŒŒMM‹ŒŒL‹ŒL‹ŒMLŽŒŒMMËŒÌŒKMŒMLNKL‹ŒL‹ŒMLŽŒŒMMŒŒL‹ŒL‹ŒMLŽŒŒMMKKMÍÌ‹‹ÌÌŒÍL‹L‹ŒL‹ŒMLŽŒŒMMLŒŒL‹ŒL‹ŒMLŽŒŒMMLKLKŽNLNLŒKLŒÍMŽLËL‹ŒL‹ŒMLŽŒŒMML‹ŒŒL‹ŒL‹ŒMLŽŒŒMMLËKŒÍNLÍ‹LLLÎM‹L‹ŒL‹ŒMLŽŒŒMMML‹ŒÎM‹KŒÌMNM‹L‹ŒL‹ŒMLŽŒŒMMMKLKËŒLÌLËL‹ŒL‹ŒMLŽŒŒMMM‹ŒÍÎÌ‹LKŒMÍÍL‹ŒL‹ŒMLŽŒŒMMMËŒÌŒLÌ‹LKŽMŽNÌL‹ŒL‹ŒMLŽŒŒMMN‹ŒNŒŽMŽMNL‹ŒL‹ŒMLŽŒŒMMNKKÎMËL‹ŽLŒŒNKL‹ŒL‹ŒMLŽŒŒMMŒL‹NNLÍLKŒMMÎL‹ŒL‹ŒMLŽŒŒMMŒKMŒKŒLŒ‹L‹ŒL‹ŒMLŽŒŒMMŒ‹ËŒŒŒLËŽNËL‹ŒL‹ŒMLŽŒŒMMŒËLKŽLNNMLŒÍ‹L‹ŒL‹ŒMLŽŒŒMMËŒŒŒLLKKŒŽMMŒÌËL‹ŒL‹ŒMLŽŒŒMMKLËŒNMMMKMKMLLÎMKL‹ŒL‹ŒMLŽŒŒMM‹LKŒLL‹‹ŒLŒÌML‹ŒL‹ŒMLŽŒŒMMËLŽÎLÌÍ‹‹ŒŽMŽL‹ŒL‹ŒMLŽŒŒMMŽLÌLÎŒŽLL‹L‹ŒL‹ŒMLŽŒŒMMŽKLŽÌÍÎKLŒÌMËL‹ŒL‹ŒMLŽŒŒMMÌ‹ÍÌMÌLËLNLNKL‹ŒL‹ŒMLŽŒŒMMÌKLKŒŽMNMMËL‹ŒÎLMËL‹ŒL‹ŒMLŽŒŒMMÌ‹L‹ŒLNKLLËL‹ŒL‹ŒMLŽŒŒMMÌËËŒŒÌÍMKÌLŽL‹ŒL‹ŒMLŽŒŒMMÍMMÎMŒ‹LŒŽŒM‹L‹ŒL‹ŒMLŽŒŒMMÍKLKŒNNŽKLNLŽNKL‹ŒL‹ŒMLŽŒŒMMÍ‹ŒÌÍËŽNMŒÌÎKL‹ŒL‹ŒMLŽŒŒMMÍËÍËŒŽLÎNKL‹ŒL‹ŒMLŽŒŒMMÎLKMÌŽM‹ŽÍL‹L‹ŒL‹ŒMLŽŒŒMMÎK‹LMÎ‹‹ŒÎLŒÌL‹ŒL‹ŒMLŽŒŒMNKŽLŒÎKLŽLÌKL‹ŒL‹ŒMLŽŒŒMNKLKŒÍMNKKLÌÎKL‹ŒL‹ŒMLŽŒŒMN‹‹ŒLÎÍLLL‹ŒL‹ŒMLŽŒŒMNË‹ŒMMNLKLËŒLNÍÌKL‹ŒL‹ŒMLŽŒŒMNLŒŒÎKŒNŒKL‹ŒL‹ŒMLŽŒŒMNKKMLLKËŒLŒÍŽËL‹ŒL‹ŒMLŽŒŒMN‹ËÍŽLŒMMLLÌ‹L‹ŒL‹ŒMLŽŒŒMNËLKŒMŒLNKKŒÌÌÌÎKL‹ŒL‹ŒMLŽŒŒMNŒŒL‹ŒL‹ŒMLŽŒŒMNKKÍŒM‹LKŒN‹L‹ŒL‹ŒMLŽŒŒMNLKŒNLÌËŒMŒÍŒËL‹ŒL‹ŒMLŽŒŒMNLKLÌM‹ŒMÍ‹L‹ŒL‹ŒMLŽŒŒMNL‹KŽLÎŽËLŒMLLLKL‹ŒL‹ŒMLŽŒŒMNLËLŒŽMŽMMÍ‹L‹ŒL‹ŒMLŽŒŒMNM‹ÌLŒËLÌËL‹ŒL‹ŒMLŽŒŒMNMKŒLÍŒL‹ŒÌÌMÍL‹ŒL‹ŒMLŽŒŒMNM‹ŒMÍŒŒLËŽÎKL‹ŒL‹ŒMLŽŒŒMNMËËÎÎKŒÌNKL‹ŒL‹ŒMLŽŒŒMNNKŒŒÎMÌËKŒMÍNËL‹ŒL‹ŒMLŽŒŒMNNKŽNLMŽM‹‹MŒLL‹ŒL‹ŒMLŽŒŒMŒŒŒNLËLÍLÎKL‹ŒL‹ŒMLŽŒŒMŒKKMMŒÌ‹LŒLŒŒLŽL‹ŒL‹ŒMLŽŒŒMŒ‹ŒM‹‹ŒŒ‹L‹ŒL‹ŒMLŽŒŒMŒËËÍMÍŒKMÍÍÌKL‹ŒL‹ŒMLŽŒŒMŒËM‹ŒML‹ŒL‹ŒMLŽŒŒMŒKŒÍŒM‹ŽLÌLŽL‹ŒL‹ŒMLŽŒŒMŒ‹MÌLÌKKŒÌMLËL‹ŒL‹ŒMLŽŒŒMŒËLŒLMKL‹ŽMNËL‹ŒL‹ŒMLŽŒŒMŒŒŒL‹ŒL‹ŒMLŽŒŒMŒKLŒKŒKL‹ŒL‹ŒMLŽŒŒMŒL‹ÎMÍKLKŒNLMÎKL‹ŒL‹ŒMLŽŒŒMŒLKMNLŒL‹ŽNLŒM‹L‹ŒL‹ŒMLŽŒŒMŒL‹‹MŽMËLKŒÍËL‹ŒL‹ŒMLŽŒŒMŒLËLÌLÌ‹M‹ŒÎÍŒL‹ŒL‹ŒMLŽŒŒMŒMMMLÌML‹ÌMML‹ŒL‹ŒMLŽŒŒMŒMKLËŒMÌËLKŒŒŽMÍËL‹ŒL‹ŒMLŽŒŒMŒM‹KŒŒMLŒÍNMÌL‹ŒL‹ŒMLŽŒŒMŒMËL‹LLŒËŽKL‹ŒL‹ŒMLŽŒŒMŒNKŒÍKLKŒÎÍKL‹ŒL‹ŒMLŽŒŒMŒNKLKŒLNMÍËL‹ŽMLÌNKL‹ŒL‹ŒMLŽŒŒMŒŒL‹ÌŽLMLKŒÍŽL‹L‹ŒL‹ŒMLŽŒŒMŒŒKLŒŽNLKLŽNMŒŒÌËL‹ŒL‹ŒMLŽŒŒMŒŒ‹ŒŒL‹ŒL‹ŒMLŽŒŒMŒŒËLÍÎLKKŽMÌÍKL‹ŒL‹ŒMLŽŒŒMŒ‹ŒLMŽLKŒMŒÌ‹L‹ŒL‹ŒMLŽŒŒMŒKNLKLKÌLMLËL‹ŒL‹ŒMLŽŒŒMŒ‹LŽLLLŒËŒÍLÍËL‹ŒL‹ŒMLŽŒŒMŒËLLÍKLÎLMËL‹ŒL‹ŒMLŽŒŒMŒŽKÍŒŒ‹ÌÍL‹ŒL‹ŒMLŽŒŒMŒŽKLKÌNNKŽŒÍNLËL‹ŒL‹ŒMLŽŒŒMŒÌLÍÍ‹LKÎMNMÌL‹ŒL‹ŒMLŽŒŒMŒÌKLKŒÍŒKLKŽNMÍNLËL‹ŒL‹ŒMLŽŒŒMŒÌ‹LËŒŒŒLLËLKŒÍMKL‹ŒL‹ŒMLŽŒŒMŒÌËLŒLMML‹‹ŒÍ‹L‹ŒL‹ŒMLŽŒŒMŒÍ‹ŒŒŒÌÌKKLMKL‹ŒL‹ŒMLŽŒŒMŒÍKLËŒLÎÍŒ‹LŒMÍNMŽL‹ŒL‹ŒMLŽŒŒMŒÍ‹ŽMÌËLKŒMMMKL‹ŒL‹ŒMLŽŒŒMŒÍËLÎNKL‹ÍÍÌËL‹ŒL‹ŒMLŽŒŒMŒÎL‹ŽMÍN‹LŽLŒŽL‹ŒL‹ŒMLŽŒŒMŒÎKL‹ŒŒŽŒÍËLŒNMKL‹ŒL‹ŒMLŽŒŒMLŒNLÎLKÍÌÌMKL‹ŒL‹ŒMLŽŒŒMKL‹ŒNKŒŒMÍÍKL‹ŒL‹ŒMLŽŒŒM‹LŽÎKLKŽÍLËL‹ŒL‹ŒMLŽŒŒMËLKŒLLM‹MKŒLÍŽLL‹ŒL‹ŒMLŽŒŒML‹ŒÌŒŒËŒÌÎLMKL‹ŒL‹ŒMLŽŒŒMKKŒMK‹ŒŽKL‹ŒL‹ŒMLŽŒŒM‹‹LËLŒŒÌËL‹ŒL‹ŒMLŽŒŒMËL‹Œ‹LŒÎÍL‹ŒL‹ŒMLŽŒŒM‹ŒMÎ‹LŒLÌŽLL‹ŒL‹ŒMLŽŒŒMKNÌÍËLŒKL‹ŒL‹ŒMLŽŒŒMLL‹ÌÎNMMKKŒLŽMKL‹ŒL‹ŒMLŽŒŒMLKLKŒÍÎLŒŽKŒÎLÍÍKL‹ŒL‹ŒMLŽŒŒML‹ŽÍLKNMML‹ŒL‹ŒMLŽŒŒMLËLŒLŒL‹ŒÍÎML‹ŒL‹ŒMLŽŒŒMM‹ŒMÍLËMŒKL‹ŒL‹ŒMLŽŒŒMMKŽLL‹LËNMÍML‹ŒL‹ŒMLŽŒŒMM‹LËŒLNLÌ‹LKNÌ‹L‹ŒL‹ŒMLŽŒŒMMËNNLNKŒŒLML‹ŒL‹ŒMLŽŒŒMN‹ŽÌ‹ŽNNMÌ‹L‹ŒL‹ŒMLŽŒŒMNKLKŽLLMMŽLŒŽL‹ŒL‹ŒMLŽŒŒMŒKŒLÍMK‹ŽLËL‹ŒL‹ŒMLŽŒŒMŒKLKÎLNNMŒŒNMM‹L‹ŒL‹ŒMLŽŒŒMŒ‹LKŽLLKKŽMKL‹ŒL‹ŒMLŽŒŒMŒËLŒŒNNLÍKËŒÍÎLKL‹ŒL‹ŒMLŽŒŒMLŒŒMNLËŒMŒKL‹ŒL‹ŒMLŽŒŒMKLÍÍL‹LÌŒŒ‹L‹ŒL‹ŒMLŽŒŒM‹‹ŽLLËŒLÌÍKL‹ŒL‹ŒMLŽŒŒMËLKMŒLLKLKŽLLNLKL‹ŒL‹ŒMLŽŒŒMŽL‹ŒŒŽŽKLMÌKL‹ŒL‹ŒMLŽŒŒMŽK‹LÌLKŒÍÍL‹L‹ŒL‹ŒMLŽŒŒMÌËŽMÍ‹LŒÌMÍ‹L‹ŒL‹ŒMLŽŒŒMÌKLŒÌÍMKKŒÍËL‹ŒL‹ŒMLŽŒŒMÌ‹ŒŒL‹ŒL‹ŒMLŽŒŒMÌËÍŒŒŒ‹ŒÍLÍL‹ŒL‹ŒMLŽŒŒMÍLKŒŒMKKŽŒÍLKL‹ŒL‹ŒMLŽŒŒMÍK‹ŒNM‹ŒŒMÍ‹L‹ŒL‹ŒMLŽŒŒMÍ‹KŽÌM‹LKŒLMÌMŒL‹ŒL‹ŒMLŽŒŒMÍËLMË‹MLMŒMKL‹ŒL‹ŒMLŽŒŒMÎKŒŒŒŒKLKŒLŒŒKL‹ŒL‹ŒMLŽŒŒMÎK‹ÌŽMLL‹ÌLL‹L‹ŒL‹ŒMLŽŒŒMŽŒMŒÌÌ‹KŒÍML‹ŒL‹ŒMLŽŒŒMŽKŒŒL‹ŒL‹ŒMLŽŒŒMŽ‹ËŽ‹LLL‹ŒL‹ŒMLŽŒŒMŽËLMLŒÍËKŒÌÍMKL‹ŒL‹ŒMLŽŒŒMŽKŒÌÍËL‹ŽMËL‹ŒL‹ŒMLŽŒŒMŽKŒŒL‹ŒL‹ŒMLŽŒŒMŽ‹ŽMMÎËËŒÌMÌËL‹ŒL‹ŒMLŽŒŒMŽËŒLKKŒLLÍËL‹ŒL‹ŒMLŽŒŒMŽ‹ŽÍNÎNLŒL‹L‹ŒL‹ŒMLŽŒŒMŽKLŒMLŽKŒŒLÎMÍL‹ŒL‹ŒMLŽŒŒMŽLËŒÍÌKLŒÎÍÎKL‹ŒL‹ŒMLŽŒŒMŽLKKŒÎMÎŒ‹LKŒÍL‹L‹ŒL‹ŒMLŽŒŒMŽL‹ŽMLÌKŽMLŒÌËL‹ŒL‹ŒMLŽŒŒMŽLËŒÌMÍŒKŽÎŽLKL‹ŒL‹ŒMLŽŒŒMŽMKÌÌ‹KŒNŽMÍ‹L‹ŒL‹ŒMLŽŒŒMŽMKKŒÎÎLË‹ÌLMÌKL‹ŒL‹ŒMLŽŒŒMŽM‹ŒŒL‹ŒL‹ŒMLŽŒŒMŽMËËŒÎMÌKKŒMMMÌËL‹ŒL‹ŒMLŽŒŒMŽNŒŒL‹ŒL‹ŒMLŽŒŒMŽNKŒŒL‹ŒL‹ŒMLŽŒŒMÌŒŒL‹ŒL‹ŒMLŽŒŒMÌKKÍŽÎKŒÎŒËL‹ŒL‹ŒMLŽŒŒMÌ‹ŒŒL‹ŒL‹ŒMLŽŒŒMÌËKÍÌŒÍKLÌŒÍÎKL‹ŒL‹ŒMLŽŒŒMÌŒŒL‹ŒL‹ŒMLŽŒŒMÌKLKÍŒL‹ŒÍÍM‹L‹ŒL‹ŒMLŽŒŒMÌ‹KLÍŒ‹L‹ŒÌŽML‹ŒL‹ŒMLŽŒŒMÌËMKÎM‹L‹ŽNŽÍ‹L‹ŒL‹ŒMLŽŒŒMÌ‹ŒŒŒNMLKŒNLÌL‹ŒL‹ŒMLŽŒŒMÌKLKŒLÍM‹LŒŒŽL‹ŒL‹ŒMLŽŒŒMÌLMLÎMŽ‹L‹NM‹L‹ŒL‹ŒMLŽŒŒMÌLKLËŒMŒÍŒÎKLKŒMMÍNKL‹ŒL‹ŒMLŽŒŒMÌL‹Î‹LŽMÍÌÎM‹L‹ŒL‹ŒMLŽŒŒMÌLËL‹ÍŒŒÌNŒL‹ŒL‹ŒMLŽŒŒMÌMKÌNLÍÌËL‹ŒMŽKL‹ŒL‹ŒMLŽŒŒMÌMKLKŒÌMÌÌKLËLÍKL‹ŒL‹ŒMLŽŒŒMÌM‹L‹ŽLMÎMÌ‹LKÍMLM‹L‹ŒL‹ŒMLŽŒŒMÌMËLKŒMKL‹ŒÎMKL‹ŒL‹ŒMLŽŒŒMÌNŒLŒŒÎLŽÍ‹L‹ŒL‹ŒMLŽŒŒMÌNKLKŒÌNMÌKKŒÍÌËL‹ŒL‹ŒMLŽŒŒMÌŒ‹ŒÍMŽMKLKLÍŽMKL‹ŒL‹ŒMLŽŒŒMÌŒKLMÎNKL‹ŽNKL‹ŒL‹ŒMLŽŒŒMÌŒ‹LKŒŒNKNŒKL‹ŒL‹ŒMLŽŒŒMÌŒËLKŒNNMÌLŒLÍL‹L‹ŒL‹ŒMLŽŒŒMÌKŽN‹ŽLMŒÎL‹ŒL‹ŒMLŽŒŒMÌKLKÌ‹KŒÍŒL‹L‹ŒL‹ŒMLŽŒŒMÌ‹LŒMML‹ŒLŒÌL‹ŒL‹ŒMLŽŒŒMÌËLÌMËLKŒÎŒKL‹ŒL‹ŒMLŽŒŒMÌŽLËŒÍÌÍÌKLKÍLKL‹ŒL‹ŒMLŽŒŒMÌŽKLŽMÎKŽLNL‹ŒL‹ŒMLŽŒŒMÌÌ‹ŒÌLLÎKKLÍLËL‹ŒL‹ŒMLŽŒŒMÌÌKLËMLNLŽMMÌL‹ŒL‹ŒMLŽŒŒMÌÌ‹KŒMNMÌKLŽŽLMKL‹ŒL‹ŒMLŽŒŒMÌÌËŒÎÌ‹LKŽMÎNL‹ŒL‹ŒMLŽŒŒMÌÍŒŒL‹ŒL‹ŒMLŽŒŒMÌÍKLKMÌËŒNLÎÌKL‹ŒL‹ŒMLŽŒŒMÌÍ‹ŒŒL‹ŒL‹ŒMLŽŒŒMÌÍËL‹ŒMMLŽŒÍLÍL‹ŒL‹ŒMLŽŒŒMÌÎŒŒL‹ŒL‹ŒMLŽŒŒMÌÎKLŒÍLÎKMŽÍMŒËL‹ŒL‹ŒMLŽŒŒMÍŒŒL‹ŒL‹ŒMLŽŒŒMÍKKŽNNLK‹ÍŽMLÍËL‹ŒL‹ŒMLŽŒŒMÍ‹ŒŒL‹ŒL‹ŒMLŽŒŒMÍËLKÍMMLËŒMÌMÌËL‹ŒL‹ŒMLŽŒŒMÍŒŒL‹ŒL‹ŒMLŽŒŒMÍKKŒMLŒNMÌLŽL‹ŒL‹ŒMLŽŒŒMÍ‹ŒŒL‹ŒL‹ŒMLŽŒŒMÍËLKÌÎMÌËŒMMLKL‹ŒL‹ŒMLŽŒŒMÍKŒŽMÍËLKŒNMÍÌËL‹ŒL‹ŒMLŽŒŒMÍKLÌLNKL‹MŒËL‹ŒL‹ŒMLŽŒŒMÍLKŽMMÌŒŒLŽLLL‹ŒL‹ŒMLŽŒŒMÍLKKŒMËL‹ŽŒMÍËL‹ŒL‹ŒMLŽŒŒMÍL‹LËŒÍM‹L‹ŒLŽLÌL‹ŒL‹ŒMLŽŒŒMÍLËLMŒËŽŒËL‹ŒL‹ŒMLŽŒŒMÍM‹ŽMLÍŽŽÍÍÍLL‹ŒL‹ŒMLŽŒŒMÍMKLKŽLÍÌ‹LÍL‹ŒL‹ŒMLŽŒŒMÍM‹ËMŽËKÎNLKL‹ŒL‹ŒMLŽŒŒMÍMËLKŽÍNLMKŒNLLL‹ŒL‹ŒMLŽŒŒMÍNLKNLLKÍMÌÍL‹ŒL‹ŒMLŽŒŒMÍNKLKŒLK‹ŒÌLKL‹ŒL‹ŒMLŽŒŒMÍŒŒÌNŒNMŽÍÍL‹ŒL‹ŒMLŽŒŒMÍŒKŒŒL‹ŒL‹ŒMLŽŒŒMÍŒ‹‹ÌÎMŒËLŒÎMNKL‹ŒL‹ŒMLŽŒŒMÍŒËLKŒÌLŒMKLKŽŒMLËL‹ŒL‹ŒMLŽŒŒMÍLKÎÍNŒLÌL‹ŒL‹ŒMLŽŒŒMÍKËMNK‹LÍÍŒKL‹ŒL‹ŒMLŽŒŒMÍ‹ŒÎMLLLMLÍÌ‹L‹ŒL‹ŒMLŽŒŒMÍËLKMLÍŽMŒŽMMÍLL‹ŒL‹ŒMLŽŒŒMÍŽËLLŒM‹L‹ŒL‹ŒMLŽŒŒMÍŽKKÍNKŒLÌÍL‹ŒL‹ŒMLŽŒŒMÍÌLKŒLMÌÎKŽMÌL‹ŒL‹ŒMLŽŒŒMÍÌK‹MÌLÌ‹‹ŒMŒŒÍ‹L‹ŒL‹ŒMLŽŒŒMÍÌ‹KÍÌ‹LKŽLMML‹ŒL‹ŒMLŽŒŒMÍÌËLKNNKŒÍÍLŽM‹L‹ŒL‹ŒMLŽŒŒMÍÍKŒŒËLKÍÍÌKL‹ŒL‹ŒMLŽŒŒMÍÍKKŒÍLÍLËMŒÎMŒL‹ŒL‹ŒMLŽŒŒMÍÍ‹LŒLMKŒMNËL‹ŒL‹ŒMLŽŒŒMÍÍËKÎÌ‹‹ÎÎL‹ŒL‹ŒMLŽŒŒMÍÎËMMMLËLŽMÍËL‹ŒL‹ŒMLŽŒŒMÍÎKLLLËKÍMÍÍLKL‹ŒL‹ŒMLŽŒŒMÎKÌŒŒM‹L‹ŒÌÌ‹L‹ŒL‹ŒMLŽŒŒMÎKKLÍÎLL‹LKŽLNLNL‹ŒL‹ŒMLŽŒŒMÎ‹MÍLËËŒÍÍÌÌKL‹ŒL‹ŒMLŽŒŒMÎËLLMNKLLKL‹ŒL‹ŒMLŽŒŒMÎKŽKLŒMLËL‹ŒL‹ŒMLŽŒŒMÎKLŒŒŽ‹ŒLÍL‹ŒL‹ŒMLŽŒŒMÎ‹‹ŽŒŽNKLŽÌÌKL‹ŒL‹ŒMLŽŒŒMÎËŽŽMËLKŒŽMËL‹ŒL‹ŒMLŽŒŒMÎÎKÍÎLŒKL‹ŒL‹ŒMLŽŒŒMÎKËŒMŽÍÎNL‹ŒL‹ŒMLŽŒŒMÎLKŒÎMŒKŒNÌÌL‹ŒL‹ŒMLŽŒŒMÎLKMLLK‹ŒÍMLŒËL‹ŒL‹ŒMLŽŒŒMÎL‹ËŒÎŒÍËLKMÎLŒËL‹ŒL‹ŒMLŽŒŒMÎLËKŒMÌMËLŒŽKL‹ŒL‹ŒMLŽŒŒMÎMŽŒM‹‹ÌMMLL‹ŒL‹ŒMLŽŒŒMÎMK‹ŽNMŒÍËŒNMÍÌËL‹ŒL‹ŒMLŽŒŒMÎM‹‹LŒL‹KŒMMLŽL‹ŒL‹ŒMLŽŒŒMÎMËÎLŒŒKËŒÌÍKL‹ŒL‹ŒMLŽŒŒMÎNŒŽ‹ÌÎMŒ‹L‹ŒL‹ŒMLŽŒŒMÎNKLŒŒŽËL‹ŽLLÎÍËL‹ŒL‹ŒMLŽŒŒMŒŒL‹ŒL‹ŒMLŽŒŒMKŒŒL‹ŒL‹ŒMLŽŒŒM‹ŒŒL‹ŒL‹ŒMLŽŒŒMËŒŒL‹ŒL‹ŒMLŽŒŒMŒŒL‹ŒL‹ŒMLŽŒŒMKŒŒL‹ŒL‹ŒMLŽŒŒM‹ŒŒL‹ŒL‹ŒMLŽŒŒMËŒŒL‹ŒL‹ŒMLŽŒŒMŒŒL‹ŒL‹ŒMLŽŒŒMKŒŒL‹ŒL‹ŒMLŽŒŒMLŒŒL‹ŒL‹ŒMLŽŒŒMLKŒŒL‹ŒL‹ŒMLŽŒŒML‹ŒŒL‹ŒL‹ŒMLŽŒŒMLËŒŒL‹ŒL‹ŒMLŽŒŒMMŒŒL‹ŒL‹ŒMLŽŒŒMMKŒŒL‹ŒL‹ŒMLŽŒŒMM‹ŒŒL‹ŒL‹ŒMLŽŒŒMMËŒŒL‹ŒL‹ŒMLŽŒŒMNŒŒL‹ŒL‹ŒMLŽŒŒMNKŒŒL‹ŒL‹ŒMLŽŒŒMŒŒŒL‹ŒL‹ŒMLŽŒŒMŒKŒŒL‹ŒL‹ŒMLŽŒŒMŒ‹ŒŒL‹ŒL‹ŒMLŽŒŒMŒËŒŒL‹ŒL‹ŒMLŽŒŒMŒŒL‹ŒL‹ŒMLŽŒŒMKŒŒL‹ŒL‹ŒMLŽŒŒM‹ŒŒL‹ŒL‹ŒMLŽŒŒMËŒŒL‹ŒL‹ŒMLŽŒŒMŽŒŒL‹ŒL‹ŒMLŽŒŒMŽKŒŒL‹ŒL‹ŒMLŽŒŒMÌŒŒL‹ŒL‹ŒMLŽŒŒMÌKŒŒL‹ŒL‹ŒMLŽŒŒMÌ‹ŒŒL‹ŒL‹ŒMLŽŒŒMÌËŒŒL‹ŒL‹ŒMLŽŒŒMÍŒŒL‹ŒL‹ŒMLŽŒŒMÍKŒŒL‹ŒL‹ŒMLŽŒŒMÍ‹ŒŒL‹ŒL‹ŒMLŽŒŒMÍËŒŒL‹ŒL‹ŒMLŽŒŒMÎŒŒL‹ŒL‹ŒMLŽŒŒMÎKŒŒL‹ŒL‹ŒMLŽŒŒMŒŒL‹ŒL‹ŒMLŽŒŒMKŒŒL‹ŒL‹ŒMLŽŒŒM‹ŒŒL‹ŒL‹ŒMLŽŒŒMËŒŒL‹ŒL‹ŒMLŽŒŒMŒŒL‹ŒL‹ŒMLŽŒŒMKŒŒL‹ŒL‹ŒMLŽŒŒM‹ŒŒL‹ŒL‹ŒMLŽŒŒMËŒŒL‹ŒL‹ŒMLŽŒŒMŒŒL‹ŒL‹ŒMLŽŒŒMKŒŒL‹ŒL‹ŒMLŽŒŒMLŒŒL‹ŒL‹ŒMLŽŒŒMLKŒŒL‹ŒL‹ŒMLŽŒŒML‹ŒŒL‹ŒL‹ŒMLŽŒŒMLËŒŒL‹ŒL‹ŒMLŽŒŒMMŒŒL‹ŒL‹ŒMLŽŒŒMMKŒŒL‹ŒL‹ŒMLŽŒŒMM‹ŒŒL‹ŒL‹ŒMLŽŒŒMMËŒŒL‹ŒL‹ŒMLŽŒŒMNŒŒL‹ŒL‹ŒMLŽŒŒMNKŒŒL‹ŒL‹ŒMLŽŒŒMŒŒŒL‹ŒL‹ŒMLŽŒŒMŒKŒŒL‹ŒL‹ŒMLŽŒŒMŒ‹ŒŒL‹ŒL‹ŒMLŽŒŒMŒËŒŒL‹ŒL‹ŒMLŽŒŒMŒŒL‹ŒL‹ŒMLŽŒŒMKŒŒL‹ŒL‹ŒMLŽŒŒM‹ŒŒL‹ŒL‹ŒMLŽŒŒMËŒŒL‹ŒL‹ŒMLŽŒŒMŽŒŒL‹ŒL‹ŒMLŽŒŒMŽKŒŒL‹ŒL‹ŒMLŽŒŒMÌŒŒL‹ŒL‹ŒMLŽŒŒMÌKŒŒL‹ŒL‹ŒMLŽŒŒMÌ‹ŒŒL‹ŒL‹ŒMLŽŒŒMÌËŒŒL‹ŒL‹ŒMLŽŒŒMÍŒŒL‹ŒL‹ŒMLŽŒŒMÍKŒŒL‹ŒL‹ŒMLŽŒŒMÍ‹ŒŒL‹ŒL‹ŒMLŽŒŒMÍËŒŒL‹ŒL‹ŒMLŽŒŒMÎŒŒL‹ŒL‹ŒMLŽŒŒMÎKŒŒL‹ŒL‹ŒMLŽŒŒMŒŒL‹ŒL‹ŒMLŽŒŒMKŒŒL‹ŒL‹ŒMLŽŒŒM‹ŒŒL‹ŒL‹ŒMLŽŒŒMËŒŒL‹ŒL‹ŒMLŽŒŒMŒŒL‹ŒL‹ŒMLŽŒŒMKŒŒL‹ŒL‹ŒMLŽŒŒM‹ŒŒL‹ŒL‹ŒMLŽŒŒMËŒŒL‹ŒL‹ŒMLŽŒŒMŒŒL‹ŒL‹ŒMLŽŒŒMKŒŒL‹ŒL‹ŒMLŽŒŒMLŒŒL‹ŒL‹ŒMLŽŒŒMLKŒŒL‹ŒL‹ŒMLŽŒŒML‹ŒŒL‹ŒL‹ŒMLŽŒŒMLËŒŒL‹ŒL‹ŒMLŽŒŒMMŒŒL‹ŒL‹ŒMLŽŒŒMMKŒŒL‹ŒL‹ŒMLŽŒŒMM‹ŒŒL‹ŒL‹ŒMLŽŒŒMMËLKŽMËŒLŒÎËL‹ŒL‹ŒMLŽŒŒMN‹ŒMLÎLKLMNL‹ŒL‹ŒMLŽŒŒMNKMËŒNML‹MŒŒLŒÌ‹L‹ŒL‹ŒMLŽŒŒMLËÍMÍNLŒMÎÌÍL‹ŒL‹ŒMLŽŒŒMLKLKŒŒLMŒ‹M‹NMMM‹L‹ŒL‹ŒMLŽŒŒML‹MKŒÌÌNLÎKLËÍËL‹ŒL‹ŒMLŽŒŒMLËL‹ŽNÌM‹LKÌMÎL‹L‹ŒL‹ŒMLŽŒŒML‹ŒMÌMŒLÍÍL‹ŒL‹ŒMLŽŒŒMLKLËŒÍLKŽÍŽLËL‹ŒL‹ŒMLŽŒŒML‹KLLLŒLKML‹ŒL‹ŒMLŽŒŒMLËLŒÎLÎMËLËŒLÌËL‹ŒL‹ŒMLŽŒŒMLMÌŒÌŒNL‹ŽL‹L‹ŒL‹ŒMLŽŒŒMLKLŒMÎKLNLÌKL‹ŒL‹ŒMLŽŒŒMLLLLÍÎKLKŒÎNKL‹ŒL‹ŒMLŽŒŒMLLKŒŒL‹ŒL‹ŒMLŽŒŒMLL‹‹ŒÌŽËLKNMÍLËL‹ŒL‹ŒMLŽŒŒMLLËŒLMÎLKŽL‹L‹ŒL‹ŒMLŽŒŒMLMLKŒMKŽLŒÌMËL‹ŒL‹ŒMLŽŒŒMLMKLŽLÍÎLKLÍKL‹ŒL‹ŒMLŽŒŒMLM‹KŽLŒÍNLŒMMŒL‹ŒL‹ŒMLŽŒŒMLMËLKÎL‹ÌÌÍ‹L‹ŒL‹ŒMLŽŒŒMLNŒLÌLÌKL‹ŽMLŒMËL‹ŒL‹ŒMLŽŒŒMLNKLŒŽLŒKLKŽLLLËL‹ŒL‹ŒMLŽŒŒMLŒLËŒŒMËLKLÍLLKL‹ŒL‹ŒMLŽŒŒMLŒKLŒMÍÌMËKŽŒŒÌKL‹ŒL‹ŒMLŽŒŒMLŒ‹‹ŒMMŽKŒÌŽ‹L‹ŒL‹ŒMLŽŒŒMLŒËŒŒL‹ŒL‹ŒMLŽŒŒMLKŽLÌLŽÍÍ‹L‹ŒL‹ŒMLŽŒŒMLKLŒLŒNML‹ÍÍŒ‹L‹ŒL‹ŒMLŽŒŒML‹L‹ŒÌŽMKLŒLÍŽËL‹ŒL‹ŒMLŽŒŒMLËL‹ŒŒËÎLËL‹ŒL‹ŒMLŽŒŒMLŽŒŒL‹ŒL‹ŒMLŽŒŒMLŽKLKNŒMKŒLLNMËL‹ŒL‹ŒMLŽŒŒMLÌŒŒL‹ŒL‹ŒMLŽŒŒMLÌKŽLLÌLLËMÎMML‹ŒL‹ŒMLŽŒŒMLÌ‹ŒŒL‹ŒL‹ŒMLŽŒŒMLÌËËŒÍÎNËËÍÌMËL‹ŒL‹ŒMLŽŒŒMLÍŒŒL‹ŒL‹ŒMLŽŒŒMLÍKL‹ŒÍËLŒÎMŒLKL‹ŒL‹ŒMLŽŒŒMLÍ‹ŒŒL‹ŒL‹ŒMLŽŒŒMLÍËKÍÍLL‹LŒLLŒNL‹ŒL‹ŒMLŽŒŒMLÎL‹ŒMÍŽKŒÍMŒÍL‹ŒL‹ŒMLŽŒŒMLÎKLKŒŽLLLÎLÎL‹ŒL‹ŒMLŽŒŒMMŒÍLÍŒ‹L‹ŒLÌŽL‹ŒL‹ŒMLŽŒŒMMKLŒŒLŽLËL‹ÍMËL‹ŒL‹ŒMLŽŒŒMM‹KŽMMŒMËLŒNKL‹ŒL‹ŒMLŽŒŒMMË‹ŒMLML‹ŒÍÍÍL‹ŒL‹ŒMLŽŒŒMMLËŒÎL‹LKÌÍÌÌ‹L‹ŒL‹ŒMLŽŒŒMMKŒÍMÌKŒÌLMÍ‹L‹ŒL‹ŒMLŽŒŒMM‹‹MŒNKLŒNNKL‹ŒL‹ŒMLŽŒŒMMËLKŒÍLLŽLKŒÌÍÍMKL‹ŒL‹ŒMLŽŒŒMMËÌ‹ŽLMÎML‹ŒL‹ŒMLŽŒŒMMKLKÎMŒËMŒMÍÎKL‹ŒL‹ŒMLŽŒŒMMLLKŒÌÌÌK‹ŒÌÍNMËL‹ŒL‹ŒMLŽŒŒMMLKLŒÍŒÌ‹ŒÍMÌL‹ŒL‹ŒMLŽŒŒMML‹ŒÌLŒÌLËÎLMKL‹ŒL‹ŒMLŽŒŒMMLËLKMLÎLLMNNL‹ŒL‹ŒMLŽŒŒMMMËŒMLÍÍÌKLŒŒŒÎMLKL‹ŒL‹ŒMLŽŒŒMMMKLKMLŽLËŒÌL‹ŒL‹ŒMLŽŒŒMMM‹LKŒÌMNKŒLÍÌËL‹ŒL‹ŒMLŽŒŒMMMËËŽŒL‹‹ŒÌÌÌÌ‹L‹ŒL‹ŒMLŽŒŒMMNŽLMLŒ‹LŽÎLL‹ŒL‹ŒMLŽŒŒMMNKLŽŽMËŒŒNLKL‹ŒL‹ŒMLŽŒŒMMŒËŽŽLŒËŒNLLLKL‹ŒL‹ŒMLŽŒŒMMŒKLŽÌMMKLÎŒKL‹ŒL‹ŒMLŽŒŒMMŒ‹L‹ŒLÎËŒMKL‹ŒL‹ŒMLŽŒŒMMŒË‹ÎÍ‹ÍL‹ŒL‹ŒMLŽŒŒMMKŒLŒLKŽM‹L‹ŒL‹ŒMLŽŒŒMMKLŽLLM‹ŒNLMŒŒL‹ŒL‹ŒMLŽŒŒMM‹ŒŒL‹ŒL‹ŒMLŽŒŒMMËŒŒL‹ŒL‹ŒMLŽŒŒMMŽLÌMKLŽLMKL‹ŒL‹ŒMLŽŒŒMMŽKKÌL‹ŽMLLL‹ŒL‹ŒMLŽŒŒMMÌËŒMŒŒËLŒMÌÎNKL‹ŒL‹ŒMLŽŒŒMMÌKLKŒÍŽNËŒMMËL‹ŒL‹ŒMLŽŒŒMMÌ‹KŽÌ‹L‹ŽLÍŒL‹ŒL‹ŒMLŽŒŒMMÌËŒNNLKL‹ÌŽKL‹ŒL‹ŒMLŽŒŒMMÍKÎMÍ‹MMÎM‹L‹ŒL‹ŒMLŽŒŒMMÍKKŽÎÌË‹ŒLÍÎNKL‹ŒL‹ŒMLŽŒŒMMÍ‹‹ŒMLMLŽLŒŽŽLLL‹ŒL‹ŒMLŽŒŒMMÍËÎ‹ÍMMŒL‹ŒL‹ŒMLŽŒŒMMÎ‹ÌÌMŒKLKŒÌÎŒKL‹ŒL‹ŒMLŽŒŒMMÎKŽM‹LKÎŒLÎL‹ŒL‹ŒMLŽŒŒMNKŒLNËKŒÌLÍËL‹ŒL‹ŒMLŽŒŒMNKKŒÌLLŒËKÎMËL‹ŒL‹ŒMLŽŒŒMN‹NMÎŽÍŒL‹ŒL‹ŒMLŽŒŒMNËŒÌLÍŽ‹ŽNLŽNL‹L‹ŒL‹ŒMLŽŒŒMNKNŽLKLËŒÎMËL‹ŒL‹ŒMLŽŒŒMNKKŒÎÌÍLKŒŒMMŒML‹ŒL‹ŒMLŽŒŒMN‹LŒŽŒŒ‹‹LŒŒ‹L‹ŒL‹ŒMLŽŒŒMNË‹ŒËŽLŒLNL‹ŒL‹ŒMLŽŒŒMN‹ŒÌËŽLÍŒKL‹ŒL‹ŒMLŽŒŒMNKLŒMÌËËŒÍŽMŒËL‹ŒL‹ŒMLŽŒŒMNL‹ÍÌÍKLÎMŒMÍËL‹ŒL‹ŒMLŽŒŒMNLKLMŒÌLËŒÌÌŽL‹L‹ŒL‹ŒMLŽŒŒMNL‹ŒŒL‹ŒL‹ŒMLŽŒŒMNLËLKŒLŒ‹ÎMÍLL‹ŒL‹ŒMLŽŒŒMNMKŽLLKL‹ŒLMMËL‹ŒL‹ŒMLŽŒŒMNMKMKŒÍÎLŒL‹ŽŽL‹ŒL‹ŒMLŽŒŒMNM‹KŽNÌLËLKŒŒÍMNKL‹ŒL‹ŒMLŽŒŒMNMËLKŒŒÎM‹ŒÌLLL‹L‹ŒL‹ŒMLŽŒŒMNNMŽÌÌKL‹ŒŒMMKL‹ŒL‹ŒMLŽŒŒMNNKLËMLÍŽLKŒNMNLL‹ŒL‹ŒMLŽŒŒMŒŽŽMŒÍKLŒŒÌŽKL‹ŒL‹ŒMLŽŒŒMŒKLËŽÎMKLŒMNNKL‹ŒL‹ŒMLŽŒŒMŒ‹KŒÌLLLNKLKŒÌÌKL‹ŒL‹ŒMLŽŒŒMŒËLKÍMNLËÌÍŒ‹L‹ŒL‹ŒMLŽŒŒMŒLËŒ‹LKŒMÍÍML‹ŒL‹ŒMLŽŒŒMŒKLKŒÌŽKLKŽMÎËL‹ŒL‹ŒMLŽŒŒMŒ‹LŒŒNÎKLLMÎKL‹ŒL‹ŒMLŽŒŒMŒËLKŒÎMÌM‹KŽLŒÌ‹L‹ŒL‹ŒMLŽŒŒMŒKÌMNNL‹ŒLN‹L‹ŒL‹ŒMLŽŒŒMŒKŒŒL‹ŒL‹ŒMLŽŒŒMŒLLKŒÌMLÌ‹ŒMÍÍL‹ŒL‹ŒMLŽŒŒMŒLKLËŒŒNMÍË‹ŽLÎLKL‹ŒL‹ŒMLŽŒŒMŒL‹KŒÍŒÎNKMÌMÌKL‹ŒL‹ŒMLŽŒŒMŒLËL‹ŒMŒŒ‹ÌL‹L‹ŒL‹ŒMLŽŒŒMŒMNÎLËLKŒLËL‹ŒL‹ŒMLŽŒŒMŒMKLKŒMMMLKLÍM‹L‹ŒL‹ŒMLŽŒŒMŒM‹LËŽMLLŒKLKŽMLMŽKL‹ŒL‹ŒMLŽŒŒMŒMËLMÍMÍ‹‹NÌŒL‹ŒL‹ŒMLŽŒŒMŒN‹ŒNÌKŽÍNLËL‹ŒL‹ŒMLŽŒŒMŒNKMŒMMNLM‹LÌŒ‹L‹ŒL‹ŒMLŽŒŒMŒŒÎNËLŽLÍŽKL‹ŒL‹ŒMLŽŒŒMŒŒKLŒÍËL‹ŒÍMÌÌËL‹ŒL‹ŒMLŽŒŒMŒŒ‹LKLKŽÍŒKL‹ŒL‹ŒMLŽŒŒMŒŒËL‹ŒKŒLÍMŒËL‹ŒL‹ŒMLŽŒŒMŒLŒŒÌMNMKÌÎLÌMKL‹ŒL‹ŒMLŽŒŒMŒKLKMÍÎKŒŽLMLL‹ŒL‹ŒMLŽŒŒMŒ‹ŒŒL‹ŒL‹ŒMLŽŒŒMŒËLŒLŒŒMKMŒŒÎNKL‹ŒL‹ŒMLŽŒŒMŒŽL‹ŒMLKLMËL‹ŒL‹ŒMLŽŒŒMŒŽKKŒŒÎLMÍ‹‹MŒMÎL‹ŒL‹ŒMLŽŒŒMŒÌËÌŒMMŽLŽM‹L‹ŒL‹ŒMLŽŒŒMŒÌKLKŽLÎKŒŽÌÎKL‹ŒL‹ŒMLŽŒŒMŒÌ‹‹ŒÌNLŒLL‹ŒL‹ŒMLŽŒŒMŒÌËMÎMÎKLŒÎMLKL‹ŒL‹ŒMLŽŒŒMŒÍŒŒL‹ŒL‹ŒMLŽŒŒMŒÍKŒŒL‹ŒL‹ŒMLŽŒŒMŒÍ‹KŒLMLÎLNL‹ŒL‹ŒMLŽŒŒMŒÍËLŒÌŒŽL‹ŒÎMÎ‹L‹ŒL‹ŒMLŽŒŒMŒÎKMËŒŽÌÌËL‹ŒL‹ŒMLŽŒŒMŒÎKÌMŒKLËŒÎÍKL‹ŒL‹ŒMLŽŒŒMLËŒŒNLLÍ‹LKŽMMNÌ‹L‹ŒL‹ŒMLŽŒŒMKŒÍÌLKKŒŒËL‹ŒL‹ŒMLŽŒŒM‹‹MÌŒÍKŽLNKL‹ŒL‹ŒMLŽŒŒMËL‹ÍÌÍŒNÎLŒ‹L‹ŒL‹ŒMLŽŒŒM‹ÍÍKŒŽÎ‹L‹ŒL‹ŒMLŽŒŒMKL‹ŒÎNLŽMMÌÍL‹ŒL‹ŒMLŽŒŒM‹L‹ŒŒMŒKKÍMKL‹ŒL‹ŒMLŽŒŒMËLKŒŒÍÍMK‹ÍÌÍÍKL‹ŒL‹ŒMLŽŒŒMŒŽÌŽŽMŒŒ‹L‹ŒL‹ŒMLŽŒŒMKLKŒMMMŒÍÎNLL‹ŒL‹ŒMLŽŒŒML‹ŒNLMKLMMÌŒËL‹ŒL‹ŒMLŽŒŒMLKLKLÌŽLKŽÍNL‹L‹ŒL‹ŒMLŽŒŒML‹L‹ÎÍLLMÍL‹ŒL‹ŒMLŽŒŒMLË‹ŒŒŒËKLLLLKL‹ŒL‹ŒMLŽŒŒMMËŒLMËLKŒNMÌLLKL‹ŒL‹ŒMLŽŒŒMMKLKŽLÍKŒMKL‹ŒL‹ŒMLŽŒŒMM‹LMMKKLŒŒKL‹ŒL‹ŒMLŽŒŒMMËŒŒÌŒÍÍKŒÌÍËL‹ŒL‹ŒMLŽŒŒMNLKŒNNNKÌMM‹L‹ŒL‹ŒMLŽŒŒMNK‹ŒMLMÍKKŽMŒÍMËL‹ŒL‹ŒMLŽŒŒMŒKŽMÎM‹LKŒNLLML‹ŒL‹ŒMLŽŒŒMŒKŒŒL‹ŒL‹ŒMLŽŒŒMŒ‹ŽMÍMËLKLÌŽLËL‹ŒL‹ŒMLŽŒŒMŒËKŒMMŒËLËMÍNLKL‹ŒL‹ŒMLŽŒŒMLŒMŒÌÌLMŒ‹L‹ŒL‹ŒMLŽŒŒMKKŽŽMÍLËLNNLL‹ŒL‹ŒMLŽŒŒM‹ËÎNMÍLŒŽL‹ŒL‹ŒMLŽŒŒMËLŽNMKKLŒÌŒËL‹ŒL‹ŒMLŽŒŒMŽKŒNMMÌÎL‹ŽÌ‹L‹ŒL‹ŒMLŽŒŒMŽKKŒŒŒMLKŒMŽL‹ŒL‹ŒMLŽŒŒMÌKŽÌLLÌL‹ŒL‹ŒMLŽŒŒMÌKLLÍÌÍŒËKŒŒNËL‹ŒL‹ŒMLŽŒŒMÌ‹‹ŒÍLÎM‹ŒL‹L‹ŒL‹ŒMLŽŒŒMÌËŒMMÎKKÍÌKL‹ŒL‹ŒMLŽŒŒMÍ‹ÍMŽLŒMLMÍL‹ŒL‹ŒMLŽŒŒMÍKŽNNLKLŽLMLŽKL‹ŒL‹ŒMLŽŒŒMÍ‹ŒNÍ‹ŒŽNMNL‹ŒL‹ŒMLŽŒŒMÍËËŽMÎNLL‹ŒL‹ŒMLŽŒŒMÎ‹ŒLÌŽ‹ŒMŒMMM‹L‹ŒL‹ŒMLŽŒŒMÎKKŒMÌÍL‹ËMŒL‹ŒL‹ŒMLŽŒŒMŽŽŽÌ‹LŒMLNL‹ŒL‹ŒMLŽŒŒMŽKËÍLŽNM‹KŒÍŽM‹L‹ŒL‹ŒMLŽŒŒMŽ‹ŒŒL‹ŒL‹ŒMLŽŒŒMŽËŒŒL‹ŒL‹ŒMLŽŒŒMŽŒŒL‹ŒL‹ŒMLŽŒŒMŽKKÌNNÌLÍL‹ŒL‹ŒMLŽŒŒMŽ‹ŒŒL‹ŒL‹ŒMLŽŒŒMŽËKÍÎLKLKÍÍKL‹ŒL‹ŒMLŽŒŒMŽŒŒL‹ŒL‹ŒMLŽŒŒMŽKŒŒL‹ŒL‹ŒMLŽŒŒMŽLËŒLÎLÎMKLKŒLÌKL‹ŒL‹ŒMLŽŒŒMŽLKMÎMMLKŽLNL‹ŒL‹ŒMLŽŒŒMŽL‹KÌÌÍËLŽLÎMKL‹ŒL‹ŒMLŽŒŒMŽLËLKŒNMÎMM‹ŒÎL‹ŒL‹ŒMLŽŒŒMŽMLËŽMLL‹LKŽMÍÎL‹ŒL‹ŒMLŽŒŒMŽMKLËŒŒÎM‹LKŒLLÌ‹L‹ŒL‹ŒMLŽŒŒMŽM‹KŒŒŽL‹ŒÍÎL‹ŒL‹ŒMLŽŒŒMŽMËL‹ŽÎNKŽLŒLLKL‹ŒL‹ŒMLŽŒŒMŽN‹ŒMÍLLÎŒL‹ŒL‹ŒMLŽŒŒMŽNKLKŒÍÌÌÎKLËMŽMÌËL‹ŒL‹ŒMLŽŒŒMÌL‹ŽMÌËLKLMËL‹ŒL‹ŒMLŽŒŒMÌKLKŒLÌÌMM‹LKÌÍÌŒŽL‹ŒL‹ŒMLŽŒŒMÌ‹ŒMNKLNMËL‹ŒL‹ŒMLŽŒŒMÌËLŽŒÍLKŽŒM‹L‹ŒL‹ŒMLŽŒŒMÌKMÍLKŽMÌÌLL‹ŒL‹ŒMLŽŒŒMÌKLŒMMNLKMÎLL‹ŒL‹ŒMLŽŒŒMÌ‹LKŒÌMKLŒŒÌÎLËL‹ŒL‹ŒMLŽŒŒMÌËLŽLMLÎMËLÌÌŒÍKL‹ŒL‹ŒMLŽŒŒMÌKMLËÌÎMKL‹ŒL‹ŒMLŽŒŒMÌKLKLÌÍ‹KŒNŽL‹ŒL‹ŒMLŽŒŒMÌLŒÍMNLKŽLLÍŽL‹ŒL‹ŒMLŽŒŒMÌLKLŒÍLÌÌÍKLKŒNKL‹ŒL‹ŒMLŽŒŒMÌL‹LËŒÌŒŒLKŒMÍMŒL‹ŒL‹ŒMLŽŒŒMÌLËLŒÎNML‹‹ÍÍŒL‹ŒL‹ŒMLŽŒŒMÌM‹MMÌŽNKŒÍÍ‹L‹ŒL‹ŒMLŽŒŒMÌMKMŒLNLÌÌLMÌL‹ŒL‹ŒMLŽŒŒMÌM‹KNKLLÎKL‹ŒL‹ŒMLŽŒŒMÌMËLML‹LÌNLŒL‹ŒL‹ŒMLŽŒŒMÌNŒŒL‹ŒL‹ŒMLŽŒŒMÌNKLKLMŒLŒŒŽMMM‹L‹ŒL‹ŒMLŽŒŒMÌŒŒŒL‹ŒL‹ŒMLŽŒŒMÌŒKLKŒLÌLNMKŒÍŒÎKL‹ŒL‹ŒMLŽŒŒMÌŒ‹ŒŒL‹ŒL‹ŒMLŽŒŒMÌŒËLŒÌÌLKMŒLÎÌKL‹ŒL‹ŒMLŽŒŒMÌŒŒL‹ŒL‹ŒMLŽŒŒMÌK‹ŒÌ‹ËŒL‹ŒL‹ŒMLŽŒŒMÌ‹ŒŒL‹ŒL‹ŒMLŽŒŒMÌËLKŽLŽN‹LŒÌÌÍ‹L‹ŒL‹ŒMLŽŒŒMÌŽŒŒL‹ŒL‹ŒMLŽŒŒMÌŽKKŒLŽLLKLŒÎMNMKL‹ŒL‹ŒMLŽŒŒMÌÌL‹ŒNKKNÍKL‹ŒL‹ŒMLŽŒŒMÌÌKLKNÌŒKLÎLMÍKL‹ŒL‹ŒMLŽŒŒMÌÌ‹ÍŒŒMËLKŒÌLŒËL‹ŒL‹ŒMLŽŒŒMÌÌËLMÌŒŽKLËŒLŒLLËL‹ŒL‹ŒMLŽŒŒMÌÍKMÍËLÌÍËL‹ŒL‹ŒMLŽŒŒMÌÍKŽŽLLMKLËŒMÍMŽKL‹ŒL‹ŒMLŽŒŒMÌÍ‹LËÌÌÎLLKÌLMÍÎL‹ŒL‹ŒMLŽŒŒMÌÍËLŒMLMNKŽNMMËL‹ŒL‹ŒMLŽŒŒMÌÎ‹LMŽÌLÍÌL‹ŒL‹ŒMLŽŒŒMÌÎKL‹ŒÌÌNŒMŒNL‹ŒL‹ŒMLŽŒŒMÍËŒNŒÍ‹ŽÎMÍ‹L‹ŒL‹ŒMLŽŒŒMÍKLKÍMLNKMMÌÌKL‹ŒL‹ŒMLŽŒŒMÍ‹LKÌÌKŽNMŒL‹ŒL‹ŒMLŽŒŒMÍËLŽLÍŽ‹LLŒ‹L‹ŒL‹ŒMLŽŒŒMÍLŒMLÌŒÎKŒMËL‹ŒL‹ŒMLŽŒŒMÍKLŽNLÍMKLŒNLKL‹ŒL‹ŒMLŽŒŒMÍ‹‹MÌÌ‹LML‹L‹ŒL‹ŒMLŽŒŒMÍËLMNMŽKLKŒÌLNËL‹ŒL‹ŒMLŽŒŒMÍLKËŒMÍMKL‹ŒL‹ŒMLŽŒŒMÍKŒŒL‹ŒL‹ŒMLŽŒŒMÍLŒMMLMLŒŒMÍL‹ŒL‹ŒMLŽŒŒMÍLKLMŒŽNM‹L‹ŒL‹ŒMLŽŒŒMÍL‹ËÌŽL‹MÌMÍÍL‹ŒL‹ŒMLŽŒŒMÍLËNNNKŒÍŽÍËL‹ŒL‹ŒMLŽŒŒMÍML‹ŒÍÎŒŒÎMÍLL‹ŒL‹ŒMLŽŒŒMÍMK‹ŒNNM‹KŽNMŽL‹ŒL‹ŒMLŽŒŒMÍM‹KŽ‹LKŒLŒLÌŽL‹ŒL‹ŒMLŽŒŒMÍMËLKŒŒÍÍK‹ŒNŽKL‹ŒL‹ŒMLŽŒŒMÍNKŒMÌMËLKŒÍMÎÌËL‹ŒL‹ŒMLŽŒŒMÍNKŽLÎÍLËÌÍNL‹ŒL‹ŒMLŽŒŒMÍŒŒNLŒŽMMÌN‹L‹ŒL‹ŒMLŽŒŒMÍŒKKŽMŒŒËËŒŒLÌÌËL‹ŒL‹ŒMLŽŒŒMÍŒ‹ËLÌËLŒÌŒLMKL‹ŒL‹ŒMLŽŒŒMÍŒËLKLNLLÌ‹ŽMLLL‹L‹ŒL‹ŒMLŽŒŒMÍŽMŽLKLËLNLLËL‹ŒL‹ŒMLŽŒŒMÍKÍMŒ‹LËŒMÍÎNL‹ŒL‹ŒMLŽŒŒMÍ‹ŽNNLÌ‹ËÌŒLÍÍ‹L‹ŒL‹ŒMLŽŒŒMÍËŒMLÌŽKŒÍLML‹ŒL‹ŒMLŽŒŒMÍŽ‹ŒŒÌŽÍKŒÍLÍŒËL‹ŒL‹ŒMLŽŒŒMÍŽKLŒÌLŒŽNMMM‹L‹ŒL‹ŒMLŽŒŒMÍÌ‹ÎLNLKLMKL‹ŒL‹ŒMLŽŒŒMÍÌKMÍÍ‹LKŒÌÎLL‹L‹ŒL‹ŒMLŽŒŒMÍÌ‹ÍŒŽKKŒNNKL‹ŒL‹ŒMLŽŒŒMÍÌËŒÌÌËKŒÌLËL‹ŒL‹ŒMLŽŒŒMÍÍŒŒL‹ŒL‹ŒMLŽŒŒMÍÍKŒŒL‹ŒL‹ŒMLŽŒŒMÍÍ‹ŒÎŒNLŽLMÍL‹ŒL‹ŒMLŽŒŒMÍÍËŒŒL‹ŒL‹ŒMLŽŒŒMÍÎKŒÎLÌ‹‹LŒÌ‹L‹ŒL‹ŒMLŽŒŒMÍÎKËŒŽ‹ŒMÌLÍL‹ŒL‹ŒMLŽŒŒMÎ‹ŽŒKKŒÌÌMŒKL‹ŒL‹ŒMLŽŒŒMÎKLŒÌNËŒLŽÎL‹ŒL‹ŒMLŽŒŒMÎ‹ËŽÍÌ‹ŒŒÌÍM‹L‹ŒL‹ŒMLŽŒŒMÎËÍÍML‹ŒÌŒL‹ŒL‹ŒMLŽŒŒMÎŒŒL‹ŒL‹ŒMLŽŒŒMÎKLŒÎLLŒÍËKŒÌŽÍËL‹ŒL‹ŒMLŽŒŒMÎ‹‹ŒNNMÍKLKLLËL‹ŒL‹ŒMLŽŒŒMÎËMKŒMÌËL‹ŒŒÌKL‹ŒL‹ŒMLŽŒŒMÎKŒM‹LKŒÍLÌ‹L‹ŒL‹ŒMLŽŒŒMÎKLKŒMŽLM‹ŒŒŒM‹L‹ŒL‹ŒMLŽŒŒMÎLMŒŽÎL‹MÍŽML‹ŒL‹ŒMLŽŒŒMÎLKL‹ŽMMÌÌLKŒŒÎL‹ŒL‹ŒMLŽŒŒMÎL‹ŽLLÌŒKLŒÌŽMŒŒKL‹ŒL‹ŒMLŽŒŒMÎLËLËŒMLNKŒÎMËL‹ŒL‹ŒMLŽŒŒMÎMKŒNLMŽËLKŒÍËL‹ŒL‹ŒMLŽŒŒMÎMKLKŒÎÌ‹LËŒLLÍL‹L‹ŒL‹ŒMLŽŒŒMÎM‹LËÍŒÌŒÍKLKÌLLKL‹ŒL‹ŒMLŽŒŒMÎMËLKÌMÍML‹ŒÌÌŒÌL‹ŒL‹ŒMLŽŒŒMÎNLŒÌŒŒŒLKŒMLŽL‹ŒL‹ŒMLŽŒŒMÎNKLKMŒŽKKŒŒŒŽÍËL‹ŒL‹ŒMLŽŒŒMÎLÎL‹ŒÎNLŒM‹L‹ŒL‹ŒMLŽŒŒMKLŽLMŽKLKŽNMLKL‹ŒL‹ŒMLŽŒŒM‹LKŒŒMMŒËŒŒMÍMËL‹ŒL‹ŒMLŽŒŒMËLŽMËLŽÌŒKL‹ŒL‹ŒMLŽŒŒMŽMNMŒLLŒÎL‹L‹ŒL‹ŒMLŽŒŒMKLKŽMNKŒÌÍËL‹ŒL‹ŒMLŽŒŒM‹ŒÌLMÎKL‹LŒLLÌËL‹ŒL‹ŒMLŽŒŒMËLKNÍ‹L‹ŒŒÌÌÌL‹ŒL‹ŒMLŽŒŒML‹ŽLÍMMLKLKŒÌLÌKL‹ŒL‹ŒMLŽŒŒMKLŽ‹ŒNŽM‹L‹ŒL‹ŒMLŽŒŒML‹ŒŒÍËKŒÌŒŒÍKL‹ŒL‹ŒMLŽŒŒMLKMLŒÍMLŽLNLL‹ŒL‹ŒMLŽŒŒML‹ŒÎLMKLKŽLŒËL‹ŒL‹ŒMLŽŒŒMLËLŽLLMKLËŒŽKL‹ŒL‹ŒMLŽŒŒMMLËŒLMKLLÌKL‹ŒL‹ŒMLŽŒŒMMKLKŒŽNMLÍ‹L‹ŒL‹ŒMLŽŒŒMM‹LŒÎNKŽKL‹ŒL‹ŒMLŽŒŒMMËL‹ŒLÌMÌMKŒLMÍKL‹ŒL‹ŒMLŽŒŒMNŒŒL‹ŒL‹ŒMLŽŒŒMNKLŒÍLMÎMŒÌŒML‹ŒL‹ŒMLŽŒŒMŒL‹ŒŽNLËÍÍKL‹ŒL‹ŒMLŽŒŒMŒKKLÎË‹NLÍKL‹ŒL‹ŒMLŽŒŒMŒ‹‹ŒŒMÌŽLŒÍÌÍ‹L‹ŒL‹ŒMLŽŒŒMŒËL‹ŒŽÌËLÍLMKL‹ŒL‹ŒMLŽŒŒM‹ŒLŽËLLMKL‹ŒL‹ŒMLŽŒŒMKMŒÌ‹LÍMMLŒL‹ŒL‹ŒMLŽŒŒM‹L‹ŽMMŒKKŒŽMÌŒKL‹ŒL‹ŒMLŽŒŒMËLKŽMLLÍŒMÍNL‹ŒL‹ŒMLŽŒŒMŽMLLKŒŽMÌ‹L‹ŒL‹ŒMLŽŒŒMŽKŒLÍŒËLKŽMÌÌKL‹ŒL‹ŒMLŽŒŒMÌKMLŒNKLŒNÌKL‹ŒL‹ŒMLŽŒŒMÌKŽLŒLËŒÍÌÍL‹ŒL‹ŒMLŽŒŒMÌ‹LËŒÌNLLKLKMÍMKL‹ŒL‹ŒMLŽŒŒMÌËÎKKMLKL‹ŒL‹ŒMLŽŒŒMÍ‹MMŽÍÌM‹L‹ŒL‹ŒMLŽŒŒMÍKL‹ŒŒŽM‹MŒÌL‹ŒL‹ŒMLŽŒŒMÍ‹ËŒLMLÍKŒÎLL‹ŒL‹ŒMLŽŒŒMÍËL‹ŒNLNMËMŒŽMÌLÎKL‹ŒL‹ŒMLŽŒŒMÎLLŒÍ‹LŽLÍ‹L‹ŒL‹ŒMLŽŒŒMÎKLŽMMLŽ‹ÍL‹ŒL‹ŒMLŽŒŒMÎLMÍKLŒLÌÎKL‹ŒL‹ŒMLŽŒŒMKLKŒLMÍLŒŒMÌ‹L‹ŒL‹ŒMLŽŒŒM‹‹MŒÎMËLŒŒLŽLKL‹ŒL‹ŒMLŽŒŒMËLKŒÎLLKML‹ŒL‹ŒMLŽŒŒMLKNLŒÎŽM‹L‹ŒL‹ŒMLŽŒŒMK‹MNLÌËKŽŒNLËL‹ŒL‹ŒMLŽŒŒM‹ËMŽMLÎÍM‹L‹ŒL‹ŒMLŽŒŒMËLKŒÌÎLŒKŽNLÌËL‹ŒL‹ŒMLŽŒŒMËŒÎÌ‹ŽLÍL‹ŒL‹ŒMLŽŒŒMKŒÌLLÌËMŒÍKL‹ŒL‹ŒMLŽŒŒMLLŽÍÌKŽLÎNL‹ŒL‹ŒMLŽŒŒMLKKÍNNL‹KŽÍŒLL‹ŒL‹ŒMLŽŒŒML‹KÍLÍMKLKLÌËL‹ŒL‹ŒMLŽŒŒMLËLKŒŒMÌÌËKŽŽNKL‹ŒL‹ŒMLŽŒŒMMKLŒLKŒÌLL‹ŒL‹ŒMLŽŒŒMMKKŒNMÎLËLLMŒL‹ŒL‹ŒMLŽŒŒMM‹LMLÌÌ‹ŒÎÎL‹ŒL‹ŒMLŽŒŒMMË‹ŒLNNËŒÌÎŒÎL‹ŒL‹ŒMLŽŒŒMNËŽLNMKLŒLLÌKL‹ŒL‹ŒMLŽŒŒMNKLKŒÌÍŒŽŽÌÌ‹L‹ŒL‹ŒMLŽŒŒMŒÌŒÍŒL‹ŽNLL‹ŒL‹ŒMLŽŒŒMŒKŽML‹ŒLÍ‹L‹ŒL‹ŒMLŽŒŒMŒ‹KŽÌLKMÌŽKL‹ŒL‹ŒMLŽŒŒMŒËŒNLÍMÌKKŒÌËL‹ŒL‹ŒMLŽŒŒM‹MNLML‹ŒL‹ŒMLŽŒŒMKLMMŒÌŽMN‹L‹ŒL‹ŒMLŽŒŒM‹‹ŒMMËLÍŽKL‹ŒL‹ŒMLŽŒŒMËKŒŒŽMLÌLŽNÍMLL‹ŒL‹ŒMLŽŒŒMŽKŒMÌLÍKKŒMMKL‹ŒL‹ŒMLŽŒŒMŽKŒNNLŽLÎN‹L‹ŒL‹ŒMLŽŒŒMÌKÍŽLÍKÌMÍL‹ŒL‹ŒMLŽŒŒMÌKŽMŽLK‹ŽMLŒÍKL‹ŒL‹ŒMLŽŒŒMÌ‹ŽMMÍKLŒLŽËL‹ŒL‹ŒMLŽŒŒMÌËKŒŒMLËLÍÎKL‹ŒL‹ŒMLŽŒŒMÍKŒÌŒM‹‹LLÎÍL‹ŒL‹ŒMLŽŒŒMÍKËÎKLŒKL‹ŒL‹ŒMLŽŒŒMÍ‹ËŒŽŒKLNLL‹L‹ŒL‹ŒMLŽŒŒMÍËLŒMÍËËŒŒÍNKL‹ŒL‹ŒMLŽŒŒMÎKŒŽLKŒŒŽNNL‹ŒL‹ŒMLŽŒŒMÎKKÌÍŽMKLKŒNŒKL‹ŒL‹ŒMLŽŒŒMŒŒL‹ŒL‹ŒMLŽŒŒMKLKNMNŒŒM‹L‹ŒL‹ŒMLŽŒŒM‹‹ÍÎLKŒÌÌLNL‹ŒL‹ŒMLŽŒŒMËMKŒÍLÎML‹ÍMŽŽL‹ŒL‹ŒMLŽŒŒMKLÍÌL‹LKŽŒM‹L‹ŒL‹ŒMLŽŒŒMKLKÌL‹MËŒMLL‹ŒL‹ŒMLŽŒŒM‹MŽLÍÌL‹LÌÌM‹L‹ŒL‹ŒMLŽŒŒMËLËŒÎÌMNKLKÌMNKL‹ŒL‹ŒMLŽŒŒMŽNÍNMKŒMNLËL‹ŒL‹ŒMLŽŒŒMKLËŒÎÌLML‹ŒL‹ŒMLŽŒŒMLKŒMNLKŒLÍŒL‹L‹ŒL‹ŒMLŽŒŒMLKLKŒMÎLËŒMML‹ŒL‹ŒMLŽŒŒML‹LËLNÌËLKŽMÍLKL‹ŒL‹ŒMLŽŒŒMLËLKŒŒÎLKŒMNL‹L‹ŒL‹ŒMLŽŒŒMMŒLŽNLŒMNL‹ŒL‹ŒMLŽŒŒMMKLKŽÌLÌŽKŽLŒÎKL‹ŒL‹ŒMLŽŒŒMM‹KŒÎŒL‹LÍÌ‹L‹ŒL‹ŒMLŽŒŒMMËLŒNŽM‹LKŽŒÍÌ‹L‹ŒL‹ŒMLŽŒŒMNLKMŽMMŒLMÌL‹ŒL‹ŒMLŽŒŒMNKLKLÍKLŽLLÌMŒKL‹ŒL‹ŒMLŽŒŒMLKŒÍŒNL‹ŒLÎLÌÍL‹ŒL‹ŒMLŽŒŒMLKL‹ŽMŽËŒMÍŽKL‹ŒL‹ŒMLŽŒŒML‹LŒMNKL‹ŒÍÍLÎËL‹ŒL‹ŒMLŽŒŒMLËLKÎLMNËL‹ŒŒNKL‹ŒL‹ŒMLŽŒŒMLLËŒŒŒMKLKËL‹ŒL‹ŒMLŽŒŒMLKLÍNNKKŒÎMŽLKL‹ŒL‹ŒMLŽŒŒML‹‹ŒLLMËKŒÍŒÎKL‹ŒL‹ŒMLŽŒŒMLËMŒŒÌLKŒŒMÎL‹ŒL‹ŒMLŽŒŒMLKŒÍLŒMËLNMÌKL‹ŒL‹ŒMLŽŒŒMLKLŽMŒL‹ŒÎŒNL‹ŒL‹ŒMLŽŒŒMLLŒŒL‹ŒL‹ŒMLŽŒŒMLLKŒŒL‹ŒL‹ŒMLŽŒŒMLL‹ŒŒL‹ŒL‹ŒMLŽŒŒMLLËL‹ŒN‹ŒÎMML‹ŒL‹ŒMLŽŒŒMLMŒŒL‹ŒL‹ŒMLŽŒŒMLMKLÌÍNÍ‹MŒLNŽL‹ŒL‹ŒMLŽŒŒMLM‹ŒŒL‹ŒL‹ŒMLŽŒŒMLMËKÍNK‹ŒÍMKL‹ŒL‹ŒMLŽŒŒMLNŒŒL‹ŒL‹ŒMLŽŒŒMLNKLKÍÍÍËLŒNŒŒKL‹ŒL‹ŒMLŽŒŒMLŒŒŒL‹ŒL‹ŒMLŽŒŒMLŒKLLLKLNMŒÍKL‹ŒL‹ŒMLŽŒŒMLŒ‹L‹MMÌÍËKÍÎMËL‹ŒL‹ŒMLŽŒŒMLŒËLKŽL‹ŒŒÍÍ‹L‹ŒL‹ŒMLŽŒŒMLŒÌÌLKŽMÎL‹L‹ŒL‹ŒMLŽŒŒMLKLLÍŒÍËL‹ÍŒÎKL‹ŒL‹ŒMLŽŒŒML‹KŒÌLÍLŒÌLÌŽL‹ŒL‹ŒMLŽŒŒMLËÌÍMKLËMLËL‹ŒL‹ŒMLŽŒŒMLŽLËŒÌÌŒMKLKNÌMLËL‹ŒL‹ŒMLŽŒŒMLŽKLMLÍKMŒMLKL‹ŒL‹ŒMLŽŒŒMLÌ‹MÍ‹ŽŒÎM‹L‹ŒL‹ŒMLŽŒŒMLÌKL‹ŒNMŒËŒMŒÌLËL‹ŒL‹ŒMLŽŒŒMLÌ‹ŒŒL‹ŒL‹ŒMLŽŒŒMLÌËL‹ŽLÍÌKMKŽMŒËL‹ŒL‹ŒMLŽŒŒMLÍLKŒÎÍLËKŽLNMËL‹ŒL‹ŒMLŽŒŒMLÍKLKLMMKKÍÍŒNMKL‹ŒL‹ŒMLŽŒŒMLÍ‹LŒŒŒMËŒLLKL‹ŒL‹ŒMLŽŒŒMLÍËLKŒMNMMËLŒMÍÍKL‹ŒL‹ŒMLŽŒŒMLÎKŽLLLLËLKŒMMÍKL‹ŒL‹ŒMLŽŒŒMLÎKLKŒŒÍŒKLKLMŒËL‹ŒL‹ŒMLŽŒŒMML‹ŒÍM‹LŒMÎML‹ŒL‹ŒMLŽŒŒMMK‹MÍMË‹ŒNMNLËL‹ŒL‹ŒMLŽŒŒMM‹ŒÍLŒKLMÍMMËL‹ŒL‹ŒMLŽŒŒMMËLKŒÍLŒKÍÌMÍÌKL‹ŒL‹ŒMLŽŒŒMMËŽLLNNKŒNLÍ‹L‹ŒL‹ŒMLŽŒŒMMKMLLŒÌŒŒÌNL‹ŒL‹ŒMLŽŒŒMM‹LKŒLÌÍŒKŽLLÍÌ‹L‹ŒL‹ŒMLŽŒŒMMËKŽNM‹KNMNL‹ŒL‹ŒMLŽŒŒMMKÎLNËLKŒNLLÌKL‹ŒL‹ŒMLŽŒŒMMKLŽM‹ŒLŒML‹ŒL‹ŒMLŽŒŒMMLKŒMÌLLKLÍÌÍ‹L‹ŒL‹ŒMLŽŒŒMMLK‹ŒŽLËL‹ŽNMÍËL‹ŒL‹ŒMLŽŒŒMML‹KNMKKŽÎLKL‹ŒL‹ŒMLŽŒŒMMLË‹ŽŒÌËËŽLMMËL‹ŒL‹ŒMLŽŒŒMMMÌŒÍKLNLËL‹ŒL‹ŒMLŽŒŒMMMKLŒMÌÍKKŽLËL‹ŒL‹ŒMLŽŒŒMMM‹‹N‹LKLŒŽML‹ŒL‹ŒMLŽŒŒMMMËŒÌLŒLËŒÍŽËL‹ŒL‹ŒMLŽŒŒMMNŒŒL‹ŒL‹ŒMLŽŒŒMMNKŒŒL‹ŒL‹ŒMLŽŒŒMMŒËŒNKKŒLÌKL‹ŒL‹ŒMLŽŒŒMMŒKŽNŒÍÎKŒŒ‹L‹ŒL‹ŒMLŽŒŒMMŒ‹‹ŒŒMLŽLL‹L‹ŒL‹ŒMLŽŒŒMMŒËKŒŒÎËLKŒÌÍLKL‹ŒL‹ŒMLŽŒŒMMKÍMÌÌKKŒNŒÍÌËL‹ŒL‹ŒMLŽŒŒMMKKŒŒÌÌŽËKMÍŽKL‹ŒL‹ŒMLŽŒŒMM‹‹ŒŒŒM‹KÎMLL‹ŒL‹ŒMLŽŒŒMMËKŽMLËËŽŒLŒËL‹ŒL‹ŒMLŽŒŒMMŽŽÍÌ‹LÍLM‹L‹ŒL‹ŒMLŽŒŒMMŽK‹ŒÍÌÌÌ‹ŒMMMML‹ŒL‹ŒMLŽŒŒMMÌŽNÌ‹‹ŒNM‹L‹ŒL‹ŒMLŽŒŒMMÌKËŽLÌŽKMÌKL‹ŒL‹ŒMLŽŒŒMMÌ‹‹ŽÌ‹KŒŽÎMÍ‹L‹ŒL‹ŒMLŽŒŒMMÌËŒÌŒŒKËMŒŽKL‹ŒL‹ŒMLŽŒŒMMÍËŽLMŒÍŒŒL‹ŒL‹ŒMLŽŒŒMMÍKLLÍ‹L‹ŒÍŒÌL‹ŒL‹ŒMLŽŒŒMMÍ‹ŒLŒÌÌ‹ŒÍÍÍL‹ŒL‹ŒMLŽŒŒMMÍËLKLM‹LŽNML‹ŒL‹ŒMLŽŒŒMMÎ‹ŒŒÍËLKÌŒŽLMKL‹ŒL‹ŒMLŽŒŒMMÎKMKMÎKL‹LŒÍËL‹ŒL‹ŒMLŽŒŒMNKÍŒMKLKŒŽŒNKL‹ŒL‹ŒMLŽŒŒMNKLKÍŒŒKM‹MMMÌKL‹ŒL‹ŒMLŽŒŒMN‹LËŒÌLKL‹ŒLMÌŒËL‹ŒL‹ŒMLŽŒŒMNËLËŒÌÎËLKŽÍKL‹ŒL‹ŒMLŽŒŒMNLŒŒLŒLÍÎL‹ŒL‹ŒMLŽŒŒMNKLËŒMÍÍÎL‹ŒMNL‹ŒL‹ŒMLŽŒŒMN‹KŒŒÌLLKŒŒÍML‹ŒL‹ŒMLŽŒŒMNËLKLÍÎNKLËŒÌËL‹ŒL‹ŒMLŽŒŒMNL‹MÌLŽMLÍ‹L‹ŒL‹ŒMLŽŒŒMNKLKŒÎMKL‹LMÌKL‹ŒL‹ŒMLŽŒŒMNLLŒŒŒNLKLŽŽNLKL‹ŒL‹ŒMLŽŒŒMNLKL‹ŒNMLKŒÌŒ‹L‹ŒL‹ŒMLŽŒŒMNL‹KŒMŒMÍKL‹ŒÍNKL‹ŒL‹ŒMLŽŒŒMNLËLŒÌŒËL‹ŒLÌÌKL‹ŒL‹ŒMLŽŒŒMNMLKÎLŒŒÍŒ‹L‹ŒL‹ŒMLŽŒŒMNMKLKŒLÌÍ‹LKLLŽL‹L‹ŒL‹ŒMLŽŒŒMNM‹ŒŒL‹ŒL‹ŒMLŽŒŒMNMËLKŽLŒÍËKŒÎKL‹ŒL‹ŒMLŽŒŒMNNLŒMML‹ÌÌLŒ‹L‹ŒL‹ŒMLŽŒŒMNNKLKŒÍŒÌKL‹ŒÌŽKL‹ŒL‹ŒMLŽŒŒMLLËŒMŽNLKŒŒLÌMÌ‹L‹ŒL‹ŒMLŽŒŒMLKŒŒL‹ŒL‹ŒMLŽŒŒML‹‹LNËKLÌŒËL‹ŒL‹ŒMLŽŒŒMLËMŒŽÍŽLKŒNÍ‹L‹ŒL‹ŒMLŽŒŒMLKŒŒÍÎM‹LKŒNŽLÌ‹L‹ŒL‹ŒMLŽŒŒMLKLÍÌNNKL‹MLNKL‹ŒL‹ŒMLŽŒŒML‹ŒŒL‹ŒL‹ŒMLŽŒŒMLËL‹ŒLÍMMÍ‹ŒÍÍÍÍ‹L‹ŒL‹ŒMLŽŒŒMLŒŒL‹ŒL‹ŒMLŽŒŒMLKL‹ŒNLMML‹ŒL‹ŒMLŽŒŒMLLŒŒL‹ŒL‹ŒMLŽŒŒMLLKLŽŒÍÍMŒL‹L‹ŒL‹ŒMLŽŒŒMLL‹ŒŒL‹ŒL‹ŒMLŽŒŒMLLËKŒÍË‹ŒÌÎËL‹ŒL‹ŒMLŽŒŒMLMŒŒL‹ŒL‹ŒMLŽŒŒMLMKL‹ŒNLKLŒŒMŒÍKL‹ŒL‹ŒMLŽŒŒMLM‹ŒŒL‹ŒL‹ŒMLŽŒŒMLMËLÌMÌLÌÍŒNL‹ŒL‹ŒMLŽŒŒMLNL‹MŽML‹‹ŒÍLŒ‹L‹ŒL‹ŒMLŽŒŒMLNKLKŽNÌ‹ŽLLŽLL‹ŒL‹ŒMLŽŒŒMLŒKŒÌŽLÍËLŽMÌËL‹ŒL‹ŒMLŽŒŒMLŒKLŽLŽLŒKL‹ŽLNMMËL‹ŒL‹ŒMLŽŒŒMLŒ‹KLLÍLKŒMŒÌÎKL‹ŒL‹ŒMLŽŒŒMLŒËŒŽMNLKLËÌMMÎKL‹ŒL‹ŒMLŽŒŒMLLËŒNNLL‹LKÍML‹L‹ŒL‹ŒMLŽŒŒMLKŒŒÌËKŒLLLËL‹ŒL‹ŒMLŽŒŒML‹‹ŽÍŽMËNLKL‹ŒL‹ŒMLŽŒŒMLËLKŽLLÌÎŒÍNNL‹ŒL‹ŒMLŽŒŒMLŽËŒÌNMËKŒLLŒLKL‹ŒL‹ŒMLŽŒŒMLŽKL‹ŒÍMÌKMŽŒLKL‹ŒL‹ŒMLŽŒŒMLÌL‹ÌÍKKŒÍMÎKL‹ŒL‹ŒMLŽŒŒMLÌKLLMŽM‹ÍÍ‹L‹ŒL‹ŒMLŽŒŒMLÌ‹ŒMMËLŒMMËL‹ŒL‹ŒMLŽŒŒMLÌËLŽŒËŒLŽËL‹ŒL‹ŒMLŽŒŒMLÍŒŒL‹ŒL‹ŒMLŽŒŒMLÍKLKÍÍŒ‹LKŽNMŽL‹ŒL‹ŒMLŽŒŒMLÍ‹LKÌÎËŒŒMKL‹ŒL‹ŒMLŽŒŒMLÍË‹MŽŒÍ‹KÌŽLML‹ŒL‹ŒMLŽŒŒMLÎŒÌÎKLŒMŽMÍËL‹ŒL‹ŒMLŽŒŒMLÎKLŽÎMÍM‹KŒMÌNL‹ŒL‹ŒMLŽŒŒMLËŽÎKÌÍŒKL‹ŒL‹ŒMLŽŒŒMLKŽLÌËŒMLËL‹ŒL‹ŒMLŽŒŒML‹LŽÌLÌËKLÌŒŒÌËL‹ŒL‹ŒMLŽŒŒMLË‹ŒÎLŒŒË‹ŒÍÌKL‹ŒL‹ŒMLŽŒŒMLŒŒL‹ŒL‹ŒMLŽŒŒMLKLKŒÌŒÍMKKNMMLKL‹ŒL‹ŒMLŽŒŒML‹ËŒÎNMŒKLÍŒËL‹ŒL‹ŒMLŽŒŒMLË‹ŒLMNLËŒMŒÌL‹ŒL‹ŒMLŽŒŒMLŒÌNMÍÌ‹ÎNÌNL‹ŒL‹ŒMLŽŒŒMLK‹ŽNÌKËŽLNÎLËL‹ŒL‹ŒMLŽŒŒMLLŒLL‹LŒÌÍÌ‹L‹ŒL‹ŒMLŽŒŒMLLKŒÍŽŽL‹ŒMÍÍ‹L‹ŒL‹ŒMLŽŒŒMLL‹ŒŒL‹ŒL‹ŒMLŽŒŒMLLË‹ŒMNMMÌËLKŒŽŽMÎKL‹ŒL‹ŒMLŽŒŒMLMKMÎÌÍ‹ŒÌ‹L‹ŒL‹ŒMLŽŒŒMLMKŽLŽNKKMMLÎMËL‹ŒL‹ŒMLŽŒŒMLM‹‹ŽLLMŒÎKŽLŽMNLKL‹ŒL‹ŒMLŽŒŒMLMËŒLMMN‹KŒÌÎL‹ŒL‹ŒMLŽŒŒMLNËÍÍ‹ŒLMÍÎM‹L‹ŒL‹ŒMLŽŒŒMLNKŽŽML‹LKMLL‹ŒL‹ŒMLŽŒŒMLŒNŒÍKLÍËL‹ŒL‹ŒMLŽŒŒMLŒKËÌNLKLÍŒKL‹ŒL‹ŒMLŽŒŒMLŒ‹KŒLMÎKŒMNL‹ŒL‹ŒMLŽŒŒMLŒËKŒMÍËŒMŒL‹ŒL‹ŒMLŽŒŒMLŒÍMLÍËLNLKL‹ŒL‹ŒMLŽŒŒMLKŽLÎKLŽNLNMKL‹ŒL‹ŒMLŽŒŒML‹ŒMÌ‹KŒÍ‹L‹ŒL‹ŒMLŽŒŒMLËËŒÎM‹ŒMŒNL‹ŒL‹ŒMLŽŒŒMLŽËŒÌŽKKMÍËL‹ŒL‹ŒMLŽŒŒMLŽKLŒLMLÌŽK‹ÍŽLMÍËL‹ŒL‹ŒMLŽŒŒMLÌËŽLÌÌL‹ÌLNÌ‹L‹ŒL‹ŒMLŽŒŒMLÌKŽNL‹L‹ŒÎLÌL‹ŒL‹ŒMLŽŒŒMLÌ‹LŒÍMNKKŒŒMKL‹ŒL‹ŒMLŽŒŒMLÌËLKŒLÌÍKKŒLMLKL‹ŒL‹ŒMLŽŒŒMLÍËÌŽMÌ‹LMŒL‹ŒL‹ŒMLŽŒŒMLÍKMKŒMÍKLKŽMLLMKL‹ŒL‹ŒMLŽŒŒMLÍ‹KÍMÌMKLÍÌKL‹ŒL‹ŒMLŽŒŒMLÍËLKŒL‹M‹ŒÌÍ‹L‹ŒL‹ŒMLŽŒŒMLÎMŽMŒML‹ŽNL‹L‹ŒL‹ŒMLŽŒŒMLÎKLËŒŒŒŽM‹LKNNLŽL‹ŒL‹ŒMLŽŒŒMLKŒLŒMKLŒÍMÍLËL‹ŒL‹ŒMLŽŒŒMLKLËŒŒŒŒŒMŒMŒL‹ŒL‹ŒMLŽŒŒML‹KŒMÍNLKLÍLL‹ŒL‹ŒMLŽŒŒMLËLKMLÌŽLËŒNMM‹L‹ŒL‹ŒMLŽŒŒMLLËŒNËLKNLŒËL‹ŒL‹ŒMLŽŒŒMLKLKŒÌMŒKL‹ŒÎLKL‹ŒL‹ŒMLŽŒŒML‹LNLM‹LKLM‹L‹ŒL‹ŒMLŽŒŒMLËL‹ŒÌLŒKŽLŒLKL‹ŒL‹ŒMLŽŒŒMLKŒÍŒÍLKŽMNŽL‹ŒL‹ŒMLŽŒŒMLKLŒLLLLKLKŒÎMÎKL‹ŒL‹ŒMLŽŒŒMLLLKŒLŒŽŒNÌML‹ŒL‹ŒMLŽŒŒMLLKLKŒÍMKLMŽLKL‹ŒL‹ŒMLŽŒŒMLL‹KŽLLLKLŽMÎKL‹ŒL‹ŒMLŽŒŒMLLËLKŽNÎŽLŽLÌNL‹ŒL‹ŒMLŽŒŒMLMLŒÍMLNML‹ŒŽNLÍŽL‹ŒL‹ŒMLŽŒŒMLMKLKŒŒLÎLŽKLKÌÍŒKL‹ŒL‹ŒMLŽŒŒMLM‹LËŒÎMMŒËLKMÌKL‹ŒL‹ŒMLŽŒŒMLMËLKŒMŽMÌKÌMML‹ŒL‹ŒMLŽŒŒMLN‹ŒŒNMÎKKNLMËL‹ŒL‹ŒMLŽŒŒMLNKMŒÍNLÎLÌLM‹L‹ŒL‹ŒMLŽŒŒMLLŽMML‹LŽNL‹ŒL‹ŒMLŽŒŒMLLKLKŒLŒŒKLËŒLMLNKL‹ŒL‹ŒMLŽŒŒMLL‹LËŒLLŽMÌËLMÍŒŒËL‹ŒL‹ŒMLŽŒŒMLLËŒŒL‹ŒL‹ŒMLŽŒŒMLLLŒÎMÌKKŒMÌËL‹ŒL‹ŒMLŽŒŒMLLKL‹ÌŒLŒŒNLL‹ŒL‹ŒMLŽŒŒMLL‹LŒLMLMKLKLMMKL‹ŒL‹ŒMLŽŒŒMLLËŒŒL‹ŒL‹ŒMLŽŒŒMLLLKNLKŽŒŒËL‹ŒL‹ŒMLŽŒŒMLLKŒŒL‹ŒL‹ŒMLŽŒŒMLLL‹ŒÍÎM‹LŒÎMLÎL‹ŒL‹ŒMLŽŒŒMLLLKL‹ŒŒŒŒÍËLŒŽLLËL‹ŒL‹ŒMLŽŒŒMLLL‹‹ŒŒLŽKLŒLLŒKL‹ŒL‹ŒMLŽŒŒMLLLËŒŒL‹ŒL‹ŒMLŽŒŒMLLML‹ŒLLM‹‹ŒÌL‹ŒL‹ŒMLŽŒŒMLLMKLKŒLLŒŽÌÍŒ‹L‹ŒL‹ŒMLŽŒŒMLLM‹ŽÍÍMKLKŒÌNLŽËL‹ŒL‹ŒMLŽŒŒMLLMËLÎLŒÍ‹L‹LNNL‹ŒL‹ŒMLŽŒŒMLLNKŽMÍMËŒÍÎLŽKL‹ŒL‹ŒMLŽŒŒMLLNKÎML‹LËŒŒMÌM‹L‹ŒL‹ŒMLŽŒŒMLLŒLËLŽMLKŽNŽL‹L‹ŒL‹ŒMLŽŒŒMLLŒKŒŽÍKŒÌÌÌ‹L‹ŒL‹ŒMLŽŒŒMLLŒ‹‹ŽLÌËKŒÎŽLËL‹ŒL‹ŒMLŽŒŒMLLŒËLKŽLÍÎÎŒŒÌÎL‹ŒL‹ŒMLŽŒŒMLLËŒÎMËKŒMÍLKL‹ŒL‹ŒMLŽŒŒMLLKL‹MŽLÍMKŒ‹L‹ŒL‹ŒMLŽŒŒMLL‹LKŽMÍÍ‹‹ŒÍÍ‹L‹ŒL‹ŒMLŽŒŒMLLËLŽN‹ŒLL‹L‹ŒL‹ŒMLŽŒŒMLLŽLŒMÍÌŒLL‹L‹ŒL‹ŒMLŽŒŒMLLŽKLLËLNMËL‹ŒL‹ŒMLŽŒŒMLLÌ‹ÌÎMKLŒÍLÍŽKL‹ŒL‹ŒMLŽŒŒMLLÌKLŽNMKLKŒNMKL‹ŒL‹ŒMLŽŒŒMLLÌ‹L‹ŒLLÎLŒŒÌML‹ŒL‹ŒMLŽŒŒMLLÌË‹ÎLÌ‹ŒLŒÌÍL‹ŒL‹ŒMLŽŒŒMLLÍŒL‹LŒÍMMNNL‹ŒL‹ŒMLŽŒŒMLLÍKLKMÎMŒKŽLŒŽMËL‹ŒL‹ŒMLŽŒŒMLLÍ‹ËŽLŒÎŽMMŒÎL‹ŒL‹ŒMLŽŒŒMLLÍËLŒÌMŒŽL‹L‹ŒL‹ŒMLŽŒŒMLLÎLMMŒËKŽÍMKL‹ŒL‹ŒMLŽŒŒMLLÎK‹ÍŽK‹LNNMLËL‹ŒL‹ŒMLŽŒŒMLM‹ŒMLÍ‹LLŽL‹ŒL‹ŒMLŽŒŒMLMKLKŒÍMLÍKKŽLËL‹ŒL‹ŒMLŽŒŒMLM‹KŒÍNËLKŒŽMÍËL‹ŒL‹ŒMLŽŒŒMLMË‹ŒNL‹MŒ‹L‹ŒL‹ŒMLŽŒŒMLMLŒLŽNÎÌÍL‹ŒL‹ŒMLŽŒŒMLMKKŽMŒËËŒÌŒŽËL‹ŒL‹ŒMLŽŒŒMLM‹ËMÎMMËLŒMÌLËL‹ŒL‹ŒMLŽŒŒMLMËLÎKKMËL‹ŒL‹ŒMLŽŒŒMLMŒŒL‹ŒL‹ŒMLŽŒŒMLMKKŒLÍLML‹ŒNLL‹ŒL‹ŒMLŽŒŒMLMLKŒMÎLKËŽLÌLËL‹ŒL‹ŒMLŽŒŒMLMLKLÌLËNMÍKL‹ŒL‹ŒMLŽŒŒMLML‹KŒMMŒNKLŽÎMŽKL‹ŒL‹ŒMLŽŒŒMLMLËLÎMNKLÌLMKL‹ŒL‹ŒMLŽŒŒMLMMKŽLŒNNLKŒMNMŒÎL‹ŒL‹ŒMLŽŒŒMLMMKŽŽLÍLKŒM‹L‹ŒL‹ŒMLŽŒŒMLMM‹KŒÍŒÌKŒÌŽNŽL‹ŒL‹ŒMLŽŒŒMLMMËËLÎNLMŒL‹ŒL‹ŒMLŽŒŒMLMNKÎNLKŒÍŒL‹ŒL‹ŒMLŽŒŒMLMNKŒŒL‹ŒL‹ŒMLŽŒŒMLMŒŒŒL‹ŒL‹ŒMLŽŒŒMLMŒKŒŒL‹ŒL‹ŒMLŽŒŒMLMŒ‹KŒÌÌÌÌ‹ÍŒÍL‹ŒL‹ŒMLŽŒŒMLMŒËKŒLLÍKÎMÍÌL‹ŒL‹ŒMLŽŒŒMLMÍM‹ÍÌNL‹L‹ŒL‹ŒMLŽŒŒMLMKŒŒL‹ŒL‹ŒMLŽŒŒMLM‹ŒMŽŒKLŒMŽŒKL‹ŒL‹ŒMLŽŒŒMLMËŽŒMŒÍ‹LKŒMM‹L‹ŒL‹ŒMLŽŒŒMLMŽŒŒL‹ŒL‹ŒMLŽŒŒMLMŽKLKŽLÌËŒÌMÍŒËL‹ŒL‹ŒMLŽŒŒMLMÌËŒÍŒÌÎLKŒŽÍML‹ŒL‹ŒMLŽŒŒMLMÌKMKMÍMM‹LËŒLŒMŒÌL‹ŒL‹ŒMLŽŒŒMLMÌ‹‹ŒNLÎLKŒNLLÌ‹L‹ŒL‹ŒMLŽŒŒMLMÌËLŽLÌŒÌŒËM‹LMÍŽLKL‹ŒL‹ŒMLŽŒŒMLMÍMMLŽN‹L‹LŒNM‹L‹ŒL‹ŒMLŽŒŒMLMÍKLËŒŒÌMKLKŒÍMÍKL‹ŒL‹ŒMLŽŒŒMLMÍ‹ŽLÎLNL‹ŒL‹ŒMLŽŒŒMLMÍËLËMŒKLŒMKL‹ŒL‹ŒMLŽŒŒMLMÎKŽLŒËLKŒÌLÎËL‹ŒL‹ŒMLŽŒŒMLMÎKLKŒŽMŽLËLËŒMŒÌKL‹ŒL‹ŒMLŽŒŒMLNLËŒÍÌÍÌL‹ŒÎNL‹L‹ŒL‹ŒMLŽŒŒMLNKLKŒLLÌ‹L‹ŒLÌNL‹ŒL‹ŒMLŽŒŒMLN‹LLMLŽKLKŒLÍŒKL‹ŒL‹ŒMLŽŒŒMLNËLKŒLMÌMLËKÎNMKL‹ŒL‹ŒMLŽŒŒMLNKÌNNL‹ŒLMÌL‹ŒL‹ŒMLŽŒŒMLNKLŒŒMŽLKŽÎNL‹L‹ŒL‹ŒMLŽŒŒMLN‹LKŒŒŒÎ‹LŒÎL‹L‹ŒL‹ŒMLŽŒŒMLNËLŽLMLÌKLKŒMMËL‹ŒL‹ŒMLŽŒŒMLNKÌNMÍŒËŽŽMŽKL‹ŒL‹ŒMLŽŒŒMLNKLKŽÌÍKNMÎKL‹ŒL‹ŒMLŽŒŒMLNLŒÍÍŒÌÌLKŽNÎL‹L‹ŒL‹ŒMLŽŒŒMLNLKLKŒLMŒLÌLKŽMÍÍ‹L‹ŒL‹ŒMLŽŒŒMLNL‹LËŒLLÌ‹LKŒŽMN‹L‹ŒL‹ŒMLŽŒŒMLNLËLŒŒÍÎKŽMLNL‹ŒL‹ŒMLŽŒŒMLNM‹LŽKÌÍÍLŒ‹L‹ŒL‹ŒMLŽŒŒMLNMKLËŽLÍŒŽLŽMM‹L‹ŒL‹ŒMLŽŒŒMLNM‹KMLNKLŒNNKL‹ŒL‹ŒMLŽŒŒMLNMËLÌNMKL‹ÎMNLMËL‹ŒL‹ŒMLŽŒŒMLNNŒŒL‹ŒL‹ŒMLŽŒŒMLNNKLKŒMÍÍŒËŒLÍKL‹ŒL‹ŒMLŽŒŒMLŒŒŒL‹ŒL‹ŒMLŽŒŒMLŒKL‹ÌÌL‹LŒMŒÍLL‹ŒL‹ŒMLŽŒŒMLŒ‹ŒŒL‹ŒL‹ŒMLŽŒŒMLŒËŒŒL‹ŒL‹ŒMLŽŒŒMLŒŒŒL‹ŒL‹ŒMLŽŒŒMLŒK‹ŒÎKËŽNLNKL‹ŒL‹ŒMLŽŒŒMLŒ‹ŒŒL‹ŒL‹ŒMLŽŒŒMLŒËLKNLŽMŒŽNN‹L‹ŒL‹ŒMLŽŒŒMLŒŒŒL‹ŒL‹ŒMLŽŒŒMLŒKKŒÍŽLÎNKLŽLÌÌKL‹ŒL‹ŒMLŽŒŒMLŒLŒŒL‹ŒL‹ŒMLŽŒŒMLŒLKLKLÌLŽLÍNNL‹ŒL‹ŒMLŽŒŒMLŒL‹ŽŽÍKLKŒLÍMËL‹ŒL‹ŒMLŽŒŒMLŒLËLLŒLNL‹NMLL‹ŒL‹ŒMLŽŒŒMLŒMŒŒL‹ŒL‹ŒMLŽŒŒMLŒMKKŒLNMËLËŒLMMÎKL‹ŒL‹ŒMLŽŒŒMLŒM‹L‹LÎLKŒÍÌLÎL‹L‹ŒL‹ŒMLŽŒŒMLŒMËŒÎNKŒLMLL‹ŒL‹ŒMLŽŒŒMLŒN‹MLŒŒËÍŒÍKL‹ŒL‹ŒMLŽŒŒMLŒNKLKŽLÍML‹L‹ŒL‹ŒMLŽŒŒMLŒŒËŒKKŒMLËL‹ŒL‹ŒMLŽŒŒMLŒŒKL‹LMKŒM‹L‹ŒL‹ŒMLŽŒŒMLŒŒ‹LKŒÍMŒŒËËŒLMLKL‹ŒL‹ŒMLŽŒŒMLŒŒËLŽLM‹NŒ‹L‹ŒL‹ŒMLŽŒŒMLŒŒLÌÌËÍLÎMMËL‹ŒL‹ŒMLŽŒŒMLŒKLKÍŒLM‹LŽMŽL‹L‹ŒL‹ŒMLŽŒŒMLŒ‹‹MMKLŒŒÌËL‹ŒL‹ŒMLŽŒŒMLŒËL‹ŒLLŽL‹ŒLÍŽÌL‹ŒL‹ŒMLŽŒŒMLŒŽL‹ÌÎËLLŽÌKL‹ŒL‹ŒMLŽŒŒMLŒŽK‹ŒÌMMLLËKŽMŒNMKL‹ŒL‹ŒMLŽŒŒMLŒÌŒŒÌËLŒLKL‹ŒL‹ŒMLŽŒŒMLŒÌKLKÌÌMŒÍÍMŒL‹ŒL‹ŒMLŽŒŒMLŒÌ‹ŒŒŒKÎLÍŒ‹L‹ŒL‹ŒMLŽŒŒMLŒÌËŒMŒÍŒLM‹L‹ŒL‹ŒMLŽŒŒMLŒÍL‹ŒÍL‹ŽLŽŒL‹ŒL‹ŒMLŽŒŒMLŒÍK‹ÎLË‹ŒŒÍLMŒËL‹ŒL‹ŒMLŽŒŒMLŒÍ‹KŽLMMŽM‹LKŒŽ‹L‹ŒL‹ŒMLŽŒŒMLŒÍËLKŒŒ‹‹ŒNMML‹ŒL‹ŒMLŽŒŒMLŒÎKŒÍŽÍ‹LKŒNL‹ŒL‹ŒMLŽŒŒMLŒÎKKŒNÎLLËNMLL‹ŒL‹ŒMLŽŒŒMLLNMMKLMËL‹ŒL‹ŒMLŽŒŒMLKKŽNËÎMŒL‹ŒL‹ŒMLŽŒŒML‹ËMÍLLŒM‹L‹ŒL‹ŒMLŽŒŒMLËLKMÌ‹ÍMÌM‹L‹ŒL‹ŒMLŽŒŒMLŒŽMKLËŽŒLMKL‹ŒL‹ŒMLŽŒŒMLKÌLLÌÌ‹L‹ŒŒNLÌ‹L‹ŒL‹ŒMLŽŒŒML‹ŽMÌKËÎÎLËL‹ŒL‹ŒMLŽŒŒMLËMÌŒË‹ŒLŒLMËL‹ŒL‹ŒMLŽŒŒML‹ŒLŽLŒÍ‹LŒMÌLL‹ŒL‹ŒMLŽŒŒMLKLÌŒŒÌKŽMÌŽKL‹ŒL‹ŒMLŽŒŒMLL‹ŽMŒŒËLŒMÍËL‹ŒL‹ŒMLŽŒŒMLLKKŒNNM‹LÌLÍL‹L‹ŒL‹ŒMLŽŒŒMLL‹ŒMNŒŒÌL‹ŒL‹ŒMLŽŒŒMLLËËŒMLŒÍLŒMLMŒLL‹ŒL‹ŒMLŽŒŒMLMÌŒNKKŒMŒËL‹ŒL‹ŒMLŽŒŒMLMKŒMMM‹‹ŒÎL‹L‹ŒL‹ŒMLŽŒŒMLM‹ËŒÌÌŽMLKÍÎL‹ŒL‹ŒMLŽŒŒMLMËŒŒL‹ŒL‹ŒMLŽŒŒMLNŒÌÎL‹‹ŒLM‹L‹ŒL‹ŒMLŽŒŒMLNKŒŽŒMËKNŒKL‹ŒL‹ŒMLŽŒŒMLŒËMKÍŽMM‹L‹ŒL‹ŒMLŽŒŒMLŒKŒÌÌÍË‹ŽŒLŒËL‹ŒL‹ŒMLŽŒŒMLŒ‹ŽLNŽN‹ŒNMŽL‹ŒL‹ŒMLŽŒŒMLŒËLŒLMÎLNKL‹ÌŽKL‹ŒL‹ŒMLŽŒŒMLŒŒL‹ŒL‹ŒMLŽŒŒMLKŒŒL‹ŒL‹ŒMLŽŒŒML‹ŒŒL‹ŒL‹ŒMLŽŒŒMLËŒŒL‹ŒL‹ŒMLŽŒŒMLŽŒŒL‹ŒL‹ŒMLŽŒŒMLŽKŒŒL‹ŒL‹ŒMLŽŒŒMLÌŒŒL‹ŒL‹ŒMLŽŒŒMLÌKŒŒL‹ŒL‹ŒMLŽŒŒMLÌ‹ŒŒL‹ŒL‹ŒMLŽŒŒMLÌËŒŒL‹ŒL‹ŒMLŽŒŒMLÍŒŒL‹ŒL‹ŒMLŽŒŒMLÍKŒŒL‹ŒL‹ŒMLŽŒŒMLÍ‹ŒŒL‹ŒL‹ŒMLŽŒŒMLÍËŒŒL‹ŒL‹ŒMLŽŒŒMLÎŒŒL‹ŒL‹ŒMLŽŒŒMLÎKŒŒL‹ŒL‹ŒMLŽŒŒMLŽŒŒL‹ŒL‹ŒMLŽŒŒMLŽKŒŒL‹ŒL‹ŒMLŽŒŒMLŽ‹ŒŒL‹ŒL‹ŒMLŽŒŒMLŽËŒŒL‹ŒL‹ŒMLŽŒŒMLŽŒŒL‹ŒL‹ŒMLŽŒŒMLŽKŒŒL‹ŒL‹ŒMLŽŒŒMLŽ‹ŒŒL‹ŒL‹ŒMLŽŒŒMLŽËŒŒL‹ŒL‹ŒMLŽŒŒMLŽŒŒL‹ŒL‹ŒMLŽŒŒMLŽKŒŒL‹ŒL‹ŒMLŽŒŒMLŽLŒŒL‹ŒL‹ŒMLŽŒŒMLŽLKŒŒL‹ŒL‹ŒMLŽŒŒMLŽL‹ŒŒL‹ŒL‹ŒMLŽŒŒMLŽLËŒŒL‹ŒL‹ŒMLŽŒŒMLŽMŒŒL‹ŒL‹ŒMLŽŒŒMLŽMKŒŒL‹ŒL‹ŒMLŽŒŒMLŽM‹ŒŒL‹ŒL‹ŒMLŽŒŒMLŽMËŒŒL‹ŒL‹ŒMLŽŒŒMLŽNŒŒL‹ŒL‹ŒMLŽŒŒMLŽNKŒŒL‹ŒL‹ŒMLŽŒŒMLÌŒŒL‹ŒL‹ŒMLŽŒŒMLÌKŒŒL‹ŒL‹ŒMLŽŒŒMLÌ‹ŒŒL‹ŒL‹ŒMLŽŒŒMLÌËŒŒL‹ŒL‹ŒMLŽŒŒMLÌŒŒL‹ŒL‹ŒMLŽŒŒMLÌKŒŒL‹ŒL‹ŒMLŽŒŒMLÌ‹ŒŒL‹ŒL‹ŒMLŽŒŒMLÌËŒŒL‹ŒL‹ŒMLŽŒŒMLÌŒŒL‹ŒL‹ŒMLŽŒŒMLÌKŒŒL‹ŒL‹ŒMLŽŒŒMLÌLŒŒL‹ŒL‹ŒMLŽŒŒMLÌLKŒŒL‹ŒL‹ŒMLŽŒŒMLÌL‹ŒŒL‹ŒL‹ŒMLŽŒŒMLÌLËŒŒL‹ŒL‹ŒMLŽŒŒMLÌMŒŒL‹ŒL‹ŒMLŽŒŒMLÌMKŒŒL‹ŒL‹ŒMLŽŒŒMLÌM‹ŒŒL‹ŒL‹ŒMLŽŒŒMLÌMËŒŒL‹ŒL‹ŒMLŽŒŒMLÌNŒŒL‹ŒL‹ŒMLŽŒŒMLÌNKŒŒL‹ŒL‹ŒMLŽŒŒMLÌŒŒŒL‹ŒL‹ŒMLŽŒŒMLÌŒKŒŒL‹ŒL‹ŒMLŽŒŒMLÌŒ‹ŒŒL‹ŒL‹ŒMLŽŒŒMLÌŒËŒŒL‹ŒL‹ŒMLŽŒŒMLÌŒŒL‹ŒL‹ŒMLŽŒŒMLÌKŒŒL‹ŒL‹ŒMLŽŒŒMLÌ‹ŒŒL‹ŒL‹ŒMLŽŒŒMLÌËŒŒL‹ŒL‹ŒMLŽŒŒMLÌŽŒŒL‹ŒL‹ŒMLŽŒŒMLÌŽKŒŒL‹ŒL‹ŒMLŽŒŒMLÌÌŒŒL‹ŒL‹ŒMLŽŒŒMLÌÌKŒŒL‹ŒL‹ŒMLŽŒŒMLÌÌ‹ŒŒL‹ŒL‹ŒMLŽŒŒMLÌÌËŒŒL‹ŒL‹ŒMLŽŒŒMLÌÍŒŒL‹ŒL‹ŒMLŽŒŒMLÌÍKŒŒL‹ŒL‹ŒMLŽŒŒMLÌÍ‹ŒŒL‹ŒL‹ŒMLŽŒŒMLÌÍËŒŒL‹ŒL‹ŒMLŽŒŒMLÌÎŒŒL‹ŒL‹ŒMLŽŒŒMLÌÎKŒŒL‹ŒL‹ŒMLŽŒŒMLÍŒŒL‹ŒL‹ŒMLŽŒŒMLÍKŒŒL‹ŒL‹ŒMLŽŒŒMLÍ‹ŒŒL‹ŒL‹ŒMLŽŒŒMLÍËŒŒL‹ŒL‹ŒMLŽŒŒMLÍŒŒL‹ŒL‹ŒMLŽŒŒMLÍKŒŒL‹ŒL‹ŒMLŽŒŒMLÍ‹ŒŒL‹ŒL‹ŒMLŽŒŒMLÍËŒŒL‹ŒL‹ŒMLŽŒŒMLÍŒŒL‹ŒL‹ŒMLŽŒŒMLÍKŒŒL‹ŒL‹ŒMLŽŒŒMLÍLŒŒL‹ŒL‹ŒMLŽŒŒMLÍLKŒŒL‹ŒL‹ŒMLŽŒŒMLÍL‹ŒŒL‹ŒL‹ŒMLŽŒŒMLÍLËŒŒL‹ŒL‹ŒMLŽŒŒMLÍMŒŒL‹ŒL‹ŒMLŽŒŒMLÍMKŒŒL‹ŒL‹ŒMLŽŒŒMLÍM‹ŒŒL‹ŒL‹ŒMLŽŒŒMLÍMËŒŒL‹ŒL‹ŒMLŽŒŒMLÍNŒŒL‹ŒL‹ŒMLŽŒŒMLÍNKŒŒL‹ŒL‹ŒMLŽŒŒMLÍŒŒŒL‹ŒL‹ŒMLŽŒŒMLÍŒKLMŒŒMŒ‹ŽNÍM‹L‹ŒL‹ŒMLŽŒŒMLÍŒ‹‹ŒMÍMKLKŒŒŒMLËL‹ŒL‹ŒMLŽŒŒMLÍŒËMŽMLLKL‹ŒLKL‹ŒL‹ŒMLŽŒŒMLÍ‹ŒLŽNKLKŒŒNLMKL‹ŒL‹ŒMLŽŒŒMLÍKLKŒNMMËM‹ŒÌÎKL‹ŒL‹ŒMLŽŒŒMLÍ‹MŒÌÍMM‹LKŽÎMNL‹ŒL‹ŒMLŽŒŒMLÍËLËŒMÍÌËLKŒLKL‹ŒL‹ŒMLŽŒŒMLÍŽÎMÌŽLLŒŒ‹L‹ŒL‹ŒMLŽŒŒMLÍŽKL‹ŒŒÍŽLMŒÌNL‹ŒL‹ŒMLŽŒŒMLÍÌKŒLŒÍLLKLKLÍLËL‹ŒL‹ŒMLŽŒŒMLÍÌKLKŒŽMÍLËŒŽÌŽL‹L‹ŒL‹ŒMLŽŒŒMLÍÌ‹LËŒÍLÌKLKMÌÍLËL‹ŒL‹ŒMLŽŒŒMLÍÌËLKŒLMMËLKŒÍMLKL‹ŒL‹ŒMLŽŒŒMLÍÍŒMNLÌÌMÍL‹ŒL‹ŒMLŽŒŒMLÍÍKLKÍÍÎMŽKŽMÍL‹ŒL‹ŒMLŽŒŒMLÍÍ‹KŽLÌÌŒKLKLLŒKL‹ŒL‹ŒMLŽŒŒMLÍÍËLŒMMLKŽMŽ‹L‹ŒL‹ŒMLŽŒŒMLÍÎLKŒÌNLÍ‹L‹ŒL‹ŒMLŽŒŒMLÍÎKLŽŒNLËLÌÍLKL‹ŒL‹ŒMLŽŒŒMLÎKŒŒŒLNKŒÌŒÎËL‹ŒL‹ŒMLŽŒŒMLÎKLKŽMMKŒLL‹L‹ŒL‹ŒMLŽŒŒMLÎ‹LŒŒŽL‹ŒÌŽLŒ‹L‹ŒL‹ŒMLŽŒŒMLÎËLKMLL‹ŒŒÎ‹L‹ŒL‹ŒMLŽŒŒMLÎLËŒÍLËLKŒÍLÍMKL‹ŒL‹ŒMLŽŒŒMLÎKLMÎLNL‹‹ŒÎLL‹ŒL‹ŒMLŽŒŒMLÎ‹KLÌMÎKŽLÌKL‹ŒL‹ŒMLŽŒŒMLÎËLËÌŒŒŒKLŽLÍÍKL‹ŒL‹ŒMLŽŒŒMLÎKŒÌMŒKLŽLLÌËL‹ŒL‹ŒMLŽŒŒMLÎKLŒÌÌÍ‹L‹ŽŒNL‹ŒL‹ŒMLŽŒŒMLÎLLKLNËŒŒŒMKL‹ŒL‹ŒMLŽŒŒMLÎLKL‹ŒMLKŒŒÍKL‹ŒL‹ŒMLŽŒŒMLÎL‹ŒŒL‹ŒL‹ŒMLŽŒŒMLÎLËL‹ŽMŽKŒMËL‹ŒL‹ŒMLŽŒŒMLÎMŒŒL‹ŒL‹ŒMLŽŒŒMLÎMKLŒLMML‹ŒL‹ŒMLŽŒŒMLÎM‹ŒŒL‹ŒL‹ŒMLŽŒŒMLÎMËKŽLMÌ‹ŽÍMÌL‹ŒL‹ŒMLŽŒŒMLÎNŒŒL‹ŒL‹ŒMLŽŒŒMLÎNKLKŽMÍÎKŒNËL‹ŒL‹ŒMLŽŒŒMM‹LNNKLŒMÌŽNKL‹ŒL‹ŒMLŽŒŒMMKKŒNNNKLŒÍNKL‹ŒL‹ŒMLŽŒŒMM‹LKŽNMLÌLË‹ŒÌÎLKL‹ŒL‹ŒMLŽŒŒMMËLKLMNL‹ŒÎÍ‹L‹ŒL‹ŒMLŽŒŒMMŽLLKLKŽÍÌLËL‹ŒL‹ŒMLŽŒŒMMKLLËL‹ŒŒÎLÌKL‹ŒL‹ŒMLŽŒŒMM‹‹ŒŒÌÎ‹KŒMÎÍ‹L‹ŒL‹ŒMLŽŒŒMMËMŒMŒLËLËŒLÎMŽKL‹ŒL‹ŒMLŽŒŒMMLLLMÌËLKŒÎMŒŒKL‹ŒL‹ŒMLŽŒŒMMKŒÎMÎKŒML‹L‹ŒL‹ŒMLŽŒŒMMLËŒMŒŒMKKŒŽMËL‹ŒL‹ŒMLŽŒŒMMLKL‹ŒLÎNMKŒŒLMLKL‹ŒL‹ŒMLŽŒŒMML‹ËÌÍÎMKKŒNKL‹ŒL‹ŒMLŽŒŒMMLËL‹ŒMËMŽLÌËL‹ŒL‹ŒMLŽŒŒMMMLKŒŽŽM‹ŒŒÌLŽL‹ŒL‹ŒMLŽŒŒMMMKLŽMŽNË‹ÌŽLMËL‹ŒL‹ŒMLŽŒŒMMM‹LŒŒMLÎŒNNLŽL‹ŒL‹ŒMLŽŒŒMMMËLÌMKŒŒÌKL‹ŒL‹ŒMLŽŒŒMMN‹ŒMÌKLÌMËL‹ŒL‹ŒMLŽŒŒMMNKLKŒMLÌËLKŒMÌËL‹ŒL‹ŒMLŽŒŒMMŒL‹LŽMËLŒÍÌÍLKL‹ŒL‹ŒMLŽŒŒMMŒK‹ŒÎLLM‹KŽÍŒL‹ŒL‹ŒMLŽŒŒMMŒ‹ŒŽLŒLKLŽÌLKL‹ŒL‹ŒMLŽŒŒMMŒËLKNÍKŒŒŽLËL‹ŒL‹ŒMLŽŒŒMMËŽÌÌÍLËKŒLKL‹ŒL‹ŒMLŽŒŒMMKÍÌËŒÍLŒKL‹ŒL‹ŒMLŽŒŒMM‹LKÍ‹ÎLÌL‹ŒL‹ŒMLŽŒŒMMË‹ŒÍŒŒLŒË‹ŒÌŒKL‹ŒL‹ŒMLŽŒŒMMŽKŒŒÌËLKNÌÌÍËL‹ŒL‹ŒMLŽŒŒMMŽKLKŒMMËKŽÎLËL‹ŒL‹ŒMLŽŒŒMMÌKLŒÍŒKLKŒŽMMŒŽKL‹ŒL‹ŒMLŽŒŒMMÌKKÌÍÌËLËŒÍLMËL‹ŒL‹ŒMLŽŒŒMMÌ‹LŒŽLËKŒŒÎÌŒËL‹ŒL‹ŒMLŽŒŒMMÌËKNŽLŒK‹ÍŒÌKL‹ŒL‹ŒMLŽŒŒMMÍËŒMMŒMMËLŒÌŒNLKL‹ŒL‹ŒMLŽŒŒMMÍKLŽMÌ‹KŽNNNMNL‹ŒL‹ŒMLŽŒŒMMÍ‹KŒÌMNKLËŒMŒÌËL‹ŒL‹ŒMLŽŒŒMMÍËKÎMŽL‹LKŒMLŽMÍ‹L‹ŒL‹ŒMLŽŒŒMMÎŒŽLMLËËMKL‹ŒL‹ŒMLŽŒŒMMÎKLÌNLÌËÍŽÌMËL‹ŒL‹ŒMLŽŒŒMMKÍÍLÍLŒŒÌ‹L‹ŒL‹ŒMLŽŒŒMMKLNNLŽLÌM‹L‹ŒL‹ŒMLŽŒŒMM‹‹ÌLŽLNN‹L‹ŒL‹ŒMLŽŒŒMMËÎLKLKŽMÎMËL‹ŒL‹ŒMLŽŒŒMMM‹ŽML‹ŒL‹ŒMLŽŒŒMMKËŽMÎŽML‹L‹ŒL‹ŒMLŽŒŒMM‹ŒÌMŽËŒŽMËL‹ŒL‹ŒMLŽŒŒMMËÌÌŒÌ‹ËŒŽLL‹ŒL‹ŒMLŽŒŒMMËNMMÍËLKŒŽNKL‹ŒL‹ŒMLŽŒŒMMKKŒLŒNLŒNMÍL‹ŒL‹ŒMLŽŒŒMMLLŒMÌŒÎKÌŒ‹L‹ŒL‹ŒMLŽŒŒMMLK‹ŒÍL‹ŒLŒÎL‹ŒL‹ŒMLŽŒŒMML‹ËŒMÌŽKŒÌŒL‹ŒL‹ŒMLŽŒŒMMLËŒNLMKËŒLŒËL‹ŒL‹ŒMLŽŒŒMMMËŽLŽNMŒKÍÌÌŒËL‹ŒL‹ŒMLŽŒŒMMMKŒLNMËL‹ÍÎNNKL‹ŒL‹ŒMLŽŒŒMMM‹ŒŒL‹ŒL‹ŒMLŽŒŒMMMËL‹ŒLÎLŒMMML‹ŒL‹ŒMLŽŒŒMMNKMMMÍKL‹ŽŒÌKL‹ŒL‹ŒMLŽŒŒMMNKMKLÌKL‹ÎMËL‹ŒL‹ŒMLŽŒŒMMŒKŒŒMÍLKŒÌŒÌ‹L‹ŒL‹ŒMLŽŒŒMMŒKLKŒŽKM‹LÌLMËL‹ŒL‹ŒMLŽŒŒMMŒ‹MKŒÌÌÌÌKL‹ÌLKL‹ŒL‹ŒMLŽŒŒMMŒËMŒŽMNMKL‹ŒMNKL‹ŒL‹ŒMLŽŒŒMMLŒNÍLKŒN‹L‹ŒL‹ŒMLŽŒŒMMKLËŽÍÎKŒKL‹ŒL‹ŒMLŽŒŒMM‹KŒÎŽKLKLLKL‹ŒL‹ŒMLŽŒŒMMËLŽŽNL‹LËŒLÌLŽL‹ŒL‹ŒMLŽŒŒMMŽLËMLKL‹ŒNÍKL‹ŒL‹ŒMLŽŒŒMMŽKLKNÍŽKL‹ŒLMŒËL‹ŒL‹ŒMLŽŒŒMMÌŒÎÌËLMŒNÌËL‹ŒL‹ŒMLŽŒŒMMÌKLKŽMŒËKŒLKL‹ŒL‹ŒMLŽŒŒMMÌ‹KŒÌŽ‹L‹ŒŒÎÍL‹ŒL‹ŒMLŽŒŒMMÌËLŒŽLŒŒËL‹ŒÌÎKL‹ŒL‹ŒMLŽŒŒMMÍLKŽÍŒ‹LŒMLL‹ŒL‹ŒMLŽŒŒMMÍKLKLMŒKLKŒŽLËL‹ŒL‹ŒMLŽŒŒMMÍ‹ÌÌMMKLLÌÌKL‹ŒL‹ŒMLŽŒŒMMÍËLKŒŽMKŒÌML‹ŒL‹ŒMLŽŒŒMMÎLŒMŒÌŽKL‹ŒÍŒŒNMKL‹ŒL‹ŒMLŽŒŒMMÎKLKŒMÌ‹LKŽLÍÌŒNL‹ŒL‹ŒMLŽŒŒMMŒŒL‹ŒL‹ŒMLŽŒŒMMKLKÌMÌŽLKŒŒŒÌ‹L‹ŒL‹ŒMLŽŒŒMM‹‹ŒÎMŒÍNKŒŽ‹L‹ŒL‹ŒMLŽŒŒMMËMŒÌÌÌLLKÌÎM‹L‹ŒL‹ŒMLŽŒŒMMKŒÍNMÍ‹LŽLÎL‹ŒL‹ŒMLŽŒŒMMKLŒMMMŒL‹ŒL‹L‹ŒL‹ŒMLŽŒŒMM‹LËŒÍŽKLŽÌLÍKL‹ŒL‹ŒMLŽŒŒMMËLKŽËLŒÍŽLKL‹ŒL‹ŒMLŽŒŒMMLÎNMŽKÌÎKL‹ŒL‹ŒMLŽŒŒMMKL‹ŒŽÌMLLL‹ŒL‹ŒMLŽŒŒMMLKLÎK‹ŒMÎLËL‹ŒL‹ŒMLŽŒŒMMLK‹ŽLÌNKŒŒÌŽ‹L‹ŒL‹ŒMLŽŒŒMML‹ŒŒL‹ŒL‹ŒMLŽŒŒMMLËŒNKLŒNKL‹ŒL‹ŒMLŽŒŒMMMŒŒL‹ŒL‹ŒMLŽŒŒMMMKLŒÍMÎ‹‹ŒLŽNML‹ŒL‹ŒMLŽŒŒMMM‹‹NMMKŒMLÌKL‹ŒL‹ŒMLŽŒŒMMMËKŒÍMMÌKLŒMÎKL‹ŒL‹ŒMLŽŒŒMMNL‹ŽLÍKŒÍMÌLL‹ŒL‹ŒMLŽŒŒMMNKLKŽNMŒMLKŒLMÍKL‹ŒL‹ŒMLŽŒŒMMLŒŒL‹ŒL‹ŒMLŽŒŒMMLKLÌŽMKL‹NMËL‹ŒL‹ŒMLŽŒŒMML‹KNMÌŒLÎL‹L‹ŒL‹ŒMLŽŒŒMMLËŽLÍÍL‹ŽM‹L‹ŒL‹ŒMLŽŒŒMMLL‹ŒÌNNËLŒŽNKL‹ŒL‹ŒMLŽŒŒMMLKŒÎLËŽMÍLÌËL‹ŒL‹ŒMLŽŒŒMML‹ŒŒL‹ŒL‹ŒMLŽŒŒMMLËL‹ŒÎNLLŒMNMML‹ŒL‹ŒMLŽŒŒMML‹ÍÌÎKÍNMÍËL‹ŒL‹ŒMLŽŒŒMMLKL‹ŒŽNLKMŒLÎKL‹ŒL‹ŒMLŽŒŒMMLLLKŽMMKKŒŽLÌËL‹ŒL‹ŒMLŽŒŒMMLLKLÌLÌLK‹ŒLMNLKL‹ŒL‹ŒMLŽŒŒMMLL‹ŒŒL‹ŒL‹ŒMLŽŒŒMMLLËLKŽŒŒÌËLŒŒÌÎËL‹ŒL‹ŒMLŽŒŒMMLM‹ŒŒLKLÍKL‹ŒL‹ŒMLŽŒŒMMLMKL‹ŒÌMLËL‹ŒÌÍŒKL‹ŒL‹ŒMLŽŒŒMMLM‹L‹MŽNLKLNNLÌNKL‹ŒL‹ŒMLŽŒŒMMLMË‹LÌŒŒËKŒÎNKL‹ŒL‹ŒMLŽŒŒMMLNËŒÍMMKLKŒŒÍKL‹ŒL‹ŒMLŽŒŒMMLNKL‹ÎNŒLÌNM‹L‹ŒL‹ŒMLŽŒŒMMLŒËŒŒÍÌLŽŒŽLML‹L‹ŒL‹ŒMLŽŒŒMMLŒKŒLÍLŒËŒŽMMŽKL‹ŒL‹ŒMLŽŒŒMMLŒ‹LKÍŒMLŽKÌËL‹ŒL‹ŒMLŽŒŒMMLŒËKŒŒÍMÎNKKŒÌLÌMËL‹ŒL‹ŒMLŽŒŒMMLKŒÌËLKŒLNNKL‹ŒL‹ŒMLŽŒŒMMLKLKŽLŽLÍ‹KÎŒLL‹ŒL‹ŒMLŽŒŒMML‹KŒŒLŒMÍLKŽMÎL‹ŒL‹ŒMLŽŒŒMMLË‹ŒŽMNKL‹ŽLÌMÍËL‹ŒL‹ŒMLŽŒŒMMLŽLŒŽLÌ‹ŒŒÎMM‹L‹ŒL‹ŒMLŽŒŒMMLŽKKLÍ‹ŒÌÎNL‹ŒL‹ŒMLŽŒŒMMLÌËÌŒKLŒÌMŒÌKL‹ŒL‹ŒMLŽŒŒMMLÌKLŽLÎMÌKŒLŽL‹ŒL‹ŒMLŽŒŒMMLÌ‹ŽLÍÌÌÍLËŒÌN‹L‹ŒL‹ŒMLŽŒŒMMLÌËKŒÌŒŽLKŽMÎMÌ‹L‹ŒL‹ŒMLŽŒŒMMLÍKŽNNM‹LŒMÎL‹ŒL‹ŒMLŽŒŒMMLÍKKŒÌŒŒMMËKŽNMÌÍKL‹ŒL‹ŒMLŽŒŒMMLÍ‹KŽNMÍŽLŒMN‹L‹ŒL‹ŒMLŽŒŒMMLÍËŒÍÌMÍŽMM‹L‹ŒL‹ŒMLŽŒŒMMLÎ‹ŽŒÍÌ‹LMLŒ‹L‹ŒL‹ŒMLŽŒŒMMLÎKŽMËLKNMLNMKL‹ŒL‹ŒMLŽŒŒMMMKŒŒL‹KŒŒÍÍ‹L‹ŒL‹ŒMLŽŒŒMMMKŒÍÍM‹ÎLNÌ‹L‹ŒL‹ŒMLŽŒŒMMM‹KLLŒKKŒLÍNKL‹ŒL‹ŒMLŽŒŒMMMËÍÍŒLË‹MMŽËL‹ŒL‹ŒMLŽŒŒMMMŽLÍÌŽKŒMËL‹ŒL‹ŒMLŽŒŒMMMK‹ŒÌÎLÌŽŒMÌŒL‹ŒL‹ŒMLŽŒŒMMM‹KNMÌŽ‹‹ÍLLLML‹ŒL‹ŒMLŽŒŒMMMË‹ŽÌÎMËŒLNMKL‹ŒL‹ŒMLŽŒŒMMMŒÍLKÎMMLL‹ŒL‹ŒMLŽŒŒMMMKLÌÌŒKËŒÌÎLÌKL‹ŒL‹ŒMLŽŒŒMMMLŒŒL‹ŒL‹ŒMLŽŒŒMMMLKŒLMKL‹ŒMÌÎMËL‹ŒL‹ŒMLŽŒŒMMML‹L‹ŒŒMM‹LMNLÌL‹ŒL‹ŒMLŽŒŒMMMLËLKŽLLÍKŒÌÍKL‹ŒL‹ŒMLŽŒŒMMMMKŒÍŒNLKŽŽLML‹ŒL‹ŒMLŽŒŒMMMMKMKÍËL‹LLLŽKL‹ŒL‹ŒMLŽŒŒMMMM‹ŒŒL‹ŒL‹ŒMLŽŒŒMMMMËLKŒŒÌKM‹ŒŽLŒLŒËL‹ŒL‹ŒMLŽŒŒMMMNMŽMLMKL‹ŒMŒMNËL‹ŒL‹ŒMLŽŒŒMMMNKLËŒŽLÌËLKMÌKL‹ŒL‹ŒMLŽŒŒMMMŒŽMŽLŒÍÍÌŽL‹ŒL‹ŒMLŽŒŒMMMŒKL‹ÍMNMÌKÍÍŒËL‹ŒL‹ŒMLŽŒŒMMMŒ‹KÌÌÎÍ‹LKŒŽML‹L‹ŒL‹ŒMLŽŒŒMMMŒËLKŒÌŽMLËÌNNL‹ŒL‹ŒMLŽŒŒMMMLËŒLMÌÍŽKLKŒÌŒNKL‹ŒL‹ŒMLŽŒŒMMMKLÍÌLNËLKNÌÍKL‹ŒL‹ŒMLŽŒŒMMM‹ŒŒL‹ŒL‹ŒMLŽŒŒMMMËLKŒKKLLŒÍKL‹ŒL‹ŒMLŽŒŒMMMŽŒŒL‹ŒL‹ŒMLŽŒŒMMMŽKLŒMËLKŽMMKL‹ŒL‹ŒMLŽŒŒMMMÌLKŒŽMLLNKÍŒMKL‹ŒL‹ŒMLŽŒŒMMMÌKLKŒMÍÍŽKLŒÍŽMMÎKL‹ŒL‹ŒMLŽŒŒMMMÌ‹KŒÍMËŽNLŒÍKL‹ŒL‹ŒMLŽŒŒMMMÌËLKŒNLÍKŽÌLÌNKL‹ŒL‹ŒMLŽŒŒMMMÍŒLL‹ŒMM‹L‹ŒL‹ŒMLŽŒŒMMMÍKLKÌ‹LKŒÍ‹L‹ŒL‹ŒMLŽŒŒMMMÍ‹L‹ŒÍLKLMMÌKL‹ŒL‹ŒMLŽŒŒMMMÍËLŽNÎLÎK‹ŒMÌÎŽKL‹ŒL‹ŒMLŽŒŒMMMÎKŽŽŽKKŒŽMŽKL‹ŒL‹ŒMLŽŒŒMMMÎKMŒLÌÍÍMËLŽŒLÌËL‹ŒL‹ŒMLŽŒŒMMNÍÌM‹LŽMŽL‹ŒL‹ŒMLŽŒŒMMNKLŒÍLL‹ÍÍÌ‹L‹ŒL‹ŒMLŽŒŒMMN‹ŒŒL‹ŒL‹ŒMLŽŒŒMMNËLKŽMŒÎKŒLÎLËL‹ŒL‹ŒMLŽŒŒMMNŒŒL‹ŒL‹ŒMLŽŒŒMMNKLKÍÍMKŒÌŒÍKL‹ŒL‹ŒMLŽŒŒMMN‹ŒŒL‹ŒL‹ŒMLŽŒŒMMNËLŒÍLMMŒNML‹ŒL‹ŒMLŽŒŒMMNŒŒL‹ŒL‹ŒMLŽŒŒMMNKKŒŒÌL‹ŽLL‹L‹ŒL‹ŒMLŽŒŒMMNLŒŒL‹ŒL‹ŒMLŽŒŒMMNLKL‹LNMLLKLMÍŽLÍKL‹ŒL‹ŒMLŽŒŒMMNL‹ŒŒL‹ŒL‹ŒMLŽŒŒMMNLËŽMŒËLŒÌŽMŒKL‹ŒL‹ŒMLŽŒŒMMNMLKÎNKKŽMMÍÍKL‹ŒL‹ŒMLŽŒŒMMNMKLKŒÎNNML‹ŒL‹ŒMLŽŒŒMMNM‹LÌŽMLKŽLÍMÍ‹L‹ŒL‹ŒMLŽŒŒMMNMËŒÌLKLKŽNKL‹ŒL‹ŒMLŽŒŒMMNN‹LŒML‹ŒLÍL‹ŒL‹ŒMLŽŒŒMMNNKŽNÍËLËŒŽËL‹ŒL‹ŒMLŽŒŒMMŒLËŒLLŒŽLKŒŒÌŒ‹L‹ŒL‹ŒMLŽŒŒMMŒKŒÎÌ‹ŽLÌÌM‹L‹ŒL‹ŒMLŽŒŒMMŒ‹‹ÌMÌKŒMÌËL‹ŒL‹ŒMLŽŒŒMMŒËL‹MŒŒMKŒŽMMËL‹ŒL‹ŒMLŽŒŒMMŒËŒNLŽMKKŒMŒËL‹ŒL‹ŒMLŽŒŒMMŒKLKÍMÍÍKMMÍŒÎKL‹ŒL‹ŒMLŽŒŒMMŒ‹L‹ŒMLÍKKÎLÍŒËL‹ŒL‹ŒMLŽŒŒMMŒËLKŒŒÍË‹ŒNLÍŽKL‹ŒL‹ŒMLŽŒŒMMŒLŒÌÍÍKLŒLLÍÍNKL‹ŒL‹ŒMLŽŒŒMMŒKLKŒMLÎMËLŒŒÌÎLKL‹ŒL‹ŒMLŽŒŒMMŒL‹ÌNLLLLL‹ŒL‹ŒMLŽŒŒMMŒLKL‹ŒŒNKL‹ŒŒŒNLËL‹ŒL‹ŒMLŽŒŒMMŒL‹LKŽMÎLÌKLŒŒÎŽKL‹ŒL‹ŒMLŽŒŒMMŒLË‹MÍNLKÎNL‹ŒL‹ŒMLŽŒŒMMŒMËŽKLLLŽNLËL‹ŒL‹ŒMLŽŒŒMMŒMKLKŒÌŽL‹ŽMÎL‹L‹ŒL‹ŒMLŽŒŒMMŒM‹ËŒMLLŽÌÍ‹L‹ŒL‹ŒMLŽŒŒMMŒMËŒÍNNLŽKŽÌKL‹ŒL‹ŒMLŽŒŒMMŒNLKÌŒKKŒÎLÌÌKL‹ŒL‹ŒMLŽŒŒMMŒNKKÌNLÍ‹KÍL‹ŒL‹ŒMLŽŒŒMMŒŒKMÌMKLKŒŒLÍËL‹ŒL‹ŒMLŽŒŒMMŒŒKLKŒŒŒML‹KMŽLÎL‹ŒL‹ŒMLŽŒŒMMŒŒ‹KŒÌŒL‹LKŒNLÎML‹L‹ŒL‹ŒMLŽŒŒMMŒŒËKŽLŽNL‹MNMNLL‹ŒL‹ŒMLŽŒŒMMŒLŒMÍKŒŒLLÍL‹ŒL‹ŒMLŽŒŒMMŒKKŒÌŒNKËŒÌŒLŒËL‹ŒL‹ŒMLŽŒŒMMŒ‹ËŽMMÎŒÌMM‹L‹ŒL‹ŒMLŽŒŒMMŒËLKŽMMÍŒL‹KŒÎMÌ‹L‹ŒL‹ŒMLŽŒŒMMŒŽÌMŒËLËŒMÎÌËL‹ŒL‹ŒMLŽŒŒMMŒŽKKŒLŒLÌL‹ŒÎML‹ŒL‹ŒMLŽŒŒMMŒÌŽNLNËŽŽML‹ŒL‹ŒMLŽŒŒMMŒÌKLŒŒÍ‹MNMÍ‹L‹ŒL‹ŒMLŽŒŒMMŒÌ‹‹ŒMÌMŒ‹ŒÍNNLL‹ŒL‹ŒMLŽŒŒMMŒÌËLŒŒŒÌŽKKŒLLMËL‹ŒL‹ŒMLŽŒŒMMŒÍ‹ŽLÌÌÌKLŒÌÎÌKL‹ŒL‹ŒMLŽŒŒMMŒÍKKÌŽMÌËLÌËL‹ŒL‹ŒMLŽŒŒMMŒÍ‹KŒNLŽNMÍL‹ŒL‹ŒMLŽŒŒMMŒÍËËŽLMŒŒÍŒŒ‹L‹ŒL‹ŒMLŽŒŒMMŒÎŽMÌMËŽÍÌKL‹ŒL‹ŒMLŽŒŒMMŒÎKKŒŽNML‹ËŒMML‹L‹ŒL‹ŒMLŽŒŒMMŒLNLMLL‹ŒL‹ŒMLŽŒŒMMK‹MŒÌNKŒŽNLÍËL‹ŒL‹ŒMLŽŒŒMM‹ŽNË‹ÌÌNKL‹ŒL‹ŒMLŽŒŒMMËËŒMNLŒMLŽ‹L‹ŒL‹ŒMLŽŒŒMMËMMÌLKKŽNŒKL‹ŒL‹ŒMLŽŒŒMMKŒNMËŒŒÌ‹L‹ŒL‹ŒMLŽŒŒMM‹ŽNLMËKMKL‹ŒL‹ŒMLŽŒŒMMËŒM‹L‹NLMÌL‹L‹ŒL‹ŒMLŽŒŒMMŒŒL‹ŒL‹ŒMLŽŒŒMMKŒŒL‹ŒL‹ŒMLŽŒŒMML‹ÌLŒÎL‹LKŒNMLŽL‹ŒL‹ŒMLŽŒŒMMLKLËLMLËLKŒÍÎMKL‹ŒL‹ŒMLŽŒŒMML‹ËŒMLŒËLŒÍLLKL‹ŒL‹ŒMLŽŒŒMMLËLŒÍLMËMKÌÌMËL‹ŒL‹ŒMLŽŒŒMMMMLÍNKL‹ŒLËL‹ŒL‹ŒMLŽŒŒMMMKL‹ŒÍÌM‹LÍÌLŒML‹ŒL‹ŒMLŽŒŒMMM‹ŒŒL‹ŒL‹ŒMLŽŒŒMMMËŒŒL‹ŒL‹ŒMLŽŒŒMMNKŽMMŒNËLLLŽMNKL‹ŒL‹ŒMLŽŒŒMMNKLMNMKL‹ÌLŒÎKL‹ŒL‹ŒMLŽŒŒMMŒL‹ŒNÌL‹L‹ŒL‹ŒMLŽŒŒMMŒKLKŒMŽMËLKLMKL‹ŒL‹ŒMLŽŒŒMMŒ‹ŒŒÌÍLËLŒÎŒKL‹ŒL‹ŒMLŽŒŒMMŒËLŒLKŒLKL‹ŒL‹ŒMLŽŒŒMMKŽNÍÌLKÍÍÍÌÍL‹ŒL‹ŒMLŽŒŒMMKLŒŒŽL‹ŒÍL‹L‹ŒL‹ŒMLŽŒŒMM‹LKMLÌL‹ÍL‹ŒL‹ŒMLŽŒŒMMËLMMKLŒLMLËL‹ŒL‹ŒMLŽŒŒMMŽKMLÎLKMLŽMŒËL‹ŒL‹ŒMLŽŒŒMMŽKLKŒÌÎËKŒÎKL‹ŒL‹ŒMLŽŒŒMMÌLÌÌL‹ŒNNLNL‹ŒL‹ŒMLŽŒŒMMÌKLŽÌMLLKÍŽM‹L‹ŒL‹ŒMLŽŒŒMMÌ‹LËŽLLM‹LKŒML‹ŒL‹ŒMLŽŒŒMMÌËLŽÎ‹ŒLL‹ŒL‹ŒMLŽŒŒMMÍ‹ÍKÌÍŽML‹ŒL‹ŒMLŽŒŒMMÍKLËÎLÎ‹LŽMÌÌÌLL‹ŒL‹ŒMLŽŒŒMMÍ‹KÎ‹LÍÎMNLL‹ŒL‹ŒMLŽŒŒMMÍËLŽMMËL‹ŒŒNMKL‹ŒL‹ŒMLŽŒŒMMÎLËŒLÌŒMÍKLÎNLÍÌËL‹ŒL‹ŒMLŽŒŒMMÎKLKŒMÎLNNL‹ŒL‹ŒMLŽŒŒMMŽLÎMŒÌÎL‹ŒL‹ŒMLŽŒŒMMŽKL‹ŒÎMÎÍŒŒŽLNL‹ŒL‹ŒMLŽŒŒMMŽ‹LŒLŽLKŒÎNLL‹L‹ŒL‹ŒMLŽŒŒMMŽËLŽÎMÌËMKŒÍÎLNKL‹ŒL‹ŒMLŽŒŒMMŽL‹LËŒMMKL‹ŒL‹ŒMLŽŒŒMMŽKKŒMMŒN‹NÍ‹L‹ŒL‹ŒMLŽŒŒMMŽ‹‹ŒMÍŒÌ‹LŒÌŽML‹ŒL‹ŒMLŽŒŒMMŽËLKŽLÌ‹ŒLM‹L‹ŒL‹ŒMLŽŒŒMMŽ‹ŽNÌ‹ŒÌÍÎL‹ŒL‹ŒMLŽŒŒMMŽKŽLŒLŽKLŒÍMÌËL‹ŒL‹ŒMLŽŒŒMMŽLL‹ŽMMMÎKÍMNL‹ŒL‹ŒMLŽŒŒMMŽLKLKŽMN‹ŽÍL‹ŒL‹ŒMLŽŒŒMMŽL‹ŒLKL‹ŒŒÍËL‹ŒL‹ŒMLŽŒŒMMŽLËLLKL‹ŒMÍÎKL‹ŒL‹ŒMLŽŒŒMMŽM‹ŒLÌÌËLŒŽLKL‹ŒL‹ŒMLŽŒŒMMŽMKMŒËLËLŽMÍÍKL‹ŒL‹ŒMLŽŒŒMMŽM‹LËŒÍÍÍÎKLKNKL‹ŒL‹ŒMLŽŒŒMMŽMËŒMÌÎKKŒÌŽMËL‹ŒL‹ŒMLŽŒŒMMŽNËMŒŒÎKÌŒŽL‹ŒL‹ŒMLŽŒŒMMŽNKLKŽLÍŒŽKÍŒLKL‹ŒL‹ŒMLŽŒŒMMÌËŒÌLÌŒKMŒLL‹ŒL‹ŒMLŽŒŒMMÌKL‹ŽŒKMŽMÎKL‹ŒL‹ŒMLŽŒŒMMÌ‹LKŽMŽNLKKMÍKL‹ŒL‹ŒMLŽŒŒMMÌËLKMŒK‹ŒMŒNËL‹ŒL‹ŒMLŽŒŒMMÌLŒŒÌLM‹LŒÍÌLÎLL‹ŒL‹ŒMLŽŒŒMMÌKLKŒŽÍ‹LŒŽLNL‹ŒL‹ŒMLŽŒŒMMÌ‹‹ŒLMÎMÌKLŒÍKL‹ŒL‹ŒMLŽŒŒMMÌËLKŒMMÍÍKLKŽLŒŒŒKL‹ŒL‹ŒMLŽŒŒMMÌL‹ŒMŽKLŒLÍÎLËL‹ŒL‹ŒMLŽŒŒMMÌK‹ÍLÍ‹KŽMŒŒL‹ŒL‹ŒMLŽŒŒMMÌLŒÍLŒÌLLÍ‹L‹ŒL‹ŒMLŽŒŒMMÌLKL‹ŒŒNÌML‹ŒL‹ŒMLŽŒŒMMÌL‹ËLŒŒ‹L‹ŒL‹ŒMLŽŒŒMMÌLËŒŒLËNLLKL‹ŒL‹ŒMLŽŒŒMMÌMLKMLÌŒKLLLŽ‹L‹ŒL‹ŒMLŽŒŒMMÌMKKŽŒÍKŽNMÌL‹ŒL‹ŒMLŽŒŒMMÌM‹KNMMËLKÍNLKL‹ŒL‹ŒMLŽŒŒMMÌMËLŽÌNL‹ŒNLL‹ŒL‹ŒMLŽŒŒMMÌNKMÍLKŒÌMMMŒ‹L‹ŒL‹ŒMLŽŒŒMMÌNKKŒŒMŒÌ‹LËÎL‹ŒL‹ŒMLŽŒŒMMÌŒLŽNNŒMŽLŒ‹L‹ŒL‹ŒMLŽŒŒMMÌŒKKÌÍŒËËŒMLMKL‹ŒL‹ŒMLŽŒŒMMÌŒ‹ËÍÍÌÍLŒÍLŒL‹ŒL‹ŒMLŽŒŒMMÌŒËLKŒLŒMM‹KŒÍMŽML‹ŒL‹ŒMLŽŒŒMMÌLŒKLËŒÎÌLŒËL‹ŒL‹ŒMLŽŒŒMMÌKKMLÌ‹LKŽMÌŒŽL‹ŒL‹ŒMLŽŒŒMMÌ‹ÎNMËŒMNL‹ŒL‹ŒMLŽŒŒMMÌËLŒŒŒÌKŒÍŒLŒKL‹ŒL‹ŒMLŽŒŒMMÌŽKÍÌÌÎKLŒÌŽKL‹ŒL‹ŒMLŽŒŒMMÌŽKŒNLLMLKŒŽLML‹L‹ŒL‹ŒMLŽŒŒMMÌÌ‹ŒŒN‹LŽLÎÌ‹L‹ŒL‹ŒMLŽŒŒMMÌÌKŒLLLKŽNŽÌ‹L‹ŒL‹ŒMLŽŒŒMMÌÌ‹NLL‹N‹L‹ŒL‹ŒMLŽŒŒMMÌÌËËŒLÍÍŒÍLÍL‹ŒL‹ŒMLŽŒŒMMÌÍKŒLÌ‹ŒŒMÌŒL‹ŒL‹ŒMLŽŒŒMMÌÍK‹ŒÍNNKËŽMŽLËL‹ŒL‹ŒMLŽŒŒMMÌÍ‹ŒŒL‹ŒL‹ŒMLŽŒŒMMÌÍËŒŒL‹ŒL‹ŒMLŽŒŒMMÌÎŽŽL‹‹ŒŒÍL‹ŒL‹ŒMLŽŒŒMMÌÎKËŒÌÌŽLKNNNNËL‹ŒL‹ŒMLŽŒŒMMÍËÌMMKKÎLKL‹ŒL‹ŒMLŽŒŒMMÍKLŒMÍŒK‹ÍŒÎMKL‹ŒL‹ŒMLŽŒŒMMÍ‹ËËMŒMNKL‹ŒL‹ŒMLŽŒŒMMÍËLŒŽLÎL‹ÌŽML‹L‹ŒL‹ŒMLŽŒŒMMÍŒŒL‹ŒL‹ŒMLŽŒŒMMÍKLKÌM‹KŒÍÎM‹L‹ŒL‹ŒMLŽŒŒMMÍ‹KŽÍ‹LKÍLÍÎM‹L‹ŒL‹ŒMLŽŒŒMMÍËMŽLŽLËLKŽŒËL‹ŒL‹ŒMLŽŒŒMMÍKÍÍNLLŽMÌLÌ‹L‹ŒL‹ŒMLŽŒŒMMÍKLKŒLŒÍŒËMKŽMŒŽMMËL‹ŒL‹ŒMLŽŒŒMMÍLMŒŒNNL‹ŒÎM‹L‹ŒL‹ŒMLŽŒŒMMÍLKLËŒLÎMNL‹LKÍL‹ŒL‹ŒMLŽŒŒMMÍL‹‹ŒÌËŽMLKL‹ŒL‹ŒMLŽŒŒMMÍLËLËLŒMMKLŒMMLKL‹ŒL‹ŒMLŽŒŒMMÍM‹ŒŽNMÌLŽLLNNL‹ŒL‹ŒMLŽŒŒMMÍMKLKŒLŽLŽKLËŒLNLÌKL‹ŒL‹ŒMLŽŒŒMMÍM‹L‹ÍLKLÎNLKL‹ŒL‹ŒMLŽŒŒMMÍMËLKÌÎ‹LKÍÌÎ‹L‹ŒL‹ŒMLŽŒŒMMÍNŒÎNÍ‹LŒÌL‹ŒL‹ŒMLŽŒŒMMÍNKŒŒL‹ŒL‹ŒMLŽŒŒMMÍŒ‹ŒMŽLÌKL‹ŒÎNËL‹ŒL‹ŒMLŽŒŒMMÍŒKŒŒL‹ŒL‹ŒMLŽŒŒMMÍŒ‹LKŒÌÌŒÌÍ‹ÍNL‹ŒL‹ŒMLŽŒŒMMÍŒËLŽLŒLŒËLÌÍŒÌKL‹ŒL‹ŒMLŽŒŒMMÍ‹KKMNLÍËL‹ŒL‹ŒMLŽŒŒMMÍKLKÎKKŒLNËL‹ŒL‹ŒMLŽŒŒMMÍ‹KŒÌŒMÍÍLŒÍŽLNL‹ŒL‹ŒMLŽŒŒMMÍËKŒLNKËŽÎËL‹ŒL‹ŒMLŽŒŒMMÍŽLËÎLŒLKLMM‹L‹ŒL‹ŒMLŽŒŒMMÍŽKLMÌŒÍK‹ŒŒÍÍKL‹ŒL‹ŒMLŽŒŒMMÍÌ‹ŒNMKŒÍMÌÌM‹L‹ŒL‹ŒMLŽŒŒMMÍÌKMŒÌÌËLÌMMËL‹ŒL‹ŒMLŽŒŒMMÍÌ‹KŒŒLLŽLÌÌŒÍL‹ŒL‹ŒMLŽŒŒMMÍÌËLNMŽL‹ŒŒÍÌŒ‹L‹ŒL‹ŒMLŽŒŒMMÍÍŒŒL‹ŒL‹ŒMLŽŒŒMMÍÍKLKŽMŒKŒŒMŽKL‹ŒL‹ŒMLŽŒŒMMÍÍ‹ŒŒL‹ŒL‹ŒMLŽŒŒMMÍÍËLKÌLŽNÌ‹L‹ŒL‹ŒMLŽŒŒMMÍÎŒŒL‹ŒL‹ŒMLŽŒŒMMÍÎKLMÍÍMNLÌŒL‹ŒL‹ŒMLŽŒŒMMÎŒŒL‹ŒL‹ŒMLŽŒŒMMÎKKŽMÍË‹ŽLMŽKL‹ŒL‹ŒMLŽŒŒMMÎ‹ŒŒL‹ŒL‹ŒMLŽŒŒMMÎËLKŽNLŽL‹LŒŒLŒÌL‹ŒL‹ŒMLŽŒŒMMÎŒŒL‹ŒL‹ŒMLŽŒŒMMÎKKŒÌMLËLŒÌMËL‹ŒL‹ŒMLŽŒŒMMÎ‹L‹ŒÌÌÍKŒÎNNL‹ŒL‹ŒMLŽŒŒMMÎËL‹ŒMLŽLÌMML‹ŒL‹ŒMLŽŒŒMMÎÍÎMŒŽKLKŒŽMŽLËL‹ŒL‹ŒMLŽŒŒMMÎKLŒMŒŽKL‹ŒÌÍKL‹ŒL‹ŒMLŽŒŒMMÎL‹ŒNÌ‹ŽL‹L‹ŒL‹ŒMLŽŒŒMMÎLKLŒ‹LËŒÌÌLÎL‹ŒL‹ŒMLŽŒŒMMÎL‹LËŒLÎNNKLKÍNMLÎKL‹ŒL‹ŒMLŽŒŒMMÎLËŒÌŽLŒKŒMŒL‹ŒL‹ŒMLŽŒŒMMÎM‹ŒÍNM‹LLŒL‹ŒL‹ŒMLŽŒŒMMÎMKLKÌŒÎ‹ŽLÌLÍL‹ŒL‹ŒMLŽŒŒMMÎM‹‹ÍÎLLÌL‹ŒL‹ŒMLŽŒŒMMÎMËL‹ŒLŒÍKMŽMÎNKL‹ŒL‹ŒMLŽŒŒMMÎNL‹ŒÌŽLÌËKÌÌŒKL‹ŒL‹ŒMLŽŒŒMMÎNKLKLLÎKKŽLŽLÌÌËL‹ŒL‹ŒMLŽŒŒMNLŒÌÌÌKLŒŽKL‹ŒL‹ŒMLŽŒŒMNKLKŒÌŒLM‹LLŒŽL‹ŒL‹ŒMLŽŒŒMN‹‹ŒLLNKLŽLŒMÌKL‹ŒL‹ŒMLŽŒŒMNËLKŽÍÌML‹ŒÌŒM‹L‹ŒL‹ŒMLŽŒŒMNL‹ŒÌNLMLLŒLL‹L‹ŒL‹ŒMLŽŒŒMNK‹ŒÍNLKKŒÍŽMÍËL‹ŒL‹ŒMLŽŒŒMN‹ËMŒÍÎL‹LŒMÌLŒ‹L‹ŒL‹ŒMLŽŒŒMNËLKŽLŽMÍŒÎMŽL‹ŒL‹ŒMLŽŒŒMNËŒMÌ‹ŒÍŒÌÍL‹ŒL‹ŒMLŽŒŒMNKŽMMÎŒÌNŽL‹ŒL‹ŒMLŽŒŒMNLLKŒÌÍ‹LÎL‹L‹ŒL‹ŒMLŽŒŒMNLKKŒÎMÍŒŒËKŒLKL‹ŒL‹ŒMLŽŒŒMNL‹KÍLŽKLKÌŒŽKL‹ŒL‹ŒMLŽŒŒMNLËLKÌNNKKLÌÎKL‹ŒL‹ŒMLŽŒŒMNMKNLÌËLKŒMŒNLËL‹ŒL‹ŒMLŽŒŒMNMKKŽMÍŽËLËŒÍÌÌŒKL‹ŒL‹ŒMLŽŒŒMNM‹LKŒŒŒKLÌËL‹ŒL‹ŒMLŽŒŒMNMËKLÌŒÍ‹‹ŽMÍNL‹L‹ŒL‹ŒMLŽŒŒMNNËŒÍÌÌLNKLLŒŒKL‹ŒL‹ŒMLŽŒŒMNNKLŽMÌŒŒËKŒNÌKL‹ŒL‹ŒMLŽŒŒMNŒŒLMÍLËÌLML‹ŒL‹ŒMLŽŒŒMNŒKKŒLL‹L‹ŒMÍÍL‹ŒL‹ŒMLŽŒŒMNŒ‹ŒÍLL‹ËŒLŒLL‹L‹ŒL‹ŒMLŽŒŒMNŒËLŒMMLŒKŒLÍŽKL‹ŒL‹ŒMLŽŒŒMN‹ŒMMKLŒMNLLKL‹ŒL‹ŒMLŽŒŒMNKŒŽLŒÍKÎNL‹ŒL‹ŒMLŽŒŒMN‹‹MÌMÍÎLLŒ‹L‹ŒL‹ŒMLŽŒŒMNËŽŒÌKLKÌNKL‹ŒL‹ŒMLŽŒŒMNŽLŒLŒLËŒÍMÍKL‹ŒL‹ŒMLŽŒŒMNŽKËŒÌLÍÍMKŒÍÎLËL‹ŒL‹ŒMLŽŒŒMNÌÍŽNLËÍMËL‹ŒL‹ŒMLŽŒŒMNÌKÍMŽ‹MLŒL‹ŒL‹ŒMLŽŒŒMNÌ‹ËŒLLÍKLKŒÌNMËL‹ŒL‹ŒMLŽŒŒMNÌËKŒLLKLLŒÍËL‹ŒL‹ŒMLŽŒŒMNÍNŒŒŽ‹ŒLŒŒMŽL‹ŒL‹ŒMLŽŒŒMNÍK‹ŽNËŽMŽL‹ŒL‹ŒMLŽŒŒMNÍ‹‹ŽLÍ‹KŒŒÌÌL‹L‹ŒL‹ŒMLŽŒŒMNÍËÌŒLK‹ŽLŒÌÎKL‹ŒL‹ŒMLŽŒŒMNÎËŒLMKŒŒNLNNL‹ŒL‹ŒMLŽŒŒMNÎKŒMMLÌÎL‹ŒNŒÌ‹L‹ŒL‹ŒMLŽŒŒMNŒŒL‹ŒL‹ŒMLŽŒŒMNKŒŒL‹ŒL‹ŒMLŽŒŒMN‹ËŒMLKŒMÌÌL‹ŒL‹ŒMLŽŒŒMNËMLÍËL‹ŒLŒÎKL‹ŒL‹ŒMLŽŒŒMNKLÌŒ‹LKŒÍLÎL‹ŒL‹ŒMLŽŒŒMNKKNLŒMLKŽLML‹ŒL‹ŒMLŽŒŒMN‹MNMLËL‹ŒÍMMÎKL‹ŒL‹ŒMLŽŒŒMNËLËŒLNKLŽNMÎLËL‹ŒL‹ŒMLŽŒŒMNŒŒÌLŽM‹L‹ŒL‹ŒMLŽŒŒMNKL‹ÍNMKÍŒŒMŒKL‹ŒL‹ŒMLŽŒŒMNLKŒŒÍMLKŒÍŽMÎL‹ŒL‹ŒMLŽŒŒMNLKLKŒŽÍËLËŒLMNËL‹ŒL‹ŒMLŽŒŒMNL‹LËŒNMÌLKŒLMMÌL‹ŒL‹ŒMLŽŒŒMNLËLKLÎLL‹ŒLÍÍŒ‹L‹ŒL‹ŒMLŽŒŒMNMLŒLŒMŒÌ‹LŒÌŒL‹ŒL‹ŒMLŽŒŒMNMKL‹ŒÍÎLM‹KÍÌLŒL‹ŒL‹ŒMLŽŒŒMNM‹KMÍMËL‹ŒLKL‹ŒL‹ŒMLŽŒŒMNMËŒÍËLKÎMÌŒMËL‹ŒL‹ŒMLŽŒŒMNNLKLLKLŽLŽLËL‹ŒL‹ŒMLŽŒŒMNNKLKŒNKLŽMLKL‹ŒL‹ŒMLŽŒŒMNŒÎÎLMŒŽ‹L‹ŒL‹ŒMLŽŒŒMNŒKL‹ŒMÍÍËÌÌËL‹ŒL‹ŒMLŽŒŒMNŒ‹LŒMÌNLŽLKŽNLÌÌŽL‹ŒL‹ŒMLŽŒŒMNŒËLKLÌMNKLKÎÎLËL‹ŒL‹ŒMLŽŒŒMNLËŽÎMMËLKMÎMKL‹ŒL‹ŒMLŽŒŒMNKLŽNLŒK‹ŽNLMKL‹ŒL‹ŒMLŽŒŒMN‹KÎMKŽŽÎKL‹ŒL‹ŒMLŽŒŒMNËŒŒL‹ŒL‹ŒMLŽŒŒMNŽŽÌÍMÎKLŽMŒKL‹ŒL‹ŒMLŽŒŒMNŽKLÎLMŽMKL‹ŒLÌÍNËL‹ŒL‹ŒMLŽŒŒMNÌL‹ŽMÌL‹LŒMML‹ŒL‹ŒMLŽŒŒMNÌKL‹LÍLÌKLŒŽNKL‹ŒL‹ŒMLŽŒŒMNÌ‹LŒÍÎËŽÌLÌLKL‹ŒL‹ŒMLŽŒŒMNÌËL‹ŒÎLÌÌM‹ÌŒL‹L‹ŒL‹ŒMLŽŒŒMNÍLŒŒMLNLKŽMLL‹L‹ŒL‹ŒMLŽŒŒMNÍKLŽÌLŒKMKŒÎMMKL‹ŒL‹ŒMLŽŒŒMNÍ‹L‹ŽLŽMKŒÍNMËL‹ŒL‹ŒMLŽŒŒMNÍËKŒÌÌŽ‹ŒÌMŽL‹L‹ŒL‹ŒMLŽŒŒMNÎKŽNKLKŒLLLÍËL‹ŒL‹ŒMLŽŒŒMNÎKL‹ŒMÍÌÍLŽMMÌNL‹ŒL‹ŒMLŽŒŒMNKŒLŒ‹LŒÌLŒŽL‹L‹ŒL‹ŒMLŽŒŒMNKLLMKLŒŽLLKL‹ŒL‹ŒMLŽŒŒMN‹L‹NMKŒŒLNL‹ŒL‹ŒMLŽŒŒMNËL‹ŒÌMËŒÌKL‹ŒL‹ŒMLŽŒŒMNŒÍŒMNLËLKMÌÍKL‹ŒL‹ŒMLŽŒŒMNKÎKLKŽLLKL‹ŒL‹ŒMLŽŒŒMN‹‹ŒÌŒÌNKŒÍÍ‹L‹ŒL‹ŒMLŽŒŒMNËNL‹LËŒLÍ‹L‹ŒL‹ŒMLŽŒŒMNLËŒMNML‹LKŒLŒŒL‹ŒL‹ŒMLŽŒŒMNKŒLŒKŽMKL‹ŒL‹ŒMLŽŒŒMNL‹ŽŽMËŽLNËL‹ŒL‹ŒMLŽŒŒMNLKLKŒNÌ‹KŒÍÌÌL‹ŒL‹ŒMLŽŒŒMNL‹ËŒLÍ‹KŒŒLÍNNL‹ŒL‹ŒMLŽŒŒMNLËL‹ŽMÍÍKMŽLŒËL‹ŒL‹ŒMLŽŒŒMNML‹ŒMMÍMÍKŒÍÍLL‹ŒL‹ŒMLŽŒŒMNMKLNL‹‹LÎNL‹ŒL‹ŒMLŽŒŒMNM‹LŒŽLÌMLÍL‹ŒL‹ŒMLŽŒŒMNMËLKLMKLLŒÌÍËL‹ŒL‹ŒMLŽŒŒMNN‹ŒÌMNLŒŽMÍŒL‹ŒL‹ŒMLŽŒŒMNNKLKNMÌÎLKŒŽŽN‹L‹ŒL‹ŒMLŽŒŒMNLLKŽLŒMŒ‹ŒLLÎ‹L‹ŒL‹ŒMLŽŒŒMNLK‹LÍL‹KŽLNÍ‹L‹ŒL‹ŒMLŽŒŒMNL‹ËŽNML‹LNNL‹ŒL‹ŒMLŽŒŒMNLËLKŒLMŒËŒLÌKL‹ŒL‹ŒMLŽŒŒMNLŒÍËŽNÌŒËL‹ŒL‹ŒMLŽŒŒMNLKŒMML‹ŒM‹L‹ŒL‹ŒMLŽŒŒMNL‹LŽLMKM‹L‹ŒL‹ŒMLŽŒŒMNLË‹ŒMŒŒÌŒKŽMÌL‹ŒL‹ŒMLŽŒŒMNLKŒÌÌMÌÍËLKMMLNËL‹ŒL‹ŒMLŽŒŒMNLKLKŒÎM‹KŒML‹ŒL‹ŒMLŽŒŒMNLLKNLÎNLKŒÍÍÍ‹L‹ŒL‹ŒMLŽŒŒMNLLKKŒÎLŒŒKLËŒMLNKL‹ŒL‹ŒMLŽŒŒMNLL‹LLLÍMËLŒÎLKL‹ŒL‹ŒMLŽŒŒMNLLË‹ŒÌNL‹ËŽLŒL‹L‹ŒL‹ŒMLŽŒŒMNLM‹ŽMÌM‹LÌÌ‹L‹ŒL‹ŒMLŽŒŒMNLMKLŽMMLË‹ŒÎLËL‹ŒL‹ŒMLŽŒŒMNLM‹ŒÍMLËŒÍÍ‹L‹ŒL‹ŒMLŽŒŒMNLMËKŒÌLŒŒLKNŒÍ‹L‹ŒL‹ŒMLŽŒŒMNLNKŒÌËÌLÌ‹L‹ŒL‹ŒMLŽŒŒMNLNKŒŒMŒKŒŽÎNL‹L‹ŒL‹ŒMLŽŒŒMNLŒKŽNMÍÌËŒMMKL‹ŒL‹ŒMLŽŒŒMNLŒKLŒLËŽMLMKL‹ŒL‹ŒMLŽŒŒMNLŒ‹KŽMŒŒŽLŽNŒMŒL‹ŒL‹ŒMLŽŒŒMNLŒËŽLÌ‹LKŽMNMM‹L‹ŒL‹ŒMLŽŒŒMNLÍÎÎKKŒŒLÌÌKL‹ŒL‹ŒMLŽŒŒMNLK‹ŽLÍŒÍÌ‹ËŽMLÍL‹L‹ŒL‹ŒMLŽŒŒMNL‹KŒMLLMKKMŒMKL‹ŒL‹ŒMLŽŒŒMNLËKŒÌÍŒÌ‹ŽÌNÍL‹ŒL‹ŒMLŽŒŒMNLŽŒMÍLŒÎNNLL‹ŒL‹ŒMLŽŒŒMNLŽKKŽLÌMÍŒKŒŒMMŒÍKL‹ŒL‹ŒMLŽŒŒMNLÌŒMMËKÍLÍKL‹ŒL‹ŒMLŽŒŒMNLÌK‹ŒÍŒ‹ËÌMÍL‹ŒL‹ŒMLŽŒŒMNLÌ‹ËMLLKKŒÎKL‹ŒL‹ŒMLŽŒŒMNLÌËÌŽLÍÌKËŒÌÍMŽKL‹ŒL‹ŒMLŽŒŒMNLÍŒNMŒKLŽMÍKL‹ŒL‹ŒMLŽŒŒMNLÍKÍÌÎLKLKÍÍLÌKL‹ŒL‹ŒMLŽŒŒMNLÍ‹ŒŒL‹ŒL‹ŒMLŽŒŒMNLÍËLKŽLÍKŒÎMŽËL‹ŒL‹ŒMLŽŒŒMNLÎKŽMMNKL‹ŒŽMÍËL‹ŒL‹ŒMLŽŒŒMNLÎKMKŒÌÌËL‹ŒÍNMËL‹ŒL‹ŒMLŽŒŒMNMKMMMLKL‹L‹ŒL‹ŒMLŽŒŒMNMKLÌMÎŒËM‹ŒÎMŒÍKL‹ŒL‹ŒMLŽŒŒMNM‹MMÌLKŽLÎML‹L‹ŒL‹ŒMLŽŒŒMNMËLËŒÍLMKLKLMËL‹ŒL‹ŒMLŽŒŒMNMLLMËLKL‹ŒL‹ŒMLŽŒŒMNMKL‹ÌŒNËŽLKL‹ŒL‹ŒMLŽŒŒMNM‹ŒŒL‹ŒL‹ŒMLŽŒŒMNMËLŽŒŒKL‹ŽMNKL‹ŒL‹ŒMLŽŒŒMNML‹ÎMMLKNL‹ŒL‹ŒMLŽŒŒMNMKLKŒMLL‹L‹ŒL‹L‹ŒL‹ŒMLŽŒŒMNMLLŒÍLLŽLÍÌL‹ŒL‹ŒMLŽŒŒMNMLKLKŒMLMŒKÎLŒŽL‹ŒL‹ŒMLŽŒŒMNML‹KŽNÌÌKLKŽŒËL‹ŒL‹ŒMLŽŒŒMNMLËLŒNM‹LKLÍ‹L‹ŒL‹ŒMLŽŒŒMNMMLKŒŒNKLÌÌKL‹ŒL‹ŒMLŽŒŒMNMMKLKŒMŒMLLŽNNŒL‹ŒL‹ŒMLŽŒŒMNMM‹KŒMMÎ‹NÌÌL‹ŒL‹ŒMLŽŒŒMNMMËLKŽMLÌÍNMÌ‹L‹ŒL‹ŒMLŽŒŒMNMNŒMMLÎKL‹ŒMNMKL‹ŒL‹ŒMLŽŒŒMNMNKLKŒÍŽMLLKŽLMŒL‹L‹ŒL‹ŒMLŽŒŒMNMŒLËŒÌLÌŒMKLKÌLKL‹ŒL‹ŒMLŽŒŒMNMŒKLKŒLŒL‹KÍŒL‹ŒL‹ŒMLŽŒŒMNMŒ‹KŽNMN‹KŒMLÍML‹ŒL‹ŒMLŽŒŒMNMŒËLËŽNŒËLŽNNMNKL‹ŒL‹ŒMLŽŒŒMNMKŒŽŽ‹LŽLÌMÎL‹ŒL‹ŒMLŽŒŒMNMKLNMŽMËL‹ÌMËL‹ŒL‹ŒMLŽŒŒMNM‹ŒŒL‹ŒL‹ŒMLŽŒŒMNMËLKLMKÎMŒËL‹ŒL‹ŒMLŽŒŒMNMŽŒŒL‹ŒL‹ŒMLŽŒŒMNMŽKLKÍLËMÌŒŽLËL‹ŒL‹ŒMLŽŒŒMNMÌŒŒL‹ŒL‹ŒMLŽŒŒMNMÌKLLÌN‹MNLÌL‹ŒL‹ŒMLŽŒŒMNMÌ‹ŒŒL‹ŒL‹ŒMLŽŒŒMNMÌËKŒÎLŽËŒÌÌŒÎL‹ŒL‹ŒMLŽŒŒMNMÍŒŒL‹ŒL‹ŒMLŽŒŒMNMÍKLŽLM‹ŽŒÌÍLL‹ŒL‹ŒMLŽŒŒMNMÍ‹ŒŒL‹ŒL‹ŒMLŽŒŒMNMÍËŒŒL‹ŒL‹ŒMLŽŒŒMNMÎL‹ŒŽÍKŒLLL‹ŒL‹ŒMLŽŒŒMNMÎKLKŒŽMŒËŽMŒËL‹ŒL‹ŒMLŽŒŒMNNŽMLÌËLŽMŒÎKL‹ŒL‹ŒMLŽŒŒMNNKLŒÌÎÍŒ‹L‹ŽLNL‹ŒL‹ŒMLŽŒŒMNN‹KMÎLÍËŒÌLÌËL‹ŒL‹ŒMLŽŒŒMNNËŽMÍŒÌŽL‹ŽMÍ‹L‹ŒL‹ŒMLŽŒŒMNNŒŒL‹ŒL‹ŒMLŽŒŒMNNKŒÍLLKKŒMÍŒMËL‹ŒL‹ŒMLŽŒŒMNN‹‹ÌÍMŒ‹L‹ŒL‹ŒMLŽŒŒMNNËLKŽNL‹ŒNÌNM‹L‹ŒL‹ŒMLŽŒŒMNNËŒMMLŒŒKŒŒLÍM‹L‹ŒL‹ŒMLŽŒŒMNNKL‹ÌMŒLËMKŒLNLLKL‹ŒL‹ŒMLŽŒŒMNNLLMŒË‹ÍŽMËL‹ŒL‹ŒMLŽŒŒMNNLKLŽŽMŒKËŒNMŒŒKL‹ŒL‹ŒMLŽŒŒMNNL‹ŒLŒÎLLMÍNL‹ŒL‹ŒMLŽŒŒMNNLËLKŒÍÌÌÎKLŒÍÍMŽLËL‹ŒL‹ŒMLŽŒŒMNNM‹ŒŒŒMNKLŽLLŒKL‹ŒL‹ŒMLŽŒŒMNNMKL‹ŒŒÌÍÎL‹ŒŒŽ‹L‹ŒL‹ŒMLŽŒŒMNNM‹LKŽLÎNLŒÍŒL‹ŒL‹ŒMLŽŒŒMNNMËËŒÎLÍ‹KÎLMLL‹ŒL‹ŒMLŽŒŒMNNNŒŽŒLŒŽL‹ŒL‹ŒMLŽŒŒMNNNKL‹NNKLŒŒMKL‹ŒL‹ŒMLŽŒŒMŒËMLÌŽLŒŽÎL‹ŒL‹ŒMLŽŒŒMŒKLÎKŒMLŒÍKL‹ŒL‹ŒMLŽŒŒMŒ‹LKŽNMÎKŽNMŒKL‹ŒL‹ŒMLŽŒŒMŒËKLŒÍËKŒÎÍLMKL‹ŒL‹ŒMLŽŒŒMŒKÎNMMËLKÌLÌŒMËL‹ŒL‹ŒMLŽŒŒMŒKLŽMNK‹ŒŽNMÍKL‹ŒL‹ŒMLŽŒŒMŒ‹ŽMŽËLKŒÍLÌKL‹ŒL‹ŒMLŽŒŒMŒËKŽÍÌNKLËŒNMLKL‹ŒL‹ŒMLŽŒŒMŒLMLŒLM‹L‹ŒL‹ŒMLŽŒŒMŒKKŽMNNMKËLMËL‹ŒL‹ŒMLŽŒŒMŒLËŽLLŒÍNL‹ŒL‹ŒMLŽŒŒMŒLKLÎNËKŽNLŒËL‹ŒL‹ŒMLŽŒŒMŒL‹ŽLËŒMÌ‹L‹ŒL‹ŒMLŽŒŒMŒLË‹ŒÎLLÍ‹L‹ŒL‹ŒMLŽŒŒMŒMËÌÍM‹KL‹L‹ŒL‹ŒMLŽŒŒMŒMKLŒNMLŽMŽ‹L‹ŒL‹ŒMLŽŒŒMŒM‹KÌM‹LŒÌNLL‹ŒL‹ŒMLŽŒŒMŒMËLŒŽMMÍMKŒÌŒÍ‹L‹ŒL‹ŒMLŽŒŒMŒN‹ŒŽMÎLLNML‹ŒL‹ŒMLŽŒŒMŒNKLŒMLLŒËL‹ŒŒÎMËL‹ŒL‹ŒMLŽŒŒMŒŒŒÍÌMŒMŽÍL‹ŒL‹ŒMLŽŒŒMŒŒK‹ŽÌÌLKŒÍŒNKL‹ŒL‹ŒMLŽŒŒMŒŒ‹ŽÍKŽMŒKL‹ŒL‹ŒMLŽŒŒMŒŒËKŒLMLË‹ÌŒKL‹ŒL‹ŒMLŽŒŒMŒËŽMÌÌÎLLKNLLÎL‹ŒL‹ŒMLŽŒŒMŒKKŽMŽNNÌNŒL‹ŒL‹ŒMLŽŒŒMŒ‹ŒŒL‹ŒL‹ŒMLŽŒŒMŒËËŒÌŽLM‹ÍŽL‹ŒL‹ŒMLŽŒŒMŒŽ‹ŽMLNKKÌÎLKL‹ŒL‹ŒMLŽŒŒMŒŽKŒLÌLÍ‹ÍŒÌL‹ŒL‹ŒMLŽŒŒMŒÌŒMŽËŽLMMKL‹ŒL‹ŒMLŽŒŒMŒÌKŒMÌKL‹ŽÌÎLÎKL‹ŒL‹ŒMLŽŒŒMŒÌ‹ŒŒL‹ŒL‹ŒMLŽŒŒMŒÌËLKŒMÌŒËŒÎMKL‹ŒL‹ŒMLŽŒŒMŒÍ‹ŒÍÍÎLKÌŽŒÎL‹ŒL‹ŒMLŽŒŒMŒÍKMKŒÌŽÌ‹L‹ÌŒL‹ŒL‹ŒMLŽŒŒMŒÍ‹‹NNMLŽÍÌML‹ŒL‹ŒMLŽŒŒMŒÍËLKŒÌMÎM‹ÎML‹ŒL‹ŒMLŽŒŒMŒÎMKMÎLÍËL‹ŽLŽMÍKL‹ŒL‹ŒMLŽŒŒMŒÎKLËŒÌŒÌŒËLKÎËL‹ŒL‹ŒMLŽŒŒMŒŽMNLŒMLL‹ŒL‹ŒMLŽŒŒMŒKL‹ŽNNLKŒÎLŒMKL‹ŒL‹ŒMLŽŒŒMŒ‹KMÌL‹LKŒÍLÍL‹ŒL‹ŒMLŽŒŒMŒËLKŒŒŒLMËLËŒŽMËL‹ŒL‹ŒMLŽŒŒMŒLËŒÌLLËLKÍŒNKL‹ŒL‹ŒMLŽŒŒMŒKLKMMÌNLKL‹ŒMÍLŒKL‹ŒL‹ŒMLŽŒŒMŒ‹LŒNÌL‹LLÌLL‹ŒL‹ŒMLŽŒŒMŒËLKÍNMÌMKŒÎŒ‹L‹ŒL‹ŒMLŽŒŒMŒKŒLŒŽLKMŒMÍML‹ŒL‹ŒMLŽŒŒMŒKLLÌÍKL‹ÌÌMNKL‹ŒL‹ŒMLŽŒŒMŒLLKŒLMŒËŽËL‹ŒL‹ŒMLŽŒŒMŒLKLÌMÍL‹LŒŽLŽMÎL‹ŒL‹ŒMLŽŒŒMŒL‹KÌLËŒÍMKL‹ŒL‹ŒMLŽŒŒMŒLËLKÌLŽKŒÎL‹ŒL‹ŒMLŽŒŒMŒMŒŒL‹ŒL‹ŒMLŽŒŒMŒMKŒŒL‹ŒL‹ŒMLŽŒŒMŒM‹ŒŒL‹ŒL‹ŒMLŽŒŒMŒMËŒŒL‹ŒL‹ŒMLŽŒŒMŒN‹LLLŒŽKKLÍMÍMËL‹ŒL‹ŒMLŽŒŒMŒNKMŒÌMÍÎLŽLNNLŽL‹ŒL‹ŒMLŽŒŒMŒŒKMNLŽÍŽL‹ŒL‹ŒMLŽŒŒMŒŒKLŒLÍMMLL‹NLÌ‹L‹ŒL‹ŒMLŽŒŒMŒŒ‹L‹ÌÍŽL‹LMML‹ŒL‹ŒMLŽŒŒMŒŒËŒŒL‹ŒL‹ŒMLŽŒŒMŒLŒÎÌLKÌŽLKL‹ŒL‹ŒMLŽŒŒMŒKLKÍÌÎNKLMŒKL‹ŒL‹ŒMLŽŒŒMŒ‹ŒŒLLKLKŒÍÍËL‹ŒL‹ŒMLŽŒŒMŒËLKŒL‹MKŒÌML‹ŒL‹ŒMLŽŒŒMŒŽLKŒÍÌMKKŒMÎMËL‹ŒL‹ŒMLŽŒŒMŒŽKŽMLÌÌK‹ŒLNLKL‹ŒL‹ŒMLŽŒŒMŒÌ‹LŒÌËLŒŽMMËL‹ŒL‹ŒMLŽŒŒMŒÌKL‹ŒŒN‹LŒNML‹ŒL‹ŒMLŽŒŒMŒÌ‹‹ŒNÌŒKLŽLŒKL‹ŒL‹ŒMLŽŒŒMŒÌËŒÌŒNLKŒŒLML‹ŒL‹ŒMLŽŒŒMŒÍL‹ŒMÎ‹KŒÌL‹L‹ŒL‹ŒMLŽŒŒMŒÍKŒŒL‹ŒL‹ŒMLŽŒŒMŒÍ‹ÎKLKMNMLËL‹ŒL‹ŒMLŽŒŒMŒÍËLŒL‹ŒÎŒLŒ‹L‹ŒL‹ŒMLŽŒŒMŒÎ‹ŒLÌŽKKŒMÎNKL‹ŒL‹ŒMLŽŒŒMŒÎKŽŒÍÎËLËŒÍŒÌMÍËL‹ŒL‹ŒMLŽŒŒMŒLËŒÌLŒÎLKLKŒŒÌËL‹ŒL‹ŒMLŽŒŒMŒKŒLÍNKŒMŽM‹L‹ŒL‹ŒMLŽŒŒMŒ‹‹ŒNMÍMŒÌLŽL‹L‹ŒL‹ŒMLŽŒŒMŒËL‹ŒMÌËLÌMÌKL‹ŒL‹ŒMLŽŒŒMŒ‹ÌNÎLKŒŽLL‹ŒL‹ŒMLŽŒŒMŒKL‹ŒŒMÍNKMKŒŽMÍÎKL‹ŒL‹ŒMLŽŒŒMŒ‹LKMŽKKÍMÎLÍËL‹ŒL‹ŒMLŽŒŒMŒËLKŒLLMK‹ŒLMMËL‹ŒL‹ŒMLŽŒŒMŒLŒLÌLÍÎLŽÎML‹ŒL‹ŒMLŽŒŒMŒKLÍLÌŒ‹ŒLLÌÎ‹L‹ŒL‹ŒMLŽŒŒMŒL‹LŒŒÌLŽMNL‹ŒL‹ŒMLŽŒŒMŒLKL‹ŒMMËL‹MMMËL‹ŒL‹ŒMLŽŒŒMŒL‹L‹ŒMÌÌŒÎLŒÍM‹L‹ŒL‹ŒMLŽŒŒMŒLË‹ŽMLMËKÌLNKL‹ŒL‹ŒMLŽŒŒMŒMLMÌKLŒÍMŒËL‹ŒL‹ŒMLŽŒŒMŒMKL‹ŒLŽNLŒNNM‹L‹ŒL‹ŒMLŽŒŒMŒM‹ËÍÍÎKŽÎËL‹ŒL‹ŒMLŽŒŒMŒMËŒÍLŒLMNM‹L‹ŒL‹ŒMLŽŒŒMŒNLKMMKKŒLŒKL‹ŒL‹ŒMLŽŒŒMŒNK‹ŒÍMÌKKÍŒMÌKL‹ŒL‹ŒMLŽŒŒMŒL‹ŒÍÍŽLMËLÎNKL‹ŒL‹ŒMLŽŒŒMŒLKLŒŒL‹ŒL‹ŒMLŽŒŒMŒL‹KMÎKLŽLÌMLËL‹ŒL‹ŒMLŽŒŒMŒLËKNLÎLÌËLËMÌKL‹ŒL‹ŒMLŽŒŒMŒLLŽÍŽLŒŒÌÌ‹L‹ŒL‹ŒMLŽŒŒMŒLKKMŒLÌ‹‹ŽMÍÌÌ‹L‹ŒL‹ŒMLŽŒŒMŒL‹ËNLLŒNMÍÎL‹ŒL‹ŒMLŽŒŒMŒLËLKŒŒMKKŒŒLÌMLKL‹ŒL‹ŒMLŽŒŒMŒLMÍLŒ‹LËMÍMÍ‹L‹ŒL‹ŒMLŽŒŒMŒLKKŒÌŒÌKL‹ŒŒLÍËL‹ŒL‹ŒMLŽŒŒMŒLLKŒÍÌ‹ËŽLÍŽL‹ŒL‹ŒMLŽŒŒMŒLLKLNMLŒKŒMMÌL‹ŒL‹ŒMLŽŒŒMŒLL‹ŒŒL‹ŒL‹ŒMLŽŒŒMŒLLËLKŒLNÌËÎÍÍKL‹ŒL‹ŒMLŽŒŒMŒLM‹ŒÌÎÎKLKŒMLKL‹ŒL‹ŒMLŽŒŒMŒLMKŽNMMKLÍÌŒLKL‹ŒL‹ŒMLŽŒŒMŒLM‹ŒMMÎKLŒMMÎKL‹ŒL‹ŒMLŽŒŒMŒLMËËÍÎKŽLŽKL‹ŒL‹ŒMLŽŒŒMŒLNKŒŒLÌÍLËKŒÍÎŽKL‹ŒL‹ŒMLŽŒŒMŒLNKKLLMNËŒÍÌÌL‹ŒL‹ŒMLŽŒŒMŒLŒLÍMÍËLŒÍMÌMLKL‹ŒL‹ŒMLŽŒŒMŒLŒK‹ŒMÌMËŒŽMÍMKL‹ŒL‹ŒMLŽŒŒMŒLŒ‹ÍŽNLÍ‹LÍ‹L‹ŒL‹ŒMLŽŒŒMŒLŒËËŽMÎLKŒMŒŒL‹ŒL‹ŒMLŽŒŒMŒLËMŽKKŽMMŽLMËL‹ŒL‹ŒMLŽŒŒMŒLKŽÍ‹ËMLÎLM‹L‹ŒL‹ŒMLŽŒŒMŒL‹MMMÌKŽLŽML‹ŒL‹ŒMLŽŒŒMŒLËŒÍŒLKL‹ŒNLÍËL‹ŒL‹ŒMLŽŒŒMŒLŽŒŒL‹ŒL‹ŒMLŽŒŒMŒLŽKLKŒLLM‹ÍÍŽL‹ŒL‹ŒMLŽŒŒMŒLÌ‹ŒÍÌÎÍ‹LKŒMLL‹ŒL‹ŒMLŽŒŒMŒLÌKMKMÍŽLKL‹ŽMMÌLKL‹ŒL‹ŒMLŽŒŒMŒLÌ‹KŒÎÌ‹LKŒÍÌL‹ŒL‹ŒMLŽŒŒMŒLÌËLKŒÌÍKM‹ŒLŒMËL‹ŒL‹ŒMLŽŒŒMŒLÍMKŒM‹L‹MÍL‹ŒL‹ŒMLŽŒŒMŒLÍKLËŒLÌKLKÌŽMËL‹ŒL‹ŒMLŽŒŒMŒLÍ‹ŒŽŒŒKLMŽLŽKL‹ŒL‹ŒMLŽŒŒMŒLÍËLËŒÌÌŒÌŒML‹ŒL‹ŒMLŽŒŒMŒLÎKŒLLŒNKLKŒLLKL‹ŒL‹ŒMLŽŒŒMŒLÎKLKMLÌÍËLËŒÍMNKL‹ŒL‹ŒMLŽŒŒMŒMLËÌNMNKLKŒÍKL‹ŒL‹ŒMLŽŒŒMŒMKLKŽMMKLKŽLÌŒËL‹ŒL‹ŒMLŽŒŒMŒM‹LŒÍÌNKLŒÌÌËL‹ŒL‹ŒMLŽŒŒMŒMËLKMMÌÌL‹KŒÌÍÌL‹ŒL‹ŒMLŽŒŒMŒMKŽMËLKÌMLKL‹ŒL‹ŒMLŽŒŒMŒMKŒÍ‹LKŽLÍMML‹ŒL‹ŒMLŽŒŒMŒM‹LKŒNŒKKŒÎNKL‹ŒL‹ŒMLŽŒŒMŒMËLŽMŒKLŒLÌÍKL‹ŒL‹ŒMLŽŒŒMŒMKŒÎLÍKŒMŒÍLKL‹ŒL‹ŒMLŽŒŒMŒMKL‹LŽKŒÌKL‹ŒL‹ŒMLŽŒŒMŒMLLŒMŒÌMKLKÌÎLËL‹ŒL‹ŒMLŽŒŒMŒMLKLKŒŽML‹ŒLŒŒÌ‹L‹ŒL‹ŒMLŽŒŒMŒML‹LËŒŒNLŒ‹LKLLÌL‹ŒL‹ŒMLŽŒŒMŒMLËLÍŒÍÌËKÍMÌŒKL‹ŒL‹ŒMLŽŒŒMŒMMKŽKKŒLÌŒKL‹ŒL‹ŒMLŽŒŒMŒMMKMŒÍÎLLMLÍNL‹ŒL‹ŒMLŽŒŒMŒMM‹KÌKŒÍÍNKL‹ŒL‹ŒMLŽŒŒMŒMMËLNLMËL‹NMÌËL‹ŒL‹ŒMLŽŒŒMŒMNL‹ŽMŒŽMLÍŒÎL‹ŒL‹ŒMLŽŒŒMŒMNKL‹ÍÎLKLMÍÍKL‹ŒL‹ŒMLŽŒŒMŒMŒLŽMMÎKLŒŒÍŒKL‹ŒL‹ŒMLŽŒŒMŒMŒKL‹NNLLL‹ŒMMÍL‹ŒL‹ŒMLŽŒŒMŒMŒ‹ŒŽNLMËLŽLŒKL‹ŒL‹ŒMLŽŒŒMŒMŒËŒNMËLËŽLÌLËL‹ŒL‹ŒMLŽŒŒMŒML‹LÌŒKÍLÌKL‹ŒL‹ŒMLŽŒŒMŒMKKŒÌLÍK‹ŽLÍNKL‹ŒL‹ŒMLŽŒŒMŒM‹KŽMKLLKL‹ŒL‹ŒMLŽŒŒMŒMËLKŽLŽËLŒÎŒKL‹ŒL‹ŒMLŽŒŒMŒMŽ‹MMN‹ŒLÎÌ‹L‹ŒL‹ŒMLŽŒŒMŒMŽKLŒŒLKŒÌ‹L‹ŒL‹ŒMLŽŒŒMŒMÌL‹ŽMÍNL‹KŒŒÎMŒÎL‹ŒL‹ŒMLŽŒŒMŒMÌKL‹ŒMËŒÌMKL‹ŒL‹ŒMLŽŒŒMŒMÌ‹KŒMÍMLNMÌL‹ŒL‹ŒMLŽŒŒMŒMÌËLŽLÍLL‹L‹L‹ŒL‹ŒMLŽŒŒMŒMÍKŽNNKŒÍLŽKL‹ŒL‹ŒMLŽŒŒMŒMÍKŽMÎM‹L‹ŽNŒL‹ŒL‹ŒMLŽŒŒMŒMÍ‹L‹ÍÍMÌLKÎL‹ŒL‹ŒMLŽŒŒMŒMÍËLŒŽMÎNKŽMLÍKL‹ŒL‹ŒMLŽŒŒMŒMÎKŒÍÍM‹ŒŒÍŒM‹L‹ŒL‹ŒMLŽŒŒMŒMÎKL‹ŽÌKŒÍÎMŒKL‹ŒL‹ŒMLŽŒŒMŒN‹ÌŒŽKŒÍÍŒL‹ŒL‹ŒMLŽŒŒMŒNKLKLMMŽËLËŽLÎNKL‹ŒL‹ŒMLŽŒŒMŒN‹LKŽLÍLÍMËÎLÎMKL‹ŒL‹ŒMLŽŒŒMŒNËLKŒÍŽŒKÌMŽL‹ŒL‹ŒMLŽŒŒMŒNNMŒ‹KŒNLÎL‹ŒL‹ŒMLŽŒŒMŒNKLMÌLŒËŽMÍKL‹ŒL‹ŒMLŽŒŒMŒN‹‹ŒŽNÍÌKLŽMÌÌMMKL‹ŒL‹ŒMLŽŒŒMŒNËL‹ŒÍÎŒL‹ŒŒŒÍL‹ŒL‹ŒMLŽŒŒMŒNLKLŒÌ‹L‹ŒL‹ŒMLŽŒŒMŒNK‹ŒNLŽLKKÌÍÎLKL‹ŒL‹ŒMLŽŒŒMŒNLËÎLŽKLŽMŒÎLËL‹ŒL‹ŒMLŽŒŒMŒNLKLÍÍÌÍÌ‹ÌÍÌL‹ŒL‹ŒMLŽŒŒMŒNL‹ËÍMÌNÍMŒÍÌL‹ŒL‹ŒMLŽŒŒMŒNLËLLMÌNŽNL‹ŒL‹ŒMLŽŒŒMŒNMLKLLŒÎKŒÎMÍL‹ŒL‹ŒMLŽŒŒMŒNMKKŽNËKŽNŒÌŽKL‹ŒL‹ŒMLŽŒŒMŒNM‹KŽNÍNKLŽMNÍNKL‹ŒL‹ŒMLŽŒŒMŒNMËLMLÌË‹MŒÌËL‹ŒL‹ŒMLŽŒŒMŒNNŽNMKLKLÎKL‹ŒL‹ŒMLŽŒŒMŒNNKKŽMËL‹ŽMŒMÌNKL‹ŒL‹ŒMLŽŒŒMŒŒLŒÍÎÎMŒLL‹ŒL‹ŒMLŽŒŒMŒŒKKŒÍŒŽM‹ÍÍŽLÌ‹L‹ŒL‹ŒMLŽŒŒMŒŒ‹ËMMÍŽŒLÌŒL‹ŒL‹ŒMLŽŒŒMŒŒËLŽÍŽLKKŽŽNNKL‹ŒL‹ŒMLŽŒŒMŒŒÍŒL‹L‹ŽMMLM‹L‹ŒL‹ŒMLŽŒŒMŒŒKKÌÍMKLKMMÎËL‹ŒL‹ŒMLŽŒŒMŒŒ‹ŒŒL‹ŒL‹ŒMLŽŒŒMŒŒËŒŒL‹ŒL‹ŒMLŽŒŒMŒŒËŽÎLKKŽLÎNKL‹ŒL‹ŒMLŽŒŒMŒŒKLŒÌÎLNŽŒÍL‹ŒL‹ŒMLŽŒŒMŒŒLËŒÍNKŒLKL‹ŒL‹ŒMLŽŒŒMŒŒLKMLŒMLKÌŽL‹L‹ŒL‹ŒMLŽŒŒMŒŒL‹KŽLLMŒKÌLŒLÌ‹L‹ŒL‹ŒMLŽŒŒMŒŒLËŒLNLMNŽNM‹L‹ŒL‹ŒMLŽŒŒMŒŒM‹ŒÌŒŒMË‹ŒÍLÍKL‹ŒL‹ŒMLŽŒŒMŒŒMKLŒLLMËŒLLMËL‹ŒL‹ŒMLŽŒŒMŒŒM‹KŒMŒŽL‹L‹ŒL‹ŒMLŽŒŒMŒŒMË‹MÎKMÎÎKL‹ŒL‹ŒMLŽŒŒMŒŒNŒŒL‹ŒL‹ŒMLŽŒŒMŒŒNKŒŒL‹ŒL‹ŒMLŽŒŒMŒŒŒŽLLÌËËLNÍËL‹ŒL‹ŒMLŽŒŒMŒŒŒK‹ŒÎÎŒNM‹L‹ŒL‹ŒMLŽŒŒMŒŒŒ‹ÍŽÌ‹ŽMŒÌL‹ŒL‹ŒMLŽŒŒMŒŒŒËŒŒL‹ŒL‹ŒMLŽŒŒMŒŒŒŒL‹ŒL‹ŒMLŽŒŒMŒŒKŒŒL‹ŒL‹ŒMLŽŒŒMŒŒ‹ŒŒL‹ŒL‹ŒMLŽŒŒMŒŒËMMÍMNL‹ŒÎLÌL‹ŒL‹ŒMLŽŒŒMŒŒŽ‹ŒŒŒMKLKŒÎËL‹ŒL‹ŒMLŽŒŒMŒŒŽKLKŒÍÍËM‹ŒÍNÍËL‹ŒL‹ŒMLŽŒŒMŒŒÌMŽÍ‹L‹ŒMMÌL‹L‹ŒL‹ŒMLŽŒŒMŒŒÌKLËŒMŒÍÍLKŒŒÌML‹ŒL‹ŒMLŽŒŒMŒŒÌ‹ŽÌÎËLŒÌLÌËL‹ŒL‹ŒMLŽŒŒMŒŒÌËLËMNNKŒLŒÌËL‹ŒL‹ŒMLŽŒŒMŒŒÍKŒÌÌKLKŒKL‹ŒL‹ŒMLŽŒŒMŒŒÍKLKŒLŒLËŒÎÎL‹L‹ŒL‹ŒMLŽŒŒMŒŒÍ‹LËŒLÍLKÌÍL‹L‹ŒL‹ŒMLŽŒŒMŒŒÍËLKŒLLÌ‹LKÍÎŽL‹ŒL‹ŒMLŽŒŒMŒŒÎLÍMMËLKLŒNKL‹ŒL‹ŒMLŽŒŒMŒŒÎKL‹ŒÌÎMKŒLM‹L‹ŒL‹ŒMLŽŒŒMŒKŒÌLŽLKM‹L‹ŒL‹ŒMLŽŒŒMŒKLŒLÎNLKLMML‹ŒL‹ŒMLŽŒŒMŒ‹LKÍKLŒLŒÌÍŒËL‹ŒL‹ŒMLŽŒŒMŒËLKLÎMŽLKŒÍ‹L‹ŒL‹ŒMLŽŒŒMŒKŽNÍ‹ŒLÎL‹ŒL‹ŒMLŽŒŒMŒKLKŽ‹ŽLŽL‹ŒL‹ŒMLŽŒŒMŒ‹LŒMKL‹ŒMNLKL‹ŒL‹ŒMLŽŒŒMŒËLKŒŒÎLŽLKŽNLL‹ŒL‹ŒMLŽŒŒMŒLËŒMÌŒLKŒÌÌŒ‹L‹ŒL‹ŒMLŽŒŒMŒKLŒÎM‹ŒÍNL‹ŒL‹ŒMLŽŒŒMŒLKÎMŒKKŒÌNËL‹ŒL‹ŒMLŽŒŒMŒLKLËŽMMLŒÌÌL‹ŒL‹ŒMLŽŒŒMŒL‹ŽNÍÌKLKŒNMËL‹ŒL‹ŒMLŽŒŒMŒLËLŒLŽLKL‹ŒÌËL‹ŒL‹ŒMLŽŒŒMŒMŒŒL‹ŒL‹ŒMLŽŒŒMŒMKLKŽMNMLKŒÍMÌKL‹ŒL‹ŒMLŽŒŒMŒM‹ŒŒL‹ŒL‹ŒMLŽŒŒMŒMËLŒLÎ‹KŒŽLÌÌL‹ŒL‹ŒMLŽŒŒMŒNŒŒL‹ŒL‹ŒMLŽŒŒMŒNKLŒLNLKMŒMNÍËL‹ŒL‹ŒMLŽŒŒMŒŒŒŒL‹ŒL‹ŒMLŽŒŒMŒŒKKŒÌMLK‹ÎMÌKL‹ŒL‹ŒMLŽŒŒMŒŒ‹ŒŒL‹ŒL‹ŒMLŽŒŒMŒŒËLKŒÍLÎÍKLŒÎÍÍËL‹ŒL‹ŒMLŽŒŒMŒ‹ŒÌÍÌŒKLŒŒÌLÍËL‹ŒL‹ŒMLŽŒŒMŒKMÍ‹LŽLÍLL‹ŒL‹ŒMLŽŒŒMŒ‹L‹ŽM‹KNLŒML‹ŒL‹ŒMLŽŒŒMŒËLKŽÌŒËMMÌKL‹ŒL‹ŒMLŽŒŒMŒŽŽMMLËLKŽŒËL‹ŒL‹ŒMLŽŒŒMŒŽKLŒMŽLMKL‹ŒÌŒLÌKL‹ŒL‹ŒMLŽŒŒMŒÌKÌÍÌÎL‹ŒL‹ŒMLŽŒŒMŒÌKÍLÌLKLËŒŒLMKL‹ŒL‹ŒMLŽŒŒMŒÌ‹LËŒLÍMŽKLKÌÍÌÍKL‹ŒL‹ŒMLŽŒŒMŒÌËŽNMKMŒÌNNL‹ŒL‹ŒMLŽŒŒMŒÍ‹ŽÌÌLÌKŽLLËL‹ŒL‹ŒMLŽŒŒMŒÍKLKMŽNNKŽÎNKL‹ŒL‹ŒMLŽŒŒMŒÍ‹‹ŽLŒMÌMŒML‹ŒL‹ŒMLŽŒŒMŒÍËLKŽNNÍMMNL‹ŒL‹ŒMLŽŒŒMŒÎL‹ŒMÍMŒKŒLLL‹L‹ŒL‹ŒMLŽŒŒMŒÎKLKŒMLM‹KŽMNLŒÌ‹L‹ŒL‹ŒMLŽŒŒMŒŽLLMLŒŒLÎLML‹ŒL‹ŒMLŽŒŒMŒŽKLKŒŽMÌ‹ŒÎÌŽL‹ŒL‹ŒMLŽŒŒMŒŽ‹‹ŽŽLŒMMLŒ‹L‹ŒL‹ŒMLŽŒŒMŒŽËŒŒL‹ŒL‹ŒMLŽŒŒMŒŽLKLNÍNMŽL‹ŒL‹ŒMLŽŒŒMŒŽKŒŒL‹ŒL‹ŒMLŽŒŒMŒŽ‹ŒÌMNKŒÍKL‹ŒL‹ŒMLŽŒŒMŒŽËŒŒL‹ŒL‹ŒMLŽŒŒMŒŽËŽÎLÍNKKŒŽMNLKL‹ŒL‹ŒMLŽŒŒMŒŽKŒŒL‹ŒL‹ŒMLŽŒŒMŒŽLLŒ‹KŽNMMML‹ŒL‹ŒMLŽŒŒMŒŽLK‹ŒL‹ŒÍŒML‹L‹ŒL‹ŒMLŽŒŒMŒŽL‹‹ŒÌŒMKLŽLÌÍNLKL‹ŒL‹ŒMLŽŒŒMŒŽLËLÌLËKŽMLÌËL‹ŒL‹ŒMLŽŒŒMŒŽMKŒÎKLKŒNÎLËL‹ŒL‹ŒMLŽŒŒMŒŽMK‹ŒŒÌLL‹LËNMM‹L‹ŒL‹ŒMLŽŒŒMŒŽM‹ŒŒL‹ŒL‹ŒMLŽŒŒMŒŽMË‹ŒMÍÍÌKËŽMMŽMŽKL‹ŒL‹ŒMLŽŒŒMŒŽNËŒÌÌÌŽKLMÌÍKL‹ŒL‹ŒMLŽŒŒMŒŽNKŒMLLËKLNMŒKL‹ŒL‹ŒMLŽŒŒMŒÌŽLÌÎKL‹ŽLÎNMËL‹ŒL‹ŒMLŽŒŒMŒÌKKŽNLŒŽKLKŒMŒNKL‹ŒL‹ŒMLŽŒŒMŒÌ‹KŒMÌKËŒÎMKL‹ŒL‹ŒMLŽŒŒMŒÌËŒŒL‹ŒL‹ŒMLŽŒŒMŒÌKŽMMÍL‹ŒŒŒÌ‹L‹ŒL‹ŒMLŽŒŒMŒÌKLŒŽMLNÎLŽL‹ŒL‹ŒMLŽŒŒMŒÌ‹‹ŽM‹LŒŽLŒML‹ŒL‹ŒMLŽŒŒMŒÌËŒŒL‹ŒL‹ŒMLŽŒŒMŒÌKŒLŒMMKŒÌNLÌL‹ŒL‹ŒMLŽŒŒMŒÌKŒŒL‹ŒL‹ŒMLŽŒŒMŒÌLÍMŒŽLÍÍŒÍ‹L‹ŒL‹ŒMLŽŒŒMŒÌLKŒŒL‹ŒL‹ŒMLŽŒŒMŒÌL‹ËÎMŽLKŒŽLÍL‹ŒL‹ŒMLŽŒŒMŒÌLËKŽLMÍLŒÍŒÎL‹L‹ŒL‹ŒMLŽŒŒMŒÌMŒMŒKKŽŒÌËL‹ŒL‹ŒMLŽŒŒMŒÌMKËŒÌŒÌÌŽKKŒLÎNMKL‹ŒL‹ŒMLŽŒŒMŒÌM‹‹MŽMÌM‹KÍLÍ‹L‹ŒL‹ŒMLŽŒŒMŒÌMËŽÍL‹ËNŒ‹L‹ŒL‹ŒMLŽŒŒMŒÌNÌNM‹KLŽL‹ŒL‹ŒMLŽŒŒMŒÌNKŒŒL‹ŒL‹ŒMLŽŒŒMŒÌŒŒŒL‹ŒL‹ŒMLŽŒŒMŒÌŒKŒŒL‹ŒL‹ŒMLŽŒŒMŒÌŒ‹‹ŒLÎÍMKLKNŽMKL‹ŒL‹ŒMLŽŒŒMŒÌŒËMKŒÎÎML‹MLŽL‹L‹ŒL‹ŒMLŽŒŒMŒÌ‹ŒŒMÌÌKLLÎLËL‹ŒL‹ŒMLŽŒŒMŒÌKLKŒMMLËM‹ŒÍŒŽKL‹ŒL‹ŒMLŽŒŒMŒÌ‹MN‹L‹ŒÍMM‹L‹ŒL‹ŒMLŽŒŒMŒÌËLËNMŒLKÍŒL‹ŒL‹ŒMLŽŒŒMŒÌŽLÌÌLLMÌÌL‹ŒL‹ŒMLŽŒŒMŒÌŽKLËMMNÌNL‹ŒL‹ŒMLŽŒŒMŒÌÌMŽÌLËLKLÍÎKL‹ŒL‹ŒMLŽŒŒMŒÌÌKLKŒÌM‹LËŒNÌ‹L‹ŒL‹ŒMLŽŒŒMŒÌÌ‹LËŒNNLÍÍKLKŒÎÌÍKL‹ŒL‹ŒMLŽŒŒMŒÌÌËLMMMËLKŒÍÍÍËL‹ŒL‹ŒMLŽŒŒMŒÌÍŒLÍMNKLŒŽMÌËL‹ŒL‹ŒMLŽŒŒMŒÌÍKLKLMŽKKŒMÌMKL‹ŒL‹ŒMLŽŒŒMŒÌÍ‹‹ŒLŒL‹ŒNMNLL‹L‹ŒL‹ŒMLŽŒŒMŒÌÍËLŒÌŒLNLËLKŽMŽMNNKL‹ŒL‹ŒMLŽŒŒMŒÌÎLKŒŽŽKŒŒŽMŒËL‹ŒL‹ŒMLŽŒŒMŒÌÎKLKÌËLKŒKL‹ŒL‹ŒMLŽŒŒMŒÍKNNŒÎŽL‹ŒL‹ŒMLŽŒŒMŒÍKL‹ŒÌÌLÌKŒMMŒKL‹ŒL‹ŒMLŽŒŒMŒÍ‹ŒŒL‹ŒL‹ŒMLŽŒŒMŒÍËLKŒNMÎLL‹ŒLÌŒ‹L‹ŒL‹ŒMLŽŒŒMŒÍLËLÍ‹LKŒÌÌÍLML‹ŒL‹ŒMLŽŒŒMŒÍKLÌ‹‹ŒLL‹ŒL‹ŒMLŽŒŒMŒÍ‹‹ŒLLMKŒÍÌÍLL‹ŒL‹ŒMLŽŒŒMŒÍËMLMLLŽŒŒÍL‹ŒL‹ŒMLŽŒŒMŒÍŽÍÌ‹LKŒNMŽL‹ŒL‹ŒMLŽŒŒMŒÍKLMŽËL‹ÌŽËL‹ŒL‹ŒMLŽŒŒMŒÍLLËŒLÍŽLÌŽLÌL‹ŒL‹ŒMLŽŒŒMŒÍLKLKŽMÍÍM‹ŒÌMLLL‹ŒL‹ŒMLŽŒŒMŒÍL‹LNL‹ŒŽMŽL‹ŒL‹ŒMLŽŒŒMŒÍLËL‹ŒŒLŒL‹LŒNÌÎL‹L‹ŒL‹ŒMLŽŒŒMŒÍMLŒÍMŽL‹ŒÌLLÎ‹L‹ŒL‹ŒMLŽŒŒMŒÍMKLKËMKLÌÌŽLKL‹ŒL‹ŒMLŽŒŒMŒÍM‹L‹ŒŒÌÍLMÎ‹L‹ŒL‹ŒMLŽŒŒMŒÍMËKMLŽK‹ŒÎMNKL‹ŒL‹ŒMLŽŒŒMŒÍNKŽMŽKLŒŒÌKL‹ŒL‹ŒMLŽŒŒMŒÍNKLKÌÌLŒMNLL‹ŒL‹ŒMLŽŒŒMŒÍŒ‹ÍŒKŒLLËL‹ŒL‹ŒMLŽŒŒMŒÍŒKKŒMÌÌÌ‹ŒNLŒL‹ŒL‹ŒMLŽŒŒMŒÍŒ‹L‹ŒÍLÎMKŒÌŽM‹L‹ŒL‹ŒMLŽŒŒMŒÍŒËL‹ŒLËŒLMKL‹ŒL‹ŒMLŽŒŒMŒÍŽMMŒLKŒLML‹ŒL‹ŒMLŽŒŒMŒÍKLŒÌLLŒ‹L‹ŒLÎL‹ŒL‹ŒMLŽŒŒMŒÍ‹‹ŒLÌÍÌŽ‹L‹ŒL‹ŒMLŽŒŒMŒÍËKŒÌÎLËŒMŒÌL‹ŒL‹ŒMLŽŒŒMŒÍŽLËŒŽM‹LKŒÍÌ‹L‹ŒL‹ŒMLŽŒŒMŒÍŽKŒLÌ‹ŽLN‹L‹ŒL‹ŒMLŽŒŒMŒÍÌ‹LÌL‹ŽÍÌML‹ŒL‹ŒMLŽŒŒMŒÍÌKŒŒL‹ŒL‹ŒMLŽŒŒMŒÍÌ‹ŒKKÍŒÎMŒËL‹ŒL‹ŒMLŽŒŒMŒÍÌËLKŽLŽLÍMÌÍL‹ŒL‹ŒMLŽŒŒMŒÍÍLKMÌLLM‹‹ŒMML‹ŒL‹ŒMLŽŒŒMŒÍÍKLŽMŒL‹ŒÍÌÌŒL‹ŒL‹ŒMLŽŒŒMŒÍÍ‹KŒÎLLËŽLÍNNKL‹ŒL‹ŒMLŽŒŒMŒÍÍËLŽMLKŒÌŽKL‹ŒL‹ŒMLŽŒŒMŒÍÎ‹ÎŒLŽŒLM‹L‹ŒL‹ŒMLŽŒŒMŒÍÎKLKÍMLKÍMÍ‹L‹ŒL‹ŒMLŽŒŒMŒÎLKÎ‹ŒŽNNL‹ŒL‹ŒMLŽŒŒMŒÎK‹ŽÌ‹KŽÍL‹ŒL‹ŒMLŽŒŒMŒÎ‹ŒLÌÍŒËŒMÌÍÌËL‹ŒL‹ŒMLŽŒŒMŒÎËL‹ŒŽLŒMËŒÍMMËL‹ŒL‹ŒMLŽŒŒMŒÎËŽLMKKŒÍNNËL‹ŒL‹ŒMLŽŒŒMŒÎKNLŒMKËL‹ŒL‹ŒMLŽŒŒMŒÎ‹LÍMMKKŽNÎKL‹ŒL‹ŒMLŽŒŒMŒÎËKŽMÌÎË‹ŒÍLËL‹ŒL‹ŒMLŽŒŒMŒÎKŽMŽŒLLLÍ‹L‹ŒL‹ŒMLŽŒŒMŒÎKLKŒŽLŽNMËKŽNLMKL‹ŒL‹ŒMLŽŒŒMŒÎLKŒÌKLKŒMLLKL‹ŒL‹ŒMLŽŒŒMŒÎLK‹ŒÍÍÌ‹L‹ŽNNNM‹L‹ŒL‹ŒMLŽŒŒMŒÎL‹LŒŽLŽLŒKLLÌNNKL‹ŒL‹ŒMLŽŒŒMŒÎLË‹NLÌÌÌËËÌŒMŒËL‹ŒL‹ŒMLŽŒŒMŒÎMËŽLLÍŽKŒÍLLKL‹ŒL‹ŒMLŽŒŒMŒÎMKLÎNLŽMËKÌLLËL‹ŒL‹ŒMLŽŒŒMŒÎM‹ŽMÎMŒL‹ŒÌÎML‹ŒL‹ŒMLŽŒŒMŒÎMË‹ŒMŒÎKLŽNKL‹ŒL‹ŒMLŽŒŒMŒÎNKMÍMŒMÌ‹L‹ŒL‹ŒMLŽŒŒMŒÎNKŒŒL‹ŒL‹ŒMLŽŒŒM‹ŽNNÍ‹KŒŒML‹ŒL‹ŒMLŽŒŒMKLMŽKŒLMN‹L‹ŒL‹ŒMLŽŒŒM‹ËLLNÌ‹ŒÌÍÌ‹L‹ŒL‹ŒMLŽŒŒMËKŒMKLŽNËL‹ŒL‹ŒMLŽŒŒMÍLLŒŽŒŽL‹ŒL‹ŒMLŽŒŒMKŒÍÍKKŒLËL‹ŒL‹ŒMLŽŒŒM‹KLŽMNKŒNLÍL‹ŒL‹ŒMLŽŒŒMËKŒÎMÍMË‹ŽLŒMËL‹ŒL‹ŒMLŽŒŒMKŒŽMŽMŒÌMÍŒL‹ŒL‹ŒMLŽŒŒMK‹ŽMMNL‹ÍML‹ŒL‹ŒMLŽŒŒMLŒŒL‹ŒL‹ŒMLŽŒŒMLKŒŒL‹ŒL‹ŒMLŽŒŒML‹ŒŒL‹ŒL‹ŒMLŽŒŒMLËŒŒL‹ŒL‹ŒMLŽŒŒMMŒŒL‹ŒL‹ŒMLŽŒŒMMKKŒLÌŒLKLKŒÌÌMŒKL‹ŒL‹ŒMLŽŒŒMM‹ŒŒL‹ŒL‹ŒMLŽŒŒMMËŒŒL‹ŒL‹ŒMLŽŒŒMN‹MÎ‹LKLNML‹ŒL‹ŒMLŽŒŒMNKMKLÌMËLËŒŒNKL‹ŒL‹ŒMLŽŒŒMŒKNKLKŒÌÎNKL‹ŒL‹ŒMLŽŒŒMŒKLKŒŽMKM‹ŽMLÍKL‹ŒL‹ŒMLŽŒŒMŒ‹LËÌLLNLKŒLMŒÌL‹ŒL‹ŒMLŽŒŒMŒËL‹ŽLŽMÍËLKŒÍŒŽMKL‹ŒL‹ŒMLŽŒŒMŽMÎLŒLNML‹L‹ŒL‹ŒMLŽŒŒMKL‹ÍŒLËKŒŒŽNNKL‹ŒL‹ŒMLŽŒŒM‹KÌÍLKŒÌLMNL‹ŒL‹ŒMLŽŒŒMËLKNNLLLËŒŒML‹ŒL‹ŒMLŽŒŒMŽLËŒLNNKLKMŽŒËL‹ŒL‹ŒMLŽŒŒMŽKLKŽŒÎKL‹ŒMLLKL‹ŒL‹ŒMLŽŒŒMÌŒLÍŽL‹LLMM‹L‹ŒL‹ŒMLŽŒŒMÌKLKLÍÍÌKÍÌML‹ŒL‹ŒMLŽŒŒMÌ‹‹ŒNLKMÍÌL‹ŒL‹ŒMLŽŒŒMÌËŒŒL‹ŒL‹ŒMLŽŒŒMÍLKŒÌNL‹L‹ŒL‹ŒMLŽŒŒMÍKLKLLLËLKŒMLÌKL‹ŒL‹ŒMLŽŒŒMÍ‹KŒNŒËŽMMMNKL‹ŒL‹ŒMLŽŒŒMÍËLKLMMLŒËŽNLÌKL‹ŒL‹ŒMLŽŒŒMÎŒŒŽLNKLKŽÌŒÌËL‹ŒL‹ŒMLŽŒŒMÎKLKŒÍLŽMMËLKŽLKL‹ŒL‹ŒMLŽŒŒMLËŒÍLKŽŒNL‹ŒL‹ŒMLŽŒŒMKLÍÌ‹‹ŒŒLL‹ŒL‹ŒMLŽŒŒM‹KÌŒNKKŒLÌLNKL‹ŒL‹ŒMLŽŒŒMËMŒÌÍLLËLMÌNKL‹ŒL‹ŒMLŽŒŒMKŒÍŒÌŒKLMŒÌŒKL‹ŒL‹ŒMLŽŒŒMKLŽLÎÌKLËŒŒLŒMËL‹ŒL‹ŒMLŽŒŒM‹ŒŒL‹ŒL‹ŒMLŽŒŒMËLKŽŒMMÌKMÌKL‹ŒL‹ŒMLŽŒŒMŒŒL‹ŒL‹ŒMLŽŒŒMKLKÍLËKŒLMŒMÌËL‹ŒL‹ŒMLŽŒŒMLŒŒL‹ŒL‹ŒMLŽŒŒMLKLŽLMŒËMÍLÌËL‹ŒL‹ŒMLŽŒŒML‹ŒŒL‹ŒL‹ŒMLŽŒŒMLË‹LLMËËŒMÍËL‹ŒL‹ŒMLŽŒŒMMŒŒL‹ŒL‹ŒMLŽŒŒMMKŒŒL‹ŒL‹ŒMLŽŒŒMM‹ŒŒL‹ŒL‹ŒMLŽŒŒMMËŒŒL‹ŒL‹ŒMLŽŒŒMNLKÎMNM‹ŒÍŒMÌL‹ŒL‹ŒMLŽŒŒMNKLKŒNKÎÍMKL‹ŒL‹ŒMLŽŒŒMŒKŒNMNLŽMŒLNL‹ŒL‹ŒMLŽŒŒMŒKŒMMM‹L‹ŒMÎML‹ŒL‹ŒMLŽŒŒMŒ‹‹ŒÌLËÍÍÎËL‹ŒL‹ŒMLŽŒŒMŒËŒÌÌNKLËŒÌNŒKL‹ŒL‹ŒMLŽŒŒMLËLÌMLKLMLML‹ŒL‹ŒMLŽŒŒMKŒŒL‹ŒL‹ŒMLŽŒŒM‹‹ŽŒKŽNMÍKL‹ŒL‹ŒMLŽŒŒMËL‹ŒNLÌKŒMÌKL‹ŒL‹ŒMLŽŒŒMŽ‹ŽÌÌMKKŒÌLNKL‹ŒL‹ŒMLŽŒŒMŽKL‹ŒNŒÍMÍMML‹ŒL‹ŒMLŽŒŒMÌLKŒLËKŽNŽLKL‹ŒL‹ŒMLŽŒŒMÌKLKŒŒMK‹ŽŒMKL‹ŒL‹ŒMLŽŒŒMÌ‹LŒMLLÌKŒMÍÌËL‹ŒL‹ŒMLŽŒŒMÌËLKŒÍÍMŒKŒMMËL‹ŒL‹ŒMLŽŒŒMÍ‹ŒNKLŒLÌMKL‹ŒL‹ŒMLŽŒŒMÍKLKLÍ‹LKŽLLŽM‹L‹ŒL‹ŒMLŽŒŒMÍ‹LKŽMMÌMŒÎL‹ŒL‹ŒMLŽŒŒMÍË‹ŒŒÌŒMÎKŒLÎMM‹L‹ŒL‹ŒMLŽŒŒMÎŒÍNŒ‹ŒÎMŽL‹ŒL‹ŒMLŽŒŒMÎKLKLLÍKLMÌKL‹ŒL‹ŒMLŽŒŒMËŒNŽŒMŒL‹ŒL‹ŒMLŽŒŒMKŒLNÍÍLŒÎL‹ŒL‹ŒMLŽŒŒM‹LKŒLÌKKLÎKL‹ŒL‹ŒMLŽŒŒMËKŽLÌÍ‹KÌ‹L‹ŒL‹ŒMLŽŒŒM‹ŒMÍN‹LKŒML‹ŒL‹ŒMLŽŒŒMKLKŒÍŒÎKÍÍLL‹L‹ŒL‹ŒMLŽŒŒM‹KMLKŒŒLNL‹ŒL‹ŒMLŽŒŒMËKŽŽKLËŒÎÌŒKL‹ŒL‹ŒMLŽŒŒMLŒŒLÍŒŽMÌÍÍÌL‹ŒL‹ŒMLŽŒŒMK‹ŒŒÌLNKËÍMÍLŒKL‹ŒL‹ŒMLŽŒŒMLËŒÍÌÌ‹LŒLMN‹L‹ŒL‹ŒMLŽŒŒMLKLÌŒÍN‹KLL‹ŒL‹ŒMLŽŒŒML‹ŒLËÍNM‹L‹ŒL‹ŒMLŽŒŒMLËKŒLÎËL‹ŒŒMŒÍËL‹ŒL‹ŒMLŽŒŒMMŽNNLÌL‹ËŽNNMÎL‹ŒL‹ŒMLŽŒŒMMKLŒÌŒŽKŽLÍKL‹ŒL‹ŒMLŽŒŒMM‹KŽLÎLMŒMÍŽM‹L‹ŒL‹ŒMLŽŒŒMMËLKŒNŽLNÌ‹L‹ŒL‹ŒMLŽŒŒMN‹ÍÎËLMŒMÍKL‹ŒL‹ŒMLŽŒŒMNKÌÍLMKLKMŒKL‹ŒL‹ŒMLŽŒŒMLŒÎMÌNËÎLMKL‹ŒL‹ŒMLŽŒŒMLKËŒLÍKŒÎÌMÌKL‹ŒL‹ŒMLŽŒŒML‹KŒNLŽËKŒŽMÌKL‹ŒL‹ŒMLŽŒŒMLËLŒLLMËŒLLMËL‹ŒL‹ŒMLŽŒŒMLËMÎMŽLKŒLŽÍL‹ŒL‹ŒMLŽŒŒMLK‹ŒLMÎNL‹ŒMMÍL‹ŒL‹ŒMLŽŒŒML‹ŒŒMLMLKÍLÌNL‹ŒL‹ŒMLŽŒŒMLËËŒNÎŒÍŒ‹L‹ŒL‹ŒMLŽŒŒMLËŒLNM‹‹ŒLÍ‹L‹ŒL‹ŒMLŽŒŒMLKLMLLŒ‹ËŒNM‹L‹ŒL‹ŒMLŽŒŒMLLŒÍÌÎŽÌÌÍŒL‹ŒL‹ŒMLŽŒŒMLLKLŒŽNL‹L‹ŽLML‹ŒL‹ŒMLŽŒŒMLL‹ŒŒL‹ŒL‹ŒMLŽŒŒMLLËŒŒL‹ŒL‹ŒMLŽŒŒMLMŒŒL‹ŒL‹ŒMLŽŒŒMLMKMŽNÌËLKŽŒKL‹ŒL‹ŒMLŽŒŒMLM‹‹ŒŒMÌËLŽŽMËL‹ŒL‹ŒMLŽŒŒMLMËLÌNMKŒÎLŒÍL‹ŒL‹ŒMLŽŒŒMLNŒŒL‹ŒL‹ŒMLŽŒŒMLNKL‹ŽMŒÎNM‹LŽŽ‹L‹ŒL‹ŒMLŽŒŒMLŒKŒÌŒML‹LŒL‹ŒL‹ŒMLŽŒŒMLŒKL‹ŽŒŽNL‹MŒ‹L‹ŒL‹ŒMLŽŒŒMLŒ‹KŒMÍ‹LKŒŒL‹L‹ŒL‹ŒMLŽŒŒMLŒËLKLŽËLËŒŒÍÎKL‹ŒL‹ŒMLŽŒŒMLLËŒÍÌÎKLKÌÌLÌKL‹ŒL‹ŒMLŽŒŒMLKLKNLÎKL‹ŒÎMŒKL‹ŒL‹ŒMLŽŒŒML‹LLLKLŒMŽKL‹ŒL‹ŒMLŽŒŒMLËL‹ŒMÎM‹KŒML‹ŒL‹ŒMLŽŒŒMLŽ‹ŒLÍMËLKLÌMKL‹ŒL‹ŒMLŽŒŒMLŽKLŒŒMŽLL‹ŒLÎNL‹ŒL‹ŒMLŽŒŒMLÌŒŒL‹ŒL‹ŒMLŽŒŒMLÌKLKLMÌËLŽÌKL‹ŒL‹ŒMLŽŒŒMLÌ‹KŒMŒÎ‹L‹ŒL‹ŒMLŽŒŒMLÌËL‹ŒLÍÌËŒÍŒÍÍËL‹ŒL‹ŒMLŽŒŒMLÍŒÎÍL‹ŒÍŒL‹ŒL‹ŒMLŽŒŒMLÍKLKŒÌŒKLKÍŽLKL‹ŒL‹ŒMLŽŒŒMLÍ‹LËŒÍŒŒËLKŒÍMMÍKL‹ŒL‹ŒMLŽŒŒMLÍËLÍŒMKKÌLLÍËL‹ŒL‹ŒMLŽŒŒMLÎKŽLÌMÍKKŒLÍKL‹ŒL‹ŒMLŽŒŒMLÎKMŒÌÌLKLŽMÌLKL‹ŒL‹ŒMLŽŒŒMMŽNLKŒÍLŒŒL‹ŒL‹ŒMLŽŒŒMMKLŽMÌMËL‹ÌŒMKL‹ŒL‹ŒMLŽŒŒMM‹L‹ŽLKLÍMŒŒËL‹ŒL‹ŒMLŽŒŒMMËLKŽMLŽLKNMŒËL‹ŒL‹ŒMLŽŒŒMMLŽÍÌMŒÌŒMŒ‹L‹ŒL‹ŒMLŽŒŒMMKL‹ŒMÌÍÌ‹ŒŽMÍÌÌ‹L‹ŒL‹ŒMLŽŒŒMM‹LŒÎNŽKLKŽLŒLLŽKL‹ŒL‹ŒMLŽŒŒMMËLÍŒŒLKMÍŒLÍKL‹ŒL‹ŒMLŽŒŒMMLKŽMÎLÍÍŽL‹L‹ŒL‹ŒMLŽŒŒMMKKŽLLÍÎLKËŒŒLÌKL‹ŒL‹ŒMLŽŒŒMML‹ŒÍÌŒMKLÍMMMËL‹ŒL‹ŒMLŽŒŒMMLKLKŽLŒLŒŒNL‹ŒL‹ŒMLŽŒŒMML‹‹ŒÍMŽLLŒÌLNL‹ŒL‹ŒMLŽŒŒMMLËÌÍŽMLŒÌÎMM‹L‹ŒL‹ŒMLŽŒŒMMMLËŒŒËŽÌMËL‹ŒL‹ŒMLŽŒŒMMMKLKLÌÌÎŒÌÎMÎL‹ŒL‹ŒMLŽŒŒMMM‹KŒŒÍLÎKLŽNÍÎKL‹ŒL‹ŒMLŽŒŒMMMËLMLMŽL‹MMŒÎL‹ŒL‹ŒMLŽŒŒMMNKŒNŒŒËLŒÌÌKL‹ŒL‹ŒMLŽŒŒMMNKŽÎNNLËŒMÎMML‹ŒL‹ŒMLŽŒŒMMŒLËLMML‹ŒLMÎ‹L‹ŒL‹ŒMLŽŒŒMMŒKŒLŽMÎKŽŒNKL‹ŒL‹ŒMLŽŒŒMMŒ‹‹ŒŒLLËÍŽMÍÌËL‹ŒL‹ŒMLŽŒŒMMŒËL‹ŒMŒŒŽLLÍ‹L‹ŒL‹ŒMLŽŒŒMM‹ÌÌÍLKŽMŒÎKL‹ŒL‹ŒMLŽŒŒMMKL‹ŽMMÌÍ‹MKÌL‹L‹ŒL‹ŒMLŽŒŒMM‹LKŽMMLM‹KŽMMÍL‹ŒL‹ŒMLŽŒŒMMËLKŒLÍŽËŒÌÌ‹L‹ŒL‹ŒMLŽŒŒMMŽLŒÌLŒÎLŽLÍ‹L‹ŒL‹ŒMLŽŒŒMMŽKLKLLÍÍMLŒMÍÌŒÍ‹L‹ŒL‹ŒMLŽŒŒMMÌ‹ŒMŒÎLŽN‹L‹ŒL‹ŒMLŽŒŒMMÌKL‹ŒLLÌL‹L‹ŒÌÌL‹ŒL‹ŒMLŽŒŒMMÌ‹LKŒÍML‹NM‹L‹ŒL‹ŒMLŽŒŒMMÌË‹ÌMN‹ŒŽÌL‹ŒL‹ŒMLŽŒŒMMÍËÌÍLËLLŽKL‹ŒL‹ŒMLŽŒŒMMÍKŒŒL‹ŒL‹ŒMLŽŒŒMMÍ‹ŒLLÎKKNLÌËL‹ŒL‹ŒMLŽŒŒMMÍËŒMÌÌNŒÍ‹L‹ŒL‹ŒMLŽŒŒMMÎLŽNNLL‹KÌÌL‹L‹ŒL‹ŒMLŽŒŒMMÎKKÍÌÌMËKLNÍËL‹ŒL‹ŒMLŽŒŒMN‹ŒNÎËLŽNÌËL‹ŒL‹ŒMLŽŒŒMNKLŽMŒL‹ŒNNL‹ŒL‹ŒMLŽŒŒMN‹KLËLKŒNMÌKL‹ŒL‹ŒMLŽŒŒMNËKŽNLŒËL‹ŽLNNKL‹ŒL‹ŒMLŽŒŒMNŒŒL‹ŒL‹ŒMLŽŒŒMNKŒŒL‹ŒL‹ŒMLŽŒŒMN‹ËŒNÍŒLËLŒNNMŒËL‹ŒL‹ŒMLŽŒŒMNËLKŒÌMÍËKŒŒNLLÌKL‹ŒL‹ŒMLŽŒŒMNÍÌMMMËL‹ŽMÎLMKL‹ŒL‹ŒMLŽŒŒMNKKŒÍM‹LKÍÎML‹ŒL‹ŒMLŽŒŒMNLKŒÎŒLKŒMŒŽLËL‹ŒL‹ŒMLŽŒŒMNLKLMMÌŽMÍÌŒ‹L‹ŒL‹ŒMLŽŒŒMNL‹‹ŒÍMŒÌËÌMMLKL‹ŒL‹ŒMLŽŒŒMNLËLŒÎKŒLŒLŽL‹ŒL‹ŒMLŽŒŒMNM‹LÎMLKLLMËL‹ŒL‹ŒMLŽŒŒMNMKŒNMÌËLKÌLŒNKL‹ŒL‹ŒMLŽŒŒMNM‹KMÌNŒKMŽLÌÍL‹ŒL‹ŒMLŽŒŒMNMËËŒLMŒÌËŒLÌÎÍKL‹ŒL‹ŒMLŽŒŒMNNKŒÍNMÌMKŽML‹ŒL‹ŒMLŽŒŒMNNKNLNK‹ŒLÍKL‹ŒL‹ŒMLŽŒŒMŒŒÌMLLŒÌÌÍŽL‹ŒL‹ŒMLŽŒŒMŒKKŽŽŒÍËLŒNÍMËL‹ŒL‹ŒMLŽŒŒMŒ‹ÌMËKŽNMŒKL‹ŒL‹ŒMLŽŒŒMŒËËŒMÌLŒŒLLÎL‹ŒL‹ŒMLŽŒŒMŒËŒLLŒŽKMÌML‹ŒL‹ŒMLŽŒŒMŒKMÌMLK‹ŽNLNMÎKL‹ŒL‹ŒMLŽŒŒMŒ‹ÎLÍŽKKÍŒŒKL‹ŒL‹ŒMLŽŒŒMŒËNMLLKÍŒ‹L‹ŒL‹ŒMLŽŒŒMŒŒŒL‹ŒL‹ŒMLŽŒŒMŒKLKŽ‹KŒŒMŒ‹L‹ŒL‹ŒMLŽŒŒMŒL‹ŽLLMLKŒMÌ‹L‹ŒL‹ŒMLŽŒŒMŒLKMKŒÎLL‹ŒŒÎLL‹ŒL‹ŒMLŽŒŒMŒL‹‹NLŽMŒÍL‹ŒL‹ŒMLŽŒŒMŒLËLŽNLŽLKM‹MLŽKL‹ŒL‹ŒMLŽŒŒMŒMMŒÎÍÌLLKŽMMÌÍL‹ŒL‹ŒMLŽŒŒMŒMKLËŒŒÌML‹LKŒÍŒŽL‹ŒL‹ŒMLŽŒŒMŒM‹ŽMÌÌÌKLŒLÎMNLKL‹ŒL‹ŒMLŽŒŒMŒMËL‹ŽÎËMËL‹ŒL‹ŒMLŽŒŒMŒNKNÍËLKŒMNMNKL‹ŒL‹ŒMLŽŒŒMŒNKLKÍMLËŒÍÎÍNL‹ŒL‹ŒMLŽŒŒMŒŒLËŒŽÍLLKLMÎLŒL‹ŒL‹ŒMLŽŒŒMŒŒKLKÌNLËL‹ŒNLËL‹ŒL‹ŒMLŽŒŒMŒŒ‹ŒÎMNL‹LŒÎNL‹ŒL‹ŒMLŽŒŒMŒŒËLKÌNLKŽMÎL‹ŒL‹ŒMLŽŒŒMŒŒŒL‹ŒL‹ŒMLŽŒŒMŒKŒŒL‹ŒL‹ŒMLŽŒŒMŒ‹LKŒÍNÍKŒMMËL‹ŒL‹ŒMLŽŒŒMŒËLŽNMÍLLNMŽ‹L‹ŒL‹ŒMLŽŒŒMŒŽKŒLÌŒLÎL‹ŒL‹ŒMLŽŒŒMŒŽKLKŽLNL‹ŒNMMÍ‹L‹ŒL‹ŒMLŽŒŒMŒÌŒŽŽÌL‹ŒÍŒŒL‹ŒL‹ŒMLŽŒŒMŒÌKLKMÍÌÌMËLKÍNMKL‹ŒL‹ŒMLŽŒŒMŒÌ‹LËŒLÍŒLKŒÍÎÌ‹L‹ŒL‹ŒMLŽŒŒMŒÌËLÎMË‹NLŽÎKL‹ŒL‹ŒMLŽŒŒMŒÍ‹ŒŒÌÍMËKŒŒÌŒÌËL‹ŒL‹ŒMLŽŒŒMŒÍKMŒÌŒŒÍKLÌŽMMŒKL‹ŒL‹ŒMLŽŒŒMŒÍ‹KŒNLÌNLŽŒ‹L‹ŒL‹ŒMLŽŒŒMŒÍËLÍŽLÎNKL‹ÌÍŒÌÍËL‹ŒL‹ŒMLŽŒŒMŒÎŒŒL‹ŒL‹ŒMLŽŒŒMŒÎKŒŒL‹ŒL‹ŒMLŽŒŒMŒŒL‹ŒL‹ŒMLŽŒŒMKLKŒÌMKŒÍLÍKL‹ŒL‹ŒMLŽŒŒM‹ŒŒL‹ŒL‹ŒMLŽŒŒMËLKŒM‹MŽNLÍL‹ŒL‹ŒMLŽŒŒMŒŒL‹ŒL‹ŒMLŽŒŒMKKŽLLLŽËŒML‹ŒL‹ŒMLŽŒŒM‹ŒŒL‹ŒL‹ŒMLŽŒŒMËLKŽLNKŒLÎKL‹ŒL‹ŒMLŽŒŒMŒŒL‹ŒL‹ŒMLŽŒŒMKŽŒLÌËLLLŒNKL‹ŒL‹ŒMLŽŒŒMLL‹ŽŒKKŒŽMÌLLKL‹ŒL‹ŒMLŽŒŒMLKŒŒL‹ŒL‹ŒMLŽŒŒML‹LKLNŽËL‹ŒL‹ŒMLŽŒŒMLËŒLNL‹ŒLNL‹L‹ŒL‹ŒMLŽŒŒMMKŽNŒ‹ŒÌŒŽ‹L‹ŒL‹ŒMLŽŒŒMMKÌLËŽŒL‹L‹ŒL‹ŒMLŽŒŒMM‹LËŒÌMŽNLKŒNM‹L‹ŒL‹ŒMLŽŒŒMMËŒŒŽNKŒŒÍ‹L‹ŒL‹ŒMLŽŒŒMN‹MNŽMKŽÍLLËL‹ŒL‹ŒMLŽŒŒMNKL‹ŒÍKNNMÌKL‹ŒL‹ŒMLŽŒŒMŒ‹ŽNLŽŒLLL‹ŒL‹ŒMLŽŒŒMŒKL‹ŒŒLÌÌKLËŽLÍÌËL‹ŒL‹ŒMLŽŒŒMŒ‹ŒŒL‹ŒL‹ŒMLŽŒŒMŒËLKNMÌM‹ŒMLM‹L‹ŒL‹ŒMLŽŒŒMLŒLÌLËŒÎLÎKL‹ŒL‹ŒMLŽŒŒMKLKŽLLËLMNNLËL‹ŒL‹ŒMLŽŒŒM‹‹MLËLŒÎŽMËL‹ŒL‹ŒMLŽŒŒMËL‹LMLMËL‹LŽMÍËL‹ŒL‹ŒMLŽŒŒMŽL‹ŒÌÌLŒŒÌŒLÌ‹L‹ŒL‹ŒMLŽŒŒMŽK‹ÍLKŽMÌL‹ŒL‹ŒMLŽŒŒMÌËŒÍLÍŒNL‹L‹ŒL‹ŒMLŽŒŒMÌKLKÎŽ‹ŒÍMŽLML‹ŒL‹ŒMLŽŒŒMÌ‹ËŒÍÌŒ‹ŒMMÍL‹ŒL‹ŒMLŽŒŒMÌËŒŽŽŒMLM‹L‹ŒL‹ŒMLŽŒŒMÍLKLMÍ‹ŽMLŒL‹ŒL‹ŒMLŽŒŒMÍK‹ŒŽLNMËKŽMÌLKL‹ŒL‹ŒMLŽŒŒMÍ‹‹ŒÌLÍËLŽLŒÎKL‹ŒL‹ŒMLŽŒŒMÍËLKŒŒMÍËKŽLÍŽNKL‹ŒL‹ŒMLŽŒŒMÎKŒÌÌŽ‹LŽLL‹ŒL‹ŒMLŽŒŒMÎKKÌÌŒ‹LËLÍMÍL‹ŒL‹ŒMLŽŒŒMŽLŒŒŽNMKLÍÍËL‹ŒL‹ŒMLŽŒŒMŽK‹ŽÍMÌËËŽLNLMKL‹ŒL‹ŒMLŽŒŒMŽ‹ËŒLÎLŽLLLLŽL‹ŒL‹ŒMLŽŒŒMŽËLMLŽMË‹ŒÎMLŽNKL‹ŒL‹ŒMLŽŒŒMŽŒŒL‹ŒL‹ŒMLŽŒŒMŽK‹ŒLÌŽKLKŒÍMŒLNKL‹ŒL‹ŒMLŽŒŒMŽ‹ŒŒL‹ŒL‹ŒMLŽŒŒMŽËŒÍNNKKMMMËL‹ŒL‹ŒMLŽŒŒMŽ‹MÌŒÍÍKŽÌKL‹ŒL‹ŒMLŽŒŒMŽKLŒNMÍ‹ŽLMMŒL‹ŒL‹ŒMLŽŒŒMŽL‹ÌMÌLMÌÍÌÍL‹ŒL‹ŒMLŽŒŒMŽLKMÍNKLKÌÌMLËL‹ŒL‹ŒMLŽŒŒMŽL‹LŒMŒÍ‹ŒŒMÍÌL‹ŒL‹ŒMLŽŒŒMŽLËËŒMMŽL‹ŒNÌŒL‹ŒL‹ŒMLŽŒŒMŽMŒÌLÍŒËÌÍKL‹ŒL‹ŒMLŽŒŒMŽMKKŒNL‹ŽLMNÍ‹L‹ŒL‹ŒMLŽŒŒMŽM‹ŒLŽL‹L‹ŒL‹ŒMLŽŒŒMŽMËKNLŒËLLÌNKL‹ŒL‹ŒMLŽŒŒMŽNŽÎMM‹ÍNL‹ŒL‹ŒMLŽŒŒMŽNKËL‹ÍŒNLM‹L‹ŒL‹ŒMLŽŒŒMÌ‹ŽLŒKKŒMKL‹ŒL‹ŒMLŽŒŒMÌKŒŒL‹ŒL‹ŒMLŽŒŒMÌ‹ŽLLKŒLÌ‹L‹ŒL‹ŒMLŽŒŒMÌËŽMLÌËLKÍŒÌÎMKL‹ŒL‹ŒMLŽŒŒMÌŒŒL‹ŒL‹ŒMLŽŒŒMÌKŒŒL‹ŒL‹ŒMLŽŒŒMÌ‹ŒŒL‹ŒL‹ŒMLŽŒŒMÌËŒŒL‹ŒL‹ŒMLŽŒŒMÌ‹ŽÍKLŒÎÍÌÎKL‹ŒL‹ŒMLŽŒŒMÌKLÎLLNKMKŽNNMKL‹ŒL‹ŒMLŽŒŒMÌLMŽLÌÌKL‹ŒMÎLÌËL‹ŒL‹ŒMLŽŒŒMÌLKL‹ŽMNNKLKŒŒŒKL‹ŒL‹ŒMLŽŒŒMÌL‹NLÎLËLÌÍLÌËL‹ŒL‹ŒMLŽŒŒMÌLËL‹ŽLÍLKŒŒLËL‹ŒL‹ŒMLŽŒŒMÌMKŒÌŒÌËLKŒŒNMKL‹ŒL‹ŒMLŽŒŒMÌMKLKŽLLLËŽMÌLLÎL‹ŒL‹ŒMLŽŒŒMÌM‹L‹MLŒMËLŒÌNMMKL‹ŒL‹ŒMLŽŒŒMÌMËLKŒŒÎLKNML‹ŒL‹ŒMLŽŒŒMÌNLŒLNLKŒÍŽL‹ŒL‹ŒMLŽŒŒMÌNKLKŒŒÎLÍ‹KÌLŒM‹L‹ŒL‹ŒMLŽŒŒMÌŒŽMŽMŒKL‹ŒLLÌKL‹ŒL‹ŒMLŽŒŒMÌŒKŒÍÌLLÍÌÌÍÌL‹ŒL‹ŒMLŽŒŒMÌŒ‹LKŒÌŒÍLŒÍMŒL‹ŒL‹ŒMLŽŒŒMÌŒËLŽMÌÎ‹LŒÍŒÍÌL‹L‹ŒL‹ŒMLŽŒŒMÌÌŽNËŒŒÌÍLKL‹ŒL‹ŒMLŽŒŒMÌKLKÌMMLNŽLÌŒLŽL‹ŒL‹ŒMLŽŒŒMÌ‹LŒŽMÎNKL‹MŽKL‹ŒL‹ŒMLŽŒŒMÌËLKŒŒŒMLKŽÌNML‹ŒL‹ŒMLŽŒŒMÌŽLËÌL‹LKŽŽLÌ‹L‹ŒL‹ŒMLŽŒŒMÌŽKLKŒMÍNMMKŽNLNL‹ŒL‹ŒMLŽŒŒMÌÌKŽLNNKŒLÍMÎNL‹ŒL‹ŒMLŽŒŒMÌÌKLËŽNNNKLŒNMNMËL‹ŒL‹ŒMLŽŒŒMÌÌ‹ÍŽËLKŒMÍÌŒKL‹ŒL‹ŒMLŽŒŒMÌÌËLÍ‹LKŽNNLŒL‹ŒL‹ŒMLŽŒŒMÌÍLËMÍŒÌËLKŒLNNMËL‹ŒL‹ŒMLŽŒŒMÌÍKLKŽMÌÍN‹ŒŒŽL‹ŒL‹ŒMLŽŒŒMÌÍ‹LŒÌÍŽKLLNŒËL‹ŒL‹ŒMLŽŒŒMÌÍËL‹LÍLMLŒÍÌÌL‹ŒL‹ŒMLŽŒŒMÌÎLMŽMËLKÍÍÍÍKL‹ŒL‹ŒMLŽŒŒMÌÎKLKŒNLMŽMMNL‹ŒL‹ŒMLŽŒŒMÍL‹ŒÌLKÍLKL‹ŒL‹ŒMLŽŒŒMÍKKŒÎÍÍ‹ÌMŒL‹ŒL‹ŒMLŽŒŒMÍ‹KÍMKLÍŽLÌËL‹ŒL‹ŒMLŽŒŒMÍËL‹ÌNNKLŒÌÍKL‹ŒL‹ŒMLŽŒŒMÍ‹ŒLÍÍKLŒŒŒKL‹ŒL‹ŒMLŽŒŒMÍKNLLMÌŽL‹ŒL‹ŒMLŽŒŒMÍ‹L‹ÌLÎKKNMŽMËL‹ŒL‹ŒMLŽŒŒMÍËL‹ŒŒŒKLŒŒŒŒËL‹ŒL‹ŒMLŽŒŒMÍŒÌLMKLKMMÌKL‹ŒL‹ŒMLŽŒŒMÍKLŒLLÎKL‹ŒÌLÌNKL‹ŒL‹ŒMLŽŒŒMÍLKŒŒÍŒLŒŽ‹L‹ŒL‹ŒMLŽŒŒMÍLKŒÎŒËLËMMÌLNKL‹ŒL‹ŒMLŽŒŒMÍL‹LËLMLŒLKNLNLL‹ŒL‹ŒMLŽŒŒMÍLËŒLÌÍÍ‹KŒLNM‹L‹ŒL‹ŒMLŽŒŒMÍM‹MMÍMLKKŒŽMKL‹ŒL‹ŒMLŽŒŒMÍMKL‹ŒŒÍŒŒÌÍŒÎLL‹ŒL‹ŒMLŽŒŒMÍM‹‹LÌLLËÍMŒLÌËL‹ŒL‹ŒMLŽŒŒMÍMËL‹M‹MKŽMÍ‹L‹ŒL‹ŒMLŽŒŒMÍNLKŽMÌËKŽLËL‹ŒL‹ŒMLŽŒŒMÍNKLKŒÌLÌ‹‹ŒLÎML‹ŒL‹ŒMLŽŒŒMÍŒLÌŽŒ‹LŒMŒÍNL‹ŒL‹ŒMLŽŒŒMÍŒKLKŒÌMŒÎNLŒLÌM‹L‹ŒL‹ŒMLŽŒŒMÍŒ‹‹ŒNLËLŒÎNKL‹ŒL‹ŒMLŽŒŒMÍŒËLKŽŽLKLKŽLLÎKL‹ŒL‹ŒMLŽŒŒMÍŒŒL‹ŒL‹ŒMLŽŒŒMÍK‹ŒÍLLKMÍML‹ŒL‹ŒMLŽŒŒMÍ‹ËNŒ‹LÍL‹ŒL‹ŒMLŽŒŒMÍËLKŒMŒKKŒÍÌŒMKL‹ŒL‹ŒMLŽŒŒMÍŽËLMMÍ‹KŒLL‹ŒL‹ŒMLŽŒŒMÍŽKŒŽLLKMŒMËL‹ŒL‹ŒMLŽŒŒMÍÌLŽLKKMŒKL‹ŒL‹ŒMLŽŒŒMÍÌK‹ŒÎLMMLKŽLŒÌŒ‹L‹ŒL‹ŒMLŽŒŒMÍÌ‹‹ŒŒÌLMKLÌÌÌËL‹ŒL‹ŒMLŽŒŒMÍÌËLKŒLŽÌËKÍÌŒÌËL‹ŒL‹ŒMLŽŒŒMÍÍŽLMKLKŒÌMŒLKL‹ŒL‹ŒMLŽŒŒMÍÍK‹ŽNKL‹MÌNËL‹ŒL‹ŒMLŽŒŒMÍÍ‹LŒMLÌŒÍM‹L‹ŒL‹ŒMLŽŒŒMÍÍË‹LNMŽMËŽLÎL‹ŒL‹ŒMLŽŒŒMÍÎÍÌŒKÌÌÍÌŽKL‹ŒL‹ŒMLŽŒŒMÍÎKLŽÌÎNKŽÌLËL‹ŒL‹ŒMLŽŒŒMÎ‹ŒŽMÎLKLKŽÍÌLMËL‹ŒL‹ŒMLŽŒŒMÎK‹ŒMŒMKLKŒLÍLKL‹ŒL‹ŒMLŽŒŒMÎ‹ŒŒL‹ŒL‹ŒMLŽŒŒMÎËŒŒL‹ŒL‹ŒMLŽŒŒMÎŒMŒŒÌÎK‹ŒŒLËL‹ŒL‹ŒMLŽŒŒMÎKKŒMË‹NMLKL‹ŒL‹ŒMLŽŒŒMÎ‹ËŒMÍËLŒŽMKL‹ŒL‹ŒMLŽŒŒMÎË‹ŒŽLŽLÌŒŒŽL‹ŒL‹ŒMLŽŒŒMÎKÌŒNËKŒNKL‹ŒL‹ŒMLŽŒŒMÎKËŒÌNNL‹ÎLÎMÌL‹ŒL‹ŒMLŽŒŒMÎLKÌÍŽÎKKŽÍLMËL‹ŒL‹ŒMLŽŒŒMÎLKŽNŽNL‹ŽŒM‹L‹ŒL‹ŒMLŽŒŒMÎL‹KŒŒÍKŒMNNKL‹ŒL‹ŒMLŽŒŒMÎLËKŽÍLÍLŒÌÌL‹L‹ŒL‹ŒMLŽŒŒMÎMŒŒL‹ŒL‹ŒMLŽŒŒMÎMKËŒMÎÎMÍM‹L‹ŒL‹ŒMLŽŒŒMÎM‹ŒŒL‹ŒL‹ŒMLŽŒŒMÎMËKNÎËŽNÍÌŒ‹L‹ŒL‹ŒMLŽŒŒMÎNŒŒL‹ŒL‹ŒMLŽŒŒMÎNKKŒÌKLKŒÌMÌLKL‹ŒL‹ŒMLŽŒŒMŽŒŒL‹ŒL‹ŒMLŽŒŒMŽKLŒÎLÍËÌLÍKL‹ŒL‹ŒMLŽŒŒMŽ‹KÍLMKLKŽÎÎLKL‹ŒL‹ŒMLŽŒŒMŽËMKŽMLKL‹ŒLÍŒËL‹ŒL‹ŒMLŽŒŒMŽ‹ŒMÌMÌÍËLŽKL‹ŒL‹ŒMLŽŒŒMŽKLKŒLŒKM‹ŽÌÍKL‹ŒL‹ŒMLŽŒŒMŽ‹MKŒMÎ‹L‹ÍÎÌNL‹ŒL‹ŒMLŽŒŒMŽËLËLLÌNLKÌML‹ŒL‹ŒMLŽŒŒMŽKNN‹ŒŒMÌM‹L‹ŒL‹ŒMLŽŒŒMŽKL‹ŽMŒŽŒÍÎMÍ‹L‹ŒL‹ŒMLŽŒŒMŽLKŒÎŽMËLKŒLNMŽKL‹ŒL‹ŒMLŽŒŒMŽLKLKLMMKLËÌŒŒÌLKL‹ŒL‹ŒMLŽŒŒMŽL‹LËŒÌLLLKŒLL‹L‹ŒL‹ŒMLŽŒŒMŽLËLKŒLKŽNLŒ‹L‹ŒL‹ŒMLŽŒŒMŽMLŒŒLÍNNLLNL‹ŒL‹ŒMLŽŒŒMŽMKL‹ŒNMMLKLÌNLL‹ŒL‹ŒMLŽŒŒMŽM‹‹ÍÌLKŒÍLMÍL‹ŒL‹ŒMLŽŒŒMŽMËLŒMŒËL‹ŒMŒÌLLKL‹ŒL‹ŒMLŽŒŒMŽNLKÌÌMNLŒMŒÍÌL‹ŒL‹ŒMLŽŒŒMŽNKLŽMÍÍLLŒŽM‹L‹ŒL‹ŒMLŽŒŒMŽŒKŒMLÌÎNÌ‹L‹ŒL‹ŒMLŽŒŒMŽŒKLKŽNÍ‹ŽLŒŽML‹ŒL‹ŒMLŽŒŒMŽŒ‹MËL‹ŒNMŒÍKL‹ŒL‹ŒMLŽŒŒMŽŒËLKŒNMŒKL‹ŒNLËL‹ŒL‹ŒMLŽŒŒMŽLËŒŽŒKLÎNMLKL‹ŒL‹ŒMLŽŒŒMŽKLŒÎLË‹ŽLMËL‹ŒL‹ŒMLŽŒŒMŽ‹‹ÌMŒLÍKŽNMÍ‹L‹ŒL‹ŒMLŽŒŒMŽËLŒMŽNŒMŽNL‹ŒL‹ŒMLŽŒŒMŽŽKŒÍŽMMKLNLÌKL‹ŒL‹ŒMLŽŒŒMŽŽKLŒMNËL‹ŒÎLËL‹ŒL‹ŒMLŽŒŒMŽÌŒŒL‹ŒL‹ŒMLŽŒŒMŽÌKLKŽMLŒKLŒÍKL‹ŒL‹ŒMLŽŒŒMŽÌ‹ŒŒL‹ŒL‹ŒMLŽŒŒMŽÌËLKÍŒÍŽÌ‹L‹ŒL‹ŒMLŽŒŒMŽÍŒŒL‹ŒL‹ŒMLŽŒŒMŽÍKLŒŒËMMLÌËL‹ŒL‹ŒMLŽŒŒMŽÍ‹ŒŒL‹ŒL‹ŒMLŽŒŒMŽÍË‹ÎËŒÍÍLÍ‹L‹ŒL‹ŒMLŽŒŒMŽÎŒŒL‹ŒL‹ŒMLŽŒŒMŽÎKLKÎMÌËLLŽLKL‹ŒL‹ŒMLŽŒŒMŽŒŒL‹ŒL‹ŒMLŽŒŒMŽKKÍÌËLŒŒLÎKL‹ŒL‹ŒMLŽŒŒMŽ‹L‹ÍMËKNNLÌŒËL‹ŒL‹ŒMLŽŒŒMŽËLKŒŒŒLËŽMÌŒËL‹ŒL‹ŒMLŽŒŒMŽŽMÌKLKŒNÎLÌËL‹ŒL‹ŒMLŽŒŒMŽKLŒŒÎLËL‹ŒŽMÌNMËL‹ŒL‹ŒMLŽŒŒMŽ‹‹ŒLLMŒNNŽL‹ŒL‹ŒMLŽŒŒMŽËNMLM‹LËŒMŽNL‹ŒL‹ŒMLŽŒŒMŽMËÌMÎ‹MËŒŒÍŒL‹ŒL‹ŒMLŽŒŒMŽKŒÌŒLKKŒMŽNËL‹ŒL‹ŒMLŽŒŒMŽL‹ŽNÌ‹ŽŒÌ‹L‹ŒL‹ŒMLŽŒŒMŽLKLKŽNMLLÌKLLÌKL‹ŒL‹ŒMLŽŒŒMŽL‹ËŒMŽNŽKŒÎLLL‹ŒL‹ŒMLŽŒŒMŽLËL‹ŒÎÌKMŽMMKL‹ŒL‹ŒMLŽŒŒMŽMLKNMÌMËKŽLÍLŽKL‹ŒL‹ŒMLŽŒŒMŽMKLŽNM‹N‹L‹ŒL‹ŒMLŽŒŒMŽM‹ŒÍÌ‹LÌÌÌ‹L‹ŒL‹ŒMLŽŒŒMŽMËLKŽNMÌKLŒMMÎKL‹ŒL‹ŒMLŽŒŒMŽN‹ŒŽÍLKŒLÍŒËL‹ŒL‹ŒMLŽŒŒMŽNKLKŽMMŒKL‹ŒMMÍKL‹ŒL‹ŒMLŽŒŒMŽŒL‹ŒÍLÍŒËLŒLLLKL‹ŒL‹ŒMLŽŒŒMŽŒK‹ÍÍ‹ŒŒÍŽL‹ŒL‹ŒMLŽŒŒMŽŒ‹ŒŒÍLLNKLŒLÍLMËL‹ŒL‹ŒMLŽŒŒMŽŒËLKŒŽLM‹NNNL‹ŒL‹ŒMLŽŒŒMŽÌN‹KLÍŒL‹ŒL‹ŒMLŽŒŒMŽKÌÍLËŽNMÍËL‹ŒL‹ŒMLŽŒŒMŽ‹LÍŒÍLKŽŽML‹L‹ŒL‹ŒMLŽŒŒMŽË‹ŒÌKKÎLŽKL‹ŒL‹ŒMLŽŒŒMŽŽ‹ÎÎLNÍL‹ŒL‹ŒMLŽŒŒMŽŽKLKŒMÌÌK‹ŒNŒKL‹ŒL‹ŒMLŽŒŒMŽÌŽLŒÎLKŽLLŒN‹L‹ŒL‹ŒMLŽŒŒMŽÌKKLÍŽKLËLÌNËL‹ŒL‹ŒMLŽŒŒMŽÌ‹LÍŒM‹ŒÌÍ‹L‹ŒL‹ŒMLŽŒŒMŽÌËKÌNLM‹ËŒMÌMLL‹ŒL‹ŒMLŽŒŒMŽÍËMŒŒ‹LŒŒÎML‹ŒL‹ŒMLŽŒŒMŽÍKLKŒÌŒKKŒÍŒËL‹ŒL‹ŒMLŽŒŒMŽÍ‹ŽMŒŽKL‹ÍMNËL‹ŒL‹ŒMLŽŒŒMŽÍËŽÌL‹ŒÍLLL‹ŒL‹ŒMLŽŒŒMŽÎŽNÍKËŽÍÌËL‹ŒL‹ŒMLŽŒŒMŽÎKLŽMLMŽŽŒ‹L‹ŒL‹ŒMLŽŒŒMŽ‹ŒLÌ‹ŒÌŒÌ‹L‹ŒL‹ŒMLŽŒŒMŽKLŒMKŽNNNKL‹ŒL‹ŒMLŽŒŒMŽ‹‹ŽLÎMLËLŒÍÍÌÌËL‹ŒL‹ŒMLŽŒŒMŽËŒŒLËLKŒÍÌNMÍKL‹ŒL‹ŒMLŽŒŒMŽÍÍŽKKŒMLMKL‹ŒL‹ŒMLŽŒŒMŽK‹ŽMLLMKŒNLLÌËL‹ŒL‹ŒMLŽŒŒMŽ‹ÌÎLŽŽMÍ‹L‹ŒL‹ŒMLŽŒŒMŽËKŒÌMÍË‹ŽLLŽMËL‹ŒL‹ŒMLŽŒŒMŽËŽML‹LÌLÍL‹ŒL‹ŒMLŽŒŒMŽK‹ŒLMŒÎNÎL‹L‹ŒL‹ŒMLŽŒŒMŽLŒLÌÍ‹ŒŒL‹ŒL‹ŒMLŽŒŒMŽLK‹ŒÎMÍKËŽMÍKL‹ŒL‹ŒMLŽŒŒMŽL‹‹ŒLÍŒËŽMŒŒLŽKL‹ŒL‹ŒMLŽŒŒMŽLËLMMŒÍK‹ÌÌNKL‹ŒL‹ŒMLŽŒŒMŽMÎŒ‹KLMÍLL‹ŒL‹ŒMLŽŒŒMŽMKŒŒÍÌL‹ÎML‹ŒL‹ŒMLŽŒŒMŽM‹ŒŒL‹ŒL‹ŒMLŽŒŒMŽMËŒŒL‹ŒL‹ŒMLŽŒŒMŽNKŽLÎMMŽL‹ŒLÍLŒÍL‹ŒL‹ŒMLŽŒŒMŽNKMKŒÍÍKL‹LŒŽKL‹ŒL‹ŒMLŽŒŒMŽL‹ŒÌMMÎLKLKŒÍËL‹ŒL‹ŒMLŽŒŒMŽLKLÌÍLKM‹ŒÎLLËL‹ŒL‹ŒMLŽŒŒMŽL‹MŒNLNLLËŒÎLM‹L‹ŒL‹ŒMLŽŒŒMŽLËLKŽMŽMÍ‹LŒMÍL‹L‹ŒL‹ŒMLŽŒŒMŽLKŒMMLLŒŽNLL‹ŒL‹ŒMLŽŒŒMŽLKL‹ÍÌŒKMÎL‹ŒL‹ŒMLŽŒŒMŽL‹KMLLKŒŒÌNL‹ŒL‹ŒMLŽŒŒMŽLËLÍÌNNËL‹ÌŽKL‹ŒL‹ŒMLŽŒŒMŽLLKŽMÍMŒÍËLKŒÍÍNLËL‹ŒL‹ŒMLŽŒŒMŽLKLKNL‹ŒLMNL‹ŒL‹ŒMLŽŒŒMŽLLŒNLKLNÍKL‹ŒL‹ŒMLŽŒŒMŽLLKLKŒŽMMKKŒÌŽKL‹ŒL‹ŒMLŽŒŒMŽLL‹‹ŒLMKLKÌMŽKL‹ŒL‹ŒMLŽŒŒMŽLLËLŒLÎ‹L‹ŒÌÎÌL‹ŒL‹ŒMLŽŒŒMŽLMLKLËLŒŒÌÍŒKL‹ŒL‹ŒMLŽŒŒMŽLMKLKŒLÍÌŒLŽŒŽMŽL‹ŒL‹ŒMLŽŒŒMŽLM‹KŒÎŽËŽNKL‹ŒL‹ŒMLŽŒŒMŽLMËLKÍÌLKŒÍÌÎKL‹ŒL‹ŒMLŽŒŒMŽLNŒŒLËL‹ŒLÍŒMËL‹ŒL‹ŒMLŽŒŒMŽLNKLKŒŽŽM‹LKÌL‹ŒL‹ŒMLŽŒŒMŽLŒLËŒÎLÍKLKŒÌNŽKL‹ŒL‹ŒMLŽŒŒMŽLŒKLŽLÍMKLN‹L‹ŒL‹ŒMLŽŒŒMŽLŒ‹‹ŒŽM‹KŒÌÍÌL‹ŒL‹ŒMLŽŒŒMŽLŒËLËÍLLŒÌLL‹L‹ŒL‹ŒMLŽŒŒMŽLKŒÎÌËLÌMÌŽNKL‹ŒL‹ŒMLŽŒŒMŽLKLKŒÌÎ‹L‹ŽNMM‹L‹ŒL‹ŒMLŽŒŒMŽL‹LKŽMNÍËKLŒŒËL‹ŒL‹ŒMLŽŒŒMŽLËLKŽMÍKŒÌŒNËL‹ŒL‹ŒMLŽŒŒMŽLŽLÌMËŽLÌÎÌKL‹ŒL‹ŒMLŽŒŒMŽLŽKL‹LÌM‹LŒLLL‹L‹ŒL‹ŒMLŽŒŒMŽLÌLÌLKL‹ŒÌMËL‹ŒL‹ŒMLŽŒŒMŽLÌKLMŒŽ‹MÍŒMŒÌL‹ŒL‹ŒMLŽŒŒMŽLÌ‹L‹ÍMŽKLŒŽLKL‹ŒL‹ŒMLŽŒŒMŽLÌËKŒÍÌ‹‹LM‹L‹ŒL‹ŒMLŽŒŒMŽLÍ‹ŒÍÍÌÎKLŒMŒLKL‹ŒL‹ŒMLŽŒŒMŽLÍKL‹ŒNLKLŽKL‹ŒL‹ŒMLŽŒŒMŽLÍ‹KŽML‹LŒŒMNM‹L‹ŒL‹ŒMLŽŒŒMŽLÍËŒŒMÎMËLŒÌŒÍËL‹ŒL‹ŒMLŽŒŒMŽLÎL‹ŒÌNKŒÍMMÎL‹ŒL‹ŒMLŽŒŒMŽLÎKLKŽMÍKLŒLÍŽËL‹ŒL‹ŒMLŽŒŒMŽMŒÎNLLLKML‹ŒL‹ŒMLŽŒŒMŽMKLNLÍMKL‹ÌŒNÍKL‹ŒL‹ŒMLŽŒŒMŽM‹KŽÍLL‹L‹ŒL‹ŒMLŽŒŒMŽMËŽÎÎMLËŒÌMLL‹ŒL‹ŒMLŽŒŒMŽMLËÌÎLKÎMM‹L‹ŒL‹ŒMLŽŒŒMŽMKŒŒLËKMLÌËL‹ŒL‹ŒMLŽŒŒMŽM‹‹ÌÌÍKKŒÌÌKL‹ŒL‹ŒMLŽŒŒMŽMËLKŽLÍËLMÍNKL‹ŒL‹ŒMLŽŒŒMŽM‹ŽNMKKŒÌMMËL‹ŒL‹ŒMLŽŒŒMŽMKL‹ŒÍÌMÌNLL‹ŒL‹ŒMLŽŒŒMŽMLLKŒLŒŒÍ‹KNÎ‹L‹ŒL‹ŒMLŽŒŒMŽMLKLMÎË‹ŽNNMÍKL‹ŒL‹ŒMLŽŒŒMŽML‹LŒKŒŒLËL‹ŒL‹ŒMLŽŒŒMŽMLËLKŒMŒKŽÌKL‹ŒL‹ŒMLŽŒŒMŽMM‹ŒŒNMKLŽÍKL‹ŒL‹ŒMLŽŒŒMŽMMKLKÌLŒŒ‹LKÍLL‹ŒL‹ŒMLŽŒŒMŽMM‹L‹ŒŒÌLŒÍŽÎL‹ŒL‹ŒMLŽŒŒMŽMMË‹ŒÎLŒÌŽKŒŽMÍL‹L‹ŒL‹ŒMLŽŒŒMŽMNŒÎLMÌ‹Œ‹L‹ŒL‹ŒMLŽŒŒMŽMNKLKŒŒNL‹ŒÌÍÌÌL‹ŒL‹ŒMLŽŒŒMŽMŒËŽLÌËŒMŒÎKL‹ŒL‹ŒMLŽŒŒMŽMŒKKNŒKŽMLŒËL‹ŒL‹ŒMLŽŒŒMŽMŒ‹LKLLNLŒ‹KŒÌŽNML‹ŒL‹ŒMLŽŒŒMŽMŒË‹ŒŽŽK‹ŒŒŒMLKL‹ŒL‹ŒMLŽŒŒMŽM‹ŒÌLÍMËLŒŽMLËL‹ŒL‹ŒMLŽŒŒMŽMKLKMMÌÌ‹KŒŒLMML‹ŒL‹ŒMLŽŒŒMŽM‹ŽMMËLKŒÍÌËL‹ŒL‹ŒMLŽŒŒMŽMËKŽMÍLËŒMŒL‹ŒL‹ŒMLŽŒŒMŽMŽLMNMËŒÎLËL‹ŒL‹ŒMLŽŒŒMŽMŽK‹ŒŒMÍÍËŒÌMÌM‹L‹ŒL‹ŒMLŽŒŒMŽMÌ‹ÎLÎMLŽMÌ‹L‹ŒL‹ŒMLŽŒŒMŽMÌKLKŒLŽMÌŒKŒŒMNLL‹ŒL‹ŒMLŽŒŒMŽMÌ‹ÍÍŒÍKLËŒÌNKL‹ŒL‹ŒMLŽŒŒMŽMÌËKÎKLKŽÍLMËL‹ŒL‹ŒMLŽŒŒMŽMÍKŒŒNKËŽNÍŒKL‹ŒL‹ŒMLŽŒŒMŽMÍKLŒÍMÌŒKŒŒNL‹ŒL‹ŒMLŽŒŒMŽMÍ‹‹ŒŒKMÌŒLÍKL‹ŒL‹ŒMLŽŒŒMŽMÍËLÎLKKŒNLKL‹ŒL‹ŒMLŽŒŒMŽMÎ‹ŒNMMÍLŽNMN‹L‹ŒL‹ŒMLŽŒŒMŽMÎKŒÍŒÎLKLKŽMLMMÎKL‹ŒL‹ŒMLŽŒŒMŽNŽŒËŒÍÌÌÍËL‹ŒL‹ŒMLŽŒŒMŽNKËMLÎŒÌ‹L‹ŒL‹ŒMLŽŒŒMŽN‹ŽLÌÍŽKKŒŒÌÎËL‹ŒL‹ŒMLŽŒŒMŽNËŒÎMM‹KŽMŒ‹L‹ŒL‹ŒMLŽŒŒMŽNŒLNLŒÍŒLL‹L‹ŒL‹ŒMLŽŒŒMŽNKKŽLLMLKLŒNŽKL‹ŒL‹ŒMLŽŒŒMŽN‹KNNMŒ‹ŽNMÍL‹ŒL‹ŒMLŽŒŒMŽNËËÍMÍKKŒMÍLMKL‹ŒL‹ŒMLŽŒŒMŽN‹ŽMNLNKLŽL‹ŒL‹ŒMLŽŒŒMŽNKŒLÌLË‹ŽMÍÍKL‹ŒL‹ŒMLŽŒŒMŽNLMNLÌËKŒMLËL‹ŒL‹ŒMLŽŒŒMŽNLKŒMÌLKŽMÌŒLML‹ŒL‹ŒMLŽŒŒMŽNL‹ŒŒL‹ŒL‹ŒMLŽŒŒMŽNLËŒŒL‹ŒL‹ŒMLŽŒŒMŽNM‹ŒLÌËLKŒMÌÌËL‹ŒL‹ŒMLŽŒŒMŽNMKMKŒLLÍL‹ŽML‹ŒL‹ŒMLŽŒŒMŽNM‹KŒŽMMKLKÍMKL‹ŒL‹ŒMLŽŒŒMŽNMËLKLMÍËM‹ŽMKL‹ŒL‹ŒMLŽŒŒMŽNNMŽMÌËL‹ŒLLLËL‹ŒL‹ŒMLŽŒŒMŽNNKLËŽMÍÎLKNÌLL‹ŒL‹ŒMLŽŒŒMÌNLÍÌÎLLMNLÍ‹L‹ŒL‹ŒMLŽŒŒMÌKL‹ŽMŽLKŒMŒM‹L‹ŒL‹ŒMLŽŒŒMÌ‹KŒLMMÎLKŒMÍM‹L‹ŒL‹ŒMLŽŒŒMÌËLKÍËLËŒMLÍLËL‹ŒL‹ŒMLŽŒŒMÌLËÍNLKÎML‹ŒL‹ŒMLŽŒŒMÌKLKŽNNL‹LKŽMÌÎL‹ŒL‹ŒMLŽŒŒMÌ‹LMNNKLŒÌËL‹ŒL‹ŒMLŽŒŒMÌËLKÌNLÍËKŽKL‹ŒL‹ŒMLŽŒŒMÌ‹ŒÎNLKLKLÌLKL‹ŒL‹ŒMLŽŒŒMÌKLŽMËL‹ŒÌNËL‹ŒL‹ŒMLŽŒŒMÌLLKŒMLŒM‹ŒMÌMÎL‹ŒL‹ŒMLŽŒŒMÌLKLKLËLKŒÍLŒLKL‹ŒL‹ŒMLŽŒŒMÌL‹KŒŒŒ‹LŒÌÎM‹L‹ŒL‹ŒMLŽŒŒMÌLËL‹ÍÌMËŒŒLŽKL‹ŒL‹ŒMLŽŒŒMÌMŒÍLÎLKNÍÍ‹L‹ŒL‹ŒMLŽŒŒMÌMKLKŒÍLÍLKÍMŒŒ‹L‹ŒL‹ŒMLŽŒŒMÌM‹LËML‹LKLMÎL‹ŒL‹ŒMLŽŒŒMÌMËLŒÌMË‹ŒLÌLËL‹ŒL‹ŒMLŽŒŒMÌNKMLLKŒN‹L‹ŒL‹ŒMLŽŒŒMÌNKMŒLLKLÌŒÌŒËL‹ŒL‹ŒMLŽŒŒMÌŒŽNMKLŽLLMŽËL‹ŒL‹ŒMLŽŒŒMÌŒKLŽMŒL‹L‹ŽMŒÍL‹ŒL‹ŒMLŽŒŒMÌŒ‹ŒŒL‹ŒL‹ŒMLŽŒŒMÌŒËLKÍMKLNLLËL‹ŒL‹ŒMLŽŒŒMÌŒŒL‹ŒL‹ŒMLŽŒŒMÌKŒŒL‹ŒL‹ŒMLŽŒŒMÌ‹ŒŒL‹ŒL‹ŒMLŽŒŒMÌËLMMÌMMNL‹ŒL‹ŒMLŽŒŒMÌŽŒŒL‹ŒL‹ŒMLŽŒŒMÌŽK‹ŒŒÌN‹ŽÎLŒ‹L‹ŒL‹ŒMLŽŒŒMÌÌŒŒL‹ŒL‹ŒMLŽŒŒMÌÌKLKŽMŽKLLŒŽKL‹ŒL‹ŒMLŽŒŒMÌÌ‹‹ÌÌLŒËLŒMŒÍKL‹ŒL‹ŒMLŽŒŒMÌÌËÌÌKLŒNLLKL‹ŒL‹ŒMLŽŒŒMÌÍL‹MLLNMKLLÌL‹ŒL‹ŒMLŽŒŒMÌÍKLKÌMNKÌÎLËL‹ŒL‹ŒMLŽŒŒMÌÍ‹ŒÍÌMLKŽÍÍŒÎL‹ŒL‹ŒMLŽŒŒMÌÍËLŒÎŒŽL‹LLŒL‹ŒL‹ŒMLŽŒŒMÌÎKŽŒMKÌŒËL‹ŒL‹ŒMLŽŒŒMÌÎKÌÎLËNNÍL‹ŒL‹ŒMLŽŒŒMÌLËŒÍÍLKNMÎLL‹ŒL‹ŒMLŽŒŒMÌKŒÍL‹ŽMÎL‹ŒL‹ŒMLŽŒŒMÌ‹‹LMÌKÎLŒMËL‹ŒL‹ŒMLŽŒŒMÌËLKÍÍÍËŒNÎMËL‹ŒL‹ŒMLŽŒŒMÌËŒMŽMŒÌKŒLŽNL‹ŒL‹ŒMLŽŒŒMÌKL‹MKMŽLŽMËL‹ŒL‹ŒMLŽŒŒMÌ‹LKŽNNMMÍ‹KMÌŒÌ‹L‹ŒL‹ŒMLŽŒŒMÌËLKŒŒ‹‹ŒLÍÍL‹L‹ŒL‹ŒMLŽŒŒMÌŒŒL‹ŒL‹ŒMLŽŒŒMÌKLKŒÎLŒLLŒÌÎNL‹ŒL‹ŒMLŽŒŒMÌL‹MMÎNMËLŒMÍÍKL‹ŒL‹ŒMLŽŒŒMÌLKL‹ŒÍLL‹ŒŽML‹ŒL‹ŒMLŽŒŒMÌL‹LKŽLNMËŒMMKL‹ŒL‹ŒMLŽŒŒMÌLËËŒÌLLÎKKŒÍŽMKL‹ŒL‹ŒMLŽŒŒMÌMËŽŒKLŽKL‹ŒL‹ŒMLŽŒŒMÌMKLKŒŽMŒM‹ÎLNÍL‹ŒL‹ŒMLŽŒŒMÌM‹ËŒMLŽKNMËL‹ŒL‹ŒMLŽŒŒMÌMËŒÍÍÎKŒÌÌÌËL‹ŒL‹ŒMLŽŒŒMÌNLKMMŽKŽMŒLMKL‹ŒL‹ŒMLŽŒŒMÌNK‹ŒŽNM‹ŒÎLŽ‹L‹ŒL‹ŒMLŽŒŒMÌŒKŽKLŽŒMLKL‹ŒL‹ŒMLŽŒŒMÌŒKLKŒNNÍLË‹ŒLÌËL‹ŒL‹ŒMLŽŒŒMÌŒ‹KŒŒÌÍKLKŒÍŒMŽLKL‹ŒL‹ŒMLŽŒŒMÌŒËKŒÎÍKLËLŒÌÍËL‹ŒL‹ŒMLŽŒŒMÌLŒÌŽNKÌŽNLKL‹ŒL‹ŒMLŽŒŒMÌK‹ŒŒMMKËŽNLŽKL‹ŒL‹ŒMLŽŒŒMÌ‹‹ŽLM‹LÌLÌŒŽL‹ŒL‹ŒMLŽŒŒMÌËLKNÍËKŒÍÌËL‹ŒL‹ŒMLŽŒŒMÌŽŽÍKLËŒŒMKL‹ŒL‹ŒMLŽŒŒMÌŽKKŽMÍŽLŽKLKŒNŒMKL‹ŒL‹ŒMLŽŒŒMÌÌŽLLËËÍLÎLËL‹ŒL‹ŒMLŽŒŒMÌÌKKÌNLÍK‹NNLKL‹ŒL‹ŒMLŽŒŒMÌÌ‹KÎLLÍLŒÎNLL‹ŒL‹ŒMLŽŒŒMÌÌËLÍMÍLŽNLÎNL‹ŒL‹ŒMLŽŒŒMÌÍ‹ŒÎMÍLŒËLKŒÍLKL‹ŒL‹ŒMLŽŒŒMÌÍKŽÌ‹LKŒLŽL‹L‹ŒL‹ŒMLŽŒŒMÌÍ‹ÍLŽL‹ÍM‹L‹ŒL‹ŒMLŽŒŒMÌÍËËÍŒMMKNMLËL‹ŒL‹ŒMLŽŒŒMÌÎKŒŽLÌÍ‹KŒŒŽML‹ŒL‹ŒMLŽŒŒMÌÎKKŒŽK‹ŽLÌËL‹ŒL‹ŒMLŽŒŒMÌËMÌLLKŒMŽLÎL‹ŒL‹ŒMLŽŒŒMÌK‹ŒLŒÎËLŒNLKL‹ŒL‹ŒMLŽŒŒMÌ‹ŒÍLK‹LKL‹ŒL‹ŒMLŽŒŒMÌË‹ŽÌÌNÍÍL‹ŒL‹ŒMLŽŒŒMÌ‹ŽMŒLKŽLÍÎL‹ŒL‹ŒMLŽŒŒMÌKLŒŒŒŽLMK‹ŽÌËL‹ŒL‹ŒMLŽŒŒMÌ‹ŒÌ‹KŒÌÍŒ‹L‹ŒL‹ŒMLŽŒŒMÌËLMŒLLKLËŒMÍKL‹ŒL‹ŒMLŽŒŒMÌLŒÌÍŒ‹ŒÍÌLLL‹ŒL‹ŒMLŽŒŒMÌKLŽNMLKNLMÌ‹L‹ŒL‹ŒMLŽŒŒMÌL‹ŒÌNLKŽŽL‹L‹ŒL‹ŒMLŽŒŒMÌLKMKÍMŒL‹LŒ‹L‹ŒL‹ŒMLŽŒŒMÌL‹KŒÌÌLKÍLL‹L‹ŒL‹ŒMLŽŒŒMÌLËLŽMŽÌMM‹LÎML‹ŒL‹ŒMLŽŒŒMÌMMŽÌŒŒŽL‹ŒÌÌÍŒ‹L‹ŒL‹ŒMLŽŒŒMÌMKLËMLŽNLKLÎMNL‹ŒL‹ŒMLŽŒŒMÌM‹KŒŒÍÎLNM‹L‹ŒL‹ŒMLŽŒŒMÌMËL‹ŒÍLŽMÍ‹L‹ŒL‹ŒMLŽŒŒMÌNKŒÌMÌÍŒ‹LKŽÌL‹ŒL‹ŒMLŽŒŒMÌNKLŽLMÌŒKLËÌÍÍKL‹ŒL‹ŒMLŽŒŒMÌLL‹ŒMÍM‹LKŒNMM‹L‹ŒL‹ŒMLŽŒŒMÌLKLKŒÍLMÌ‹LKŽLŒNL‹ŒL‹ŒMLŽŒŒMÌL‹ŒÍŒÌÍËLŒÎMMËL‹ŒL‹ŒMLŽŒŒMÌLËLKMŽLKÍÍŒL‹ŒL‹ŒMLŽŒŒMÌLKŒLŒ‹L‹ŒLÍŽÍ‹L‹ŒL‹ŒMLŽŒŒMÌLKLŒÌÍŒÌ‹LKŽLL‹L‹ŒL‹ŒMLŽŒŒMÌL‹LKŒÍÌKŒMÌŽŽKL‹ŒL‹ŒMLŽŒŒMÌLËLŽMŽÌÌ‹LŽLML‹ŒL‹ŒMLŽŒŒMÌLKŒÍÍËÌMMKL‹ŒL‹ŒMLŽŒŒMÌLKLKŒMMŒŒKŽŽNKL‹ŒL‹ŒMLŽŒŒMÌLLLŒŽNŒ‹L‹ŒLLÍÍÌ‹L‹ŒL‹ŒMLŽŒŒMÌLLKLKŽMÎM‹L‹MÌÌŽL‹ŒL‹ŒMLŽŒŒMÌLL‹LËMMŒÎL‹LKÍLÌNL‹ŒL‹ŒMLŽŒŒMÌLLËLMÌMN‹ŒÌLŽL‹ŒL‹ŒMLŽŒŒMÌLM‹ŒMÌ‹KŒŽLÍL‹L‹ŒL‹ŒMLŽŒŒMÌLMKLËÌÌÍLNLMŒÌÌ‹L‹ŒL‹ŒMLŽŒŒMÌLM‹ŒŒL‹ŒL‹ŒMLŽŒŒMÌLMËLŒŒÎLL‹ŒÍNMÌ‹L‹ŒL‹ŒMLŽŒŒMÌLNL‹ŒÌÎÎLŒÌÍL‹L‹ŒL‹ŒMLŽŒŒMÌLNKLKÍMLËŒÌNÍÍKL‹ŒL‹ŒMLŽŒŒMÌLŒLÌÌŒLÎ‹L‹ŒL‹ŒMLŽŒŒMÌLŒKL‹ÌŒ‹ŒÎÎL‹ŒL‹ŒMLŽŒŒMÌLŒ‹LŒÌNMÎLKŽNLNNL‹ŒL‹ŒMLŽŒŒMÌLŒËLŒLÌKMKŒLNŒKL‹ŒL‹ŒMLŽŒŒMÌLL‹ŒŽLMKÌMŒËL‹ŒL‹ŒMLŽŒŒMÌLKKMŒÎK‹MMŒÌÍKL‹ŒL‹ŒMLŽŒŒMÌL‹‹ÍŽKŒÎMŒÌKL‹ŒL‹ŒMLŽŒŒMÌLËLKŒÍÍŒKŒNÍËL‹ŒL‹ŒMLŽŒŒMÌLŽ‹MÍËLŒŒŒKL‹ŒL‹ŒMLŽŒŒMÌLŽKMÌÌŒLÌÌŒÎL‹ŒL‹ŒMLŽŒŒMÌLÌL‹ŒNMŽMÎL‹ŒL‹ŒMLŽŒŒMÌLÌKLKÌÎŒÍÌÎL‹ŒL‹ŒMLŽŒŒMÌLÌ‹LÌ‹LKŒLLLLL‹ŒL‹ŒMLŽŒŒMÌLÌËLŒÎLL‹ŒLÍL‹ŒL‹ŒMLŽŒŒMÌLÍKŽNLÎÍÎ‹L‹ŒL‹ŒMLŽŒŒMÌLÍKŽMMÍÌËL‹MÍLŒŒKL‹ŒL‹ŒMLŽŒŒMÌLÍ‹LËLLMËL‹ŒŒÌMËL‹ŒL‹ŒMLŽŒŒMÌLÍËŒLLÍKŒLLML‹L‹ŒL‹ŒMLŽŒŒMÌLÎ‹ŽÌŽNNMÌ‹L‹ŒL‹ŒMLŽŒŒMÌLÎKL‹ŒLŽLÌËŒLÍŒKL‹ŒL‹ŒMLŽŒŒMÌM‹ŽÍŒÌLÎM‹L‹ŒL‹ŒMLŽŒŒMÌMKL‹ŒMMŒMŽÎLL‹ŒL‹ŒMLŽŒŒMÌM‹LKÌŒŽLÌKKŽMÍÎËL‹ŒL‹ŒMLŽŒŒMÌMËLŒNLË‹ŒÎLÌÍËL‹ŒL‹ŒMLŽŒŒMÌMLŽLNKLŒLÍMMËL‹ŒL‹ŒMLŽŒŒMÌMKLLLNMŒLŒÍMŒ‹L‹ŒL‹ŒMLŽŒŒMÌM‹‹ÎNLËLŽNÌÍKL‹ŒL‹ŒMLŽŒŒMÌMËLKÌÍÌNNKL‹ŒÍÍŽLËL‹ŒL‹ŒMLŽŒŒMÌML‹ŒÌÌÎ‹LŒLŒÎM‹L‹ŒL‹ŒMLŽŒŒMÌMK‹ŒÌÍKKŒÎÎKL‹ŒL‹ŒMLŽŒŒMÌMLŒMŒËLŒNÍËL‹ŒL‹ŒMLŽŒŒMÌMLKLKŒÎLŒËŒÎLMÍËL‹ŒL‹ŒMLŽŒŒMÌML‹ŒŽÌLŽLÌÌ‹L‹ŒL‹ŒMLŽŒŒMÌMLËNËŽNNLŒËL‹ŒL‹ŒMLŽŒŒMÌMMLKMŒKKŒÎÍÎKL‹ŒL‹ŒMLŽŒŒMÌMMK‹ŒÌŒÍÌÌ‹‹NLLŒ‹L‹ŒL‹ŒMLŽŒŒMÌMM‹KŽNMÌËLKŒLNLÍNKL‹ŒL‹ŒMLŽŒŒMÌMMËLKŒŒÎMMKKŽMNÍKL‹ŒL‹ŒMLŽŒŒMÌMNKŒÌŒÍKLKŒÎŽKL‹ŒL‹ŒMLŽŒŒMÌMNKKŒÌMŒÎKLËNMŒMËL‹ŒL‹ŒMLŽŒŒMÌMŒLLLÍÌ‹ŒŒÍÎL‹L‹ŒL‹ŒMLŽŒŒMÌMŒK‹ŒNMŒËËÌÍŒÍKL‹ŒL‹ŒMLŽŒŒMÌMŒ‹ËÌŒËLMËL‹ŒL‹ŒMLŽŒŒMÌMŒËLŽMLÍÍKŒŒŒÌNL‹ŒL‹ŒMLŽŒŒMÌMÌÍLÌKLËŒMŒKL‹ŒL‹ŒMLŽŒŒMÌMKKŒÍÌLLKŒNŒ‹L‹ŒL‹ŒMLŽŒŒMÌM‹KÍLËŒLŽKL‹ŒL‹ŒMLŽŒŒMÌMËLŽMNNÎMŒNL‹ŒL‹ŒMLŽŒŒMÌMŽËMÍŒNLKKŒNLLKL‹ŒL‹ŒMLŽŒŒMÌMŽKLŒNŒKÍKL‹ŒL‹ŒMLŽŒŒMÌMÌ‹ŽÌLŒÌLLL‹ŒL‹ŒMLŽŒŒMÌMÌKŽMLMŽLKŒÎNLNLL‹ŒL‹ŒMLŽŒŒMÌMÌ‹KŒŒŒMNKKŒÎLŒÍKL‹ŒL‹ŒMLŽŒŒMÌMÌËËLNLÍËŒŽËL‹ŒL‹ŒMLŽŒŒMÌMÍ‹ŒŽLŽKÍLŒÍ‹L‹ŒL‹ŒMLŽŒŒMÌMÍKŽÍÍŒKËŒNMLËL‹ŒL‹ŒMLŽŒŒMÌMÍ‹ÎMÎKŒŒLÌÍÍËL‹ŒL‹ŒMLŽŒŒMÌMÍË‹ŒLÌMLŒŒŒÎL‹ŒL‹ŒMLŽŒŒMÌMÎKM‹ŒLN‹L‹ŒL‹ŒMLŽŒŒMÌMÎKÎNKKŒLNKL‹ŒL‹ŒMLŽŒŒMÌNËMMÌŽK‹MËL‹ŒL‹ŒMLŽŒŒMÌNKÍÍËËŒŒÌLËL‹ŒL‹ŒMLŽŒŒMÌN‹ŒŒL‹ŒL‹ŒMLŽŒŒMÌNËŒMŽMËL‹ŒŒÌÍLKL‹ŒL‹ŒMLŽŒŒMÌNŒŒL‹ŒL‹ŒMLŽŒŒMÌNKLÌLKKŒŒŒŒŽKL‹ŒL‹ŒMLŽŒŒMÌN‹ŒŒL‹ŒL‹ŒMLŽŒŒMÌNËMŽÌÌÌKL‹ŽMŒŽMKL‹ŒL‹ŒMLŽŒŒMÌNËŒŒ‹LŒMMÍL‹ŒL‹ŒMLŽŒŒMÌNKLÎMŒKMKŽLÍŽËL‹ŒL‹ŒMLŽŒŒMÌNLMŽNL‹L‹ŒÎLNL‹ŒL‹ŒMLŽŒŒMÌNLKLËŒÌLKŒŒM‹L‹ŒL‹ŒMLŽŒŒMÌNL‹ŽNNLŒKLÍÍÍKL‹ŒL‹ŒMLŽŒŒMÌNLËLËL‹ŒÌŒ‹L‹ŒL‹ŒMLŽŒŒMÌNMKLÌŒŽKLKŒMMÎKL‹ŒL‹ŒMLŽŒŒMÌNMKLKŒŽËLËŽLËL‹ŒL‹ŒMLŽŒŒMÌNM‹L‹ŽKLKŒLÎKL‹ŒL‹ŒMLŽŒŒMÌNMËLŽÌŒÍLKMMŽM‹L‹ŒL‹ŒMLŽŒŒMÌNNŒMŒMÍÌ‹LŒŒÍ‹L‹ŒL‹ŒMLŽŒŒMÌNNKLKŒNNÌ‹KŽMÎL‹L‹ŒL‹ŒMLŽŒŒMÌŒKÌLKLKNLÍMKL‹ŒL‹ŒMLŽŒŒMÌŒKLÌŒ‹L‹ÎNNML‹ŒL‹ŒMLŽŒŒMÌŒ‹LKŒŒKŽMÍËL‹ŒL‹ŒMLŽŒŒMÌŒËLKŒÍMNKLKŒŒŽLLËL‹ŒL‹ŒMLŽŒŒMÌŒKŽLŒŽLMÎL‹ŒL‹ŒMLŽŒŒMÌŒKL‹NNÍLMLÎ‹L‹ŒL‹ŒMLŽŒŒMÌŒ‹ŒŒŒŽL‹ŒNML‹ŒL‹ŒMLŽŒŒMÌŒËLKÌLÍÍML‹ŒŽLÌÌ‹L‹ŒL‹ŒMLŽŒŒMÌŒL‹ŽLÎŒËLKŒÍÌNËL‹ŒL‹ŒMLŽŒŒMÌŒKLŽMŒMMËKÌŒËL‹ŒL‹ŒMLŽŒŒMÌŒL‹ŒLŽKŒNLM‹L‹ŒL‹ŒMLŽŒŒMÌŒLKMMLLMËLKLÎLNMËL‹ŒL‹ŒMLŽŒŒMÌŒL‹KŒŒŒËLŒÌŽLŒËL‹ŒL‹ŒMLŽŒŒMÌŒLËLMNMML‹MMMLL‹ŒL‹ŒMLŽŒŒMÌŒMLËŒÎMŽLLLMLL‹ŒL‹ŒMLŽŒŒMÌŒMKŒŒL‹ŒL‹ŒMLŽŒŒMÌŒM‹ŒŒL‹ŒL‹ŒMLŽŒŒMÌŒMËL‹ŒÎMËLŒMŒÌKL‹ŒL‹ŒMLŽŒŒMÌŒNŒŒL‹ŒL‹ŒMLŽŒŒMÌŒNKLKŒŒŒËMKŒLÌMKL‹ŒL‹ŒMLŽŒŒMÌŒŒŒŒL‹ŒL‹ŒMLŽŒŒMÌŒŒKKMŒŒŽK‹ŒÌMËL‹ŒL‹ŒMLŽŒŒMÌŒŒ‹ŒŒL‹ŒL‹ŒMLŽŒŒMÌŒŒËL‹ŒMNMKLMLŒKL‹ŒL‹ŒMLŽŒŒMÌŒËÌŽLMMNL‹ŒL‹ŒMLŽŒŒMÌŒKMLËLŽLLÍLËL‹ŒL‹ŒMLŽŒŒMÌŒ‹L‹ŽÌMŽKŒÍŒML‹ŒL‹ŒMLŽŒŒMÌŒËL‹ŒŒLŒÌŒÎL‹ŒL‹ŒMLŽŒŒMÌŒŽKŒNÌÌËLŽMÌKL‹ŒL‹ŒMLŽŒŒMÌŒŽKLŒÍMÎ‹L‹ŒLMÍ‹L‹ŒL‹ŒMLŽŒŒMÌŒÌ‹ŒNMNNLMLL‹ŒL‹ŒMLŽŒŒMÌŒÌKŽNŒ‹LËŒŒÍŽÌ‹L‹ŒL‹ŒMLŽŒŒMÌŒÌ‹L‹ŽNLLLKŽÌMÌL‹L‹ŒL‹ŒMLŽŒŒMÌŒÌËŒŒŽŽKKŒLŒÎKL‹ŒL‹ŒMLŽŒŒMÌŒÍ‹ÍLNLŽÌŒL‹ŒL‹ŒMLŽŒŒMÌŒÍKLKÍMÌ‹ÍLŒ‹L‹ŒL‹ŒMLŽŒŒMÌŒÍ‹ËŒÌÌŒKŒÎML‹L‹ŒL‹ŒMLŽŒŒMÌŒÍËL‹NLÌŒËMKŒÎMLÌKL‹ŒL‹ŒMLŽŒŒMÌŒÎŒŒL‹ŒL‹ŒMLŽŒŒMÌŒÎKLŽNNNMË‹ŒÌÌMLKL‹ŒL‹ŒMLŽŒŒMÌLŒÍLLŒŽLL‹ŒL‹ŒMLŽŒŒMÌKLKŒŽMÎLŒŒLM‹L‹ŒL‹ŒMLŽŒŒMÌ‹‹ŒLÌNŽLŽLNL‹ŒL‹ŒMLŽŒŒMÌËLKŒÌÍËLKÌLKL‹ŒL‹ŒMLŽŒŒMÌL‹ŒLKLŒÎÍËL‹ŒL‹ŒMLŽŒŒMÌK‹ŒMŽLMKKŒŽLÍLËL‹ŒL‹ŒMLŽŒŒMÌ‹ËŽLÍÌÍKLŒŽKL‹ŒL‹ŒMLŽŒŒMÌËLKŽLŽÌKŒŽMŒÍKL‹ŒL‹ŒMLŽŒŒMÌËŒŽŒKLŒMNMLËL‹ŒL‹ŒMLŽŒŒMÌKŒÍL‹ŒL‹ŒMLŽŒŒMÌLLKŽMMÍŽNÌÍL‹ŒL‹ŒMLŽŒŒMÌLK‹ÌŒÍ‹ÌN‹L‹ŒL‹ŒMLŽŒŒMÌL‹KÌÌMLKŒLŒMŒL‹ŒL‹ŒMLŽŒŒMÌLËLKÌÍKŒÍÍL‹ŒL‹ŒMLŽŒŒMÌMKŒNÍŒËLKŒŽMÍMKL‹ŒL‹ŒMLŽŒŒMÌMKKŒÍÌLËLLLL‹L‹ŒL‹ŒMLŽŒŒMÌM‹LÎMŒ‹LŒÍÍÍ‹L‹ŒL‹ŒMLŽŒŒMÌMË‹ŒMMMNËÌŽŒL‹ŒL‹ŒMLŽŒŒMÌNËŽLÍŒMËŒLLÍŒËL‹ŒL‹ŒMLŽŒŒMÌNKLŒNLÌË‹ŒNËL‹ŒL‹ŒMLŽŒŒMÌŒKŒMŒŒM‹LËŒÎN‹L‹ŒL‹ŒMLŽŒŒMÌŒK‹ŒMÌLËLŽŒLËL‹ŒL‹ŒMLŽŒŒMÌŒ‹KŒŒŒÌLÌL‹ŒL‹ŒMLŽŒŒMÌŒËŒŒL‹ŒL‹ŒMLŽŒŒMÌ‹ŒÍÍLÍKŒŒÌÎKL‹ŒL‹ŒMLŽŒŒMÌKLŒMÍKŒMŒŒL‹ŒL‹ŒMLŽŒŒMÌ‹ËŒMŒM‹LŒŒŒŒÍL‹ŒL‹ŒMLŽŒŒMÌË‹ŒŒÌÌMLLMÌÍM‹L‹ŒL‹ŒMLŽŒŒMÌŽKŒŒŒLLKŒLŒML‹ŒL‹ŒMLŽŒŒMÌŽKŒŒL‹ŒL‹ŒMLŽŒŒMÌÌKLNLKMŒŒÌ‹L‹ŒL‹ŒMLŽŒŒMÌÌKKŒÌÍŒ‹ŽLMMŒŒL‹ŒL‹ŒMLŽŒŒMÌÌ‹LLÌNKLŒLÎMÍËL‹ŒL‹ŒMLŽŒŒMÌÌË‹ŒÎMMÌLKŒMËL‹ŒL‹ŒMLŽŒŒMÌÍKŒMK‹ŽMÍÍKL‹ŒL‹ŒMLŽŒŒMÌÍKËŽL‹ŽÎL‹ŒL‹ŒMLŽŒŒMÌÍ‹ËŽNMK‹ŒŽLŒKL‹ŒL‹ŒMLŽŒŒMÌÍËŒŽÍKËŒMMMÎKL‹ŒL‹ŒMLŽŒŒMÌÎŒMŽŒKLŒMŽŒKL‹ŒL‹ŒMLŽŒŒMÌÎKKŒÌMÎLËLKŒNLÎKL‹ŒL‹ŒMLŽŒŒMÌŽŒŒL‹ŒL‹ŒMLŽŒŒMÌŽKLKŽL‹ŒÎŒ‹L‹ŒL‹ŒMLŽŒŒMÌŽ‹‹ŒMŽLLKŽMMM‹L‹ŒL‹ŒMLŽŒŒMÌŽËM‹ŒMÍLL‹ŽÍŒL‹ŒL‹ŒMLŽŒŒMÌŽKŽLLÍKLKŒŒLKL‹ŒL‹ŒMLŽŒŒMÌŽKŒŒL‹ŒL‹ŒMLŽŒŒMÌŽ‹MKŒÌÌL‹ÌÍNL‹ŒL‹ŒMLŽŒŒMÌŽËLËŒŽNLKLKNMÍNKL‹ŒL‹ŒMLŽŒŒMÌŽŽLÍNKŒÍMKL‹ŒL‹ŒMLŽŒŒMÌŽKŒŒL‹ŒL‹ŒMLŽŒŒMÌŽLKÎLŽNLL‹ŒL‹ŒMLŽŒŒMÌŽLKLKMŒMÍKLËŒÌKL‹ŒL‹ŒMLŽŒŒMÌŽL‹L‹MÌŒŽKLKŒMMËL‹ŒL‹ŒMLŽŒŒMÌŽLËLKŒÎNMŽLL‹ŒŒM‹L‹ŒL‹ŒMLŽŒŒMÌŽMLŒMŒKLŒÌÌMNMËL‹ŒL‹ŒMLŽŒŒMÌŽMKLKŽMŽŒŽÌMM‹L‹ŒL‹ŒMLŽŒŒMÌŽM‹KŽÍ‹L‹ŒŒŒL‹ŒL‹ŒMLŽŒŒMÌŽMËLŒÌLÌL‹LKŽŒMÍL‹L‹ŒL‹ŒMLŽŒŒMÌŽNLKÍLMÍ‹ŒÍÌ‹L‹ŒL‹ŒMLŽŒŒMÌŽNKLKŽLÎKLŽMNNNKL‹ŒL‹ŒMLŽŒŒMÌÌKMÍÌ‹NMÌ‹L‹ŒL‹ŒMLŽŒŒMÌÌKLKŽLÌÌÍËŒÌÍÎMLKL‹ŒL‹ŒMLŽŒŒMÌÌ‹LŒMÌÌ‹L‹ML‹ŒL‹ŒMLŽŒŒMÌÌËLŽMLÌMLKÌÍÍMŽL‹ŒL‹ŒMLŽŒŒMÌÌL‹ŽMÎMLŽMŒÌÍL‹ŒL‹ŒMLŽŒŒMÌÌKLÌŒK‹ŒMMKL‹ŒL‹ŒMLŽŒŒMÌÌ‹ËŒMMNM‹KŽMŒL‹ŒL‹ŒMLŽŒŒMÌÌËLËÎMLÌËLŽLÌLÍKL‹ŒL‹ŒMLŽŒŒMÌÌŒŒL‹ŒL‹ŒMLŽŒŒMÌÌKLLŽKL‹ÍMËL‹ŒL‹ŒMLŽŒŒMÌÌLŒŒL‹ŒL‹ŒMLŽŒŒMÌÌLKŒŒL‹ŒL‹ŒMLŽŒŒMÌÌL‹ŒŒL‹ŒL‹ŒMLŽŒŒMÌÌLËLKLMÍKŽLÎËL‹ŒL‹ŒMLŽŒŒMÌÌMŒŒL‹ŒL‹ŒMLŽŒŒMÌÌMKLŒNLÌ‹MŽMNŒL‹ŒL‹ŒMLŽŒŒMÌÌM‹ŒŒL‹ŒL‹ŒMLŽŒŒMÌÌMËŒŒL‹ŒL‹ŒMLŽŒŒMÌÌNŒŒL‹ŒL‹ŒMLŽŒŒMÌÌNKŒŒL‹ŒL‹ŒMLŽŒŒMÌÌŒŒŒL‹ŒL‹ŒMLŽŒŒMÌÌŒKKŒMÍMÌLŒMLMLL‹ŒL‹ŒMLŽŒŒMÌÌŒ‹L‹ŒŒÌLŒË‹ŒÍÍKL‹ŒL‹ŒMLŽŒŒMÌÌŒËLKŽNMÌMŽL‹ŒL‹ŒMLŽŒŒMÌÌKŒŒNLÎMLŽMLML‹ŒL‹ŒMLŽŒŒMÌÌKLKŒMÍÎLËŒŒ‹L‹ŒL‹ŒMLŽŒŒMÌÌ‹‹ŒŽL‹KŒLNL‹L‹ŒL‹ŒMLŽŒŒMÌÌËŽÎÌLËŒLMŒÌL‹ŒL‹ŒMLŽŒŒMÌÌŽMŒNNLKŽNLLL‹L‹ŒL‹ŒMLŽŒŒMÌÌŽKLŒŒNLÎNKŒÍŒL‹ŒL‹ŒMLŽŒŒMÌÌÌ‹LÌŽNŽML‹ŒL‹ŒMLŽŒŒMÌÌÌKLKLÍLKKLÌÍNKL‹ŒL‹ŒMLŽŒŒMÌÌÌ‹‹LÍÌKŽLNMÍËL‹ŒL‹ŒMLŽŒŒMÌÌÌËL‹ŒÌNMŽMKŒŽLŒML‹ŒL‹ŒMLŽŒŒMÌÌÍLKÎÍË‹ŒŽKL‹ŒL‹ŒMLŽŒŒMÌÌÍKLKŒMLÌË‹ŒÍÌNKL‹ŒL‹ŒMLŽŒŒMÌÌÍ‹LŒŽÍËŒŒÌLKL‹ŒL‹ŒMLŽŒŒMÌÌÍËLKŽMKLŒÎÎLKL‹ŒL‹ŒMLŽŒŒMÌÌÎKŽNLÍÍKLŽLÍKL‹ŒL‹ŒMLŽŒŒMÌÌÎKL‹ŒÍMÌ‹L‹ŒMÎL‹ŒL‹ŒMLŽŒŒMÌÍL‹ŒÎNMÎLLL‹ŒL‹ŒMLŽŒŒMÌÍK‹ŒLŒŒÍKŽMŽMNKL‹ŒL‹ŒMLŽŒŒMÌÍ‹ËŽÌÌLÍ‹L‹ŒL‹ŒMLŽŒŒMÌÍËLKŒÎMŽMÍLLML‹ŒL‹ŒMLŽŒŒMÌÍŒNKKLLKL‹ŒL‹ŒMLŽŒŒMÌÍKLŒLNLŒÌLÌL‹L‹ŒL‹ŒMLŽŒŒMÌÍ‹LKLM‹KŒŒŒML‹ŒL‹ŒMLŽŒŒMÌÍË‹ŒMŒLËKÍKL‹ŒL‹ŒMLŽŒŒMÌÍKŒÌÌÌ‹LKMLÍL‹L‹ŒL‹ŒMLŽŒŒMÌÍKLKŒÍÌŽ‹ŽL‹ŒL‹ŒMLŽŒŒMÌÍLÎËLKŒMNMMKL‹ŒL‹ŒMLŽŒŒMÌÍLK‹ÎNLÍËL‹MŒLŒÍËL‹ŒL‹ŒMLŽŒŒMÌÍL‹LŒNLMËMMMËL‹ŒL‹ŒMLŽŒŒMÌÍLË‹ŽMÎŒÍML‹ŒL‹ŒMLŽŒŒMÌÍMËÌLÌLŒŽMML‹ŒL‹ŒMLŽŒŒMÌÍMKLKŒMŒL‹KMLÌÍ‹L‹ŒL‹ŒMLŽŒŒMÌÍM‹ŽMŒÌKLËŒNËL‹ŒL‹ŒMLŽŒŒMÌÍMËKŒLÌML‹ŒŒÌ‹L‹ŒL‹ŒMLŽŒŒMÌÍNŽÌŒÌËËŽÌLŒKL‹ŒL‹ŒMLŽŒŒMÌÍNKŒMÎK‹ŒŽLÍKL‹ŒL‹ŒMLŽŒŒMÌÍŒËŒLLÌÍÍŽML‹ŒL‹ŒMLŽŒŒMÌÍŒKLÌLLÌ‹KLLÍM‹L‹ŒL‹ŒMLŽŒŒMÌÍŒ‹‹ÎNLL‹LŒÍÌÎL‹ŒL‹ŒMLŽŒŒMÌÍŒËKŒËLKŒŒLLMKL‹ŒL‹ŒMLŽŒŒMÌÍMŽNLËÌÍKL‹ŒL‹ŒMLŽŒŒMÌÍKËNMÌKŒÍLLÎMËL‹ŒL‹ŒMLŽŒŒMÌÍ‹ŽNNM‹ŽLŒNL‹ŒL‹ŒMLŽŒŒMÌÍËKŒÎLÍÌËMN‹L‹ŒL‹ŒMLŽŒŒMÌÍŽËŒÌÌMÌLKŽLNÎL‹ŒL‹ŒMLŽŒŒMÌÍŽKKŒMNLLNÌÍL‹ŒL‹ŒMLŽŒŒMÌÍÌLŒÍÌÌLËKÍŽLKL‹ŒL‹ŒMLŽŒŒMÌÍÌK‹ŒÌLÍKËŒÎŽËL‹ŒL‹ŒMLŽŒŒMÌÍÌ‹ËŒMMKŒŒÍŒL‹ŒL‹ŒMLŽŒŒMÌÍÌËŒMÍÍËŒNML‹ŒL‹ŒMLŽŒŒMÌÍÍËŽMÌMËŒLÌÎKL‹ŒL‹ŒMLŽŒŒMÌÍÍKLŒLNLMLËL‹MÌŽËL‹ŒL‹ŒMLŽŒŒMÌÍÍ‹ŒŒL‹ŒL‹ŒMLŽŒŒMÌÍÍËLKŒLËKŒLÍÎNËL‹ŒL‹ŒMLŽŒŒMÌÍÎ‹ÎMÍÌKLŽMÍŽLKL‹ŒL‹ŒMLŽŒŒMÌÍÎKLËŽMŒ‹LKŒÎNML‹L‹ŒL‹ŒMLŽŒŒMÌÎ‹ŒÎM‹LÎLNL‹ŒL‹ŒMLŽŒŒMÌÎKLŽMŒÌÎKM‹ŒŽMËL‹ŒL‹ŒMLŽŒŒMÌÎ‹LËŽMÌŒŽL‹ŒÌÎN‹L‹ŒL‹ŒMLŽŒŒMÌÎËLËŒNMÍÌÎKLKÍŒMNKL‹ŒL‹ŒMLŽŒŒMÌÎŒÍKLŽŒÌÌÌKL‹ŒL‹ŒMLŽŒŒMÌÎKLËLÍNŒLÍM‹L‹ŒL‹ŒMLŽŒŒMÌÎ‹KŒLM‹LKŒÍÎMŒ‹L‹ŒL‹ŒMLŽŒŒMÌÎËLKŽMŒNËLËÌMÎKL‹ŒL‹ŒMLŽŒŒMÌÎLËŒÌŒLM‹LKŒÌMÌ‹L‹ŒL‹ŒMLŽŒŒMÌÎKLŽNÌÍKLKÌÌMËL‹ŒL‹ŒMLŽŒŒMÌÎLLMNMËLËL‹ŒL‹ŒMLŽŒŒMÌÎLKLKŽMÌËKŒMMŽKL‹ŒL‹ŒMLŽŒŒMÌÎL‹KŽNLŒŒËLKKL‹ŒL‹ŒMLŽŒŒMÌÎLËŒŒL‹ŒL‹ŒMLŽŒŒMÌÎMLŽLLÌËŽLËL‹ŒL‹ŒMLŽŒŒMÌÎMKLŽLŒÍÎLŒÌLL‹ŒL‹ŒMLŽŒŒMÌÎM‹KŒŒŒÌMËŒÎÎLËL‹ŒL‹ŒMLŽŒŒMÌÎMËL‹ŒŒÍËŒNÌLËL‹ŒL‹ŒMLŽŒŒMÌÎNKMMÌLLŽNÎL‹ŒL‹ŒMLŽŒŒMÌÎNKLKLKLKŒLÌŒËL‹ŒL‹ŒMLŽŒŒMÍL‹ŽŒËLŽMŽKL‹ŒL‹ŒMLŽŒŒMÍKŒŒÌÌLËŒÌMNL‹ŒL‹ŒMLŽŒŒMÍ‹ŒŒL‹ŒL‹ŒMLŽŒŒMÍËLËŽÌÌMKLŒÎÍLËL‹ŒL‹ŒMLŽŒŒMÍÌMÌÍ‹LKÌML‹ŒL‹ŒMLŽŒŒMÍKLKŒŒÌÍ‹L‹ŽMLŒŒŒ‹L‹ŒL‹ŒMLŽŒŒMÍ‹LËŒÌÍŽM‹LŽÍNL‹ŒL‹ŒMLŽŒŒMÍËL‹LKŒÌLÍKL‹ŒL‹ŒMLŽŒŒMÍLŽLLÌ‹LŽMLL‹ŒL‹ŒMLŽŒŒMÍKL‹MÍLLŒLÌŒ‹L‹ŒL‹ŒMLŽŒŒMÍLLŒLŒMKLKŒŒËL‹ŒL‹ŒMLŽŒŒMÍLKLNMŽMŒKMŽMŽNKL‹ŒL‹ŒMLŽŒŒMÍL‹L‹ŒÍÍŒŒËŒMLÍKL‹ŒL‹ŒMLŽŒŒMÍLËKLMNLÌ‹ÍÌMÎL‹ŒL‹ŒMLŽŒŒMÍM‹ŒÌNKLŒÍŒÌËL‹ŒL‹ŒMLŽŒŒMÍMKLŒÍŽMMKŒŒÌŽML‹ŒL‹ŒMLŽŒŒMÍM‹‹ŒLNKLŒLMËL‹ŒL‹ŒMLŽŒŒMÍMËMËLŒÍÎËL‹ŒL‹ŒMLŽŒŒMÍNL‹ŽMÌÎKKÌÎNKL‹ŒL‹ŒMLŽŒŒMÍNKLKMŒNMŒËŒLLLLKL‹ŒL‹ŒMLŽŒŒMÍŒŽLŒLMKLKŒNMMÍËL‹ŒL‹ŒMLŽŒŒMÍŒKLLŒNKL‹ŒLNËL‹ŒL‹ŒMLŽŒŒMÍŒ‹KŽŒMÍÌMLL‹ŒL‹ŒMLŽŒŒMÍŒËKŒNL‹ŽMÎL‹L‹ŒL‹ŒMLŽŒŒMÍL‹ÍMŒËLKŒMÌKL‹ŒL‹ŒMLŽŒŒMÍKŒMÍÌÌËŽMÍLKL‹ŒL‹ŒMLŽŒŒMÍ‹‹LÍŒÌKŒÌÍŒKL‹ŒL‹ŒMLŽŒŒMÍËL‹LÍMŽŒŒLÍ‹L‹ŒL‹ŒMLŽŒŒMÍŽ‹ŽM‹KMML‹L‹ŒL‹ŒMLŽŒŒMÍŽKL‹LÌÍL‹MNMÎLL‹ŒL‹ŒMLŽŒŒMÍÌŒŒL‹ŒL‹ŒMLŽŒŒMÍÌKLKŒMÌLK‹ŒÌMÍKL‹ŒL‹ŒMLŽŒŒMÍÌ‹LÍÌÍKLŒÎMŽKL‹ŒL‹ŒMLŽŒŒMÍÌËLKŒŒ‹LŒÌMÌŽ‹L‹ŒL‹ŒMLŽŒŒMÍÍ‹ŒLŒNMKLMÌMŽKL‹ŒL‹ŒMLŽŒŒMÍÍKLKŽM‹LKŽNŽLÍL‹ŒL‹ŒMLŽŒŒMÍÍ‹LKNMLKLŒMMÌLLËL‹ŒL‹ŒMLŽŒŒMÍÍËËNNŽ‹ŒŒÍŽL‹ŒL‹ŒMLŽŒŒMÍÎËŽNLÌLŒÍNLLL‹ŒL‹ŒMLŽŒŒMÍÎKLKŒMÌÎMML‹ŒL‹ŒMLŽŒŒMÍŒLMMŽKKÎLÎKL‹ŒL‹ŒMLŽŒŒMÍKÎLÍLËÎLÍËL‹ŒL‹ŒMLŽŒŒMÍ‹LKŒÍÍLKŒÌÌNML‹ŒL‹ŒMLŽŒŒMÍËKŽNÎL‹KŽLMÌL‹ŒL‹ŒMLŽŒŒMÍ‹MÍMN‹ŽMNNN‹L‹ŒL‹ŒMLŽŒŒMÍKLŽLÍÎMËKŽMŽMMŽKL‹ŒL‹ŒMLŽŒŒMÍ‹KŽMŒÌLKLŒÍŽNËL‹ŒL‹ŒMLŽŒŒMÍË‹ŒMÎLLËŒÍLL‹ŒL‹ŒMLŽŒŒMÍLLÍLLL‹ŒÌMÎ‹L‹ŒL‹ŒMLŽŒŒMÍKKÌÍÍÎKËŒMLNNKL‹ŒL‹ŒMLŽŒŒMÍLËÎ‹LŒÎMNML‹ŒL‹ŒMLŽŒŒMÍLKLŽNLÎNL‹KŒÍÌÍNNL‹ŒL‹ŒMLŽŒŒMÍL‹LN‹LËÍÌL‹ŒL‹ŒMLŽŒŒMÍLËKÎÎKLKŒŒMNMKL‹ŒL‹ŒMLŽŒŒMÍMKNNMÍŽŒÌNŽL‹ŒL‹ŒMLŽŒŒMÍMKŒŒL‹ŒL‹ŒMLŽŒŒMÍM‹KŽLÌŒŽLLŒŒL‹L‹ŒL‹ŒMLŽŒŒMÍMËLŒŒÎÎKŒÍÍÌ‹L‹ŒL‹ŒMLŽŒŒMÍN‹ŒMÍLKŒMŒŒ‹L‹ŒL‹ŒMLŽŒŒMÍNKLŒLLML‹ŒLÍML‹ŒL‹ŒMLŽŒŒMÍŒŒLM‹ŒMŒ‹L‹ŒL‹ŒMLŽŒŒMÍŒK‹ÍŒLŒ‹ËŽLŽÍ‹L‹ŒL‹ŒMLŽŒŒMÍŒ‹ŽLNŽŽÍ‹L‹ŒL‹ŒMLŽŒŒMÍŒËKŒMNMŒ‹ŽLÍÍÍL‹ŒL‹ŒMLŽŒŒMÍŒŒL‹ŒL‹ŒMLŽŒŒMÍKKŒŒLMKLÌŒŒËL‹ŒL‹ŒMLŽŒŒMÍ‹NML‹ŒLLÌML‹ŒL‹ŒMLŽŒŒMÍËKŽMŒML‹ËŒŒŽMÌL‹ŒL‹ŒMLŽŒŒMÍŽ‹ŽNLŽËKŒMLÌKL‹ŒL‹ŒMLŽŒŒMÍŽKŒŒLÍLK‹ÎMÌKL‹ŒL‹ŒMLŽŒŒMÍÌŽŒKŒÎNŽL‹ŒL‹ŒMLŽŒŒMÍÌKLÌMÌMLËŒMMLŒL‹ŒL‹ŒMLŽŒŒMÍÌ‹ŒŒL‹ŒL‹ŒMLŽŒŒMÍÌËLKŽMÌMLKŒÌMŒËL‹ŒL‹ŒMLŽŒŒMÍÍËŒŽMÍLKŒLMŽLŒ‹L‹ŒL‹ŒMLŽŒŒMÍÍKMKLLL‹ŽŒL‹ŒL‹ŒMLŽŒŒMÍÍ‹ŒŒL‹ŒL‹ŒMLŽŒŒMÍÍËLKŒÌŽMMM‹NMM‹L‹ŒL‹ŒMLŽŒŒMÍÎMNMMÌ‹LKŽLÎŒL‹ŒL‹ŒMLŽŒŒMÍÎKLËŒÌŒŒKLKŒÌLÌMËL‹ŒL‹ŒMLŽŒŒMÍ‹ŒLLŒËŒMMŽKL‹ŒL‹ŒMLŽŒŒMÍKLËŒLŒÌÌËLLÍKL‹ŒL‹ŒMLŽŒŒMÍ‹KŽMÍŒKLŽLLŒŒKL‹ŒL‹ŒMLŽŒŒMÍËLŽLÍÍNNKL‹ŽÌŒÎLKL‹ŒL‹ŒMLŽŒŒMÍL‹ŽÍÌLŒ‹LKMŽL‹ŒL‹ŒMLŽŒŒMÍKLKŒNŽMËLKŽÌMKL‹ŒL‹ŒMLŽŒŒMÍ‹LŒLLÌLŽŒÌNL‹ŒL‹ŒMLŽŒŒMÍËLKŽMNÌÎKKŒÍŒÍËL‹ŒL‹ŒMLŽŒŒMÍ‹ŒÍÌNLËLKLÌÌKL‹ŒL‹ŒMLŽŒŒMÍKLŒNLL‹ŒNM‹L‹ŒL‹ŒMLŽŒŒMÍLLMM‹ŽNÍÍ‹L‹ŒL‹ŒMLŽŒŒMÍLKLŽŒLŒÌL‹ŒL‹ŒMLŽŒŒMÍL‹ŒÌM‹KŽNM‹L‹ŒL‹ŒMLŽŒŒMÍLËL‹ŒŽNLËÎMKL‹ŒL‹ŒMLŽŒŒMÍMLŒÎÍMËL‹ŒŒMÎŽKL‹ŒL‹ŒMLŽŒŒMÍMKLKŒLÎLKŽLŒŽMÌ‹L‹ŒL‹ŒMLŽŒŒMÍM‹L‹ÌŒ‹LLÌÌÌM‹L‹ŒL‹ŒMLŽŒŒMÍMËLŽLNKKŽLLŽLKL‹ŒL‹ŒMLŽŒŒMÍNŒŒL‹ŒL‹ŒMLŽŒŒMÍNKMŒLÍMÌKLMŒŽËL‹ŒL‹ŒMLŽŒŒMÍLKLÍKLŽÌKL‹ŒL‹ŒMLŽŒŒMÍLKLMÍM‹L‹ÌMŽNNL‹ŒL‹ŒMLŽŒŒMÍL‹ŒŒL‹ŒL‹ŒMLŽŒŒMÍLËL‹ŒŒÌÌNKLŒŽÌÌËL‹ŒL‹ŒMLŽŒŒMÍLŒŒL‹ŒL‹ŒMLŽŒŒMÍLKLKNMÍŒKMÍÌÎKL‹ŒL‹ŒMLŽŒŒMÍL‹ŒŒL‹ŒL‹ŒMLŽŒŒMÍLËLMKMMŽKL‹ŒL‹ŒMLŽŒŒMÍLŒŒL‹ŒL‹ŒMLŽŒŒMÍLKKŒŒ‹‹ŒNMÌLŽL‹ŒL‹ŒMLŽŒŒMÍLLŒŒL‹ŒL‹ŒMLŽŒŒMÍLLKL‹ŒŒÌMŒÍKLŒŒÎMÎKL‹ŒL‹ŒMLŽŒŒMÍLL‹ŒŒL‹ŒL‹ŒMLŽŒŒMÍLLËŒŒÍLÍŒËLÎNLKL‹ŒL‹ŒMLŽŒŒMÍLMŒŒL‹ŒL‹ŒMLŽŒŒMÍLMKLKÌŽŒŽL‹ŒL‹ŒMLŽŒŒMÍLM‹‹ŒNLÍŒŒLÍL‹L‹ŒL‹ŒMLŽŒŒMÍLMËLŒL‹NLÍML‹ŒL‹ŒMLŽŒŒMÍLN‹ŒNMËKŒÍLKL‹ŒL‹ŒMLŽŒŒMÍLNKŽLÌËLËŒNLÎMËL‹ŒL‹ŒMLŽŒŒMÍLŒLËMMLL‹ŒÍMŽL‹L‹ŒL‹ŒMLŽŒŒMÍLŒKLŒŒÍMÍŒL‹ŒL‹ŒMLŽŒŒMÍLŒ‹‹MNMÌKMKL‹ŒL‹ŒMLŽŒŒMÍLŒËL‹ŒNŒKŒMLËL‹ŒL‹ŒMLŽŒŒMÍLËŒÍLÌ‹ŽLLNL‹ŒL‹ŒMLŽŒŒMÍLKL‹MÍMKMKŒLÌŒKL‹ŒL‹ŒMLŽŒŒMÍL‹L‹ŒMÎLËKŒÍÍŒËL‹ŒL‹ŒMLŽŒŒMÍLËLKŒŽLÎLË‹ŒMÎKL‹ŒL‹ŒMLŽŒŒMÍLŽŒLL‹ŒÍÌMNL‹ŒL‹ŒMLŽŒŒMÍLŽKLKŽŒNMËLŒÎLMËL‹ŒL‹ŒMLŽŒŒMÍLÌ‹NM‹LÌ‹L‹ŒL‹ŒMLŽŒŒMÍLÌKLKŒÎMŽLKLKÍÌŒKL‹ŒL‹ŒMLŽŒŒMÍLÌ‹L‹ŒMMKLŒNKL‹ŒL‹ŒMLŽŒŒMÍLÌË‹ŽMMÍË‹ŒŒLNKL‹ŒL‹ŒMLŽŒŒMÍLÍŒÎMÎMLMMŒL‹ŒL‹ŒMLŽŒŒMÍLÍKLKÍLŽLKŒÍMËL‹ŒL‹ŒMLŽŒŒMÍLÍ‹ËŽNLŒŽLKKŒÍÍËL‹ŒL‹ŒMLŽŒŒMÍLÍËŒŒÌÍŒLŒL‹ŒL‹ŒMLŽŒŒMÍLÎLKMÌKLLL‹ŒL‹ŒMLŽŒŒMÍLÎKKŽNLÎMÌKŽMNM‹L‹ŒL‹ŒMLŽŒŒMÍMKÍKLKLÍŒŒËL‹ŒL‹ŒMLŽŒŒMÍMKLŽÎLÍÌ‹‹ŒÍNML‹ŒL‹ŒMLŽŒŒMÍM‹KŒŽMÌŽKLKŒÌNNÍËL‹ŒL‹ŒMLŽŒŒMÍMËKŒŒMËLËÎNLKL‹ŒL‹ŒMLŽŒŒMÍMLNÌKŒŽMËL‹ŒL‹ŒMLŽŒŒMÍMKKŽNM‹‹ŽÌŽL‹ŒL‹ŒMLŽŒŒMÍM‹ËŒÍÌÍMLŒNÎ‹L‹ŒL‹ŒMLŽŒŒMÍMËLKÌL‹KŒLÌŒL‹ŒL‹ŒMLŽŒŒMÍMŽNMŒKLËŒÎMKL‹ŒL‹ŒMLŽŒŒMÍMKŒŒL‹ŒL‹ŒMLŽŒŒMÍMLŒÍMMŒ‹ŽNMŒ‹L‹ŒL‹ŒMLŽŒŒMÍMLKLLLNËŽLÍËL‹ŒL‹ŒMLŽŒŒMÍML‹KŒÍÍÍ‹LLMNÍL‹ŒL‹ŒMLŽŒŒMÍMLËLŽLLL‹LÍ‹L‹ŒL‹ŒMLŽŒŒMÍMMŒŒL‹ŒL‹ŒMLŽŒŒMÍMMKKŒMÍLKŒÍÎMÌL‹ŒL‹ŒMLŽŒŒMÍMM‹LŒÍÍŒÌM‹LŒ‹L‹ŒL‹ŒMLŽŒŒMÍMMËKŒŒMÍLŒKKNLKL‹ŒL‹ŒMLŽŒŒMÍMNKNLNNNKKŒMÌMKL‹ŒL‹ŒMLŽŒŒMÍMNKŒŒMÌLÌ‹‹ŒŒML‹ŒL‹ŒMLŽŒŒMÍMŒËLÍŒ‹LKMMMŽL‹ŒL‹ŒMLŽŒŒMÍMŒKKŒÎM‹LŒÍÌŒNL‹ŒL‹ŒMLŽŒŒMÍMŒ‹‹ŒLŒÎKËÌÍŒKL‹ŒL‹ŒMLŽŒŒMÍMŒËËMMÌÍLËŽNŽLËL‹ŒL‹ŒMLŽŒŒMÍMËŒÌÌ‹LŽML‹ŒL‹ŒMLŽŒŒMÍMKKŒÍÌÌKËMMÍŽËL‹ŒL‹ŒMLŽŒŒMÍM‹KMÎM‹‹ŽLÎMLL‹ŒL‹ŒMLŽŒŒMÍMËÌL‹ŒNLL‹ŒL‹ŒMLŽŒŒMÍMŽŒÎNŒL‹KŒMÍMÍL‹ŒL‹ŒMLŽŒŒMÍMŽKLKŒMMKŒÍLŒLL‹ŒL‹ŒMLŽŒŒMÍMÌ‹ÌÎŒLKŒÌMNL‹L‹ŒL‹ŒMLŽŒŒMÍMÌKŒŒL‹ŒL‹ŒMLŽŒŒMÍMÌ‹KLÍÌLMËLKNLKL‹ŒL‹ŒMLŽŒŒMÍMÌËLKŽÌÌÎKMËŒÎNNKL‹ŒL‹ŒMLŽŒŒMÍMÍMŽMMMML‹ÍLÌŒŽL‹ŒL‹ŒMLŽŒŒMÍMÍKL‹ŽMLLKŒÍLÍÎ‹L‹ŒL‹ŒMLŽŒŒMÍMÍ‹ŒŽKLŽLŽKL‹ŒL‹ŒMLŽŒŒMÍMÍËLËLLŒMMML‹L‹ŒL‹ŒMLŽŒŒMÍMÎÎMÌËLKŽÌMMŽKL‹ŒL‹ŒMLŽŒŒMÍMÎKLKŽMNMÌ‹MŒÌLÌML‹ŒL‹ŒMLŽŒŒMÍNLËŒL‹LKÌÌL‹ŒL‹ŒMLŽŒŒMÍNKLŽKLKŒÎŽMËL‹ŒL‹ŒMLŽŒŒMÍN‹LŒÌMÍ‹LKŒÍÎ‹L‹ŒL‹ŒMLŽŒŒMÍNËL‹ŒNÎKŒŒLÍL‹ŒL‹ŒMLŽŒŒMÍNKŒŽMÍŒKL‹ŒÍÍŽMËL‹ŒL‹ŒMLŽŒŒMÍNKLŽÍMÌL‹ŒLNÌ‹L‹ŒL‹ŒMLŽŒŒMÍN‹LKÌÍŒML‹LÌL‹L‹ŒL‹ŒMLŽŒŒMÍNËLKŽÌMÍËLKNMËL‹ŒL‹ŒMLŽŒŒMÍNKŒMÌNNNŒLLÍ‹L‹ŒL‹ŒMLŽŒŒMÍNKL‹ŒŽLMŒËŒÌÌÌLÎKL‹ŒL‹ŒMLŽŒŒMÍNLŒLNKL‹ŒŒŒÌNKL‹ŒL‹ŒMLŽŒŒMÍNLKLKŒÍŒÍÎKLKMÎNKL‹ŒL‹ŒMLŽŒŒMÍNL‹LËŒŽMŒËLKÌMÌKL‹ŒL‹ŒMLŽŒŒMÍNLËLKNMËKŽLÌŒÌKL‹ŒL‹ŒMLŽŒŒMÍNM‹ŒMMŽMKŒŒML‹ŒL‹ŒMLŽŒŒMÍNMKŒŒL‹ŒL‹ŒMLŽŒŒMÍNM‹ŒŒL‹ŒL‹ŒMLŽŒŒMÍNMËLKŒÍÎLLËÌÌL‹ŒL‹ŒMLŽŒŒMÍNNLËŒMLÌÍ‹LŽLÌÌL‹ŒL‹ŒMLŽŒŒMÍNNKL‹ŒÎLÌLNŽLÌ‹L‹ŒL‹ŒMLŽŒŒMÍŒLKŒLÌMŒM‹L‹ŒL‹ŒMLŽŒŒMÍŒKŒŒL‹ŒL‹ŒMLŽŒŒMÍŒ‹LKŒM‹L‹ŒÌŒMŽL‹L‹ŒL‹ŒMLŽŒŒMÍŒËLKŒLLKMKMËL‹ŒL‹ŒMLŽŒŒMÍŒL‹ŽÌMÌÌKŒLÎŽKL‹ŒL‹ŒMLŽŒŒMÍŒKKŒÌ‹KŽÍLL‹ŒL‹ŒMLŽŒŒMÍŒ‹‹ŒÍÍMÌËLŒŒÍÎKL‹ŒL‹ŒMLŽŒŒMÍŒËŒŒL‹ŒL‹ŒMLŽŒŒMÍŒKÎNËLŽNMLËL‹ŒL‹ŒMLŽŒŒMÍŒKŒÍÍMÌLKŒÌM‹L‹ŒL‹ŒMLŽŒŒMÍŒLLËŒNMÍËŒÍLÌŽKL‹ŒL‹ŒMLŽŒŒMÍŒLKL‹MLÍMKLŒÍÍLËL‹ŒL‹ŒMLŽŒŒMÍŒL‹ŒŒL‹ŒL‹ŒMLŽŒŒMÍŒLËLŒŒŽLËL‹ŒÌLKL‹ŒL‹ŒMLŽŒŒMÍŒMKLMŽKLŒMŒKL‹ŒL‹ŒMLŽŒŒMÍŒMKÎMŒMËLËNMÍNMKL‹ŒL‹ŒMLŽŒŒMÍŒM‹LËMLKÍÍLN‹L‹ŒL‹ŒMLŽŒŒMÍŒMËLŒMÌMÎ‹ÎŒL‹ŒL‹ŒMLŽŒŒMÍŒN‹ŒLŽMN‹ŒŽNŒ‹L‹ŒL‹ŒMLŽŒŒMÍŒNKL‹ŒÎÌŒ‹NÌŒŽL‹ŒL‹ŒMLŽŒŒMÍŒŒ‹KMÍLÌKL‹ŒL‹ŒMLŽŒŒMÍŒŒKL‹MÍËMKŒMMLËL‹ŒL‹ŒMLŽŒŒMÍŒŒ‹LKŽNÎMNKKŒÍÌMËL‹ŒL‹ŒMLŽŒŒMÍŒŒËLKŒLL‹‹ŒLLLML‹ŒL‹ŒMLŽŒŒMÍŒLÎKKŒÍÎMMKL‹ŒL‹ŒMLŽŒŒMÍŒKLŒNÌ‹ŒÍÍL‹ŒL‹ŒMLŽŒŒMÍŒ‹‹ÌMŒÌÌKLŒÍKL‹ŒL‹ŒMLŽŒŒMÍŒËL‹ŒNML‹LÌNL‹ŒL‹ŒMLŽŒŒMÍŒŽL‹ÌLŽËLÎËL‹ŒL‹ŒMLŽŒŒMÍŒŽK‹LÌNKŽ‹L‹ŒL‹ŒMLŽŒŒMÍŒÌËŒÍMLMŒËLMÍKL‹ŒL‹ŒMLŽŒŒMÍŒÌKL‹LMLŒŒŒÌ‹L‹ŒL‹ŒMLŽŒŒMÍŒÌ‹ËŒLMŽNLŒL‹ŒL‹ŒMLŽŒŒMÍŒÌËŒLÍÎKNMÌÍKL‹ŒL‹ŒMLŽŒŒMÍŒÍLKŒÌLLŒKLÌŒÌNL‹ŒL‹ŒMLŽŒŒMÍŒÍKKŽÌMKKŒLLŒKL‹ŒL‹ŒMLŽŒŒMÍŒÍ‹KLLMNLKŒÍLNLŒL‹ŒL‹ŒMLŽŒŒMÍŒÍËLŽMMÌ‹ŒLÎL‹ŒL‹ŒMLŽŒŒMÍŒÎKNMÍ‹LÍ‹L‹ŒL‹ŒMLŽŒŒMÍŒÎKŒŒL‹ŒL‹ŒMLŽŒŒMÍMÌLÍ‹KŒMÎ‹L‹ŒL‹ŒMLŽŒŒMÍK‹ŒMÌÎKËŒÍMÌŒÌKL‹ŒL‹ŒMLŽŒŒMÍ‹ŒŒÌŽÌËŒÌÌÌÍKL‹ŒL‹ŒMLŽŒŒMÍËLKŒLMÌKKŒŒÍKL‹ŒL‹ŒMLŽŒŒMÍKŒN‹LËŒÎL‹L‹ŒL‹ŒMLŽŒŒMÍKKNÍLMLKLÍŒLL‹ŒL‹ŒMLŽŒŒMÍ‹KLÎMLËŒMÌÌÌKL‹ŒL‹ŒMLŽŒŒMÍËŒÌNLLËKŒMÎËL‹ŒL‹ŒMLŽŒŒMÍËŒLLLÌ‹KŒMŒÍL‹ŒL‹ŒMLŽŒŒMÍKKÎŒÍ‹LŒÎÎL‹ŒL‹ŒMLŽŒŒMÍLËNM‹ŒÍÌL‹L‹ŒL‹ŒMLŽŒŒMÍLKKMŒMNKLŽMŽLÎKL‹ŒL‹ŒMLŽŒŒMÍL‹‹ŒÌŒMKŽMML‹ŒL‹ŒMLŽŒŒMÍLËMÌNŽMMMÍÍL‹ŒL‹ŒMLŽŒŒMÍMKŽMŒMKKMŒKL‹ŒL‹ŒMLŽŒŒMÍMK‹ŒÍNËËLÍŽKL‹ŒL‹ŒMLŽŒŒMÍM‹ŒMŒMŽLLŒLÍMÍŒ‹L‹ŒL‹ŒMLŽŒŒMÍMË‹ËLŒŽKL‹ŒL‹ŒMLŽŒŒMÍNKŒLÍNNL‹‹ŒŒÌNML‹ŒL‹ŒMLŽŒŒMÍNKËŒŒLËŽNMÎLÌL‹ŒL‹ŒMLŽŒŒMÍŒŒŽNMÍŒ‹ŒLŒ‹L‹ŒL‹ŒMLŽŒŒMÍŒKŽLŒK‹ŽŒLŽMËL‹ŒL‹ŒMLŽŒŒMÍŒ‹ŒLÍMNKKŒÍÌLŒKL‹ŒL‹ŒMLŽŒŒMÍŒËLNMMÎL‹ŽNMŽL‹ŒL‹ŒMLŽŒŒMÍLŒMMMÌËKŒMÌLMÎKL‹ŒL‹ŒMLŽŒŒMÍKLKŒÍŒŽKŒLNKL‹ŒL‹ŒMLŽŒŒMÍ‹KŽMÌKLKŽNMÍKL‹ŒL‹ŒMLŽŒŒMÍËMKŒLÌKL‹MÌKL‹ŒL‹ŒMLŽŒŒMÍŽKŒNÍLKŒÎL‹ŒL‹ŒMLŽŒŒMÍŽKLKÌŒÌMËŒLÌŽML‹ŒL‹ŒMLŽŒŒMÍÌMKŒMLKL‹ŒÌÌÌÍËL‹ŒL‹ŒMLŽŒŒMÍÌKŒŒL‹ŒL‹ŒMLŽŒŒMÍÌ‹KŒNLÌ‹LŒŒÌŽML‹ŒL‹ŒMLŽŒŒMÍÌËLËÌMNKŒLÌËL‹ŒL‹ŒMLŽŒŒMÍÍKÍŽŒKLKŒÍÌMËL‹ŒL‹ŒMLŽŒŒMÍÍKLKMÌÎLËNÌL‹L‹ŒL‹ŒMLŽŒŒMÍÍ‹LŒÎLÌÍÌKLŒLLËL‹ŒL‹ŒMLŽŒŒMÍÍËŒŒL‹ŒL‹ŒMLŽŒŒMÍÎŒLML‹LŽŒL‹ŒL‹ŒMLŽŒŒMÍÎKLKÍÎNÍKKMËL‹ŒL‹ŒMLŽŒŒMÍŽKŒŒŒNKL‹LMÌËL‹ŒL‹ŒMLŽŒŒMÍŽKLŽŽMNL‹ŽŒÌM‹L‹ŒL‹ŒMLŽŒŒMÍŽ‹L‹ŒÌÍLŒÍÌLL‹ŒL‹ŒMLŽŒŒMÍŽËLKŒÎNNNKLŽLÍÌËL‹ŒL‹ŒMLŽŒŒMÍŽKNLLL‹ŒL‹ŒMLŽŒŒMÍŽKL‹ÍKŒÍËL‹ŒL‹ŒMLŽŒŒMÍŽ‹LMLÌ‹L‹ÌŒLNL‹ŒL‹ŒMLŽŒŒMÍŽËLKŒŽÎKL‹ŒŽLMËL‹ŒL‹ŒMLŽŒŒMÍŽLËMÍLËŒŒÌŒL‹ŒL‹ŒMLŽŒŒMÍŽKLŽMMÌ‹KÍÌL‹L‹ŒL‹ŒMLŽŒŒMÍŽLKŒMŒMËKŒLMNKL‹ŒL‹ŒMLŽŒŒMÍŽLKLËÌÍMLËLMÌŽKL‹ŒL‹ŒMLŽŒŒMÍŽL‹ŽÌŒŽËLKŒLLLËL‹ŒL‹ŒMLŽŒŒMÍŽLËLÎ‹L‹MŒÍ‹L‹ŒL‹ŒMLŽŒŒMÍŽMŒŒL‹ŒL‹ŒMLŽŒŒMÍŽMKL‹ŒŒÌŒËLŒŽMÍŒËL‹ŒL‹ŒMLŽŒŒMÍŽM‹ŒŒL‹ŒL‹ŒMLŽŒŒMÍŽMËŒŒL‹ŒL‹ŒMLŽŒŒMÍŽNŒŒL‹ŒL‹ŒMLŽŒŒMÍŽNKŒNLÍŒKLËŽLMŒMËL‹ŒL‹ŒMLŽŒŒMÍÌŒŒL‹ŒL‹ŒMLŽŒŒMÍÌKKÍÌŽK‹LŒLÌÌKL‹ŒL‹ŒMLŽŒŒMÍÌ‹ŒŒL‹ŒL‹ŒMLŽŒŒMÍÌËLKLÌMŒÌÌÎN‹L‹ŒL‹ŒMLŽŒŒMÍÌŒŒL‹ŒL‹ŒMLŽŒŒMÍÌKKŒLŽLŒNLÎMML‹ŒL‹ŒMLŽŒŒMÍÌ‹L‹ŽNËKŒNLKL‹ŒL‹ŒMLŽŒŒMÍÌËLKŒMÌÍÌKÌŽMKL‹ŒL‹ŒMLŽŒŒMÍÌŒÎLŒÍËLKÌÍÍMKL‹ŒL‹ŒMLŽŒŒMÍÌKLÍNLÍL‹ŒÌLÍML‹ŒL‹ŒMLŽŒŒMÍÌL‹ŒNMNLKLNÍËL‹ŒL‹ŒMLŽŒŒMÍÌLKŽNMÌLËL‹ŽMŒÍÍËL‹ŒL‹ŒMLŽŒŒMÍÌL‹LËŒÌŒŒKL‹ŒLLËL‹ŒL‹ŒMLŽŒŒMÍÌLËŒLŒMMKŽNMÌMKL‹ŒL‹ŒMLŽŒŒMÍÌM‹ŒÍMLMËMMMLËL‹ŒL‹ŒMLŽŒŒMÍÌMKL‹ŒLÌŒÍŽŒÍMNL‹ŒL‹ŒMLŽŒŒMÍÌM‹‹ŒLËŒÍŒŒÍLKL‹ŒL‹ŒMLŽŒŒMÍÌMËLKŽNM‹MŒÌŒLÍL‹ŒL‹ŒMLŽŒŒMÍÌNLKÍ‹ŒNMÌÍ‹L‹ŒL‹ŒMLŽŒŒMÍÌNKLKNÎ‹‹ŒMŒÍL‹ŒL‹ŒMLŽŒŒMÍÌŒKŒŒMKŒNL‹ŒL‹ŒMLŽŒŒMÍÌŒKLKŒŒÍLŒËŒÎMËL‹ŒL‹ŒMLŽŒŒMÍÌŒ‹‹LLËLŒMÍÍÍKL‹ŒL‹ŒMLŽŒŒMÍÌŒËLKŒMŒMNKLKŽLÌÍKL‹ŒL‹ŒMLŽŒŒMÍÌL‹ŒŽÌKLÍLŒËL‹ŒL‹ŒMLŽŒŒMÍÌK‹LÌKMMÌÍ‹L‹ŒL‹ŒMLŽŒŒMÍÌ‹ËÍÌŽKLÌÌMNKL‹ŒL‹ŒMLŽŒŒMÍÌËL‹ŒLŒMŽŒLL‹ŒL‹ŒMLŽŒŒMÍÌŽËŒÍÌÍŒKŒLÎL‹ŒL‹ŒMLŽŒŒMÍÌŽKŒML‹ŒÌÍMŒÌ‹L‹ŒL‹ŒMLŽŒŒMÍÌÌLKŒMKKLÍMKL‹ŒL‹ŒMLŽŒŒMÍÌÌKKŽLLÌL‹KŽŒM‹L‹ŒL‹ŒMLŽŒŒMÍÌÌ‹KÌLLNLKŒMÎMNL‹ŒL‹ŒMLŽŒŒMÍÌÌËLKŒÍŽNKKÌKL‹ŒL‹ŒMLŽŒŒMÍÌÍKŒÌLLÎLKŒŒÌŽLL‹ŒL‹ŒMLŽŒŒMÍÌÍK‹ŒNMMKL‹ÌŒŒÌKL‹ŒL‹ŒMLŽŒŒMÍÌÍ‹LÎNMŒNLLÌ‹L‹ŒL‹ŒMLŽŒŒMÍÌÍËKÎMMKËŒÌÌLËL‹ŒL‹ŒMLŽŒŒMÍÌÎŒNNŒŒŒÍŒ‹L‹ŒL‹ŒMLŽŒŒMÍÌÎKLMÌŒÍŽKKLLÍËL‹ŒL‹ŒMLŽŒŒMÍÍŒŒL‹ŒL‹ŒMLŽŒŒMÍÍK‹ŒNKLKMNLKL‹ŒL‹ŒMLŽŒŒMÍÍ‹ŽNËËŽŽLKL‹ŒL‹ŒMLŽŒŒMÍÍËLKŒÍLÌ‹LMÎ‹L‹ŒL‹ŒMLŽŒŒMÍÍ‹ŒMÍÍÍŒÌÎÎL‹ŒL‹ŒMLŽŒŒMÍÍKLLLNKŒŽ‹L‹ŒL‹ŒMLŽŒŒMÍÍ‹‹ŒŒÌ‹LŽMMŒNLL‹ŒL‹ŒMLŽŒŒMÍÍËMŒËLKŒÌŽNKL‹ŒL‹ŒMLŽŒŒMÍÍŒÍŒMÍŽÌ‹L‹ŒL‹ŒMLŽŒŒMÍÍKËŒŒÎMKŒÍÍMËL‹ŒL‹ŒMLŽŒŒMÍÍLŽMÍNKŽLMÎÎKL‹ŒL‹ŒMLŽŒŒMÍÍLKKÌLÎËL‹L‹ŒL‹ŒMLŽŒŒMÍÍL‹ËÎMÍËLŽËL‹ŒL‹ŒMLŽŒŒMÍÍLËKŽNMKLŒMŒMËL‹ŒL‹ŒMLŽŒŒMÍÍMÍŽNË‹ŒÍŒMËL‹ŒL‹ŒMLŽŒŒMÍÍMKËŒÎÍMÌÎL‹ŒL‹ŒMLŽŒŒMÍÍM‹‹ÌÌÍÎLËKŒŒMNKL‹ŒL‹ŒMLŽŒŒMÍÍMËÌÎLÌÎKËŒÌNNÌËL‹ŒL‹ŒMLŽŒŒMÍÍNÌÍLLMKŒŒMÌLL‹ŒL‹ŒMLŽŒŒMÍÍNKKŒŒÌ‹L‹ŒÍML‹L‹ŒL‹ŒMLŽŒŒMÍÍŒŒŒL‹ŒL‹ŒMLŽŒŒMÍÍŒKLKŒMMÍKLÍŒËL‹ŒL‹ŒMLŽŒŒMÍÍŒ‹ËŒLÌŒKLŽLMÌLËL‹ŒL‹ŒMLŽŒŒMÍÍŒËMKŒÌLÎKL‹ŒŽLËL‹ŒL‹ŒMLŽŒŒMÍÍŒŒL‹ŒL‹ŒMLŽŒŒMÍÍKŒŒL‹ŒL‹ŒMLŽŒŒMÍÍ‹MŒÌKLKŽMLNMKL‹ŒL‹ŒMLŽŒŒMÍÍËL‹NLÌMÎLŒLMLL‹ŒL‹ŒMLŽŒŒMÍÍŽŽLMLMÌKLŒŒŽLŒËL‹ŒL‹ŒMLŽŒŒMÍÍŽKL‹ŽNNÍÍL‹ŒL‹ŒMLŽŒŒMÍÍÌŽŽMKLKÍŽMKL‹ŒL‹ŒMLŽŒŒMÍÍÌKLKŒŽÍËLËŒMÌLÍËL‹ŒL‹ŒMLŽŒŒMÍÍÌ‹LËŒŒÎLKŒNLLÍL‹ŒL‹ŒMLŽŒŒMÍÍÌËLKŒÌŒMKLKÌLËL‹ŒL‹ŒMLŽŒŒMÍÍÍŒŒL‹ŒL‹ŒMLŽŒŒMÍÍÍKLKŽÍLŒKŒŽÍŽL‹ŒL‹ŒMLŽŒŒMÍÍÍ‹KŒLŒÌËL‹ŒÍLNLKL‹ŒL‹ŒMLŽŒŒMÍÍÍËLŒÍÎMËLKŒŒÍÍNKL‹ŒL‹ŒMLŽŒŒMÍÍÎLKŽNLËLLMKL‹ŒL‹ŒMLŽŒŒMÍÍÎKLŒÌŒNLKŒÍLÎL‹ŒL‹ŒMLŽŒŒMÍÎŽM‹LŒLŒLMLL‹ŒL‹ŒMLŽŒŒMÍÎKL‹ŒŒÌŽLËŒÍÍËL‹ŒL‹ŒMLŽŒŒMÍÎ‹LŒŒLŽL‹ŒÎMM‹L‹ŒL‹ŒMLŽŒŒMÍÎËLKŽMÎÌKL‹NLNKL‹ŒL‹ŒMLŽŒŒMÍÎLËMLŒ‹L‹ŒLŽ‹L‹ŒL‹ŒMLŽŒŒMÍÎKLÎMÍÌKKŽLÎÍŒËL‹ŒL‹ŒMLŽŒŒMÍÎ‹KÍÌŒNÍÌŒNL‹ŒL‹ŒMLŽŒŒMÍÎËLËŽNMŒŒ‹LKŒLMÎ‹L‹ŒL‹ŒMLŽŒŒMÍÎŒŒKLKŒMŒÌËL‹ŒL‹ŒMLŽŒŒMÍÎKLKŒÍLÎMLËL‹ÌLÌMKL‹ŒL‹ŒMLŽŒŒMÍÎLL‹ŽŒMËLLÍÍKL‹ŒL‹ŒMLŽŒŒMÍÎLKL‹ŒÌŒLËLLLŒŒËL‹ŒL‹ŒMLŽŒŒMÍÎL‹LKŒÍÌMÌ‹ŒŒ‹L‹ŒL‹ŒMLŽŒŒMÍÎLËL‹ŒÌÌÍŒŒNL‹ŒL‹ŒMLŽŒŒMÍÎMLŽMŒMÌËL‹ÍŒNËL‹ŒL‹ŒMLŽŒŒMÍÎMKLŽŽLMŒ‹MKŒÎLÍ‹L‹ŒL‹ŒMLŽŒŒMÍÎM‹L‹ŒMÍMNŒMÌL‹ŒL‹ŒMLŽŒŒMÍÎMËÌÍÌKKÍŒÎMËL‹ŒL‹ŒMLŽŒŒMÍÎNKÎLLKŒŒN‹L‹ŒL‹ŒMLŽŒŒMÍÎNKL‹ŒŒ‹LÍLLLŽL‹ŒL‹ŒMLŽŒŒMÎ‹ŒÍËLŒMÍKL‹ŒL‹ŒMLŽŒŒMÎKÌLLLKLKŒLŽKL‹ŒL‹ŒMLŽŒŒMÎ‹LËŒÍKÍLÌKL‹ŒL‹ŒMLŽŒŒMÎËL‹ŒÎMÍLŒNL‹L‹ŒL‹ŒMLŽŒŒMÎLŒLÍËLKŽLŽÎKL‹ŒL‹ŒMLŽŒŒMÎKLŽÌLŽM‹L‹ŽŽL‹L‹ŒL‹ŒMLŽŒŒMÎ‹KŒÌÍÍLŒLÌ‹L‹ŒL‹ŒMLŽŒŒMÎËŽMLËLËŒNŒNKL‹ŒL‹ŒMLŽŒŒMÎLËŒŒŒKLKŽMÎNKL‹ŒL‹ŒMLŽŒŒMÎKLÍŒM‹ŒMÍÍŒ‹L‹ŒL‹ŒMLŽŒŒMÎL‹ŒÍÍKŒÌNKL‹ŒL‹ŒMLŽŒŒMÎLKL‹ŒMÎLKLŒÌÌÌËL‹ŒL‹ŒMLŽŒŒMÎL‹‹ÌLËŒÎLŽLMËL‹ŒL‹ŒMLŽŒŒMÎLËLËŒLMM‹MKMLL‹L‹ŒL‹ŒMLŽŒŒMÎML‹ŒLŽMKKŒÎÍLLKL‹ŒL‹ŒMLŽŒŒMÎMKLKŽNMÎKKÎLNKL‹ŒL‹ŒMLŽŒŒMÎM‹LŒÎLMŒÌŒL‹ŒL‹ŒMLŽŒŒMÎMËLKÌÌÎL‹LÍL‹ŒL‹ŒMLŽŒŒMÎN‹ŒMÌLLLML‹ŒL‹ŒMLŽŒŒMÎNKL‹MLL‹ÌÍÌL‹ŒL‹ŒMLŽŒŒMÎŒL‹ŒÌM‹LLMNL‹ŒL‹ŒMLŽŒŒMÎŒK‹ŒŒLKKNŒŒKL‹ŒL‹ŒMLŽŒŒMÎŒ‹ŒŒL‹ŒL‹ŒMLŽŒŒMÎŒËŒŒL‹ŒL‹ŒMLŽŒŒMÎŒÌÍKŽŒÍÍL‹ŒL‹ŒMLŽŒŒMÎKLÎÌLËŒŒËL‹ŒL‹ŒMLŽŒŒMÎ‹ŒŒL‹ŒL‹ŒMLŽŒŒMÎË‹MÎLÌË‹ŒLÍŒÎKL‹ŒL‹ŒMLŽŒŒMÎŽ‹ŒŒÍLËLKŒLMÎMÍKL‹ŒL‹ŒMLŽŒŒMÎŽKLKŒLKŽLML‹ŒL‹ŒMLŽŒŒMÎÌKŽNÍÍ‹LKŒÍÌÌL‹ŒL‹ŒMLŽŒŒMÎÌKŒÍÍKLŒÍÍKL‹ŒL‹ŒMLŽŒŒMÎÌ‹ŒŒL‹ŒL‹ŒMLŽŒŒMÎÌËŒŒL‹ŒL‹ŒMLŽŒŒMÎÍËŽLŒLÍÌMLM‹L‹ŒL‹ŒMLŽŒŒMÎÍKLŽLŒNËKŒÌMÌKL‹ŒL‹ŒMLŽŒŒMÎÍ‹ŽNÍLËŒÎLŽM‹L‹ŒL‹ŒMLŽŒŒMÎÍËŒLÍKÍŒÍNKL‹ŒL‹ŒMLŽŒŒMÎÎŒMLLMË‹ŒŒÍËL‹ŒL‹ŒMLŽŒŒMÎÎKŽMÍŽËKÎŽLKL‹ŒL‹ŒMLŽŒŒMÎ‹ÌÌŒ‹ÍLÍÎLL‹ŒL‹ŒMLŽŒŒMÎKMÌM‹KŽLL‹ŒL‹ŒMLŽŒŒMÎ‹KLÌLL‹KŒÎLŒŽL‹ŒL‹ŒMLŽŒŒMÎËKŽLMÍËLMMKL‹ŒL‹ŒMLŽŒŒMÎKŒLNNKŽNLËL‹ŒL‹ŒMLŽŒŒMÎK‹ŽMÍÌÍMËMML‹L‹ŒL‹ŒMLŽŒŒMÎ‹‹ÌLŒMK‹ŒÎMNKL‹ŒL‹ŒMLŽŒŒMÎËŽMNÌL‹LŒ‹L‹ŒL‹ŒMLŽŒŒMÎŽLLŒËŒÌÌÌŒMËL‹ŒL‹ŒMLŽŒŒMÎK‹ŽŒÍLÍLL‹ŒL‹ŒMLŽŒŒMÎLKŒÍÍÎL‹ŒMÎL‹ŒL‹ŒMLŽŒŒMÎLKŒÎL‹NLLŽL‹L‹ŒL‹ŒMLŽŒŒMÎL‹ËŒŒÍÌËKÎËL‹ŒL‹ŒMLŽŒŒMÎLËÌÍ‹‹ŽLMLL‹ŒL‹ŒMLŽŒŒMÎMLMŒKŒŒŒLÌ‹L‹ŒL‹ŒMLŽŒŒMÎMKŒÎŒ‹L‹ÍÍMÌ‹L‹ŒL‹ŒMLŽŒŒMÎM‹ŒŽMŒŽKŒNLÍÎ‹L‹ŒL‹ŒMLŽŒŒMÎMËLNMËKŒŽLËL‹ŒL‹ŒMLŽŒŒMÎN‹ŒŒÍMÎËLKŽLÍÌMKL‹ŒL‹ŒMLŽŒŒMÎNKMŽMÌML‹L‹ŒNMŽM‹L‹ŒL‹ŒMLŽŒŒMÎŒËŽLŒÎLËLKŒMŒMÎKL‹ŒL‹ŒMLŽŒŒMÎŒKLŽNLLËM‹ŒÍÍLÌKL‹ŒL‹ŒMLŽŒŒMÎŒ‹MÌŒMŒKL‹ŒÎÎLKL‹ŒL‹ŒMLŽŒŒMÎŒËL‹ŽMLŽLMËLŽŒKL‹ŒL‹ŒMLŽŒŒMÎŒŒL‹ŒL‹ŒMLŽŒŒMÎKLËŽLLŒŒÍÌÍ‹L‹ŒL‹ŒMLŽŒŒMÎ‹KLŒLLKÎLLL‹L‹ŒL‹ŒMLŽŒŒMÎËLKŒNMLÌLËLËLLÌËL‹ŒL‹ŒMLŽŒŒMÎŽLËŒMKLKŒŒNLNLËL‹ŒL‹ŒMLŽŒŒMÎŽKLKNMËLKŽÎÍŒKL‹ŒL‹ŒMLŽŒŒMÎÌŒÍMMŒ‹ŒL‹L‹ŒL‹ŒMLŽŒŒMÎÌKLKŒŒŒKŒMLÌŽL‹ŒL‹ŒMLŽŒŒMÎÌ‹KÍÌL‹ŒÍNL‹ŒL‹ŒMLŽŒŒMÎÌËLŒÌMÍLËL‹ŒŽÎMKL‹ŒL‹ŒMLŽŒŒMÎÍLKÎMMŒLÌÎ‹L‹ŒL‹ŒMLŽŒŒMÎÍKLKŒNLÎMLŒÍLNNL‹ŒL‹ŒMLŽŒŒMÎÍ‹KŒŒÌŒŽ‹LŒLÎML‹ŒL‹ŒMLŽŒŒMÎÍËL‹ŒNMŒŒŒŽNMÍL‹ŒL‹ŒMLŽŒŒMÎÎLŒÌŒL‹ŒÌŒÌLNL‹ŒL‹ŒMLŽŒŒMÎÎKLŽLÍŒKLKŽLMŒKL‹ŒL‹ŒMLŽŒŒMÎLËMNNKLKÍŽKL‹ŒL‹ŒMLŽŒŒMÎKLŽLŒÌËKŽLŒÌŒKL‹ŒL‹ŒMLŽŒŒMÎ‹‹ŒLŒŽM‹KŒLLÍL‹ŒL‹ŒMLŽŒŒMÎËŒŒL‹ŒL‹ŒMLŽŒŒMÎKÍ‹LŽLŽL‹ŒL‹ŒMLŽŒŒMÎKLŒMŒŒÍËL‹ŒŒÌŒKL‹ŒL‹ŒMLŽŒŒMÎ‹L‹ŽLÌŒËLŒÍLLËL‹ŒL‹ŒMLŽŒŒMÎËLKÌLÌKŒLMÎMÌËL‹ŒL‹ŒMLŽŒŒMÎŒŒL‹ŒL‹ŒMLŽŒŒMÎKL‹ŒŒKŒÌŒÌËL‹ŒL‹ŒMLŽŒŒMÎLŒŒL‹ŒL‹ŒMLŽŒŒMÎLKLKŒÍÍNMŽMLŒNL‹ŒL‹ŒMLŽŒŒMÎL‹ŒŒL‹ŒL‹ŒMLŽŒŒMÎLËKŒŽNÎ‹ÍŽL‹ŒL‹ŒMLŽŒŒMÎMŒŒL‹ŒL‹ŒMLŽŒŒMÎMKL‹ŒNNNKLŒLMÎKL‹ŒL‹ŒMLŽŒŒMÎM‹‹LLLM‹LŒÍLŒŒL‹ŒL‹ŒMLŽŒŒMÎMËKŒMŒNKLÍMKL‹ŒL‹ŒMLŽŒŒMÎNLKŽMÌÍL‹ŒLÍÍL‹ŒL‹ŒMLŽŒŒMÎNKLKLLŽMÌL‹ŒL‹ŒMLŽŒŒMÎLÎLM‹LKŒÍÍMNL‹ŒL‹ŒMLŽŒŒMÎLKLMMŒÌÌ‹LKÌŽ‹L‹ŒL‹ŒMLŽŒŒMÎL‹KŒMLNL‹ŒL‹ŒMLŽŒŒMÎLËKLMŒÎKL‹NLNLÍËL‹ŒL‹ŒMLŽŒŒMÎLL‹ŒMÌÌËLŽNMËL‹ŒL‹ŒMLŽŒŒMÎLKLŒËNŒLÎKL‹ŒL‹ŒMLŽŒŒMÎL‹‹ŽNŽNNKMÎKL‹ŒL‹ŒMLŽŒŒMÎLËLKMŽMŽ‹ŽM‹L‹ŒL‹ŒMLŽŒŒMÎLËŒMNŒŽŽMML‹L‹ŒL‹ŒMLŽŒŒMÎLKL‹ŒŽÍKMÍÍMKL‹ŒL‹ŒMLŽŒŒMÎLLLKŒMŒŒË‹LŒÎMËL‹ŒL‹ŒMLŽŒŒMÎLLKLLÍLË‹MMÌËL‹ŒL‹ŒMLŽŒŒMÎLL‹ŒÎÌŒKNLŒÍMËL‹ŒL‹ŒMLŽŒŒMÎLLËLŒLLŒÍMMÌÌL‹ŒL‹ŒMLŽŒŒMÎLM‹NLÍŽLŒÍŒŽL‹L‹ŒL‹ŒMLŽŒŒMÎLMKLKŽŒMMËLKŽMLLËL‹ŒL‹ŒMLŽŒŒMÎLM‹L‹ŒLLKLŒŽLŒÌKL‹ŒL‹ŒMLŽŒŒMÎLMË‹MLŽŽKKNMMKL‹ŒL‹ŒMLŽŒŒMÎLNŽÎMNŒMMNÍL‹ŒL‹ŒMLŽŒŒMÎLNKL‹ŒNLLŒËŒÍNNMËL‹ŒL‹ŒMLŽŒŒMÎLŒËŒÎMÌKKŒMÌËL‹ŒL‹ŒMLŽŒŒMÎLŒKŒÌNLËÍŽLKL‹ŒL‹ŒMLŽŒŒMÎLŒ‹LKŽLŒMËKŒNNËL‹ŒL‹ŒMLŽŒŒMÎLŒËËŒŒÎËËŒËL‹ŒL‹ŒMLŽŒŒMÎLKÌŒŒNLKŒMŒÍÍL‹ŒL‹ŒMLŽŒŒMÎLKLKŒLÌÎKŽMÌÌŒL‹ŒL‹ŒMLŽŒŒMÎL‹KÎMLËLŽNLÌËL‹ŒL‹ŒMLŽŒŒMÎLËKŒMLKLËŽLÌËL‹ŒL‹ŒMLŽŒŒMÎLŽLŒÌMKNŽËL‹ŒL‹ŒMLŽŒŒMÎLŽKKŽNÌNËŒŒŽÌÍL‹ŒL‹ŒMLŽŒŒMÎLÌËŽLÎÍËLŒŒÍŒNLKL‹ŒL‹ŒMLŽŒŒMÎLÌKLŽLMÍÌ‹KŒMMML‹L‹ŒL‹ŒMLŽŒŒMÎLÌ‹ŽMŒŽLËŒNÎMŒL‹ŒL‹ŒMLŽŒŒMÎLÌËKŒÍÎLKLKMKL‹ŒL‹ŒMLŽŒŒMÎLÍKŒÌMKŒÍMÍÍKL‹ŒL‹ŒMLŽŒŒMÎLÍKLŽÍÍÌKŒÌMÌNKL‹ŒL‹ŒMLŽŒŒMÎLÍ‹KŽLMÌ‹LŽLL‹ŒL‹ŒMLŽŒŒMÎLÍËLŽMŒMMŒ‹ŒMMM‹L‹ŒL‹ŒMLŽŒŒMÎLÎ‹ÍÌÍÍŽLŒÍŒML‹ŒL‹ŒMLŽŒŒMÎLÎKŽNMLKŒÎLÌL‹L‹ŒL‹ŒMLŽŒŒMÎMLŒŒŽŒLMLL‹ŒL‹ŒMLŽŒŒMÎMKŒŒŒŒL‹ŽLMMÍÎL‹ŒL‹ŒMLŽŒŒMÎM‹ŒÍŒÎKŒŒNLŽKL‹ŒL‹ŒMLŽŒŒMÎMËŒŒÎLË‹ŒÎMŒÍËL‹ŒL‹ŒMLŽŒŒMÎMËÎMMKLKLÍLËL‹ŒL‹ŒMLŽŒŒMÎMKKŒÍLŽLÍŒL‹ŒL‹ŒMLŽŒŒMÎM‹ŒŒMË‹ŒMLLÎLËL‹ŒL‹ŒMLŽŒŒMÎMË‹ŒLÌÌLËËŽÎMŒËL‹ŒL‹ŒMLŽŒŒMÎM‹ŽNLKŽLÌL‹ŒL‹ŒMLŽŒŒMÎMKLNÍÎLK‹LÍMËL‹ŒL‹ŒMLŽŒŒMÎMLŒŒŽŒ‹ŽÎL‹ŒL‹ŒMLŽŒŒMÎMLKLŒMÍKL‹ŽNLÍKL‹ŒL‹ŒMLŽŒŒMÎML‹LŒÎŒ‹ŒÍMÎM‹L‹ŒL‹ŒMLŽŒŒMÎMLËLKŽMMŒÍKMŒNLŒËL‹ŒL‹ŒMLŽŒŒMÎMMKLLÌMËL‹ŒÌŒMMKL‹ŒL‹ŒMLŽŒŒMÎMMKMKŒMÌ‹L‹ÎNM‹L‹ŒL‹ŒMLŽŒŒMÎMM‹KŽMNLKŒŒŒL‹ŒL‹ŒMLŽŒŒMÎMMËLKMLŽMM‹ÎMÍLLL‹ŒL‹ŒMLŽŒŒMÎMNMŽLŽMÎKL‹ŒÍÎMKL‹ŒL‹ŒMLŽŒŒMÎMNKL‹ŽMŒËLKŒÍNLKL‹ŒL‹ŒMLŽŒŒMÎMŒKŒNNNKLŒLÌÌLÌKL‹ŒL‹ŒMLŽŒŒMÎMŒKLËŒLMLL‹ŒL‹ŒMLŽŒŒMÎMŒ‹KŒNMLKŒLÍÌŒÍ‹L‹ŒL‹ŒMLŽŒŒMÎMŒËLŽNŽÎLËŒLNL‹ŒL‹ŒMLŽŒŒMÎML‹ÍNMÍKLKŒMÌKL‹ŒL‹ŒMLŽŒŒMÎMKLKŒÍÌËLKMMKL‹ŒL‹ŒMLŽŒŒMÎM‹ŒLŒNKLŽLËL‹ŒL‹ŒMLŽŒŒMÎMËLKŽLŒÍÎKKŒMŒKL‹ŒL‹ŒMLŽŒŒMÎMŽKÌÍKL‹ŒÌŒMKL‹ŒL‹ŒMLŽŒŒMÎMŽKLŒÌMMKL‹ŒÍNMKL‹ŒL‹ŒMLŽŒŒMÎMÌLKŽLŒMLŒML‹L‹ŒL‹ŒMLŽŒŒMÎMÌKLKŒÍLÎLKŒMÌN‹L‹ŒL‹ŒMLŽŒŒMÎMÌ‹KŒLLÌŒ‹ŒŒ‹L‹ŒL‹ŒMLŽŒŒMÎMÌËLKŽÌLŽL‹ŽNL‹L‹ŒL‹ŒMLŽŒŒMÎMÍLŒMMMËL‹ŒÌŒËL‹ŒL‹ŒMLŽŒŒMÎMÍKLKÎËLKŽMMÎKL‹ŒL‹ŒMLŽŒŒMÎMÍ‹LËŒKLKÍŒÍKL‹ŒL‹ŒMLŽŒŒMÎMÍËLÍNL‹‹ŒMNMŒ‹L‹ŒL‹ŒMLŽŒŒMÎMÎKŽLLLËKŒMNNKL‹ŒL‹ŒMLŽŒŒMÎMÎKLËŽNMÍÍ‹LKŒÎLŒMÌ‹L‹ŒL‹ŒMLŽŒŒMÎNŽLÎKLKŒNLŒŽKL‹ŒL‹ŒMLŽŒŒMÎNKLÌÍ‹L‹ÌÍL‹ŒL‹ŒMLŽŒŒMÎN‹LËŒMÌÌL‹LŽLÌŒL‹ŒL‹ŒMLŽŒŒMÎNËLKŽMLMKLŒŽLŽLËL‹ŒL‹ŒMLŽŒŒMÎNLNNLÌÍÍŒLL‹ŒL‹ŒMLŽŒŒMÎNKLËŒMLKLKLLLŽKL‹ŒL‹ŒMLŽŒŒMÎN‹LŒŒMM‹LKŒŒM‹L‹ŒL‹ŒMLŽŒŒMÎNËŒŒL‹ŒL‹ŒMLŽŒŒMÎNL‹ŒÎLMNLÍM‹L‹ŒL‹ŒMLŽŒŒMÎNKKLLÌŒ‹‹ÍLMÎL‹ŒL‹ŒMLŽŒŒMÎNLKÍLÌÍ‹LŽMŒŽL‹L‹ŒL‹ŒMLŽŒŒMÎNLKL‹LMMMNKLÍÌMËL‹ŒL‹ŒMLŽŒŒMÎNL‹KÎLLŽŒŒÎL‹ŒL‹ŒMLŽŒŒMÎNLËNKLŒŒMËL‹ŒL‹ŒMLŽŒŒMÎNML‹NŽKÍÎ‹L‹ŒL‹ŒMLŽŒŒMÎNMKL‹ŒNKŒŒÍMÌËL‹ŒL‹ŒMLŽŒŒMÎNM‹ŒÌŽNM‹LKŽÎMLL‹ŒL‹ŒMLŽŒŒMÎNMËLŒÍŒÌÌËL‹ŒNLËL‹ŒL‹ŒMLŽŒŒMÎNNKÍÎLŒÌMÍŒÍL‹ŒL‹ŒMLŽŒŒMÎNNKŒŽM‹LËŒŽLÌL‹ŒL‹ŒMLŽŒŒNLËŒMM‹LKŽMLÍŒL‹ŒL‹ŒMLŽŒŒNKLŒLÌLKŒÍÍÌŽËL‹ŒL‹ŒMLŽŒŒN‹‹ŽNNNŽMÍŒ‹L‹ŒL‹ŒMLŽŒŒNËLKŽNKNÍŒKL‹ŒL‹ŒMLŽŒŒNËŒÍMMKLMÌÌL‹L‹ŒL‹ŒMLŽŒŒNKL‹ŒLÍMKŒMÌÎL‹ŒL‹ŒMLŽŒŒN‹LKŽŽNLLKŒŽLLL‹ŒL‹ŒMLŽŒŒNËLŽŒÌË‹ÍÌËL‹ŒL‹ŒMLŽŒŒNLŒMÌŒŽNÍML‹ŒL‹ŒMLŽŒŒNKLKŒNKŒMLNLKL‹ŒL‹ŒMLŽŒŒNL‹ÌÎNLŒLÌÍ‹L‹ŒL‹ŒMLŽŒŒNLKLKŽLÎKL‹ŒMMÌMËL‹ŒL‹ŒMLŽŒŒNL‹L‹ŒÍÍËLŒÍËL‹ŒL‹ŒMLŽŒŒNLËËŒŽMÍË‹ŒŽKL‹ŒL‹ŒMLŽŒŒNMËLÎNLŒŒ‹L‹ŒL‹ŒMLŽŒŒNMKL‹ŒÌKŒŒMKL‹ŒL‹ŒMLŽŒŒNM‹ËŒÍÍKMÌLLËL‹ŒL‹ŒMLŽŒŒNMËŒŽLŒNMÍLL‹ŒL‹ŒMLŽŒŒNNLKŒÍMÎLËKŒMŽËL‹ŒL‹ŒMLŽŒŒNNK‹ŒMÌKKŒÍÌMËL‹ŒL‹ŒMLŽŒŒNŒKŒÌMLŽKLKŽMÌKL‹ŒL‹ŒMLŽŒŒNŒKLKÍLL‹KÍÎNÍ‹L‹ŒL‹ŒMLŽŒŒNŒ‹KLŒNKLKŒLŒËL‹ŒL‹ŒMLŽŒŒNŒËŒÍÍKLŒÍÍKL‹ŒL‹ŒMLŽŒŒNLÌMNKLŒLLÌKL‹ŒL‹ŒMLŽŒŒNKKŽŒÌÎËLLL‹ŒL‹ŒMLŽŒŒN‹ËŽNLMÍ‹LŒŽLL‹L‹ŒL‹ŒMLŽŒŒNËLŒLMÍ‹KŒÍ‹L‹ŒL‹ŒMLŽŒŒNŽKNMÌŒL‹ÍLÍN‹L‹ŒL‹ŒMLŽŒŒNŽKKŽNNLLKŒNL‹ŒL‹ŒMLŽŒŒNÌKŒŒLÌKËŒŒÍŽKL‹ŒL‹ŒMLŽŒŒNÌKLŒÍÌNËŽLËL‹ŒL‹ŒMLŽŒŒNÌ‹KŽLŽMMLŒÌŽL‹ŒL‹ŒMLŽŒŒNÌËŒÎ‹KŒÎM‹L‹ŒL‹ŒMLŽŒŒNÍËŒÍMÎKLŒÌÎMLÍKL‹ŒL‹ŒMLŽŒŒNÍKKÎM‹LŽMLŒL‹ŒL‹ŒMLŽŒŒNÍ‹‹ŒŒÍ‹KLMŒLL‹ŒL‹ŒMLŽŒŒNÍËŒŒL‹ŒL‹ŒMLŽŒŒNÎ‹ŒMMNM‹KŽÌNL‹ŒL‹ŒMLŽŒŒNÎKKÍŒLËËŒÌÌŒÎKL‹ŒL‹ŒMLŽŒŒN‹ŒLMMM‹KŒÌŽÍ‹L‹ŒL‹ŒMLŽŒŒNK‹ŒN‹ŒŒÌL‹ŒL‹ŒMLŽŒŒN‹KNÌL‹‹ŽLŒ‹L‹ŒL‹ŒMLŽŒŒNËËÎŽŽL‹L‹ŒL‹ŒMLŽŒŒNNŽML‹‹LŽMÌML‹ŒL‹ŒMLŽŒŒNKKÌÌŒNËËŽMÍLŒËL‹ŒL‹ŒMLŽŒŒN‹KŒML‹ML‹L‹ŒL‹ŒMLŽŒŒNËŽŽL‹LKLLÌL‹ŒL‹ŒMLŽŒŒNŒŒL‹ŒL‹ŒMLŽŒŒNKLKŒNLÌÌKLŒÎNLÍŒKL‹ŒL‹ŒMLŽŒŒNL‹ÎL‹LKNLÍL‹ŒL‹ŒMLŽŒŒNLKMKŒÎÍŽËL‹ÌNMNNKL‹ŒL‹ŒMLŽŒŒNL‹ŒŒL‹ŒL‹ŒMLŽŒŒNLËLŽLLËM‹ŒLÎÌËL‹ŒL‹ŒMLŽŒŒNMMŒŽNMÍ‹L‹ŒÌMÌÍ‹L‹ŒL‹ŒMLŽŒŒNMKL‹ŽŒKLÍMÍÎNKL‹ŒL‹ŒMLŽŒŒNM‹KŽNÎKLNLËL‹ŒL‹ŒMLŽŒŒNMËL‹ŽLMËÌŒŽLËL‹ŒL‹ŒMLŽŒŒNNKŒŒLÍMËLKMLLKL‹ŒL‹ŒMLŽŒŒNNKLKŽÍËLËŒMKL‹ŒL‹ŒMLŽŒŒNŒL‹ŽMLŽLŽLMLL‹ŒL‹ŒMLŽŒŒNŒKLKŒLŒLKŒŽMM‹L‹ŒL‹ŒMLŽŒŒNŒ‹ŒŒL‹ŒL‹ŒMLŽŒŒNŒËLKŒÌŒLËKÌŽÌKL‹ŒL‹ŒMLŽŒŒNKŒMMŒÍËL‹ÍKL‹ŒL‹ŒMLŽŒŒNKLŒMŽLMKL‹ŒŒMKL‹ŒL‹ŒMLŽŒŒN‹LKŒÌKŒÍŒKL‹ŒL‹ŒMLŽŒŒNËLKŽNËLÍMÌÌËL‹ŒL‹ŒMLŽŒŒNŽKŒŽMÍLŒLMMÍ‹L‹ŒL‹ŒMLŽŒŒNŽKL‹ŒÍMŒŽNKLŒKL‹ŒL‹ŒMLŽŒŒNÌLŒMÎLL‹ŒÌÍNL‹ŒL‹ŒMLŽŒŒNÌKLŽMKLKŒLLËL‹ŒL‹ŒMLŽŒŒNÌ‹LËŒNM‹LKŒÍLL‹ŒL‹ŒMLŽŒŒNÌËLŽŒÍK‹LLMLKL‹ŒL‹ŒMLŽŒŒNÍ‹LLË‹ŒLLNMËL‹ŒL‹ŒMLŽŒŒNÍKMŒNMÎLLKŒMÎLŒL‹ŒL‹ŒMLŽŒŒNÍ‹KŒM‹ŒLMÎL‹ŒL‹ŒMLŽŒŒNÍËLŒLÎLKŒÍŽNL‹ŒL‹ŒMLŽŒŒNÎŒŒL‹ŒL‹ŒMLŽŒŒNÎKLKÎŒNÎL‹ŒL‹ŒMLŽŒŒNŒŒL‹ŒL‹ŒMLŽŒŒNKL‹ŒŽŒŒLËŒMÌLŒŒKL‹ŒL‹ŒMLŽŒŒN‹ŒŒL‹ŒL‹ŒMLŽŒŒNËLÍÎLMŽMŽNL‹ŒL‹ŒMLŽŒŒNŒŒL‹ŒL‹ŒMLŽŒŒNKŒŒL‹ŒL‹ŒMLŽŒŒN‹ŒŒL‹ŒL‹ŒMLŽŒŒNËLKŒÍŒLMÍL‹L‹ŒL‹ŒMLŽŒŒNŒŒL‹ŒL‹ŒMLŽŒŒNKŒŒL‹ŒL‹ŒMLŽŒŒNLŒŒL‹ŒL‹ŒMLŽŒŒNLKŒŒL‹ŒL‹ŒMLŽŒŒNL‹KLŽMËLÍLŒLŒKL‹ŒL‹ŒMLŽŒŒNLËLŒMLÍ‹L‹ÍMŒ‹L‹ŒL‹ŒMLŽŒŒNMËŒMÎŒ‹ŽLŽLL‹ŒL‹ŒMLŽŒŒNMKKŒMÎÍŒKL‹ŽMÍŽKL‹ŒL‹ŒMLŽŒŒNM‹LËŒMÍMËLKLÍÌLŒKL‹ŒL‹ŒMLŽŒŒNMËŒŒL‹ŒL‹ŒMLŽŒŒNNËŒMMÌM‹KLŒLL‹ŒL‹ŒMLŽŒŒNNKL‹ŒMNÌÎÌL‹ŒL‹ŒMLŽŒŒNLËŒÌLÎKKŒÌŒËL‹ŒL‹ŒMLŽŒŒNLKL‹ŒÎLŒ‹MLLÍÌL‹ŒL‹ŒMLŽŒŒNL‹LKMLŒMŒËKŽMLLŒKL‹ŒL‹ŒMLŽŒŒNLËŒŒL‹ŒL‹ŒMLŽŒŒNLŒŒMŽL‹ŽMÌL‹ŒL‹ŒMLŽŒŒNLKŒŒL‹ŒL‹ŒMLŽŒŒNL‹‹ŽÍÎËLŒLNLŒKL‹ŒL‹ŒMLŽŒŒNLËŒÌÍ‹LŽŒÌŒL‹ŒL‹ŒMLŽŒŒNLLKMMKMLKL‹ŒL‹ŒMLŽŒŒNLKŒŒL‹ŒL‹ŒMLŽŒŒNLLÌM‹ŒMLML‹ŒL‹ŒMLŽŒŒNLLKŒLK‹ŒNMÍŒKL‹ŒL‹ŒMLŽŒŒNLL‹ŒŒÍL‹ŽÌŒÍL‹ŒL‹ŒMLŽŒŒNLLËÍÍÍL‹LÌŽN‹L‹ŒL‹ŒMLŽŒŒNLMLKŒNLŒ‹KÍŽMML‹ŒL‹ŒMLŽŒŒNLMK‹ŒŽNMLKŽMÌŽL‹ŒL‹ŒMLŽŒŒNLM‹‹ŒÌKLŽNMÎMLËL‹ŒL‹ŒMLŽŒŒNLMËLKŒŽLLÌNK‹ÌÌKL‹ŒL‹ŒMLŽŒŒNLNKÌÎLLMNMLL‹ŒL‹ŒMLŽŒŒNLNKKŒMN‹LËŒŽLÍÌÍ‹L‹ŒL‹ŒMLŽŒŒNLŒLŒÌŽÍÎLÍM‹L‹ŒL‹ŒMLŽŒŒNLŒKŒŒL‹ŒL‹ŒMLŽŒŒNLŒ‹ËŒL‹LŒÌNLL‹L‹ŒL‹ŒMLŽŒŒNLŒËLŽÌÎKŒNML‹ŒL‹ŒMLŽŒŒNLKŒLÌMÌ‹L‹ÍŒL‹ŒL‹ŒMLŽŒŒNLKŒŒL‹ŒL‹ŒMLŽŒŒNL‹KÍŒNNKŒÌÍËL‹ŒL‹ŒMLŽŒŒNLËKŒÌLMNKŽLÎ‹L‹ŒL‹ŒMLŽŒŒNLŽ‹ÍNLÌŒ‹ŒÌÍÌL‹ŒL‹ŒMLŽŒŒNLŽKŒŒL‹ŒL‹ŒMLŽŒŒNLÌ‹ÌŒÎLËLNLŒËL‹ŒL‹ŒMLŽŒŒNLÌKŒŒL‹ŒL‹ŒMLŽŒŒNLÌ‹ŒÍÍMKŽLKL‹ŒL‹ŒMLŽŒŒNLÌËËŽŒÍ‹ŽNMŒ‹L‹ŒL‹ŒMLŽŒŒNLÍÍÌMKKLŽNNKL‹ŒL‹ŒMLŽŒŒNLÍKŒŒL‹ŒL‹ŒMLŽŒŒNLÍ‹ŽLÌMM‹ŒÍNL‹ŒL‹ŒMLŽŒŒNLÍËŒŒL‹ŒL‹ŒMLŽŒŒNLÎŒŒL‹ŒL‹ŒMLŽŒŒNLÎKŒŒL‹ŒL‹ŒMLŽŒŒNM‹ŽNMÎLŒKŒÎMÌL‹ŒL‹ŒMLŽŒŒNMKÎLŒÌËËŒÎLKL‹ŒL‹ŒMLŽŒŒNM‹ŒŒL‹ŒL‹ŒMLŽŒŒNMËKŒÎMÌNLKLKLŽMËL‹ŒL‹ŒMLŽŒŒNMLŒÍLLLŽMÍŒL‹ŒL‹ŒMLŽŒŒNMKŒÍMLŽK‹ŒÌÌÍÎLËL‹ŒL‹ŒMLŽŒŒNM‹‹ŒMMKLKŒÍÍMŽKL‹ŒL‹ŒMLŽŒŒNMËMŽLËL‹ŒŽÌËL‹ŒL‹ŒMLŽŒŒNMKÍMMKLKŒÌŽKL‹ŒL‹ŒMLŽŒŒNMKLŽLÌÍMËMKŽNÌLKL‹ŒL‹ŒMLŽŒŒNMLMŽÎLÍKL‹MKL‹ŒL‹ŒMLŽŒŒNMLKLËŒÎÌŒKLKŒŽMËL‹ŒL‹ŒMLŽŒŒNML‹KŒÌÍŽÌ‹LŒLÌ‹L‹ŒL‹ŒMLŽŒŒNMLËL‹ŽLLMŽŽÌNNL‹ŒL‹ŒMLŽŒŒNMMKŒNÌŒËLKŒÎLËL‹ŒL‹ŒMLŽŒŒNMMKLKŒLÍ‹L‹ÌŒÎL‹ŒL‹ŒMLŽŒŒNMM‹LËŒŒÎ‹LKNMÌ‹L‹ŒL‹ŒMLŽŒŒNMMËLKŒÍLŒLKLKÌŽMNKL‹ŒL‹ŒMLŽŒŒNMNŒMÍMÌ‹LLNÍL‹ŒL‹ŒMLŽŒŒNMNKLKÍÎMNLKKŒNNNKL‹ŒL‹ŒMLŽŒŒNMŒKLNMNLKŽMNML‹L‹ŒL‹ŒMLŽŒŒNMŒKLŒLÍMËL‹ŒŽËL‹ŒL‹ŒMLŽŒŒNMŒ‹L‹ŒÌLLÎKLŒMŒÍŽKL‹ŒL‹ŒMLŽŒŒNMŒËLKŒLÎKLNNKL‹ŒL‹ŒMLŽŒŒNMKŽMÍÍŒNL‹ŒL‹ŒMLŽŒŒNMKL‹ŒÎLMŒML‹ŒL‹ŒMLŽŒŒNM‹LŒMÎLLKŽLÎNM‹L‹ŒL‹ŒMLŽŒŒNMËLKŽMNL‹ŒÍÎMÎL‹ŒL‹ŒMLŽŒŒNMŽMŒNLL‹LÌÍMLL‹ŒL‹ŒMLŽŒŒNMŽKLŽNNLÍ‹ŒÌÍÍL‹ŒL‹ŒMLŽŒŒNMÌ‹ŒŒŒ‹KŒÎMÌ‹L‹ŒL‹ŒMLŽŒŒNMÌKMŒLLLNKLŽŽNKL‹ŒL‹ŒMLŽŒŒNMÌ‹KŒLMLŽŒÍŒŽL‹ŒL‹ŒMLŽŒŒNMÌËLŒÍL‹ŒŽMŽÎL‹ŒL‹ŒMLŽŒŒNMÍL‹ÍMNLŒÌŒL‹ŒL‹ŒMLŽŒŒNMÍKL‹MLM‹LŒLÌLMÌL‹ŒL‹ŒMLŽŒŒNMÍ‹LŒLŒËKŒMŽËL‹ŒL‹ŒMLŽŒŒNMÍËLKŽMÌŒŽML‹ŒL‹ŒMLŽŒŒNMÎLÎNNLËLKŽLŒÎKL‹ŒL‹ŒMLŽŒŒNMÎKLKŒŒM‹MKŒŽMŒL‹ŒL‹ŒMLŽŒŒNNL‹MŒÎLML‹ŒL‹ŒMLŽŒŒNNKKŽÎK‹ŒÌŒÌLLKL‹ŒL‹ŒMLŽŒŒNN‹KŽMÌÌËLMÌËL‹ŒL‹ŒMLŽŒŒNNËL‹ŒÌÍLLLNM‹L‹ŒL‹ŒMLŽŒŒNN‹ÌÍLŒLŽL‹L‹ŒL‹ŒMLŽŒŒNNKMÌLŽMKLŽLËL‹ŒL‹ŒMLŽŒŒNN‹L‹LL‹KNNNM‹L‹ŒL‹ŒMLŽŒŒNNËLKÍLŒMNMÍ‹L‹ŒL‹ŒMLŽŒŒNNŒLNNKLKNMLŒËL‹ŒL‹ŒMLŽŒŒNNKŒNNKLKŽMÍMÎKL‹ŒL‹ŒMLŽŒŒNNL‹MÎŽLŒ‹L‹ŒL‹ŒMLŽŒŒNNLKKŒÎL‹L‹ŽÎMÌL‹ŒL‹ŒMLŽŒŒNNL‹L‹NM‹LKŒLŽLL‹ŒL‹ŒMLŽŒŒNNLËŒŒL‹ŒL‹ŒMLŽŒŒNNM‹ŒÍÍNÌKŽLÍMLŽKL‹ŒL‹ŒMLŽŒŒNNMKLKŽNMŽÍÍL‹ŒL‹ŒMLŽŒŒNNM‹‹ŽNÍMËKŒMMLÌKL‹ŒL‹ŒMLŽŒŒNNMËLKŽNŒËMMLMŽKL‹ŒL‹ŒMLŽŒŒNNNLKŽNMÍËKÎÍÍÎKL‹ŒL‹ŒMLŽŒŒNNNKLMÌÎMË‹ŽLÍËL‹ŒL‹ŒMLŽŒŒNŒŒÌŒŒMKŽLNNLËL‹ŒL‹ŒMLŽŒŒNŒKLŽLLNKŒÎNMKL‹ŒL‹ŒMLŽŒŒNŒ‹‹ŒÌÍLŽKLÍŒŒÎKL‹ŒL‹ŒMLŽŒŒNŒËL‹Œ‹L‹ŒLÍÍL‹ŒL‹ŒMLŽŒŒNŒL‹ŒŒÎLMLŒMÌL‹ŒL‹ŒMLŽŒŒNŒKËŒÌŒNMLË‹ŒŒÌMËL‹ŒL‹ŒMLŽŒŒNŒ‹ŒÌÍMNKLŒLMÍŽMËL‹ŒL‹ŒMLŽŒŒNŒËLKÍŽÍŒKŒÎLŽŒËL‹ŒL‹ŒMLŽŒŒNŒËŽMNKŒLMN‹L‹ŒL‹ŒMLŽŒŒNŒKÌÎŽÍŒL‹ŒL‹ŒMLŽŒŒNŒLLKŒŽÌMKKMKL‹ŒL‹ŒMLŽŒŒNŒLKKŽNLLŒ‹ŒMLÍŒ‹L‹ŒL‹ŒMLŽŒŒNŒL‹KMËLKÎMÌÌKL‹ŒL‹ŒMLŽŒŒNŒLËLŒÌMŒ‹‹ÎLÌ‹L‹ŒL‹ŒMLŽŒŒNŒMLÌMŽM‹LKÍÎL‹ŒL‹ŒMLŽŒŒNŒMKKŽKLËŒMÍLKL‹ŒL‹ŒMLŽŒŒNŒM‹LŒŒÍMËMKL‹ŒL‹ŒMLŽŒŒNŒMËKŽLŽNKËŒLÎŒKL‹ŒL‹ŒMLŽŒŒNŒNËŽMÌŽKŒÌNNMKL‹ŒL‹ŒMLŽŒŒNŒNKLŒŒNLÎK‹ÍNMËL‹ŒL‹ŒMLŽŒŒNŒŒŒÍÌLLËÌŒL‹ŒL‹ŒMLŽŒŒNŒŒKKŽLÍLKŒŽÌ‹L‹ŒL‹ŒMLŽŒŒNŒŒ‹ŽLMLËÍÌMŒ‹L‹ŒL‹ŒMLŽŒŒNŒŒËLŒLÎLLŒŽMŒLÍ‹L‹ŒL‹ŒMLŽŒŒNŒKŒŒLŽNLLŒML‹L‹ŒL‹ŒMLŽŒŒNŒKLLÍÍNKŒNŒL‹ŒL‹ŒMLŽŒŒNŒ‹‹MÌÌKLKLNŒKL‹ŒL‹ŒMLŽŒŒNŒËŒMŒLÎKLKLŽÌËL‹ŒL‹ŒMLŽŒŒNŒŽŒMLLÍŽŒŽMLL‹ŒL‹ŒMLŽŒŒNŒŽKËŒNKËŽNLLÍÍKL‹ŒL‹ŒMLŽŒŒNŒÌKŒMÎLKKŒŒMÍKL‹ŒL‹ŒMLŽŒŒNŒÌKÎLÌËËŒMMÍËL‹ŒL‹ŒMLŽŒŒNŒÌ‹ËŽLLLMÌŒL‹ŒL‹ŒMLŽŒŒNŒÌËŒŒL‹ŒL‹ŒMLŽŒŒNŒÍKÍÌÌ‹ËŒŽL‹L‹ŒL‹ŒMLŽŒŒNŒÍKËNÌËŽÍMÍKL‹ŒL‹ŒMLŽŒŒNŒÍ‹ËŒŒÍ‹KNŽLŒL‹ŒL‹ŒMLŽŒŒNŒÍËŽÎLMKËŒÎMŽKL‹ŒL‹ŒMLŽŒŒNŒÎŒÍÍÌËKMÍÍËL‹ŒL‹ŒMLŽŒŒNŒÎKŒÎLÌËL‹ŒÎMLŽKL‹ŒL‹ŒMLŽŒŒNŽMŽLŽLKŽLLÌŒ‹L‹ŒL‹ŒMLŽŒŒNKLKŽLLMKŒŽLNËL‹ŒL‹ŒMLŽŒŒN‹‹ŒŒÎNLKLÍÌM‹L‹ŒL‹ŒMLŽŒŒNËMKŒÍMNML‹ŒÎMŒŽL‹ŒL‹ŒMLŽŒŒNKŒŒÍ‹LKŒŽLÍŽL‹ŒL‹ŒMLŽŒŒNKLKŒLNMM‹NMŒNL‹ŒL‹ŒMLŽŒŒN‹MKŒÎMŽÌKL‹ŒŒËL‹ŒL‹ŒMLŽŒŒNËL‹ŽMÌMŒNLŽLŽM‹L‹ŒL‹ŒMLŽŒŒNKŒŒŽÌÎŒŒLMML‹ŒL‹ŒMLŽŒŒNKLËMLÍŒÎMÍŒNL‹ŒL‹ŒMLŽŒŒNLKŒMNL‹LKŒNLÍÌNL‹ŒL‹ŒMLŽŒŒNLKLKNÍL‹ŽNNL‹ŒL‹ŒMLŽŒŒNL‹LËŒÍŽLLKMLŒL‹ŒL‹ŒMLŽŒŒNLËLKŒÍLËL‹ŒMËL‹ŒL‹ŒMLŽŒŒNMŒŒMÌŒMML‹ŒL‹ŒMLŽŒŒNMKL‹ÌMKŽMÌÍŒÍËL‹ŒL‹ŒMLŽŒŒNM‹KŒŒÎL‹MŒŒ‹L‹ŒL‹ŒMLŽŒŒNMËŒÌÍM‹LKMÎL‹ŒL‹ŒMLŽŒŒNNLKŒMNMÎLËÌÍÎLKL‹ŒL‹ŒMLŽŒŒNNKLKLŒM‹LŽLL‹ŒL‹ŒMLŽŒŒNŒKŒMMLÎKLÍŽLËL‹ŒL‹ŒMLŽŒŒNŒKLKŽMLLŒÌÌLML‹ŒL‹ŒMLŽŒŒNŒ‹ŒÍÌL‹NŒÌ‹L‹ŒL‹ŒMLŽŒŒNŒËLKŒÍÍÌŒL‹ŒLLL‹ŒL‹ŒMLŽŒŒNLËŒÍLMKLKŒÍŽKL‹ŒL‹ŒMLŽŒŒNKLKŒMMÍÌËKÎLŒKL‹ŒL‹ŒMLŽŒŒN‹‹ŒMÍÍNLLŒL‹ŒL‹ŒMLŽŒŒNËLËMÎŽLŒMMLNL‹ŒL‹ŒMLŽŒŒNŽŒŒL‹ŒL‹ŒMLŽŒŒNŽKLÌÎLÍ‹L‹ŽLM‹L‹ŒL‹ŒMLŽŒŒNÌŒŒL‹ŒL‹ŒMLŽŒŒNÌKLKŒÌÌLŒÍÍÌ‹L‹ŒL‹ŒMLŽŒŒNÌ‹ŒŒL‹ŒL‹ŒMLŽŒŒNÌËLKŽMMÌ‹LŒÌLÍÌL‹ŒL‹ŒMLŽŒŒNÍŒŒL‹ŒL‹ŒMLŽŒŒNÍKLÍÎLÌKMŒŽLŒKL‹ŒL‹ŒMLŽŒŒNÍ‹ŒŒL‹ŒL‹ŒMLŽŒŒNÍË‹ŒŒŽÌMËMMŽ‹L‹ŒL‹ŒMLŽŒŒNÎŒŒL‹ŒL‹ŒMLŽŒŒNÎKLKŒŒŽMÎŒ‹L‹ŒL‹ŒMLŽŒŒNŽŒŒL‹ŒL‹ŒMLŽŒŒNŽKKŒLMŒMÍNM‹L‹ŒL‹ŒMLŽŒŒNŽ‹ŒŒL‹ŒL‹ŒMLŽŒŒNŽËŒŒL‹ŒL‹ŒMLŽŒŒNŽÌLLŒLKŒMŒŽL‹ŒL‹ŒMLŽŒŒNŽKŒMLÍÎL‹ŒŒŒÍL‹ŒL‹ŒMLŽŒŒNŽ‹KŽLŒÎNŒŒÍLÍŒL‹ŒL‹ŒMLŽŒŒNŽËŽÎMŽKLËŒMLKL‹ŒL‹ŒMLŽŒŒNŽL‹ŽÍÌLKÌŒL‹ŒL‹ŒMLŽŒŒNŽKÌNMŒÌKKMMKL‹ŒL‹ŒMLŽŒŒNŽLËNÎKŒÍLÍ‹L‹ŒL‹ŒMLŽŒŒNŽLKL‹ŒNNŒËŽLŒÌÍNKL‹ŒL‹ŒMLŽŒŒNŽL‹ËŒŒÎËKŒÌŒMÍKL‹ŒL‹ŒMLŽŒŒNŽLËLKŽŒŒËMLÍŒKL‹ŒL‹ŒMLŽŒŒNŽMLKMNNË‹ŒŒLMÍKL‹ŒL‹ŒMLŽŒŒNŽMKŒÎ‹ËŒÍML‹ŒL‹ŒMLŽŒŒNŽM‹LÍŽM‹ŒLŒÎÎL‹ŒL‹ŒMLŽŒŒNŽMËLKNÍ‹LŒMÌÍ‹L‹ŒL‹ŒMLŽŒŒNŽNKŽŽÍËLÍŽŒKL‹ŒL‹ŒMLŽŒŒNŽNKLKÌÌLKMÍÌML‹ŒL‹ŒMLŽŒŒNÌL‹ŒŒŒLLËŒÍÌKL‹ŒL‹ŒMLŽŒŒNÌK‹ŒÎÍŒ‹KMLL‹L‹ŒL‹ŒMLŽŒŒNÌ‹ËŽLŒŽKLŽLÍËL‹ŒL‹ŒMLŽŒŒNÌËLKÍÎMËMÌKL‹ŒL‹ŒMLŽŒŒNÌŒMKKŒNMLËL‹ŒL‹ŒMLŽŒŒNÌKŒŒNMÍŒL‹ŒL‹ŒMLŽŒŒNÌ‹LKŒÌÌÌNKŒ‹L‹ŒL‹ŒMLŽŒŒNÌËKŒÌLÍÌKÍŽLL‹ŒL‹ŒMLŽŒŒNÌKÌLKŒMŒML‹L‹ŒL‹ŒMLŽŒŒNÌKLŽMLLË‹ŒMLŽËL‹ŒL‹ŒMLŽŒŒNÌLKÍŒŒLŒŽŒÌL‹ŒL‹ŒMLŽŒŒNÌLKKMLÍÌËLËŒÌÌMMËL‹ŒL‹ŒMLŽŒŒNÌL‹ŒŒL‹ŒL‹ŒMLŽŒŒNÌLËŒŒL‹ŒL‹ŒMLŽŒŒNÌMËLMÎLŒL‹ŒL‹ŒMLŽŒŒNÌMKLŽMMËKLNLMKL‹ŒL‹ŒMLŽŒŒNÌM‹M‹LËMM‹L‹ŒL‹ŒMLŽŒŒNÌMËKŽ‹LKŒNML‹ŒL‹ŒMLŽŒŒNÌNŽËËŒKL‹ŒL‹ŒMLŽŒŒNÌNKLŒLÌÎMKŒÌLÍ‹L‹ŒL‹ŒMLŽŒŒNÌŒKLŒŒMËLŒÌMLËL‹ŒL‹ŒMLŽŒŒNÌŒKLŽMÍÌM‹LMÌNL‹ŒL‹ŒMLŽŒŒNÌŒ‹‹ÌŒM‹LŒÌÍÎL‹ŒL‹ŒMLŽŒŒNÌŒËŽŒLKLKŽMNMŒËL‹ŒL‹ŒMLŽŒŒNÌÌÎÍLÍL‹ŒL‹ŒMLŽŒŒNÌKËNNLMÍL‹ŒL‹ŒMLŽŒŒNÌ‹KŒMMÌÍÍNLÍ‹L‹ŒL‹ŒMLŽŒŒNÌËŽÌÍË‹ŽÌÌKL‹ŒL‹ŒMLŽŒŒNÌŽŒMŒLŽMML‹ŒL‹ŒMLŽŒŒNÌŽKKŽMÍÌŒL‹ŒL‹ŒMLŽŒŒNÌÌKÌËËŒŒÍLŒKL‹ŒL‹ŒMLŽŒŒNÌÌKŒŒL‹ŒL‹ŒMLŽŒŒNÌÌ‹ËŒMÍMÍÌKKŽMÌMŒŽKL‹ŒL‹ŒMLŽŒŒNÌÌËŽLŒŒËNNMÍL‹ŒL‹ŒMLŽŒŒNÌÍMÍËKŒÍÎKL‹ŒL‹ŒMLŽŒŒNÌÍKŒŒL‹ŒL‹ŒMLŽŒŒNÌÍ‹LKŒÎLÍÌ‹ŒÌŒÍM‹L‹ŒL‹ŒMLŽŒŒNÌÍËLŒÍNLŽLNL‹ŒL‹ŒMLŽŒŒNÌÎŒŒL‹ŒL‹ŒMLŽŒŒNÌÎKMKŒMÎMNLËŒÌMMŽL‹ŒL‹ŒMLŽŒŒNÍ‹ŒÎÍLLKŒŽŒŒ‹L‹ŒL‹ŒMLŽŒŒNÍKLŽLŒŒŒ‹M‹ŒÎMŽMŒL‹ŒL‹ŒMLŽŒŒNÍ‹MÌŒŽMLKŽLÍÍL‹ŒL‹ŒMLŽŒŒNÍËLËLNLKMLÍŽL‹ŒL‹ŒMLŽŒŒNÍKŒÌÍËLŒMŽÌLËL‹ŒL‹ŒMLŽŒŒNÍKLËŒÌÍLÎKŒÍLÍKL‹ŒL‹ŒMLŽŒŒNÍ‹KŒÌÌÌLÎKLŒÍMÌMËL‹ŒL‹ŒMLŽŒŒNÍËLMMÌŒKL‹ÎÍÎËL‹ŒL‹ŒMLŽŒŒNÍŒŒL‹ŒL‹ŒMLŽŒŒNÍKLKŒŒLÍLKLKLŽLÎKL‹ŒL‹ŒMLŽŒŒNÍLŒNNNŒËLÌÎMLKL‹ŒL‹ŒMLŽŒŒNÍLKLKÍÌŒËŽÌÌÌËL‹ŒL‹ŒMLŽŒŒNÍL‹KŽLŒÌM‹LKŽMLM‹L‹ŒL‹ŒMLŽŒŒNÍLËLŒLËLKŽLÍÌŽËL‹ŒL‹ŒMLŽŒŒNÍMLKÍÌLMLL‹ŒL‹ŒMLŽŒŒNÍMKLKŒÎMŒÌKLŽÍNNLËL‹ŒL‹ŒMLŽŒŒNÍM‹KLMMLÌKMÍŽMËL‹ŒL‹ŒMLŽŒŒNÍMËL‹ŒŽMÌNKLŒKL‹ŒL‹ŒMLŽŒŒNÍNLŒLLŒM‹L‹ÍÌL‹L‹ŒL‹ŒMLŽŒŒNÍNKLKLL‹L‹ŒŒL‹L‹ŒL‹ŒMLŽŒŒNÍŒLËLÌMLL‹LKŽLÍL‹ŒL‹ŒMLŽŒŒNÍŒKLÍMÌLMË‹ŒMŒŒKL‹ŒL‹ŒMLŽŒŒNÍŒ‹KÎÌKŒÌÌÍL‹ŒL‹ŒMLŽŒŒNÍŒËLËŽÌLÍNLL‹ŒL‹ŒMLŽŒŒNÍÎŒMÌËLKŒKL‹ŒL‹ŒMLŽŒŒNÍKLKŒÌLL‹ŽLLLŽL‹ŒL‹ŒMLŽŒŒNÍ‹L‹ŽÌKLŽLÎKL‹ŒL‹ŒMLŽŒŒNÍËL‹NNŒŽLMLL‹ŒL‹ŒMLŽŒŒNÍŽŒÎMÎNKKŒMMÍŽKL‹ŒL‹ŒMLŽŒŒNÍŽKŒŒL‹ŒL‹ŒMLŽŒŒNÍÌŒŒŽ‹LKŒŒÌ‹L‹ŒL‹ŒMLŽŒŒNÍÌKLNLŒMNŽLL‹ŒL‹ŒMLŽŒŒNÍÌ‹L‹ŒŽŒÎŽMÎMÍ‹L‹ŒL‹ŒMLŽŒŒNÍÌËKŒLÍM‹‹ŒŽNL‹ŒL‹ŒMLŽŒŒNÍÍ‹ŒÌNLLŒÎMŒÌŒL‹ŒL‹ŒMLŽŒŒNÍÍKLKŽL‹LŒLÍÍÍ‹L‹ŒL‹ŒMLŽŒŒNÍÍ‹‹MŒ‹LŒŒNÌML‹ŒL‹ŒMLŽŒŒNÍÍËLÎŽKLŽMLKL‹ŒL‹ŒMLŽŒŒNÍÎLËŒNÍLŒKŽLÌMKL‹ŒL‹ŒMLŽŒŒNÍÎKL‹ŽLŒLŒÌÌŒÌL‹ŒL‹ŒMLŽŒŒNÎŒÎŒNL‹LKÍŒML‹ŒL‹ŒMLŽŒŒNÎKLÎNLMËL‹ŒÌÎMMKL‹ŒL‹ŒMLŽŒŒNÎ‹KŽÎÌËŒÎNMÌLKL‹ŒL‹ŒMLŽŒŒNÎËKŒÌMLKLËŒÍÌËL‹ŒL‹ŒMLŽŒŒNÎLËŒLŒLŽNKLKŒLŒNËL‹ŒL‹ŒMLŽŒŒNÎKŒÌŒNLËNLÍKL‹ŒL‹ŒMLŽŒŒNÎ‹‹ÎÍMËŽLÍÌÍËL‹ŒL‹ŒMLŽŒŒNÎËL‹ŒÍÍMKÌÍËL‹ŒL‹ŒMLŽŒŒNÎËŒŒKKŒNLÎLËL‹ŒL‹ŒMLŽŒŒNÎKL‹ŒÍÌÍMŒÌÌŒÍ‹L‹ŒL‹ŒMLŽŒŒNÎLL‹ŒNNLÍKKLŽMÍËL‹ŒL‹ŒMLŽŒŒNÎLKLKŒÍMË‹ÌLÌKL‹ŒL‹ŒMLŽŒŒNÎL‹ŒŽM‹ÍŒÍÍ‹L‹ŒL‹ŒMLŽŒŒNÎLËLŽLÍËŒŽNMLËL‹ŒL‹ŒMLŽŒŒNÎM‹ŒŒŒMŽKLŽÌKL‹ŒL‹ŒMLŽŒŒNÎMKLKLŒËLKNMÌMËL‹ŒL‹ŒMLŽŒŒNÎM‹LKMŽMMKŒÍMÍKL‹ŒL‹ŒMLŽŒŒNÎMË‹MÌKKŽLMKL‹ŒL‹ŒMLŽŒŒNÎNLÌÌËLŒÍÍŒKL‹ŒL‹ŒMLŽŒŒNÎNKL‹ŒŽ‹ŒLL‹L‹ŒL‹ŒMLŽŒŒNŒMŒŽÍ‹LÎNL‹ŒL‹ŒMLŽŒŒNKŽLÍMÌÍ‹ÍŒŒ‹L‹ŒL‹ŒMLŽŒŒN‹LKŒÌÌKÌŒNL‹ŒL‹ŒMLŽŒŒNËŒŒL‹ŒL‹ŒMLŽŒŒN‹ŒÍLŒŒ‹LLÌÌŒ‹L‹ŒL‹ŒMLŽŒŒNKLKLÌM‹KŽÌŽL‹ŒL‹ŒMLŽŒŒN‹KÎÌ‹LÌLŒL‹ŒL‹ŒMLŽŒŒNË‹ŒMËL‹ŽMŒMÍÍKL‹ŒL‹ŒMLŽŒŒNLŒNMËŒŒÍÍMKL‹ŒL‹ŒMLŽŒŒNKKŽNLËŒMŽÌL‹L‹ŒL‹ŒMLŽŒŒNLËÌMNËŒMŽMÍKL‹ŒL‹ŒMLŽŒŒNLKLŽMËKŒŽŒËL‹ŒL‹ŒMLŽŒŒNL‹‹ŒÍ‹LKŽLL‹ŒL‹ŒMLŽŒŒNLËKŒÍŒMŽKLKŽLMÌNKL‹ŒL‹ŒMLŽŒŒNMKŒÍŒŒËMŒÌÍ‹L‹ŒL‹ŒMLŽŒŒNMKLKŒLMNLŽLŒŽLÎL‹ŒL‹ŒMLŽŒŒNM‹‹ŒLMŒËŒÍÌKL‹ŒL‹ŒMLŽŒŒNMËLŒMÌN‹KMÍŒÎL‹ŒL‹ŒMLŽŒŒNN‹MLLŽŒ‹L‹ŒL‹ŒMLŽŒŒNNKKŒŒLËLŽMMÌŒŽKL‹ŒL‹ŒMLŽŒŒNŒKŒŒŒÎŒÍL‹L‹ŒL‹ŒMLŽŒŒNŒKËÌÍLÍKŽLÌNËL‹ŒL‹ŒMLŽŒŒNŒ‹ŽMMMËÎŒŒKL‹ŒL‹ŒMLŽŒŒNŒËÍŽ‹ŒNMÌL‹ŒL‹ŒMLŽŒŒNËŽÍLŽMLL‹ŒL‹ŒMLŽŒŒNKKŽÌŒKLŒŒMMËL‹ŒL‹ŒMLŽŒŒN‹KÍLËŒLMML‹ŒL‹ŒMLŽŒŒNËËŒŒLÎMËMŒŒMËL‹ŒL‹ŒMLŽŒŒNŽËŽMMŒ‹‹ŒÍÍŽL‹ŒL‹ŒMLŽŒŒNŽKLŒÍN‹LLŽLÌL‹ŒL‹ŒMLŽŒŒNÌÌÍÍMMËKKL‹ŒL‹ŒMLŽŒŒNÌKŒÍÍŒN‹LKŽNNNLL‹ŒL‹ŒMLŽŒŒNÌ‹ŒŒL‹ŒL‹ŒMLŽŒŒNÌËŒŒL‹ŒL‹ŒMLŽŒŒNÍŒŒL‹ŒL‹ŒMLŽŒŒNÍKŒŒL‹ŒL‹ŒMLŽŒŒNÍ‹ŒŒL‹ŒL‹ŒMLŽŒŒNÍËŒŒL‹ŒL‹ŒMLŽŒŒNÎŒŒL‹ŒL‹ŒMLŽŒŒNÎKŒŒL‹ŒL‹ŒMLŽŒŒNŒŒL‹ŒL‹ŒMLŽŒŒNKŒŒL‹ŒL‹ŒMLŽŒŒN‹ŒŒL‹ŒL‹ŒMLŽŒŒNËŒŒL‹ŒL‹ŒMLŽŒŒNŒŒL‹ŒL‹ŒMLŽŒŒNKŒŒL‹ŒL‹ŒMLŽŒŒN‹ŒŒL‹ŒL‹ŒMLŽŒŒNËŒŒL‹ŒL‹ŒMLŽŒŒNŒŒL‹ŒL‹ŒMLŽŒŒNKŒŒL‹ŒL‹ŒMLŽŒŒNLŒŒL‹ŒL‹ŒMLŽŒŒNLKŒŒL‹ŒL‹ŒMLŽŒŒNL‹ŒŒL‹ŒL‹ŒMLŽŒŒNLËŒŒL‹ŒL‹ŒMLŽŒŒNMŒŒL‹ŒL‹ŒMLŽŒŒNMKŒŒL‹ŒL‹ŒMLŽŒŒNM‹ŒŒL‹ŒL‹ŒMLŽŒŒNMËŒŒL‹ŒL‹ŒMLŽŒŒNNŒŒL‹ŒL‹ŒMLŽŒŒNNKŒŒL‹ŒL‹ŒMLŽŒŒNŒŒŒL‹ŒL‹ŒMLŽŒŒNŒKŒŒL‹ŒL‹ŒMLŽŒŒNŒ‹ŒŒL‹ŒL‹ŒMLŽŒŒNŒËŒŒL‹ŒL‹ŒMLŽŒŒNŒŒL‹ŒL‹ŒMLŽŒŒNKŒŒL‹ŒL‹ŒMLŽŒŒN‹ŒŒL‹ŒL‹ŒMLŽŒŒNËŒŒL‹ŒL‹ŒMLŽŒŒNŽŒŒL‹ŒL‹ŒMLŽŒŒNŽKŒŒL‹ŒL‹ŒMLŽŒŒNÌŒŒL‹ŒL‹ŒMLŽŒŒNÌKŒŒL‹ŒL‹ŒMLŽŒŒNÌ‹ŒŒL‹ŒL‹ŒMLŽŒŒNÌËŒŒL‹ŒL‹ŒMLŽŒŒNÍŒŒL‹ŒL‹ŒMLŽŒŒNÍKŒŒL‹ŒL‹ŒMLŽŒŒNÍ‹ŒŒL‹ŒL‹ŒMLŽŒŒNÍËŒŒL‹ŒL‹ŒMLŽŒŒNÎŒŒL‹ŒL‹ŒMLŽŒŒNÎKŒŒL‹ŒL‹ŒMLŽŒŒNŒŒL‹ŒL‹ŒMLŽŒŒNKŒŒL‹ŒL‹ŒMLŽŒŒN‹ŒŒL‹ŒL‹ŒMLŽŒŒNËŒŒL‹ŒL‹ŒMLŽŒŒNŒŒL‹ŒL‹ŒMLŽŒŒNKŒŒL‹ŒL‹ŒMLŽŒŒN‹ŒŒL‹ŒL‹ŒMLŽŒŒNËŒŒL‹ŒL‹ŒMLŽŒŒNŒŒL‹ŒL‹ŒMLŽŒŒNKŒŒL‹ŒL‹ŒMLŽŒŒNLŒŒL‹ŒL‹ŒMLŽŒŒNLKŒŒL‹ŒL‹ŒMLŽŒŒNL‹ŒŒL‹ŒL‹ŒMLŽŒŒNLËŒŒL‹ŒL‹ŒMLŽŒŒNMŒŒL‹ŒL‹ŒMLŽŒŒNMKŒŒL‹ŒL‹ŒMLŽŒŒNM‹ŒŒL‹ŒL‹ŒMLŽŒŒNMËŒŒL‹ŒL‹ŒMLŽŒŒNNŒŒL‹ŒL‹ŒMLŽŒŒNNKŒŒL‹ŒL‹ŒMLŽŒŒNLŒŒL‹ŒL‹ŒMLŽŒŒNLKŒŒL‹ŒL‹ŒMLŽŒŒNL‹ŒŒL‹ŒL‹ŒMLŽŒŒNLËŒŒL‹ŒL‹ŒMLŽŒŒNLŒŒL‹ŒL‹ŒMLŽŒŒNLKŒŒL‹ŒL‹ŒMLŽŒŒNL‹ŒŒL‹ŒL‹ŒMLŽŒŒNLËŒŒL‹ŒL‹ŒMLŽŒŒNLŒŒL‹ŒL‹ŒMLŽŒŒNLKŒŒL‹ŒL‹ŒMLŽŒŒNLLŒŒL‹ŒL‹ŒMLŽŒŒNLLKŒŒL‹ŒL‹ŒMLŽŒŒNLL‹ŒŒL‹ŒL‹ŒMLŽŒŒNLLËŒŒL‹ŒL‹ŒMLŽŒŒNLMŒŒL‹ŒL‹ŒMLŽŒŒNLMKŒŒL‹ŒL‹ŒMLŽŒŒNLM‹ŒŒL‹ŒL‹ŒMLŽŒŒNLMËŒŒL‹ŒL‹ŒMLŽŒŒNLNŒŒL‹ŒL‹ŒMLŽŒŒNLNKŒŒL‹ŒL‹ŒMLŽŒŒNLŒŒŒL‹ŒL‹ŒMLŽŒŒNLŒKŒŒL‹ŒL‹ŒMLŽŒŒNLŒ‹ŒŒL‹ŒL‹ŒMLŽŒŒNLŒËŒŒL‹ŒL‹ŒMLŽŒŒNLŒŒL‹ŒL‹ŒMLŽŒŒNLKŒŒL‹ŒL‹ŒMLŽŒŒNL‹ŒŒL‹ŒL‹ŒMLŽŒŒNLËŒŒL‹ŒL‹ŒMLŽŒŒNLŽMÌÍÍKŒMMNL‹ŒL‹ŒMLŽŒŒNLŽKLŽŒÌKÌÌÍËL‹ŒL‹ŒMLŽŒŒNLÌŒŒL‹ŒL‹ŒMLŽŒŒNLÌKMÌÌŽL‹MMÍÎ‹L‹ŒL‹ŒMLŽŒŒNLÌ‹‹ŒÍNMÌLKŒŽLML‹ŒL‹ŒMLŽŒŒNLÌËLKŒÍLMËM‹NLŒËL‹ŒL‹ŒMLŽŒŒNLÍMÍŒL‹ŒMŽLNNL‹ŒL‹ŒMLŽŒŒNLÍKL‹ÍŒÍKLŽÍÌËL‹ŒL‹ŒMLŽŒŒNLÍ‹KLŒÎKLŒLŒLËL‹ŒL‹ŒMLŽŒŒNLÍËL‹ÍŒLLNLNMŒL‹ŒL‹ŒMLŽŒŒNLÎ‹ŒNÍMËL‹ÍMÌËL‹ŒL‹ŒMLŽŒŒNLÎKLŽMÌÍNKLËŒMLŽNKL‹ŒL‹ŒMLŽŒŒNML‹ŽMŒ‹LKÍÎMŽL‹ŒL‹ŒMLŽŒŒNMKLKŒÌLŒÎKLKŽNÎKL‹ŒL‹ŒMLŽŒŒNM‹ŒŒL‹ŒL‹ŒMLŽŒŒNMËLKŒŽ‹KÌLL‹ŒL‹ŒMLŽŒŒNM‹ŒŒÌÌM‹LKŒÎMLŽL‹ŒL‹ŒMLŽŒŒNMKŒÌŽLKŽÌÍL‹ŒL‹ŒMLŽŒŒNM‹LKŒŽNMËÌMËL‹ŒL‹ŒMLŽŒŒNMËLKLLŒLLKŒÌLL‹ŒL‹ŒMLŽŒŒNMKÍŽL‹ŒŽLLÍ‹L‹ŒL‹ŒMLŽŒŒNMKLKÍLŒNLÌL‹ŒL‹ŒMLŽŒŒNMLŒÍËL‹ŒLŒËL‹ŒL‹ŒMLŽŒŒNMLKLÌÎLLKLLÌŒL‹ŒL‹ŒMLŽŒŒNML‹LËŒÍLÌNKLKŒLÎMËL‹ŒL‹ŒMLŽŒŒNMLËLŽNÌ‹KÎŽL‹ŒL‹ŒMLŽŒŒNMMŒŒL‹ŒL‹ŒMLŽŒŒNMMKLËŽNMLNŽLÍ‹L‹ŒL‹ŒMLŽŒŒNMM‹KŒÍÍÌMLKŒLM‹L‹ŒL‹ŒMLŽŒŒNMMËLŒÌÎMÍ‹L‹ŽLMMÍL‹ŒL‹ŒMLŽŒŒNMNŒŒL‹ŒL‹ŒMLŽŒŒNMNKLKŽLLMKŒŒÍËL‹ŒL‹ŒMLŽŒŒNMŒŒŒL‹ŒL‹ŒMLŽŒŒNMŒKLKÌÍLËKŒÎNKL‹ŒL‹ŒMLŽŒŒNMŒ‹ŒŒL‹ŒL‹ŒMLŽŒŒNMŒËLŒŽNLŒMKMŒÎLŒÍKL‹ŒL‹ŒMLŽŒŒNMŒŒL‹ŒL‹ŒMLŽŒŒNMKKNLMË‹ÌŒÎLËL‹ŒL‹ŒMLŽŒŒNM‹ŒÎKLŒÎKL‹ŒL‹ŒMLŽŒŒNMËLKÌLKŒLÌKL‹ŒL‹ŒMLŽŒŒNMŽËŒMKLŒŒËL‹ŒL‹ŒMLŽŒŒNMŽKŽÎÎKLŽLLMËL‹ŒL‹ŒMLŽŒŒNMÌL‹ŒŒMÎKNNLÌ‹L‹ŒL‹ŒMLŽŒŒNMÌKL‹ŒŽNNŒŒMŽL‹ŒL‹ŒMLŽŒŒNMÌ‹ŒÎMLKŽMÍLL‹ŒL‹ŒMLŽŒŒNMÌËLÌÌÍŒËL‹ÍNLKL‹ŒL‹ŒMLŽŒŒNMÍ‹ŒMMLËLÌÍKL‹ŒL‹ŒMLŽŒŒNMÍKŽLŒÍÌLËŽLÍLŽL‹ŒL‹ŒMLŽŒŒNMÍ‹L‹ŒÍÍÍ‹LKŒÎMMMM‹L‹ŒL‹ŒMLŽŒŒNMÍËLMŒËŒÍLÌÍKL‹ŒL‹ŒMLŽŒŒNMÎ‹ŒNÍËŒMMNKL‹ŒL‹ŒMLŽŒŒNMÎKL‹ŒLKŒÍÌMËL‹ŒL‹ŒMLŽŒŒNN‹ŽMŒMMKLŒLŒMKL‹ŒL‹ŒMLŽŒŒNNKL‹ŒLLMNKMKŒMLMËL‹ŒL‹ŒMLŽŒŒNN‹LKŽŒŒ‹KŽLÌÌÌ‹L‹ŒL‹ŒMLŽŒŒNNËLŽLÌNMË‹ŒMÍÎKL‹ŒL‹ŒMLŽŒŒNNLŒNMÌLKÍÎKL‹ŒL‹ŒMLŽŒŒNNKLKŒMŒLŒLÎMŒL‹ŒL‹ŒMLŽŒŒNN‹‹ŒÍMÎ‹LLLÎN‹L‹ŒL‹ŒMLŽŒŒNNËLŽÍNNKLKŽNMLLËL‹ŒL‹ŒMLŽŒŒNNL‹ŒÍÌÎLÍNLLL‹ŒL‹ŒMLŽŒŒNNK‹ŒÌÍLMKŒMŽÍL‹ŒL‹ŒMLŽŒŒNNLŒLÍŒËLŒÎMLÌËL‹ŒL‹ŒMLŽŒŒNNLKLKŽNMÎMËŒÍLMMKL‹ŒL‹ŒMLŽŒŒNNL‹ËŽÍNMKŽÌLLËL‹ŒL‹ŒMLŽŒŒNNLËKŒÌŒMŽÍMML‹ŒL‹ŒMLŽŒŒNNMLŽMÍÌ‹KÌMLŒÌ‹L‹ŒL‹ŒMLŽŒŒNNMK‹ŒŒMMŒÌËKŽLÌËL‹ŒL‹ŒMLŽŒŒNNM‹KLNKLKŽNÍËL‹ŒL‹ŒMLŽŒŒNNMËLŒLÌK‹ŒŒLÌMËL‹ŒL‹ŒMLŽŒŒNNNKMÎMÌKLŽLMŒÌKL‹ŒL‹ŒMLŽŒŒNNNK‹ŒMÍLÎ‹L‹ŽLML‹ŒL‹ŒMLŽŒŒNŒLNÌLŒŽMLMŒL‹ŒL‹ŒMLŽŒŒNŒKŒŒL‹ŒL‹ŒMLŽŒŒNŒ‹ŒŒŒLŒŒÎL‹ŒL‹ŒMLŽŒŒNŒËLKŒÌLMŒ‹ŽMŒL‹L‹ŒL‹ŒMLŽŒŒNŒKMÌLKL‹ÍÎMLKL‹ŒL‹ŒMLŽŒŒNŒKKMŒNLKŽŽLÎL‹ŒL‹ŒMLŽŒŒNŒ‹KŒÌKËÌŽNKL‹ŒL‹ŒMLŽŒŒNŒËÌËKŒKL‹ŒL‹ŒMLŽŒŒNŒŒŒL‹ŒL‹ŒMLŽŒŒNŒKNLÌKKŒŽŒKL‹ŒL‹ŒMLŽŒŒNŒLMLMÍÌLL‹ŒL‹ŒMLŽŒŒNŒLKKÌÍMÌLKŒLNL‹ŒL‹ŒMLŽŒŒNŒL‹ŒÍÎNKMŒÎLŽKL‹ŒL‹ŒMLŽŒŒNŒLËŒŒL‹ŒL‹ŒMLŽŒŒNŒM‹ŒŒMMMËKŒMKL‹ŒL‹ŒMLŽŒŒNŒMK‹ŒÍÌÍKËŒŒÌÎMÌKL‹ŒL‹ŒMLŽŒŒNŒM‹ŽŽ‹LŒÍÌÍL‹L‹ŒL‹ŒMLŽŒŒNŒMË‹ŒMMÌÍ‹ŒŒ‹L‹ŒL‹ŒMLŽŒŒNŒNŽMLŒŒŽK‹ŒÍÎMËL‹ŒL‹ŒMLŽŒŒNŒNKÌÍÌ‹KŒŽMMÍM‹L‹ŒL‹ŒMLŽŒŒNŒŒËŽMÌŒŒ‹ŒMŒL‹ŒL‹ŒMLŽŒŒNŒŒKŒŒL‹ŒL‹ŒMLŽŒŒNŒŒ‹ŒÍNKŽMÎÍËL‹ŒL‹ŒMLŽŒŒNŒŒËŒLÍŽKL‹ŽMLÌKL‹ŒL‹ŒMLŽŒŒNŒLKŒÍÌMKLŒMLÍÌŽKL‹ŒL‹ŒMLŽŒŒNŒKLKŽMÍKŒMÌËL‹ŒL‹ŒMLŽŒŒNŒ‹KÌÌÍL‹ŒMŒÍÍL‹ŒL‹ŒMLŽŒŒNŒËMKŒLLÍ‹L‹ŒÎNN‹L‹ŒL‹ŒMLŽŒŒNŒŽ‹ŒLÌÎL‹L‹ŒL‹ŒMLŽŒŒNŒŽKLKMŒNMËM‹ŒÎKL‹ŒL‹ŒMLŽŒŒNŒÌMKŒMMŒÍÍËL‹ŒÍËL‹ŒL‹ŒMLŽŒŒNŒÌKL‹ŽMÍMKLŽLNLŽKL‹ŒL‹ŒMLŽŒŒNŒÌ‹ÌNKLÍLLÍËL‹ŒL‹ŒMLŽŒŒNŒÌËLËÌÎNKLŒNMLËL‹ŒL‹ŒMLŽŒŒNŒÍ‹ŒMŒËLŽMLMŒÌKL‹ŒL‹ŒMLŽŒŒNŒÍKLKŒLÍLÍLËŒLM‹L‹ŒL‹ŒMLŽŒŒNŒÍ‹L‹ŽMLKLKLÍNKL‹ŒL‹ŒMLŽŒŒNŒÍËLKŒŽÎKLKNÍËL‹ŒL‹ŒMLŽŒŒNŒÎLŒLNLKÍŒL‹ŒL‹ŒMLŽŒŒNŒÎKLKŒMLKŽLNL‹ŒL‹ŒMLŽŒŒNKÌŒÍNKLKŽLŒMKL‹ŒL‹ŒMLŽŒŒNKLŒŽMÍÌL‹ŒÌŽML‹ŒL‹ŒMLŽŒŒN‹LKŒ‹ŒNÍLLL‹ŒL‹ŒMLŽŒŒNËLKŒŒÎLŽL‹L‹ŒL‹ŒMLŽŒŒNKLÎLMKŒŽKL‹ŒL‹ŒMLŽŒŒNKL‹ŒMÍLÎKMMÌÎMËL‹ŒL‹ŒMLŽŒŒN‹ŒLNNLKŽMÍM‹L‹ŒL‹ŒMLŽŒŒNËLËŒMMÎLŒ‹LKŽLŽNL‹ŒL‹ŒMLŽŒŒNLËŒÍÍKLKŒŒŽKL‹ŒL‹ŒMLŽŒŒNKLÍNŽKŽL‹L‹ŒL‹ŒMLŽŒŒNLKŒLÎÍL‹ŒL‹ŒMLŽŒŒNLKMMNNLËLKNÌKL‹ŒL‹ŒMLŽŒŒNL‹NLÍL‹LKŒMŒÎNL‹ŒL‹ŒMLŽŒŒNLËLŒÌLÍKL‹ŒMLËL‹ŒL‹ŒMLŽŒŒNML‹ŒNLËLŒMÌKL‹ŒL‹ŒMLŽŒŒNMKL‹ŒŒŒN‹ÍŽLL‹ŒL‹ŒMLŽŒŒNM‹LŽLÌMLÌŒMŽL‹ŒL‹ŒMLŽŒŒNMËL‹ŒÌ‹ŒLÌ‹L‹ŒL‹ŒMLŽŒŒNNLŒÌÍM‹L‹ŒLÌL‹ŒL‹ŒMLŽŒŒNNKLŽMŒÎŒKMKŒLÍÍŒKL‹ŒL‹ŒMLŽŒŒNŒL‹ŒŒMŽLLMÌ‹L‹ŒL‹ŒMLŽŒŒNŒKKÎNNMÌK‹ŒMÍÌÍËL‹ŒL‹ŒMLŽŒŒNŒ‹‹ŒŽŒËLŒŒËL‹ŒL‹ŒMLŽŒŒNŒËL‹ŒÌÍŒLLŽLÌL‹L‹ŒL‹ŒMLŽŒŒN‹ŒNLŒÌËLŽMŽKL‹ŒL‹ŒMLŽŒŒNKÍLL‹LŒLLLÌL‹ŒL‹ŒMLŽŒŒN‹L‹ŽLŒËKŒMŽLMËL‹ŒL‹ŒMLŽŒŒNËLKŽNLKŒŒÍŒÎKL‹ŒL‹ŒMLŽŒŒNŽMLÍÍ‹LKŒŽLŽMŒL‹ŒL‹ŒMLŽŒŒNŽKLKŒÍLŒNKL‹MNNKL‹ŒL‹ŒMLŽŒŒNÌ‹ŒÍÎŒ‹L‹ŒL‹ŒMLŽŒŒNÌKŽNNLLLËŒLÎŽL‹ŒL‹ŒMLŽŒŒNÌ‹LËLÎÌKLKLÌÌËL‹ŒL‹ŒMLŽŒŒNÌËŒMÎLŽLMNLL‹ŒL‹ŒMLŽŒŒNÍ‹ŒNMŽKŒLŽËL‹ŒL‹ŒMLŽŒŒNÍKL‹MMLËŒÌMÍKL‹ŒL‹ŒMLŽŒŒNÍ‹ËŒNLŒÌKŒMMMKL‹ŒL‹ŒMLŽŒŒNÍËLKÌLLMŒÍÎNLL‹L‹ŒL‹ŒMLŽŒŒNÎL‹ŒKŽLŽLŒËL‹ŒL‹ŒMLŽŒŒNÎKLLÌŽL‹ÍÎL‹ŒL‹ŒMLŽŒŒNŽKŒÌMŒKKŒÌLÎNËL‹ŒL‹ŒMLŽŒŒNŽKLKŽMMNLLKLŽLNNKL‹ŒL‹ŒMLŽŒŒNŽ‹‹ŒÌŒNLŒÎÎM‹L‹ŒL‹ŒMLŽŒŒNŽËLKŒLKŽL‹L‹ŒL‹ŒMLŽŒŒNŽLKKŒŒÎMLËL‹ŒL‹ŒMLŽŒŒNŽK‹NNMKKÌMLËL‹ŒL‹ŒMLŽŒŒNŽ‹ËŽLMŒKLŒŒÌŽMKL‹ŒL‹ŒMLŽŒŒNŽËLKŒŽNKŽMMËL‹ŒL‹ŒMLŽŒŒNŽŽMMNKKÌÌKL‹ŒL‹ŒMLŽŒŒNŽKLŒÍLMKLŒLÎMKL‹ŒL‹ŒMLŽŒŒNŽLLKNMŽLŽMŽL‹ŒL‹ŒMLŽŒŒNŽLK‹ŒLÌK‹ŒMLKL‹ŒL‹ŒMLŽŒŒNŽL‹KŒÍLÌMËLKÍLËL‹ŒL‹ŒMLŽŒŒNŽLËLMNË‹ŒŒËL‹ŒL‹ŒMLŽŒŒNŽMKŽMÍÎKLŽÌÎKL‹ŒL‹ŒMLŽŒŒNŽMK‹MŒLMËL‹ÌLMKL‹ŒL‹ŒMLŽŒŒNŽM‹LMŒÌKŒÍMLŽKL‹ŒL‹ŒMLŽŒŒNŽMËKŒŽK‹ŽMNKL‹ŒL‹ŒMLŽŒŒNŽNËÌŽLŒLŒLÍŽL‹ŒL‹ŒMLŽŒŒNŽNKLLÌ‹KŽLÌŒL‹ŒL‹ŒMLŽŒŒNÌKŒÎLLKL‹ŽMÎËL‹ŒL‹ŒMLŽŒŒNÌKKŽŽKLKŒLLMKL‹ŒL‹ŒMLŽŒŒNÌ‹‹ŒMÌL‹ŽÍL‹L‹ŒL‹ŒMLŽŒŒNÌËŽNMŒKKŽLÎKL‹ŒL‹ŒMLŽŒŒNÌËŒÍKKŒLÍLŒÌKL‹ŒL‹ŒMLŽŒŒNÌKŒŒMÌËKLÍŒËL‹ŒL‹ŒMLŽŒŒNÌ‹ËŽNL‹ŽLÎNL‹ŒL‹ŒMLŽŒŒNÌËÍMMLLKŒÌŽMM‹L‹ŒL‹ŒMLŽŒŒNÌKŒNMŒŽKŒŒÎNL‹ŒL‹ŒMLŽŒŒNÌKËNMM‹MLÌML‹L‹ŒL‹ŒMLŽŒŒNÌLKŒÌÌNMKŒLM‹L‹ŒL‹ŒMLŽŒŒNÌLKÍKËŒNLKL‹ŒL‹ŒMLŽŒŒNÌL‹LMŒŒMM‹L‹ŒL‹ŒMLŽŒŒNÌLËŒÍÌMŽNKLKÍLÌËL‹ŒL‹ŒMLŽŒŒNÌMKMMÌÍ‹ËŒÌÎLL‹L‹ŒL‹ŒMLŽŒŒNÌMKËŒŒLŽMLŽŽL‹ŒL‹ŒMLŽŒŒNÌM‹ËŽLŒÌ‹ŒŒŽML‹ŒL‹ŒMLŽŒŒNÌMËŒÌŒMKËŒÍLLÍËL‹ŒL‹ŒMLŽŒŒNÌNKŒLLŒÍË‹ŒNLŽLÌËL‹ŒL‹ŒMLŽŒŒNÌNKÌMŒMKL‹ŒLÍMMKL‹ŒL‹ŒMLŽŒŒNÌŒLKŒŽNKŒMÌÍ‹L‹ŒL‹ŒMLŽŒŒNÌŒKLKŽLLÌL‹ŒL‹ŒMLŽŒŒNÌŒ‹‹ŒÎMÎMKLKNMKL‹ŒL‹ŒMLŽŒŒNÌŒËMKŒÍL‹ÌŒL‹L‹ŒL‹ŒMLŽŒŒNÌ‹ŒLÍŽLŽL‹ŒL‹ŒMLŽŒŒNÌKLŒLÌËM‹ŒÌÌËL‹ŒL‹ŒMLŽŒŒNÌ‹MŒLŒÍMLKLKŒÌÎKL‹ŒL‹ŒMLŽŒŒNÌËLËLÍ‹LKLÌÎL‹ŒL‹ŒMLŽŒŒNÌŽKŒÎLKŒMLÍKL‹ŒL‹ŒMLŽŒŒNÌŽKLËŒÎLNLŒÌL‹ŒL‹ŒMLŽŒŒNÌÌKŒMMÍËLKŒÌŽMŒËL‹ŒL‹ŒMLŽŒŒNÌÌKLKLÍNKLËŒÎÍËL‹ŒL‹ŒMLŽŒŒNÌÌ‹LËŒLÌŽMËLKŒŽKL‹ŒL‹ŒMLŽŒŒNÌÌËLKŒÍ‹L‹ŒÍŒL‹ŒL‹ŒMLŽŒŒNÌÍLŒÎŒÎŒÍÌ‹L‹ŒL‹ŒMLŽŒŒNÌÍKL‹ŒŽMMNÍM‹L‹ŒL‹ŒMLŽŒŒNÌÍ‹KŽŽÍÌLKÎLŽL‹ŒL‹ŒMLŽŒŒNÌÍËŒMŽLKL‹ŒNËL‹ŒL‹ŒMLŽŒŒNÌÎLKŽLKLŒNÎLKL‹ŒL‹ŒMLŽŒŒNÌÎKLŽNŒLÌÎŒL‹L‹ŒL‹ŒMLŽŒŒNÍKŒMMŒLÌN‹L‹ŒL‹ŒMLŽŒŒNÍKL‹ŒLÎŽMML‹ŒL‹ŒMLŽŒŒNÍ‹ŒŒÍÎKL‹ŒŽMŽKL‹ŒL‹ŒMLŽŒŒNÍËLŽNŒÍLKLKÌŒÌŒËL‹ŒL‹ŒMLŽŒŒNÍL‹ŽÍÍÍ‹LKŒMÌŒL‹ŒL‹ŒMLŽŒŒNÍKLŒÎÎLK‹ŒÌŒÌËL‹ŒL‹ŒMLŽŒŒNÍ‹‹ŒŒÍËKMÌÎKL‹ŒL‹ŒMLŽŒŒNÍËLËÍŽNÌËLŽÍMÍËL‹ŒL‹ŒMLŽŒŒNÍŒŒL‹ŒL‹ŒMLŽŒŒNÍKŒÌKL‹ŒÌŒKL‹ŒL‹ŒMLŽŒŒNÍLŒŒL‹ŒL‹ŒMLŽŒŒNÍLKLKŒLÍLËKŒNKL‹ŒL‹ŒMLŽŒŒNÍL‹ŒŒL‹ŒL‹ŒMLŽŒŒNÍLËLKŒNÍÌŽLÌŒM‹L‹ŒL‹ŒMLŽŒŒNÍMŒŒL‹ŒL‹ŒMLŽŒŒNÍMKLŒÌŒLŒËMLŒMKL‹ŒL‹ŒMLŽŒŒNÍM‹ŒŒL‹ŒL‹ŒMLŽŒŒNÍMËKŒÎLŒÌ‹‹LLÌ‹L‹ŒL‹ŒMLŽŒŒNÍNŒŒL‹ŒL‹ŒMLŽŒŒNÍNKL‹ŒŽMKLŒÍMKL‹ŒL‹ŒMLŽŒŒNÍŒŒŒL‹ŒL‹ŒMLŽŒŒNÍŒKKŒÌŒLŒML‹ŒL‹ŒMLŽŒŒNÍŒ‹L‹ŒŽÍLËKÍÎNLNKL‹ŒL‹ŒMLŽŒŒNÍŒËL‹ŒMŽÍÍKŒŒÍŒÎNKL‹ŒL‹ŒMLŽŒŒNÍŽŽLKLKŒNKL‹ŒL‹ŒMLŽŒŒNÍKLŒÎÍÌL‹ŒÌNNLL‹ŒL‹ŒMLŽŒŒNÍ‹KŽMŒ‹ŒÎML‹L‹ŒL‹ŒMLŽŒŒNÍËMMËLËŒÎMÌÌKL‹ŒL‹ŒMLŽŒŒNÍŽLËŒÍÌŽKLKŒMÍLLKL‹ŒL‹ŒMLŽŒŒNÍŽKLŒMÌL‹KŒŒŽ‹L‹ŒL‹ŒMLŽŒŒNÍÌ‹ŽLÎKKŒÍŒLÌËL‹ŒL‹ŒMLŽŒŒNÍÌKL‹ŒÌŒÎM‹ŒÎLÌL‹ŒL‹ŒMLŽŒŒNÍÌ‹‹ŽMŽLÍËŒMNNKL‹ŒL‹ŒMLŽŒŒNÍÌËL‹ŒŒÌŽMMËMKŒLNËL‹ŒL‹ŒMLŽŒŒNÍÍLKLMÍNKŒŒÍ‹L‹ŒL‹ŒMLŽŒŒNÍÍKLŒŽMÌËËŒŒÌÍKL‹ŒL‹ŒMLŽŒŒNÍÍ‹LŒÎMŽKŒŽMMKL‹ŒL‹ŒMLŽŒŒNÍÍËLKŒLŽMÍMŒLMÌNL‹ŒL‹ŒMLŽŒŒNÍÎ‹ÌÌÍLŒKLŒŒNŒËL‹ŒL‹ŒMLŽŒŒNÍÎKLKÍMÌŒ‹LKŽMŒL‹L‹ŒL‹ŒMLŽŒŒNÎLKŽŒÍÌÍŒMŒŒL‹ŒL‹ŒMLŽŒŒNÎK‹ŽŒMŒ‹KŽÍL‹ŒL‹ŒMLŽŒŒNÎ‹ËŽLLŒŽLKLŒÌKL‹ŒL‹ŒMLŽŒŒNÎËLKŒÍLŒŽKŽMMÎÌKL‹ŒL‹ŒMLŽŒŒNÎËŽLŒMMÌŽLÎLÍÌL‹ŒL‹ŒMLŽŒŒNÎKÍŒÌŽNŽÌÎL‹ŒL‹ŒMLŽŒŒNÎ‹LKŽÌÌ‹ŽŽLNL‹ŒL‹ŒMLŽŒŒNÎË‹ÍÌN‹‹ŒNMMŒL‹ŒL‹ŒMLŽŒŒNÎKÌËLKŒLÎMNKL‹ŒL‹ŒMLŽŒŒNÎKLKŒŒÎNKKŽMŽLLËL‹ŒL‹ŒMLŽŒŒNÎLKŒLNLLKŒŒÍŒ‹L‹ŒL‹ŒMLŽŒŒNÎLK‹ŒŽÌËL‹ÌŒÌMLKL‹ŒL‹ŒMLŽŒŒNÎL‹LÍŒŒŽŽL‹ŒL‹ŒMLŽŒŒNÎLËKŒŽM‹ËŒÌLLÎL‹ŒL‹ŒMLŽŒŒNÎMËËLŒÍLLËL‹ŒL‹ŒMLŽŒŒNÎMKLKLLÌMÍËKŒŽLÌLŽKL‹ŒL‹ŒMLŽŒŒNÎM‹NMŒKL‹ÌMÍKL‹ŒL‹ŒMLŽŒŒNÎMËKÌM‹LKŽLÎL‹ŒL‹ŒMLŽŒŒNÎNKŒÌMÌÍLKŒŽLMËL‹ŒL‹ŒMLŽŒŒNÎNKLÍÌMËÌÎKL‹ŒL‹ŒMLŽŒŒN‹ŒŒÍËŒMËL‹ŒL‹ŒMLŽŒŒNKLŒMLLŒKKÍÌÌKL‹ŒL‹ŒMLŽŒŒN‹ËŒLMŽLŒÌŒÎML‹ŒL‹ŒMLŽŒŒNËÌLŒ‹LKŽLÍ‹L‹ŒL‹ŒMLŽŒŒNŒŽÌMËÌÍÍLËL‹ŒL‹ŒMLŽŒŒNKËŒÌŒÍ‹ŒÍMLL‹ŒL‹ŒMLŽŒŒN‹ŒÌŒÍÎMKLMLLÎKL‹ŒL‹ŒMLŽŒŒNËŒŒL‹ŒL‹ŒMLŽŒŒNËŒŒŒÎMÍ‹LKLŽNÎL‹ŒL‹ŒMLŽŒŒNKKÍM‹LŒŒMŒ‹L‹ŒL‹ŒMLŽŒŒNLLŒÍÍÎMËKŒÌËL‹ŒL‹ŒMLŽŒŒNLK‹ÌŒÌŒŒÎŒÍÌL‹ŒL‹ŒMLŽŒŒNL‹ËŒLÌÍMÌKLNM‹L‹ŒL‹ŒMLŽŒŒNLËMMÍLŒKËÍÌKL‹ŒL‹ŒMLŽŒŒNMKŒŒŒÎKKMÍLÍNKL‹ŒL‹ŒMLŽŒŒNMKŒŒL‹ŒL‹ŒMLŽŒŒNM‹ŒŒL‹ŒL‹ŒMLŽŒŒNMËNK‹ŒÌLÎËL‹ŒL‹ŒMLŽŒŒNN‹ŒMLML‹LKLÍL‹ŒL‹ŒMLŽŒŒNNKMKŒÍNKLKÍŒMLKL‹ŒL‹ŒMLŽŒŒNŒ‹ŒMNNLNLNNL‹ŒL‹ŒMLŽŒŒNŒKLKŒNLÍM‹ÌMM‹L‹ŒL‹ŒMLŽŒŒNŒ‹MŒÌLÍŽKL‹ŒÍLKL‹ŒL‹ŒMLŽŒŒNŒËLËŒÍMLKLÎNLÎL‹ŒL‹ŒMLŽŒŒNŒLKLMŒMKL‹ŒL‹ŒMLŽŒŒNKL‹ŽMMŽËŽÌÌKL‹ŒL‹ŒMLŽŒŒN‹KŒLLÍËLKŒÍÍLËL‹ŒL‹ŒMLŽŒŒNËLKŽMÌLËNMMLL‹ŒL‹ŒMLŽŒŒNŽLËÎMÌŒ‹LKÍŽNL‹ŒL‹ŒMLŽŒŒNŽKLKŒÍËLKÌLMKL‹ŒL‹ŒMLŽŒŒNÌŒŒL‹ŒL‹ŒMLŽŒŒNÌKLKŒLÌÍŒËKLŒÍKL‹ŒL‹ŒMLŽŒŒNÌ‹KŒÌÎLKL‹ŒÌLÌLKL‹ŒL‹ŒMLŽŒŒNÌËLŒMÍÌKLKÎNLÍËL‹ŒL‹ŒMLŽŒŒNÍLKLMLÌ‹ŒÎLÌŒL‹ŒL‹ŒMLŽŒŒNÍKLŽÍNLLŒML‹L‹ŒL‹ŒMLŽŒŒNÍ‹KŒŒÌÍ‹ŒL‹ŒL‹ŒMLŽŒŒNÍËL‹ŒŒÌŽMËŒÍÌËL‹ŒL‹ŒMLŽŒŒNÎŒÌNKL‹ŒNLKL‹ŒL‹ŒMLŽŒŒNÎKLKŒÍÌŽMMKLKÎMËL‹ŒL‹ŒMLŽŒŒNLËŒNMNLËLKÌËL‹ŒL‹ŒMLŽŒŒNKLŽŒMŽMKKŽMÌLËL‹ŒL‹ŒMLŽŒŒN‹KŽÎMŒŒËKŒÎLMÎKL‹ŒL‹ŒMLŽŒŒNËLËŒÎNKLŒÍLMËL‹ŒL‹ŒMLŽŒŒNMŒLKLKŒLLÍLKL‹ŒL‹ŒMLŽŒŒNKLŽLŒLŒ‹L‹ŒŽÍML‹ŒL‹ŒMLŽŒŒN‹L‹ŽLLNKLMMËL‹ŒL‹ŒMLŽŒŒNËL‹MÎNLŒÌŒÎÍL‹ŒL‹ŒMLŽŒŒNLKŒŽŒÌM‹L‹ŒL‹ŒMLŽŒŒNKLKÎÍŒÌ‹L‹ŒL‹ŒMLŽŒŒNLLŽÎNL‹ŒÍNMÌL‹ŒL‹ŒMLŽŒŒNLKLLŒÎMÎKMŒÍKL‹ŒL‹ŒMLŽŒŒNL‹L‹LŒLMËÍÎŒËL‹ŒL‹ŒMLŽŒŒNLËKŒŽLMÌË‹ŒKL‹ŒL‹ŒMLŽŒŒNMKŽŒÎLŒÎLÍ‹L‹ŒL‹ŒMLŽŒŒNMKLKŽÌKLŒÌLÌMËL‹ŒL‹ŒMLŽŒŒNM‹‹ŒLMNLŒŒNML‹ŒL‹ŒMLŽŒŒNMËKŒŒŒÍKŒMÎNKL‹ŒL‹ŒMLŽŒŒNNL‹ŽÍLÌKKMÎKL‹ŒL‹ŒMLŽŒŒNNKL‹ŒÍÌËLŒMNMKL‹ŒL‹ŒMLŽŒŒNŒMÍÌNLKŒM‹L‹ŒL‹ŒMLŽŒŒNŒKLÌLÍŽKL‹ÌMKL‹ŒL‹ŒMLŽŒŒNŒ‹KŒLÍLLKŒŒŒŽÍËL‹ŒL‹ŒMLŽŒŒNŒËŒÍLËLËŽNÌÌËL‹ŒL‹ŒMLŽŒŒNLËLLÌLKŽMÎL‹ŒL‹ŒMLŽŒŒNKŒÌLËŽNMŒÍLËL‹ŒL‹ŒMLŽŒŒN‹‹ŒÎLËŒÌÌLMKL‹ŒL‹ŒMLŽŒŒNËLËŒÍÎL‹LŒŒMMÌL‹ŒL‹ŒMLŽŒŒNŽ‹ŒŽLLKLNLÌKL‹ŒL‹ŒMLŽŒŒNŽKL‹ŽŒKMÍÎŒKL‹ŒL‹ŒMLŽŒŒNÌLKÌLŽMËKŽMNLÍKL‹ŒL‹ŒMLŽŒŒNÌKLKŒNÎLMË‹ÍŒNNKL‹ŒL‹ŒMLŽŒŒNÌ‹LŒNLNKŽMÍŽLKL‹ŒL‹ŒMLŽŒŒNÌËLKŒŒŒËLŒŽLLKL‹ŒL‹ŒMLŽŒŒNÍ‹ŒÎLŒKLŒÍÎÍËL‹ŒL‹ŒMLŽŒŒNÍKL‹ŒŒÍÍML‹LŒŒL‹ŒL‹ŒMLŽŒŒNÍ‹L‹ŒŒŽMÍŒLŒÍÍML‹ŒL‹ŒMLŽŒŒNÍË‹MÍLÌM‹KÌŒÍL‹ŒL‹ŒMLŽŒŒNÎKŒÌM‹KŒMÌN‹L‹ŒL‹ŒMLŽŒŒNÎKLKŽLLŽMËŒŒÍMÌKL‹ŒL‹ŒMLŽŒŒNËŽMŽLÌL‹ŒL‹ŒMLŽŒŒNKŒÌNŒËŒÍÌMÌËL‹ŒL‹ŒMLŽŒŒN‹LKŒÍÎÍKŒLŒ‹L‹ŒL‹ŒMLŽŒŒNË‹ŽMLŒLË‹ŒŒNKL‹ŒL‹ŒMLŽŒŒNKŒÌŽNLKÌMŒLL‹ŒL‹ŒMLŽŒŒNKLKŒŒŽLÍË‹ŒNMŽKL‹ŒL‹ŒMLŽŒŒN‹ŽLNKLKŒMÍLKL‹ŒL‹ŒMLŽŒŒNËKŒLŒLÎM‹LËÌM‹L‹ŒL‹ŒMLŽŒŒNLŒMNLLKÍMKL‹ŒL‹ŒMLŽŒŒNKËÌMMÍKÌÌNŽKL‹ŒL‹ŒMLŽŒŒNLŒÌŽLŽŒL‹ŒL‹ŒMLŽŒŒNLKLŽMŽMKKŒŒÍLKL‹ŒL‹ŒMLŽŒŒNL‹KÎLKL‹ŒŽÌÌÌËL‹ŒL‹ŒMLŽŒŒNLËKŽMÎMLKŒNÌÌL‹ŒL‹ŒMLŽŒŒNMKŒMLLŒÌ‹ŒN‹L‹ŒL‹ŒMLŽŒŒNMKŒÌŒÌMKŒÍLŒ‹L‹ŒL‹ŒMLŽŒŒNM‹KŽÍM‹ŒLNL‹ŒL‹ŒMLŽŒŒNMËLKŒLŒLKÍÍÌËL‹ŒL‹ŒMLŽŒŒNN‹ŽLKLŽLLÍMËL‹ŒL‹ŒMLŽŒŒNNKŽMŒÍ‹LKÌÍML‹ŒL‹ŒMLŽŒŒNLŽMNËKŒLÎKL‹ŒL‹ŒMLŽŒŒNLKËŽMLÍ‹ÎLM‹L‹ŒL‹ŒMLŽŒŒNL‹KŽLŒÍËKŽMLËL‹ŒL‹ŒMLŽŒŒNLËKŒÍLÎËŒMMŒL‹ŒL‹ŒMLŽŒŒNLÎÍŒ‹ŒÌÌNL‹L‹ŒL‹ŒMLŽŒŒNLKKŒÎMÌŒKLŒMMLÍËL‹ŒL‹ŒMLŽŒŒNL‹ŽÌÍ‹ŒÌÍL‹ŒL‹ŒMLŽŒŒNLËËLMLÎÌMŒLÌ‹L‹ŒL‹ŒMLŽŒŒNLËŒMLŒËKŽŽLËL‹ŒL‹ŒMLŽŒŒNLKŽL‹ËŒLÌŒ‹L‹ŒL‹ŒMLŽŒŒNLLŒÍŒKŽMNLKL‹ŒL‹ŒMLŽŒŒNLLKŽLŒÍÌÍ‹LKŒMÎL‹ŒL‹ŒMLŽŒŒNLL‹ŒÌÌÍÌLKÌMN‹L‹ŒL‹ŒMLŽŒŒNLLËLŒÎÌMÌ‹KŒŽÌŽM‹L‹ŒL‹ŒMLŽŒŒNLMKŒÍMŽLKŽLLLL‹ŒL‹ŒMLŽŒŒNLMKMKŽŒKL‹ŒÎLŒŒËL‹ŒL‹ŒMLŽŒŒNLM‹KŽLMLÍÌL‹L‹ŒL‹ŒMLŽŒŒNLMËLKŽÍMÎM‹ŒŒÍL‹ŒL‹ŒMLŽŒŒNLNMNLŽMKL‹ŒÌŒÌKL‹ŒL‹ŒMLŽŒŒNLNKLËŒÌŽMÌLKLKŒMMKL‹ŒL‹ŒMLŽŒŒNLŒKLÌMMNŒLÎŽL‹ŒL‹ŒMLŽŒŒNLŒKL‹ŒMŽLÍÍÍÎNL‹ŒL‹ŒMLŽŒŒNLŒ‹KŒLLÍŒÍ‹LKÍŽML‹ŒL‹ŒMLŽŒŒNLŒËLLNLKLËŒÌMÎKL‹ŒL‹ŒMLŽŒŒNLLËŒNËLKŽNLŽMKL‹ŒL‹ŒMLŽŒŒNLKLKNÍLMKL‹ŒŒKL‹ŒL‹ŒMLŽŒŒNL‹LMLÌËLŽÌÍÌKL‹ŒL‹ŒMLŽŒŒNLËLKÍÍÍL‹KMLM‹L‹ŒL‹ŒMLŽŒŒNLŽKÍNL‹ŒÌŒŽL‹ŒL‹ŒMLŽŒŒNLŽKLŒÎÎNËL‹ŒMÍLKL‹ŒL‹ŒMLŽŒŒNLÌL‹ŒLMÎKŒMNKL‹ŒL‹ŒMLŽŒŒNLÌKLKŒÍÍÎKLKŒŒMLÌËL‹ŒL‹ŒMLŽŒŒNLÌ‹KŒÌÌNËŒÍÌÍMËL‹ŒL‹ŒMLŽŒŒNLÌËLKŽMMMËŒÌŒÎMËL‹ŒL‹ŒMLŽŒŒNLÍLŒÌL‹LŒLÎL‹ŒL‹ŒMLŽŒŒNLÍKLKŒLMËLKÌÍLËL‹ŒL‹ŒMLŽŒŒNLÍ‹LËŒM‹LKNLŒ‹L‹ŒL‹ŒMLŽŒŒNLÍËLKŒŽMŽ‹KŒÎNL‹ŒL‹ŒMLŽŒŒNLÎKÍM‹KŒŽLLL‹ŒL‹ŒMLŽŒŒNLÎKMŒÍÌËLKŒŽKL‹ŒL‹ŒMLŽŒŒNMKŒMNMMNLNLŒÎL‹ŒL‹ŒMLŽŒŒNMKLKŒNÍŒM‹LËŒMŒNLŒL‹ŒL‹ŒMLŽŒŒNM‹ŒŒL‹ŒL‹ŒMLŽŒŒNMËLKNNËŒÌŒLKL‹ŒL‹ŒMLŽŒŒNMŒŒL‹ŒL‹ŒMLŽŒŒNMKL‹ŒNNŒËŽLËL‹ŒL‹ŒMLŽŒŒNM‹ŒŒL‹ŒL‹ŒMLŽŒŒNMËLŽŒL‹MŒMÌŽL‹ŒL‹ŒMLŽŒŒNMŒŒL‹ŒL‹ŒMLŽŒŒNMKKŒÌMË‹ŒÍMŽKL‹ŒL‹ŒMLŽŒŒNMLŒŒL‹ŒL‹ŒMLŽŒŒNMLKL‹ŒMÍŽMLNNLÍL‹ŒL‹ŒMLŽŒŒNML‹ŒŒL‹ŒL‹ŒMLŽŒŒNMLËKÍÍÌËKŒMLMKL‹ŒL‹ŒMLŽŒŒNMMŒŒL‹ŒL‹ŒMLŽŒŒNMMKŒŒL‹ŒL‹ŒMLŽŒŒNMM‹LNM‹LKŒÍMŒŽLL‹ŒL‹ŒMLŽŒŒNMMËLŒÌÌMNLKŽLMŒ‹L‹ŒL‹ŒMLŽŒŒNMNKŒÍŒÌÍKLŒŒÎLKL‹ŒL‹ŒMLŽŒŒNMNKŒÌÍŒLNLËŒÎÌÍLL‹ŒL‹ŒMLŽŒŒNMŒMŒLMÌËL‹ŒÍMŒŒËL‹ŒL‹ŒMLŽŒŒNMŒKLŒLÌŒKÌÎLLKL‹ŒL‹ŒMLŽŒŒNMŒ‹‹ŽŒLÌÌŒÎL‹ŒL‹ŒMLŽŒŒNMŒËLKŽLMŒMKŒÌŽKL‹ŒL‹ŒMLŽŒŒNM‹ŽMMMKKŒÌÍŒŒÍKL‹ŒL‹ŒMLŽŒŒNMKLKŽNLÍŒ‹MÍŽÌL‹ŒL‹ŒMLŽŒŒNM‹LKŽMLÌÎLKKŒMŽËL‹ŒL‹ŒMLŽŒŒNMËLÎ‹MÌŒŽML‹ŒL‹ŒMLŽŒŒNMŽLŒÍŽKLŒLŽŒËL‹ŒL‹ŒMLŽŒŒNMŽKŒŒL‹ŒL‹ŒMLŽŒŒNMÌKŽLNKLŽMÌLËL‹ŒL‹ŒMLŽŒŒNMÌKLKÎMMLKL‹MMLÎKL‹ŒL‹ŒMLŽŒŒNMÌ‹LKŽLLÍNLŒÍÌL‹ŒL‹ŒMLŽŒŒNMÌË‹ÎMÍKKŽÍKL‹ŒL‹ŒMLŽŒŒNMÍŒLMŒŒLŒMÌML‹ŒL‹ŒMLŽŒŒNMÍKLKŽMLÌŒLML‹ŒL‹ŒMLŽŒŒNMÍ‹ËŒŒNMÍŽŽNL‹ŒL‹ŒMLŽŒŒNMÍËKŒÎLÍ‹ŽÌMÌ‹L‹ŒL‹ŒMLŽŒŒNMÎLKNLKŒŽMÍL‹ŒL‹ŒMLŽŒŒNMÎKKŽŒLÌÎKŒMŒNL‹ŒL‹ŒMLŽŒŒNN‹ŒŒŒŒL‹LŽLLÍÍL‹ŒL‹ŒMLŽŒŒNNKLKŒNÎKKŽMŒKL‹ŒL‹ŒMLŽŒŒNN‹KŒMLŽNLÌ‹L‹ŒL‹ŒMLŽŒŒNNË‹ŒNLÎL‹LÎŒ‹L‹ŒL‹ŒMLŽŒŒNNLŒMÌÍMËMNÍKL‹ŒL‹ŒMLŽŒŒNNKKŒÍÍK‹ŽLNŽKL‹ŒL‹ŒMLŽŒŒNN‹ËŒŒLŒ‹LŒŒÌL‹ŒL‹ŒMLŽŒŒNNËLKÍMŒËKŒÎLËL‹ŒL‹ŒMLŽŒŒNNŒÌŒÌLËÌŒLL‹ŒL‹ŒMLŽŒŒNNKŽLMŒL‹ŒLŒŽÍ‹L‹ŒL‹ŒMLŽŒŒNNLKŒÌÍÌÌËŒMËL‹ŒL‹ŒMLŽŒŒNNLKMÍMÎKŽŒMMŒL‹ŒL‹ŒMLŽŒŒNNL‹‹MÍŒÎKNKL‹ŒL‹ŒMLŽŒŒNNLËLŒÎLÌÍKŒMŽM‹L‹ŒL‹ŒMLŽŒŒNNM‹ŒMŽŒNKLŽLÍÍMKL‹ŒL‹ŒMLŽŒŒNNMKŽÍŒŒMKLKŒÎNMKL‹ŒL‹ŒMLŽŒŒNNM‹KŒLLMÎÌÍMÍM‹L‹ŒL‹ŒMLŽŒŒNNMËËŽLÌŒÌKŽLËL‹ŒL‹ŒMLŽŒŒNNNKNLÌLKKŒÎMÍÍËL‹ŒL‹ŒMLŽŒŒNNNKKŽŒLÎKËŒŽÍËL‹ŒL‹ŒMLŽŒŒNLÌŒLŒÍMÌL‹ŒL‹ŒMLŽŒŒNLK‹ŒŒÌ‹ŒÎLL‹ŒL‹ŒMLŽŒŒNL‹ŒÍÌK‹ŒÎÍLËL‹ŒL‹ŒMLŽŒŒNLËËŒŽM‹ŒÎLLNL‹L‹ŒL‹ŒMLŽŒŒNLËŒŒÎKŽL‹ŒL‹ŒMLŽŒŒNLKÍŽËŒMŒML‹L‹ŒL‹ŒMLŽŒŒNL‹ŒÌŒÌÎKNMML‹ŒL‹ŒMLŽŒŒNLËKŒMNLKMLÌÍ‹L‹ŒL‹ŒMLŽŒŒNLLÌ‹ŒÌLŽL‹ŒL‹ŒMLŽŒŒNLKLKŒLÌÌM‹L‹ŒL‹ŒMLŽŒŒNLLKŽLNKL‹ŒÌÍÌÍËL‹ŒL‹ŒMLŽŒŒNLLKMKŒÌ‹L‹ŒLMÎL‹ŒL‹ŒMLŽŒŒNLL‹KÍLÌMÍËLKŒŒMÎMËL‹ŒL‹ŒMLŽŒŒNLLËLKŒLLMLËM‹ŒŒLMKL‹ŒL‹ŒMLŽŒŒNLMMŽÍÌKL‹ÍÎKL‹ŒL‹ŒMLŽŒŒNLMKL‹ŽŽÍNKLŽNLMLMKL‹ŒL‹ŒMLŽŒŒNLM‹KMŒÎÍM‹L‹ŒL‹ŒMLŽŒŒNLMËL‹ŒLLMËÍÌŒÎKL‹ŒL‹ŒMLŽŒŒNLNKŒŽMÍÌËLKMNMKL‹ŒL‹ŒMLŽŒŒNLNKL‹ŒŒŒMŒKMŒŒMKL‹ŒL‹ŒMLŽŒŒNLŒLËLNMŽLKŽMÍÍL‹ŒL‹ŒMLŽŒŒNLŒKLKMLÍÌËL‹ŒÍŽMËL‹ŒL‹ŒMLŽŒŒNLŒ‹ŒMÌNMKLÌMÌKL‹ŒL‹ŒMLŽŒŒNLŒËLKŽNÌNKŽLÎMŽKL‹ŒL‹ŒMLŽŒŒNLKŒŒLÌLKŽNL‹ŒL‹ŒMLŽŒŒNLKLŒŒ‹LKŽŒŽL‹ŒL‹ŒMLŽŒŒNL‹LKÌŒŽËLŒLŒŒMKL‹ŒL‹ŒMLŽŒŒNLËLKNM‹LKŒÌLML‹ŒL‹ŒMLŽŒŒNLŽKMÎÌLÍÍL‹ŒL‹ŒMLŽŒŒNLŽKLKÍŽŒLM‹L‹ŒL‹ŒMLŽŒŒNLÌLŒNNMÍMKL‹MMNMËL‹ŒL‹ŒMLŽŒŒNLÌKLÎMÍKLKŒMŒÍŒËL‹ŒL‹ŒMLŽŒŒNLÌ‹LËMLMKLKŽNŽKL‹ŒL‹ŒMLŽŒŒNLÌËLLÌŽÌ‹ŒÍŽŽL‹ŒL‹ŒMLŽŒŒNLÍ‹ŒÎÎKKLÌKL‹ŒL‹ŒMLŽŒŒNLÍKŒŒL‹ŒL‹ŒMLŽŒŒNLÍ‹KŒLMLËLÌŽMÎLËL‹ŒL‹ŒMLŽŒŒNLÍËLKŒŽLËLËŒNÎÎKL‹ŒL‹ŒMLŽŒŒNLÎLËLLÍLKŒŒÍ‹L‹ŒL‹ŒMLŽŒŒNLÎKLKŽLÍ‹ŒÌÍÎLÌL‹ŒL‹ŒMLŽŒŒNLLKŒMLŒÍÎLL‹ŒL‹ŒMLŽŒŒNLKL‹ÌLËŒLŽLMKL‹ŒL‹ŒMLŽŒŒNL‹LÎMLÍKL‹ŒŒÍËL‹ŒL‹ŒMLŽŒŒNLËLŽLLN‹MÌLMLL‹ŒL‹ŒMLŽŒŒNLL‹LNLŽËŒLŽKL‹ŒL‹ŒMLŽŒŒNLKKŒLÎM‹ŒÌÎL‹ŒL‹ŒMLŽŒŒNL‹ŒŒL‹ŒL‹ŒMLŽŒŒNLËL‹MMŒNKLLMŒÌËL‹ŒL‹ŒMLŽŒŒNL‹ŒLMËLŒÎËL‹ŒL‹ŒMLŽŒŒNLKŽÎLŒLÍÍÍ‹L‹ŒL‹ŒMLŽŒŒNLLL‹ÍNKKÌLËL‹ŒL‹ŒMLŽŒŒNLLKL‹ŒŒNÍÌLŒŒÌŽL‹ŒL‹ŒMLŽŒŒNLL‹ŒÍMÎKLKŒÌNLŒËL‹ŒL‹ŒMLŽŒŒNLLËLÎMŒŒL‹ÌÌÌL‹ŒL‹ŒMLŽŒŒNLMKŒŒLŒLÍML‹ŒL‹ŒMLŽŒŒNLMKŽMLNL‹ŽLÍŽNL‹ŒL‹ŒMLŽŒŒNLM‹LËŒÍLKŽNLŒNL‹ŒL‹ŒMLŽŒŒNLMËŒMŽMÌÌÍÌÌ‹L‹ŒL‹ŒMLŽŒŒNLN‹ŒÌŒŒÌ‹ÍLŽML‹ŒL‹ŒMLŽŒŒNLNKL‹ŒNM‹ÍŒŒ‹L‹ŒL‹ŒMLŽŒŒNLŒ‹MÌŽKMLŒ‹L‹ŒL‹ŒMLŽŒŒNLŒKLKŽÎL‹MŒŽMMÌ‹L‹ŒL‹ŒMLŽŒŒNLŒ‹LKÌŒÌL‹KÌLLÍ‹L‹ŒL‹ŒMLŽŒŒNLŒËLŽMŒÎN‹ŒÎMMÍM‹L‹ŒL‹ŒMLŽŒŒNLLŒÎNKŒŽMMËL‹ŒL‹ŒMLŽŒŒNLKLKŒŒLNL‹L‹ŒL‹ŒMLŽŒŒNL‹‹ŒÌNLËLŒÌÎKL‹ŒL‹ŒMLŽŒŒNLËLKŽMLKL‹ŒNLÌËL‹ŒL‹ŒMLŽŒŒNLŽL‹ŒŒÌŒ‹LLMÌŒL‹ŒL‹ŒMLŽŒŒNLŽK‹NMÎKKMLÌNLKL‹ŒL‹ŒMLŽŒŒNLÌŒMLŒMKLŒÌÎMKL‹ŒL‹ŒMLŽŒŒNLÌKLKÌMËLMËL‹ŒL‹ŒMLŽŒŒNLÌ‹ËŽLÌLL‹KŒMMÎLÎL‹ŒL‹ŒMLŽŒŒNLÌËŒÎMÍÌÍÌÎ‹L‹ŒL‹ŒMLŽŒŒNLÍLKŽÍŽMKŒLÌ‹L‹ŒL‹ŒMLŽŒŒNLÍKKŽÍÌ‹KŽMŒŽL‹ŒL‹ŒMLŽŒŒNLÍ‹KŽNLŽLKLÎNMÌŽKL‹ŒL‹ŒMLŽŒŒNLÍËLKLŒLKKÎLMMËL‹ŒL‹ŒMLŽŒŒNLÎKŒÎŽMLKŒMŒÎL‹ŒL‹ŒMLŽŒŒNLÎK‹ŒŒŒL‹ÌNM‹L‹ŒL‹ŒMLŽŒŒNLLŒÌMNMKŒÎKL‹ŒL‹ŒMLŽŒŒNLK‹NMLŽKËŽMMLMKL‹ŒL‹ŒMLŽŒŒNL‹ŒÍMKLŒŒKL‹ŒL‹ŒMLŽŒŒNLËLŽLÌËKÌMŒËL‹ŒL‹ŒMLŽŒŒNLŽNLËŒMŒŒL‹ŒL‹ŒMLŽŒŒNLKÍÎ‹LKŽMLŒLŒ‹L‹ŒL‹ŒMLŽŒŒNL‹ŽMŒKËLÌËL‹ŒL‹ŒMLŽŒŒNLËŒÍÍÍÍKL‹ŒL‹ŒMLŽŒŒNLËŒÌLÍNKŽÌLŽLKL‹ŒL‹ŒMLŽŒŒNLKŒKŒLÌNL‹ŒL‹ŒMLŽŒŒNLLËŽMŒLÍ‹MÍM‹L‹ŒL‹ŒMLŽŒŒNLLKŒÍÍÌŒËLKMÍŽMMËL‹ŒL‹ŒMLŽŒŒNLL‹ËŽLŽLNKL‹ŒL‹ŒMLŽŒŒNLLËËŽMÌKŽNMËL‹ŒL‹ŒMLŽŒŒNLMKŽN‹KŽÍL‹ŒL‹ŒMLŽŒŒNLMKKLÎËËŒÌŒMËL‹ŒL‹ŒMLŽŒŒNLM‹KLMŒN‹L‹ŒL‹ŒMLŽŒŒNLMËKŽMŽLÍKLŒÌÌŽËL‹ŒL‹ŒMLŽŒŒNLNŽŒË‹ŒÎMŽNËL‹ŒL‹ŒMLŽŒŒNLNKËÌ‹ÌŽL‹L‹ŒL‹ŒMLŽŒŒNLLŒÌMÎNË‹NËL‹ŒL‹ŒMLŽŒŒNLLKŒÎ‹ËÌL‹ŒL‹ŒMLŽŒŒNLL‹ÌML‹KLLLŒÍ‹L‹ŒL‹ŒMLŽŒŒNLLËÌMŽKLKŽÍÍKL‹ŒL‹ŒMLŽŒŒNLLŒŒL‹ŒL‹ŒMLŽŒŒNLLKŒŒL‹ŒL‹ŒMLŽŒŒNLL‹ŒŒL‹ŒL‹ŒMLŽŒŒNLLËŒŒL‹ŒL‹ŒMLŽŒŒNLLŒŒL‹ŒL‹ŒMLŽŒŒNLLKŒŒL‹ŒL‹ŒMLŽŒŒNLLLŒŒL‹ŒL‹ŒMLŽŒŒNLLLKŒŒL‹ŒL‹ŒMLŽŒŒNLLL‹ŒŒL‹ŒL‹ŒMLŽŒŒNLLLËŒŒL‹ŒL‹ŒMLŽŒŒNLLMŒŒL‹ŒL‹ŒMLŽŒŒNLLMKŒŒL‹ŒL‹ŒMLŽŒŒNLLM‹ŒŒL‹ŒL‹ŒMLŽŒŒNLLMËŒŒL‹ŒL‹ŒMLŽŒŒNLLNŒŒL‹ŒL‹ŒMLŽŒŒNLLNKŒŒL‹ŒL‹ŒMLŽŒŒNLLŒŒŒL‹ŒL‹ŒMLŽŒŒNLLŒKŒŒL‹ŒL‹ŒMLŽŒŒNLLŒ‹ŒŒL‹ŒL‹ŒMLŽŒŒNLLŒËŒŒL‹ŒL‹ŒMLŽŒŒNLLŒŒL‹ŒL‹ŒMLŽŒŒNLLKŒŒL‹ŒL‹ŒMLŽŒŒNLL‹ŒŒL‹ŒL‹ŒMLŽŒŒNLLËŒŒL‹ŒL‹ŒMLŽŒŒNLLŽŒŒL‹ŒL‹ŒMLŽŒŒNLLŽKŒŒL‹ŒL‹ŒMLŽŒŒNLLÌŒŒL‹ŒL‹ŒMLŽŒŒNLLÌKŒŒL‹ŒL‹ŒMLŽŒŒNLLÌ‹ŒŒL‹ŒL‹ŒMLŽŒŒNLLÌËŒŒL‹ŒL‹ŒMLŽŒŒNLLÍŒŒL‹ŒL‹ŒMLŽŒŒNLLÍKŒŒL‹ŒL‹ŒMLŽŒŒNLLÍ‹ŒŒL‹ŒL‹ŒMLŽŒŒNLLÍËŒŒL‹ŒL‹ŒMLŽŒŒNLLÎŒŒL‹ŒL‹ŒMLŽŒŒNLLÎKŒŒL‹ŒL‹ŒMLŽŒŒNLMŒŒL‹ŒL‹ŒMLŽŒŒNLMKŒŒL‹ŒL‹ŒMLŽŒŒNLM‹ŒŒL‹ŒL‹ŒMLŽŒŒNLMËŒŒL‹ŒL‹ŒMLŽŒŒNLMŒŒL‹ŒL‹ŒMLŽŒŒNLMKŒŒL‹ŒL‹ŒMLŽŒŒNLM‹ŒŒL‹ŒL‹ŒMLŽŒŒNLMËŒŒL‹ŒL‹ŒMLŽŒŒNLMŒŒL‹ŒL‹ŒMLŽŒŒNLMKŒŒL‹ŒL‹ŒMLŽŒŒNLMLŒŒL‹ŒL‹ŒMLŽŒŒNLMLKŒŒL‹ŒL‹ŒMLŽŒŒNLML‹ŒŒL‹ŒL‹ŒMLŽŒŒNLMLËŒŒL‹ŒL‹ŒMLŽŒŒNLMMŒŒL‹ŒL‹ŒMLŽŒŒNLMMKŒŒL‹ŒL‹ŒMLŽŒŒNLMM‹ŒŒL‹ŒL‹ŒMLŽŒŒNLMMËŒŒL‹ŒL‹ŒMLŽŒŒNLMNŒŒL‹ŒL‹ŒMLŽŒŒNLMNKŒŒL‹ŒL‹ŒMLŽŒŒNLMŒŒŒL‹ŒL‹ŒMLŽŒŒNLMŒKŒŒL‹ŒL‹ŒMLŽŒŒNLMŒ‹ŒŒL‹ŒL‹ŒMLŽŒŒNLMŒËŒŒL‹ŒL‹ŒMLŽŒŒNLMŒŒL‹ŒL‹ŒMLŽŒŒNLMKŒŒL‹ŒL‹ŒMLŽŒŒNLM‹ŒŒL‹ŒL‹ŒMLŽŒŒNLMËŒŒL‹ŒL‹ŒMLŽŒŒNLMŽŒŒL‹ŒL‹ŒMLŽŒŒNLMŽKŒŒL‹ŒL‹ŒMLŽŒŒNLMÌŒŒL‹ŒL‹ŒMLŽŒŒNLMÌKŒŒL‹ŒL‹ŒMLŽŒŒNLMÌ‹ŒŒL‹ŒL‹ŒMLŽŒŒNLMÌËŒŒL‹ŒL‹ŒMLŽŒŒNLMÍŒŒL‹ŒL‹ŒMLŽŒŒNLMÍKŒŒL‹ŒL‹ŒMLŽŒŒNLMÍ‹ŒŒL‹ŒL‹ŒMLŽŒŒNLMÍËŒŒL‹ŒL‹ŒMLŽŒŒNLMÎŒŒL‹ŒL‹ŒMLŽŒŒNLMÎKŒŒL‹ŒL‹ŒMLŽŒŒNLNŒŒL‹ŒL‹ŒMLŽŒŒNLNKŒŒL‹ŒL‹ŒMLŽŒŒNLN‹ŒŒL‹ŒL‹ŒMLŽŒŒNLNËŒŒL‹ŒL‹ŒMLŽŒŒNLNŒŒL‹ŒL‹ŒMLŽŒŒNLNKŒŒL‹ŒL‹ŒMLŽŒŒNLN‹ŒŒL‹ŒL‹ŒMLŽŒŒNLNËŒŒL‹ŒL‹ŒMLŽŒŒNLNŒŒL‹ŒL‹ŒMLŽŒŒNLNKŒŒL‹ŒL‹ŒMLŽŒŒNLNLŒŒL‹ŒL‹ŒMLŽŒŒNLNLKŒŒL‹ŒL‹ŒMLŽŒŒNLNL‹ŒŒL‹ŒL‹ŒMLŽŒŒNLNLËŒŒL‹ŒL‹ŒMLŽŒŒNLNMŒŒL‹ŒL‹ŒMLŽŒŒNLNMKŒŒL‹ŒL‹ŒMLŽŒŒNLNM‹ŒŒL‹ŒL‹ŒMLŽŒŒNLNMËŒŒL‹ŒL‹ŒMLŽŒŒNLNNŒŒL‹ŒL‹ŒMLŽŒŒNLNNKŒŒL‹ŒL‹ŒMLŽŒŒNLŒŒÌÌÍŒÌKŒMÍL‹ŒL‹ŒMLŽŒŒNLŒKLKŒÌNLŒMÌŽNL‹ŒL‹ŒMLŽŒŒNLŒ‹KÍNNL‹ŒLMLL‹ŒL‹ŒMLŽŒŒNLŒËMKLŒÍKLËMŒÎLÌËL‹ŒL‹ŒMLŽŒŒNLŒ‹ŒÎMŒLÍKLKŒLÌLŒŒKL‹ŒL‹ŒMLŽŒŒNLŒKLÍÌLŒÌM‹ŒLLŒÌLL‹ŒL‹ŒMLŽŒŒNLŒ‹ŒŒL‹ŒL‹ŒMLŽŒŒNLŒËLËLŒMÎKLKÎËL‹ŒL‹ŒMLŽŒŒNLŒKŒMMKLŒÌLLMMKL‹ŒL‹ŒMLŽŒŒNLŒKLËŒÍMÌÍLKMÌÎMËL‹ŒL‹ŒMLŽŒŒNLŒLKŽLÍËLKŽÌÌËL‹ŒL‹ŒMLŽŒŒNLŒLKL‹ŒLŒLËŽMÌ‹L‹ŒL‹ŒMLŽŒŒNLŒL‹L‹ŽLMMNËLKŽLÌKL‹ŒL‹ŒMLŽŒŒNLŒLËLKŽMLMKLKŽMÍŒMÌËL‹ŒL‹ŒMLŽŒŒNLŒMLŒÎNMÍKLŽÍNNKL‹ŒL‹ŒMLŽŒŒNLŒMKLKŽÌKŽLÌNËL‹ŒL‹ŒMLŽŒŒNLŒM‹‹ŒŒÌËLKŒÌŽËL‹ŒL‹ŒMLŽŒŒNLŒMËLŒMŽNMŽKL‹ŒLNMÍKL‹ŒL‹ŒMLŽŒŒNLŒNLKNËLŒŽLMKL‹ŒL‹ŒMLŽŒŒNLŒNKLKŒLMÌ‹LŽMNNL‹L‹ŒL‹ŒMLŽŒŒNLŒŒŒÎLÍLKŒLÌMNKL‹ŒL‹ŒMLŽŒŒNLŒŒKL‹ŒÌÍŽMLŒŒ‹L‹ŒL‹ŒMLŽŒŒNLŒŒ‹ŒÌLL‹ŒŒLÎ‹L‹ŒL‹ŒMLŽŒŒNLŒŒËLKŒLLL‹ŒMÍŒL‹ŒL‹ŒMLŽŒŒNLŒLËÌÌÎKLKNÎLËL‹ŒL‹ŒMLŽŒŒNLŒKLŽLKKŒÌLMËL‹ŒL‹ŒMLŽŒŒNLŒ‹‹ŒLÍLŒŽŽLNŽL‹ŒL‹ŒMLŽŒŒNLŒËMMLLŒKLKLÍKL‹ŒL‹ŒMLŽŒŒNLŒŽÎMŒŽKLKŒLKL‹ŒL‹ŒMLŽŒŒNLŒŽKLŽLLLL‹ŽLÎNML‹ŒL‹ŒMLŽŒŒNLŒÌL‹ŒKLŽMÍMÎKL‹ŒL‹ŒMLŽŒŒNLŒÌKLKŽMÎL‹ŒÌŒÍŽL‹ŒL‹ŒMLŽŒŒNLŒÌ‹LŒLMÌÍLÍLÌÌL‹ŒL‹ŒMLŽŒŒNLŒÌËŒŒL‹ŒL‹ŒMLŽŒŒNLŒÍLŒMŒÌÍKL‹ŒËL‹ŒL‹ŒMLŽŒŒNLŒÍKLŒÎNMÌMŽLLÍLÍ‹L‹ŒL‹ŒMLŽŒŒNLŒÍ‹L‹ŒÎLŒMŒNŒÍŒL‹ŒL‹ŒMLŽŒŒNLŒÍËKŒMÍ‹LÎL‹ŒL‹ŒMLŽŒŒNLŒÎ‹MLLËŒMÍLËL‹ŒL‹ŒMLŽŒŒNLŒÎKLKŽMËLŒÌŽNKL‹ŒL‹ŒMLŽŒŒNL‹ŒÌMLMMÎL‹ŒL‹ŒMLŽŒŒNLKÎNLNML‹ŒL‹ŒMLŽŒŒNL‹L‹ŒÎMM‹KÌŒL‹ŒL‹ŒMLŽŒŒNLËLKMMŒŽŒŽL‹ŒL‹ŒMLŽŒŒNLLLKŒNÎL‹ŒL‹ŒMLŽŒŒNLKLÎLËL‹MLLÌËL‹ŒL‹ŒMLŽŒŒNL‹KŽLÍËŒLŽKL‹ŒL‹ŒMLŽŒŒNLËLMÎKL‹ŽMÍÎNKL‹ŒL‹ŒMLŽŒŒNLŒŒL‹ŒL‹ŒMLŽŒŒNLKŒÍŒÌÌKLÍÎLL‹ŒL‹ŒMLŽŒŒNLL‹ŒÎMLŒÍMNL‹ŒL‹ŒMLŽŒŒNLLKL‹ŽLŽMÍŒLÎL‹ŒL‹ŒMLŽŒŒNLL‹ËŒÍŒŽMËŽMÎMKL‹ŒL‹ŒMLŽŒŒNLLËL‹MMÍÍËMKŒÎNMËL‹ŒL‹ŒMLŽŒŒNLMLKÎNMKKÍKL‹ŒL‹ŒMLŽŒŒNLMKLÌÍML‹‹ŒLMLL‹ŒL‹ŒMLŽŒŒNLM‹LŒÍÍÎ‹LŒLLMLÎL‹ŒL‹ŒMLŽŒŒNLMËLKŒÌNMÍ‹ŒŒŒÍML‹ŒL‹ŒMLŽŒŒNLN‹ŒNMÌŒLÍNMÌL‹ŒL‹ŒMLŽŒŒNLNKLKÌLKLKŽMLŒLKL‹ŒL‹ŒMLŽŒŒNLŒL‹ŒŒŒMKLNMÍËL‹ŒL‹ŒMLŽŒŒNLŒK‹MÎLNKŒÍÌŽL‹ŒL‹ŒMLŽŒŒNLŒ‹NMMŒŒMÌL‹ŒL‹ŒMLŽŒŒNLŒËLKŽÌËŒÌLMËL‹ŒL‹ŒMLŽŒŒNLËŽLÎÎL‹ŒL‹ŒMLŽŒŒNLKLNŽŒMÌÎMÍL‹ŒL‹ŒMLŽŒŒNL‹LKŒÍÌÍÎKKŒLNŒŒKL‹ŒL‹ŒMLŽŒŒNLËKŒMM‹ŽLM‹L‹ŒL‹ŒMLŽŒŒNLŽKÌLM‹LKŒÌÍÎL‹ŒL‹ŒMLŽŒŒNLŽKLKÍŽLŒL‹KŒML‹ŒL‹ŒMLŽŒŒNLÌŽLNLKŽNLŽL‹ŒL‹ŒMLŽŒŒNLÌKKÎLËÍM‹L‹ŒL‹ŒMLŽŒŒNLÌ‹LŒMMŽKŒLLLËL‹ŒL‹ŒMLŽŒŒNLÌËKŽMMÌ‹ËM‹L‹ŒL‹ŒMLŽŒŒNLÍËNÎMLŒÎMLŒL‹ŒL‹ŒMLŽŒŒNLÍKLŒÍN‹‹ŒL‹L‹ŒL‹ŒMLŽŒŒNLÍ‹KŒŒŒLËŒŒŒÍ‹L‹ŒL‹ŒMLŽŒŒNLÍËKŒÍŒLKLKÍÍLKL‹ŒL‹ŒMLŽŒŒNLÎLÌLËŒŽLMÌŒL‹ŒL‹ŒMLŽŒŒNLÎKLŒNÍŒ‹MÎML‹ŒL‹ŒMLŽŒŒNLŽKLMLLÍL‹L‹ŒL‹ŒMLŽŒŒNLŽKLNMŽNŽMÍL‹ŒL‹ŒMLŽŒŒNLŽ‹ËŒLLLKLŒNNMLKL‹ŒL‹ŒMLŽŒŒNLŽËŽLŒËLKNNMLKL‹ŒL‹ŒMLŽŒŒNLŽÌÍNKNÎMËL‹ŒL‹ŒMLŽŒŒNLŽKŒŒÌËÍŽLÍËL‹ŒL‹ŒMLŽŒŒNLŽ‹KML‹KŒLLL‹ŒL‹ŒMLŽŒŒNLŽËKMLNNKËŒMÎMÍÎKL‹ŒL‹ŒMLŽŒŒNLŽKŽŽŽLËKLŒLÍËL‹ŒL‹ŒMLŽŒŒNLŽK‹ÍÎNKŒÌŒLÍŽKL‹ŒL‹ŒMLŽŒŒNLŽLKŽNNËŒLMLŽL‹ŒL‹ŒMLŽŒŒNLŽLKËÌLMÌKŒÍŒÌÌËL‹ŒL‹ŒMLŽŒŒNLŽL‹ËŽNLË‹MNLKL‹ŒL‹ŒMLŽŒŒNLŽLËKŒŒÎMÍ‹ËŒLÎL‹ŒL‹ŒMLŽŒŒNLŽMŒNN‹KŒLÍL‹ŒL‹ŒMLŽŒŒNLŽMKMMÌŒ‹LKÍMŽL‹ŒL‹ŒMLŽŒŒNLŽM‹ŒŒL‹ŒL‹ŒMLŽŒŒNLŽMËL‹ŒÍLLŒŒÎMÍL‹ŒL‹ŒMLŽŒŒNLŽN‹ŒMÎKLKŒŽLMËL‹ŒL‹ŒMLŽŒŒNLŽNKMKŽŒËLËŒLNLMKL‹ŒL‹ŒMLŽŒŒNLÌKŽNMLŽLŽLÍM‹L‹ŒL‹ŒMLŽŒŒNLÌKLKŒŒMÎLËM‹MÍLKL‹ŒL‹ŒMLŽŒŒNLÌ‹MŽLLMKLËŒÌMÎKL‹ŒL‹ŒMLŽŒŒNLÌËL‹ŽMŒŒËLKMLLKL‹ŒL‹ŒMLŽŒŒNLÌKŒNLŒNLNMŒÍNL‹ŒL‹ŒMLŽŒŒNLÌKL‹LŒÍÌ‹LÎÌ‹L‹ŒL‹ŒMLŽŒŒNLÌ‹KÎLLKŒMMLÍL‹ŒL‹ŒMLŽŒŒNLÌËLKLËLËŒŒMÌKL‹ŒL‹ŒMLŽŒŒNLÌL‹ÎMLMLËLKMMLKL‹ŒL‹ŒMLŽŒŒNLÌKLKŒŒŒLKŽLÍM‹L‹ŒL‹ŒMLŽŒŒNLÌLLŒÍÍNKLŽLLŒËL‹ŒL‹ŒMLŽŒŒNLÌLKL‹ŒLÍÎLËŽMŒMÌŒËL‹ŒL‹ŒMLŽŒŒNLÌL‹‹ŒŒŽMLKŽNML‹ŒL‹ŒMLŽŒŒNLÌLËLŒŒÌKL‹ŒÍŒKL‹ŒL‹ŒMLŽŒŒNLÌMLŽÎŽŽÍ‹L‹ŒL‹ŒMLŽŒŒNLÌMKLMÎNÎLÍLÌŒL‹ŒL‹ŒMLŽŒŒNLÌM‹KŒÎŒMLŒ‹L‹ŒL‹ŒMLŽŒŒNLÌMËL‹ŒNLŽNLŒNM‹L‹ŒL‹ŒMLŽŒŒNLÌNKŒMÌNLKMLL‹ŒL‹ŒMLŽŒŒNLÌNKLKŒÌÌ‹L‹ŒŒÌÎL‹ŒL‹ŒMLŽŒŒNLÌŒLËŒL‹LKLLMLL‹ŒL‹ŒMLŽŒŒNLÌŒKLÍKŽLŒÍ‹L‹ŒL‹ŒMLŽŒŒNLÌŒ‹‹ŒÍÎMKKLÌÌKL‹ŒL‹ŒMLŽŒŒNLÌŒËLËNLMM‹LŒŒÌLL‹ŒL‹ŒMLŽŒŒNLÌKŒLŽLËLŽMŽLÌKL‹ŒL‹ŒMLŽŒŒNLÌKLŒÌÎLL‹L‹ŽNÌŒÍ‹L‹ŒL‹ŒMLŽŒŒNLÌ‹L‹NNL‹LŒÎMMÌL‹ŒL‹ŒMLŽŒŒNLÌËLKŒÍMÍ‹ŒÌŒÍÌÍL‹ŒL‹ŒMLŽŒŒNLÌŽŒŒL‹ŒL‹ŒMLŽŒŒNLÌŽKL‹ŒMÌLŒŽÌÌL‹ŒL‹ŒMLŽŒŒNLÌÌŒŒL‹ŒL‹ŒMLŽŒŒNLÌÌKLŽÌÌMKŒNÎL‹ŒL‹ŒMLŽŒŒNLÌÌ‹ŒŒL‹ŒL‹ŒMLŽŒŒNLÌÌËKŒNMÍŒ‹ŒLÎMÎLL‹ŒL‹ŒMLŽŒŒNLÌÍŒŒL‹ŒL‹ŒMLŽŒŒNLÌÍKL‹ŒŒ‹LÍÎL‹L‹ŒL‹ŒMLŽŒŒNLÌÍ‹ËMÎNKŒŒÌŒMKL‹ŒL‹ŒMLŽŒŒNLÌÍËLÍKLÌÎNKL‹ŒL‹ŒMLŽŒŒNLÌÎL‹ŒŒŒMMKLÎML‹ŒL‹ŒMLŽŒŒNLÌÎKLKÎÌLŽLŽM‹L‹ŒL‹ŒMLŽŒŒNLÍŒÍÍ‹LKŽL‹ŒL‹ŒMLŽŒŒNLÍKŒNMLNL‹ŒŒÌŒ‹L‹ŒL‹ŒMLŽŒŒNLÍ‹KŽLLÎLËŒŽLÍËL‹ŒL‹ŒMLŽŒŒNLÍËŽMŽLLËŒL‹ŒL‹ŒMLŽŒŒNLÍL‹ŽMÎLÌLKMÎÎ‹L‹ŒL‹ŒMLŽŒŒNLÍKMLNKŽMÍLÌKL‹ŒL‹ŒMLŽŒŒNLÍ‹ŒŒL‹ŒL‹ŒMLŽŒŒNLÍËLKŽNMŒNÍ‹L‹ŒL‹ŒMLŽŒŒNLÍËLKKMŒKL‹ŒL‹ŒMLŽŒŒNLÍKLKŽMÌŒKMÍLŒKL‹ŒL‹ŒMLŽŒŒNLÍLLKŽLŒ‹KÌLÌŒNL‹ŒL‹ŒMLŽŒŒNLÍLKLŽLÌNMM‹ŒÎMŒL‹L‹ŒL‹ŒMLŽŒŒNLÍL‹LŒNNLMÍ‹LŒMÍŒ‹L‹ŒL‹ŒMLŽŒŒNLÍLËLÌÍKŒÌLKL‹ŒL‹ŒMLŽŒŒNLÍM‹ŽMŽŽNLLLML‹L‹ŒL‹ŒMLŽŒŒNLÍMKLKÌLNL‹LKLŽLL‹ŒL‹ŒMLŽŒŒNLÍM‹LKÎMŒLŒÍÎNMÍ‹L‹ŒL‹ŒMLŽŒŒNLÍMË‹LÌŒËKLŒMKL‹ŒL‹ŒMLŽŒŒNLÍNËŽ‹LŽLNML‹ŒL‹ŒMLŽŒŒNLÍNKLKŒŽ‹ÍÌÍÌL‹ŒL‹ŒMLŽŒŒNLÍŒ‹ŽLMËKŒŽÌKL‹ŒL‹ŒMLŽŒŒNLÍŒKŒÍÍÍLŒLMML‹L‹ŒL‹ŒMLŽŒŒNLÍŒ‹LŽMŽLÍKKŽŽNÍKL‹ŒL‹ŒMLŽŒŒNLÍŒË‹NKKŽLÌÍÌËL‹ŒL‹ŒMLŽŒŒNLÍ‹ŒMÍŽLKLKŒÎNMÍKL‹ŒL‹ŒMLŽŒŒNLÍKLKŒÌŒLM‹KÍÌ‹L‹ŒL‹ŒMLŽŒŒNLÍ‹KŒLÎLKŒÎLMLL‹ŒL‹ŒMLŽŒŒNLÍËKŒÌLŽLËLMÎLL‹ŒL‹ŒMLŽŒŒNLÍŽŒNÍŒ‹ÎÍŽL‹L‹ŒL‹ŒMLŽŒŒNLÍŽKKMŒLLK‹ŽÍÌÎLKL‹ŒL‹ŒMLŽŒŒNLÍÌËÌÌÍÍŒÍÎNL‹ŒL‹ŒMLŽŒŒNLÍÌKLÍÌŽKÌÍL‹ŒL‹ŒMLŽŒŒNLÍÌ‹ÌÎLËLËÎNLËL‹ŒL‹ŒMLŽŒŒNLÍÌËKŒLNKLKŒÎMŒÌËL‹ŒL‹ŒMLŽŒŒNLÍÍŒŒLKËŒÌÌKL‹ŒL‹ŒMLŽŒŒNLÍÍKLŽLŒNMML‹ŒL‹ŒMLŽŒŒNLÍÍ‹‹ŒÌL‹ŒNÎ‹L‹ŒL‹ŒMLŽŒŒNLÍÍËLŒMKŒMÍML‹L‹ŒL‹ŒMLŽŒŒNLÍÎ‹ŽÎ‹LÌNMÍÍL‹ŒL‹ŒMLŽŒŒNLÍÎKŽÍÍËLKŒŒŒLËL‹ŒL‹ŒMLŽŒŒNLÎKŒÌŽŒÌÍL‹ŒL‹ŒMLŽŒŒNLÎKËŒML‹ŒÍÌÎL‹ŒL‹ŒMLŽŒŒNLÎ‹KŒŽN‹ŽMLNL‹ŒL‹ŒMLŽŒŒNLÎËKŒLMÍËËŒŽLËL‹ŒL‹ŒMLŽŒŒNLÎŒMNËLŽLŽNMKL‹ŒL‹ŒMLŽŒŒNLÎKKŽÌŒL‹LŒÌÌL‹L‹ŒL‹ŒMLŽŒŒNLÎ‹ŒŒMÌLË‹ŒŽNLËL‹ŒL‹ŒMLŽŒŒNLÎËËŒÌ‹LMÎLŒ‹L‹ŒL‹ŒMLŽŒŒNLÎËŽËKŽLŒKL‹ŒL‹ŒMLŽŒŒNLÎKKŒNLŽM‹ËNLÌŽNL‹ŒL‹ŒMLŽŒŒNLÎLËÌNMÍÍËŒÍŒMÍLKL‹ŒL‹ŒMLŽŒŒNLÎLKŒŒMNKL‹ŒÍKL‹ŒL‹ŒMLŽŒŒNLÎL‹ŒŒL‹ŒL‹ŒMLŽŒŒNLÎLËLKŒÍMŽMMŒL‹ŒL‹ŒMLŽŒŒNLÎMKŒÍŒŽMËL‹ŒŽMÌŽKL‹ŒL‹ŒMLŽŒŒNLÎMKMKÍLÎL‹L‹ŽML‹ŒL‹ŒMLŽŒŒNLÎM‹KŽNLŽLKŒMÎL‹ŒL‹ŒMLŽŒŒNLÎMËLKŒÌÍNMËŒŒÎL‹ŒL‹ŒMLŽŒŒNLÎNMKŒÍNL‹L‹ŽLLÍL‹ŒL‹ŒMLŽŒŒNLÎNKLËŒLLÎNLKÌÎÎL‹ŒL‹ŒMLŽŒŒNMŽŽÍËLŒKL‹ŒL‹ŒMLŽŒŒNMKLËŽÎÍËLŒŽMMKL‹ŒL‹ŒMLŽŒŒNM‹LMLKL‹ŒNLÎËL‹ŒL‹ŒMLŽŒŒNMËLKŒŽLMLËLËŽMÌËL‹ŒL‹ŒMLŽŒŒNMLËMÎÍÍKL‹ŒÎNLËL‹ŒL‹ŒMLŽŒŒNMKLKLÍ‹L‹ŒNŽL‹L‹ŒL‹ŒMLŽŒŒNM‹LMŒLŽNLŒÍÎL‹ŒL‹ŒMLŽŒŒNMËLKMÌLM‹KŒŽLÍL‹ŒL‹ŒMLŽŒŒNMKŒŒNNKL‹ŒÌNKL‹ŒL‹ŒMLŽŒŒNMKLŽÍNNL‹ŒLÌŽNM‹L‹ŒL‹ŒMLŽŒŒNMLLKMNNKLŒÎLËL‹ŒL‹ŒMLŽŒŒNMLKLŒMMKLŒŒŒMKL‹ŒL‹ŒMLŽŒŒNML‹KŒŒÌÌL‹ŒŒÎL‹L‹ŒL‹ŒMLŽŒŒNMLËLKŽMÌ‹ŒÌML‹ŒL‹ŒMLŽŒŒNMMÍÍLL‹ŒNLL‹ŒL‹ŒMLŽŒŒNMMKLKNMM‹L‹ÌÍ‹L‹ŒL‹ŒMLŽŒŒNMM‹LËÌŒMLKŽÎLÍL‹ŒL‹ŒMLŽŒŒNMMËLLLÌ‹‹ŒÍŽLŒL‹ŒL‹ŒMLŽŒŒNMN‹ŒMMŒMMŽLNL‹ŒL‹ŒMLŽŒŒNMNKLËŽNLLŒÌLL‹ŒL‹ŒMLŽŒŒNMŒÎMM‹LKŒÌ‹L‹ŒL‹ŒMLŽŒŒNMŒKLKÌMËLËŒÌÍËL‹ŒL‹ŒMLŽŒŒNMŒ‹L‹ŒNNNKLŒMŒÌŒËL‹ŒL‹ŒMLŽŒŒNMŒËLKŽMLKKL‹ŒL‹ŒMLŽŒŒNMLKŒÌÎNŒŒML‹ŒL‹ŒMLŽŒŒNMKL‹ŒÎMLŒŒLL‹L‹ŒL‹ŒMLŽŒŒNM‹LŽMMÌLKŒŒÌNL‹ŒL‹ŒMLŽŒŒNMËLŽMLÌNKMKŒŒMËL‹ŒL‹ŒMLŽŒŒNMŽL‹ŒÎMLËŒÌMLLËL‹ŒL‹ŒMLŽŒŒNMŽKKLÎK‹ŒLŒKL‹ŒL‹ŒMLŽŒŒNMÌ‹ŒÎLNMKLŒŒMËL‹ŒL‹ŒMLŽŒŒNMÌKLKŽŒŽLN‹L‹ŒL‹ŒMLŽŒŒNMÌ‹‹ŽMÍËLŒÎŒKL‹ŒL‹ŒMLŽŒŒNMÌËMLNËLŽÎÍŽKL‹ŒL‹ŒMLŽŒŒNMÍL‹NKŽMŽMŽL‹ŒL‹ŒMLŽŒŒNMÍKLKŽLŽËŒÎMNKL‹ŒL‹ŒMLŽŒŒNMÍ‹ŽNKLKLÌLNKL‹ŒL‹ŒMLŽŒŒNMÍËLŒŒ‹L‹ŒÍÍMM‹L‹ŒL‹ŒMLŽŒŒNMÎ‹ŒMÍ‹LMNM‹L‹ŒL‹ŒMLŽŒŒNMÎKŽNLŒËLËŒLÍKL‹ŒL‹ŒMLŽŒŒNML‹ŽLÍÌNLKŒNML‹ŒL‹ŒMLŽŒŒNMKLŒNÍMŒÌL‹ŒL‹ŒMLŽŒŒNM‹‹ŒÌÌÍÌKÌÌÌËL‹ŒL‹ŒMLŽŒŒNMËL‹ŒLŒKŽÍMLËL‹ŒL‹ŒMLŽŒŒNM‹ÍLŒÍKÍÌLŒËL‹ŒL‹ŒMLŽŒŒNMKL‹Ž‹MŽLŽLÍL‹ŒL‹ŒMLŽŒŒNM‹LKLMŽ‹ŒŒÌÌÌÌL‹ŒL‹ŒMLŽŒŒNMËLŽÎL‹‹NL‹ŒL‹ŒMLŽŒŒNMŒMLŒLŽKÌŒÍÍËL‹ŒL‹ŒMLŽŒŒNMKLŒÎM‹ŒŒLL‹L‹ŒL‹ŒMLŽŒŒNML‹ÌÌÌŽKLNKL‹ŒL‹ŒMLŽŒŒNMLKLKNKL‹ŒLLLÎKL‹ŒL‹ŒMLŽŒŒNML‹L‹ŒMÌŒLŒÍÌLML‹ŒL‹ŒMLŽŒŒNMLË‹ÌÍN‹KLŽÌML‹ŒL‹ŒMLŽŒŒNMMŒÌKLŒŽLMÍKL‹ŒL‹ŒMLŽŒŒNMMKLKŒÍÎLM‹ŒÌÌŒML‹ŒL‹ŒMLŽŒŒNMM‹ŒNMMÍMŒŒ‹L‹ŒL‹ŒMLŽŒŒNMMËÌLÌKŽNMÍMKL‹ŒL‹ŒMLŽŒŒNMNLKŽMÍŒŒ‹ŽLÎL‹ŒL‹ŒMLŽŒŒNMNK‹ŒMŒMKŽLÍL‹ŒL‹ŒMLŽŒŒNMŒ‹ÎLLŽLÌ‹L‹ŒL‹ŒMLŽŒŒNMŒKLŒLÎMÍ‹LŽL‹ŒL‹ŒMLŽŒŒNMŒ‹KŒŽMNKLKŒÍÎÍËL‹ŒL‹ŒMLŽŒŒNMŒËŒŒL‹ŒL‹ŒMLŽŒŒNMŒŽLMKKŒËL‹ŒL‹ŒMLŽŒŒNMKKMÌŒËŒMN‹L‹ŒL‹ŒMLŽŒŒNM‹ËŒLLËLLÍKL‹ŒL‹ŒMLŽŒŒNMËLŒLÍŒÌ‹KŽŒL‹ŒL‹ŒMLŽŒŒNMŽKŒŒNKLËŒLŒLËL‹ŒL‹ŒMLŽŒŒNMŽKKÎŒÌÍLKŒLL‹ŒL‹ŒMLŽŒŒNMÌ‹ŒŒÌŽŽLÌÍNLL‹ŒL‹ŒMLŽŒŒNMÌKŒÍLÎKKLLŒŒËL‹ŒL‹ŒMLŽŒŒNMÌ‹‹MŽLËÌMÌÌËL‹ŒL‹ŒMLŽŒŒNMÌËŒLMMŽ‹KŒMŽÍL‹ŒL‹ŒMLŽŒŒNMÍËNNLËŒŒLŽLËL‹ŒL‹ŒMLŽŒŒNMÍKŒŒNL‹ŒŒMN‹L‹ŒL‹ŒMLŽŒŒNMÍ‹ŒŒL‹ŒL‹ŒMLŽŒŒNMÍËŒŒÍÌŒ‹ÍNL‹ŒL‹ŒMLŽŒŒNMÎËŒLK‹ÍMLMKL‹ŒL‹ŒMLŽŒŒNMÎKKŽLŒÍŒ‹ŽMŒŒÌŽL‹ŒL‹ŒMLŽŒŒNM‹ŒLNË‹MŽMËL‹ŒL‹ŒMLŽŒŒNMK‹ŒŒÌ‹LMÌÍ‹L‹ŒL‹ŒMLŽŒŒNM‹‹ŒLMŽM‹‹ŽLÌÎN‹L‹ŒL‹ŒMLŽŒŒNMËËŽMÌŒÌËŽMMÌŒKL‹ŒL‹ŒMLŽŒŒNMËŽÎLLKKŽMMLMËL‹ŒL‹ŒMLŽŒŒNMKŒŒL‹ŒL‹ŒMLŽŒŒNM‹ŒÌÍKŒŒNL‹ŒL‹ŒMLŽŒŒNMËŒML‹L‹MŒŒŒL‹ŒL‹ŒMLŽŒŒNMŒŒL‹ŒL‹ŒMLŽŒŒNMKŒLLËLŒLLËL‹ŒL‹ŒMLŽŒŒNML‹LLÌËLKŒŒÌËL‹ŒL‹ŒMLŽŒŒNMLKMKLÍŒ‹L‹ÌÌÌ‹L‹ŒL‹ŒMLŽŒŒNML‹ŒŒL‹ŒL‹ŒMLŽŒŒNMLËLŽŒÌËMKŽMMÌMKL‹ŒL‹ŒMLŽŒŒNMMMŽNMNËL‹ÌÍÍËL‹ŒL‹ŒMLŽŒŒNMMKL‹ŽMÍÌËLKŒŒMNËL‹ŒL‹ŒMLŽŒŒNMM‹ŒŒL‹ŒL‹ŒMLŽŒŒNMMËLËŒMËŒŒÍÍLËL‹ŒL‹ŒMLŽŒŒNMNŒŒL‹ŒL‹ŒMLŽŒŒNMNKLKŒÍŒNM‹LËŒ‹L‹ŒL‹ŒMLŽŒŒNMLL‹ŒNMMKŒMLŒKL‹ŒL‹ŒMLŽŒŒNMLKLKŽÎLNKLKÎMLNKL‹ŒL‹ŒMLŽŒŒNML‹LŒMŒÍLKŒÌÍŒŒŒL‹ŒL‹ŒMLŽŒŒNMLËLKNÎMËKMŒMÎËL‹ŒL‹ŒMLŽŒŒNMLKŽMMÌLÍLKMŒN‹L‹ŒL‹ŒMLŽŒŒNMLKLŒŒLÌLKŽM‹L‹ŒL‹ŒMLŽŒŒNML‹LKŒŒLŽKŒLŒKL‹ŒL‹ŒMLŽŒŒNMLËLÍÍMNLŒ‹L‹ŒL‹ŒMLŽŒŒNMLŒŒL‹ŒL‹ŒMLŽŒŒNMLKL‹ŒNLNËÌŒŒŽËL‹ŒL‹ŒMLŽŒŒNMLLŒŒL‹ŒL‹ŒMLŽŒŒNMLLKLKŒNLËL‹ŒÌKL‹ŒL‹ŒMLŽŒŒNMLL‹L‹NMMKLŒŒÌŒKL‹ŒL‹ŒMLŽŒŒNMLLËLKŒÎLLKŒÌNMÌL‹ŒL‹ŒMLŽŒŒNMLMŒŒL‹ŒL‹ŒMLŽŒŒNMLMKMŒŒÎÍLKŒMŒÍÌ‹L‹ŒL‹ŒMLŽŒŒNMLM‹ŒŒL‹ŒL‹ŒMLŽŒŒNMLMËLMLÍL‹ŽLÍMŽL‹ŒL‹ŒMLŽŒŒNMLNŒŒL‹ŒL‹ŒMLŽŒŒNMLNKŒŒL‹ŒL‹ŒMLŽŒŒNMLŒŒŒL‹ŒL‹ŒMLŽŒŒNMLŒKL‹MLÍÌŽLŒŒLL‹ŒL‹ŒMLŽŒŒNMLŒ‹ŒŒL‹ŒL‹ŒMLŽŒŒNMLŒËŒLÌLÎKMLLÍKL‹ŒL‹ŒMLŽŒŒNMLŒŒL‹ŒL‹ŒMLŽŒŒNMLKŒŒL‹ŒL‹ŒMLŽŒŒNML‹ŒŒL‹ŒL‹ŒMLŽŒŒNMLËL‹ŒMMÌMLŒMÍŒML‹ŒL‹ŒMLŽŒŒNMLŽŒŒL‹ŒL‹ŒMLŽŒŒNMLŽKKŒNÍËLÌNKL‹ŒL‹ŒMLŽŒŒNMLÌL‹ŒLMMÍ‹KLŒL‹ŒL‹ŒMLŽŒŒNMLÌKLKŒÎLLÎNKMKL‹ŒL‹ŒMLŽŒŒNMLÌ‹KŒLÌ‹LÍÍLŽL‹ŒL‹ŒMLŽŒŒNMLÌËLŒMMŽKL‹ŒÍMŽLËL‹ŒL‹ŒMLŽŒŒNMLÍËŒÌÌN‹ŒÌML‹ŒL‹ŒMLŽŒŒNMLÍKŒÍKLËŒMLMÌËL‹ŒL‹ŒMLŽŒŒNMLÍ‹LKŽLMNNKLŒNLÎKL‹ŒL‹ŒMLŽŒŒNMLÍËKNLŒ‹KŒÍÎLŒ‹L‹ŒL‹ŒMLŽŒŒNMLÎËŒÌÍËKŒÍŒLKL‹ŒL‹ŒMLŽŒŒNMLÎKLKŽÌKŽŽLMÍËL‹ŒL‹ŒMLŽŒŒNMMŒŒL‹ŒL‹ŒMLŽŒŒNMMKL‹ŒÌMKŒŒNÍÎL‹ŒL‹ŒMLŽŒŒNMM‹LKLÌËKŒŽLNKL‹ŒL‹ŒMLŽŒŒNMMËLKŒÌŒLM‹KŒMÌÌL‹ŒL‹ŒMLŽŒŒNMMŒMÌLËŒŒÌNKL‹ŒL‹ŒMLŽŒŒNMMKLŽŒŒNKŒÍŽMÌKL‹ŒL‹ŒMLŽŒŒNMM‹‹ŒMLLKLLÍÍL‹ŒL‹ŒMLŽŒŒNMMËLKŽNKL‹ŒLLMËL‹ŒL‹ŒMLŽŒŒNMML‹ÍÌÍŒ‹LŽÍML‹ŒL‹ŒMLŽŒŒNMMKKŽNLŽKŒŒMÍÍ‹L‹ŒL‹ŒMLŽŒŒNMMLÌLŒËKŒMÍÍÍKL‹ŒL‹ŒMLŽŒŒNMMLKLKŒŒM‹ÌLLŽL‹ŒL‹ŒMLŽŒŒNMML‹ÍÌKKŒŽLËL‹ŒL‹ŒMLŽŒŒNMMLËLLÌMŒŒŒ‹L‹ŒL‹ŒMLŽŒŒNMMMŽMÌŒËËŒÌŒMÌÍËL‹ŒL‹ŒMLŽŒŒNMMMK‹ŒŽÍMÎKKÌMÌÌKL‹ŒL‹ŒMLŽŒŒNMMM‹ŒŒL‹ŒL‹ŒMLŽŒŒNMMMËLŽMÎKŽLŒŒ‹L‹ŒL‹ŒMLŽŒŒNMMNKŒÎKLKŒMÍÍKL‹ŒL‹ŒMLŽŒŒNMMNKKŽLLLËŒŒMÌL‹ŒL‹ŒMLŽŒŒNMMŒLÍLL‹LŒLŒL‹ŒL‹ŒMLŽŒŒNMMŒK‹ŒMÌŽ‹ËLNL‹ŒL‹ŒMLŽŒŒNMMŒ‹KŒMLKKMÌMKL‹ŒL‹ŒMLŽŒŒNMMŒËLÍŽŽKKMNKL‹ŒL‹ŒMLŽŒŒNMMŒŒL‹ŒL‹ŒMLŽŒŒNMMK‹ŒLMKLKŒÎLKL‹ŒL‹ŒMLŽŒŒNMM‹ŒŒL‹ŒL‹ŒMLŽŒŒNMMËLŒMNNNKŽÌŒLËL‹ŒL‹ŒMLŽŒŒNMMŽ‹ŒÌÌÎŒÎN‹L‹ŒL‹ŒMLŽŒŒNMMŽKLÌMÌŒËMÌŒŒÌKL‹ŒL‹ŒMLŽŒŒNMMÌŒŒL‹ŒL‹ŒMLŽŒŒNMMÌKKŒNNLŽKLKŒLÎKL‹ŒL‹ŒMLŽŒŒNMMÌ‹ŒŒMMMNŒÎMŒÍL‹ŒL‹ŒMLŽŒŒNMMÌËËŒŒÍÎL‹ËŽMÌŒÎL‹ŒL‹ŒMLŽŒŒNMMÍKŒMNLÍKKŒŽNKL‹ŒL‹ŒMLŽŒŒNMMÍKKŒŽMÎÌ‹‹NL‹ŒL‹ŒMLŽŒŒNMMÍ‹ŒLŒKLKLŒLŒËL‹ŒL‹ŒMLŽŒŒNMMÍËKÌŽLMNÍL‹ŒL‹ŒMLŽŒŒNMMÎLŒŽLŒÍ‹ŒŒMM‹L‹ŒL‹ŒMLŽŒŒNMMÎKËŒNLŒKŒÍÌŒLKL‹ŒL‹ŒMLŽŒŒNMN‹ŽNMMKKŽMŒËL‹ŒL‹ŒMLŽŒŒNMNKŒNŒÌ‹ÍŽLL‹ŒL‹ŒMLŽŒŒNMN‹ËŒLÌNLŒNL‹ŒL‹ŒMLŽŒŒNMNËŒL‹L‹ŒŒÌÍÌ‹L‹ŒL‹ŒMLŽŒŒNMNLKŒÍLÎËŽNMÍËL‹ŒL‹ŒMLŽŒŒNMNKLKŒÍMM‹NNLŒÌ‹L‹ŒL‹ŒMLŽŒŒNMN‹KŽMÎL‹LKŽÌŒM‹L‹ŒL‹ŒMLŽŒŒNMNËM‹LÌMNKLËŒLMŒŒKL‹ŒL‹ŒMLŽŒŒNMN‹ŒÍÌŒKLŽÎLMKL‹ŒL‹ŒMLŽŒŒNMNKLŽLŽMMËM‹ŒMÍÍËL‹ŒL‹ŒMLŽŒŒNMNLMKŒÍMÌMÌKL‹LNMËL‹ŒL‹ŒMLŽŒŒNMNLKL‹ŽMŽLÍ‹LKŒNMÌML‹ŒL‹ŒMLŽŒŒNMNL‹ŽÌLŒÍÌL‹ŒL‹ŒMLŽŒŒNMNLËL‹ŽŽMÌKKŒŒŽKL‹ŒL‹ŒMLŽŒŒNMNMKÍÌËLKÌÍŒËL‹ŒL‹ŒMLŽŒŒNMNMKLŽLMMŽKLËŒLŒLKL‹ŒL‹ŒMLŽŒŒNMNM‹LËŽŒËLKŽLKL‹ŒL‹ŒMLŽŒŒNMNMËLKŒNNLKÌMŒMNL‹ŒL‹ŒMLŽŒŒNMNNŒNL‹LÍŒL‹ŒL‹ŒMLŽŒŒNMNNKLKÍŽËKŒŒÎKL‹ŒL‹ŒMLŽŒŒNMŒKÍMŽLËLKŽLLLMËL‹ŒL‹ŒMLŽŒŒNMŒKLŒÌMÍÌKL‹ŒŒLÌLKL‹ŒL‹ŒMLŽŒŒNMŒ‹LKMKŒŽMŽKL‹ŒL‹ŒMLŽŒŒNMŒËLKŒNÌŒKLÎLŒMKL‹ŒL‹ŒMLŽŒŒNMŒKŒÌÌŒŒMŒÍŒŒMM‹L‹ŒL‹ŒMLŽŒŒNMŒKLKŽLŒÍÍŒŒŒŽMÌ‹L‹ŒL‹ŒMLŽŒŒNMŒ‹MMÎÍKLKNMŽKL‹ŒL‹ŒMLŽŒŒNMŒËLŽÍNNKLKŽLÌLLŒËL‹ŒL‹ŒMLŽŒŒNMŒLËLÎMLKNML‹ŒL‹ŒMLŽŒŒNMŒKLŽMË‹LËL‹ŒL‹ŒMLŽŒŒNMŒL‹ŒMLÎKÎŽML‹ŒL‹ŒMLŽŒŒNMŒLKMŒMNKLŒŽÌMËL‹ŒL‹ŒMLŽŒŒNMŒL‹KŒNLŒÍLŽLL‹ŒL‹ŒMLŽŒŒNMŒLËLKŒLMLN‹LËŒNLMM‹L‹ŒL‹ŒMLŽŒŒNMŒMŒŒL‹ŒL‹ŒMLŽŒŒNMŒMKL‹ŒNÌŒ‹ŒLLL‹ŒL‹ŒMLŽŒŒNMŒM‹ŒŒL‹ŒL‹ŒMLŽŒŒNMŒMËL‹ŒMMNŒÌMML‹L‹ŒL‹ŒMLŽŒŒNMŒNŒŒL‹ŒL‹ŒMLŽŒŒNMŒNKLLÍÌËMŒLŒMNKL‹ŒL‹ŒMLŽŒŒNMŒŒŒŒL‹ŒL‹ŒMLŽŒŒNMŒŒKKN‹‹ŽLŽL‹ŒL‹ŒMLŽŒŒNMŒŒ‹ŒŒL‹ŒL‹ŒMLŽŒŒNMŒŒËLKLŒÌÎLÍ‹L‹ŒL‹ŒMLŽŒŒNMŒŒŒL‹ŒL‹ŒMLŽŒŒNMŒKKŒÍMŒŒKLÍMŒËL‹ŒL‹ŒMLŽŒŒNMŒ‹L‹ŒÌMŒKŒŽN‹L‹ŒL‹ŒMLŽŒŒNMŒËLKŒŒMŽMKÌÌŒLËL‹ŒL‹ŒMLŽŒŒNMŒŽŒÌÌLKLKŒŽMËL‹ŒL‹ŒMLŽŒŒNMŒŽKLŒŒMMNL‹ŒÎMML‹ŒL‹ŒMLŽŒŒNMŒÌKŽMÎMÎNŽŒL‹ŒL‹ŒMLŽŒŒNMŒÌKŽLLMÍKL‹ŽNÍÍËL‹ŒL‹ŒMLŽŒŒNMŒÌ‹LËŒNLLÌËLKŒMNKL‹ŒL‹ŒMLŽŒŒNMŒÌËŒŽNKKŒÎNŒËL‹ŒL‹ŒMLŽŒŒNMŒÍËŒLÍÍKKŒÌLÌKL‹ŒL‹ŒMLŽŒŒNMŒÍKLKŒÎLŽKŒNNML‹ŒL‹ŒMLŽŒŒNMŒÍ‹‹ŒÌLNKŒMLŽL‹ŒL‹ŒMLŽŒŒNMŒÍËLËŒÌŒÌŽKMKŽÍŒÍÎKL‹ŒL‹ŒMLŽŒŒNMŒÎLKLMÍÌË‹ŒLÌLËL‹ŒL‹ŒMLŽŒŒNMŒÎKLKMMLÎK‹ŒNLŒÎKL‹ŒL‹ŒMLŽŒŒNMLLMMÎKLŒŒÍËL‹ŒL‹ŒMLŽŒŒNMKLKŒŒÍMMKLŒNMÌËL‹ŒL‹ŒMLŽŒŒNM‹KŽÍLŽLÌŒL‹ŒL‹ŒMLŽŒŒNMËLKÌËLKŽMÍŒÌMËL‹ŒL‹ŒMLŽŒŒNML‹ÌLNLNML‹ŒL‹ŒMLŽŒŒNMK‹ÎML‹KŒÍŒM‹L‹ŒL‹ŒMLŽŒŒNM‹ËÌŒNLKLŒLNLÎKL‹ŒL‹ŒMLŽŒŒNMËLŽNLMÍLËKŒLÌŒMKL‹ŒL‹ŒMLŽŒŒNMËLŒLÍËKŒMNKL‹ŒL‹ŒMLŽŒŒNMKŒNLÍLËŒLŒÌÌKL‹ŒL‹ŒMLŽŒŒNMLLKŒŒŒËKŒÎNLMËL‹ŒL‹ŒMLŽŒŒNMLK‹ŒŒMÌLK‹ŒMÌŒËL‹ŒL‹ŒMLŽŒŒNML‹KÍMLŒŒËLKŒMMLŒËL‹ŒL‹ŒMLŽŒŒNMLËLKŒŒÍŒLKŽLŒLÎL‹ŒL‹ŒMLŽŒŒNMMŽNNLKŒŒÌNÍ‹L‹ŒL‹ŒMLŽŒŒNMMK‹ŒMŽLÍKLËŒNMNKL‹ŒL‹ŒMLŽŒŒNMM‹LNNŽŒMLŽLÌ‹L‹ŒL‹ŒMLŽŒŒNMMË‹ŒLÌŽKËŽLÌKL‹ŒL‹ŒMLŽŒŒNMNËŒMÍÌKLLLLËL‹ŒL‹ŒMLŽŒŒNMNKLŒŒŽLŒ‹KŒLÌŒŽL‹ŒL‹ŒMLŽŒŒNMŒKŒŒÎL‹ÎMŽ‹L‹ŒL‹ŒMLŽŒŒNMŒKKŽMKLKŒŽMLŒËL‹ŒL‹ŒMLŽŒŒNMŒ‹ŽLÍŒŽKËŒMNKL‹ŒL‹ŒMLŽŒŒNMŒËŒÍŒÌŽMLÎM‹L‹ŒL‹ŒMLŽŒŒNMKŽMŒŒLËLŒŽMLKL‹ŒL‹ŒMLŽŒŒNMKŒÍŒŒÎKMMÌLŒL‹ŒL‹ŒMLŽŒŒNM‹‹ŒÌLŽL‹L‹ŒL‹ŒMLŽŒŒNMËŒÎÌLKLKMŒÌÌËL‹ŒL‹ŒMLŽŒŒNMŽMÍŽŽLL‹ŒL‹ŒMLŽŒŒNMŽKŒLLŽMNL‹ŒL‹ŒMLŽŒŒNMÌMÎKŽMÌËL‹ŒL‹ŒMLŽŒŒNMÌKKŒÍÎLÍ‹ËŒLŒNLL‹ŒL‹ŒMLŽŒŒNMÌ‹ŒŒÍÌLLŒÍÍNL‹L‹ŒL‹ŒMLŽŒŒNMÌËKÎMMÍMËLÍMŒŽKL‹ŒL‹ŒMLŽŒŒNMÍŒLÍLLKKÍÍMÎKL‹ŒL‹ŒMLŽŒŒNMÍK‹ÍŽMLMÎL‹ŒL‹ŒMLŽŒŒNMÍ‹‹ŽNMËKÌÍŒÍŒËL‹ŒL‹ŒMLŽŒŒNMÍËŒÌŒËŒŒÌÌMÍ‹L‹ŒL‹ŒMLŽŒŒNMÎÍÍM‹‹ŒLLÍ‹L‹ŒL‹ŒMLŽŒŒNMÎKLŒNL‹ŒÍŒLÍL‹ŒL‹ŒMLŽŒŒNMŽŒŒL‹ŒL‹ŒMLŽŒŒNMŽKLKŒÎNLN‹L‹ŒL‹ŒMLŽŒŒNMŽ‹KLÍMKL‹ŒÍŽLÍMKL‹ŒL‹ŒMLŽŒŒNMŽËM‹ŒÌNLËŒŽŽ‹L‹ŒL‹ŒMLŽŒŒNMŽKŒMÎMÌLKMÍLL‹ŒL‹ŒMLŽŒŒNMŽKLKNŽLÎKM‹MÍŒËL‹ŒL‹ŒMLŽŒŒNMŽ‹MŽLNMLKL‹ŒMÍMÌËL‹ŒL‹ŒMLŽŒŒNMŽËLËŒÌLLKLKŒŒMÍÍËL‹ŒL‹ŒMLŽŒŒNMŽŽŒÌÍ‹LŒŒÍÎL‹ŒL‹ŒMLŽŒŒNMŽKLËŒLŒÌMKÌÎMÌÎKL‹ŒL‹ŒMLŽŒŒNMŽLKLÍLLKŒÎÎL‹ŒL‹ŒMLŽŒŒNMŽLKLŽÎLÍËLËŽLMÌËL‹ŒL‹ŒMLŽŒŒNMŽL‹LËŒÎMŒŽLKLNMÍL‹ŒL‹ŒMLŽŒŒNMŽLËLNMLLŽÍÌŒL‹ŒL‹ŒMLŽŒŒNMŽMLLŒMŒKLŽNLËL‹ŒL‹ŒMLŽŒŒNMŽMKLKŽMMNLËKŽNMMÌËL‹ŒL‹ŒMLŽŒŒNMŽM‹KNMNLKLLŒ‹L‹ŒL‹ŒMLŽŒŒNMŽMËLLLMLKŽLNMNL‹ŒL‹ŒMLŽŒŒNMŽNLKŒLŒŽKÍŒKL‹ŒL‹ŒMLŽŒŒNMŽNKLKLÍÍÎLËLKŒMLŒKL‹ŒL‹ŒMLŽŒŒNMÌKMNMŒŽL‹ŒL‹ŒMLŽŒŒNMÌKL‹ŒNNLÌŒÍŒL‹ŒL‹ŒMLŽŒŒNMÌ‹LÌMËLKŒÌLKL‹ŒL‹ŒMLŽŒŒNMÌËLKLMÍ‹LKŽÎL‹ŒL‹ŒMLŽŒŒNMÌLËŽMMŒ‹LKŒNN‹L‹ŒL‹ŒMLŽŒŒNMÌKLÎM‹‹ŒLÌŽ‹L‹ŒL‹ŒMLŽŒŒNMÌ‹‹ŒŒLNMKKLÍŒKL‹ŒL‹ŒMLŽŒŒNMÌËLËLNKŒMÎKL‹ŒL‹ŒMLŽŒŒNMÌŒŒL‹ŒL‹ŒMLŽŒŒNMÌKŒŒL‹ŒL‹ŒMLŽŒŒNMÌLL‹ÎNËŒÌKL‹ŒL‹ŒMLŽŒŒNMÌLKŒŒL‹ŒL‹ŒMLŽŒŒNMÌL‹LLŒÍŽL‹KÌL‹ŒL‹ŒMLŽŒŒNMÌLËLKŽLŒLÍKŒŽNLŒLËL‹ŒL‹ŒMLŽŒŒNMÌMLŒÎÍLKŒÌÌL‹L‹ŒL‹ŒMLŽŒŒNMÌMKLŽMËMLŒÌMËL‹ŒL‹ŒMLŽŒŒNMÌM‹L‹ŒŽML‹ŒŒML‹ŒL‹ŒMLŽŒŒNMÌMËKŒŒÍÍ‹ÍÍÍÍŽL‹ŒL‹ŒMLŽŒŒNMÌN‹ÍÌÍŒKŒÌÍKL‹ŒL‹ŒMLŽŒŒNMÌNKLKMLML‹ŒÌMÍL‹ŒL‹ŒMLŽŒŒNMÌŒËŒÌÌLKÎŽKL‹ŒL‹ŒMLŽŒŒNMÌŒKKŒÎLLŒNMÌ‹L‹ŒL‹ŒMLŽŒŒNMÌŒ‹L‹ŒÎMKÎÎMNL‹ŒL‹ŒMLŽŒŒNMÌŒËL‹ŒŒNNNMMÍL‹ŒL‹ŒMLŽŒŒNMÌÍMÍ‹LKŒŒŒ‹L‹ŒL‹ŒMLŽŒŒNMÌKLLÍŒL‹ŒÌÌŒÍL‹ŒL‹ŒMLŽŒŒNMÌ‹KŒLŒKÌËL‹ŒL‹ŒMLŽŒŒNMÌËÎMŒÌMKLËŒŒŒÎKL‹ŒL‹ŒMLŽŒŒNMÌŽLËLM‹LKŽMÌÌŒL‹ŒL‹ŒMLŽŒŒNMÌŽKLŒÍKÍKL‹ŒL‹ŒMLŽŒŒNMÌÌËŒÍÌKŒÌÎML‹ŒL‹ŒMLŽŒŒNMÌÌKL‹ŒÌŒKÎNNKL‹ŒL‹ŒMLŽŒŒNMÌÌ‹‹ŽLMŽŽNÎL‹ŒL‹ŒMLŽŒŒNMÌÌËL‹ŒMÎNMKŒMŽMŒ‹L‹ŒL‹ŒMLŽŒŒNMÌÍLKŽLMËKŽMŒÎKL‹ŒL‹ŒMLŽŒŒNMÌÍKLKŒÍNM‹L‹ŒL‹ŒMLŽŒŒNMÌÍ‹LÎNLŒÍLNM‹L‹ŒL‹ŒMLŽŒŒNMÌÍËLKŒŒÌÌNKLŒÍLÌÍËL‹ŒL‹ŒMLŽŒŒNMÌÎËŒLŒÎNLŒLLÌ‹L‹ŒL‹ŒMLŽŒŒNMÌÎKLKŽŒMMLKŽMMM‹L‹ŒL‹ŒMLŽŒŒNMÍL‹ŒÎLMÍLKLMÌLÎMËL‹ŒL‹ŒMLŽŒŒNMÍK‹ŒÌÌŒLKÎMNL‹ŒL‹ŒMLŽŒŒNMÍ‹ŒLŒÌM‹LŒŒLŒÍL‹ŒL‹ŒMLŽŒŒNMÍËLKŒLNÎŽLNŒÍL‹ŒL‹ŒMLŽŒŒNMÍËŒŽŒ‹LÌŒL‹ŒL‹ŒMLŽŒŒNMÍKŒŽMËŒÍMÎÌKL‹ŒL‹ŒMLŽŒŒNMÍ‹LKŽMN‹L‹ŒL‹ŒMLŽŒŒNMÍËKŒNËKŒŽLÍLËL‹ŒL‹ŒMLŽŒŒNMÍ‹ŒMÍLÌÎLÌ‹L‹ŒL‹ŒMLŽŒŒNMÍKLNMMK‹LŽKL‹ŒL‹ŒMLŽŒŒNMÍLŽÌÌ‹LKÍLÍM‹L‹ŒL‹ŒMLŽŒŒNMÍLKKÎMLÌLËŒŒŽMŒ‹L‹ŒL‹ŒMLŽŒŒNMÍL‹ŒŽNKNMLKL‹ŒL‹ŒMLŽŒŒNMÍLËKLÌNŒËËŒMKL‹ŒL‹ŒMLŽŒŒNMÍMŒŒL‹ŒL‹ŒMLŽŒŒNMÍMKŒNLLËKŽLÌÍÌKL‹ŒL‹ŒMLŽŒŒNMÍM‹KŒMLMLLËŒŒL‹ŒL‹ŒMLŽŒŒNMÍMËKŽŒÍLLKLŒÍLL‹ŒL‹ŒMLŽŒŒNMÍNKŒÍŽMMËŒÌLŽKL‹ŒL‹ŒMLŽŒŒNMÍNKLLÍKŽMMMËL‹ŒL‹ŒMLŽŒŒNMÍŒKŽLMŒLM‹ŒŒLŽM‹L‹ŒL‹ŒMLŽŒŒNMÍŒKLÍÌLKLÍLÌKL‹ŒL‹ŒMLŽŒŒNMÍŒ‹ËŒMNMŒMLLŽL‹ŒL‹ŒMLŽŒŒNMÍŒËŽMŒŒMÌKLKŒMÌÌMMËL‹ŒL‹ŒMLŽŒŒNMÍLŒLŒÎŒŽMÌŒL‹ŒL‹ŒMLŽŒŒNMÍKËŒÌLÌLKŒÍLÍŽKL‹ŒL‹ŒMLŽŒŒNMÍ‹ŽMÌNNŽLLMNL‹ŒL‹ŒMLŽŒŒNMÍËKÌLÍL‹ËNLMŒL‹ŒL‹ŒMLŽŒŒNMÍŽŒÌÎMKËÌMMÍËL‹ŒL‹ŒMLŽŒŒNMÍŽKKŒÌLÎKLŒÌLŽKL‹ŒL‹ŒMLŽŒŒNMÍÌŽLL‹‹ŒÍLÎM‹L‹ŒL‹ŒMLŽŒŒNMÍÌKLŽMLËKLŒËL‹ŒL‹ŒMLŽŒŒNMÍÌ‹ËÌLN‹‹ŒMŒÌL‹L‹ŒL‹ŒMLŽŒŒNMÍÌËKŒLÌNËŒŒ‹L‹ŒL‹ŒMLŽŒŒNMÍÍŒŒL‹ŒL‹ŒMLŽŒŒNMÍÍKÌNMLŒ‹LKŽLL‹ŒL‹ŒMLŽŒŒNMÍÍ‹ŒŒL‹ŒL‹ŒMLŽŒŒNMÍÍËLMNNLŒÌML‹ŒL‹ŒMLŽŒŒNMÍÎŒŒL‹ŒL‹ŒMLŽŒŒNMÍÎKMKŒNKL‹ŒŽÍÌNKL‹ŒL‹ŒMLŽŒŒNMÎËÌŒŽÍÍL‹ŒL‹ŒMLŽŒŒNMÎKLKŒLÍÎLËM‹ŒMÌËL‹ŒL‹ŒMLŽŒŒNMÎ‹MŽLMNL‹ŒÌÌÎML‹ŒL‹ŒMLŽŒŒNMÎËLËŒÎLËLKŒÍÎÍŒKL‹ŒL‹ŒMLŽŒŒNMÎKŒÍŽŒŒËŒMLËL‹ŒL‹ŒMLŽŒŒNMÎKL‹ÌŽMMM‹ŽMÍML‹ŒL‹ŒMLŽŒŒNMÎ‹KŽLÌÍŒ‹LÎMML‹ŒL‹ŒMLŽŒŒNMÎËLKŒMMÍLËÎNL‹L‹ŒL‹ŒMLŽŒŒNMÎLËŒÍMÎNLKNÍL‹ŒL‹ŒMLŽŒŒNMÎKLKŒÌŒLKLÌM‹L‹ŒL‹ŒMLŽŒŒNMÎLŒŒL‹ŒL‹ŒMLŽŒŒNMÎLKLMMÍMKKŽMNNKL‹ŒL‹ŒMLŽŒŒNMÎL‹KŽMLÍŽLKÍÍŽML‹ŒL‹ŒMLŽŒŒNMÎLËŒNMŒÍLKŽMMÎMML‹ŒL‹ŒMLŽŒŒNMÎMLKŒŒNÌ‹ŒÍÌÍŒL‹ŒL‹ŒMLŽŒŒNMÎMKLKŒŽMÌÎËLŽMMŽMÍKL‹ŒL‹ŒMLŽŒŒNMÎM‹KŒÎÍNŒÎLLL‹ŒL‹ŒMLŽŒŒNMÎMËLKNNLL‹NŒML‹ŒL‹ŒMLŽŒŒNMÎNÍLŒËL‹ŒŒNMKL‹ŒL‹ŒMLŽŒŒNMÎNKLKŒÌŒLŒŒKL‹ŒŽLLKL‹ŒL‹ŒMLŽŒŒNNŒŒL‹ŒL‹ŒMLŽŒŒNNKŒŒL‹ŒL‹ŒMLŽŒŒNN‹‹ÌÍKŒŽŒL‹ŒL‹ŒMLŽŒŒNNËLËMËLÌÎLMKL‹ŒL‹ŒMLŽŒŒNN‹LÍKLŒŒŒËL‹ŒL‹ŒMLŽŒŒNNKLNMÌ‹L‹ŽLM‹L‹ŒL‹ŒMLŽŒŒNN‹ŒŒL‹ŒL‹ŒMLŽŒŒNNËL‹ŒŒLKŒLŽNKL‹ŒL‹ŒMLŽŒŒNNŒŒL‹ŒL‹ŒMLŽŒŒNNKLKNMMËŽLNLKL‹ŒL‹ŒMLŽŒŒNNLŒŒL‹ŒL‹ŒMLŽŒŒNNLKLŒŒŒMËMŽÎKL‹ŒL‹ŒMLŽŒŒNNL‹ŒŒL‹ŒL‹ŒMLŽŒŒNNLËKŒŽLMÍK‹ŒÎMMMKL‹ŒL‹ŒMLŽŒŒNNMŒŒL‹ŒL‹ŒMLŽŒŒNNMKLKÍÍŽM‹LŒNLŽL‹ŒL‹ŒMLŽŒŒNNM‹ŒŒL‹ŒL‹ŒMLŽŒŒNNMËŽLÌËLŒMÍNMËL‹ŒL‹ŒMLŽŒŒNNNLKŽMÌÍŒŒ‹ŒMÍŒŒ‹L‹ŒL‹ŒMLŽŒŒNNNKLKŒÎLÌŽKŒŒËL‹ŒL‹ŒMLŽŒŒNNŒÎMËLKLŽÍKL‹ŒL‹ŒMLŽŒŒNNŒKLŒÍÍNËL‹ŒMÎËL‹ŒL‹ŒMLŽŒŒNNŒ‹KŽÌL‹ŒLLM‹L‹ŒL‹ŒMLŽŒŒNNŒËKŒMLÎLËLËŒNNNKL‹ŒL‹ŒMLŽŒŒNNL‹ÍÍM‹LKÌNML‹L‹ŒL‹ŒMLŽŒŒNNKŒŒL‹ŒL‹ŒMLŽŒŒNN‹ËŒÎMMÍM‹KŒŽNMML‹ŒL‹ŒMLŽŒŒNNËLKŽMNLLKMŒËL‹ŒL‹ŒMLŽŒŒNNŽ‹ŽÌŽNMKÌLËL‹ŒL‹ŒMLŽŒŒNNŽKL‹ŒÍŽLŒMKNÌNL‹ŒL‹ŒMLŽŒŒNNÌLKÎMNKMMNL‹ŒL‹ŒMLŽŒŒNNÌKLKNMNKKŽÍÌKL‹ŒL‹ŒMLŽŒŒNNÌ‹LMËLŒŒÌLMËL‹ŒL‹ŒMLŽŒŒNNÌËLKŒLNMLLŒÌÌŽL‹ŒL‹ŒMLŽŒŒNNÍ‹ŒNLÎLŽÍÍÍ‹L‹ŒL‹ŒMLŽŒŒNNÍKL‹ŒÍMLKŽMNLLÎL‹ŒL‹ŒMLŽŒŒNNÍ‹L‹ŒŽLËLŒNMÍËL‹ŒL‹ŒMLŽŒŒNNÍË‹ŒLLÍMKŒNŒŽM‹L‹ŒL‹ŒMLŽŒŒNNÎËŒLŒLÍMÍLL‹ŒL‹ŒMLŽŒŒNNÎKLKŽLÍŒLKLNLMËL‹ŒL‹ŒMLŽŒŒNNËŒMŒLŒÌLŒÍL‹ŒL‹ŒMLŽŒŒNNKŒÌMŒÎŒLÍL‹ŒL‹ŒMLŽŒŒNN‹LKŽŒMËÌMÎKL‹ŒL‹ŒMLŽŒŒNNË‹ŒNLÌËKÌŽMLLKL‹ŒL‹ŒMLŽŒŒNN‹ŒLMKLKŒÌNKL‹ŒL‹ŒMLŽŒŒNNKLKŒNKŽMÌÍÎL‹ŒL‹ŒMLŽŒŒNN‹ËŒÍLŽL‹L‹ŒL‹ŒMLŽŒŒNNËKŒŒMLKLËÍŒÍNKL‹ŒL‹ŒMLŽŒŒNNŒŒL‹ŒL‹ŒMLŽŒŒNNK‹ŽÌŽŒÍLNNL‹ŒL‹ŒMLŽŒŒNNLŒÌÌ‹LŒMÎLNL‹ŒL‹ŒMLŽŒŒNNLKLKŒLÌMËŽŒŒÎNKL‹ŒL‹ŒMLŽŒŒNNL‹ÍÌMËLËŒÌŒKL‹ŒL‹ŒMLŽŒŒNNLË‹ŒLÍNNKLKŒLŽKL‹ŒL‹ŒMLŽŒŒNNMLMLLËËŒÍNËL‹ŒL‹ŒMLŽŒŒNNMKLŒLLMÌŽLM‹L‹ŒL‹ŒMLŽŒŒNNM‹ŒŒL‹ŒL‹ŒMLŽŒŒNNMËLLÎLNKMŒNËL‹ŒL‹ŒMLŽŒŒNNN‹ŽL‹LŽLNL‹ŒL‹ŒMLŽŒŒNNNKÌÍMËLKŒÍÌNËL‹ŒL‹ŒMLŽŒŒNNŒŒMÎÎŽMŒ‹L‹ŒL‹ŒMLŽŒŒNNŒKËŒÍNLŽKŒLËL‹ŒL‹ŒMLŽŒŒNNŒ‹KŒÎKŒŒL‹L‹ŒL‹ŒMLŽŒŒNNŒËLŒLMŒŒM‹‹ŒÍŒ‹L‹ŒL‹ŒMLŽŒŒNNŒÎÍÍKËÍŒÎÌKL‹ŒL‹ŒMLŽŒŒNNK‹ŒLÌÎLËLŒMLËL‹ŒL‹ŒMLŽŒŒNN‹ŒŒL‹ŒL‹ŒMLŽŒŒNNË‹ŒÍMK‹ÎÌMKL‹ŒL‹ŒMLŽŒŒNNŽŒŒÍÎÌ‹ŒML‹ŒL‹ŒMLŽŒŒNNŽKLŒMÍMŽNK‹ŒMLNËL‹ŒL‹ŒMLŽŒŒNNÌËŽML‹ÍÍMÎML‹ŒL‹ŒMLŽŒŒNNÌKŒNŒÎL‹ŒŽÌL‹ŒL‹ŒMLŽŒŒNNÌ‹ŒŒL‹ŒL‹ŒMLŽŒŒNNÌËLŽMLMŽŽÌÌL‹ŒL‹ŒMLŽŒŒNNÍ‹ÎMLŽL‹LKŒMÍÍÌL‹ŒL‹ŒMLŽŒŒNNÍKMŽÌÌLKŽÌÌNL‹ŒL‹ŒMLŽŒŒNNÍ‹‹MMMŒÎLÍÍLL‹ŒL‹ŒMLŽŒŒNNÍËLŽŽÍËMKŽŽŒKL‹ŒL‹ŒMLŽŒŒNNÎMŽLŒNLËL‹ÍŒÎÌËL‹ŒL‹ŒMLŽŒŒNNÎKLËŒLŽMŒKLKŒÍKL‹ŒL‹ŒMLŽŒŒNNKŒŒLŒËLŒŒŒËL‹ŒL‹ŒMLŽŒŒNNKL‹ŒLŽMŽNKŒŒ‹L‹ŒL‹ŒMLŽŒŒNN‹KMËLMÍMKL‹ŒL‹ŒMLŽŒŒNNËLKMÎMÍLËŒÎMÎ‹L‹ŒL‹ŒMLŽŒŒNNLËŒMMÎLKŒÌÌMLL‹ŒL‹ŒMLŽŒŒNNKLKŒÍÍL‹LKÍÌ‹L‹ŒL‹ŒMLŽŒŒNN‹KŒLMÍLLÎ‹L‹ŒL‹ŒMLŽŒŒNNËLKŒÌŽLKKLLNKL‹ŒL‹ŒMLŽŒŒNN‹ŒŽŒËLKŒMMÌÎKL‹ŒL‹ŒMLŽŒŒNNKLNMÌ‹L‹ŒMÌL‹ŒL‹ŒMLŽŒŒNNLLŽLLŽŒŽMM‹L‹ŒL‹ŒMLŽŒŒNNLKLNKLMKL‹ŒL‹ŒMLŽŒŒNNL‹KNMÎKLŒNKL‹ŒL‹ŒMLŽŒŒNNLËLKMNÌKKŒŒÌŽLKL‹ŒL‹ŒMLŽŒŒNNMLLÌMNKLKŽMÍKL‹ŒL‹ŒMLŽŒŒNNMKLKMÌÎMLKŽLM‹L‹ŒL‹ŒMLŽŒŒNNM‹LËŒMNMŒKLKŒÎLMMŒKL‹ŒL‹ŒMLŽŒŒNNMËLLLÍÍ‹ŒMŒLMÌL‹ŒL‹ŒMLŽŒŒNNN‹ŒLÍÎKKŒLMMMKL‹ŒL‹ŒMLŽŒŒNNNKLËŽŒÌ‹LMÍL‹ŒL‹ŒMLŽŒŒNNLKŒŒŽKLŒÌÍÎËL‹ŒL‹ŒMLŽŒŒNNLKLŒŒLŒM‹L‹ŒÍMŽLL‹ŒL‹ŒMLŽŒŒNNL‹L‹LÍMNMKLMÎÌËL‹ŒL‹ŒMLŽŒŒNNLËL‹ŒÌŒÍËLMÌÎNKL‹ŒL‹ŒMLŽŒŒNNLLÌLŒÌÌÍŒML‹ŒL‹ŒMLŽŒŒNNLKLKŽLMŒÎLÍL‹L‹ŒL‹ŒMLŽŒŒNNL‹LŒMÍLL‹L‹ŒŒÌL‹ŒL‹ŒMLŽŒŒNNLËLÌÌKMNMKL‹ŒL‹ŒMLŽŒŒNNLL‹ŒŽŒŒÍŽL‹ŒL‹ŒMLŽŒŒNNLKŽNLMÎKKŽŒMMLËL‹ŒL‹ŒMLŽŒŒNNLL‹MM‹LŒÌÌÌŒL‹L‹ŒL‹ŒMLŽŒŒNNLLKLKÍMMŒŒŒŽÍ‹L‹ŒL‹ŒMLŽŒŒNNLL‹‹LM‹ŒMÍÎL‹ŒL‹ŒMLŽŒŒNNLLËŽLÍËLŒNLËL‹ŒL‹ŒMLŽŒŒNNLML‹ÍÌNLKLLÌL‹ŒL‹ŒMLŽŒŒNNLMKL‹ŒÍLMKLŒLŽLKL‹ŒL‹ŒMLŽŒŒNNLM‹ŒÌŒ‹LKŒŽMÌÍL‹ŒL‹ŒMLŽŒŒNNLMËLŒÌÌÍ‹L‹ŒÌMŒL‹ŒL‹ŒMLŽŒŒNNLN‹ŒÌÌM‹LLMLÍL‹ŒL‹ŒMLŽŒŒNNLNKŽMLÎLËLËŒLLNKL‹ŒL‹ŒMLŽŒŒNNLŒLËMLÌL‹ŒLŽML‹ŒL‹ŒMLŽŒŒNNLŒKŒŒMËŽMNMKL‹ŒL‹ŒMLŽŒŒNNLŒ‹‹ÍËÍÍËL‹ŒL‹ŒMLŽŒŒNNLŒËL‹ŒLŒŒLMM‹L‹ŒL‹ŒMLŽŒŒNNL‹ŽŒŒ‹ŽMMŒÌÎL‹ŒL‹ŒMLŽŒŒNNLKL‹MŒÌL‹MKŒÌNML‹ŒL‹ŒMLŽŒŒNNL‹LKL‹ŒÌÎL‹ŒL‹ŒMLŽŒŒNNLËŒNMNL‹ËŒŽLL‹ŒL‹ŒMLŽŒŒNNLŽLŒÎKŒŒNŒŒËL‹ŒL‹ŒMLŽŒŒNNLŽKLŽLLÎMŽL‹ŒL‹ŒMLŽŒŒNNLÌ‹ŒÎNLÍÎL‹ŒL‹ŒMLŽŒŒNNLÌKLKŒŽLMËLKÌNÌŽKL‹ŒL‹ŒMLŽŒŒNNLÌ‹LKŽLÌÌÌËŒŒÎMÎKL‹ŒL‹ŒMLŽŒŒNNLÌË‹ŒLNKNLÍ‹L‹ŒL‹ŒMLŽŒŒNNLÍËŒNMLŽMÌL‹ŒL‹ŒMLŽŒŒNNLÍKLKÌLËÍMŒLKL‹ŒL‹ŒMLŽŒŒNNLÍ‹ËŽÍŒM‹ÍLÍMÎL‹ŒL‹ŒMLŽŒŒNNLÍËŒŽMÎMÌŒÍŒNL‹ŒL‹ŒMLŽŒŒNNLÎLŽLMÎNËKŒMŒÎLËL‹ŒL‹ŒMLŽŒŒNNLÎKKŽÎÍ‹KŽNMM‹L‹ŒL‹ŒMLŽŒŒNNMKMÍÌËLKŒŽKL‹ŒL‹ŒMLŽŒŒNNMKLLŒLK‹ŒÍMŽLËL‹ŒL‹ŒMLŽŒŒNNM‹KŽNNÎKLŒMLÌËL‹ŒL‹ŒMLŽŒŒNNMË‹ŒMÍLL‹ŽLÌ‹L‹ŒL‹ŒMLŽŒŒNNMLŒMŒMLNLL‹L‹ŒL‹ŒMLŽŒŒNNMKKÎMÌŒLËËŒÍÍMÍKL‹ŒL‹ŒMLŽŒŒNNM‹ËÎLKLNŒMKL‹ŒL‹ŒMLŽŒŒNNMËLKŒMMŽKKŒNÎLKL‹ŒL‹ŒMLŽŒŒNNM‹ŒÌÌÍKLKŽMLÌKL‹ŒL‹ŒMLŽŒŒNNMK‹LÍŒŒLËLLÍÎNKL‹ŒL‹ŒMLŽŒŒNNMLKŒÌŽLÍŽKËŽLÍMLKL‹ŒL‹ŒMLŽŒŒNNMLKLŒÌNMKŽLÍŒŒKL‹ŒL‹ŒMLŽŒŒNNML‹KŽLNNÍËŒNÌMËL‹ŒL‹ŒMLŽŒŒNNMLËÌŒËKÌLKL‹ŒL‹ŒMLŽŒŒNNMMËŒNÌMKLŒLÌLLKL‹ŒL‹ŒMLŽŒŒNNMMKKŒLŽLËLKŒMMMKL‹ŒL‹ŒMLŽŒŒNNMM‹ŒŒL‹ŒL‹ŒMLŽŒŒNNMMËŒŒL‹ŒL‹ŒMLŽŒŒNNMNŒŒL‹ŒL‹ŒMLŽŒŒNNMNKŒŒL‹ŒL‹ŒMLŽŒŒNNMŒŽÎŒŒÎLÌL‹ŒL‹ŒMLŽŒŒNNMŒKËŽŽKKÎLÌËL‹ŒL‹ŒMLŽŒŒNNMŒ‹ŒŒL‹ŒL‹ŒMLŽŒŒNNMŒËMÎKŒLÌML‹ŒL‹ŒMLŽŒŒNNMŒŒL‹ŒL‹ŒMLŽŒŒNNMKŒŒL‹ŒL‹ŒMLŽŒŒNNM‹ŒŒL‹ŒL‹ŒMLŽŒŒNNMËŒŒL‹ŒL‹ŒMLŽŒŒNNMŽŒŒL‹ŒL‹ŒMLŽŒŒNNMŽKŒŒL‹ŒL‹ŒMLŽŒŒNNMÌ‹MËLKŒŽMLŽKL‹ŒL‹ŒMLŽŒŒNNMÌKMKŒLMŒŒÌL‹ŒÌMLL‹ŒL‹ŒMLŽŒŒNNMÌ‹ŒŒL‹ŒL‹ŒMLŽŒŒNNMÌËLÌLŒMM‹ŒL‹L‹ŒL‹ŒMLŽŒŒNNMÍMMÍŽKL‹ŒLNËL‹ŒL‹ŒMLŽŒŒNNMÍKLËŒLÌÍÍ‹LKŒLÌLL‹ŒL‹ŒMLŽŒŒNNMÍ‹KÍÍNMÍŒNL‹ŒL‹ŒMLŽŒŒNNMÍËL‹ŽLLLÎLLM‹L‹ŒL‹ŒMLŽŒŒNNMÎËŒÎÌKŒÌLÎMËL‹ŒL‹ŒMLŽŒŒNNMÎKLKŒŒM‹LËŒÍÌ‹L‹ŒL‹ŒMLŽŒŒNNNŒŒL‹ŒL‹ŒMLŽŒŒNNNKLŽŒŒŒ‹LKŒÍNNL‹ŒL‹ŒMLŽŒŒNNN‹ŒLŒÍŒŒËLŒÍŒŒKL‹ŒL‹ŒMLŽŒŒNNNËLKŒŽÌËKŒŒŒKL‹ŒL‹ŒMLŽŒŒNNNŒŒL‹ŒL‹ŒMLŽŒŒNNNKLŒLMÍL‹ŒÎ‹L‹ŒL‹ŒMLŽŒŒNNN‹ŒŒL‹ŒL‹ŒMLŽŒŒNNNËLŽMLNNŒL‹ŒL‹ŒMLŽŒŒNNN‹ŒÍLÌËKŒŽMŒNKL‹ŒL‹ŒMLŽŒŒNNNKLKÌÎÍÎŽÍÎL‹ŒL‹ŒMLŽŒŒNNNLŒLŒÍ‹L‹ŒŽL‹L‹ŒL‹ŒMLŽŒŒNNNLKLKÍÌL‹L‹ŒLŒÍŽLL‹ŒL‹ŒMLŽŒŒNNNL‹LËLMMÌLËLKÎLÍMKL‹ŒL‹ŒMLŽŒŒNNNLËLKŒLÌÍNKLNMÍ‹L‹ŒL‹ŒMLŽŒŒNNNM‹ŒÌÌ‹ŽMLL‹ŒL‹ŒMLŽŒŒNNNMKLËÍNÌÎKLMKL‹ŒL‹ŒMLŽŒŒNNNM‹ŒŒL‹ŒL‹ŒMLŽŒŒNNNMËLMÌÌ‹L‹ŽNM‹L‹ŒL‹ŒMLŽŒŒNNNNŒŒL‹ŒL‹ŒMLŽŒŒNNNNKŒŒL‹ŒL‹ŒMLŽŒŒŒŒŒL‹ŒL‹ŒMLŽŒŒŒKLKŽMÎŒÎNŽM‹L‹ŒL‹ŒMLŽŒŒŒ‹ŒŒL‹ŒL‹ŒMLŽŒŒŒËLŒMMŒÍMŒ‹L‹ŒL‹ŒMLŽŒŒŒŒŒL‹ŒL‹ŒMLŽŒŒŒKKŽMMÍNËŒÍÌÎM‹L‹ŒL‹ŒMLŽŒŒŒ‹ŒŒL‹ŒL‹ŒMLŽŒŒŒËLKÍLŽLŒMLŽÍL‹ŒL‹ŒMLŽŒŒŒŒŒL‹ŒL‹ŒMLŽŒŒŒKMŽKLÍËL‹ŒL‹ŒMLŽŒŒŒLL‹ÎÌNLËKŒÎLLKL‹ŒL‹ŒMLŽŒŒŒLKLKŒŒÍMMËŽÎMÌKL‹ŒL‹ŒMLŽŒŒŒL‹ÎŒNMËLKMMŒËL‹ŒL‹ŒMLŽŒŒŒLËLŒLŒËL‹MŽMÍMKL‹ŒL‹ŒMLŽŒŒŒMKŒMMNLŒŽLL‹ŒL‹ŒMLŽŒŒŒMKŒÍLŽMMKLËŽŒÍŒKL‹ŒL‹ŒMLŽŒŒŒM‹LËÌÌÍLKŽMMLLŽL‹ŒL‹ŒMLŽŒŒŒMËŽLÌMÌKLÎML‹ŒL‹ŒMLŽŒŒŒNŒŒL‹ŒL‹ŒMLŽŒŒŒNKLKŽÌNŽMŒ‹L‹ŒL‹ŒMLŽŒŒŒŒËŽLŒL‹ŽLLNL‹ŒL‹ŒMLŽŒŒŒŒKLKŽNMÍMMM‹L‹ŒL‹ŒMLŽŒŒŒŒ‹LKMÌÌŽKKLÍŒMNKL‹ŒL‹ŒMLŽŒŒŒŒËLKŒMMÍÍÌ‹ŒNLÌLŒ‹L‹ŒL‹ŒMLŽŒŒŒŒLNNMŽLL‹ŒL‹ŒMLŽŒŒŒKŒŒL‹ŒL‹ŒMLŽŒŒŒ‹‹LÍNLŒŽMÍNL‹ŒL‹ŒMLŽŒŒŒËLKŽÌL‹ŒŽLŒL‹ŒL‹ŒMLŽŒŒŒŽLKÌMÌŒÍKŒÌÍŽMKL‹ŒL‹ŒMLŽŒŒŒŽK‹ŒÌMKKMNKL‹ŒL‹ŒMLŽŒŒŒÌËŽLNMLËLŽLÍMËL‹ŒL‹ŒMLŽŒŒŒÌKLKŽMÍMÍËŒMLÌÌKL‹ŒL‹ŒMLŽŒŒŒÌ‹ËŽŽKŽLŽMMKL‹ŒL‹ŒMLŽŒŒŒÌËŒÌŒŒËŒŒÍÎNKL‹ŒL‹ŒMLŽŒŒŒÍLKŽLMÎŒL‹ŒL‹ŒMLŽŒŒŒÍK‹ŒŒŒLLKŽLÎLÌL‹ŒL‹ŒMLŽŒŒŒÍ‹KŽMÌÎKLKŒŽMLËL‹ŒL‹ŒMLŽŒŒŒÍËLKŒÌLŽÌËKŽMŒLKL‹ŒL‹ŒMLŽŒŒŒÎŒÌÌ‹L‹‹L‹ŒL‹ŒMLŽŒŒŒÎK‹LÎMMÍ‹LËŒÍŒ‹L‹ŒL‹ŒMLŽŒŒŒLŒÍÍÎKŒMÌËL‹ŒL‹ŒMLŽŒŒŒKKKËŒLÎMËL‹ŒL‹ŒMLŽŒŒŒ‹ËŽÌÍÍMKŒŽLÎKL‹ŒL‹ŒMLŽŒŒŒËLKLŽ‹ŽÎŒL‹ŒL‹ŒMLŽŒŒŒŒÌLNMŒÍÍL‹ŒL‹ŒMLŽŒŒŒKKŽMMÌNLKŒÎŽLL‹ŒL‹ŒMLŽŒŒŒ‹LŒŒŒL‹ŽLÍÎL‹ŒL‹ŒMLŽŒŒŒËLŽMLŒLLMÎL‹ŒL‹ŒMLŽŒŒŒKLÌMÌLŒLÍLÌ‹L‹ŒL‹ŒMLŽŒŒŒKLKŒLŽLMÍËLŒNLËL‹ŒL‹ŒMLŽŒŒŒL‹LNMÍKLŒŒNŒKL‹ŒL‹ŒMLŽŒŒŒLKŽNNLKL‹ŒMKL‹ŒL‹ŒMLŽŒŒŒL‹ŽLKŽŽLKL‹ŒL‹ŒMLŽŒŒŒLËËŽLMŒÍ‹ŽÌLL‹ŒL‹ŒMLŽŒŒŒMML‹ŽLÍŒML‹ŒL‹ŒMLŽŒŒŒMKLŽ‹MLÍLL‹ŒL‹ŒMLŽŒŒŒM‹ËŒÍÌLÌ‹LKŒÌÌ‹L‹ŒL‹ŒMLŽŒŒŒMË‹ŒLNŽMKLŒLLŒÌKL‹ŒL‹ŒMLŽŒŒŒNLŒÌMŒËKŽMÍŒNKL‹ŒL‹ŒMLŽŒŒŒNKËŒŽÌÍ‹ŒMMŒL‹L‹ŒL‹ŒMLŽŒŒŒŒŒNÎK‹ÍÎNKL‹ŒL‹ŒMLŽŒŒŒŒKŒŒL‹ŒL‹ŒMLŽŒŒŒŒ‹ËŒMŽÌKËŒÎMŽKL‹ŒL‹ŒMLŽŒŒŒŒËŒÍŒŽKL‹ŒNMKL‹ŒL‹ŒMLŽŒŒŒŒŒL‹ŒL‹ŒMLŽŒŒŒKLLÌL‹ŒŒML‹ŒL‹ŒMLŽŒŒŒ‹KÌMŽLL‹ŒŒŒL‹ŒL‹ŒMLŽŒŒŒËMKŒÍNLËL‹ŒŒŒNNMKL‹ŒL‹ŒMLŽŒŒŒŽKŒÍŒ‹LŽÍMŒ‹L‹ŒL‹ŒMLŽŒŒŒŽKLKMLÌŒÍKMËŒMÌŒËL‹ŒL‹ŒMLŽŒŒŒÌMÍ‹L‹ŒMÌŽL‹ŒL‹ŒMLŽŒŒŒÌKLËŒLÍŒŒÌËLKŒÎŒËL‹ŒL‹ŒMLŽŒŒŒÌ‹ÌÌŽM‹LŒÌÍ‹L‹ŒL‹ŒMLŽŒŒŒÌËLËMÍ‹LŒÌÎL‹ŒL‹ŒMLŽŒŒŒÍKŒLL‹LKLŽLM‹L‹ŒL‹ŒMLŽŒŒŒÍKLKŒÍŽLËŒŒÍ‹L‹ŒL‹ŒMLŽŒŒŒÍ‹LËŽNNLŒ‹LKŽLŒŽL‹ŒL‹ŒMLŽŒŒŒÍËLKŒMÌ‹LKŽLÌLŒL‹ŒL‹ŒMLŽŒŒŒÎŒŒLŒLLKŒMÍÎL‹ŒL‹ŒMLŽŒŒŒÎKLKLÎKŽMÌŒLËL‹ŒL‹ŒMLŽŒŒŒ‹ŒŒLÌL‹LKMŒMÍÌL‹ŒL‹ŒMLŽŒŒŒKLŒÌÌŒL‹LKŽŽŽNL‹ŒL‹ŒMLŽŒŒŒ‹LKŒLŒÌKŒÍMÌÌŽKL‹ŒL‹ŒMLŽŒŒŒËLKLMLÌMLKŒŒMNL‹ŒL‹ŒMLŽŒŒŒKŒÍÍKLÍÎËL‹ŒL‹ŒMLŽŒŒŒKLKŽMŽMÎMËKŒÍŒKL‹ŒL‹ŒMLŽŒŒŒ‹LŒÌKL‹ŒÍLÌÍNKL‹ŒL‹ŒMLŽŒŒŒËLKŒÍNKL‹ŒŒMËL‹ŒL‹ŒMLŽŒŒŒLËMMLKŽLŒ‹L‹ŒL‹ŒMLŽŒŒŒKLKŒMŒKŒÎL‹ŒL‹ŒMLŽŒŒŒL‹ŒÍÍŒNKLŒ‹L‹ŒL‹ŒMLŽŒŒŒLKL‹ŒMËL‹ŒŒÌÎNKL‹ŒL‹ŒMLŽŒŒŒL‹KŒMMÌ‹LÍÍÌL‹ŒL‹ŒMLŽŒŒŒLËLÎMMŒKL‹ŽMMŒNKL‹ŒL‹ŒMLŽŒŒŒML‹ŽÌŽKLŒÌMÎMLËL‹ŒL‹ŒMLŽŒŒŒMKL‹ÌLLŽŒL‹L‹ŒL‹ŒMLŽŒŒŒM‹LŒÎNÍMŒÍÍL‹ŒL‹ŒMLŽŒŒŒMËLKÍÌNMKŒMLMÎKL‹ŒL‹ŒMLŽŒŒŒNLÍÍÎMËL‹ŒÌNNKL‹ŒL‹ŒMLŽŒŒŒNKLŽMÌMKŒLÌÍLL‹ŒL‹ŒMLŽŒŒŒLL‹ŒMÌÌÎKŒÍMMËL‹ŒL‹ŒMLŽŒŒŒLKKÎLŒÌNK‹ŽLÌKL‹ŒL‹ŒMLŽŒŒŒL‹KŽLN‹LÍÍÍNL‹ŒL‹ŒMLŽŒŒŒLËL‹ŒNNLKLŒNMÌËL‹ŒL‹ŒMLŽŒŒŒL‹ÍÌKLŒÍLMKL‹ŒL‹ŒMLŽŒŒŒLKÌMLŒKLŽKL‹ŒL‹ŒMLŽŒŒŒL‹L‹ŽLÌÌL‹ŽNÌ‹L‹ŒL‹ŒMLŽŒŒŒLËL‹ŒMMLÌËŒLLËL‹ŒL‹ŒMLŽŒŒŒLŽMÍÎNLKŒÌÎMM‹L‹ŒL‹ŒMLŽŒŒŒLKŒÌÎMKL‹ŒŒMMNNKL‹ŒL‹ŒMLŽŒŒŒLLKÍMLËŒMÍKL‹ŒL‹ŒMLŽŒŒŒLLKÌ‹LËÌÌÍŒNL‹ŒL‹ŒMLŽŒŒŒLL‹LËŒLŒÍKLKLÌËL‹ŒL‹ŒMLŽŒŒŒLLËLŒÎËNŒKL‹ŒL‹ŒMLŽŒŒŒLM‹ŒÍŒNM‹ÌL‹ŒL‹ŒMLŽŒŒŒLMKL‹MÍËŒMLÎLÌËL‹ŒL‹ŒMLŽŒŒŒLM‹ËŒÎNKKŒŒMÌËL‹ŒL‹ŒMLŽŒŒŒLMËL‹ŒMÍM‹MŽMÍLMÌL‹ŒL‹ŒMLŽŒŒŒLNLKŽLMÍLËKŒÍÎKL‹ŒL‹ŒMLŽŒŒŒLNKLKÌŽLN‹ŒÍL‹ŒL‹ŒMLŽŒŒŒLŒLŒNML‹MŽL‹ŒL‹ŒMLŽŒŒŒLŒKLKŒŒÌLŒNNNL‹ŒL‹ŒMLŽŒŒŒLŒ‹‹ŒŒMÍLËLÎMLÌKL‹ŒL‹ŒMLŽŒŒŒLŒËLKÍÌŽLÍKL‹ŒMŽKL‹ŒL‹ŒMLŽŒŒŒLLKŒÌÍËŒŒLÌLËL‹ŒL‹ŒMLŽŒŒŒLKËŒMLÎNK‹ŒNMNLKL‹ŒL‹ŒMLŽŒŒŒL‹ËÌLÍÌ‹LKŒŒL‹ŒL‹ŒMLŽŒŒŒLËLKÎLLŒMNLNML‹ŒL‹ŒMLŽŒŒŒLŽËMÌŒMŽN‹L‹ŒL‹ŒMLŽŒŒŒLŽKŒMÌÍÍLËŒŽËL‹ŒL‹ŒMLŽŒŒŒLÌLKŽÍMÌŽMŽNMÍ‹L‹ŒL‹ŒMLŽŒŒŒLÌK‹ŒÍŒN‹KNLNL‹L‹ŒL‹ŒMLŽŒŒŒLÌ‹KÍŒLKNÍ‹L‹ŒL‹ŒMLŽŒŒŒLÌËLÌMŒ‹‹ÍŒ‹L‹ŒL‹ŒMLŽŒŒŒLÍKÍÎNM‹LŒŽŽLL‹ŒL‹ŒMLŽŒŒŒLÍKKŽÌÌÎLËŒŒÌŒ‹L‹ŒL‹ŒMLŽŒŒŒLÍ‹ŒNNLÎL‹ÌÍÍL‹L‹ŒL‹ŒMLŽŒŒŒLÍË‹ŒMÍMÌKËMÎMKL‹ŒL‹ŒMLŽŒŒŒLÎŒŽLÎLKŒŒMŒŒËL‹ŒL‹ŒMLŽŒŒŒLÎKLŒÌŽLÌ‹KŒŒÌL‹ŒL‹ŒMLŽŒŒŒMKŒŒŒMKLËŒLKL‹ŒL‹ŒMLŽŒŒŒMKKŽMŒLŒKLKÌMŽŒKL‹ŒL‹ŒMLŽŒŒŒM‹KŒÍŒÍËNMÌL‹ŒL‹ŒMLŽŒŒŒMËŒLŒŽËKŒÌÎNKL‹ŒL‹ŒMLŽŒŒŒMËŒŒÍŒKKŒLŒŒMÌËL‹ŒL‹ŒMLŽŒŒŒMKŒÌMMKKŒNLËL‹ŒL‹ŒMLŽŒŒŒM‹ËŒLÍÌËLŒLKL‹ŒL‹ŒMLŽŒŒŒMËKŒLÎLKŒNMÍL‹ŒL‹ŒMLŽŒŒŒMKŒÌMŒKŒÌLML‹ŒL‹ŒMLŽŒŒŒMKŒNËŽNMÍMNKL‹ŒL‹ŒMLŽŒŒŒMLKLÍŒŽKKŽNLMËL‹ŒL‹ŒMLŽŒŒŒMLKKŒMÍ‹‹ÍÍÍL‹ŒL‹ŒMLŽŒŒŒML‹ËMÍ‹ŽMÍŒML‹ŒL‹ŒMLŽŒŒŒMLËKŒMÎLŽLŒ‹L‹ŒL‹ŒMLŽŒŒŒMM‹ŒŒM‹ŽNMÎÎL‹ŒL‹ŒMLŽŒŒŒMMKËÌŒÎMÍËÎMNÎKL‹ŒL‹ŒMLŽŒŒŒMM‹ËŽLLÍÌKKŽLŽKL‹ŒL‹ŒMLŽŒŒŒMMËŽNMÍNËŒNLLL‹ŒL‹ŒMLŽŒŒŒMNŒŒNKŒŒŽL‹ŒL‹ŒMLŽŒŒŒMNKKŽÎLLMM‹L‹ŒL‹ŒMLŽŒŒŒMŒŒŒL‹ŒL‹ŒMLŽŒŒŒMŒKLKÌŒŽMŒŽL‹L‹ŒL‹ŒMLŽŒŒŒMŒ‹‹ŒŽÍÍLKŽNLL‹L‹ŒL‹ŒMLŽŒŒŒMŒËMŒŒKLLMËL‹ŒL‹ŒMLŽŒŒŒMKÎNMÌÍ‹LŽNMŒLML‹ŒL‹ŒMLŽŒŒŒMKLNMLŽËM‹ÍŽLNLKL‹ŒL‹ŒMLŽŒŒŒM‹LËÍMÌÍLKMŒÍ‹L‹ŒL‹ŒMLŽŒŒŒMËLËŒÌŽLKLKÌMÌËL‹ŒL‹ŒMLŽŒŒŒMŽÍLŒÍMÎL‹ŒL‹ŒMLŽŒŒŒMŽKLËŒŒLÌŒ‹ŒMŒML‹ŒL‹ŒMLŽŒŒŒMÌKŽLM‹LMÌL‹ŒL‹ŒMLŽŒŒŒMÌKLKŒÌÎÍL‹LËŒMML‹L‹ŒL‹ŒMLŽŒŒŒMÌ‹LËŒMÌLM‹LKÎ‹L‹ŒL‹ŒMLŽŒŒŒMÌËLKNMÍKL‹ŒÌLÍËL‹ŒL‹ŒMLŽŒŒŒMÍŒÌÌNKLÌÍÌËL‹ŒL‹ŒMLŽŒŒŒMÍKLŽMÌÎŒKÌL‹ŒL‹ŒMLŽŒŒŒMÍ‹KŽMÍÌKLKÍŒŒLŒKL‹ŒL‹ŒMLŽŒŒŒMÍËLŒML‹ŒÍÍL‹ŒL‹ŒMLŽŒŒŒMÎLKŒMÎŒKŒLÍÎKL‹ŒL‹ŒMLŽŒŒŒMÎKLŽNNMÍKLMMKL‹ŒL‹ŒMLŽŒŒŒNŽKLŒMLŽKL‹ŒL‹ŒMLŽŒŒŒNKL‹ŒŒÍMËŽLLŒÌËL‹ŒL‹ŒMLŽŒŒŒN‹LŒLŽL‹ŒŽLLÌL‹ŒL‹ŒMLŽŒŒŒNËLKÌÎLÍÌËL‹ŽLŽMËL‹ŒL‹ŒMLŽŒŒŒNLËŒMÌÍŽLKŒŒÌÍL‹ŒL‹ŒMLŽŒŒŒNKLŽÍË‹ÍÌKL‹ŒL‹ŒMLŽŒŒŒN‹‹LŒÍŒKKMNKL‹ŒL‹ŒMLŽŒŒŒNËMÍLËLŽMŽMMËL‹ŒL‹ŒMLŽŒŒŒNKŒLL‹LŽLLŒ‹L‹ŒL‹ŒMLŽŒŒŒNKLŒŒÍÍÍL‹ŒÎÍÌL‹ŒL‹ŒMLŽŒŒŒNLL‹ŽMÌËLŒMNNKL‹ŒL‹ŒMLŽŒŒŒNLKLKMÍÍËŽMKL‹ŒL‹ŒMLŽŒŒŒNL‹ŒŒL‹ŒL‹ŒMLŽŒŒŒNLËL‹ŒÍMŒÍŒ‹ŒML‹ŒL‹ŒMLŽŒŒŒNMŒŒL‹ŒL‹ŒMLŽŒŒŒNMKLŒMÌMŽML‹ŒL‹ŒMLŽŒŒŒNM‹ŒŒL‹ŒL‹ŒMLŽŒŒŒNMËKŒLNL‹‹ŒŒÍNML‹ŒL‹ŒMLŽŒŒŒNNŒŒL‹ŒL‹ŒMLŽŒŒŒNNKLKŽLŒLŒMŽNL‹ŒL‹ŒMLŽŒŒŒŒËŒMMŽLMÌÍ‹L‹ŒL‹ŒMLŽŒŒŒŒKKÎÌŒNNLÎML‹ŒL‹ŒMLŽŒŒŒŒ‹L‹ŒMÌLN‹ŒNMÌÍL‹L‹ŒL‹ŒMLŽŒŒŒŒËL‹ŒLÎMŒŒŒÌŒML‹ŒL‹ŒMLŽŒŒŒŒŒÍÌKLKŽNNMKL‹ŒL‹ŒMLŽŒŒŒŒKŒMŒŽLËL‹ŒŽMËL‹ŒL‹ŒMLŽŒŒŒŒ‹‹N‹ÍNLL‹ŒL‹ŒMLŽŒŒŒŒËKŽNŒŒL‹ŽLÍL‹ŒL‹ŒMLŽŒŒŒŒLËŒÍÌŒÍŽLKŽLÌÎL‹ŒL‹ŒMLŽŒŒŒŒKŒMMËŽLŒKL‹ŒL‹ŒMLŽŒŒŒŒLËŒMÌNKÌNMKL‹ŒL‹ŒMLŽŒŒŒŒLKLKŽMËÍÎLMLKL‹ŒL‹ŒMLŽŒŒŒŒL‹ËLLKŒMÌŽL‹ŒL‹ŒMLŽŒŒŒŒLËLKÎMÌLKMMŒŒÌKL‹ŒL‹ŒMLŽŒŒŒŒMLKÌÎL‹KŽMŽLLŒ‹L‹ŒL‹ŒMLŽŒŒŒŒMKLŒÎMMÍË‹ŽNMLËL‹ŒL‹ŒMLŽŒŒŒŒM‹LŒŽNŒÎLŽML‹ŒL‹ŒMLŽŒŒŒŒMËLKNLŒKLMÎŽKL‹ŒL‹ŒMLŽŒŒŒŒN‹ŒMÌKLŒLLËL‹ŒL‹ŒMLŽŒŒŒŒNKLKÌMMÌKLKÎLKL‹ŒL‹ŒMLŽŒŒŒŒŒLKÍLLËLŒMMËL‹ŒL‹ŒMLŽŒŒŒŒŒKËÍLMË‹ŒÍÍŒŒËL‹ŒL‹ŒMLŽŒŒŒŒŒ‹ËNM‹LÍLL‹ŒL‹ŒMLŽŒŒŒŒŒËLKŒŽMLL‹ŒL‹ŒMLŽŒŒŒŒËÌMNMŽL‹ŒL‹ŒMLŽŒŒŒŒKÍMËÍŽMÍËL‹ŒL‹ŒMLŽŒŒŒŒ‹LKÌ‹ÎLLL‹ŒL‹ŒMLŽŒŒŒŒËKŽÎLNKÍÌŒL‹ŒL‹ŒMLŽŒŒŒŒŽKŒŽMÌ‹LKŽNÎNL‹L‹ŒL‹ŒMLŽŒŒŒŒŽKLKLMŽLKŒLŽ‹L‹ŒL‹ŒMLŽŒŒŒŒÌŽMÌËLKŽÍLËL‹ŒL‹ŒMLŽŒŒŒŒÌKKŽLÌÍKLËŒŒNËL‹ŒL‹ŒMLŽŒŒŒŒÌ‹LŒÍŽKŽLNKL‹ŒL‹ŒMLŽŒŒŒŒÌË‹ŒMLËŽNML‹L‹ŒL‹ŒMLŽŒŒŒŒÍËŒŒÍŽLKŒŽMÌÍL‹ŒL‹ŒMLŽŒŒŒŒÍKLŽÎMM‹KÎLM‹L‹ŒL‹ŒMLŽŒŒŒŒÍ‹LŒLMKMŒNMŽKL‹ŒL‹ŒMLŽŒŒŒŒÍËŽŒŒÎKL‹ŒMMLKL‹ŒL‹ŒMLŽŒŒŒŒÎLŒÍMÌKËŒNŽLÎKL‹ŒL‹ŒMLŽŒŒŒŒÎKMLLËKÌMÎËL‹ŒL‹ŒMLŽŒŒŒ‹ÌŒLÌŽLÎN‹L‹ŒL‹ŒMLŽŒŒŒKLŒNLËKŒLÍÌKL‹ŒL‹ŒMLŽŒŒŒ‹‹ŽMMLÍKŒŒLÌÌËL‹ŒL‹ŒMLŽŒŒŒËŽLLÍËLKNLÌKL‹ŒL‹ŒMLŽŒŒŒLŽNKMÎLÎKL‹ŒL‹ŒMLŽŒŒŒKËÌMËŒNMÌŒËL‹ŒL‹ŒMLŽŒŒŒ‹LŒLLËŒÌŒŽMŽKL‹ŒL‹ŒMLŽŒŒŒËLNMLÌ‹ŒŒLLŽL‹ŒL‹ŒMLŽŒŒŒŽÌÍLŽŒMML‹ŒL‹ŒMLŽŒŒŒKŽLŒÎËLŽLLKL‹ŒL‹ŒMLŽŒŒŒLKÍÍÎMKËŒÍŒËL‹ŒL‹ŒMLŽŒŒŒLKŒŒŒŒ‹KÌLNŒ‹L‹ŒL‹ŒMLŽŒŒŒL‹ËŽŒLÌŽ‹ŒLŒÎL‹ŒL‹ŒMLŽŒŒŒLËLKŽÎLKKŒÍÌŒÌËL‹ŒL‹ŒMLŽŒŒŒMËŽLŒLKKŒMŽŽKL‹ŒL‹ŒMLŽŒŒŒMKLŒŽNNMLLÎÌL‹ŒL‹ŒMLŽŒŒŒM‹LŒÍÍÌÍLŒ‹L‹ŒL‹ŒMLŽŒŒŒMËLKÌMNŒÍŒNMŒ‹L‹ŒL‹ŒMLŽŒŒŒN‹ŒNLËLKŽNŒËL‹ŒL‹ŒMLŽŒŒŒNKMKN‹LËŒÎLŽL‹L‹ŒL‹ŒMLŽŒŒŒŒKŒÍŽNM‹LKŒÌŽLL‹ŒL‹ŒMLŽŒŒŒŒKLKŒÌÎM‹ÍŒL‹L‹ŒL‹ŒMLŽŒŒŒŒ‹MMMM‹L‹ŒÌŒŒŒL‹ŒL‹ŒMLŽŒŒŒŒËLËŒMŒNËLKŒMKL‹ŒL‹ŒMLŽŒŒŒŽMÌÎŽLLÍÌŒ‹L‹ŒL‹ŒMLŽŒŒŒKLËŒNÍËÎKL‹ŒL‹ŒMLŽŒŒŒ‹KŒÌLKŒNMLMLL‹ŒL‹ŒMLŽŒŒŒËLKÌMLKLËMLËL‹ŒL‹ŒMLŽŒŒŒŽLËŒÍKLKŒMŒËL‹ŒL‹ŒMLŽŒŒŒŽKLKŒNLÌÍKLKŒLNMÌKL‹ŒL‹ŒMLŽŒŒŒÌŒŒMMÎMKLÍNŒËL‹ŒL‹ŒMLŽŒŒŒÌKLKŒÎMÌŒKKMÍÌKL‹ŒL‹ŒMLŽŒŒŒÌ‹KŒNŽMÍËLKÌNKL‹ŒL‹ŒMLŽŒŒŒÌËLLLÌŒËL‹ŒLŽËL‹ŒL‹ŒMLŽŒŒŒÍLKLŒŒLKLMŒKL‹ŒL‹ŒMLŽŒŒŒÍKLKŒŽMKLÌÎKL‹ŒL‹ŒMLŽŒŒŒÍ‹ÎÍ‹ŒŒML‹ŒL‹ŒMLŽŒŒŒÍËL‹ŒMÍMŒL‹ŒL‹ŒMLŽŒŒŒÎLŒLÎL‹ŒÎMŒMÍL‹ŒL‹ŒMLŽŒŒŒÎKLŽNNMËLKÍÎMKL‹ŒL‹ŒMLŽŒŒŒŽLËŒLNKLKŒLLÍKL‹ŒL‹ŒMLŽŒŒŒŽKLKŒÎMŒËKŒLŒŽLKL‹ŒL‹ŒMLŽŒŒŒŽ‹‹ŒÍÍM‹KLÎL‹ŒL‹ŒMLŽŒŒŒŽËŒŒL‹ŒL‹ŒMLŽŒŒŒŽKŒLLÍËLŒÍŒKL‹ŒL‹ŒMLŽŒŒŒŽKLŒÌŒLŽËL‹ŒÌLËL‹ŒL‹ŒMLŽŒŒŒŽ‹L‹ÍLÍÌKLŒÌKL‹ŒL‹ŒMLŽŒŒŒŽËL‹ŒMLLKŒÎNKL‹ŒL‹ŒMLŽŒŒŒŽLŽMŽLKŒÎLLËL‹ŒL‹ŒMLŽŒŒŒŽKL‹ŒŽMŒÎLÍŽL‹ŒL‹ŒMLŽŒŒŒŽLLLMŒKL‹ŒLŽMÌËL‹ŒL‹ŒMLŽŒŒŒŽLKLKŒMÍÍÍMKŒŒLÍLL‹ŒL‹ŒMLŽŒŒŒŽL‹LKŽNMLŒL‹MÌNLL‹ŒL‹ŒMLŽŒŒŒŽLËKŒÍÌÌ‹‹ŒÌMÌÍL‹ŒL‹ŒMLŽŒŒŒŽMKÌLÌÌKLŽŽKL‹ŒL‹ŒMLŽŒŒŒŽMKLKŽMÍKŒŒÍKL‹ŒL‹ŒMLŽŒŒŒŽM‹KŒÍÌÌÍLŽLÍÍNL‹ŒL‹ŒMLŽŒŒŒŽMËMMËLÌÌÍËL‹ŒL‹ŒMLŽŒŒŒŽNL‹ŒŽLKKŒNMŒÌËL‹ŒL‹ŒMLŽŒŒŒŽNKL‹ŒÍML‹ŒÌÍŒM‹L‹ŒL‹ŒMLŽŒŒŒÌLŒÎLÌËL‹ŒŒŒÎKL‹ŒL‹ŒMLŽŒŒŒÌKLŽŒMÌMËL‹ŒÎLÌÍKL‹ŒL‹ŒMLŽŒŒŒÌ‹KŽÍLËŒÌÌŒLËL‹ŒL‹ŒMLŽŒŒŒÌËŒÌÌŒÎLËÌÍÍÌÍ‹L‹ŒL‹ŒMLŽŒŒŒÌLËLŽËLKÍLŽKL‹ŒL‹ŒMLŽŒŒŒÌKLŒÌÍŽMKŽMŒËL‹ŒL‹ŒMLŽŒŒŒÌ‹ËŒLÌÍŒËKŒŽÎKL‹ŒL‹ŒMLŽŒŒŒÌËLKŽNMÌËŒNMNKL‹ŒL‹ŒMLŽŒŒŒÌ‹LNLËLÍÍŒKL‹ŒL‹ŒMLŽŒŒŒÌKLKŽNÎMLÍÌM‹L‹ŒL‹ŒMLŽŒŒŒÌLLKÌÍKKŒÌÍŒLÌKL‹ŒL‹ŒMLŽŒŒŒÌLKŒŒL‹ŒL‹ŒMLŽŒŒŒÌL‹LÍÍMÍÌËLŒŒŒKL‹ŒL‹ŒMLŽŒŒŒÌLËLKŒLKLŒÍÍMKL‹ŒL‹ŒMLŽŒŒŒÌM‹ŒMŒÎ‹LÍMÎÎL‹ŒL‹ŒMLŽŒŒŒÌMKLKÌNŒÌKLKLNNKL‹ŒL‹ŒMLŽŒŒŒÌM‹LKŒŒÌLËÍÎKL‹ŒL‹ŒMLŽŒŒŒÌMË‹ŒŒÍLLKÍNM‹L‹ŒL‹ŒMLŽŒŒŒÌNËŒMŒÌÎLKŒMÍL‹ŒL‹ŒMLŽŒŒŒÌNKŒŒL‹ŒL‹ŒMLŽŒŒŒÌŒËŒLŒNMÌL‹ŒL‹ŒMLŽŒŒŒÌŒKLŒÎLLKLŒLLLMËL‹ŒL‹ŒMLŽŒŒŒÌŒ‹LKŽMÍLËŽNMNMËL‹ŒL‹ŒMLŽŒŒŒÌŒËKMŒKÌMÎL‹ŒL‹ŒMLŽŒŒŒÌKMÍÍÍLKŒÍLÎL‹ŒL‹ŒMLŽŒŒŒÌKLKŒMN‹ŒŽMÌ‹L‹ŒL‹ŒMLŽŒŒŒÌ‹KÌÎLŽMÌÍŽLL‹ŒL‹ŒMLŽŒŒŒÌËŽLŽMŒÌŒL‹L‹ŒL‹ŒMLŽŒŒŒÌŽMMŒŽMŒ‹L‹ŒL‹ŒMLŽŒŒŒÌŽK‹ŒŒÎKËŽLÎMKL‹ŒL‹ŒMLŽŒŒŒÌÌËŒÌÎLÎLŒÌLLML‹ŒL‹ŒMLŽŒŒŒÌÌKLŽLÎML‹KŒÍLLNL‹ŒL‹ŒMLŽŒŒŒÌÌ‹KŒÌŒNLËŒÎL‹L‹ŒL‹ŒMLŽŒŒŒÌÌËKŒŽLNËLKŒÍMKL‹ŒL‹ŒMLŽŒŒŒÌÍÍÌÍŒËËMMÌÍKL‹ŒL‹ŒMLŽŒŒŒÌÍKŒŒL‹ŒL‹ŒMLŽŒŒŒÌÍ‹KŒMMÍËLLŽMNKL‹ŒL‹ŒMLŽŒŒŒÌÍËLŒLÍKÌÎML‹L‹ŒL‹ŒMLŽŒŒŒÌÎ‹ŒÍLËLŽMÌÌÎKL‹ŒL‹ŒMLŽŒŒŒÌÎKŒŽMÍLKŒÍNL‹ŒL‹ŒMLŽŒŒŒÍÍÌ‹ÍÎL‹ŒL‹ŒMLŽŒŒŒÍKŒMLLKŒŽNLŒL‹ŒL‹ŒMLŽŒŒŒÍ‹ËŒLML‹‹ŽNL‹ŒL‹ŒMLŽŒŒŒÍËËLÍÍÍÎKKŒLÌŽKL‹ŒL‹ŒMLŽŒŒŒÍŒLLLÍ‹ËŒÌŒ‹L‹ŒL‹ŒMLŽŒŒŒÍK‹ŒŒŽMÌKŒÌNNKL‹ŒL‹ŒMLŽŒŒŒÍ‹KNLNK‹ÌNMËL‹ŒL‹ŒMLŽŒŒŒÍËŒÍLËKŒŒMNKL‹ŒL‹ŒMLŽŒŒŒÍKŒMÍLÍËÌML‹ŒL‹ŒMLŽŒŒŒÍKËŒMMÍKKŒŒŒÌËL‹ŒL‹ŒMLŽŒŒŒÍLŒŒL‹ŒL‹ŒMLŽŒŒŒÍLKKŒMÍŽÌKLKŽLLËL‹ŒL‹ŒMLŽŒŒŒÍL‹LKLLÌKLÌLÍKL‹ŒL‹ŒMLŽŒŒŒÍLËL‹ŒLMMLL‹ŒL‹ŒMLŽŒŒŒÍMKŽLMLËLKŽLŒKL‹ŒL‹ŒMLŽŒŒŒÍMKMKŒŒŒN‹L‹ŒLÍ‹L‹ŒL‹ŒMLŽŒŒŒÍM‹KMÎÍËLKŒÌKL‹ŒL‹ŒMLŽŒŒŒÍMËLKŒŒNM‹ŽNL‹L‹ŒL‹ŒMLŽŒŒŒÍNMKŒNNLMÌL‹ŽÍLÌML‹ŒL‹ŒMLŽŒŒŒÍNKL‹ŽÌLLKŒLÌÌÎL‹ŒL‹ŒMLŽŒŒŒÍŒKŒLNLŒNML‹ŒL‹ŒMLŽŒŒŒÍŒKL‹ŽÍLNKŒKL‹ŒL‹ŒMLŽŒŒŒÍŒ‹‹ŒMMKLŒÌMMKL‹ŒL‹ŒMLŽŒŒŒÍŒËLKŒÍNÌMKŒNŽ‹L‹ŒL‹ŒMLŽŒŒŒÍLËŒÌÍŽKLKLÍLËL‹ŒL‹ŒMLŽŒŒŒÍKLŽLÍLKŽLÌŒNM‹L‹ŒL‹ŒMLŽŒŒŒÍ‹ÍÌŒKLŽÍËL‹ŒL‹ŒMLŽŒŒŒÍËLKÎÎKŒLML‹ŒL‹ŒMLŽŒŒŒÍŽKÍÌLKŽLMŒ‹L‹ŒL‹ŒMLŽŒŒŒÍŽKŒŽNŽKLKŽMKL‹ŒL‹ŒMLŽŒŒŒÍÌLKMLÍNL‹LŒŒMÌLÌ‹L‹ŒL‹ŒMLŽŒŒŒÍÌKLŽMMLÌ‹LMÍŽLL‹ŒL‹ŒMLŽŒŒŒÍÌ‹KŒŒÌŒKŒLÌÌËL‹ŒL‹ŒMLŽŒŒŒÍÌËLKÍÌŒÎKŒNŽËL‹ŒL‹ŒMLŽŒŒŒÍÍŒŒŒMËL‹ŒLMKL‹ŒL‹ŒMLŽŒŒŒÍÍKLKŒÍÌŒL‹ŒŒÌL‹ŒL‹ŒMLŽŒŒŒÍÍ‹LËŒŒLŒŒKLKŒÎÌÌËL‹ŒL‹ŒMLŽŒŒŒÍÍËLŒÌŒŽ‹ŒLÌL‹ŒL‹ŒMLŽŒŒŒÍÎ‹ŒÌÎKKŽLŒKL‹ŒL‹ŒMLŽŒŒŒÍÎKLËÎLÌ‹LŒÎLL‹ŒL‹ŒMLŽŒŒŒÎKŽÌŒ‹LLMÌLL‹ŒL‹ŒMLŽŒŒŒÎKLLLM‹L‹ÍÌÍŒ‹L‹ŒL‹ŒMLŽŒŒŒÎ‹L‹MLŽMÍ‹L‹ŒL‹ŒMLŽŒŒŒÎËLKMÍÎLL‹ŒL‹ŒMLŽŒŒŒÎŒŒL‹ŒL‹ŒMLŽŒŒŒÎKLKŒÍÌÌ‹KŒMÎÎL‹ŒL‹ŒMLŽŒŒŒÎ‹ŒŒL‹ŒL‹ŒMLŽŒŒŒÎËLŒÍÌMÎMŒÍÌŽLL‹ŒL‹ŒMLŽŒŒŒÎŒŒL‹ŒL‹ŒMLŽŒŒŒÎK‹LLÎMŽKËŒÍNËL‹ŒL‹ŒMLŽŒŒŒÎLŒŒL‹ŒL‹ŒMLŽŒŒŒÎLKLKÌÍŒLMÍŒL‹ŒL‹ŒMLŽŒŒŒÎL‹ŒŒL‹ŒL‹ŒMLŽŒŒŒÎLËŽÌLŒŒËLMLÌLËL‹ŒL‹ŒMLŽŒŒŒÎMLKÌŒLN‹ŒŒÍÌÍL‹ŒL‹ŒMLŽŒŒŒÎMKLKŽÍNKLMLÎKL‹ŒL‹ŒMLŽŒŒŒÎM‹ÍÍŒŒÍËLKŒÌÌMËL‹ŒL‹ŒMLŽŒŒŒÎMËLŒÍMMÍŽL‹ŒÍŽÌ‹L‹ŒL‹ŒMLŽŒŒŒÎNKMÎKÌÎKL‹ŒL‹ŒMLŽŒŒŒÎNKŒŒÌËLËMLÍKL‹ŒL‹ŒMLŽŒŒŒL‹ÎNLÌ‹LKMÎL‹ŒL‹ŒMLŽŒŒŒKLŒMÌÌNNLL‹ŒL‹ŒMLŽŒŒŒ‹ËŒÌÎNKKŒNLÍKL‹ŒL‹ŒMLŽŒŒŒËL‹ŒŒŽŽL‹LLMÍLL‹ŒL‹ŒMLŽŒŒŒËŒMŽLL‹KŒÎLŒL‹ŒL‹ŒMLŽŒŒŒKL‹ŒÍLŽLÍ‹MŽLLMÌML‹ŒL‹ŒMLŽŒŒŒ‹LKŽNÍKKŒÍÌMÌKL‹ŒL‹ŒMLŽŒŒŒËLŒÌMÍÎL‹‹ÍLÎL‹L‹ŒL‹ŒMLŽŒŒŒLŒÎNÌKLŒMLÍŽKL‹ŒL‹ŒMLŽŒŒŒKLLLŒÍŒLL‹ŒL‹ŒMLŽŒŒŒLËŒMLŒLÌNML‹ŒL‹ŒMLŽŒŒŒLKLKŒÍŒŒÎKLKŒÌLNMKL‹ŒL‹ŒMLŽŒŒŒL‹L‹ŒŒŽKLŒÌLKL‹ŒL‹ŒMLŽŒŒŒLË‹ŽNNÍÌ‹KŽÌÌL‹L‹ŒL‹ŒMLŽŒŒŒMËÍMÌLLÎL‹ŒL‹ŒMLŽŒŒŒMKLŽMNLLNŽÍÌL‹L‹ŒL‹ŒMLŽŒŒŒM‹ŽMNKŒLÌŽL‹ŒL‹ŒMLŽŒŒŒMËŒÍNLL‹LÍLNM‹L‹ŒL‹ŒMLŽŒŒŒNLKŒŒLÎKLŒŒÍŒ‹L‹ŒL‹ŒMLŽŒŒŒNK‹ŒÌŽKŽNLMŒL‹ŒL‹ŒMLŽŒŒŒŒKNŒMLKŽÎML‹L‹ŒL‹ŒMLŽŒŒŒŒKLŒŒLŒÌÎ‹LÌÌL‹ŒL‹ŒMLŽŒŒŒŒ‹‹ŒNMMÌKLŒŒMKL‹ŒL‹ŒMLŽŒŒŒŒËKŒÍŒMNKLËŒÎÍNKL‹ŒL‹ŒMLŽŒŒŒLŒMLMÍ‹ÍÍŽL‹ŒL‹ŒMLŽŒŒŒK‹ŒŒKËŒÎMŒNËL‹ŒL‹ŒMLŽŒŒŒ‹ËŒMLÍÍL‹ŒL‹ŒMLŽŒŒŒËLŽÍŒ‹KMÎL‹ŒL‹ŒMLŽŒŒŒŽŒÍLŒKLËŽŒÍÌKL‹ŒL‹ŒMLŽŒŒŒŽKKMMŽÍ‹L‹ŒMŒŒÌL‹ŒL‹ŒMLŽŒŒŒÌLN‹ËŒŒÌÍ‹L‹ŒL‹ŒMLŽŒŒŒÌKLKŒLÌLKŒMŒKL‹ŒL‹ŒMLŽŒŒŒÌ‹KŽMLNLŒÌÍL‹ŒL‹ŒMLŽŒŒŒÌËŽMŒŽNKŽN‹L‹ŒL‹ŒMLŽŒŒŒÍ‹ŒÎŽËLMŒŽMËL‹ŒL‹ŒMLŽŒŒŒÍKÎMNLKŽLŽL‹ŒL‹ŒMLŽŒŒŒÍ‹ŒÍLÍŒMKŒŽNKL‹ŒL‹ŒMLŽŒŒŒÍËËŽLMËŒMÍNMËL‹ŒL‹ŒMLŽŒŒŒÎMNŽŽMÎL‹ŒL‹ŒMLŽŒŒŒÎKKŽNMËŒMMÌŽL‹ŒL‹ŒMLŽŒŒŒËŽËLŽLŽLLKL‹ŒL‹ŒMLŽŒŒŒK‹ŒÌŽL‹ÌÌŒNL‹ŒL‹ŒMLŽŒŒŒ‹LŒMNNKKŒŒMNKL‹ŒL‹ŒMLŽŒŒŒË‹ŽMÎKËŽLŽLKL‹ŒL‹ŒMLŽŒŒŒËŒMKKŽLÍÌKL‹ŒL‹ŒMLŽŒŒŒKMŒMK‹ŽŒMKL‹ŒL‹ŒMLŽŒŒŒ‹ËŽLLÌ‹ÌŒŽ‹L‹ŒL‹ŒMLŽŒŒŒËÌÍŽMLKLKÌÌËL‹ŒL‹ŒMLŽŒŒŒŒŒL‹ŒL‹ŒMLŽŒŒŒKŒŒL‹ŒL‹ŒMLŽŒŒŒLŒŒL‹ŒL‹ŒMLŽŒŒŒLKŒŒL‹ŒL‹ŒMLŽŒŒŒL‹ŒŒL‹ŒL‹ŒMLŽŒŒŒLËŒŒL‹ŒL‹ŒMLŽŒŒŒMŒŒL‹ŒL‹ŒMLŽŒŒŒMKŒŒL‹ŒL‹ŒMLŽŒŒŒM‹ŒŒL‹ŒL‹ŒMLŽŒŒŒMËŒŒL‹ŒL‹ŒMLŽŒŒŒNŒŒL‹ŒL‹ŒMLŽŒŒŒNKŒŒL‹ŒL‹ŒMLŽŒŒŒŒŒŒL‹ŒL‹ŒMLŽŒŒŒŒKŒŒL‹ŒL‹ŒMLŽŒŒŒŒ‹ŒŒL‹ŒL‹ŒMLŽŒŒŒŒËŒŒL‹ŒL‹ŒMLŽŒŒŒŒŒL‹ŒL‹ŒMLŽŒŒŒKŒŒL‹ŒL‹ŒMLŽŒŒŒ‹ŒŒL‹ŒL‹ŒMLŽŒŒŒËŒŒL‹ŒL‹ŒMLŽŒŒŒŽŒŒL‹ŒL‹ŒMLŽŒŒŒŽKŒŒL‹ŒL‹ŒMLŽŒŒŒÌŒŒL‹ŒL‹ŒMLŽŒŒŒÌKŒŒL‹ŒL‹ŒMLŽŒŒŒÌ‹ŒŒL‹ŒL‹ŒMLŽŒŒŒÌËŒŒL‹ŒL‹ŒMLŽŒŒŒÍŒŒL‹ŒL‹ŒMLŽŒŒŒÍKŒŒL‹ŒL‹ŒMLŽŒŒŒÍ‹ŒŒL‹ŒL‹ŒMLŽŒŒŒÍËŒŒL‹ŒL‹ŒMLŽŒŒŒÎŒŒL‹ŒL‹ŒMLŽŒŒŒÎKŒŒL‹ŒL‹ŒMLŽŒŒŒŒŒL‹ŒL‹ŒMLŽŒŒŒKŒŒL‹ŒL‹ŒMLŽŒŒŒ‹ŒŒL‹ŒL‹ŒMLŽŒŒŒËŒŒL‹ŒL‹ŒMLŽŒŒŒŒŒL‹ŒL‹ŒMLŽŒŒŒKŒŒL‹ŒL‹ŒMLŽŒŒŒ‹ŒŒL‹ŒL‹ŒMLŽŒŒŒËŒŒL‹ŒL‹ŒMLŽŒŒŒŒŒL‹ŒL‹ŒMLŽŒŒŒKŒŒL‹ŒL‹ŒMLŽŒŒŒLŒŒL‹ŒL‹ŒMLŽŒŒŒLKŒŒL‹ŒL‹ŒMLŽŒŒŒL‹ŒŒL‹ŒL‹ŒMLŽŒŒŒLËŒŒL‹ŒL‹ŒMLŽŒŒŒMŒŒL‹ŒL‹ŒMLŽŒŒŒMKŒŒL‹ŒL‹ŒMLŽŒŒŒM‹ŒŒL‹ŒL‹ŒMLŽŒŒŒMËŒŒL‹ŒL‹ŒMLŽŒŒŒNŒŒL‹ŒL‹ŒMLŽŒŒŒNKŒŒL‹ŒL‹ŒMLŽŒŒŒLŒŒL‹ŒL‹ŒMLŽŒŒŒLKŒŒL‹ŒL‹ŒMLŽŒŒŒL‹ŒŒL‹ŒL‹ŒMLŽŒŒŒLËŒŒL‹ŒL‹ŒMLŽŒŒŒLŒŒL‹ŒL‹ŒMLŽŒŒŒLKŒŒL‹ŒL‹ŒMLŽŒŒŒL‹ŒŒL‹ŒL‹ŒMLŽŒŒŒLËŒŒL‹ŒL‹ŒMLŽŒŒŒLŒŒL‹ŒL‹ŒMLŽŒŒŒLKŒŒL‹ŒL‹ŒMLŽŒŒŒLLŒŒL‹ŒL‹ŒMLŽŒŒŒLLKŒŒL‹ŒL‹ŒMLŽŒŒŒLL‹ŒŒL‹ŒL‹ŒMLŽŒŒŒLLËŒŒL‹ŒL‹ŒMLŽŒŒŒLMŒŒL‹ŒL‹ŒMLŽŒŒŒLMKŒŒL‹ŒL‹ŒMLŽŒŒŒLM‹ŒŒL‹ŒL‹ŒMLŽŒŒŒLMËŒŒL‹ŒL‹ŒMLŽŒŒŒLNŒŒL‹ŒL‹ŒMLŽŒŒŒLNKŒŒL‹ŒL‹ŒMLŽŒŒŒLŒŒŒL‹ŒL‹ŒMLŽŒŒŒLŒKŒŒL‹ŒL‹ŒMLŽŒŒŒLŒ‹ŒŒL‹ŒL‹ŒMLŽŒŒŒLŒËŒŒL‹ŒL‹ŒMLŽŒŒŒLŒŒL‹ŒL‹ŒMLŽŒŒŒLKŒŒL‹ŒL‹ŒMLŽŒŒŒL‹ŒŒL‹ŒL‹ŒMLŽŒŒŒLËŒŒL‹ŒL‹ŒMLŽŒŒŒLŽŒŒL‹ŒL‹ŒMLŽŒŒŒLŽKŒŒL‹ŒL‹ŒMLŽŒŒŒLÌŒŒL‹ŒL‹ŒMLŽŒŒŒLÌKŒŒL‹ŒL‹ŒMLŽŒŒŒLÌ‹ŒŒL‹ŒL‹ŒMLŽŒŒŒLÌËŒŒL‹ŒL‹ŒMLŽŒŒŒLÍŒŒL‹ŒL‹ŒMLŽŒŒŒLÍKŒŒL‹ŒL‹ŒMLŽŒŒŒLÍ‹ŒŒL‹ŒL‹ŒMLŽŒŒŒLÍËŒŒL‹ŒL‹ŒMLŽŒŒŒLÎŒŒL‹ŒL‹ŒMLŽŒŒŒLÎKŒŒL‹ŒL‹ŒMLŽŒŒŒMŒŒL‹ŒL‹ŒMLŽŒŒŒMKŒŒL‹ŒL‹ŒMLŽŒŒŒM‹ŒŒL‹ŒL‹ŒMLŽŒŒŒMËŒŒL‹ŒL‹ŒMLŽŒŒŒMŒŒL‹ŒL‹ŒMLŽŒŒŒMKLKŽLNM‹LÎNMML‹ŒL‹ŒMLŽŒŒŒM‹‹ŒŒMŒ‹LKŽNMÍL‹L‹ŒL‹ŒMLŽŒŒŒMËMKÌMŒÌL‹ŽŒNNL‹ŒL‹ŒMLŽŒŒŒM‹ŒLÎLMLKŒLÍŽL‹ŒL‹ŒMLŽŒŒŒMKLŽMÍ‹MKŽÌLÎ‹L‹ŒL‹ŒMLŽŒŒŒMLMŽLMËL‹ŒMNLÌËL‹ŒL‹ŒMLŽŒŒŒMLKLËŒLLŒ‹LŽML‹ŒL‹ŒMLŽŒŒŒML‹KŒŒLKŒMNÎKL‹ŒL‹ŒMLŽŒŒŒMLËLËŒMŒNNKKŒMŽMŽKL‹ŒL‹ŒMLŽŒŒŒMMKÎÍLÍËLKŒËL‹ŒL‹ŒMLŽŒŒŒMMKLKMÍML‹LËÍŒŒ‹L‹ŒL‹ŒMLŽŒŒŒMM‹LËŒMMÍNLKŽLÌMÍŒ‹L‹ŒL‹ŒMLŽŒŒŒMMËLKŒŒLMËLKLŽNLŒËL‹ŒL‹ŒMLŽŒŒŒMNŒŽNLNKLŒLÌLKL‹ŒL‹ŒMLŽŒŒŒMNKLKŒÌÍÎMËKLŽNŽKL‹ŒL‹ŒMLŽŒŒŒMŒ‹ŒMÍÌ‹LKŒŽ‹L‹ŒL‹ŒMLŽŒŒŒMŒKLŽŒLL‹ŒŒLÌÍ‹L‹ŒL‹ŒMLŽŒŒŒMŒ‹LŽLŒM‹NLL‹ŒL‹ŒMLŽŒŒŒMŒËLKŒÎÍKLÍMŒËL‹ŒL‹ŒMLŽŒŒŒMKŒÍMÎMËLŒÎLLKL‹ŒL‹ŒMLŽŒŒŒMKL‹ŒLÎLŽMM‹L‹ŒL‹ŒMLŽŒŒŒM‹LŒNKL‹ŽLÍMKL‹ŒL‹ŒMLŽŒŒŒMËLKŽMŽMLËLKŽLËL‹ŒL‹ŒMLŽŒŒŒMŽLËŒŒLKŒNNMM‹L‹ŒL‹ŒMLŽŒŒŒMŽKLŒÌMÍÎ‹ŒÌL‹L‹ŒL‹ŒMLŽŒŒŒMÌ‹NŒËKÌMËL‹ŒL‹ŒMLŽŒŒŒMÌKMNMLŽMÍ‹L‹ŒL‹ŒMLŽŒŒŒMÌ‹MÌŒ‹LKŒÍNN‹L‹ŒL‹ŒMLŽŒŒŒMÌËLÌŒÎËL‹ŒÎLKL‹ŒL‹ŒMLŽŒŒŒMÍLKÎNÍKKL‹ŒL‹ŒMLŽŒŒŒMÍKŒŒL‹ŒL‹ŒMLŽŒŒŒMÍ‹ŒŒL‹ŒL‹ŒMLŽŒŒŒMÍËLKÍŒÌÎKLŒŒ‹L‹ŒL‹ŒMLŽŒŒŒMÎŒŒL‹ŒL‹ŒMLŽŒŒŒMÎKŒÍŒËMŒMÌMËL‹ŒL‹ŒMLŽŒŒŒNŒŒL‹ŒL‹ŒMLŽŒŒŒNKKŽMLËËŒÎNLËL‹ŒL‹ŒMLŽŒŒŒN‹ŒŒL‹ŒL‹ŒMLŽŒŒŒNËLKŽMMÎŒŒNM‹L‹ŒL‹ŒMLŽŒŒŒN‹ŽNLLL‹ÌNÍŽL‹ŒL‹ŒMLŽŒŒŒNKNLMKLMÌKL‹ŒL‹ŒMLŽŒŒŒN‹L‹ÎMKKÌÎLÌŒKL‹ŒL‹ŒMLŽŒŒŒNËLKŒKKŒMÌLKL‹ŒL‹ŒMLŽŒŒŒNŽMŽËLKŒÍÎKL‹ŒL‹ŒMLŽŒŒŒNKLŽÍÍÌŒ‹L‹ŽLNLL‹ŒL‹ŒMLŽŒŒŒNL‹ŒLÌLŒÎML‹L‹ŒL‹ŒMLŽŒŒŒNLKŒÌÌŒLËLËLŒÌLKL‹ŒL‹ŒMLŽŒŒŒNL‹LËŽLÎLKŽLÌLŽL‹ŒL‹ŒMLŽŒŒŒNLËLÌÍMËŒÎMKL‹ŒL‹ŒMLŽŒŒŒNM‹ŒÎLMKŽMÌËL‹ŒL‹ŒMLŽŒŒŒNMKL‹LLŒÍËŒŒMŒÌËL‹ŒL‹ŒMLŽŒŒŒNM‹ËLÌËKŽÍÎLËL‹ŒL‹ŒMLŽŒŒŒNMËL‹LLLÌKMŒŽMŒLËL‹ŒL‹ŒMLŽŒŒŒNNLKŽMÌŽLË‹ŒLMNNLKL‹ŒL‹ŒMLŽŒŒŒNNKLŽLMËŒŽMLL‹ŒL‹ŒMLŽŒŒŒŒLŒÌMËMNNKL‹ŒL‹ŒMLŽŒŒŒŒKLŽLŒÌ‹ŒÍLML‹ŒL‹ŒMLŽŒŒŒŒ‹‹ŒÌŒMLÌMLŒL‹ŒL‹ŒMLŽŒŒŒŒËLKŒŒMÌÎLKŒÍÍLÌ‹L‹ŒL‹ŒMLŽŒŒŒŒL‹MÍŽKLŒÌÎMËL‹ŒL‹ŒMLŽŒŒŒŒK‹ÌLÍKKŽLMNKL‹ŒL‹ŒMLŽŒŒŒŒ‹ŒNÌŒËŒLNMËL‹ŒL‹ŒMLŽŒŒŒŒËLKŽMŽŒLLÎL‹ŒL‹ŒMLŽŒŒŒŒËŒŒÌMÌÌKKLŒÌMKL‹ŒL‹ŒMLŽŒŒŒŒKLMLLŽÌÌM‹L‹ŒL‹ŒMLŽŒŒŒŒLLKŽNLLNL‹ÌÍ‹L‹ŒL‹ŒMLŽŒŒŒŒLKKŒÎMŒÍ‹‹ŒŒŒNL‹ŒL‹ŒMLŽŒŒŒŒL‹ŽMNMËL‹ŒÍÌKL‹ŒL‹ŒMLŽŒŒŒŒLËLMÎNŽK‹ÍMËL‹ŒL‹ŒMLŽŒŒŒŒMMÍNËLKŽLMNKL‹ŒL‹ŒMLŽŒŒŒŒMKKŒŽMŒ‹LËŒLÎM‹L‹ŒL‹ŒMLŽŒŒŒŒM‹LÍÍLÍËÌMMËL‹ŒL‹ŒMLŽŒŒŒŒMË‹ŒÌKËÌNKL‹ŒL‹ŒMLŽŒŒŒŒNËŒKLŒMÌŒŒËL‹ŒL‹ŒMLŽŒŒŒŒNKLŒLŒË‹ŒNNÍKL‹ŒL‹ŒMLŽŒŒŒŒŒKÎŒËL‹ŒËL‹ŒL‹ŒMLŽŒŒŒŒŒKKŒÎÍLKŒŒMŒL‹ŒL‹ŒMLŽŒŒŒŒŒ‹KŒNŒÍŒLLÍÎL‹ŒL‹ŒMLŽŒŒŒŒŒËŒLŒMËÍNKL‹ŒL‹ŒMLŽŒŒŒŒKŒŒŒŽLŒÌNNL‹ŒL‹ŒMLŽŒŒŒŒKLŒÍŒŽÎLÍ‹L‹ŒL‹ŒMLŽŒŒŒŒ‹‹ÌŒÌKLŒNMŒKL‹ŒL‹ŒMLŽŒŒŒŒËŒNËLKŽÍNËL‹ŒL‹ŒMLŽŒŒŒŒŽLÎŒËLŒŽNMËL‹ŒL‹ŒMLŽŒŒŒŒŽKMMŒKŽNLKL‹ŒL‹ŒMLŽŒŒŒŒÌNMÎMŽL‹ŒL‹ŒMLŽŒŒŒŒÌKŽMË‹ŽLLLKL‹ŒL‹ŒMLŽŒŒŒŒÌ‹‹ŽÌŒÌŒ‹Œ‹L‹ŒL‹ŒMLŽŒŒŒŒÌËKÌÌL‹LŒMŒÌM‹L‹ŒL‹ŒMLŽŒŒŒŒÍLŒÎMLŒKŒNMÌMLL‹ŒL‹ŒMLŽŒŒŒŒÍKËŽÍLŽNMŒŒ‹L‹ŒL‹ŒMLŽŒŒŒŒÍ‹KŽML‹NNML‹ŒL‹ŒMLŽŒŒŒŒÍËŒMÌM‹‹ÍLMŒÌL‹ŒL‹ŒMLŽŒŒŒŒÎËMŒŒËŒŽKL‹ŒL‹ŒMLŽŒŒŒŒÎKŒŒL‹ŒL‹ŒMLŽŒŒŒŒŒL‹ŒL‹ŒMLŽŒŒŒKŒŒL‹ŒL‹ŒMLŽŒŒŒ‹‹ŒÎLŒNKLKŒKL‹ŒL‹ŒMLŽŒŒŒËMKŒNMÌLKLKŽMÌÌËL‹ŒL‹ŒMLŽŒŒŒKŽLËLKLLÎËL‹ŒL‹ŒMLŽŒŒŒKLKLNÍLM‹ŽŽ‹L‹ŒL‹ŒMLŽŒŒŒ‹MŽMŽLL‹ŽÎMÌ‹L‹ŒL‹ŒMLŽŒŒŒËŒŒL‹ŒL‹ŒMLŽŒŒŒLLŽKLŒMLMKL‹ŒL‹ŒMLŽŒŒŒKLËŒÍÌŒŒÌŒ‹L‹ŒL‹ŒMLŽŒŒŒL‹ŒŒŽLÌLKŒÎN‹L‹ŒL‹ŒMLŽŒŒŒLKLKŒLÍÎMLËŒMÌÍÍL‹L‹ŒL‹ŒMLŽŒŒŒL‹LËMLÌËLKÌŒÌŒËL‹ŒL‹ŒMLŽŒŒŒLËL‹ŒLŒÍN‹L‹ŽŒŽM‹L‹ŒL‹ŒMLŽŒŒŒMLÌÎMÎKLKŒÌŒKL‹ŒL‹ŒMLŽŒŒŒMKLKŽÎLŒŒKKŒÍÎMKL‹ŒL‹ŒMLŽŒŒŒM‹ÎÎL‹ŒML‹L‹ŒL‹ŒMLŽŒŒŒMËLÍL‹L‹ŒÌŽL‹L‹ŒL‹ŒMLŽŒŒŒNLKŒNNMŒ‹ŒŽŒÍL‹ŒL‹ŒMLŽŒŒŒNKLKŒMÌL‹LKŒŒLÌ‹L‹ŒL‹ŒMLŽŒŒŒŒKŒÌŒŽËLŒMŽŒÍËL‹ŒL‹ŒMLŽŒŒŒŒKL‹ŒLÍŒÌÎÍ‹L‹ŒL‹ŒMLŽŒŒŒŒ‹LŽLÍÍŽLËŒŒLÌŽL‹ŒL‹ŒMLŽŒŒŒŒËLKÌŽL‹MÌMLM‹L‹ŒL‹ŒMLŽŒŒŒLËNNLËLKŽMÎKL‹ŒL‹ŒMLŽŒŒŒKLKLŒÍMKŒLÌÎLNL‹ŒL‹ŒMLŽŒŒŒ‹KÌMLËKŒLÍMKL‹ŒL‹ŒMLŽŒŒŒËMMMÍLKŒML‹ŒL‹ŒMLŽŒŒŒŽKŒŒKLKŒÍŒŒNKL‹ŒL‹ŒMLŽŒŒŒŽKLŽNÍKLËŒLËL‹ŒL‹ŒMLŽŒŒŒÌLËÌŒŒLKNÌ‹L‹ŒL‹ŒMLŽŒŒŒÌKLËÌŒKLKŒÌÍËL‹ŒL‹ŒMLŽŒŒŒÌ‹LKŒLNÍ‹ŒŒMLL‹ŒL‹ŒMLŽŒŒŒÌËL‹ŒLŒMLŒL‹L‹ŒL‹ŒMLŽŒŒŒÍLŒLÌ‹L‹ŒÌMÌNL‹L‹ŒL‹ŒMLŽŒŒŒÍKLKŒNLÌKMŽMŒLÎKL‹ŒL‹ŒMLŽŒŒŒÍ‹L‹LMÎMNŒMÎL‹ŒL‹ŒMLŽŒŒŒÍËÍNMKKŽMLKL‹ŒL‹ŒMLŽŒŒŒÎ‹ŒÍMÍËLŒŽNKL‹ŒL‹ŒMLŽŒŒŒÎKL‹MÍÍLKLLŒMÍKL‹ŒL‹ŒMLŽŒŒŒŽ‹ŽŒÍËLŒMŒKL‹ŒL‹ŒMLŽŒŒŒŽKMŒMÍËLŽÍMLKL‹ŒL‹ŒMLŽŒŒŒŽ‹L‹ŒÌŒLLKKŽLŒÍKL‹ŒL‹ŒMLŽŒŒŒŽËLKÌËKŒŒŒËL‹ŒL‹ŒMLŽŒŒŒŽŽLMŽMËLKLNÌÍËL‹ŒL‹ŒMLŽŒŒŒŽKLŽMLËL‹ŒNÍÍKL‹ŒL‹ŒMLŽŒŒŒŽ‹‹ŒMML‹KŒMMŒL‹ŒL‹ŒMLŽŒŒŒŽËKLLŒËLËŽMÌNNMËL‹ŒL‹ŒMLŽŒŒŒŽLKNL‹ŒLŒNL‹ŒL‹ŒMLŽŒŒŒŽKMŒŒŒŒ‹KŒLNNL‹ŒL‹ŒMLŽŒŒŒŽL‹MŒÎLNKLŒMKL‹ŒL‹ŒMLŽŒŒŒŽLKŒŒL‹ŒL‹ŒMLŽŒŒŒŽL‹‹ŽMŒKŒŒML‹ŒL‹ŒMLŽŒŒŒŽLËL‹NËMŽÌÌNKL‹ŒL‹ŒMLŽŒŒŒŽMLKÍMLKKÍÍŒKL‹ŒL‹ŒMLŽŒŒŒŽMKLKMÍŽK‹ŒMÎKL‹ŒL‹ŒMLŽŒŒŒŽM‹LŒ‹ŒÎLLL‹ŒL‹ŒMLŽŒŒŒŽMËLKŽLÍ‹ŒLMÍML‹ŒL‹ŒMLŽŒŒŒŽNËŒLÍ‹MÎL‹L‹ŒL‹ŒMLŽŒŒŒŽNKLKLLÌKLKŒMÌMËL‹ŒL‹ŒMLŽŒŒŒÌŒŒL‹ŒL‹ŒMLŽŒŒŒÌK‹MNL‹KÌÌÍ‹L‹ŒL‹ŒMLŽŒŒŒÌ‹ŒŒL‹ŒL‹ŒMLŽŒŒŒÌËLŒÌŽKKLMÌÍKL‹ŒL‹ŒMLŽŒŒŒÌŒŒL‹ŒL‹ŒMLŽŒŒŒÌKKŒÍÎMKMÍÎÌ‹L‹ŒL‹ŒMLŽŒŒŒÌ‹LŽNLMËKŽMŒMÌKL‹ŒL‹ŒMLŽŒŒŒÌË‹ŒŒMÌÎË‹ŒÎMMÌËL‹ŒL‹ŒMLŽŒŒŒÌ‹ŽNMŒÌÍ‹LŒÌŽL‹ŒL‹ŒMLŽŒŒŒÌKLŽMNM‹‹ŒÌŒÎMÌ‹L‹ŒL‹ŒMLŽŒŒŒÌL‹ŒŽŽLÎMŒM‹L‹ŒL‹ŒMLŽŒŒŒÌLK‹ÍÌKL‹ÍÍÌÌKL‹ŒL‹ŒMLŽŒŒŒÌL‹LŒÍMLËŽLNÌËL‹ŒL‹ŒMLŽŒŒŒÌLËËŒLMÍŽÌL‹L‹ŒL‹ŒMLŽŒŒŒÌMKŒÍŒŒKŽÍLML‹ŒL‹ŒMLŽŒŒŒÌMKMMM‹‹ŒÎNLL‹ŒL‹ŒMLŽŒŒŒÌM‹‹ŒŒLLKMÍMM‹L‹ŒL‹ŒMLŽŒŒŒÌMË‹ŒLNMMKLKŒMŒŽMŒËL‹ŒL‹ŒMLŽŒŒŒÌNKÍŽŒ‹ŒNN‹L‹ŒL‹ŒMLŽŒŒŒÌNKŽMÌÎK‹ŒŒLÌLKL‹ŒL‹ŒMLŽŒŒŒÌŒËŒŽŽ‹KÌÎL‹L‹ŒL‹ŒMLŽŒŒŒÌŒKŒNLÌMËKŒŒŽKL‹ŒL‹ŒMLŽŒŒŒÌŒ‹ŒLÍMÌKŽNLÌMKL‹ŒL‹ŒMLŽŒŒŒÌŒËMLLÌ‹LKŒMŽL‹ŒL‹ŒMLŽŒŒŒÌŽLŽM‹ÌMŒLL‹ŒL‹ŒMLŽŒŒŒÌKŒÍNKKŒLŒKL‹ŒL‹ŒMLŽŒŒŒÌ‹KLLÎNKKÌÎŒKL‹ŒL‹ŒMLŽŒŒŒÌËŒŒL‹ŒL‹ŒMLŽŒŒŒÌŽŽLŽÍ‹ŒÎL‹ŒL‹ŒMLŽŒŒŒÌŽKŽŒMLKŒLŽMNL‹ŒL‹ŒMLŽŒŒŒÌÌKŒÌ‹ŽÌÍÍ‹L‹ŒL‹ŒMLŽŒŒŒÌÌK‹ÌLKNNMKL‹ŒL‹ŒMLŽŒŒŒÌÌ‹ŒŒL‹ŒL‹ŒMLŽŒŒŒÌÌËKŒMÍLËËŒŒŒKL‹ŒL‹ŒMLŽŒŒŒÌÍŒŒL‹ŒL‹ŒMLŽŒŒŒÌÍKŒŒÌŽ‹LKŒÍŒÍÌ‹L‹ŒL‹ŒMLŽŒ